{"type":"FeatureCollection","metadata":{"gemeente":"Alkmaar","slug":"alkmaar","code":"GM0361","generated_at":"2026-08-08T12:05:52.020Z","total_passenger":572,"total_freight":4,"bounds":[4.708305074193114,52.51923636254765,4.926923798100826,52.68237363352037],"operators":["50five","Allego","Alva Charging Services","ChargePoint","DAEN Mobility","E-Flux by Road","Eneco","Fieten","JOLT Energy","Laadnet","Laadpaal24","Lanova Laadpalen","NXT Charging Solutions","NXT50Five","OPCHARGE","Opcharge","Pluq","TotalEnergies","Ubitricity","Van Leeuwen","Vattenfall InCharge","bp pulse","e-VOLTT"]},"features":[{"type":"Feature","geometry":{"type":"Point","coordinates":[4.733918,52.639975]},"properties":{"type":"charge","layer":"passenger","locationId":"91179872","name":"50five-S NL Alkmaar, Jan Van Scorelkade 6","address":"Jan van Scorelkade 6","city":"Alkmaar","operatorName":"50five","maxPowerKw":11,"isMegawatt":false,"status":"AVAILABLE","source":"ndw"}},{"type":"Feature","geometry":{"type":"Point","coordinates":[4.721997,52.633755]},"properties":{"type":"charge","layer":"passenger","locationId":"D826E7BF-BFE1-4807-8B41-8BB74099E484","name":"TNLP005671 - van de Veldelaan 9, Alkmaar","address":"9 van de Veldelaan","city":"Alkmaar","operatorName":"TotalEnergies","maxPowerKw":13,"isMegawatt":false,"status":"AVAILABLE","source":"ndw"}},{"type":"Feature","geometry":{"type":"Point","coordinates":[4.725089,52.627846]},"properties":{"type":"charge","layer":"passenger","locationId":"374DF582-0D63-46DA-903B-A3B38F510FFF","name":"TNLP008969 - Breitnerhof 9, Alkmaar","address":"9 Breitnerhof","city":"Alkmaar","operatorName":"TotalEnergies","maxPowerKw":14,"isMegawatt":false,"status":"AVAILABLE","source":"ndw"}},{"type":"Feature","geometry":{"type":"Point","coordinates":[4.84887,52.58034]},"properties":{"type":"charge","layer":"passenger","locationId":"1498","name":"Shell Recharge NL F. Wiedijk Jznstraat 12","address":"F. Wiedijk Jznstraat 12","city":"Alkmaar","operatorName":"Ubitricity","maxPowerKw":11,"isMegawatt":false,"status":"AVAILABLE","source":"ndw","priceKwh":0.392}},{"type":"Feature","geometry":{"type":"Point","coordinates":[4.765499,52.668676]},"properties":{"type":"charge","layer":"passenger","locationId":"4719983","name":"Laadnet Suze Groenewegstraat","address":"Suze Groenewegstraat 71","city":"Alkmaar","operatorName":"Laadnet","maxPowerKw":22,"isMegawatt":false,"status":"AVAILABLE","source":"ndw"}},{"type":"Feature","geometry":{"type":"Point","coordinates":[4.756626,52.62877]},"properties":{"type":"charge","layer":"passenger","locationId":"F55802F4-7265-42AB-B588-3A6E0B520F2E","name":"TNLP007194 - Veneetse Eiland 14, Alkmaar","address":"14 Veneetse Eiland","city":"Alkmaar","operatorName":"TotalEnergies","maxPowerKw":13,"isMegawatt":false,"status":"AVAILABLE","source":"ndw"}},{"type":"Feature","geometry":{"type":"Point","coordinates":[4.73414,52.62392]},"properties":{"type":"charge","layer":"passenger","locationId":"BBA88C5A-807F-41BF-98CB-833B66391BD9","name":"TNLP009586 - Jan Wilshof 44, Alkmaar","address":"44 Jan Wilshof","city":"Alkmaar","operatorName":"TotalEnergies","maxPowerKw":17,"isMegawatt":false,"status":"AVAILABLE","source":"ndw"}},{"type":"Feature","geometry":{"type":"Point","coordinates":[4.761897,52.645927]},"properties":{"type":"charge","layer":"passenger","locationId":"01B51D64-B1EA-4B74-AF6D-D4F0BA42CDB3","name":"TNLP006933 - Slochterwaard 142, Alkmaar","address":"142 Slochterwaard","city":"Alkmaar","operatorName":"TotalEnergies","maxPowerKw":15,"isMegawatt":false,"status":"AVAILABLE","source":"ndw"}},{"type":"Feature","geometry":{"type":"Point","coordinates":[4.75955,52.64545]},"properties":{"type":"charge","layer":"passenger","locationId":"B3B0F495-1FEC-4FF1-96C2-1F3696388D83","name":"PP005156 - Winkelwaard 494, Alkmaar","address":"494 Winkelwaard","city":"Alkmaar","operatorName":"TotalEnergies","maxPowerKw":13,"isMegawatt":false,"status":"AVAILABLE","source":"ndw"}},{"type":"Feature","geometry":{"type":"Point","coordinates":[4.720404,52.625153]},"properties":{"type":"charge","layer":"passenger","locationId":"B759732B-39DA-4CB0-A70C-F7684DBBC2A9","name":"TNLP008566 - Murillohof 23, Alkmaar","address":"23 Murillohof","city":"Alkmaar","operatorName":"TotalEnergies","maxPowerKw":14,"isMegawatt":false,"status":"AVAILABLE","source":"ndw"}},{"type":"Feature","geometry":{"type":"Point","coordinates":[4.728405,52.626335]},"properties":{"type":"charge","layer":"passenger","locationId":"195F6A14-F34F-4451-A6B6-62383D5E31C6","name":"PP005159 - Westerweg 266, Alkmaar","address":"266 Westerweg","city":"Alkmaar","operatorName":"TotalEnergies","maxPowerKw":15,"isMegawatt":false,"status":"AVAILABLE","source":"ndw"}},{"type":"Feature","geometry":{"type":"Point","coordinates":[4.736196,52.631783]},"properties":{"type":"charge","layer":"passenger","locationId":"EAB9FD79-3DCA-433F-9DBE-6E64B8F4373B","name":"TNLP005922 - Nassauplein 12, Alkmaar","address":"12 Nassauplein","city":"Alkmaar","operatorName":"TotalEnergies","maxPowerKw":13,"isMegawatt":false,"status":"AVAILABLE","source":"ndw"}},{"type":"Feature","geometry":{"type":"Point","coordinates":[4.748501,52.655792]},"properties":{"type":"charge","layer":"passenger","locationId":"68FE6A66-2F0E-44BB-91C7-BA7DB4B24FAC","name":"TNLP009722 - Graveurstraat 2, Alkmaar","address":"2 Graveurstraat","city":"Alkmaar","operatorName":"TotalEnergies","maxPowerKw":13,"isMegawatt":false,"status":"AVAILABLE","source":"ndw"}},{"type":"Feature","geometry":{"type":"Point","coordinates":[4.808627,52.579185]},"properties":{"type":"charge","layer":"passenger","locationId":"47738C47-03DA-496D-B5DB-5D48DD2247A9","name":"TNLP007788 - Driehuizen 3, Driehuizen","address":"3 Driehuizen","city":"Driehuizen","operatorName":"TotalEnergies","maxPowerKw":13,"isMegawatt":false,"status":"CHARGING","source":"ndw"}},{"type":"Feature","geometry":{"type":"Point","coordinates":[4.752306,52.6181]},"properties":{"type":"charge","layer":"passenger","locationId":"d9351db5-53d4-4b35-9682-f3208e68d99c","name":"TNLP008601 - Reinaertlaan 19, Alkmaar","address":"19 Reinaertlaan","city":"Alkmaar","operatorName":"TotalEnergies","maxPowerKw":14,"isMegawatt":false,"status":"UNAVAILABLE","source":"ndw"}},{"type":"Feature","geometry":{"type":"Point","coordinates":[4.77063,52.67211]},"properties":{"type":"charge","layer":"passenger","locationId":"30","name":"Shell Recharge NL Venatorstraat 15","address":"Venatorstraat 15","city":"Alkmaar","operatorName":"Ubitricity","maxPowerKw":11,"isMegawatt":false,"status":"AVAILABLE","source":"ndw","priceKwh":0.392}},{"type":"Feature","geometry":{"type":"Point","coordinates":[4.770246,52.649162]},"properties":{"type":"charge","layer":"passenger","locationId":"EB044996-659A-4E8B-9C7A-640E2F461FAB","name":"TNLP005677 - Leopoldstraat 1, Alkmaar","address":"1 Leopoldstraat","city":"Alkmaar","operatorName":"TotalEnergies","maxPowerKw":13,"isMegawatt":false,"status":"AVAILABLE","source":"ndw"}},{"type":"Feature","geometry":{"type":"Point","coordinates":[4.762869,52.611883]},"properties":{"type":"charge","layer":"passenger","locationId":"6615d31d-5beb-475d-8a28-49f1547a18bc","name":"Laanenderweg","address":"Laanenderweg 65","city":"Alkmaar","operatorName":"Vattenfall InCharge","maxPowerKw":11,"isMegawatt":false,"status":"UNAVAILABLE","source":"ndw","priceKwh":0.4316}},{"type":"Feature","geometry":{"type":"Point","coordinates":[4.751083,52.641403]},"properties":{"type":"charge","layer":"passenger","locationId":"D46EBB0F-F873-4A0E-BC03-1F4003ECA7F6","name":"PP005027 - Broekerwaard 164, Alkmaar","address":"164 Broekerwaard","city":"Alkmaar","operatorName":"TotalEnergies","maxPowerKw":13,"isMegawatt":false,"status":"AVAILABLE","source":"ndw"}},{"type":"Feature","geometry":{"type":"Point","coordinates":[4.744969,52.65213]},"properties":{"type":"charge","layer":"passenger","locationId":"2B78C6C2-8BD3-4AB5-8E71-D0D5CF1BAEAD","name":"TNLP009566 - Wolkammerstraat 21, Alkmaar","address":"21 Wolkammerstraat","city":"Alkmaar","operatorName":"TotalEnergies","maxPowerKw":15,"isMegawatt":false,"status":"AVAILABLE","source":"ndw"}},{"type":"Feature","geometry":{"type":"Point","coordinates":[4.788064,52.648753]},"properties":{"type":"charge","layer":"passenger","locationId":"620f9a7fdc511491f26c6c6a","name":"Miko Koffie Noord-Holland","address":"wezelkoog 10","city":"Alkmaar","operatorName":"E-Flux by Road","maxPowerKw":22,"isMegawatt":false,"status":"AVAILABLE","source":"ndw","priceKwh":0.43}},{"type":"Feature","geometry":{"type":"Point","coordinates":[4.765813,52.661953]},"properties":{"type":"charge","layer":"passenger","locationId":"DE3FA1A1-D104-40B0-8C7D-828CEAABD9A8","name":"TNLP008115 - Korhoenstraat 45, Alkmaar","address":"45 Korhoenstraat","city":"Alkmaar","operatorName":"TotalEnergies","maxPowerKw":15,"isMegawatt":false,"status":"UNAVAILABLE","source":"ndw"}},{"type":"Feature","geometry":{"type":"Point","coordinates":[4.75894,52.616063]},"properties":{"type":"charge","layer":"passenger","locationId":"fa422293-e05d-4e6f-97e2-5a0c978e1ee8","name":"Robijnstraat","address":"Robijnstraat 1","city":"Alkmaar","operatorName":"Vattenfall InCharge","maxPowerKw":50,"isMegawatt":false,"status":"CHARGING","source":"ndw","priceKwh":0.46}},{"type":"Feature","geometry":{"type":"Point","coordinates":[4.722938,52.63486]},"properties":{"type":"charge","layer":"passenger","locationId":"AD0FBF6A-827E-4B4C-AA22-F7A775145705","name":"TNLP008272 - Hobbemalaan 118, Alkmaar","address":"118 Hobbemalaan","city":"Alkmaar","operatorName":"TotalEnergies","maxPowerKw":14,"isMegawatt":false,"status":"UNAVAILABLE","source":"ndw"}},{"type":"Feature","geometry":{"type":"Point","coordinates":[4.747063,52.65329]},"properties":{"type":"charge","layer":"passenger","locationId":"565FB7A0-3638-45CD-88DA-1FDD21841ADC","name":"TNLP007562 - Stempelmakerstraat 18, Alkmaar","address":"18 Stempelmakerstraat","city":"Alkmaar","operatorName":"TotalEnergies","maxPowerKw":15,"isMegawatt":false,"status":"AVAILABLE","source":"ndw"}},{"type":"Feature","geometry":{"type":"Point","coordinates":[4.7381,52.62112]},"properties":{"type":"charge","layer":"passenger","locationId":"61AD1813-83A7-434D-AF6C-C6F010D38C72","name":"PP001644 - Heilooerdijk 23, Alkmaar","address":"23 Heilooerdijk","city":"Alkmaar","operatorName":"TotalEnergies","maxPowerKw":11,"isMegawatt":false,"status":"AVAILABLE","source":"ndw"}},{"type":"Feature","geometry":{"type":"Point","coordinates":[4.759738,52.64708]},"properties":{"type":"charge","layer":"passenger","locationId":"5F448BDF-6AB0-4A6B-A392-0877696464DF","name":"TNLP005744 - Vennewaard 29, Alkmaar","address":"29 Vennewaard","city":"Alkmaar","operatorName":"TotalEnergies","maxPowerKw":13,"isMegawatt":false,"status":"CHARGING","source":"ndw"}},{"type":"Feature","geometry":{"type":"Point","coordinates":[4.755039,52.605687]},"properties":{"type":"charge","layer":"passenger","locationId":"NLLOC018787","name":"Diamantweg 10 Stam & CO","address":"Diamantweg 10","city":"Alkmaar","operatorName":"Allego","maxPowerKw":11,"isMegawatt":false,"status":"AVAILABLE","source":"ndw","priceKwh":0.306}},{"type":"Feature","geometry":{"type":"Point","coordinates":[4.7411,52.62286]},"properties":{"type":"charge","layer":"passenger","locationId":"1570","name":"Shell Recharge NL Mauritskade 6","address":"Mauritskade 6","city":"Alkmaar","operatorName":"Ubitricity","maxPowerKw":11,"isMegawatt":false,"status":"CHARGING","source":"ndw","priceKwh":0.392}},{"type":"Feature","geometry":{"type":"Point","coordinates":[4.734099,52.631642]},"properties":{"type":"charge","layer":"passenger","locationId":"8fbf6260-3c3a-42f8-817b-82d25eef8f61","name":"Lindenlaan","address":"Lindenlaan 130","city":"Alkmaar","operatorName":"Vattenfall InCharge","maxPowerKw":11,"isMegawatt":false,"status":"AVAILABLE","source":"ndw","priceKwh":0.4316}},{"type":"Feature","geometry":{"type":"Point","coordinates":[4.79555,52.65543]},"properties":{"type":"charge","layer":"passenger","locationId":"B911F2FE-ED2B-46A8-9C53-C854B87EF303","name":"Eneco eMobility Broekhuis Alkmaar Autoschade","address":"Berenkoog 64","city":"Alkmaar","operatorName":"Eneco","maxPowerKw":22,"isMegawatt":false,"status":"AVAILABLE","source":"ndw","priceKwh":0.45}},{"type":"Feature","geometry":{"type":"Point","coordinates":[4.763455,52.665616]},"properties":{"type":"charge","layer":"passenger","locationId":"c53c08711288fe863935acfbbbd9a304","name":"Lombardijeweg 97","address":"Lombardijeweg 97","city":"Alkmaar","operatorName":"Vattenfall InCharge","maxPowerKw":11,"isMegawatt":false,"status":"AVAILABLE","source":"ndw","priceKwh":0.2805}},{"type":"Feature","geometry":{"type":"Point","coordinates":[4.726511,52.629944]},"properties":{"type":"charge","layer":"passenger","locationId":"F714925A-E26E-46A0-9C06-ACC7DA64A790","name":"TNLP008570 - Terborchlaan 2, Alkmaar","address":"2 Terborchlaan","city":"Alkmaar","operatorName":"TotalEnergies","maxPowerKw":14,"isMegawatt":false,"status":"AVAILABLE","source":"ndw"}},{"type":"Feature","geometry":{"type":"Point","coordinates":[4.76708,52.671062]},"properties":{"type":"charge","layer":"passenger","locationId":"14AA3E4E-CF04-408C-84F4-253AADAFA428","name":"TNLP009721 - J.M.P.de Biestraat 23, Alkmaar","address":"23 J.M.P.de Biestraat","city":"Alkmaar","operatorName":"TotalEnergies","maxPowerKw":13,"isMegawatt":false,"status":"AVAILABLE","source":"ndw"}},{"type":"Feature","geometry":{"type":"Point","coordinates":[4.754641,52.61653]},"properties":{"type":"charge","layer":"passenger","locationId":"563","name":"Shell Recharge NL Hadewijchstraat 155","address":"Hadewijchstraat 155","city":"Alkmaar","operatorName":"Ubitricity","maxPowerKw":11,"isMegawatt":false,"status":"AVAILABLE","source":"ndw","priceKwh":0.392}},{"type":"Feature","geometry":{"type":"Point","coordinates":[4.81969,52.6123]},"properties":{"type":"charge","layer":"passenger","locationId":"1586","name":"Shell Recharge NL Noordervaart 73","address":"Noordervaart 73","city":"Alkmaar","operatorName":"Ubitricity","maxPowerKw":22,"isMegawatt":false,"status":"AVAILABLE","source":"ndw","priceKwh":0.392}},{"type":"Feature","geometry":{"type":"Point","coordinates":[4.7496996,52.6250387]},"properties":{"type":"charge","layer":"passenger","locationId":"583","name":"Shell Recharge NL Monsigneur Nolensstraat 1","address":"Monsigneur Nolensstraat 1","city":"Alkmaar","operatorName":"Ubitricity","maxPowerKw":11,"isMegawatt":false,"status":"AVAILABLE","source":"ndw","priceKwh":0.392}},{"type":"Feature","geometry":{"type":"Point","coordinates":[4.760065,52.624695]},"properties":{"type":"charge","layer":"passenger","locationId":"B64F2741-8E54-47CB-84C5-63BE4E45842B","name":"PP005100 - Uitenboschstraat 66, Alkmaar","address":"66 Uitenboschstraat","city":"Alkmaar","operatorName":"TotalEnergies","maxPowerKw":13,"isMegawatt":false,"status":"CHARGING","source":"ndw"}},{"type":"Feature","geometry":{"type":"Point","coordinates":[4.8252269,52.6161657]},"properties":{"type":"charge","layer":"passenger","locationId":"1189","name":"Shell Recharge NL Bunder 18","address":"Bunder 18","city":"Stompetoren","operatorName":"Ubitricity","maxPowerKw":22,"isMegawatt":false,"status":"AVAILABLE","source":"ndw","priceKwh":0.267}},{"type":"Feature","geometry":{"type":"Point","coordinates":[4.755892,52.64695]},"properties":{"type":"charge","layer":"passenger","locationId":"82BD6A8D-A84C-4650-8701-D8996E97C4DA","name":"TNLP009668 - Ilpenwaard 127, Alkmaar","address":"127 Ilpenwaard","city":"Alkmaar","operatorName":"TotalEnergies","maxPowerKw":13,"isMegawatt":false,"status":"AVAILABLE","source":"ndw"}},{"type":"Feature","geometry":{"type":"Point","coordinates":[4.743907,52.626973]},"properties":{"type":"charge","layer":"passenger","locationId":"826939a2-06b5-46ae-b72a-90444de93c31","name":"Emmastraat 75","address":"Emmastraat 75","city":"Alkmaar","operatorName":"Vattenfall InCharge","maxPowerKw":11,"isMegawatt":false,"status":"UNAVAILABLE","source":"ndw","priceKwh":0.4316}},{"type":"Feature","geometry":{"type":"Point","coordinates":[4.751672,52.6286922]},"properties":{"type":"charge","layer":"passenger","locationId":"1000","name":"Shell Recharge NL Laat 27","address":"Laat 27","city":"Alkmaar","operatorName":"Ubitricity","maxPowerKw":22,"isMegawatt":false,"status":"AVAILABLE","source":"ndw","priceKwh":0.267}},{"type":"Feature","geometry":{"type":"Point","coordinates":[4.840315,52.554317]},"properties":{"type":"charge","layer":"passenger","locationId":"5ab639e8cf8551c097df2fdd0dfc9015","name":"Bellesloot 73","address":"Bellesloot 73","city":"De Rijp","operatorName":"Vattenfall InCharge","maxPowerKw":11,"isMegawatt":false,"status":"AVAILABLE","source":"ndw","priceKwh":0.2805}},{"type":"Feature","geometry":{"type":"Point","coordinates":[4.7667,52.6182]},"properties":{"type":"charge","layer":"passenger","locationId":"29","name":"Shell Recharge NL Koelmalaan 350","address":"Koelmalaan 350","city":"Alkmaar","operatorName":"Ubitricity","maxPowerKw":11,"isMegawatt":false,"status":"AVAILABLE","source":"ndw","priceKwh":0.392}},{"type":"Feature","geometry":{"type":"Point","coordinates":[4.75184,52.657276]},"properties":{"type":"charge","layer":"passenger","locationId":"6b9937eb4b4862eb005a4563cda6e298","name":"Spilstraat 61F","address":"Spilstraat 61F","city":"Alkmaar","operatorName":"Vattenfall InCharge","maxPowerKw":11,"isMegawatt":false,"status":"AVAILABLE","source":"ndw","priceKwh":0.2805}},{"type":"Feature","geometry":{"type":"Point","coordinates":[4.733869,52.64511]},"properties":{"type":"charge","layer":"passenger","locationId":"932F9C69-FC1A-4200-B227-6D92AE851821","name":"TNLP008366 - Bellinistraat 2, Alkmaar","address":"2 Bellinistraat","city":"Alkmaar","operatorName":"TotalEnergies","maxPowerKw":14,"isMegawatt":false,"status":"AVAILABLE","source":"ndw"}},{"type":"Feature","geometry":{"type":"Point","coordinates":[4.7187203,52.6283858]},"properties":{"type":"charge","layer":"passenger","locationId":"1727","name":"Shell Recharge NL Cornelis Pronklaan 265","address":"Cornelis Pronklaan 265","city":"Alkmaar","operatorName":"Ubitricity","maxPowerKw":22,"isMegawatt":false,"status":"AVAILABLE","source":"ndw","priceKwh":0.267}},{"type":"Feature","geometry":{"type":"Point","coordinates":[4.7582,52.63406]},"properties":{"type":"charge","layer":"passenger","locationId":"105","name":"Shell Recharge NL Gravenweg 86","address":"Gravenweg 86","city":"Alkmaar","operatorName":"Ubitricity","maxPowerKw":11,"isMegawatt":false,"status":"AVAILABLE","source":"ndw","priceKwh":0.392}},{"type":"Feature","geometry":{"type":"Point","coordinates":[4.84268,52.55385]},"properties":{"type":"charge","layer":"passenger","locationId":"541","name":"Shell Recharge NL Bellesloot 27","address":"Bellesloot 27","city":"De Rijp","operatorName":"Ubitricity","maxPowerKw":11,"isMegawatt":false,"status":"AVAILABLE","source":"ndw","priceKwh":0.392}},{"type":"Feature","geometry":{"type":"Point","coordinates":[4.840592,52.555683]},"properties":{"type":"charge","layer":"passenger","locationId":"CD769F96-CCA6-4D15-824B-C0ABA4363EE0","name":"TNLP008326 - Boeijerstraat 12, De Rijp","address":"12 Boeijerstraat","city":"De Rijp","operatorName":"TotalEnergies","maxPowerKw":14,"isMegawatt":false,"status":"AVAILABLE","source":"ndw"}},{"type":"Feature","geometry":{"type":"Point","coordinates":[4.767056,52.632683]},"properties":{"type":"charge","layer":"passenger","locationId":"648E2658-192E-410F-8F15-E603B14933C2","name":"TNLP034087 - Amstelstraat 12, Alkmaar","address":"12 Amstelstraat","city":"Alkmaar","operatorName":"TotalEnergies","maxPowerKw":13,"isMegawatt":false,"status":"UNAVAILABLE","source":"ndw"}},{"type":"Feature","geometry":{"type":"Point","coordinates":[4.773184,52.630772]},"properties":{"type":"charge","layer":"passenger","locationId":"c439d656-4474-4e2c-b9a5-e37b059aff43","name":"PP002986","address":"Herenweg 14","city":"Oudorp","operatorName":"TotalEnergies","maxPowerKw":11,"isMegawatt":false,"status":"AVAILABLE","source":"ndw"}},{"type":"Feature","geometry":{"type":"Point","coordinates":[4.7645547,52.6720258]},"properties":{"type":"charge","layer":"passenger","locationId":"1210","name":"Shell Recharge NL Daalmeereiland 12","address":"Daalmeereiland 12","city":"Alkmaar","operatorName":"Ubitricity","maxPowerKw":22,"isMegawatt":false,"status":"AVAILABLE","source":"ndw","priceKwh":0.267}},{"type":"Feature","geometry":{"type":"Point","coordinates":[4.727468,52.636203]},"properties":{"type":"charge","layer":"passenger","locationId":"5ae16019ee536642229972e6a01d0c1b","name":"Jan van Goyenstraat 43","address":"Jan van Goyenstraat 43","city":"Alkmaar","operatorName":"Vattenfall InCharge","maxPowerKw":11,"isMegawatt":false,"status":"AVAILABLE","source":"ndw","priceKwh":0.2805}},{"type":"Feature","geometry":{"type":"Point","coordinates":[4.7703677,52.66392]},"properties":{"type":"charge","layer":"passenger","locationId":"83","name":"Shell Recharge NL Albatrosweg 65","address":"Albatrosweg 65","city":"Alkmaar","operatorName":"Ubitricity","maxPowerKw":22,"isMegawatt":false,"status":"AVAILABLE","source":"ndw","priceKwh":0.267}},{"type":"Feature","geometry":{"type":"Point","coordinates":[4.740312,52.625637]},"properties":{"type":"charge","layer":"passenger","locationId":"F96A04C2-8551-4FAD-AE62-643BCCAC36E9","name":"TNLP009613 - Van Everdingenstraat 36, Alkmaar","address":"36 Van Everdingenstraat","city":"Alkmaar","operatorName":"TotalEnergies","maxPowerKw":13,"isMegawatt":false,"status":"AVAILABLE","source":"ndw"}},{"type":"Feature","geometry":{"type":"Point","coordinates":[4.75189,52.65349]},"properties":{"type":"charge","layer":"passenger","locationId":"24","name":"Shell Recharge NL Bakkerstraat 77","address":"Bakkerstraat 77","city":"Alkmaar","operatorName":"Ubitricity","maxPowerKw":11,"isMegawatt":false,"status":"AVAILABLE","source":"ndw","priceKwh":0.392}},{"type":"Feature","geometry":{"type":"Point","coordinates":[4.7386497,52.6260029]},"properties":{"type":"charge","layer":"passenger","locationId":"2387","name":"Shell Recharge NL Kennemerstraatweg 97","address":"Kennemerstraatweg 97","city":"Alkmaar","operatorName":"Ubitricity","maxPowerKw":22,"isMegawatt":false,"status":"AVAILABLE","source":"ndw","priceKwh":0.267}},{"type":"Feature","geometry":{"type":"Point","coordinates":[4.751356,52.618984]},"properties":{"type":"charge","layer":"passenger","locationId":"E3797182-59F1-4B6A-A93F-0548220C3A87","name":"TNLP008327 - Asselijnstraat 54, Alkmaar","address":"54 Asselijnstraat","city":"Alkmaar","operatorName":"TotalEnergies","maxPowerKw":14,"isMegawatt":false,"status":"CHARGING","source":"ndw"}},{"type":"Feature","geometry":{"type":"Point","coordinates":[4.73684,52.63552]},"properties":{"type":"charge","layer":"passenger","locationId":"279","name":"Shell Recharge NL Krelagestraat 2","address":"Krelagestraat 2","city":"Alkmaar","operatorName":"Ubitricity","maxPowerKw":11,"isMegawatt":false,"status":"AVAILABLE","source":"ndw","priceKwh":0.392}},{"type":"Feature","geometry":{"type":"Point","coordinates":[4.754833,52.633406]},"properties":{"type":"charge","layer":"passenger","locationId":"656f3ec558c12c001c5e95cd","name":"Groups for Balance","address":"Frieseweg  13","city":"Alkmaar","operatorName":"E-Flux by Road","maxPowerKw":21,"isMegawatt":false,"status":"AVAILABLE","source":"ndw","priceKwh":0.78}},{"type":"Feature","geometry":{"type":"Point","coordinates":[4.7488,52.60987]},"properties":{"type":"charge","layer":"passenger","locationId":"A13535AB-8361-4786-AA5E-0BCC1EDA6079","name":"Eneco eMobility Broekhuis Volkswagen Seat Skoda Alkmaar","address":"Smaragdweg 6-14","city":"Alkmaar","operatorName":"Eneco","maxPowerKw":50,"isMegawatt":false,"status":"AVAILABLE","source":"ndw","priceKwh":0.45}},{"type":"Feature","geometry":{"type":"Point","coordinates":[4.77684,52.63773]},"properties":{"type":"charge","layer":"passenger","locationId":"160","name":"Shell Recharge NL Berkenlaan 18","address":"Berkenlaan 18","city":"Oudorp","operatorName":"Ubitricity","maxPowerKw":11,"isMegawatt":false,"status":"AVAILABLE","source":"ndw","priceKwh":0.392}},{"type":"Feature","geometry":{"type":"Point","coordinates":[4.748382,52.63656]},"properties":{"type":"charge","layer":"passenger","locationId":"3442C1A9-6A08-4396-9182-9A1CEFAD85AA","name":"TNLP009329 - De Jagerstraat 2a, Alkmaar","address":"2a De Jagerstraat","city":"Alkmaar","operatorName":"TotalEnergies","maxPowerKw":15,"isMegawatt":false,"status":"CHARGING","source":"ndw"}},{"type":"Feature","geometry":{"type":"Point","coordinates":[4.7649,52.64481]},"properties":{"type":"charge","layer":"passenger","locationId":"1491","name":"Shell Recharge NL Drechterwaard 151","address":"Drechterwaard 151","city":"Alkmaar","operatorName":"Ubitricity","maxPowerKw":22,"isMegawatt":false,"status":"AVAILABLE","source":"ndw","priceKwh":0.392}},{"type":"Feature","geometry":{"type":"Point","coordinates":[4.72103,52.63106]},"properties":{"type":"charge","layer":"passenger","locationId":"586","name":"Shell Recharge NL Schoumanlaan 1","address":"Schoumanlaan 1","city":"Alkmaar","operatorName":"Ubitricity","maxPowerKw":11,"isMegawatt":false,"status":"AVAILABLE","source":"ndw","priceKwh":0.392}},{"type":"Feature","geometry":{"type":"Point","coordinates":[4.7588,52.62783]},"properties":{"type":"charge","layer":"passenger","locationId":"1596","name":"Shell Recharge NL Oude Trambaan 7","address":"Oude Trambaan 7","city":"Alkmaar","operatorName":"Ubitricity","maxPowerKw":22,"isMegawatt":false,"status":"AVAILABLE","source":"ndw","priceKwh":0.392}},{"type":"Feature","geometry":{"type":"Point","coordinates":[4.7648,52.64651]},"properties":{"type":"charge","layer":"passenger","locationId":"28","name":"Shell Recharge NL Vlietwaard 301","address":"Vlietwaard 301","city":"Alkmaar","operatorName":"Ubitricity","maxPowerKw":11,"isMegawatt":false,"status":"AVAILABLE","source":"ndw","priceKwh":0.392}},{"type":"Feature","geometry":{"type":"Point","coordinates":[4.843341,52.553295]},"properties":{"type":"charge","layer":"passenger","locationId":"EBBF9924-4F6F-4664-927C-F72850E2F28B","name":"TNLP007804 - Heikeshof 69, De Rijp","address":"69 Heikeshof","city":"De Rijp","operatorName":"TotalEnergies","maxPowerKw":15,"isMegawatt":false,"status":"AVAILABLE","source":"ndw"}},{"type":"Feature","geometry":{"type":"Point","coordinates":[4.7528,52.66119]},"properties":{"type":"charge","layer":"passenger","locationId":"349","name":"Shell Recharge NL Spinnerij 32","address":"Spinnerij 32","city":"Alkmaar","operatorName":"Ubitricity","maxPowerKw":11,"isMegawatt":false,"status":"AVAILABLE","source":"ndw","priceKwh":0.392}},{"type":"Feature","geometry":{"type":"Point","coordinates":[4.752457,52.63007]},"properties":{"type":"charge","layer":"passenger","locationId":"4BC4501D-83E9-4CA4-9393-1B4F1A3E6261","name":"TNLP007649 - Nieuwstraat 6, Alkmaar","address":"6 Nieuwstraat","city":"Alkmaar","operatorName":"TotalEnergies","maxPowerKw":15,"isMegawatt":false,"status":"AVAILABLE","source":"ndw"}},{"type":"Feature","geometry":{"type":"Point","coordinates":[4.724654,52.62909]},"properties":{"type":"charge","layer":"passenger","locationId":"77BCB6F5-9643-4A8A-82DE-12E7D41EE084","name":"TNLP008074 - Schelfhoutlaan 25, Alkmaar","address":"25 Schelfhoutlaan","city":"Alkmaar","operatorName":"TotalEnergies","maxPowerKw":13,"isMegawatt":false,"status":"AVAILABLE","source":"ndw"}},{"type":"Feature","geometry":{"type":"Point","coordinates":[4.756647,52.645527]},"properties":{"type":"charge","layer":"passenger","locationId":"7B7A69C2-7E9D-42E4-8A8A-98921D8F7160","name":"TNLP007900 - Koggewaard 143, Alkmaar","address":"143 Koggewaard","city":"Alkmaar","operatorName":"TotalEnergies","maxPowerKw":13,"isMegawatt":false,"status":"AVAILABLE","source":"ndw"}},{"type":"Feature","geometry":{"type":"Point","coordinates":[4.725004,52.634106]},"properties":{"type":"charge","layer":"passenger","locationId":"9D59EF6A-F762-417D-9AD4-CAC610771A52","name":"TNLP008243 - Blanckerhofweg 14, Alkmaar","address":"14 Blanckerhofweg","city":"Alkmaar","operatorName":"TotalEnergies","maxPowerKw":13,"isMegawatt":false,"status":"AVAILABLE","source":"ndw"}},{"type":"Feature","geometry":{"type":"Point","coordinates":[4.766727,52.62977]},"properties":{"type":"charge","layer":"passenger","locationId":"66cf0a54e4c1f0001cd38c3f","name":"Zaptec 11kW openbaar","address":"Scheldestraat 65","city":"Alkmaar","operatorName":"E-Flux by Road","maxPowerKw":12,"isMegawatt":false,"status":"AVAILABLE","source":"ndw","priceKwh":0.35}},{"type":"Feature","geometry":{"type":"Point","coordinates":[4.741906,52.626297]},"properties":{"type":"charge","layer":"passenger","locationId":"1E9EEAD1-7A55-4B4D-AEDB-BCA785C0107C","name":"TNLP005770 - Costerstraat 26, Alkmaar","address":"26 Costerstraat","city":"Alkmaar","operatorName":"TotalEnergies","maxPowerKw":13,"isMegawatt":false,"status":"CHARGING","source":"ndw"}},{"type":"Feature","geometry":{"type":"Point","coordinates":[4.752745,52.628944]},"properties":{"type":"charge","layer":"passenger","locationId":"762615B1-EE9A-4FAC-A1E3-7CAD8AA33711","name":"TNLP007021 - Verdronkenoord 55, Alkmaar","address":"55 Verdronkenoord","city":"Alkmaar","operatorName":"TotalEnergies","maxPowerKw":13,"isMegawatt":false,"status":"CHARGING","source":"ndw"}},{"type":"Feature","geometry":{"type":"Point","coordinates":[4.769831,52.63508]},"properties":{"type":"charge","layer":"passenger","locationId":"47603C06-6E80-46A2-8F6E-939D1A6A7723","name":"TNLP008430 - Beltmolen 24, Alkmaar","address":"24 Beltmolen","city":"Alkmaar","operatorName":"TotalEnergies","maxPowerKw":14,"isMegawatt":false,"status":"AVAILABLE","source":"ndw"}},{"type":"Feature","geometry":{"type":"Point","coordinates":[4.773635,52.671616]},"properties":{"type":"charge","layer":"passenger","locationId":"1742FE06-442D-49C1-994D-17870BEC75D3","name":"PP005023 - Rigolettostraat 52, Alkmaar","address":"52 Rigolettostraat","city":"Alkmaar","operatorName":"TotalEnergies","maxPowerKw":13,"isMegawatt":false,"status":"AVAILABLE","source":"ndw"}},{"type":"Feature","geometry":{"type":"Point","coordinates":[4.756707,52.638744]},"properties":{"type":"charge","layer":"passenger","locationId":"9C6575D9-C6A1-4882-9BE0-276212C9B007","name":"PP005480 - Kwakeloever 23, Alkmaar","address":"23 Kwakeloever","city":"Alkmaar","operatorName":"TotalEnergies","maxPowerKw":13,"isMegawatt":false,"status":"AVAILABLE","source":"ndw"}},{"type":"Feature","geometry":{"type":"Point","coordinates":[4.74367,52.62957]},"properties":{"type":"charge","layer":"passenger","locationId":"51","name":"Shell Recharge NL Kennemerpark 35","address":"Kennemerpark 35","city":"Alkmaar","operatorName":"Ubitricity","maxPowerKw":11,"isMegawatt":false,"status":"AVAILABLE","source":"ndw","priceKwh":0.392}},{"type":"Feature","geometry":{"type":"Point","coordinates":[4.75993,52.65882]},"properties":{"type":"charge","layer":"passenger","locationId":"fedabf93444b12104440a482530727c8","name":"Kwikstaartlaan 39","address":"Kwikstaartlaan 39","city":"Alkmaar","operatorName":"Vattenfall InCharge","maxPowerKw":11,"isMegawatt":false,"status":"AVAILABLE","source":"ndw","priceKwh":0.2805}},{"type":"Feature","geometry":{"type":"Point","coordinates":[4.751534,52.656258]},"properties":{"type":"charge","layer":"passenger","locationId":"B348D477-DDD0-4986-B0DE-F85C381EC539","name":"TNLP009467 - Laan van Brussel 83, Alkmaar","address":"83 Laan van Brussel","city":"Alkmaar","operatorName":"TotalEnergies","maxPowerKw":13,"isMegawatt":false,"status":"AVAILABLE","source":"ndw"}},{"type":"Feature","geometry":{"type":"Point","coordinates":[4.7566759,52.6398582]},"properties":{"type":"charge","layer":"passenger","locationId":"1928","name":"Shell Recharge NL Truus Wijsmuller-Meijerstraat 32","address":"Truus Wijsmuller-Meijerstraat 32","city":"Alkmaar","operatorName":"Ubitricity","maxPowerKw":22,"isMegawatt":false,"status":"CHARGING","source":"ndw","priceKwh":0.267}},{"type":"Feature","geometry":{"type":"Point","coordinates":[4.73959,52.63693]},"properties":{"type":"charge","layer":"passenger","locationId":"50D5E196-82DF-4D65-ADE6-46CA4B841DD6","name":"PP001048 - Stationsweg 54, Alkmaar","address":"54 Stationsweg","city":"Alkmaar","operatorName":"TotalEnergies","maxPowerKw":11,"isMegawatt":false,"status":"AVAILABLE","source":"ndw"}},{"type":"Feature","geometry":{"type":"Point","coordinates":[4.73115,52.64317]},"properties":{"type":"charge","layer":"passenger","locationId":"C8CD9B9D-C470-4181-981C-265A4CC91957","name":"PP005077 - Bernard Zweersstraat 10, Alkmaar","address":"10 Bernard Zweersstraat","city":"Alkmaar","operatorName":"TotalEnergies","maxPowerKw":13,"isMegawatt":false,"status":"AVAILABLE","source":"ndw"}},{"type":"Feature","geometry":{"type":"Point","coordinates":[4.7579,52.63209]},"properties":{"type":"charge","layer":"passenger","locationId":"306","name":"Shell Recharge NL Dr. Scheylaan 16","address":"Dr. Scheylaan 16","city":"Alkmaar","operatorName":"Ubitricity","maxPowerKw":11,"isMegawatt":false,"status":"AVAILABLE","source":"ndw","priceKwh":0.392}},{"type":"Feature","geometry":{"type":"Point","coordinates":[4.737052,52.640938]},"properties":{"type":"charge","layer":"passenger","locationId":"3E12CE3E-9BF7-4A3A-8BFA-0ED6D8EF0E81","name":"TNLP009165 - Chopinstraat 144, Alkmaar","address":"144 Chopinstraat","city":"Alkmaar","operatorName":"TotalEnergies","maxPowerKw":15,"isMegawatt":false,"status":"CHARGING","source":"ndw"}},{"type":"Feature","geometry":{"type":"Point","coordinates":[4.74132,52.628548]},"properties":{"type":"charge","layer":"passenger","locationId":"91228350","name":"50five-S NL 08001009","address":"Orteliuslaan 1000","city":"Utrecht","operatorName":"50five","maxPowerKw":11,"isMegawatt":false,"status":"UNAVAILABLE","source":"ndw"}},{"type":"Feature","geometry":{"type":"Point","coordinates":[4.772374,52.649943]},"properties":{"type":"charge","layer":"passenger","locationId":"922619","name":"DAE-NL-2000049","address":"Bordewijkstraat 19","city":"Alkmaar","operatorName":"DAEN Mobility","maxPowerKw":11,"isMegawatt":false,"status":"AVAILABLE","source":"ndw","priceKwh":0.28}},{"type":"Feature","geometry":{"type":"Point","coordinates":[4.825597,52.617783]},"properties":{"type":"charge","layer":"passenger","locationId":"2BB57DF4-49DB-4FF3-9FB9-487E80E63A13","name":"TNLP008097 - Bovenkruier 13, Stompetoren","address":"13 Bovenkruier","city":"Stompetoren","operatorName":"TotalEnergies","maxPowerKw":15,"isMegawatt":false,"status":"AVAILABLE","source":"ndw"}},{"type":"Feature","geometry":{"type":"Point","coordinates":[4.746842,52.633083]},"properties":{"type":"charge","layer":"passenger","locationId":"5E3E3221-EF91-4FF3-BFFE-8D761D7DB27A","name":"PP001425 - Sint Jorisstraat 13, Alkmaar","address":"13 Sint Jorisstraat","city":"Alkmaar","operatorName":"TotalEnergies","maxPowerKw":13,"isMegawatt":false,"status":"AVAILABLE","source":"ndw"}},{"type":"Feature","geometry":{"type":"Point","coordinates":[4.739571,52.625069]},"properties":{"type":"charge","layer":"passenger","locationId":"66743d6cd2d7ec001cad821d","name":"Noord West Ziekenhuisgroep Labotheek","address":"Juliana van Stolberglaan 13","city":"Alkmaar","operatorName":"Pluq","maxPowerKw":22,"isMegawatt":false,"status":"AVAILABLE","source":"ndw","priceKwh":0.4}},{"type":"Feature","geometry":{"type":"Point","coordinates":[4.766658,52.668034]},"properties":{"type":"charge","layer":"passenger","locationId":"BFF78E07-D3FD-4BBE-89B0-0D24F31E9616","name":"TNLP007821 - Annie Romein-Verschoorstraat 18, Alkmaar","address":"18 Annie Romein-Verschoorstraat","city":"Alkmaar","operatorName":"TotalEnergies","maxPowerKw":15,"isMegawatt":false,"status":"AVAILABLE","source":"ndw"}},{"type":"Feature","geometry":{"type":"Point","coordinates":[4.76658,52.645943]},"properties":{"type":"charge","layer":"passenger","locationId":"DE7945A0-F3FA-459F-9395-82D5D0FB034D","name":"TNLP006487 - Vlietwaard 386, Alkmaar","address":"386 Vlietwaard","city":"Alkmaar","operatorName":"TotalEnergies","maxPowerKw":13,"isMegawatt":false,"status":"AVAILABLE","source":"ndw"}},{"type":"Feature","geometry":{"type":"Point","coordinates":[4.761605,52.674885]},"properties":{"type":"charge","layer":"passenger","locationId":"CA7047DF-5045-4923-AB38-EEECC55DEFFD","name":"TNLP006581 - De Landman 184, Alkmaar","address":"184 De Landman","city":"Alkmaar","operatorName":"TotalEnergies","maxPowerKw":15,"isMegawatt":false,"status":"AVAILABLE","source":"ndw"}},{"type":"Feature","geometry":{"type":"Point","coordinates":[4.778896,52.642487]},"properties":{"type":"charge","layer":"passenger","locationId":"65d713bfcd40e0001c157e75","name":"Gomes Alkmaar - Robbenkoog 2","address":"Robbenkoog 2","city":"Alkmaar","operatorName":"E-Flux by Road","maxPowerKw":150,"isMegawatt":false,"status":"AVAILABLE","source":"ndw","priceKwh":0.43}},{"type":"Feature","geometry":{"type":"Point","coordinates":[4.774539,52.638054]},"properties":{"type":"charge","layer":"passenger","locationId":"1BAA7563-A5A8-4274-B9B9-3A441CB10F6E","name":"TNLP008325 - De Vuyk 95, Oudorp","address":"95 De Vuyk","city":"Oudorp","operatorName":"TotalEnergies","maxPowerKw":14,"isMegawatt":false,"status":"AVAILABLE","source":"ndw"}},{"type":"Feature","geometry":{"type":"Point","coordinates":[4.776635,52.6325]},"properties":{"type":"charge","layer":"passenger","locationId":"EDFF4313-70F5-4703-83FE-A1BECC6BCB68","name":"TNLP006447 - t Wuiver 24, Oudorp","address":"24 t Wuiver","city":"Oudorp","operatorName":"TotalEnergies","maxPowerKw":13,"isMegawatt":false,"status":"AVAILABLE","source":"ndw"}},{"type":"Feature","geometry":{"type":"Point","coordinates":[4.7383,52.62973]},"properties":{"type":"charge","layer":"passenger","locationId":"90","name":"Shell Recharge NL Ropjeskuil 2","address":"Ropjeskuil 2","city":"Alkmaar","operatorName":"Ubitricity","maxPowerKw":11,"isMegawatt":false,"status":"AVAILABLE","source":"ndw","priceKwh":0.392}},{"type":"Feature","geometry":{"type":"Point","coordinates":[4.76031,52.66845]},"properties":{"type":"charge","layer":"passenger","locationId":"50652CFA-5CDA-4481-BC4C-883A77B587B3","name":"PP004141 - Laan van Rome 23, Alkmaar","address":"23 Laan van Rome","city":"Alkmaar","operatorName":"TotalEnergies","maxPowerKw":15,"isMegawatt":false,"status":"AVAILABLE","source":"ndw"}},{"type":"Feature","geometry":{"type":"Point","coordinates":[4.728474,52.63455]},"properties":{"type":"charge","layer":"passenger","locationId":"BE826E81-DBE2-49A9-8B45-4C12B1781939","name":"PP005190 - Van Ostadelaan 16, Alkmaar","address":"16 Van Ostadelaan","city":"Alkmaar","operatorName":"TotalEnergies","maxPowerKw":15,"isMegawatt":false,"status":"AVAILABLE","source":"ndw"}},{"type":"Feature","geometry":{"type":"Point","coordinates":[4.75458,52.61922]},"properties":{"type":"charge","layer":"passenger","locationId":"403","name":"Shell Recharge NL Stalpaertstraat 61","address":"Stalpaertstraat 61","city":"Alkmaar","operatorName":"Ubitricity","maxPowerKw":11,"isMegawatt":false,"status":"AVAILABLE","source":"ndw","priceKwh":0.392}},{"type":"Feature","geometry":{"type":"Point","coordinates":[4.744906,52.649715]},"properties":{"type":"charge","layer":"passenger","locationId":"7D8B9DDD-FA3B-480E-99E8-B4DCEBC58358","name":"TNLP006775 - Houtdraaierstraat 10, Alkmaar","address":"10 Houtdraaierstraat","city":"Alkmaar","operatorName":"TotalEnergies","maxPowerKw":15,"isMegawatt":false,"status":"UNAVAILABLE","source":"ndw"}},{"type":"Feature","geometry":{"type":"Point","coordinates":[4.73617,52.63287]},"properties":{"type":"charge","layer":"passenger","locationId":"EC150D1A-BBF2-41C0-BAD3-BC7D29FCBE8F","name":"PP004328 - Westerweg 23, Alkmaar","address":"23 Westerweg","city":"Alkmaar","operatorName":"TotalEnergies","maxPowerKw":13,"isMegawatt":false,"status":"UNAVAILABLE","source":"ndw"}},{"type":"Feature","geometry":{"type":"Point","coordinates":[4.727826,52.64504]},"properties":{"type":"charge","layer":"passenger","locationId":"66963a1e972da5001c168189","name":"HB Adviesbureau (2x11kW)","address":"Comeniusstraat 7","city":"Alkmaar","operatorName":"NXT Charging Solutions","maxPowerKw":22,"isMegawatt":false,"status":"AVAILABLE","source":"ndw","priceKwh":0.42}},{"type":"Feature","geometry":{"type":"Point","coordinates":[4.785332,52.646665]},"properties":{"type":"charge","layer":"passenger","locationId":"67864520a94e0f6e0da4a843","name":"QCE Vastgoed Station 3","address":"Berenkoog 28","city":"Alkmaar","operatorName":"E-Flux by Road","maxPowerKw":22,"isMegawatt":false,"status":"AVAILABLE","source":"ndw","priceKwh":0.48}},{"type":"Feature","geometry":{"type":"Point","coordinates":[4.739451,52.614669]},"properties":{"type":"charge","layer":"passenger","locationId":"d0983626-4057-496f-890f-a364c8501993","name":"bp pulse De Kooi","address":"Rijksweg A9 9","city":"Alkmaar","operatorName":"bp pulse","maxPowerKw":150,"isMegawatt":false,"status":"AVAILABLE","source":"ndw","priceKwh":0.7}},{"type":"Feature","geometry":{"type":"Point","coordinates":[4.787699,52.651442]},"properties":{"type":"charge","layer":"passenger","locationId":"NLCPIL6891515","name":"LKQ NL BERENKOOG 4","address":"45 Berenkoog","city":"Alkmaar","operatorName":"ChargePoint","maxPowerKw":22,"isMegawatt":false,"status":"UNAVAILABLE","source":"ndw","priceKwh":0.5}},{"type":"Feature","geometry":{"type":"Point","coordinates":[4.78059,52.530716]},"properties":{"type":"charge","layer":"passenger","locationId":"C95003CF-2711-4845-B350-7381A7FA3418","name":"TNLP015140 - Schakelstraat 33, Markenbinnen","address":"33 Schakelstraat","city":"Markenbinnen","operatorName":"TotalEnergies","maxPowerKw":17,"isMegawatt":false,"status":"UNAVAILABLE","source":"ndw"}},{"type":"Feature","geometry":{"type":"Point","coordinates":[4.769891,52.633874]},"properties":{"type":"charge","layer":"passenger","locationId":"3968788","name":"Laadnet Smies Den Helder Beheer","address":"Wipmolen 14","city":"Alkmaar","operatorName":"Laadnet","maxPowerKw":22,"isMegawatt":false,"status":"CHARGING","source":"ndw"}},{"type":"Feature","geometry":{"type":"Point","coordinates":[4.7464743,52.6483712]},"properties":{"type":"charge","layer":"passenger","locationId":"2613","name":"Shell Recharge NL Hovenierstraat 47","address":"Hovenierstraat 47","city":"Alkmaar","operatorName":"Ubitricity","maxPowerKw":22,"isMegawatt":false,"status":"AVAILABLE","source":"ndw","priceKwh":0.267}},{"type":"Feature","geometry":{"type":"Point","coordinates":[4.769186,52.627372]},"properties":{"type":"charge","layer":"passenger","locationId":"91108669","name":"50five-S NL 04001671","address":"Kamerlingh Onnesstraat 2","city":"Alkmaar","operatorName":"50five","maxPowerKw":7,"isMegawatt":false,"status":"UNAVAILABLE","source":"ndw"}},{"type":"Feature","geometry":{"type":"Point","coordinates":[4.772959,52.650619]},"properties":{"type":"charge","layer":"passenger","locationId":"91058456","name":"50five-S NL 07101528","address":"Jan Greshoffstraat 14","city":"Alkmaar","operatorName":"50five","maxPowerKw":14,"isMegawatt":false,"status":"CHARGING","source":"ndw"}},{"type":"Feature","geometry":{"type":"Point","coordinates":[4.769587,52.651997]},"properties":{"type":"charge","layer":"passenger","locationId":"CA2E0F89-A482-485F-808F-7ACA20726C1C","name":"PP005562 - Louis Couperusstraat 207, Alkmaar","address":"207 Louis Couperusstraat","city":"Alkmaar","operatorName":"TotalEnergies","maxPowerKw":13,"isMegawatt":false,"status":"AVAILABLE","source":"ndw"}},{"type":"Feature","geometry":{"type":"Point","coordinates":[4.766236,52.627367]},"properties":{"type":"charge","layer":"passenger","locationId":"90232369","name":"Van Leeuwen GGZ","address":"Edisonweg7","city":"Alkmaar","operatorName":"Van Leeuwen","maxPowerKw":11,"isMegawatt":false,"status":"CHARGING","source":"ndw"}},{"type":"Feature","geometry":{"type":"Point","coordinates":[4.787131,52.651092]},"properties":{"type":"charge","layer":"passenger","locationId":"NLCPIL6881345","name":"LKQ NL BERENKOOG 3","address":"45 Berenkoog","city":"Alkmaar","operatorName":"ChargePoint","maxPowerKw":22,"isMegawatt":false,"status":"AVAILABLE","source":"ndw","priceKwh":0.5}},{"type":"Feature","geometry":{"type":"Point","coordinates":[4.753511,52.64722]},"properties":{"type":"charge","layer":"passenger","locationId":"A782EAFC-B590-42A3-9340-DD76C25332EC","name":"TNLP034685 - Ilpenwaard 18, Alkmaar","address":"18 Ilpenwaard","city":"Alkmaar","operatorName":"TotalEnergies","maxPowerKw":13,"isMegawatt":false,"status":"UNAVAILABLE","source":"ndw"}},{"type":"Feature","geometry":{"type":"Point","coordinates":[4.766537,52.620578]},"properties":{"type":"charge","layer":"passenger","locationId":"1645922","name":"Laadnet de Boorder en Koreman","address":"Herculesstraat 10","city":"Alkmaar","operatorName":"Laadnet","maxPowerKw":11,"isMegawatt":false,"status":"AVAILABLE","source":"ndw"}},{"type":"Feature","geometry":{"type":"Point","coordinates":[4.7718077,52.6285756]},"properties":{"type":"charge","layer":"passenger","locationId":"1670","name":"Shell Recharge NL Plutostraat 4","address":"Plutostraat 4","city":"Oudorp","operatorName":"Ubitricity","maxPowerKw":22,"isMegawatt":false,"status":"AVAILABLE","source":"ndw","priceKwh":0.267}},{"type":"Feature","geometry":{"type":"Point","coordinates":[4.757577,52.67502]},"properties":{"type":"charge","layer":"passenger","locationId":"7BB8AB01-7EDC-400E-BFD8-B674FB2FF1CD","name":"TNLP015399 - Meijersloot 48, Koedijk","address":"48 Meijersloot","city":"Koedijk","operatorName":"TotalEnergies","maxPowerKw":17,"isMegawatt":false,"status":"UNAVAILABLE","source":"ndw"}},{"type":"Feature","geometry":{"type":"Point","coordinates":[4.732405,52.61907]},"properties":{"type":"charge","layer":"passenger","locationId":"9A79898D-222F-452E-892C-3FD7310A2511","name":"TNLP008136 - Kooimeerlaan 2, Alkmaar","address":"2 Kooimeerlaan","city":"Alkmaar","operatorName":"TotalEnergies","maxPowerKw":13,"isMegawatt":false,"status":"UNAVAILABLE","source":"ndw"}},{"type":"Feature","geometry":{"type":"Point","coordinates":[4.74251,52.625221]},"properties":{"type":"charge","layer":"passenger","locationId":"3570136","name":"Laadnet De Zorgcirkel Westerhout","address":"Elisabethtuinen 15","city":"Alkmaar","operatorName":"Laadnet","maxPowerKw":22,"isMegawatt":false,"status":"AVAILABLE","source":"ndw"}},{"type":"Feature","geometry":{"type":"Point","coordinates":[4.75671,52.611856]},"properties":{"type":"charge","layer":"passenger","locationId":"622097355fc4d2c7ca880868","name":"Spruit Extern gebruik","address":"Ivoorstraat 4","city":"Alkmaar","operatorName":"E-Flux by Road","maxPowerKw":11,"isMegawatt":false,"status":"AVAILABLE","source":"ndw","priceKwh":0.48}},{"type":"Feature","geometry":{"type":"Point","coordinates":[4.77118,52.65171]},"properties":{"type":"charge","layer":"passenger","locationId":"1597","name":"Shell Recharge NL P.C. Boutensstraat 158","address":"P.C. Boutensstraat 158","city":"Alkmaar","operatorName":"Ubitricity","maxPowerKw":11,"isMegawatt":false,"status":"AVAILABLE","source":"ndw","priceKwh":0.392}},{"type":"Feature","geometry":{"type":"Point","coordinates":[4.722527,52.639805]},"properties":{"type":"charge","layer":"passenger","locationId":"91179750","name":"50five-S NL Alkmaar, Robonsbosweg 5","address":"Robonsbosweg 5","city":"Alkmaar","operatorName":"50five","maxPowerKw":11,"isMegawatt":false,"status":"AVAILABLE","source":"ndw"}},{"type":"Feature","geometry":{"type":"Point","coordinates":[4.765902,52.630276]},"properties":{"type":"charge","layer":"passenger","locationId":"f7b2b932-510a-4a14-9b33-616024514d39","name":"TNLP008789 - Scheldestraat 45, Alkmaar","address":"45 Scheldestraat","city":"Alkmaar","operatorName":"TotalEnergies","maxPowerKw":14,"isMegawatt":false,"status":"UNAVAILABLE","source":"ndw"}},{"type":"Feature","geometry":{"type":"Point","coordinates":[4.785332,52.646665]},"properties":{"type":"charge","layer":"passenger","locationId":"678643d312d4331e3ba89285","name":"QCE Vastgoed station 1","address":"Berenkoog  28","city":"Almaar","operatorName":"E-Flux by Road","maxPowerKw":22,"isMegawatt":false,"status":"AVAILABLE","source":"ndw","priceKwh":0.48}},{"type":"Feature","geometry":{"type":"Point","coordinates":[4.75054,52.61241]},"properties":{"type":"charge","layer":"passenger","locationId":"6F56C9FC-F029-46B9-9D06-B2235EFAF6B3","name":"Eneco eMobility Dusseldorp BMW - Alkmaar","address":"Koraalstraat 5","city":"Alkmaar","operatorName":"Eneco","maxPowerKw":200,"isMegawatt":false,"status":"AVAILABLE","source":"ndw","priceKwh":0.6}},{"type":"Feature","geometry":{"type":"Point","coordinates":[4.728278,52.64443]},"properties":{"type":"charge","layer":"passenger","locationId":"ACE0119298","name":"ACE0119298","address":"Comeniusstraat 8","city":"Alkmaar","operatorName":"e-VOLTT","maxPowerKw":11,"isMegawatt":false,"status":"AVAILABLE","source":"ndw","priceKwh":0.55}},{"type":"Feature","geometry":{"type":"Point","coordinates":[4.720257,52.626494]},"properties":{"type":"charge","layer":"passenger","locationId":"6ca9360e-4917-4fbc-ac21-2485ed3eec5d","name":"Velasquezhof","address":"Velasquezhof 1","city":"Alkmaar","operatorName":"Vattenfall InCharge","maxPowerKw":11,"isMegawatt":false,"status":"AVAILABLE","source":"ndw","priceKwh":0.4316}},{"type":"Feature","geometry":{"type":"Point","coordinates":[4.721573,52.63878]},"properties":{"type":"charge","layer":"passenger","locationId":"5DE60B4E-5518-4225-BF00-76E75585264D","name":"TNLP007898 - Robonsbosweg 11, Alkmaar","address":"11 Robonsbosweg","city":"Alkmaar","operatorName":"TotalEnergies","maxPowerKw":15,"isMegawatt":false,"status":"AVAILABLE","source":"ndw"}},{"type":"Feature","geometry":{"type":"Point","coordinates":[4.759047,52.655647]},"properties":{"type":"charge","layer":"passenger","locationId":"66ebd68e9e4c9b001c651881","name":"NXT 50five - Alkmaar - Europaweg 1 - DC","address":"Europaweg 1","city":"Alkmaar","operatorName":"NXT50Five","maxPowerKw":300,"isMegawatt":false,"status":"CHARGING","source":"ndw","priceKwh":0.63}},{"type":"Feature","geometry":{"type":"Point","coordinates":[4.738698,52.63028]},"properties":{"type":"charge","layer":"passenger","locationId":"8282DC1A-EA97-4374-BF60-E46995429D2D","name":"TNLP008336 - Egelenburgerlaan 5, Alkmaar","address":"5 Egelenburgerlaan","city":"Alkmaar","operatorName":"TotalEnergies","maxPowerKw":13,"isMegawatt":false,"status":"AVAILABLE","source":"ndw"}},{"type":"Feature","geometry":{"type":"Point","coordinates":[4.74805,52.62099]},"properties":{"type":"charge","layer":"passenger","locationId":"49513a19350c45988b8fdb5b73c77b3c","name":"Alkmaar Prinsenhof ","address":"Willem de Zwijgerlaan 215/337","city":"Alkmaar","operatorName":"Opcharge","maxPowerKw":22,"isMegawatt":false,"status":"AVAILABLE","source":"ndw","priceKwh":0.49}},{"type":"Feature","geometry":{"type":"Point","coordinates":[4.73672,52.63671]},"properties":{"type":"charge","layer":"passenger","locationId":"8349D7F6-9809-4DAC-AB1A-AD7B2BC01C77","name":"Laadplein - TNLP005723 - Van Teylingenstraat 8, Alkmaar","address":"8 Van Teylingenstraat","city":"Alkmaar","operatorName":"TotalEnergies","maxPowerKw":15,"isMegawatt":false,"status":"AVAILABLE","source":"ndw"}},{"type":"Feature","geometry":{"type":"Point","coordinates":[4.73687,52.63973]},"properties":{"type":"charge","layer":"passenger","locationId":"132","name":"Shell Recharge NL Jan van Scorelkade 16","address":"Jan van Scorelkade 16","city":"Alkmaar","operatorName":"Ubitricity","maxPowerKw":11,"isMegawatt":false,"status":"AVAILABLE","source":"ndw","priceKwh":0.392}},{"type":"Feature","geometry":{"type":"Point","coordinates":[4.851135,52.555783]},"properties":{"type":"charge","layer":"passenger","locationId":"b25fabaa07c831af464afdfd1aed412b","name":"Baanakker 17","address":"Baanakker 17","city":"De Rijp","operatorName":"Vattenfall InCharge","maxPowerKw":11,"isMegawatt":false,"status":"AVAILABLE","source":"ndw","priceKwh":0.2805}},{"type":"Feature","geometry":{"type":"Point","coordinates":[4.7767718,52.6641874]},"properties":{"type":"charge","layer":"passenger","locationId":"952","name":"Shell Recharge NL Zaaijweide 30","address":"Zaaijweide 30","city":"Alkmaar","operatorName":"Ubitricity","maxPowerKw":22,"isMegawatt":false,"status":"AVAILABLE","source":"ndw","priceKwh":0.267}},{"type":"Feature","geometry":{"type":"Point","coordinates":[4.73716,52.6281]},"properties":{"type":"charge","layer":"passenger","locationId":"1662","name":"Shell Recharge NL Wilheminalaan 12","address":"Wilheminalaan 12","city":"Alkmaar","operatorName":"Ubitricity","maxPowerKw":22,"isMegawatt":false,"status":"AVAILABLE","source":"ndw","priceKwh":0.392}},{"type":"Feature","geometry":{"type":"Point","coordinates":[4.7688836,52.6652594]},"properties":{"type":"charge","layer":"passenger","locationId":"1854","name":"Shell Recharge NL Belle van Zuylenplein 21","address":"Belle van Zuylenplein 21","city":"Alkmaar","operatorName":"Ubitricity","maxPowerKw":22,"isMegawatt":false,"status":"AVAILABLE","source":"ndw","priceKwh":0.267}},{"type":"Feature","geometry":{"type":"Point","coordinates":[4.743776,52.62263]},"properties":{"type":"charge","layer":"passenger","locationId":"395B0347-3027-458F-847F-4B8447E80E4E","name":"TNLP009577 - Frederik Hendriklaan 2, Alkmaar","address":"2 Frederik Hendriklaan","city":"Alkmaar","operatorName":"TotalEnergies","maxPowerKw":15,"isMegawatt":false,"status":"AVAILABLE","source":"ndw"}},{"type":"Feature","geometry":{"type":"Point","coordinates":[4.7729771,52.6579569]},"properties":{"type":"charge","layer":"passenger","locationId":"2218","name":"Shell Recharge NL Kerksloot 18","address":"Kerksloot 18","city":"Alkmaar","operatorName":"Ubitricity","maxPowerKw":22,"isMegawatt":false,"status":"AVAILABLE","source":"ndw","priceKwh":0.267}},{"type":"Feature","geometry":{"type":"Point","coordinates":[4.7683,52.63541]},"properties":{"type":"charge","layer":"passenger","locationId":"87","name":"Shell Recharge NL Beltmolen 6","address":"Beltmolen 6","city":"Alkmaar","operatorName":"Ubitricity","maxPowerKw":11,"isMegawatt":false,"status":"AVAILABLE","source":"ndw","priceKwh":0.392}},{"type":"Feature","geometry":{"type":"Point","coordinates":[4.7338105,52.6203162]},"properties":{"type":"charge","layer":"passenger","locationId":"66","name":"Shell Recharge NL Kennemerstraatweg 263","address":"Kennemerstraatweg 263","city":"Alkmaar","operatorName":"Ubitricity","maxPowerKw":11,"isMegawatt":false,"status":"CHARGING","source":"ndw","priceKwh":0.392}},{"type":"Feature","geometry":{"type":"Point","coordinates":[4.84953,52.58247]},"properties":{"type":"charge","layer":"passenger","locationId":"57","name":"Shell Recharge NL Scheepjeserf 5","address":"Scheepjeserf 5","city":"Grootschermer","operatorName":"Ubitricity","maxPowerKw":11,"isMegawatt":false,"status":"AVAILABLE","source":"ndw","priceKwh":0.392}},{"type":"Feature","geometry":{"type":"Point","coordinates":[4.742668,52.63391]},"properties":{"type":"charge","layer":"passenger","locationId":"38AB4AB0-4A5C-4E07-B817-EE3D69ED26D0","name":"TNLP007253 - Molenbuurt 24, Alkmaar","address":"24 Molenbuurt","city":"Alkmaar","operatorName":"TotalEnergies","maxPowerKw":15,"isMegawatt":false,"status":"AVAILABLE","source":"ndw"}},{"type":"Feature","geometry":{"type":"Point","coordinates":[4.746041,52.6339886]},"properties":{"type":"charge","layer":"passenger","locationId":"1949","name":"Shell Recharge NL Koningsweg 100","address":"Koningsweg 100","city":"Alkmaar","operatorName":"Ubitricity","maxPowerKw":22,"isMegawatt":false,"status":"AVAILABLE","source":"ndw","priceKwh":0.267}},{"type":"Feature","geometry":{"type":"Point","coordinates":[4.731477,52.639427]},"properties":{"type":"charge","layer":"passenger","locationId":"5557D3FA-23A0-44AB-B007-1BD05D3F5F0A","name":"TNLP007554 - Bisschop Bottemanneplein 2, Alkmaar","address":"2 Bisschop Bottemanneplein","city":"Alkmaar","operatorName":"TotalEnergies","maxPowerKw":15,"isMegawatt":false,"status":"AVAILABLE","source":"ndw"}},{"type":"Feature","geometry":{"type":"Point","coordinates":[4.76564,52.6494]},"properties":{"type":"charge","layer":"passenger","locationId":"84","name":"Shell Recharge NL Ida Gerhardtstraat 50","address":"Ida Gerhardtstraat 50","city":"Alkmaar","operatorName":"Ubitricity","maxPowerKw":11,"isMegawatt":false,"status":"AVAILABLE","source":"ndw","priceKwh":0.392}},{"type":"Feature","geometry":{"type":"Point","coordinates":[4.728084,52.63912]},"properties":{"type":"charge","layer":"passenger","locationId":"1181586","name":"Van Leeuwen 63537349","address":"Oude hoeverweg 10","city":"Alkmaar","operatorName":"Van Leeuwen","maxPowerKw":22,"isMegawatt":false,"status":"AVAILABLE","source":"ndw"}},{"type":"Feature","geometry":{"type":"Point","coordinates":[4.766716,52.665526]},"properties":{"type":"charge","layer":"passenger","locationId":"6826fa7fcc9f53d7938adb76","name":"NXT 50five - Alkmaar - Johanna Naberstraat 43 - DC","address":"Johanna Naberstraat 43","city":"Alkmaar","operatorName":"NXT50Five","maxPowerKw":50,"isMegawatt":false,"status":"AVAILABLE","source":"ndw","priceKwh":0.63}},{"type":"Feature","geometry":{"type":"Point","coordinates":[4.856871,52.560055]},"properties":{"type":"charge","layer":"passenger","locationId":"659D22DE-3D7B-453C-A7DF-F2BE4F176B38","name":"TNLP007961 - Oosteinde 31, De Rijp","address":"31 Oosteinde","city":"De Rijp","operatorName":"TotalEnergies","maxPowerKw":15,"isMegawatt":false,"status":"AVAILABLE","source":"ndw"}},{"type":"Feature","geometry":{"type":"Point","coordinates":[4.72823,52.64026]},"properties":{"type":"charge","layer":"passenger","locationId":"191F2957-1D5F-4561-B949-D07EF9FF8F88","name":"PP005048 - Rogier van der Weydestraat 4A, Alkmaar","address":"4A Rogier van der Weydestraat","city":"Alkmaar","operatorName":"TotalEnergies","maxPowerKw":15,"isMegawatt":false,"status":"AVAILABLE","source":"ndw"}},{"type":"Feature","geometry":{"type":"Point","coordinates":[4.7961698,52.5539288]},"properties":{"type":"charge","layer":"passenger","locationId":"1070","name":"Shell Recharge NL Pieter Pieterzoon Kroonstraat 14","address":"Pieter Pieterzoon Kroonstraat 14","city":"West-Graftdijk","operatorName":"Ubitricity","maxPowerKw":22,"isMegawatt":false,"status":"AVAILABLE","source":"ndw","priceKwh":0.267}},{"type":"Feature","geometry":{"type":"Point","coordinates":[4.761252,52.624798]},"properties":{"type":"charge","layer":"passenger","locationId":"6eeba03d25a71057d6666d5989ea78eb","name":"Zeglishof 4","address":"Zeglishof 4","city":"Alkmaar","operatorName":"Vattenfall InCharge","maxPowerKw":11,"isMegawatt":false,"status":"AVAILABLE","source":"ndw","priceKwh":0.2805}},{"type":"Feature","geometry":{"type":"Point","coordinates":[4.7198346,52.6294266]},"properties":{"type":"charge","layer":"passenger","locationId":"543","name":"Shell Recharge NL Cornelis Pronklaan 149","address":"Cornelis Pronklaan 149","city":"Alkmaar","operatorName":"Ubitricity","maxPowerKw":11,"isMegawatt":false,"status":"AVAILABLE","source":"ndw","priceKwh":0.392}},{"type":"Feature","geometry":{"type":"Point","coordinates":[4.760326,52.62677]},"properties":{"type":"charge","layer":"passenger","locationId":"325B97D1-0B70-468D-BDAA-5D7F1DFA5E8E","name":"TNLP005726 - Scheepsjagerstraat 51, Alkmaar","address":"51 Scheepsjagerstraat","city":"Alkmaar","operatorName":"TotalEnergies","maxPowerKw":13,"isMegawatt":false,"status":"AVAILABLE","source":"ndw"}},{"type":"Feature","geometry":{"type":"Point","coordinates":[4.73875,52.64201]},"properties":{"type":"charge","layer":"passenger","locationId":"179","name":"Shell Recharge NL Chopinstraat 160","address":"Chopinstraat 160","city":"Alkmaar","operatorName":"Ubitricity","maxPowerKw":11,"isMegawatt":false,"status":"AVAILABLE","source":"ndw","priceKwh":0.392}},{"type":"Feature","geometry":{"type":"Point","coordinates":[4.74379,52.61609]},"properties":{"type":"charge","layer":"passenger","locationId":"1465B626-7D78-449D-B629-718488278800","name":"TNLP005859 - Rhijnvis Feithlaan 114, Alkmaar","address":"114 Rhijnvis Feithlaan","city":"Alkmaar","operatorName":"TotalEnergies","maxPowerKw":15,"isMegawatt":false,"status":"AVAILABLE","source":"ndw"}},{"type":"Feature","geometry":{"type":"Point","coordinates":[4.74524,52.63762]},"properties":{"type":"charge","layer":"passenger","locationId":"401","name":"Shell Recharge NL Stationsweg 164","address":"Stationsweg 164","city":"Alkmaar","operatorName":"Ubitricity","maxPowerKw":11,"isMegawatt":false,"status":"AVAILABLE","source":"ndw","priceKwh":0.392}},{"type":"Feature","geometry":{"type":"Point","coordinates":[4.766254,52.672436]},"properties":{"type":"charge","layer":"passenger","locationId":"F886F8AE-E9F8-402A-8C9A-7D5BA98673E2","name":"PP004118 - Pater Schiphorststraat 1, Alkmaar","address":"1 Pater Schiphorststraat","city":"Alkmaar","operatorName":"TotalEnergies","maxPowerKw":13,"isMegawatt":false,"status":"AVAILABLE","source":"ndw"}},{"type":"Feature","geometry":{"type":"Point","coordinates":[4.75657,52.67114]},"properties":{"type":"charge","layer":"passenger","locationId":"55","name":"Shell Recharge NL De Klip 1","address":"De Klip 1","city":"Koedijk","operatorName":"Ubitricity","maxPowerKw":11,"isMegawatt":false,"status":"AVAILABLE","source":"ndw","priceKwh":0.392}},{"type":"Feature","geometry":{"type":"Point","coordinates":[4.778317,52.64653]},"properties":{"type":"charge","layer":"passenger","locationId":"ED089A9E-B602-45A3-989A-65FDA41F21F4","name":"TNLP007715 - Wierde 4, Alkmaar","address":"4 Wierde","city":"Alkmaar","operatorName":"TotalEnergies","maxPowerKw":15,"isMegawatt":false,"status":"AVAILABLE","source":"ndw"}},{"type":"Feature","geometry":{"type":"Point","coordinates":[4.74622,52.62988]},"properties":{"type":"charge","layer":"passenger","locationId":"2A73CB4F-4994-4529-9887-7BCC14F7C2A1","name":"PP004150 - Oudegracht 188, Alkmaar","address":"188 Oudegracht","city":"Alkmaar","operatorName":"TotalEnergies","maxPowerKw":13,"isMegawatt":false,"status":"AVAILABLE","source":"ndw"}},{"type":"Feature","geometry":{"type":"Point","coordinates":[4.812034,52.609256]},"properties":{"type":"charge","layer":"passenger","locationId":"4129375","name":"Laadnet Mko Tech","address":"Melkweg 20","city":"Stompetoren","operatorName":"Laadnet","maxPowerKw":11,"isMegawatt":false,"status":"AVAILABLE","source":"ndw"}},{"type":"Feature","geometry":{"type":"Point","coordinates":[4.893034,52.59892]},"properties":{"type":"charge","layer":"passenger","locationId":"AC6B4CB6-11BF-4450-BD21-28D5381DA27B","name":"TNLP006631 - Pinksterblomstraat 81, Schermerhorn","address":"81 Pinksterblomstraat","city":"Schermerhorn","operatorName":"TotalEnergies","maxPowerKw":13,"isMegawatt":false,"status":"AVAILABLE","source":"ndw"}},{"type":"Feature","geometry":{"type":"Point","coordinates":[4.822022,52.61425]},"properties":{"type":"charge","layer":"passenger","locationId":"78AE442D-4936-485F-8C6A-E179F7BA18ED","name":"TNLP006405 - Akker 37, Stompetoren","address":"37 Akker","city":"Stompetoren","operatorName":"TotalEnergies","maxPowerKw":13,"isMegawatt":false,"status":"AVAILABLE","source":"ndw"}},{"type":"Feature","geometry":{"type":"Point","coordinates":[4.744613,52.61798]},"properties":{"type":"charge","layer":"passenger","locationId":"5F665845-9AA7-4E8C-8468-58E6B590431A","name":"PP005636 - Huibert Pootlaan 4, Alkmaar","address":"4 Huibert Pootlaan","city":"Alkmaar","operatorName":"TotalEnergies","maxPowerKw":13,"isMegawatt":false,"status":"AVAILABLE","source":"ndw"}},{"type":"Feature","geometry":{"type":"Point","coordinates":[4.74007,52.65049]},"properties":{"type":"charge","layer":"passenger","locationId":"386","name":"Shell Recharge NL James Wattstraat 22","address":"James Wattstraat 22","city":"Alkmaar","operatorName":"Ubitricity","maxPowerKw":11,"isMegawatt":false,"status":"AVAILABLE","source":"ndw","priceKwh":0.392}},{"type":"Feature","geometry":{"type":"Point","coordinates":[4.75966,52.64963]},"properties":{"type":"charge","layer":"passenger","locationId":"B8AE222A-5255-4245-B6ED-987FD4AFFF38","name":"PP005040 - Vliestroom 31, Alkmaar","address":"31 Vliestroom","city":"Alkmaar","operatorName":"TotalEnergies","maxPowerKw":15,"isMegawatt":false,"status":"AVAILABLE","source":"ndw"}},{"type":"Feature","geometry":{"type":"Point","coordinates":[4.7768,52.63112]},"properties":{"type":"charge","layer":"passenger","locationId":"327","name":"Shell Recharge NL Siriusstraat 1","address":"Siriusstraat 1","city":"Oudorp","operatorName":"Ubitricity","maxPowerKw":11,"isMegawatt":false,"status":"AVAILABLE","source":"ndw","priceKwh":0.392}},{"type":"Feature","geometry":{"type":"Point","coordinates":[4.7422079,52.622048]},"properties":{"type":"charge","layer":"passenger","locationId":"690","name":"Shell Recharge NL Charlotte de Bourbonstraat 10","address":"Charlotte de Bourbonstraat 10","city":"Alkmaar","operatorName":"Ubitricity","maxPowerKw":11,"isMegawatt":false,"status":"AVAILABLE","source":"ndw","priceKwh":0.392}},{"type":"Feature","geometry":{"type":"Point","coordinates":[4.7645163,52.6235949]},"properties":{"type":"charge","layer":"passenger","locationId":"641","name":"Shell Recharge NL Bestervaerstraat 7","address":"Bestervaerstraat 7","city":"Alkmaar","operatorName":"Ubitricity","maxPowerKw":11,"isMegawatt":false,"status":"AVAILABLE","source":"ndw","priceKwh":0.392}},{"type":"Feature","geometry":{"type":"Point","coordinates":[4.749654,52.623306]},"properties":{"type":"charge","layer":"passenger","locationId":"CB3E9CAB-B942-4507-8508-304B66B57793","name":"TNLP015050 - Moddermanstraat 11, Alkmaar","address":"11 Moddermanstraat","city":"Alkmaar","operatorName":"TotalEnergies","maxPowerKw":13,"isMegawatt":false,"status":"AVAILABLE","source":"ndw"}},{"type":"Feature","geometry":{"type":"Point","coordinates":[4.78022,52.53069]},"properties":{"type":"charge","layer":"passenger","locationId":"6A601E1F-A84E-4810-8B6E-EDEAEBCEE624","name":"PP004130 - Schakelstraat 14, Markenbinnen","address":"14 Schakelstraat","city":"Markenbinnen","operatorName":"TotalEnergies","maxPowerKw":11,"isMegawatt":false,"status":"UNAVAILABLE","source":"ndw"}},{"type":"Feature","geometry":{"type":"Point","coordinates":[4.71768,52.62943]},"properties":{"type":"charge","layer":"passenger","locationId":"831bce774349528f6e1e4b7e984f126a","name":"Horstoklaan 34","address":"Horstoklaan 34","city":"Alkmaar","operatorName":"Vattenfall InCharge","maxPowerKw":11,"isMegawatt":false,"status":"AVAILABLE","source":"ndw","priceKwh":0.2805}},{"type":"Feature","geometry":{"type":"Point","coordinates":[4.715591,52.63433]},"properties":{"type":"charge","layer":"passenger","locationId":"1302B3E1-525F-4C2A-B8C3-4475B055B68F","name":"TNLP008321 - Terborchlaan 202, Alkmaar","address":"202 Terborchlaan","city":"Alkmaar","operatorName":"TotalEnergies","maxPowerKw":14,"isMegawatt":false,"status":"AVAILABLE","source":"ndw"}},{"type":"Feature","geometry":{"type":"Point","coordinates":[4.763811,52.63459]},"properties":{"type":"charge","layer":"passenger","locationId":"BD102EC8-6660-4381-A019-0609E6BCA194","name":"TNLP009469 - Moermontlaan 2, Alkmaar","address":"2 Moermontlaan","city":"Alkmaar","operatorName":"TotalEnergies","maxPowerKw":15,"isMegawatt":false,"status":"AVAILABLE","source":"ndw"}},{"type":"Feature","geometry":{"type":"Point","coordinates":[4.771523,52.652504]},"properties":{"type":"charge","layer":"passenger","locationId":"32421E76-B13F-44C6-8125-8DC64BF16D30","name":"TNLP015284 - P.C. Boutensstraat 100, Alkmaar","address":"100 P.C. Boutensstraat","city":"Alkmaar","operatorName":"TotalEnergies","maxPowerKw":17,"isMegawatt":false,"status":"UNAVAILABLE","source":"ndw"}},{"type":"Feature","geometry":{"type":"Point","coordinates":[4.7565034,52.6177222]},"properties":{"type":"charge","layer":"passenger","locationId":"822","name":"Shell Recharge NL Lorreinenlaan 28","address":"Lorreinenlaan 28","city":"Alkmaar","operatorName":"Ubitricity","maxPowerKw":22,"isMegawatt":false,"status":"AVAILABLE","source":"ndw","priceKwh":0.267}},{"type":"Feature","geometry":{"type":"Point","coordinates":[4.780274,52.649113]},"properties":{"type":"charge","layer":"passenger","locationId":"33C8D603-E8D4-410D-9E1F-B0A5269CE5AF","name":"TNLP007045 - Getij 1, Alkmaar","address":"1 Getij","city":"Alkmaar","operatorName":"TotalEnergies","maxPowerKw":13,"isMegawatt":false,"status":"AVAILABLE","source":"ndw"}},{"type":"Feature","geometry":{"type":"Point","coordinates":[4.7554464,52.6600379]},"properties":{"type":"charge","layer":"passenger","locationId":"1131","name":"Shell Recharge NL Rottumstraat 32","address":"Rottumstraat 32","city":"Alkmaar","operatorName":"Ubitricity","maxPowerKw":22,"isMegawatt":false,"status":"AVAILABLE","source":"ndw","priceKwh":0.267}},{"type":"Feature","geometry":{"type":"Point","coordinates":[4.8456595,52.5549883]},"properties":{"type":"charge","layer":"passenger","locationId":"1440","name":"Shell Recharge NL De Dillenburg 34","address":"De Dillenburg 34","city":"De Rijp","operatorName":"Ubitricity","maxPowerKw":22,"isMegawatt":false,"status":"AVAILABLE","source":"ndw","priceKwh":0.267}},{"type":"Feature","geometry":{"type":"Point","coordinates":[4.827468,52.61744]},"properties":{"type":"charge","layer":"passenger","locationId":"5234A11D-3B1A-4661-A3F6-7FCFA351A26C","name":"PP005325 - Binnenkruier 130, Stompetoren","address":"130 Binnenkruier","city":"Stompetoren","operatorName":"TotalEnergies","maxPowerKw":15,"isMegawatt":false,"status":"UNAVAILABLE","source":"ndw"}},{"type":"Feature","geometry":{"type":"Point","coordinates":[4.848179,52.554665]},"properties":{"type":"charge","layer":"passenger","locationId":"634F103E-DB39-49A7-8050-114E933BDC33","name":"TNLP009292 - Jan Ploegerplein 2b, De Rijp","address":"2b Jan Ploegerplein","city":"De Rijp","operatorName":"TotalEnergies","maxPowerKw":15,"isMegawatt":false,"status":"AVAILABLE","source":"ndw"}},{"type":"Feature","geometry":{"type":"Point","coordinates":[4.742684,52.609292]},"properties":{"type":"charge","layer":"passenger","locationId":"2410346","name":"Laadnet HBEST automotive","address":"Parelweg 4","city":"Alkmaar","operatorName":"Laadnet","maxPowerKw":22,"isMegawatt":false,"status":"AVAILABLE","source":"ndw"}},{"type":"Feature","geometry":{"type":"Point","coordinates":[4.72538,52.64421]},"properties":{"type":"charge","layer":"passenger","locationId":"1524","name":"Shell Recharge NL Jan Ligthartstraat 4","address":"Jan Ligthartstraat 4","city":"Alkmaar","operatorName":"Ubitricity","maxPowerKw":22,"isMegawatt":false,"status":"AVAILABLE","source":"ndw","priceKwh":0.392}},{"type":"Feature","geometry":{"type":"Point","coordinates":[4.72891,52.63868]},"properties":{"type":"charge","layer":"passenger","locationId":"1595","name":"Shell Recharge NL Oude Hoeverweg 27","address":"Oude Hoeverweg 27","city":"Alkmaar","operatorName":"Ubitricity","maxPowerKw":11,"isMegawatt":false,"status":"AVAILABLE","source":"ndw","priceKwh":0.392}},{"type":"Feature","geometry":{"type":"Point","coordinates":[4.74225,52.63707]},"properties":{"type":"charge","layer":"passenger","locationId":"587","name":"Shell Recharge NL Snaarmanslaan 71","address":"Snaarmanslaan 71","city":"Alkmaar","operatorName":"Ubitricity","maxPowerKw":11,"isMegawatt":false,"status":"AVAILABLE","source":"ndw","priceKwh":0.392}},{"type":"Feature","geometry":{"type":"Point","coordinates":[4.73599,52.6413]},"properties":{"type":"charge","layer":"passenger","locationId":"1474","name":"Shell Recharge NL Chopinstraat 9","address":"Chopinstraat 9","city":"Alkmaar","operatorName":"Ubitricity","maxPowerKw":22,"isMegawatt":false,"status":"AVAILABLE","source":"ndw","priceKwh":0.392}},{"type":"Feature","geometry":{"type":"Point","coordinates":[4.75,52.60979]},"properties":{"type":"charge","layer":"passenger","locationId":"C5FC8100-F8F0-4B50-A4D5-5041505FC04A","name":"Eneco eMobility Broekhuis Occasioncentrum Alkmaar","address":"Smaragdweg 6-14","city":"Alkmaar","operatorName":"Eneco","maxPowerKw":11,"isMegawatt":false,"status":"AVAILABLE","source":"ndw","priceKwh":0.45}},{"type":"Feature","geometry":{"type":"Point","coordinates":[4.74715,52.64409]},"properties":{"type":"charge","layer":"passenger","locationId":"328","name":"Shell Recharge NL Hargewaard 28","address":"Hargewaard 28","city":"Alkmaar","operatorName":"Ubitricity","maxPowerKw":11,"isMegawatt":false,"status":"AVAILABLE","source":"ndw","priceKwh":0.392}},{"type":"Feature","geometry":{"type":"Point","coordinates":[4.746127,52.617416]},"properties":{"type":"charge","layer":"passenger","locationId":"14698681-5ad2-425a-b587-e2e69668a4c5","name":"Van Harenlaan","address":"Van Harenlaan 26","city":"Alkmaar","operatorName":"Vattenfall InCharge","maxPowerKw":11,"isMegawatt":false,"status":"UNAVAILABLE","source":"ndw","priceKwh":0.4316}},{"type":"Feature","geometry":{"type":"Point","coordinates":[4.753872,52.603438]},"properties":{"type":"charge","layer":"passenger","locationId":"645e12fef88e3d0012cbe952","name":"NXT Charge - Alkmaar - Diamantweg 18 - AC","address":"Diamantweg 18","city":"Alkmaar","operatorName":"NXT Charging Solutions","maxPowerKw":22,"isMegawatt":false,"status":"AVAILABLE","source":"ndw","priceKwh":0.46}},{"type":"Feature","geometry":{"type":"Point","coordinates":[4.757675,52.667279]},"properties":{"type":"charge","layer":"passenger","locationId":"922744","name":"DAE-NL-2000316","address":"Westfalenstraat","city":"Alkmaar","operatorName":"DAEN Mobility","maxPowerKw":11,"isMegawatt":false,"status":"CHARGING","source":"ndw","priceKwh":0.397}},{"type":"Feature","geometry":{"type":"Point","coordinates":[4.7689,52.65095]},"properties":{"type":"charge","layer":"passenger","locationId":"345","name":"Shell Recharge NL Herman Heijermanstraat 84","address":"Herman Heijermanstraat 84","city":"Alkmaar","operatorName":"Ubitricity","maxPowerKw":11,"isMegawatt":false,"status":"AVAILABLE","source":"ndw","priceKwh":0.392}},{"type":"Feature","geometry":{"type":"Point","coordinates":[4.75496,52.62763]},"properties":{"type":"charge","layer":"passenger","locationId":"693CEE0C-19C8-42FC-A10B-91745E387E59","name":"PP004153 - Voormeer 32, Alkmaar","address":"32 Voormeer","city":"Alkmaar","operatorName":"TotalEnergies","maxPowerKw":13,"isMegawatt":false,"status":"AVAILABLE","source":"ndw"}},{"type":"Feature","geometry":{"type":"Point","coordinates":[4.761195,52.658764]},"properties":{"type":"charge","layer":"passenger","locationId":"AAB91F07-CA5C-4306-8853-2C23D4BD65F0","name":"TNLP009725 - Houtsniplaan 1, Alkmaar","address":"1 Houtsniplaan","city":"Alkmaar","operatorName":"TotalEnergies","maxPowerKw":13,"isMegawatt":false,"status":"UNAVAILABLE","source":"ndw"}},{"type":"Feature","geometry":{"type":"Point","coordinates":[4.7779,52.62914]},"properties":{"type":"charge","layer":"passenger","locationId":"119CA06D-BB9B-45BD-A6D4-324062B7586E","name":"PP004331 - Venusstraat 7, Oudorp","address":"7 Venusstraat","city":"Oudorp","operatorName":"TotalEnergies","maxPowerKw":13,"isMegawatt":false,"status":"CHARGING","source":"ndw"}},{"type":"Feature","geometry":{"type":"Point","coordinates":[4.71454,52.63326]},"properties":{"type":"charge","layer":"passenger","locationId":"1645","name":"Shell Recharge NL Terborchlaan 301","address":"Terborchlaan 301","city":"Alkmaar","operatorName":"Ubitricity","maxPowerKw":22,"isMegawatt":false,"status":"AVAILABLE","source":"ndw","priceKwh":0.392}},{"type":"Feature","geometry":{"type":"Point","coordinates":[4.7383214,52.6235576]},"properties":{"type":"charge","layer":"passenger","locationId":"1703","name":"Shell Recharge NL Maclaine Pontstraat 9","address":"Maclaine Pontstraat 9","city":"Alkmaar","operatorName":"Ubitricity","maxPowerKw":22,"isMegawatt":false,"status":"CHARGING","source":"ndw","priceKwh":0.267}},{"type":"Feature","geometry":{"type":"Point","coordinates":[4.7702605,52.6530134]},"properties":{"type":"charge","layer":"passenger","locationId":"835","name":"Shell Recharge NL Louis Couperusstraat 127","address":"Louis Couperusstraat 127","city":"Alkmaar","operatorName":"Ubitricity","maxPowerKw":22,"isMegawatt":false,"status":"AVAILABLE","source":"ndw","priceKwh":0.267}},{"type":"Feature","geometry":{"type":"Point","coordinates":[4.748689,52.62724]},"properties":{"type":"charge","layer":"passenger","locationId":"94E8E6D4-AD15-4EBD-BB37-AACF23EAD7BE","name":"TNLP003678 - Nieuwlandersingel 18, Alkmaar","address":"18 Nieuwlandersingel","city":"Alkmaar","operatorName":"TotalEnergies","maxPowerKw":17,"isMegawatt":false,"status":"AVAILABLE","source":"ndw"}},{"type":"Feature","geometry":{"type":"Point","coordinates":[4.769604,52.667244]},"properties":{"type":"charge","layer":"passenger","locationId":"A383FEB5-DAC3-49B7-8A02-309D6A224AA5","name":"TNLP007579 - Aletta Jacobsstraat 38, Alkmaar","address":"38 Aletta Jacobsstraat","city":"Alkmaar","operatorName":"TotalEnergies","maxPowerKw":13,"isMegawatt":false,"status":"AVAILABLE","source":"ndw"}},{"type":"Feature","geometry":{"type":"Point","coordinates":[4.761863,52.670729]},"properties":{"type":"charge","layer":"passenger","locationId":"6a3089f5f4d9f38ff539f33cea761f8a","name":"Laan van Rome 47","address":"Laan van Rome 47","city":"Alkmaar","operatorName":"Vattenfall InCharge","maxPowerKw":11,"isMegawatt":false,"status":"AVAILABLE","source":"ndw","priceKwh":0.2805}},{"type":"Feature","geometry":{"type":"Point","coordinates":[4.766788,52.617874]},"properties":{"type":"charge","layer":"passenger","locationId":"54DB8412-6197-44B1-8461-B97002701830","name":"PP002488 - Koelmalaan 350, Alkmaar","address":"350 Koelmalaan","city":"Alkmaar","operatorName":"TotalEnergies","maxPowerKw":13,"isMegawatt":false,"status":"UNAVAILABLE","source":"ndw"}},{"type":"Feature","geometry":{"type":"Point","coordinates":[4.743354,52.624397]},"properties":{"type":"charge","layer":"passenger","locationId":"0B942507-8B59-4DED-B965-9494CB760669","name":"PP005360 - K. van 't Veerstraat 24, Alkmaar","address":"24 K. van 't Veerstraat","city":"Alkmaar","operatorName":"TotalEnergies","maxPowerKw":15,"isMegawatt":false,"status":"CHARGING","source":"ndw"}},{"type":"Feature","geometry":{"type":"Point","coordinates":[4.761096,52.62971]},"properties":{"type":"charge","layer":"passenger","locationId":"4D137AE7-7397-44FE-A193-6D450FDDEF86","name":"TNLP005847 - Oudorperdijkje 42 42, Alkmaar","address":"42 42 Oudorperdijkje","city":"Alkmaar","operatorName":"TotalEnergies","maxPowerKw":13,"isMegawatt":false,"status":"UNAVAILABLE","source":"ndw"}},{"type":"Feature","geometry":{"type":"Point","coordinates":[4.7427,52.63522]},"properties":{"type":"charge","layer":"passenger","locationId":"05C67135-92FA-4EFE-909B-FDCBDA6BACCE","name":"PP005379 - Middenstraat 1, Alkmaar","address":"1 Middenstraat","city":"Alkmaar","operatorName":"TotalEnergies","maxPowerKw":13,"isMegawatt":false,"status":"AVAILABLE","source":"ndw"}},{"type":"Feature","geometry":{"type":"Point","coordinates":[4.748748,52.658226]},"properties":{"type":"charge","layer":"passenger","locationId":"C0279544-07B2-42D5-8F67-20494C76A5D0","name":"TNLP009625 - Priemstraat 43, Alkmaar","address":"43 Priemstraat","city":"Alkmaar","operatorName":"TotalEnergies","maxPowerKw":15,"isMegawatt":false,"status":"UNAVAILABLE","source":"ndw"}},{"type":"Feature","geometry":{"type":"Point","coordinates":[4.893075,52.599697]},"properties":{"type":"charge","layer":"passenger","locationId":"E0469431-E489-4160-A528-54126CF15E14","name":"TNLP009325 - Oosterweidestraat 96, Schermerhorn","address":"96 Oosterweidestraat","city":"Schermerhorn","operatorName":"TotalEnergies","maxPowerKw":15,"isMegawatt":false,"status":"CHARGING","source":"ndw"}},{"type":"Feature","geometry":{"type":"Point","coordinates":[4.75312,52.66976]},"properties":{"type":"charge","layer":"passenger","locationId":"1538","name":"Shell Recharge NL Kerkelaan 1","address":"Kerkelaan 1","city":"Alkmaar","operatorName":"Ubitricity","maxPowerKw":11,"isMegawatt":false,"status":"AVAILABLE","source":"ndw","priceKwh":0.392}},{"type":"Feature","geometry":{"type":"Point","coordinates":[4.72494,52.62408]},"properties":{"type":"charge","layer":"passenger","locationId":"525107e8-4dfb-4ccd-b3d4-db6cd91354bd","name":"Laadplein - TNLP005797 - Westerweg 376, Alkmaar","address":"376 Westerweg","city":"Alkmaar","operatorName":"TotalEnergies","maxPowerKw":15,"isMegawatt":false,"status":"AVAILABLE","source":"ndw"}},{"type":"Feature","geometry":{"type":"Point","coordinates":[4.749622,52.615673]},"properties":{"type":"charge","layer":"passenger","locationId":"11318380-4D25-448C-A982-B29919ED1D3B","name":"TNLP034610 - Lancelotstraat 5, Alkmaar","address":"5 Lancelotstraat","city":"Alkmaar","operatorName":"TotalEnergies","maxPowerKw":13,"isMegawatt":false,"status":"UNAVAILABLE","source":"ndw"}},{"type":"Feature","geometry":{"type":"Point","coordinates":[4.73218,52.6373]},"properties":{"type":"charge","layer":"passenger","locationId":"1615","name":"Shell Recharge NL Rembrandtstraat 1","address":"Rembrandtstraat 1","city":"Alkmaar","operatorName":"Ubitricity","maxPowerKw":22,"isMegawatt":false,"status":"AVAILABLE","source":"ndw","priceKwh":0.392}},{"type":"Feature","geometry":{"type":"Point","coordinates":[4.747742,52.637643]},"properties":{"type":"charge","layer":"passenger","locationId":"91229649","name":"50five-S NL 04004149","address":"Pettemerstraat 1","city":"Alkmaar","operatorName":"50five","maxPowerKw":7,"isMegawatt":false,"status":"AVAILABLE","source":"ndw"}},{"type":"Feature","geometry":{"type":"Point","coordinates":[4.775169,52.6602]},"properties":{"type":"charge","layer":"passenger","locationId":"209AF83F-82C1-4649-9F19-580179308BD9","name":"TNLP007457 - Reijersgroet 47, Alkmaar","address":"47 Reijersgroet","city":"Alkmaar","operatorName":"TotalEnergies","maxPowerKw":15,"isMegawatt":false,"status":"UNAVAILABLE","source":"ndw"}},{"type":"Feature","geometry":{"type":"Point","coordinates":[4.754441,52.637804]},"properties":{"type":"charge","layer":"passenger","locationId":"6a048170e104948bb7f8c99c","name":"Borst Bedden en Kasten KO","address":"Koedijkerstraat 28","city":"Alkmaar","operatorName":"E-Flux by Road","maxPowerKw":22,"isMegawatt":false,"status":"AVAILABLE","source":"ndw","priceKwh":0.46}},{"type":"Feature","geometry":{"type":"Point","coordinates":[4.755878,52.65724]},"properties":{"type":"charge","layer":"passenger","locationId":"90F0F95D-462D-414D-A60D-15DF3D0FD932","name":"TNLP008363 - Duivelandstraat 1, Alkmaar","address":"1 Duivelandstraat","city":"Alkmaar","operatorName":"TotalEnergies","maxPowerKw":14,"isMegawatt":false,"status":"UNAVAILABLE","source":"ndw"}},{"type":"Feature","geometry":{"type":"Point","coordinates":[4.7760867,52.6705875]},"properties":{"type":"charge","layer":"passenger","locationId":"1039","name":"Shell Recharge NL Fideliostraat 61","address":"Fideliostraat 61","city":"Alkmaar","operatorName":"Ubitricity","maxPowerKw":22,"isMegawatt":false,"status":"AVAILABLE","source":"ndw","priceKwh":0.267}},{"type":"Feature","geometry":{"type":"Point","coordinates":[4.76282,52.6359]},"properties":{"type":"charge","layer":"passenger","locationId":"5265193A-ECEA-464F-98F5-1007F45C4F24","name":"TNLP007382 - Cannenburg 12, Alkmaar","address":"12 Cannenburg","city":"Alkmaar","operatorName":"TotalEnergies","maxPowerKw":15,"isMegawatt":false,"status":"AVAILABLE","source":"ndw"}},{"type":"Feature","geometry":{"type":"Point","coordinates":[4.724199,52.626827]},"properties":{"type":"charge","layer":"passenger","locationId":"E4A26D08-E21E-4DA2-93F6-F794E2589DDE","name":"TNLP006453 - Willem Marishof 2, Alkmaar","address":"2 Willem Marishof","city":"Alkmaar","operatorName":"TotalEnergies","maxPowerKw":15,"isMegawatt":false,"status":"AVAILABLE","source":"ndw"}},{"type":"Feature","geometry":{"type":"Point","coordinates":[4.75739,52.66309]},"properties":{"type":"charge","layer":"passenger","locationId":"FBE08F26-101F-43E6-A534-96EA3A487AC1","name":"PP004250 - Klaas Bootpad 6, Alkmaar","address":"6 Klaas Bootpad","city":"Alkmaar","operatorName":"TotalEnergies","maxPowerKw":15,"isMegawatt":false,"status":"AVAILABLE","source":"ndw"}},{"type":"Feature","geometry":{"type":"Point","coordinates":[4.7664046,52.6579604]},"properties":{"type":"charge","layer":"passenger","locationId":"1185","name":"Shell Recharge NL Arendsweg 21","address":"Arendsweg 21","city":"Alkmaar","operatorName":"Ubitricity","maxPowerKw":22,"isMegawatt":false,"status":"AVAILABLE","source":"ndw","priceKwh":0.267}},{"type":"Feature","geometry":{"type":"Point","coordinates":[4.7310032,52.6375714]},"properties":{"type":"charge","layer":"passenger","locationId":"1767","name":"Shell Recharge NL Frans Halsstraat 1","address":"Frans Halsstraat 1","city":"Alkmaar","operatorName":"Ubitricity","maxPowerKw":22,"isMegawatt":false,"status":"AVAILABLE","source":"ndw","priceKwh":0.267}},{"type":"Feature","geometry":{"type":"Point","coordinates":[4.77447,52.63476]},"properties":{"type":"charge","layer":"passenger","locationId":"336","name":"Shell Recharge NL Herenweg 86","address":"Herenweg 86","city":"Oudorp","operatorName":"Ubitricity","maxPowerKw":11,"isMegawatt":false,"status":"AVAILABLE","source":"ndw","priceKwh":0.392}},{"type":"Feature","geometry":{"type":"Point","coordinates":[4.78501,52.647457]},"properties":{"type":"charge","layer":"passenger","locationId":"64e7078a0e1cb9001d59aab5","name":"Egmond Plastic BV","address":"Berenkoog 31","city":"Alkmaar","operatorName":"E-Flux by Road","maxPowerKw":30,"isMegawatt":false,"status":"UNAVAILABLE","source":"ndw","priceKwh":0.48}},{"type":"Feature","geometry":{"type":"Point","coordinates":[4.728742,52.645918]},"properties":{"type":"charge","layer":"passenger","locationId":"64b6469af4ee90001c872248","name":"Comeniusstraat 12","address":"Comeniusstraat 12","city":"Alkmaar","operatorName":"E-Flux by Road","maxPowerKw":22,"isMegawatt":false,"status":"AVAILABLE","source":"ndw","priceKwh":0.52}},{"type":"Feature","geometry":{"type":"Point","coordinates":[4.755326,52.63383]},"properties":{"type":"charge","layer":"passenger","locationId":"1D129DED-B650-46D4-B9A1-311BBF0965A4","name":"TNLP007040 - De Friese Poort 106, Alkmaar","address":"106 De Friese Poort","city":"Alkmaar","operatorName":"TotalEnergies","maxPowerKw":13,"isMegawatt":false,"status":"AVAILABLE","source":"ndw"}},{"type":"Feature","geometry":{"type":"Point","coordinates":[4.776582,52.634274]},"properties":{"type":"charge","layer":"passenger","locationId":"4FEAFEDE-C520-4371-B5CD-233C9CACCA13","name":"TNLP006186 - Sagittastraat 1, Oudorp","address":"1 Sagittastraat","city":"Oudorp","operatorName":"TotalEnergies","maxPowerKw":15,"isMegawatt":false,"status":"AVAILABLE","source":"ndw"}},{"type":"Feature","geometry":{"type":"Point","coordinates":[4.754957,52.630367]},"properties":{"type":"charge","layer":"passenger","locationId":"54FF8EBE-D420-4D43-8D2C-A36FC751E98D","name":"TNLP007581 - Wortelsteeg 6, Alkmaar","address":"6 Wortelsteeg","city":"Alkmaar","operatorName":"TotalEnergies","maxPowerKw":13,"isMegawatt":false,"status":"AVAILABLE","source":"ndw"}},{"type":"Feature","geometry":{"type":"Point","coordinates":[4.764203,52.647453]},"properties":{"type":"charge","layer":"passenger","locationId":"723238B3-9BB2-4BAE-902B-4BDC9573293E","name":"TNLP009598 - Vlietwaard 16, Alkmaar","address":"16 Vlietwaard","city":"Alkmaar","operatorName":"TotalEnergies","maxPowerKw":13,"isMegawatt":false,"status":"AVAILABLE","source":"ndw"}},{"type":"Feature","geometry":{"type":"Point","coordinates":[4.822024,52.612583]},"properties":{"type":"charge","layer":"passenger","locationId":"A2B11185-D653-45F2-B652-CE2831D71950","name":"TNLP006822 - Droogmakerij 22, Stompetoren","address":"22 Droogmakerij","city":"Stompetoren","operatorName":"TotalEnergies","maxPowerKw":15,"isMegawatt":false,"status":"AVAILABLE","source":"ndw"}},{"type":"Feature","geometry":{"type":"Point","coordinates":[4.751504,52.655167]},"properties":{"type":"charge","layer":"passenger","locationId":"DE4761AB-6A95-4D31-855D-D21415EE4F3B","name":"TNLP007242 - Sleperstraat 26, Alkmaar","address":"26 Sleperstraat","city":"Alkmaar","operatorName":"TotalEnergies","maxPowerKw":15,"isMegawatt":false,"status":"AVAILABLE","source":"ndw"}},{"type":"Feature","geometry":{"type":"Point","coordinates":[4.735373,52.63377]},"properties":{"type":"charge","layer":"passenger","locationId":"17E280C2-578D-4A87-8D06-E52C71411788","name":"TNLP009915 - Van der Woudestraat 154, Alkmaar","address":"154 Van der Woudestraat","city":"Alkmaar","operatorName":"TotalEnergies","maxPowerKw":13,"isMegawatt":false,"status":"CHARGING","source":"ndw"}},{"type":"Feature","geometry":{"type":"Point","coordinates":[4.770744,52.666473]},"properties":{"type":"charge","layer":"passenger","locationId":"036afa1b4378c99fe3ba607e424f5e72","name":"Anke van der Vliesstraat 9","address":"Anke van der Vliesstraat 9","city":"Alkmaar","operatorName":"Vattenfall InCharge","maxPowerKw":11,"isMegawatt":false,"status":"AVAILABLE","source":"ndw","priceKwh":0.2805}},{"type":"Feature","geometry":{"type":"Point","coordinates":[4.766184,52.614611]},"properties":{"type":"charge","layer":"passenger","locationId":"91106291","name":"50five-S NL 09140427","address":"Laanenderweg 9","city":"Alkmaar","operatorName":"50five","maxPowerKw":22,"isMegawatt":false,"status":"AVAILABLE","source":"ndw"}},{"type":"Feature","geometry":{"type":"Point","coordinates":[4.749101,52.622704]},"properties":{"type":"charge","layer":"passenger","locationId":"C76F540A-E80C-4CF2-9EB5-41E0E1CFA3F5","name":"PP005411 - Van Hallstraat 1, Alkmaar","address":"1 Van Hallstraat","city":"Alkmaar","operatorName":"TotalEnergies","maxPowerKw":15,"isMegawatt":false,"status":"UNAVAILABLE","source":"ndw"}},{"type":"Feature","geometry":{"type":"Point","coordinates":[4.72926,52.62015]},"properties":{"type":"charge","layer":"passenger","locationId":"A0C487A6-4177-48A3-B8AD-C22D08E15C59","name":"PP004327 - Regulierslaan 22, Alkmaar","address":"22 Regulierslaan","city":"Alkmaar","operatorName":"TotalEnergies","maxPowerKw":13,"isMegawatt":false,"status":"CHARGING","source":"ndw"}},{"type":"Feature","geometry":{"type":"Point","coordinates":[4.74728,52.64624]},"properties":{"type":"charge","layer":"passenger","locationId":"add9f89497e4c4e3e33e645aaf0b40ea","name":"Muiderwaard 259","address":"Muiderwaard 259","city":"Alkmaar","operatorName":"Vattenfall InCharge","maxPowerKw":11,"isMegawatt":false,"status":"CHARGING","source":"ndw","priceKwh":0.2805}},{"type":"Feature","geometry":{"type":"Point","coordinates":[4.84554,52.55771]},"properties":{"type":"charge","layer":"passenger","locationId":"56","name":"Shell Recharge NL Marten Michielshof 53","address":"Marten Michielshof 53","city":"De Rijp","operatorName":"Ubitricity","maxPowerKw":11,"isMegawatt":false,"status":"CHARGING","source":"ndw","priceKwh":0.392}},{"type":"Feature","geometry":{"type":"Point","coordinates":[4.739761,52.601354]},"properties":{"type":"charge","layer":"passenger","locationId":"3969002","name":"Laadnet Repa Transportbanden bv","address":"Fluorietweg 28","city":"Alkmaar","operatorName":"Laadnet","maxPowerKw":22,"isMegawatt":false,"status":"AVAILABLE","source":"ndw"}},{"type":"Feature","geometry":{"type":"Point","coordinates":[4.761252,52.65292]},"properties":{"type":"charge","layer":"passenger","locationId":"776DBBF2-FEF3-435D-9AEC-E9098479DD1A","name":"TNLP008099 - Arkplein 33, Alkmaar","address":"33 Arkplein","city":"Alkmaar","operatorName":"TotalEnergies","maxPowerKw":15,"isMegawatt":false,"status":"AVAILABLE","source":"ndw"}},{"type":"Feature","geometry":{"type":"Point","coordinates":[4.72533,52.636993]},"properties":{"type":"charge","layer":"passenger","locationId":"B6837CFA-53B7-446E-A7C9-0179E37CA09D","name":"PP005338 - Jan van Goyenstraat 250, Alkmaar","address":"250 Jan van Goyenstraat","city":"Alkmaar","operatorName":"TotalEnergies","maxPowerKw":13,"isMegawatt":false,"status":"AVAILABLE","source":"ndw"}},{"type":"Feature","geometry":{"type":"Point","coordinates":[4.787188,52.646422]},"properties":{"type":"charge","layer":"passenger","locationId":"68d40231093426d9611c3d94","name":"Blom Alkmaar 02","address":"Walruskoog 8","city":"Alkmaar","operatorName":"Lanova Laadpalen","maxPowerKw":22,"isMegawatt":false,"status":"AVAILABLE","source":"ndw","priceKwh":1.03}},{"type":"Feature","geometry":{"type":"Point","coordinates":[4.749067,52.641064]},"properties":{"type":"charge","layer":"passenger","locationId":"E0D9DE5D-465E-476C-95D8-226A8BEE6AA9","name":"PP005137 - Bregwaard 152, Alkmaar","address":"152 Bregwaard","city":"Alkmaar","operatorName":"TotalEnergies","maxPowerKw":15,"isMegawatt":false,"status":"AVAILABLE","source":"ndw"}},{"type":"Feature","geometry":{"type":"Point","coordinates":[4.7731856,52.6558634]},"properties":{"type":"charge","layer":"passenger","locationId":"389","name":"Shell Recharge NL Catshoek 15","address":"Catshoek 15","city":"Alkmaar","operatorName":"Ubitricity","maxPowerKw":11,"isMegawatt":false,"status":"AVAILABLE","source":"ndw","priceKwh":0.392}},{"type":"Feature","geometry":{"type":"Point","coordinates":[4.75553,52.66456]},"properties":{"type":"charge","layer":"passenger","locationId":"315","name":"Shell Recharge NL Koevoetstraat 13","address":"Koevoetstraat 13","city":"Alkmaar","operatorName":"Ubitricity","maxPowerKw":11,"isMegawatt":false,"status":"AVAILABLE","source":"ndw","priceKwh":0.392}},{"type":"Feature","geometry":{"type":"Point","coordinates":[4.74371,52.62579]},"properties":{"type":"charge","layer":"passenger","locationId":"1475","name":"Shell Recharge NL Costerstraat 2","address":"Costerstraat 2","city":"Alkmaar","operatorName":"Ubitricity","maxPowerKw":22,"isMegawatt":false,"status":"AVAILABLE","source":"ndw","priceKwh":0.392}},{"type":"Feature","geometry":{"type":"Point","coordinates":[4.77266,52.62591]},"properties":{"type":"charge","layer":"passenger","locationId":"422DA8C0-B502-4C7B-9CB8-04DCCEA35318","name":"PP002485 - Keesomstraat 1, Alkmaar","address":"1 Keesomstraat","city":"Alkmaar","operatorName":"TotalEnergies","maxPowerKw":13,"isMegawatt":false,"status":"AVAILABLE","source":"ndw"}},{"type":"Feature","geometry":{"type":"Point","coordinates":[4.742629,52.647288]},"properties":{"type":"charge","layer":"passenger","locationId":"39C92988-5F6E-4A64-9017-139B7A386C76","name":"Eneco eMobility Transdev - Alkmaar - Helderseweg 55","address":"Helderseweg 55","city":"Alkmaar","operatorName":"Eneco","maxPowerKw":11,"isMegawatt":false,"status":"AVAILABLE","source":"ndw","priceKwh":0.45}},{"type":"Feature","geometry":{"type":"Point","coordinates":[4.754873,52.611566]},"properties":{"type":"charge","layer":"passenger","locationId":"91110002","name":"50five-S NL 09102636","address":"Ivoorstraat 4A","city":"Alkmaar","operatorName":"50five","maxPowerKw":11,"isMegawatt":false,"status":"AVAILABLE","source":"ndw"}},{"type":"Feature","geometry":{"type":"Point","coordinates":[4.726473,52.630863]},"properties":{"type":"charge","layer":"passenger","locationId":"6BD71830-960D-43DA-912C-8E8CE617244B","name":"TNLP006055 - Cornelis Begastraat 26, Alkmaar","address":"26 Cornelis Begastraat","city":"Alkmaar","operatorName":"TotalEnergies","maxPowerKw":13,"isMegawatt":false,"status":"AVAILABLE","source":"ndw"}},{"type":"Feature","geometry":{"type":"Point","coordinates":[4.727439,52.634893]},"properties":{"type":"charge","layer":"passenger","locationId":"91230896","name":"50five-S NL 03007481","address":"Van der Heckstraat 14","city":"Alkmaar","operatorName":"50five","maxPowerKw":4,"isMegawatt":false,"status":"AVAILABLE","source":"ndw"}},{"type":"Feature","geometry":{"type":"Point","coordinates":[4.780112,52.63734]},"properties":{"type":"charge","layer":"passenger","locationId":"3fb17428-a383-4aa0-9cf8-31c4dc62b46f","name":"Esdoornlaan","address":"Esdoornlaan 59","city":"Oudorp","operatorName":"Vattenfall InCharge","maxPowerKw":11,"isMegawatt":false,"status":"AVAILABLE","source":"ndw","priceKwh":0.4316}},{"type":"Feature","geometry":{"type":"Point","coordinates":[4.7767579,52.6206278]},"properties":{"type":"charge","layer":"passenger","locationId":"1829","name":"Shell Recharge NL Noordervaart 232","address":"Noordervaart 232","city":"Stompetoren","operatorName":"Ubitricity","maxPowerKw":22,"isMegawatt":false,"status":"AVAILABLE","source":"ndw","priceKwh":0.267}},{"type":"Feature","geometry":{"type":"Point","coordinates":[4.832739,52.564106]},"properties":{"type":"charge","layer":"passenger","locationId":"0F157830-FF3B-4EF1-9011-2D3E5B0B1EC1","name":"PP005547 - C.J. Allertshof 2, Graft","address":"2 C.J. Allertshof","city":"Graft","operatorName":"TotalEnergies","maxPowerKw":15,"isMegawatt":false,"status":"UNAVAILABLE","source":"ndw"}},{"type":"Feature","geometry":{"type":"Point","coordinates":[4.834043,52.633369]},"properties":{"type":"charge","layer":"passenger","locationId":"91185141","name":"50five-S NL 18B07831","address":"Dorpsstraat 13-A","city":"Oterleek","operatorName":"50five","maxPowerKw":11,"isMegawatt":false,"status":"AVAILABLE","source":"ndw"}},{"type":"Feature","geometry":{"type":"Point","coordinates":[4.721495,52.626537]},"properties":{"type":"charge","layer":"passenger","locationId":"11F97324-B87C-49F8-94C9-BE920EBCEA2B","name":"TNLP007502 - Vincent van Goghlaan 25, Alkmaar","address":"25 Vincent van Goghlaan","city":"Alkmaar","operatorName":"TotalEnergies","maxPowerKw":15,"isMegawatt":false,"status":"UNAVAILABLE","source":"ndw"}},{"type":"Feature","geometry":{"type":"Point","coordinates":[4.762824,52.652237]},"properties":{"type":"charge","layer":"passenger","locationId":"18747DC5-6B0A-467A-93AD-E69DF515CB33","name":"PP005187 - Galjoenstraat 5, Alkmaar","address":"5 Galjoenstraat","city":"Alkmaar","operatorName":"TotalEnergies","maxPowerKw":13,"isMegawatt":false,"status":"CHARGING","source":"ndw"}},{"type":"Feature","geometry":{"type":"Point","coordinates":[4.758401,52.67082]},"properties":{"type":"charge","layer":"passenger","locationId":"3849E9D4-8D4D-4C08-B240-EDC5EC72DD06","name":"TNLP009252 - De Klip 107, Koedijk","address":"107 De Klip","city":"Koedijk","operatorName":"TotalEnergies","maxPowerKw":15,"isMegawatt":false,"status":"AVAILABLE","source":"ndw"}},{"type":"Feature","geometry":{"type":"Point","coordinates":[4.787311,52.64891]},"properties":{"type":"charge","layer":"passenger","locationId":"91121492","name":"50five-S NL 09100649","address":"Berenkoog 38","city":"Alkmaar","operatorName":"50five","maxPowerKw":11,"isMegawatt":false,"status":"AVAILABLE","source":"ndw"}},{"type":"Feature","geometry":{"type":"Point","coordinates":[4.74051,52.63044]},"properties":{"type":"charge","layer":"passenger","locationId":"1535","name":"Shell Recharge NL Kennemersingel 11","address":"Kennemersingel 11","city":"Alkmaar","operatorName":"Ubitricity","maxPowerKw":11,"isMegawatt":false,"status":"UNAVAILABLE","source":"ndw","priceKwh":0.392}},{"type":"Feature","geometry":{"type":"Point","coordinates":[4.751323,52.616856]},"properties":{"type":"charge","layer":"passenger","locationId":"9B30034C-2AF6-4CBC-A315-CA6DF939A504","name":"TNLP015239 - Thomas a Kempislaan 66, Alkmaar","address":"66 Thomas a Kempislaan","city":"Alkmaar","operatorName":"TotalEnergies","maxPowerKw":17,"isMegawatt":false,"status":"UNAVAILABLE","source":"ndw"}},{"type":"Feature","geometry":{"type":"Point","coordinates":[4.825196,52.613954]},"properties":{"type":"charge","layer":"passenger","locationId":"91053435","name":"50five-S NL 17B24156","address":"Binnenkruier 19","city":"Stompetoren","operatorName":"50five","maxPowerKw":11,"isMegawatt":false,"status":"AVAILABLE","source":"ndw"}},{"type":"Feature","geometry":{"type":"Point","coordinates":[4.77175,52.669777]},"properties":{"type":"charge","layer":"passenger","locationId":"0E2CA937-37CA-46CF-B60F-F495D2535F78","name":"TNLP008626 - G.H.Hoijtinkstraat 27, Alkmaar","address":"27 G.H.Hoijtinkstraat","city":"Alkmaar","operatorName":"TotalEnergies","maxPowerKw":13,"isMegawatt":false,"status":"AVAILABLE","source":"ndw"}},{"type":"Feature","geometry":{"type":"Point","coordinates":[4.755929,52.644657]},"properties":{"type":"charge","layer":"passenger","locationId":"500BDD59-65D0-4B3E-90C4-9E466BEAB9AB","name":"TNLP007385 - Koggewaard 197, Alkmaar","address":"197 Koggewaard","city":"Alkmaar","operatorName":"TotalEnergies","maxPowerKw":13,"isMegawatt":false,"status":"AVAILABLE","source":"ndw"}},{"type":"Feature","geometry":{"type":"Point","coordinates":[4.836778,52.56016]},"properties":{"type":"charge","layer":"passenger","locationId":"0EE60CBE-D1C0-4EE4-9B36-DB028F528399","name":"TNLP005834 - Grafterbaan 31, Graft","address":"31 Grafterbaan","city":"Graft","operatorName":"TotalEnergies","maxPowerKw":11,"isMegawatt":false,"status":"UNAVAILABLE","source":"ndw"}},{"type":"Feature","geometry":{"type":"Point","coordinates":[4.7289899,52.6391355]},"properties":{"type":"charge","layer":"passenger","locationId":"1773","name":"Shell Recharge NL Oude Hoeverweg 25","address":"Oude Hoeverweg 25","city":"Alkmaar","operatorName":"Ubitricity","maxPowerKw":22,"isMegawatt":false,"status":"AVAILABLE","source":"ndw"}},{"type":"Feature","geometry":{"type":"Point","coordinates":[4.74787,52.64979]},"properties":{"type":"charge","layer":"passenger","locationId":"86","name":"Shell Recharge NL Leidekkerstraat 19","address":"Leidekkerstraat 19","city":"Alkmaar","operatorName":"Ubitricity","maxPowerKw":11,"isMegawatt":false,"status":"AVAILABLE","source":"ndw","priceKwh":0.392}},{"type":"Feature","geometry":{"type":"Point","coordinates":[4.72901,52.63673]},"properties":{"type":"charge","layer":"passenger","locationId":"244","name":"Shell Recharge NL Ruysdaelkade 21","address":"Ruysdaelkade 21","city":"Alkmaar","operatorName":"Ubitricity","maxPowerKw":11,"isMegawatt":false,"status":"AVAILABLE","source":"ndw","priceKwh":0.392}},{"type":"Feature","geometry":{"type":"Point","coordinates":[4.73472,52.61825]},"properties":{"type":"charge","layer":"passenger","locationId":"3ADA2AD9-23C5-4C8B-BBC3-DB59B5809B77","name":"PP004142 - Wytemalaan 1, Alkmaar","address":"1 Wytemalaan","city":"Alkmaar","operatorName":"TotalEnergies","maxPowerKw":13,"isMegawatt":false,"status":"AVAILABLE","source":"ndw"}},{"type":"Feature","geometry":{"type":"Point","coordinates":[4.724395,52.632121]},"properties":{"type":"charge","layer":"passenger","locationId":"66a20f5ca6fca4001cbd1077","name":"NXT 50five - Alkmaar - Van Ostadelaan 270 - DC","address":"Van Ostadelaan 270","city":"Alkmaar","operatorName":"NXT50Five","maxPowerKw":300,"isMegawatt":false,"status":"AVAILABLE","source":"ndw","priceKwh":0.63}},{"type":"Feature","geometry":{"type":"Point","coordinates":[4.763291,52.6590361]},"properties":{"type":"charge","layer":"passenger","locationId":"398","name":"Shell Recharge NL Buizerdweg 1","address":"Buizerdweg 1","city":"Alkmaar","operatorName":"Ubitricity","maxPowerKw":11,"isMegawatt":false,"status":"AVAILABLE","source":"ndw","priceKwh":0.392}},{"type":"Feature","geometry":{"type":"Point","coordinates":[4.740772,52.631477]},"properties":{"type":"charge","layer":"passenger","locationId":"12472B8A-F9F8-4E6E-BD2B-9725403AF796","name":"TNLP008952 - Kennemersingel 31, Alkmaar","address":"31 Kennemersingel","city":"Alkmaar","operatorName":"TotalEnergies","maxPowerKw":14,"isMegawatt":false,"status":"AVAILABLE","source":"ndw"}},{"type":"Feature","geometry":{"type":"Point","coordinates":[4.75506,52.63496]},"properties":{"type":"charge","layer":"passenger","locationId":"C12EC2A9-7DA3-40AB-BE31-903495E4752D","name":"PP004214 - Zaagmolenstraat 23, Alkmaar","address":"23 Zaagmolenstraat","city":"Alkmaar","operatorName":"TotalEnergies","maxPowerKw":13,"isMegawatt":false,"status":"AVAILABLE","source":"ndw"}},{"type":"Feature","geometry":{"type":"Point","coordinates":[4.750524,52.62809]},"properties":{"type":"charge","layer":"passenger","locationId":"38665C10-2EE2-4F6F-9DCB-C7CD6F1DB33A","name":"TNLP008523 - Oudegracht 50, Alkmaar","address":"50 Oudegracht","city":"Alkmaar","operatorName":"TotalEnergies","maxPowerKw":14,"isMegawatt":false,"status":"AVAILABLE","source":"ndw"}},{"type":"Feature","geometry":{"type":"Point","coordinates":[4.75307,52.65944]},"properties":{"type":"charge","layer":"passenger","locationId":"243","name":"Shell Recharge NL Looierij 2","address":"Looierij 2","city":"Alkmaar","operatorName":"Ubitricity","maxPowerKw":11,"isMegawatt":false,"status":"AVAILABLE","source":"ndw","priceKwh":0.392}},{"type":"Feature","geometry":{"type":"Point","coordinates":[4.85444,52.55958]},"properties":{"type":"charge","layer":"passenger","locationId":"709","name":"Shell Recharge NL Rechtestraat 1","address":"Rechtestraat 1","city":"De Rijp","operatorName":"Ubitricity","maxPowerKw":11,"isMegawatt":false,"status":"AVAILABLE","source":"ndw","priceKwh":0.392}},{"type":"Feature","geometry":{"type":"Point","coordinates":[4.778497,52.636757]},"properties":{"type":"charge","layer":"passenger","locationId":"C8FC3C1A-237C-440F-8845-AEAF6740804E","name":"TNLP008232 - Lijsterbeslaan 18, Oudorp","address":"18 Lijsterbeslaan","city":"Oudorp","operatorName":"TotalEnergies","maxPowerKw":13,"isMegawatt":false,"status":"AVAILABLE","source":"ndw"}},{"type":"Feature","geometry":{"type":"Point","coordinates":[4.73265,52.63213]},"properties":{"type":"charge","layer":"passenger","locationId":"4F1338EC-FAA9-4801-9477-CB279E7B544B","name":"PP004313 - Rozenstraat 18, Alkmaar","address":"18 Rozenstraat","city":"Alkmaar","operatorName":"TotalEnergies","maxPowerKw":13,"isMegawatt":false,"status":"AVAILABLE","source":"ndw"}},{"type":"Feature","geometry":{"type":"Point","coordinates":[4.758467,52.675144]},"properties":{"type":"charge","layer":"passenger","locationId":"979080D2-0401-4538-8DC4-C49DE77A03C1","name":"TNLP007423 - Daalderstraat 12, Alkmaar","address":"12 Daalderstraat","city":"Alkmaar","operatorName":"TotalEnergies","maxPowerKw":13,"isMegawatt":false,"status":"AVAILABLE","source":"ndw"}},{"type":"Feature","geometry":{"type":"Point","coordinates":[4.772759,52.641792]},"properties":{"type":"charge","layer":"passenger","locationId":"91054067","name":"50five-S NL 07117165","address":"Nieuwe Vaart 21","city":"Alkmaar","operatorName":"50five","maxPowerKw":11,"isMegawatt":false,"status":"CHARGING","source":"ndw"}},{"type":"Feature","geometry":{"type":"Point","coordinates":[4.73966,52.62849]},"properties":{"type":"charge","layer":"passenger","locationId":"427542BC-7549-48E7-BAEE-1BF6FC163942","name":"PP004311 - Metiusgracht 1, Alkmaar","address":"1 Metiusgracht","city":"Alkmaar","operatorName":"TotalEnergies","maxPowerKw":13,"isMegawatt":false,"status":"AVAILABLE","source":"ndw"}},{"type":"Feature","geometry":{"type":"Point","coordinates":[4.768806,52.649555]},"properties":{"type":"charge","layer":"passenger","locationId":"582F899F-010F-4D8F-B865-1CDFA7D6BCBF","name":"TNLP034058 - Herman Heijermansstraat 27, Alkmaar","address":"27 Herman Heijermansstraat","city":"Alkmaar","operatorName":"TotalEnergies","maxPowerKw":13,"isMegawatt":false,"status":"UNAVAILABLE","source":"ndw"}},{"type":"Feature","geometry":{"type":"Point","coordinates":[4.78519,52.647415]},"properties":{"type":"charge","layer":"passenger","locationId":"89190835","name":"Laadpaal24 Egmond Plastic BV","address":"Berenkoog 31","city":"Alkmaar","operatorName":"Laadpaal24","maxPowerKw":11,"isMegawatt":false,"status":"AVAILABLE","source":"ndw"}},{"type":"Feature","geometry":{"type":"Point","coordinates":[4.75727,52.65419]},"properties":{"type":"charge","layer":"passenger","locationId":"8C115380-E4B3-438B-AC0D-FBD780705BDE","name":"PP004091 - Beneluxplein 3, Alkmaar","address":"3 Beneluxplein","city":"Alkmaar","operatorName":"TotalEnergies","maxPowerKw":13,"isMegawatt":false,"status":"AVAILABLE","source":"ndw"}},{"type":"Feature","geometry":{"type":"Point","coordinates":[4.769622,52.626453]},"properties":{"type":"charge","layer":"passenger","locationId":"91096453","name":"50five-S NL 03009312","address":"Edisonweg 3","city":"Alkmaar","operatorName":"50five","maxPowerKw":11,"isMegawatt":false,"status":"AVAILABLE","source":"ndw"}},{"type":"Feature","geometry":{"type":"Point","coordinates":[4.753858,52.636117]},"properties":{"type":"charge","layer":"passenger","locationId":"647dcbaaf048eb001b6f96e7","name":"Vloerplus Oplaadstation","address":"Kwakelkade 26","city":"Alkmaar","operatorName":"Lanova Laadpalen","maxPowerKw":22,"isMegawatt":false,"status":"AVAILABLE","source":"ndw","priceKwh":0.38}},{"type":"Feature","geometry":{"type":"Point","coordinates":[4.758663,52.628788]},"properties":{"type":"charge","layer":"passenger","locationId":"9e531f95-c38e-4bc6-80b4-09e12fa13a9a","name":"TNLP006225 - Tienenwal 30, Alkmaar","address":"30 Tienenwal","city":"Alkmaar","operatorName":"TotalEnergies","maxPowerKw":13,"isMegawatt":false,"status":"AVAILABLE","source":"ndw"}},{"type":"Feature","geometry":{"type":"Point","coordinates":[4.756848,52.671505]},"properties":{"type":"charge","layer":"passenger","locationId":"0CFBD59A-9D82-4869-B7FD-EE7DC10A95B1","name":"TNLP015143 - De Klip 9, Koedijk","address":"9 De Klip","city":"Koedijk","operatorName":"TotalEnergies","maxPowerKw":17,"isMegawatt":false,"status":"UNAVAILABLE","source":"ndw"}},{"type":"Feature","geometry":{"type":"Point","coordinates":[4.77559,52.647]},"properties":{"type":"charge","layer":"passenger","locationId":"34","name":"Shell Recharge NL Deltastraat 25","address":"Deltastraat 25","city":"Alkmaar","operatorName":"Ubitricity","maxPowerKw":11,"isMegawatt":false,"status":"AVAILABLE","source":"ndw","priceKwh":0.392}},{"type":"Feature","geometry":{"type":"Point","coordinates":[4.745228,52.629974]},"properties":{"type":"charge","layer":"passenger","locationId":"B0515E65-2A80-479A-B943-1C40605203BC","name":"TNLP009317 - Oudegracht 249, Alkmaar","address":"249 Oudegracht","city":"Alkmaar","operatorName":"TotalEnergies","maxPowerKw":15,"isMegawatt":false,"status":"AVAILABLE","source":"ndw"}},{"type":"Feature","geometry":{"type":"Point","coordinates":[4.727489,52.63781]},"properties":{"type":"charge","layer":"passenger","locationId":"0E88A5D2-C1C3-4E9A-9CC2-A3062E24EBCE","name":"TNLP006183 - Ferdinand Bolstraat 32, Alkmaar","address":"32 Ferdinand Bolstraat","city":"Alkmaar","operatorName":"TotalEnergies","maxPowerKw":13,"isMegawatt":false,"status":"AVAILABLE","source":"ndw"}},{"type":"Feature","geometry":{"type":"Point","coordinates":[4.743434,52.618404]},"properties":{"type":"charge","layer":"passenger","locationId":"D848062E-667A-460D-9D59-C7FE8FE6E14C","name":"TNLP007414 - Heilooërdijk 140, Alkmaar","address":"140 Heilooërdijk","city":"Alkmaar","operatorName":"TotalEnergies","maxPowerKw":15,"isMegawatt":false,"status":"AVAILABLE","source":"ndw"}},{"type":"Feature","geometry":{"type":"Point","coordinates":[4.75811,52.664986]},"properties":{"type":"charge","layer":"passenger","locationId":"C387B0B2-4B95-4C25-A867-42B91EA5DF11","name":"TNLP007572 - Schoffelstraat 12, Alkmaar","address":"12 Schoffelstraat","city":"Alkmaar","operatorName":"TotalEnergies","maxPowerKw":15,"isMegawatt":false,"status":"AVAILABLE","source":"ndw"}},{"type":"Feature","geometry":{"type":"Point","coordinates":[4.75542,52.657913]},"properties":{"type":"charge","layer":"passenger","locationId":"63B95BC5-6D30-40A9-803E-13B857F189B4","name":"TNLP008314 - Urkstraat 2, Alkmaar","address":"2 Urkstraat","city":"Alkmaar","operatorName":"TotalEnergies","maxPowerKw":14,"isMegawatt":false,"status":"AVAILABLE","source":"ndw"}},{"type":"Feature","geometry":{"type":"Point","coordinates":[4.75875,52.61525]},"properties":{"type":"charge","layer":"passenger","locationId":"1623","name":"Shell Recharge NL Robijnstraat 22","address":"Robijnstraat 22","city":"Alkmaar","operatorName":"Ubitricity","maxPowerKw":22,"isMegawatt":false,"status":"AVAILABLE","source":"ndw","priceKwh":0.392}},{"type":"Feature","geometry":{"type":"Point","coordinates":[4.73833,52.63471]},"properties":{"type":"charge","layer":"passenger","locationId":"1660","name":"Shell Recharge NL Westerweg 14","address":"Westerweg 14","city":"Alkmaar","operatorName":"Ubitricity","maxPowerKw":22,"isMegawatt":false,"status":"CHARGING","source":"ndw","priceKwh":0.392}},{"type":"Feature","geometry":{"type":"Point","coordinates":[4.744958,52.615413]},"properties":{"type":"charge","layer":"passenger","locationId":"3290143","name":"Laadnet Arcadialaan","address":"Arcadialaan 44","city":"Alkmaar","operatorName":"Laadnet","maxPowerKw":11,"isMegawatt":false,"status":"AVAILABLE","source":"ndw"}},{"type":"Feature","geometry":{"type":"Point","coordinates":[4.75928,52.62584]},"properties":{"type":"charge","layer":"passenger","locationId":"6E1869A1-3E6D-40C6-932B-C67DC0C5D88C","name":"PP004145 - Zeglis 30, Alkmaar","address":"30 Zeglis","city":"Alkmaar","operatorName":"TotalEnergies","maxPowerKw":13,"isMegawatt":false,"status":"UNAVAILABLE","source":"ndw"}},{"type":"Feature","geometry":{"type":"Point","coordinates":[4.77331,52.65975]},"properties":{"type":"charge","layer":"passenger","locationId":"E8DB56B1-AB5F-4528-A399-1ECD95E88C52","name":"PP004335 - Laan van Bergama 20, Alkmaar","address":"20 Laan van Bergama","city":"Alkmaar","operatorName":"TotalEnergies","maxPowerKw":13,"isMegawatt":false,"status":"AVAILABLE","source":"ndw"}},{"type":"Feature","geometry":{"type":"Point","coordinates":[4.76904,52.66687]},"properties":{"type":"charge","layer":"passenger","locationId":"EBBC5DD6-414F-42AD-B7F8-86234514FA98","name":"PP004334 - Mary Zeldenrust-Noordanusstraat 24, Alkmaar","address":"24 Mary Zeldenrust-Noordanusstraat","city":"Alkmaar","operatorName":"TotalEnergies","maxPowerKw":13,"isMegawatt":false,"status":"AVAILABLE","source":"ndw"}},{"type":"Feature","geometry":{"type":"Point","coordinates":[4.7719108,52.6561755]},"properties":{"type":"charge","layer":"passenger","locationId":"968","name":"Shell Recharge NL Laan van Bergama 1-B","address":"Laan van Bergama 1-B","city":"Alkmaar","operatorName":"Ubitricity","maxPowerKw":22,"isMegawatt":false,"status":"AVAILABLE","source":"ndw","priceKwh":0.267}},{"type":"Feature","geometry":{"type":"Point","coordinates":[4.72222,52.63155]},"properties":{"type":"charge","layer":"passenger","locationId":"4A41CEC1-D40A-492B-9992-654F26909CE8","name":"PP002489 - Terborchlaan 85, Alkmaar","address":"85 Terborchlaan","city":"Alkmaar","operatorName":"TotalEnergies","maxPowerKw":13,"isMegawatt":false,"status":"AVAILABLE","source":"ndw"}},{"type":"Feature","geometry":{"type":"Point","coordinates":[4.788417,52.652117]},"properties":{"type":"charge","layer":"passenger","locationId":"87612823","name":"50five Exploitatie Zakenstation Alkmaar","address":"Berenkoog 49","city":"Alkmaar","operatorName":"50five","maxPowerKw":22,"isMegawatt":false,"status":"AVAILABLE","source":"ndw"}},{"type":"Feature","geometry":{"type":"Point","coordinates":[4.745951,52.602113]},"properties":{"type":"charge","layer":"passenger","locationId":"40f2bd8a0c3e4511a4f3e6457a2c803e","name":"Interbosch Alkmaar parkeerplaats voor","address":"Toermalijnstraat 11","city":"Alkmaar","operatorName":"OPCHARGE","maxPowerKw":22,"isMegawatt":false,"status":"AVAILABLE","source":"ndw","priceKwh":0.49}},{"type":"Feature","geometry":{"type":"Point","coordinates":[4.75457,52.62534]},"properties":{"type":"charge","layer":"passenger","locationId":"30B12AAF-8C0D-4736-BBA7-63DC63E9684F","name":"PP002547 - Hooftstraat 3, Alkmaar","address":"3 Hooftstraat","city":"Alkmaar","operatorName":"TotalEnergies","maxPowerKw":13,"isMegawatt":false,"status":"AVAILABLE","source":"ndw"}},{"type":"Feature","geometry":{"type":"Point","coordinates":[4.748552,52.610698]},"properties":{"type":"charge","layer":"passenger","locationId":"91106538","name":"50five-S NL 08002213","address":"Koraalstraat 4","city":"Alkmaar","operatorName":"50five","maxPowerKw":22,"isMegawatt":false,"status":"AVAILABLE","source":"ndw"}},{"type":"Feature","geometry":{"type":"Point","coordinates":[4.728278,52.64443]},"properties":{"type":"charge","layer":"passenger","locationId":"ACE0261543","name":"ACE0261543","address":"Comeniusstraat 8","city":"Alkmaar","operatorName":"e-VOLTT","maxPowerKw":11,"isMegawatt":false,"status":"AVAILABLE","source":"ndw","priceKwh":0.55}},{"type":"Feature","geometry":{"type":"Point","coordinates":[4.728278,52.64443]},"properties":{"type":"charge","layer":"passenger","locationId":"ACE0119289","name":"ACE0119289","address":"Comeniusstraat 8","city":"Alkmaar","operatorName":"e-VOLTT","maxPowerKw":11,"isMegawatt":false,"status":"AVAILABLE","source":"ndw","priceKwh":0.55}},{"type":"Feature","geometry":{"type":"Point","coordinates":[4.750397,52.636617]},"properties":{"type":"charge","layer":"passenger","locationId":"44BABC8D-31AE-45E0-B1DC-DED8D8234BB8","name":"Eneco eMobility Stichting Goederen Participatie Birekoven","address":"De Simsonstraat 1","city":"Alkmaar","operatorName":"Eneco","maxPowerKw":11,"isMegawatt":false,"status":"AVAILABLE","source":"ndw","priceKwh":0.5}},{"type":"Feature","geometry":{"type":"Point","coordinates":[4.75586,52.64215]},"properties":{"type":"charge","layer":"passenger","locationId":"40","name":"Shell Recharge NL Lekerwaard 6","address":"Lekerwaard 6","city":"Alkmaar","operatorName":"Ubitricity","maxPowerKw":11,"isMegawatt":false,"status":"AVAILABLE","source":"ndw","priceKwh":0.392}},{"type":"Feature","geometry":{"type":"Point","coordinates":[4.7260603,52.6391286]},"properties":{"type":"charge","layer":"passenger","locationId":"626","name":"Shell Recharge NL Pieter Breughelstraat 3","address":"Pieter Breughelstraat 3","city":"Alkmaar","operatorName":"Ubitricity","maxPowerKw":22,"isMegawatt":false,"status":"AVAILABLE","source":"ndw","priceKwh":0.392}},{"type":"Feature","geometry":{"type":"Point","coordinates":[4.74515,52.63596]},"properties":{"type":"charge","layer":"passenger","locationId":"eb280b60-e7c6-4e8d-b981-54763ff98bc9","name":"PP002546 - Helderseweg 5, Alkmaar","address":"5 Helderseweg","city":"Alkmaar","operatorName":"TotalEnergies","maxPowerKw":13,"isMegawatt":false,"status":"AVAILABLE","source":"ndw"}},{"type":"Feature","geometry":{"type":"Point","coordinates":[4.735461,52.638306]},"properties":{"type":"charge","layer":"passenger","locationId":"664dba61a3d137001c6c7f1b","name":"Wognumsebuurt","address":"Wognumsebuurt 1","city":"Alkmaar","operatorName":"E-Flux by Road","maxPowerKw":22,"isMegawatt":false,"status":"AVAILABLE","source":"ndw","priceKwh":0.51}},{"type":"Feature","geometry":{"type":"Point","coordinates":[4.787188,52.646422]},"properties":{"type":"charge","layer":"passenger","locationId":"68d401e89a06e808d1ea231d","name":"Blom Alkmaar 01","address":"Walruskoog 8","city":"Alkmaar","operatorName":"Lanova Laadpalen","maxPowerKw":22,"isMegawatt":false,"status":"AVAILABLE","source":"ndw","priceKwh":1.03}},{"type":"Feature","geometry":{"type":"Point","coordinates":[4.778226,52.648144]},"properties":{"type":"charge","layer":"passenger","locationId":"91121443","name":"50five-S NL 17B29391","address":"branding 1","city":"Alkmaar","operatorName":"50five","maxPowerKw":8,"isMegawatt":false,"status":"AVAILABLE","source":"ndw"}},{"type":"Feature","geometry":{"type":"Point","coordinates":[4.742438,52.62002]},"properties":{"type":"charge","layer":"passenger","locationId":"142C99CA-C725-4758-B1DF-7FF4A1DF9C7B","name":"TNLP006222 - Willem Lodewijkhof 1, Alkmaar","address":"1 Willem Lodewijkhof","city":"Alkmaar","operatorName":"TotalEnergies","maxPowerKw":13,"isMegawatt":false,"status":"AVAILABLE","source":"ndw"}},{"type":"Feature","geometry":{"type":"Point","coordinates":[4.74375,52.61697]},"properties":{"type":"charge","layer":"passenger","locationId":"f94bf22f45e0af1c2a933570d47e9aaa","name":"Huibert Pootlaan 146","address":"Huibert Pootlaan 146","city":"Alkmaar","operatorName":"Vattenfall InCharge","maxPowerKw":11,"isMegawatt":false,"status":"AVAILABLE","source":"ndw","priceKwh":0.2805}},{"type":"Feature","geometry":{"type":"Point","coordinates":[4.750303,52.64379]},"properties":{"type":"charge","layer":"passenger","locationId":"35F0A354-8F7B-41EB-B1EB-4151219DA4DC","name":"PP005595 - Stetwaard 46, Alkmaar","address":"46 Stetwaard","city":"Alkmaar","operatorName":"TotalEnergies","maxPowerKw":13,"isMegawatt":false,"status":"AVAILABLE","source":"ndw"}},{"type":"Feature","geometry":{"type":"Point","coordinates":[4.75048,52.66042]},"properties":{"type":"charge","layer":"passenger","locationId":"584","name":"Shell Recharge NL Paletstraat 31","address":"Paletstraat 31","city":"Alkmaar","operatorName":"Ubitricity","maxPowerKw":11,"isMegawatt":false,"status":"AVAILABLE","source":"ndw","priceKwh":0.392}},{"type":"Feature","geometry":{"type":"Point","coordinates":[4.7624,52.63084]},"properties":{"type":"charge","layer":"passenger","locationId":"33","name":"Shell Recharge NL Biesboschstraat 2","address":"Biesboschstraat 2","city":"Alkmaar","operatorName":"Ubitricity","maxPowerKw":11,"isMegawatt":false,"status":"AVAILABLE","source":"ndw","priceKwh":0.392}},{"type":"Feature","geometry":{"type":"Point","coordinates":[4.742015,52.628325]},"properties":{"type":"charge","layer":"passenger","locationId":"4198272","name":"Laadnet Ridoh B.V.","address":"Blekerslaan 1A","city":"Alkmaar","operatorName":"Laadnet","maxPowerKw":22,"isMegawatt":false,"status":"CHARGING","source":"ndw"}},{"type":"Feature","geometry":{"type":"Point","coordinates":[4.750427,52.645877]},"properties":{"type":"charge","layer":"passenger","locationId":"4222700","name":"Laadnet De Waard B.V.","address":"Muiderwaard 436B","city":"Alkmaar","operatorName":"Laadnet","maxPowerKw":22,"isMegawatt":false,"status":"AVAILABLE","source":"ndw"}},{"type":"Feature","geometry":{"type":"Point","coordinates":[4.76802,52.66884]},"properties":{"type":"charge","layer":"passenger","locationId":"113","name":"Shell Recharge NL Hannie Schaftstraat 93","address":"Hannie Schaftstraat 93","city":"Alkmaar","operatorName":"Ubitricity","maxPowerKw":11,"isMegawatt":false,"status":"AVAILABLE","source":"ndw","priceKwh":0.392}},{"type":"Feature","geometry":{"type":"Point","coordinates":[4.76626,52.63447]},"properties":{"type":"charge","layer":"passenger","locationId":"104","name":"Shell Recharge NL Oudorperplein 14","address":"Oudorperplein 14","city":"Alkmaar","operatorName":"Ubitricity","maxPowerKw":11,"isMegawatt":false,"status":"AVAILABLE","source":"ndw","priceKwh":0.392}},{"type":"Feature","geometry":{"type":"Point","coordinates":[4.743635,52.598126]},"properties":{"type":"charge","layer":"passenger","locationId":"63721990c652cc036ae30d58","name":"Beentjes Hekwerk & Toegangstechniek","address":"Pyrietstraat 10","city":"Alkmaar","operatorName":"E-Flux by Road","maxPowerKw":11,"isMegawatt":false,"status":"UNAVAILABLE","source":"ndw","priceKwh":0.33}},{"type":"Feature","geometry":{"type":"Point","coordinates":[4.770836,52.65747]},"properties":{"type":"charge","layer":"passenger","locationId":"BE756702-386E-4232-B6AC-33022BA7CDAF","name":"PP005134 - Grasakker 11, Alkmaar","address":"11 Grasakker","city":"Alkmaar","operatorName":"TotalEnergies","maxPowerKw":13,"isMegawatt":false,"status":"AVAILABLE","source":"ndw"}},{"type":"Feature","geometry":{"type":"Point","coordinates":[4.723297,52.642114]},"properties":{"type":"charge","layer":"passenger","locationId":"64354f786dd1bd0012ae9d0d","name":"Camping Alkmaar","address":"Bergerweg  201","city":"Alkmaar","operatorName":"E-Flux by Road","maxPowerKw":11,"isMegawatt":false,"status":"AVAILABLE","source":"ndw","priceKwh":0.48}},{"type":"Feature","geometry":{"type":"Point","coordinates":[4.849155,52.55683]},"properties":{"type":"charge","layer":"passenger","locationId":"8101A9CB-07ED-496C-BBBC-5456898D91FF","name":"PP005103 - Schepenakker 4, De Rijp","address":"4 Schepenakker","city":"De Rijp","operatorName":"TotalEnergies","maxPowerKw":17,"isMegawatt":false,"status":"UNAVAILABLE","source":"ndw"}},{"type":"Feature","geometry":{"type":"Point","coordinates":[4.727601,52.635387]},"properties":{"type":"charge","layer":"passenger","locationId":"DB309A2E-4CDC-495F-9733-C7A0838FA95D","name":"TNLP009065 - Lambert Doomerstraat 5, Alkmaar","address":"5 Lambert Doomerstraat","city":"Alkmaar","operatorName":"TotalEnergies","maxPowerKw":13,"isMegawatt":false,"status":"UNAVAILABLE","source":"ndw"}},{"type":"Feature","geometry":{"type":"Point","coordinates":[4.728685,52.64534]},"properties":{"type":"charge","layer":"passenger","locationId":"E47C30BB-BE5F-4769-926D-8A004F671815","name":"TNLP008264 - Comeniusstraat 10, Alkmaar","address":"10 Comeniusstraat","city":"Alkmaar","operatorName":"TotalEnergies","maxPowerKw":14,"isMegawatt":false,"status":"AVAILABLE","source":"ndw"}},{"type":"Feature","geometry":{"type":"Point","coordinates":[4.73996,52.6268]},"properties":{"type":"charge","layer":"passenger","locationId":"26","name":"Shell Recharge NL Kennemerstraatweg 79","address":"Kennemerstraatweg 79","city":"Alkmaar","operatorName":"Ubitricity","maxPowerKw":11,"isMegawatt":false,"status":"AVAILABLE","source":"ndw","priceKwh":0.392}},{"type":"Feature","geometry":{"type":"Point","coordinates":[4.760228,52.618994]},"properties":{"type":"charge","layer":"passenger","locationId":"7fdf88a7-d694-4e7e-a0ff-fb2f0aee3125","name":"JOLT AMS00870","address":"Bestevaerstraat 71","city":"Alkmaar","operatorName":"JOLT Energy","maxPowerKw":300,"isMegawatt":false,"status":"UNAVAILABLE","source":"ndw"}},{"type":"Feature","geometry":{"type":"Point","coordinates":[4.75209,52.67425]},"properties":{"type":"charge","layer":"passenger","locationId":"294","name":"Shell Recharge NL Schoolstraat 30","address":"Schoolstraat 30","city":"Koedijk","operatorName":"Ubitricity","maxPowerKw":11,"isMegawatt":false,"status":"AVAILABLE","source":"ndw","priceKwh":0.392}},{"type":"Feature","geometry":{"type":"Point","coordinates":[4.771751,52.625923]},"properties":{"type":"charge","layer":"passenger","locationId":"66daeed3abd66b001ca4c392","name":"Mapro B.V.","address":"Edisonweg 4","city":"Alkmaar","operatorName":"E-Flux by Road","maxPowerKw":22,"isMegawatt":false,"status":"AVAILABLE","source":"ndw","priceKwh":0.53}},{"type":"Feature","geometry":{"type":"Point","coordinates":[4.767314,52.670086]},"properties":{"type":"charge","layer":"passenger","locationId":"94B0F8C2-5DE6-48F1-BE6B-5EE68B7395E1","name":"TNLP009250 - G.H.A. de Zeeuwstraat 38, Alkmaar","address":"38 G.H.A. de Zeeuwstraat","city":"Alkmaar","operatorName":"TotalEnergies","maxPowerKw":15,"isMegawatt":false,"status":"UNAVAILABLE","source":"ndw"}},{"type":"Feature","geometry":{"type":"Point","coordinates":[4.73352,52.64495]},"properties":{"type":"charge","layer":"passenger","locationId":"128","name":"Shell Recharge NL Bellinistraat 2","address":"Bellinistraat 2","city":"Alkmaar","operatorName":"Ubitricity","maxPowerKw":11,"isMegawatt":false,"status":"AVAILABLE","source":"ndw","priceKwh":0.392}},{"type":"Feature","geometry":{"type":"Point","coordinates":[4.761025,52.656773]},"properties":{"type":"charge","layer":"passenger","locationId":"7C732F97-B392-48CD-9CBB-8C6FC9A7D9D6","name":"PP005022 - Karveelstraat 57, Alkmaar","address":"57 Karveelstraat","city":"Alkmaar","operatorName":"TotalEnergies","maxPowerKw":15,"isMegawatt":false,"status":"AVAILABLE","source":"ndw"}},{"type":"Feature","geometry":{"type":"Point","coordinates":[4.73891,52.62258]},"properties":{"type":"charge","layer":"passenger","locationId":"000C77D1-5ED7-4EF4-97FB-E11F50176ECE","name":"PP004149 - Rippingstraat 1, Alkmaar","address":"1 Rippingstraat","city":"Alkmaar","operatorName":"TotalEnergies","maxPowerKw":13,"isMegawatt":false,"status":"AVAILABLE","source":"ndw"}},{"type":"Feature","geometry":{"type":"Point","coordinates":[4.729931,52.641975]},"properties":{"type":"charge","layer":"passenger","locationId":"1EB2282A-E3D4-478B-A198-8234B43CEA23","name":"TNLP006456 - Willem Pijperstraat 10, Alkmaar","address":"10 Willem Pijperstraat","city":"Alkmaar","operatorName":"TotalEnergies","maxPowerKw":15,"isMegawatt":false,"status":"UNAVAILABLE","source":"ndw"}},{"type":"Feature","geometry":{"type":"Point","coordinates":[4.769465,52.661585]},"properties":{"type":"charge","layer":"passenger","locationId":"7fecfb0da3b05a5056f585dc421196dc","name":"Kerkuilstraat 46","address":"Kerkuilstraat 46","city":"Alkmaar","operatorName":"Vattenfall InCharge","maxPowerKw":11,"isMegawatt":false,"status":"AVAILABLE","source":"ndw","priceKwh":0.2805}},{"type":"Feature","geometry":{"type":"Point","coordinates":[4.749353,52.6105]},"properties":{"type":"charge","layer":"passenger","locationId":"91109264","name":"50five-S NL 09001462","address":"Koraalstraat 4","city":"Alkmaar","operatorName":"50five","maxPowerKw":22,"isMegawatt":false,"status":"AVAILABLE","source":"ndw"}},{"type":"Feature","geometry":{"type":"Point","coordinates":[4.74951,52.61197]},"properties":{"type":"charge","layer":"passenger","locationId":"6AE62052-905E-460A-9307-6A8E57FD39A9","name":"Eneco eMobility Dusseldorp Alkmaar - Moterrad","address":"Koraalstraat 3a","city":"Alkmaar","operatorName":"Eneco","maxPowerKw":22,"isMegawatt":false,"status":"UNAVAILABLE","source":"ndw","priceKwh":0.6}},{"type":"Feature","geometry":{"type":"Point","coordinates":[4.741759,52.637928]},"properties":{"type":"charge","layer":"passenger","locationId":"a3025b14-a03a-4539-8512-c2229e9282a6","name":"EV Hub - Stationsweg 51, Alkmaar","address":"51 Stationsweg","city":"Alkmaar","operatorName":"TotalEnergies","maxPowerKw":50,"isMegawatt":false,"status":"UNAVAILABLE","source":"ndw"}},{"type":"Feature","geometry":{"type":"Point","coordinates":[4.714104,52.635133]},"properties":{"type":"charge","layer":"passenger","locationId":"66275d101744e8001c28af73","name":"NXT 50five - Alkmaar - Olympiaweg - DC","address":"Olympiaweg","city":"Alkmaar","operatorName":"NXT50Five","maxPowerKw":250,"isMegawatt":false,"status":"CHARGING","source":"ndw","priceKwh":0.63}},{"type":"Feature","geometry":{"type":"Point","coordinates":[4.734592,52.635654]},"properties":{"type":"charge","layer":"passenger","locationId":"91149310","name":"50five-S NL 09000112","address":"Van der Kaaijstraat 64","city":"Alkmaar","operatorName":"50five","maxPowerKw":11,"isMegawatt":false,"status":"AVAILABLE","source":"ndw"}},{"type":"Feature","geometry":{"type":"Point","coordinates":[4.77604,52.63489]},"properties":{"type":"charge","layer":"passenger","locationId":"E76DB0DB-8864-4F59-900F-386B38E6C2B4","name":"TNLP005869 - Magnolialaan 2, Oudorp","address":"2 Magnolialaan","city":"Oudorp","operatorName":"TotalEnergies","maxPowerKw":13,"isMegawatt":false,"status":"AVAILABLE","source":"ndw"}},{"type":"Feature","geometry":{"type":"Point","coordinates":[4.761128,52.618579]},"properties":{"type":"charge","layer":"passenger","locationId":"661f9a5c7c29fa001bd2fef5","name":"Praxis Alkmaar","address":"Koelmalaan 39","city":"Alkmaar","operatorName":"Alva Charging Services","maxPowerKw":60,"isMegawatt":false,"status":"AVAILABLE","source":"ndw","priceKwh":0.668}},{"type":"Feature","geometry":{"type":"Point","coordinates":[4.76417,52.6744]},"properties":{"type":"charge","layer":"passenger","locationId":"545","name":"Shell Recharge NL Marco Polostraat 39","address":"Marco Polostraat 39","city":"Alkmaar","operatorName":"Ubitricity","maxPowerKw":11,"isMegawatt":false,"status":"AVAILABLE","source":"ndw","priceKwh":0.392}},{"type":"Feature","geometry":{"type":"Point","coordinates":[4.757094,52.659021]},"properties":{"type":"charge","layer":"passenger","locationId":"c63e7f19-47a3-43c8-9114-1e25b96429b1","name":"TNLP008987","address":"Bonairestraat 30","city":"Alkmaar","operatorName":"TotalEnergies","maxPowerKw":17,"isMegawatt":false,"status":"AVAILABLE","source":"ndw"}},{"type":"Feature","geometry":{"type":"Point","coordinates":[4.74681,52.64769]},"properties":{"type":"charge","layer":"passenger","locationId":"1543","name":"Shell Recharge NL Klompenmakerstraat 21","address":"Klompenmakerstraat 21","city":"Alkmaar","operatorName":"Ubitricity","maxPowerKw":11,"isMegawatt":false,"status":"AVAILABLE","source":"ndw","priceKwh":0.392}},{"type":"Feature","geometry":{"type":"Point","coordinates":[4.754517,52.610995]},"properties":{"type":"charge","layer":"passenger","locationId":"91107096","name":"50five-S NL 08104008","address":"Ivoorstraat 4A","city":"Alkmaar","operatorName":"50five","maxPowerKw":11,"isMegawatt":false,"status":"AVAILABLE","source":"ndw"}},{"type":"Feature","geometry":{"type":"Point","coordinates":[4.8509,52.58821]},"properties":{"type":"charge","layer":"passenger","locationId":"A3792201-9A06-4C8B-995F-839547792CE8","name":"PP004080 - Noordeinde 80, Grootschermer","address":"80 Noordeinde","city":"Grootschermer","operatorName":"TotalEnergies","maxPowerKw":13,"isMegawatt":false,"status":"CHARGING","source":"ndw"}},{"type":"Feature","geometry":{"type":"Point","coordinates":[4.772906,52.657528]},"properties":{"type":"charge","layer":"passenger","locationId":"22B0D05F-848C-4C0B-A011-55B5475B2A54","name":"TNLP007789 - Melksloot 16, Alkmaar","address":"16 Melksloot","city":"Alkmaar","operatorName":"TotalEnergies","maxPowerKw":15,"isMegawatt":false,"status":"CHARGING","source":"ndw"}},{"type":"Feature","geometry":{"type":"Point","coordinates":[4.739691,52.628277]},"properties":{"type":"charge","layer":"passenger","locationId":"C198D6EF-1543-4C05-B3EC-1EC6A681A968","name":"TNLP008624 - Metiusgracht 1a, Alkmaar","address":"1a Metiusgracht","city":"Alkmaar","operatorName":"TotalEnergies","maxPowerKw":14,"isMegawatt":false,"status":"AVAILABLE","source":"ndw"}},{"type":"Feature","geometry":{"type":"Point","coordinates":[4.742324,52.615774]},"properties":{"type":"charge","layer":"passenger","locationId":"6662d09ed915c2001c272d0a","name":"Victory Building","address":"Arcadialaan 14-36","city":"Alkmaar","operatorName":"E-Flux by Road","maxPowerKw":90,"isMegawatt":false,"status":"AVAILABLE","source":"ndw","priceKwh":0.47}},{"type":"Feature","geometry":{"type":"Point","coordinates":[4.73811,52.63232]},"properties":{"type":"charge","layer":"passenger","locationId":"c44ac3b6-0d78-4dd5-bda9-c04bf8fc41de","name":"PP001094 - Nassauplein 31, Alkmaar","address":"31 Nassauplein","city":"Alkmaar","operatorName":"TotalEnergies","maxPowerKw":11,"isMegawatt":false,"status":"UNAVAILABLE","source":"ndw"}},{"type":"Feature","geometry":{"type":"Point","coordinates":[4.754916,52.666023]},"properties":{"type":"charge","layer":"passenger","locationId":"B602B718-8319-411C-B089-8D7EB7470015","name":"TNLP007974 - Beugelstraat 18, Alkmaar","address":"18 Beugelstraat","city":"Alkmaar","operatorName":"TotalEnergies","maxPowerKw":15,"isMegawatt":false,"status":"AVAILABLE","source":"ndw"}},{"type":"Feature","geometry":{"type":"Point","coordinates":[4.76072,52.63535]},"properties":{"type":"charge","layer":"passenger","locationId":"588","name":"Shell Recharge NL Vechtstraat 178","address":"Vechtstraat 178","city":"Alkmaar","operatorName":"Ubitricity","maxPowerKw":11,"isMegawatt":false,"status":"AVAILABLE","source":"ndw","priceKwh":0.392}},{"type":"Feature","geometry":{"type":"Point","coordinates":[4.770955,52.650494]},"properties":{"type":"charge","layer":"passenger","locationId":"14EC992E-B27F-4C88-9A3F-6DFD0A33AADE","name":"TNLP034234 - Leopoldstraat 129, Alkmaar","address":"129 Leopoldstraat","city":"Alkmaar","operatorName":"TotalEnergies","maxPowerKw":13,"isMegawatt":false,"status":"UNAVAILABLE","source":"ndw"}},{"type":"Feature","geometry":{"type":"Point","coordinates":[4.754254,52.658382]},"properties":{"type":"charge","layer":"passenger","locationId":"BE19EC38-23D7-4298-ADB2-25F52921B518","name":"TNLP007679 - Laan van Bath 32, Alkmaar","address":"32 Laan van Bath","city":"Alkmaar","operatorName":"TotalEnergies","maxPowerKw":15,"isMegawatt":false,"status":"CHARGING","source":"ndw"}},{"type":"Feature","geometry":{"type":"Point","coordinates":[4.7448071,52.623507]},"properties":{"type":"charge","layer":"passenger","locationId":"834","name":"Shell Recharge NL Piersonstraat 36","address":"Piersonstraat 36","city":"Alkmaar","operatorName":"Ubitricity","maxPowerKw":22,"isMegawatt":false,"status":"AVAILABLE","source":"ndw","priceKwh":0.267}},{"type":"Feature","geometry":{"type":"Point","coordinates":[4.75623,52.62543]},"properties":{"type":"charge","layer":"passenger","locationId":"1457","name":"Shell Recharge NL Baansingel 119","address":"Baansingel 119","city":"Alkmaar","operatorName":"Ubitricity","maxPowerKw":22,"isMegawatt":false,"status":"AVAILABLE","source":"ndw","priceKwh":0.392}},{"type":"Feature","geometry":{"type":"Point","coordinates":[4.76481,52.654205]},"properties":{"type":"charge","layer":"passenger","locationId":"17DDDC3B-AA8B-4A2D-9E79-C539485B7E4A","name":"TNLP015111 - Hulkstraat 17, Alkmaar","address":"17 Hulkstraat","city":"Alkmaar","operatorName":"TotalEnergies","maxPowerKw":17,"isMegawatt":false,"status":"UNAVAILABLE","source":"ndw"}},{"type":"Feature","geometry":{"type":"Point","coordinates":[4.734832,52.63984]},"properties":{"type":"charge","layer":"passenger","locationId":"22680F09-31EA-457C-901F-09B649669C6F","name":"TNLP005844 - Blaeustraat 22, Alkmaar","address":"22 Blaeustraat","city":"Alkmaar","operatorName":"TotalEnergies","maxPowerKw":13,"isMegawatt":false,"status":"AVAILABLE","source":"ndw"}},{"type":"Feature","geometry":{"type":"Point","coordinates":[4.726932,52.640594]},"properties":{"type":"charge","layer":"passenger","locationId":"NLENV738","name":"Alkmaar, Rogier van der Weijdestraat 8","address":"Rogier van der Weydestraat 8","city":"Alkmaar","operatorName":"","maxPowerKw":11,"isMegawatt":false,"status":"AVAILABLE","source":"ndw","priceKwh":0.5}},{"type":"Feature","geometry":{"type":"Point","coordinates":[4.744317,52.63432]},"properties":{"type":"charge","layer":"passenger","locationId":"1628305","name":"Laadnet College Hotel","address":"Achter de Vest 5","city":"Alkmaar","operatorName":"Laadnet","maxPowerKw":22,"isMegawatt":false,"status":"AVAILABLE","source":"ndw"}},{"type":"Feature","geometry":{"type":"Point","coordinates":[4.7494688,52.6171822]},"properties":{"type":"charge","layer":"passenger","locationId":"1823","name":"Shell Recharge NL Melis Stokelaan 110","address":"Melis Stokelaan 110","city":"Alkmaar","operatorName":"Ubitricity","maxPowerKw":22,"isMegawatt":false,"status":"AVAILABLE","source":"ndw","priceKwh":0.267}},{"type":"Feature","geometry":{"type":"Point","coordinates":[4.748915,52.64853]},"properties":{"type":"charge","layer":"passenger","locationId":"718FB52F-352F-42FD-8E8B-6751268664AD","name":"TNLP009014 - Mandenmakerstraat 16, Alkmaar","address":"16 Mandenmakerstraat","city":"Alkmaar","operatorName":"TotalEnergies","maxPowerKw":15,"isMegawatt":false,"status":"AVAILABLE","source":"ndw"}},{"type":"Feature","geometry":{"type":"Point","coordinates":[4.842669,52.555595]},"properties":{"type":"charge","layer":"passenger","locationId":"75463C02-F8DE-4CB3-A0B8-5F3E445009F0","name":"TNLP007624 - Haringbuis 102, De Rijp","address":"102 Haringbuis","city":"De Rijp","operatorName":"TotalEnergies","maxPowerKw":15,"isMegawatt":false,"status":"AVAILABLE","source":"ndw"}},{"type":"Feature","geometry":{"type":"Point","coordinates":[4.750622,52.62558]},"properties":{"type":"charge","layer":"passenger","locationId":"859FB395-B02A-46A9-8C10-6FFCA6385AAA","name":"TNLP007605 - Druckerstraat 14, Alkmaar","address":"14 Druckerstraat","city":"Alkmaar","operatorName":"TotalEnergies","maxPowerKw":13,"isMegawatt":false,"status":"AVAILABLE","source":"ndw"}},{"type":"Feature","geometry":{"type":"Point","coordinates":[4.754378,52.655476]},"properties":{"type":"charge","layer":"passenger","locationId":"0FEA3805-63FC-4495-BBA0-5B62C1A4D29C","name":"TNLP005776 - Goereestraat 1, Alkmaar","address":"1 Goereestraat","city":"Alkmaar","operatorName":"TotalEnergies","maxPowerKw":13,"isMegawatt":false,"status":"AVAILABLE","source":"ndw"}},{"type":"Feature","geometry":{"type":"Point","coordinates":[4.76782,52.62005]},"properties":{"type":"charge","layer":"passenger","locationId":"1542","name":"Shell Recharge NL Kitmanstraat 231","address":"Kitmanstraat 231","city":"Alkmaar","operatorName":"Ubitricity","maxPowerKw":22,"isMegawatt":false,"status":"AVAILABLE","source":"ndw","priceKwh":0.392}},{"type":"Feature","geometry":{"type":"Point","coordinates":[4.74035,52.61752]},"properties":{"type":"charge","layer":"passenger","locationId":"136","name":"Shell Recharge NL Frederik Hendriklaan 157","address":"Frederik Hendriklaan 157","city":"Alkmaar","operatorName":"Ubitricity","maxPowerKw":11,"isMegawatt":false,"status":"AVAILABLE","source":"ndw","priceKwh":0.392}},{"type":"Feature","geometry":{"type":"Point","coordinates":[4.75834,52.64395]},"properties":{"type":"charge","layer":"passenger","locationId":"337","name":"Shell Recharge NL Koggewaard 80","address":"Koggewaard 80","city":"Alkmaar","operatorName":"Ubitricity","maxPowerKw":11,"isMegawatt":false,"status":"AVAILABLE","source":"ndw","priceKwh":0.392}},{"type":"Feature","geometry":{"type":"Point","coordinates":[4.785332,52.646665]},"properties":{"type":"charge","layer":"passenger","locationId":"67864573a94e0f6e0da4e26d","name":"QCE Vastgoed Station 4","address":"Berenkoog  28","city":"Alkmaar","operatorName":"E-Flux by Road","maxPowerKw":22,"isMegawatt":false,"status":"AVAILABLE","source":"ndw","priceKwh":0.48}},{"type":"Feature","geometry":{"type":"Point","coordinates":[4.76184,52.66373]},"properties":{"type":"charge","layer":"passenger","locationId":"1472","name":"Shell Recharge NL Cataloniestraat 22","address":"Cataloniestraat 22","city":"Alkmaar","operatorName":"Ubitricity","maxPowerKw":22,"isMegawatt":false,"status":"AVAILABLE","source":"ndw","priceKwh":0.392}},{"type":"Feature","geometry":{"type":"Point","coordinates":[4.744835,52.601694]},"properties":{"type":"charge","layer":"passenger","locationId":"d4818d9815ac45649bd615b38cb0d727","name":"Interbosch Alkmaar parkeerplaats achter","address":"Toermalijnstraat 11","city":"Alkmaar","operatorName":"Opcharge","maxPowerKw":22,"isMegawatt":false,"status":"AVAILABLE","source":"ndw","priceKwh":0.49}},{"type":"Feature","geometry":{"type":"Point","coordinates":[4.7358,52.64377]},"properties":{"type":"charge","layer":"passenger","locationId":"23","name":"Shell Recharge NL Berliozstraat 7","address":"Berliozstraat 7","city":"Alkmaar","operatorName":"Ubitricity","maxPowerKw":11,"isMegawatt":false,"status":"AVAILABLE","source":"ndw","priceKwh":0.392}},{"type":"Feature","geometry":{"type":"Point","coordinates":[4.72497,52.63581]},"properties":{"type":"charge","layer":"passenger","locationId":"544","name":"Shell Recharge NL van Beyerenstraat 2","address":"van Beyerenstraat 2","city":"Alkmaar","operatorName":"Ubitricity","maxPowerKw":11,"isMegawatt":false,"status":"AVAILABLE","source":"ndw","priceKwh":0.392}},{"type":"Feature","geometry":{"type":"Point","coordinates":[4.757105,52.67341]},"properties":{"type":"charge","layer":"passenger","locationId":"d5cf2772420000b378b454c7a6d29709","name":"De Oord 2","address":"De Oord 2","city":"Koedijk","operatorName":"Vattenfall InCharge","maxPowerKw":11,"isMegawatt":false,"status":"AVAILABLE","source":"ndw","priceKwh":0.2805}},{"type":"Feature","geometry":{"type":"Point","coordinates":[4.73066,52.63993]},"properties":{"type":"charge","layer":"passenger","locationId":"8171222B-3869-4716-BC47-91A8A6EB5169","name":"PP002482 - Jan van Scorelkade 71, Alkmaar","address":"71 Jan van Scorelkade","city":"Alkmaar","operatorName":"TotalEnergies","maxPowerKw":13,"isMegawatt":false,"status":"CHARGING","source":"ndw"}},{"type":"Feature","geometry":{"type":"Point","coordinates":[4.735258,52.607185]},"properties":{"type":"charge","layer":"passenger","locationId":"673dff3f944f320894f28391","name":"Parelweg 11","address":"Parelweg 11","city":"Alkmaar","operatorName":"E-Flux by Road","maxPowerKw":80,"isMegawatt":false,"status":"AVAILABLE","source":"ndw","priceKwh":0.56}},{"type":"Feature","geometry":{"type":"Point","coordinates":[4.85434,52.55854]},"properties":{"type":"charge","layer":"passenger","locationId":"61","name":"Shell Recharge NL Oosterpark 10","address":"Oosterpark 10","city":"De Rijp","operatorName":"Ubitricity","maxPowerKw":11,"isMegawatt":false,"status":"AVAILABLE","source":"ndw","priceKwh":0.392}},{"type":"Feature","geometry":{"type":"Point","coordinates":[4.772446,52.664417]},"properties":{"type":"charge","layer":"passenger","locationId":"F5912F20-A449-419C-8906-CAB2964CA6F1","name":"TNLP008587 - Sperwerstraat 9, Alkmaar","address":"9 Sperwerstraat","city":"Alkmaar","operatorName":"TotalEnergies","maxPowerKw":14,"isMegawatt":false,"status":"AVAILABLE","source":"ndw"}},{"type":"Feature","geometry":{"type":"Point","coordinates":[4.721316,52.62562]},"properties":{"type":"charge","layer":"passenger","locationId":"2FC6BA22-57C5-468E-AF88-1A145FABB64B","name":"PP005024 - Murillohof 36, Alkmaar","address":"36 Murillohof","city":"Alkmaar","operatorName":"TotalEnergies","maxPowerKw":13,"isMegawatt":false,"status":"AVAILABLE","source":"ndw"}},{"type":"Feature","geometry":{"type":"Point","coordinates":[4.839857,52.55359]},"properties":{"type":"charge","layer":"passenger","locationId":"34D63552-7741-4A28-915F-99427AF6E545","name":"TNLP008273 - Driekoningenhof 71, De Rijp","address":"71 Driekoningenhof","city":"De Rijp","operatorName":"TotalEnergies","maxPowerKw":13,"isMegawatt":false,"status":"UNAVAILABLE","source":"ndw"}},{"type":"Feature","geometry":{"type":"Point","coordinates":[4.759031,52.67368]},"properties":{"type":"charge","layer":"passenger","locationId":"CF676969-E68D-4EED-B3E5-2AA9AF706FC1","name":"TNLP034662 - Reaalstraat 2, Alkmaar","address":"2 Reaalstraat","city":"Alkmaar","operatorName":"TotalEnergies","maxPowerKw":13,"isMegawatt":false,"status":"UNAVAILABLE","source":"ndw"}},{"type":"Feature","geometry":{"type":"Point","coordinates":[4.741542,52.637627]},"properties":{"type":"charge","layer":"passenger","locationId":"EFB8A838-A817-47F6-B0C0-02D37EF1D317","name":"TNLP034030 - Stationsweg 86, Alkmaar","address":"86 Stationsweg","city":"Alkmaar","operatorName":"TotalEnergies","maxPowerKw":13,"isMegawatt":false,"status":"UNAVAILABLE","source":"ndw"}},{"type":"Feature","geometry":{"type":"Point","coordinates":[4.76691,52.66005]},"properties":{"type":"charge","layer":"passenger","locationId":"332","name":"Shell Recharge NL Vogelweg 96","address":"Vogelweg 96","city":"Alkmaar","operatorName":"Ubitricity","maxPowerKw":11,"isMegawatt":false,"status":"AVAILABLE","source":"ndw","priceKwh":0.392}},{"type":"Feature","geometry":{"type":"Point","coordinates":[4.75048,52.6267]},"properties":{"type":"charge","layer":"passenger","locationId":"585","name":"Shell Recharge NL Overdiepad 1","address":"Overdiepad 1","city":"Alkmaar","operatorName":"Ubitricity","maxPowerKw":11,"isMegawatt":false,"status":"AVAILABLE","source":"ndw","priceKwh":0.392}},{"type":"Feature","geometry":{"type":"Point","coordinates":[4.726294,52.646192]},"properties":{"type":"charge","layer":"passenger","locationId":"55828632","name":"Van Leeuwen 55828632","address":"Keesboekestraat 5","city":"Alkmaar","operatorName":"Van Leeuwen","maxPowerKw":22,"isMegawatt":false,"status":"AVAILABLE","source":"ndw"}},{"type":"Feature","geometry":{"type":"Point","coordinates":[4.73944,52.61937]},"properties":{"type":"charge","layer":"passenger","locationId":"7a6a7920-4bae-432f-a357-0de343b404d1","name":"PP004291 - Anna Paulownastraat 2, Alkmaar","address":"2 Anna Paulownastraat","city":"Alkmaar","operatorName":"TotalEnergies","maxPowerKw":15,"isMegawatt":false,"status":"AVAILABLE","source":"ndw"}},{"type":"Feature","geometry":{"type":"Point","coordinates":[4.7513,52.63128]},"properties":{"type":"charge","layer":"passenger","locationId":"1818071","name":"Laadnet VvE voordam Parkeerplaatsen","address":"Zijdam 9","city":"Alkmaar","operatorName":"Laadnet","maxPowerKw":22,"isMegawatt":false,"status":"AVAILABLE","source":"ndw"}},{"type":"Feature","geometry":{"type":"Point","coordinates":[4.744897,52.627127]},"properties":{"type":"charge","layer":"passenger","locationId":"a8f2e0c4454e10d86c215aac6e05fd3c","name":"Steijnstraat 1","address":"Steijnstraat 1","city":"Alkmaar","operatorName":"Vattenfall InCharge","maxPowerKw":11,"isMegawatt":false,"status":"AVAILABLE","source":"ndw","priceKwh":0.2805}},{"type":"Feature","geometry":{"type":"Point","coordinates":[4.84152,52.55492]},"properties":{"type":"charge","layer":"passenger","locationId":"1578","name":"Shell Recharge NL Morgenstraat 23","address":"Morgenstraat 23","city":"Alkmaar","operatorName":"Ubitricity","maxPowerKw":22,"isMegawatt":false,"status":"AVAILABLE","source":"ndw","priceKwh":0.392}},{"type":"Feature","geometry":{"type":"Point","coordinates":[4.755584,52.637442]},"properties":{"type":"charge","layer":"passenger","locationId":"6a048ada410a908e0e197f25","name":"Borst Bedden en Kasten KW","address":"Kwakelkade 30A","city":"Alkmaar","operatorName":"E-Flux by Road","maxPowerKw":22,"isMegawatt":false,"status":"AVAILABLE","source":"ndw","priceKwh":0.36}},{"type":"Feature","geometry":{"type":"Point","coordinates":[4.764551,52.632336]},"properties":{"type":"charge","layer":"passenger","locationId":"53ADB97C-845A-43E6-AD2F-959792D81164","name":"TNLP005796 - Rijnstraat 37, Alkmaar","address":"37 Rijnstraat","city":"Alkmaar","operatorName":"TotalEnergies","maxPowerKw":13,"isMegawatt":false,"status":"AVAILABLE","source":"ndw"}},{"type":"Feature","geometry":{"type":"Point","coordinates":[4.759326,52.666153]},"properties":{"type":"charge","layer":"passenger","locationId":"169F973F-FFD1-41A0-94B4-5E524F093B1A","name":"TNLP007701 - Lombardijeweg 1, Alkmaar","address":"1 Lombardijeweg","city":"Alkmaar","operatorName":"TotalEnergies","maxPowerKw":15,"isMegawatt":false,"status":"AVAILABLE","source":"ndw"}},{"type":"Feature","geometry":{"type":"Point","coordinates":[4.764731,52.653023]},"properties":{"type":"charge","layer":"passenger","locationId":"196FF8D9-3CA1-4A5F-A66A-9215077AC350","name":"TNLP007398 - Wielingenweg 110, Alkmaar","address":"110 Wielingenweg","city":"Alkmaar","operatorName":"TotalEnergies","maxPowerKw":15,"isMegawatt":false,"status":"CHARGING","source":"ndw"}},{"type":"Feature","geometry":{"type":"Point","coordinates":[4.751667,52.659218]},"properties":{"type":"charge","layer":"passenger","locationId":"3F5B4506-E861-49D6-BF43-EF9F9997801A","name":"TNLP015114 - Burijnstraat 1, Alkmaar","address":"1 Burijnstraat","city":"Alkmaar","operatorName":"TotalEnergies","maxPowerKw":17,"isMegawatt":false,"status":"UNAVAILABLE","source":"ndw"}},{"type":"Feature","geometry":{"type":"Point","coordinates":[4.798159,52.655284]},"properties":{"type":"charge","layer":"passenger","locationId":"64edbb5e716e4f001c263413","name":"Hartog-Tuning EV Charging 22kw solar","address":"Hamsterkoog 16","city":"Alkmaar","operatorName":"E-Flux by Road","maxPowerKw":22,"isMegawatt":false,"status":"AVAILABLE","source":"ndw","priceKwh":0.23}},{"type":"Feature","geometry":{"type":"Point","coordinates":[4.74675,52.62512]},"properties":{"type":"charge","layer":"passenger","locationId":"1565","name":"Shell Recharge NL Lyceumstraat 62","address":"Lyceumstraat 62","city":"Alkmaar","operatorName":"Ubitricity","maxPowerKw":22,"isMegawatt":false,"status":"AVAILABLE","source":"ndw","priceKwh":0.392}},{"type":"Feature","geometry":{"type":"Point","coordinates":[4.75575,52.62714]},"properties":{"type":"charge","layer":"passenger","locationId":"435A43C8-1C40-42E1-B79A-4D21AAC42B7A","name":"TNLP007791 - Zandersbuurt 19, Alkmaar","address":"19 Zandersbuurt","city":"Alkmaar","operatorName":"TotalEnergies","maxPowerKw":13,"isMegawatt":false,"status":"UNAVAILABLE","source":"ndw"}},{"type":"Feature","geometry":{"type":"Point","coordinates":[4.735906,52.626396]},"properties":{"type":"charge","layer":"passenger","locationId":"43B1A45C-BA83-4D90-A82E-8BE635AFE4C6","name":"TNLP007428 - Wilhelminalaan 22, Alkmaar","address":"22 Wilhelminalaan","city":"Alkmaar","operatorName":"TotalEnergies","maxPowerKw":13,"isMegawatt":false,"status":"AVAILABLE","source":"ndw"}},{"type":"Feature","geometry":{"type":"Point","coordinates":[4.80024,52.55126]},"properties":{"type":"charge","layer":"passenger","locationId":"288","name":"Shell Recharge NL Kanaaldijk 47","address":"Kanaaldijk 47","city":"West-Graftdijk","operatorName":"Ubitricity","maxPowerKw":11,"isMegawatt":false,"status":"AVAILABLE","source":"ndw","priceKwh":0.392}},{"type":"Feature","geometry":{"type":"Point","coordinates":[4.771647,52.626621]},"properties":{"type":"charge","layer":"passenger","locationId":"3290077","name":"Laadnet Rexel Alkmaar","address":"Edisonweg 1","city":"Alkmaar","operatorName":"Laadnet","maxPowerKw":22,"isMegawatt":false,"status":"AVAILABLE","source":"ndw"}},{"type":"Feature","geometry":{"type":"Point","coordinates":[4.765189,52.64508]},"properties":{"type":"charge","layer":"passenger","locationId":"329B1EDF-3B71-4EB9-90F9-268D622DA8B7","name":"TNLP034623 - Heinenwaard 25, Alkmaar","address":"25 Heinenwaard","city":"Alkmaar","operatorName":"TotalEnergies","maxPowerKw":13,"isMegawatt":false,"status":"UNAVAILABLE","source":"ndw"}},{"type":"Feature","geometry":{"type":"Point","coordinates":[4.749849,52.676182]},"properties":{"type":"charge","layer":"passenger","locationId":"f2b8732e6ffe0557c5d79985313feea8","name":"De Landman 20","address":"De Landman 20","city":"Koedijk","operatorName":"Vattenfall InCharge","maxPowerKw":11,"isMegawatt":false,"status":"AVAILABLE","source":"ndw","priceKwh":0.2805}},{"type":"Feature","geometry":{"type":"Point","coordinates":[4.732833,52.635532]},"properties":{"type":"charge","layer":"passenger","locationId":"A85213C8-AB9B-49B0-BF04-0D47E9A23013","name":"PP005182 - Cornelis Buysstraat 42, Alkmaar","address":"42 Cornelis Buysstraat","city":"Alkmaar","operatorName":"TotalEnergies","maxPowerKw":15,"isMegawatt":false,"status":"AVAILABLE","source":"ndw"}},{"type":"Feature","geometry":{"type":"Point","coordinates":[4.731553,52.6385]},"properties":{"type":"charge","layer":"passenger","locationId":"CB596CA1-9CC3-4BF9-A3BB-D52E1AAAA0B4","name":"TNLP006399 - Bergerweg 84a, Alkmaar","address":"84a Bergerweg","city":"Alkmaar","operatorName":"TotalEnergies","maxPowerKw":13,"isMegawatt":false,"status":"AVAILABLE","source":"ndw"}},{"type":"Feature","geometry":{"type":"Point","coordinates":[4.73841,52.64806]},"properties":{"type":"charge","layer":"passenger","locationId":"894AF5DC-85D7-475E-9DB8-EEB3C9D958B7","name":"PP004144 - Havinghastraat 15a, Alkmaar","address":"15a Havinghastraat","city":"Alkmaar","operatorName":"TotalEnergies","maxPowerKw":15,"isMegawatt":false,"status":"CHARGING","source":"ndw"}},{"type":"Feature","geometry":{"type":"Point","coordinates":[4.767359,52.65865]},"properties":{"type":"charge","layer":"passenger","locationId":"89E76452-CC94-4F85-908C-4D78E5564415","name":"TNLP006549 - Eksterstraat 6, Alkmaar","address":"6 Eksterstraat","city":"Alkmaar","operatorName":"TotalEnergies","maxPowerKw":15,"isMegawatt":false,"status":"AVAILABLE","source":"ndw"}},{"type":"Feature","geometry":{"type":"Point","coordinates":[4.741819,52.634403]},"properties":{"type":"charge","layer":"passenger","locationId":"69AC7F09-E418-4634-B2F0-EB345685E234","name":"TNLP008307 - Geestersingel 17, Alkmaar","address":"17 Geestersingel","city":"Alkmaar","operatorName":"TotalEnergies","maxPowerKw":13,"isMegawatt":false,"status":"AVAILABLE","source":"ndw"}},{"type":"Feature","geometry":{"type":"Point","coordinates":[4.77908,52.63038]},"properties":{"type":"charge","layer":"passenger","locationId":"89D1D266-5C86-4989-A86C-D7521AF95BDB","name":"PP004111 - Ceresstraat 150, Oudorp","address":"150 Ceresstraat","city":"Oudorp","operatorName":"TotalEnergies","maxPowerKw":13,"isMegawatt":false,"status":"CHARGING","source":"ndw"}},{"type":"Feature","geometry":{"type":"Point","coordinates":[4.730245,52.637867]},"properties":{"type":"charge","layer":"passenger","locationId":"A2F7E7FB-E0FF-4F7E-B477-A461A9EE307E","name":"TNLP007773 - Gerard Doustraat 2, Alkmaar","address":"2 Gerard Doustraat","city":"Alkmaar","operatorName":"TotalEnergies","maxPowerKw":13,"isMegawatt":false,"status":"AVAILABLE","source":"ndw"}},{"type":"Feature","geometry":{"type":"Point","coordinates":[4.736649,52.622852]},"properties":{"type":"charge","layer":"passenger","locationId":"C4AA4E1D-01DF-461D-9CB9-D195E6AC498F","name":"TNLP008234 - Corfstraat 1, Alkmaar","address":"1 Corfstraat","city":"Alkmaar","operatorName":"TotalEnergies","maxPowerKw":15,"isMegawatt":false,"status":"CHARGING","source":"ndw"}},{"type":"Feature","geometry":{"type":"Point","coordinates":[4.74564,52.645565]},"properties":{"type":"charge","layer":"passenger","locationId":"AF33F7E7-ED6A-4BA8-A56A-3CD86DB09A1C","name":"TNLP005794 - Muiderwaard 13, Alkmaar","address":"13 Muiderwaard","city":"Alkmaar","operatorName":"TotalEnergies","maxPowerKw":15,"isMegawatt":false,"status":"AVAILABLE","source":"ndw"}},{"type":"Feature","geometry":{"type":"Point","coordinates":[4.794125,52.55713]},"properties":{"type":"charge","layer":"passenger","locationId":"46A9075B-0E5F-41D5-A39F-DAFBC8F2578F","name":"TNLP034028 - Noorderstraat 41, West-Graftdijk","address":"41 Noorderstraat","city":"West-Graftdijk","operatorName":"TotalEnergies","maxPowerKw":13,"isMegawatt":false,"status":"UNAVAILABLE","source":"ndw"}},{"type":"Feature","geometry":{"type":"Point","coordinates":[4.833891,52.635956]},"properties":{"type":"charge","layer":"passenger","locationId":"1300AAD2-70C3-43E8-8818-D91E32BAFA4C","name":"TNLP008055 - Dorpsstraat 54, Oterleek","address":"54 Dorpsstraat","city":"Oterleek","operatorName":"TotalEnergies","maxPowerKw":15,"isMegawatt":false,"status":"AVAILABLE","source":"ndw"}},{"type":"Feature","geometry":{"type":"Point","coordinates":[4.735685,52.641025]},"properties":{"type":"charge","layer":"passenger","locationId":"6871041e8c4cc79f8d496dea","name":"Vincent Smit 's station","address":"Chopinstraat 10","city":"Alkmaar","operatorName":"E-Flux by Road","maxPowerKw":22,"isMegawatt":false,"status":"AVAILABLE","source":"ndw","priceKwh":0.65}},{"type":"Feature","geometry":{"type":"Point","coordinates":[4.761928,52.6328206]},"properties":{"type":"charge","layer":"passenger","locationId":"1026","name":"Shell Recharge NL Maasstraat 101","address":"Maasstraat 101","city":"Alkmaar","operatorName":"Ubitricity","maxPowerKw":22,"isMegawatt":false,"status":"AVAILABLE","source":"ndw","priceKwh":0.267}},{"type":"Feature","geometry":{"type":"Point","coordinates":[4.75777,52.63017]},"properties":{"type":"charge","layer":"passenger","locationId":"208C8E53-FD68-4008-9E8D-1A174F91338E","name":"PP005046 - Waterschapstraat 3, Alkmaar","address":"3 Waterschapstraat","city":"Alkmaar","operatorName":"TotalEnergies","maxPowerKw":13,"isMegawatt":false,"status":"CHARGING","source":"ndw"}},{"type":"Feature","geometry":{"type":"Point","coordinates":[4.717827,52.63654]},"properties":{"type":"charge","layer":"passenger","locationId":"2C30258D-5E15-4C63-BF2D-32655A468646","name":"PP004088 - Olympiaweg 16, Alkmaar","address":"16 Olympiaweg","city":"Alkmaar","operatorName":"TotalEnergies","maxPowerKw":15,"isMegawatt":false,"status":"AVAILABLE","source":"ndw"}},{"type":"Feature","geometry":{"type":"Point","coordinates":[4.74006,52.62346]},"properties":{"type":"charge","layer":"passenger","locationId":"ae6c8a34-484c-49d5-92c7-2537908ce7d5","name":"PP001557 - Waerdendelstraat 2, Alkmaar","address":"2 Waerdendelstraat","city":"Alkmaar","operatorName":"TotalEnergies","maxPowerKw":11,"isMegawatt":false,"status":"AVAILABLE","source":"ndw"}},{"type":"Feature","geometry":{"type":"Point","coordinates":[4.76774,52.63196]},"properties":{"type":"charge","layer":"passenger","locationId":"22","name":"Shell Recharge NL Amstelstraat 17","address":"Amstelstraat 17","city":"Alkmaar","operatorName":"Ubitricity","maxPowerKw":11,"isMegawatt":false,"status":"AVAILABLE","source":"ndw","priceKwh":0.392}},{"type":"Feature","geometry":{"type":"Point","coordinates":[4.766923,52.6433]},"properties":{"type":"charge","layer":"passenger","locationId":"94D4067F-E0DE-4185-BA9D-BA57E9FB88CF","name":"Laadplein - TNLP006238 - Hertog Aalbrechtweg 2, Alkmaar","address":"2 Hertog Aalbrechtweg","city":"Alkmaar","operatorName":"TotalEnergies","maxPowerKw":15,"isMegawatt":false,"status":"AVAILABLE","source":"ndw"}},{"type":"Feature","geometry":{"type":"Point","coordinates":[4.755583,52.625557]},"properties":{"type":"charge","layer":"passenger","locationId":"1de85644-fce1-4fe2-a0ad-1769b719be83","name":"TNLP009706 - Catsstraat 4, Alkmaar","address":"4 Catsstraat","city":"Alkmaar","operatorName":"TotalEnergies","maxPowerKw":13,"isMegawatt":false,"status":"AVAILABLE","source":"ndw"}},{"type":"Feature","geometry":{"type":"Point","coordinates":[4.748185,52.637586]},"properties":{"type":"charge","layer":"passenger","locationId":"91230442","name":"50five-S NL 04001643","address":"Pettemerstraat 1","city":"Alkmaar","operatorName":"50five","maxPowerKw":7,"isMegawatt":false,"status":"AVAILABLE","source":"ndw"}},{"type":"Feature","geometry":{"type":"Point","coordinates":[4.752293,52.630836]},"properties":{"type":"charge","layer":"passenger","locationId":"95741A2F-2DDF-4BCB-8195-6BCC5E75F140","name":"TNLP007648 - Luttik Oudorp 102, Alkmaar","address":"102 Luttik Oudorp","city":"Alkmaar","operatorName":"TotalEnergies","maxPowerKw":15,"isMegawatt":false,"status":"CHARGING","source":"ndw"}},{"type":"Feature","geometry":{"type":"Point","coordinates":[4.742305,52.6401]},"properties":{"type":"charge","layer":"passenger","locationId":"AA2E961D-3289-47B1-8FF8-83AD59B8B986","name":"TNLP015294 - Ranonkelstraat 18, Alkmaar","address":"18 Ranonkelstraat","city":"Alkmaar","operatorName":"TotalEnergies","maxPowerKw":17,"isMegawatt":false,"status":"UNAVAILABLE","source":"ndw"}},{"type":"Feature","geometry":{"type":"Point","coordinates":[4.7461,52.618767]},"properties":{"type":"charge","layer":"passenger","locationId":"C34C4550-5C9B-430E-8C68-2D0F88322274","name":"TNLP007202 - Ruusbroechof 1, Alkmaar","address":"1 Ruusbroechof","city":"Alkmaar","operatorName":"TotalEnergies","maxPowerKw":13,"isMegawatt":false,"status":"AVAILABLE","source":"ndw"}},{"type":"Feature","geometry":{"type":"Point","coordinates":[4.760777,52.67168]},"properties":{"type":"charge","layer":"passenger","locationId":"C9863D5F-00AE-430C-835B-DB7074126808","name":"PP005021 - Crusadestraat 11, Alkmaar","address":"11 Crusadestraat","city":"Alkmaar","operatorName":"TotalEnergies","maxPowerKw":13,"isMegawatt":false,"status":"AVAILABLE","source":"ndw"}},{"type":"Feature","geometry":{"type":"Point","coordinates":[4.73927,52.63996]},"properties":{"type":"charge","layer":"passenger","locationId":"187","name":"Shell Recharge NL irisstraat 1","address":"irisstraat 1","city":"Alkmaar","operatorName":"Ubitricity","maxPowerKw":11,"isMegawatt":false,"status":"AVAILABLE","source":"ndw","priceKwh":0.392}},{"type":"Feature","geometry":{"type":"Point","coordinates":[4.77919,52.63026]},"properties":{"type":"charge","layer":"passenger","locationId":"b67ec799c8897e3e80c6d234e92b26aa","name":"Terrastraat 40","address":"Terrastraat 40","city":"Oudorp","operatorName":"Vattenfall InCharge","maxPowerKw":11,"isMegawatt":false,"status":"AVAILABLE","source":"ndw","priceKwh":0.2805}},{"type":"Feature","geometry":{"type":"Point","coordinates":[4.735282,52.621595]},"properties":{"type":"charge","layer":"passenger","locationId":"448828f9-7080-4bc6-964d-3137b5eee030","name":"Kennemerstraatweg","address":"Kennemerstraatweg 203","city":"Alkmaar","operatorName":"Vattenfall InCharge","maxPowerKw":11,"isMegawatt":false,"status":"UNAVAILABLE","source":"ndw","priceKwh":0.4316}},{"type":"Feature","geometry":{"type":"Point","coordinates":[4.744805,52.653767]},"properties":{"type":"charge","layer":"passenger","locationId":"B18C2700-CB4C-4C76-ACAB-F53C16FC677E","name":"TNLP034679 - Tinnegieterstraat 1, Alkmaar","address":"1 Tinnegieterstraat","city":"Alkmaar","operatorName":"TotalEnergies","maxPowerKw":13,"isMegawatt":false,"status":"UNAVAILABLE","source":"ndw"}},{"type":"Feature","geometry":{"type":"Point","coordinates":[4.77032,52.66095]},"properties":{"type":"charge","layer":"passenger","locationId":"115","name":"Shell Recharge NL Havikweg 34","address":"Havikweg 34","city":"Alkmaar","operatorName":"Ubitricity","maxPowerKw":11,"isMegawatt":false,"status":"AVAILABLE","source":"ndw","priceKwh":0.392}},{"type":"Feature","geometry":{"type":"Point","coordinates":[4.73323,52.63081]},"properties":{"type":"charge","layer":"passenger","locationId":"bcacf171a0ed3ae749d3e0279211d6ef","name":"Houtweg 30","address":"Houtweg 30","city":"Alkmaar","operatorName":"Vattenfall InCharge","maxPowerKw":11,"isMegawatt":false,"status":"AVAILABLE","source":"ndw","priceKwh":0.2805}},{"type":"Feature","geometry":{"type":"Point","coordinates":[4.850121,52.55854]},"properties":{"type":"charge","layer":"passenger","locationId":"11ED64D9-DC76-45C6-BC94-BFC1DBA556DB","name":"TNLP009490 - Jan Boonplein 12, De Rijp","address":"12 Jan Boonplein","city":"De Rijp","operatorName":"TotalEnergies","maxPowerKw":15,"isMegawatt":false,"status":"CHARGING","source":"ndw"}},{"type":"Feature","geometry":{"type":"Point","coordinates":[4.753067,52.62706]},"properties":{"type":"charge","layer":"passenger","locationId":"8971885B-3FFA-48C2-8DCE-1ABFB4D01FA9","name":"TNLP008639 - Korte Vondelstraat 8, Alkmaar","address":"8 Korte Vondelstraat","city":"Alkmaar","operatorName":"TotalEnergies","maxPowerKw":14,"isMegawatt":false,"status":"AVAILABLE","source":"ndw"}},{"type":"Feature","geometry":{"type":"Point","coordinates":[4.736888,52.623302]},"properties":{"type":"charge","layer":"passenger","locationId":"D06BBFA0-AF37-4C56-9BD5-A74C3FFECC38","name":"TNLP006952 - Comansstraat 4, Alkmaar","address":"4 Comansstraat","city":"Alkmaar","operatorName":"TotalEnergies","maxPowerKw":13,"isMegawatt":false,"status":"AVAILABLE","source":"ndw"}},{"type":"Feature","geometry":{"type":"Point","coordinates":[4.767601,52.634033]},"properties":{"type":"charge","layer":"passenger","locationId":"C286124F-F3F9-477C-8320-07816F53C243","name":"TNLP006438 - Krijtmolen 14, Alkmaar","address":"14 Krijtmolen","city":"Alkmaar","operatorName":"TotalEnergies","maxPowerKw":13,"isMegawatt":false,"status":"AVAILABLE","source":"ndw"}},{"type":"Feature","geometry":{"type":"Point","coordinates":[4.750511,52.627464]},"properties":{"type":"charge","layer":"passenger","locationId":"39BB9F90-4283-43A1-B936-459A14AE73F8","name":"TNLP006054 - Wildemanstraat 28, Alkmaar","address":"28 Wildemanstraat","city":"Alkmaar","operatorName":"TotalEnergies","maxPowerKw":13,"isMegawatt":false,"status":"AVAILABLE","source":"ndw"}},{"type":"Feature","geometry":{"type":"Point","coordinates":[4.88707,52.60093]},"properties":{"type":"charge","layer":"passenger","locationId":"cd6d8b0060db111c99c800eb52a431fb","name":"Westeinde 28A","address":"Westeinde 28A","city":"Schermerhorn","operatorName":"Vattenfall InCharge","maxPowerKw":11,"isMegawatt":false,"status":"AVAILABLE","source":"ndw","priceKwh":0.2805}},{"type":"Feature","geometry":{"type":"Point","coordinates":[4.7427657,52.6323116]},"properties":{"type":"charge","layer":"passenger","locationId":"569","name":"Shell Recharge NL Bagijnenstraat 11","address":"Bagijnenstraat 11","city":"Alkmaar","operatorName":"Ubitricity","maxPowerKw":11,"isMegawatt":false,"status":"CHARGING","source":"ndw","priceKwh":0.392}},{"type":"Feature","geometry":{"type":"Point","coordinates":[4.7751324,52.6635512]},"properties":{"type":"charge","layer":"passenger","locationId":"923","name":"Shell Recharge NL Kneppelweide 6","address":"Kneppelweide 6","city":"Alkmaar","operatorName":"Ubitricity","maxPowerKw":22,"isMegawatt":false,"status":"AVAILABLE","source":"ndw","priceKwh":0.267}},{"type":"Feature","geometry":{"type":"Point","coordinates":[4.76289,52.67383]},"properties":{"type":"charge","layer":"passenger","locationId":"1566","name":"Shell Recharge NL Marco Polostraat 3","address":"Marco Polostraat 3","city":"Alkmaar","operatorName":"Ubitricity","maxPowerKw":22,"isMegawatt":false,"status":"AVAILABLE","source":"ndw","priceKwh":0.392}},{"type":"Feature","geometry":{"type":"Point","coordinates":[4.74886,52.62921]},"properties":{"type":"charge","layer":"passenger","locationId":"1572","name":"Shell Recharge NL Melcoplein 3","address":"Melcoplein 3","city":"Alkmaar","operatorName":"Ubitricity","maxPowerKw":22,"isMegawatt":false,"status":"AVAILABLE","source":"ndw","priceKwh":0.392}},{"type":"Feature","geometry":{"type":"Point","coordinates":[4.76009,52.6287]},"properties":{"type":"charge","layer":"passenger","locationId":"1594","name":"Shell Recharge NL Ouddorperdijkje 68","address":"Ouddorperdijkje 68","city":"Alkmaar","operatorName":"Ubitricity","maxPowerKw":22,"isMegawatt":false,"status":"AVAILABLE","source":"ndw","priceKwh":0.392}},{"type":"Feature","geometry":{"type":"Point","coordinates":[4.746969,52.65574]},"properties":{"type":"charge","layer":"passenger","locationId":"AFD1D65B-019F-4FF4-BFB5-9D49F4E1D36F","name":"PP005155 - Postiljonstraat 1, Alkmaar","address":"1 Postiljonstraat","city":"Alkmaar","operatorName":"TotalEnergies","maxPowerKw":13,"isMegawatt":false,"status":"AVAILABLE","source":"ndw"}},{"type":"Feature","geometry":{"type":"Point","coordinates":[4.751639,52.614983]},"properties":{"type":"charge","layer":"passenger","locationId":"DBA29A11-54B1-4109-B675-4E30F85CCE9F","name":"TNLP007415 - Graalstraat 51, Alkmaar","address":"51 Graalstraat","city":"Alkmaar","operatorName":"TotalEnergies","maxPowerKw":13,"isMegawatt":false,"status":"AVAILABLE","source":"ndw"}},{"type":"Feature","geometry":{"type":"Point","coordinates":[4.75467,52.63048]},"properties":{"type":"charge","layer":"passenger","locationId":"02c27f89-ade6-4afe-995b-f0165341b458","name":"PP001601 - Wortelsteeg 4, Alkmaar","address":"4 Wortelsteeg","city":"Alkmaar","operatorName":"TotalEnergies","maxPowerKw":11,"isMegawatt":false,"status":"AVAILABLE","source":"ndw"}},{"type":"Feature","geometry":{"type":"Point","coordinates":[4.73261,52.63143]},"properties":{"type":"charge","layer":"passenger","locationId":"3c181d47-a95c-482b-8979-88158c0ba029","name":"PP001092 - Fritz Conijnlaan 2A, Alkmaar","address":"2A Fritz Conijnlaan","city":"Alkmaar","operatorName":"TotalEnergies","maxPowerKw":17,"isMegawatt":false,"status":"UNAVAILABLE","source":"ndw"}},{"type":"Feature","geometry":{"type":"Point","coordinates":[4.755339,52.626335]},"properties":{"type":"charge","layer":"passenger","locationId":"fe6ebb3d-39bc-4775-aa29-beb8fdce6914","name":"TNLP006177 - Wolfpad 44, Alkmaar","address":"44 Wolfpad","city":"Alkmaar","operatorName":"TotalEnergies","maxPowerKw":13,"isMegawatt":false,"status":"AVAILABLE","source":"ndw"}},{"type":"Feature","geometry":{"type":"Point","coordinates":[4.758936,52.65539]},"properties":{"type":"charge","layer":"passenger","locationId":"3B0BB9F5-791B-4FB6-A63D-F5F0163F2756","name":"PP001080 - Europaplein 56, Alkmaar","address":"56 Europaplein","city":"Alkmaar","operatorName":"TotalEnergies","maxPowerKw":17,"isMegawatt":false,"status":"AVAILABLE","source":"ndw"}},{"type":"Feature","geometry":{"type":"Point","coordinates":[4.730691,52.63096]},"properties":{"type":"charge","layer":"passenger","locationId":"58581C58-66CA-4B1A-B723-0549CC3FB552","name":"TNLP007205 - Beukenlaan 20, Alkmaar","address":"20 Beukenlaan","city":"Alkmaar","operatorName":"TotalEnergies","maxPowerKw":15,"isMegawatt":false,"status":"CHARGING","source":"ndw"}},{"type":"Feature","geometry":{"type":"Point","coordinates":[4.73426,52.61922]},"properties":{"type":"charge","layer":"passenger","locationId":"70E2074B-EFCA-41B3-97C4-D212D9F0E661","name":"TNLP003512 - Wendelaarhof 1, Alkmaar","address":"1 Wendelaarhof","city":"Alkmaar","operatorName":"TotalEnergies","maxPowerKw":17,"isMegawatt":false,"status":"AVAILABLE","source":"ndw"}},{"type":"Feature","geometry":{"type":"Point","coordinates":[4.757513,52.634518]},"properties":{"type":"charge","layer":"passenger","locationId":"E967C4FB-43DB-4B64-A62F-B5ABB5774A77","name":"TNLP009560 - Lepelaarstraat 5, Alkmaar","address":"5 Lepelaarstraat","city":"Alkmaar","operatorName":"TotalEnergies","maxPowerKw":15,"isMegawatt":false,"status":"AVAILABLE","source":"ndw"}},{"type":"Feature","geometry":{"type":"Point","coordinates":[4.74942,52.619484]},"properties":{"type":"charge","layer":"passenger","locationId":"7FE514E5-9BD5-4466-8836-265AB0E926F3","name":"TNLP006284 - Camphuysenstraat 110, Alkmaar","address":"110 Camphuysenstraat","city":"Alkmaar","operatorName":"TotalEnergies","maxPowerKw":13,"isMegawatt":false,"status":"AVAILABLE","source":"ndw"}},{"type":"Feature","geometry":{"type":"Point","coordinates":[4.75295,52.64544]},"properties":{"type":"charge","layer":"passenger","locationId":"9E4915B6-3BB1-48BF-934D-4E0F68124894","name":"PP004143 - Tochtwaard 5, Alkmaar","address":"5 Tochtwaard","city":"Alkmaar","operatorName":"TotalEnergies","maxPowerKw":13,"isMegawatt":false,"status":"AVAILABLE","source":"ndw"}},{"type":"Feature","geometry":{"type":"Point","coordinates":[4.730545,52.636227]},"properties":{"type":"charge","layer":"passenger","locationId":"9EA68A37-8EAF-4418-8A40-BB2B8EA5B34A","name":"PP005151 - Ruysdaelkade 7, Alkmaar","address":"7 Ruysdaelkade","city":"Alkmaar","operatorName":"TotalEnergies","maxPowerKw":13,"isMegawatt":false,"status":"AVAILABLE","source":"ndw"}},{"type":"Feature","geometry":{"type":"Point","coordinates":[4.739403,52.621212]},"properties":{"type":"charge","layer":"passenger","locationId":"214D8F49-9DBA-46E8-861F-92AF66089A35","name":"TNLP007792 - Graaf Jankade 11, Alkmaar","address":"11 Graaf Jankade","city":"Alkmaar","operatorName":"TotalEnergies","maxPowerKw":13,"isMegawatt":false,"status":"AVAILABLE","source":"ndw"}},{"type":"Feature","geometry":{"type":"Point","coordinates":[4.746523,52.628227]},"properties":{"type":"charge","layer":"passenger","locationId":"2F4B292D-925D-4BA9-9BD8-70EA4F384AF0","name":"PP005426 - Kennemerpark 7, Alkmaar","address":"7 Kennemerpark","city":"Alkmaar","operatorName":"TotalEnergies","maxPowerKw":13,"isMegawatt":false,"status":"AVAILABLE","source":"ndw"}},{"type":"Feature","geometry":{"type":"Point","coordinates":[4.754563,52.661755]},"properties":{"type":"charge","layer":"passenger","locationId":"6EED325E-2042-4115-8DF4-32D5B03D7C50","name":"TNLP007384 - Grutterij 1, Alkmaar","address":"1 Grutterij","city":"Alkmaar","operatorName":"TotalEnergies","maxPowerKw":13,"isMegawatt":false,"status":"AVAILABLE","source":"ndw"}},{"type":"Feature","geometry":{"type":"Point","coordinates":[4.850368,52.557217]},"properties":{"type":"charge","layer":"passenger","locationId":"9659F87D-446C-44ED-89AB-D3160AD0169E","name":"TNLP006646 - Schepenakker 29, De Rijp","address":"29 Schepenakker","city":"De Rijp","operatorName":"TotalEnergies","maxPowerKw":17,"isMegawatt":false,"status":"UNAVAILABLE","source":"ndw"}},{"type":"Feature","geometry":{"type":"Point","coordinates":[4.820474,52.614452]},"properties":{"type":"charge","layer":"passenger","locationId":"BAA2A3BE-63D0-43C8-AB7A-C4DA739A19D3","name":"TNLP008229 - Schermeerstraat 1, Stompetoren","address":"1 Schermeerstraat","city":"Stompetoren","operatorName":"TotalEnergies","maxPowerKw":15,"isMegawatt":false,"status":"AVAILABLE","source":"ndw"}},{"type":"Feature","geometry":{"type":"Point","coordinates":[4.764022,52.662823]},"properties":{"type":"charge","layer":"passenger","locationId":"BCE8A450-F6B5-4714-8FB2-41F2374E24E3","name":"TNLP005843 - Tirolstraat 89, Alkmaar","address":"89 Tirolstraat","city":"Alkmaar","operatorName":"TotalEnergies","maxPowerKw":15,"isMegawatt":false,"status":"CHARGING","source":"ndw"}},{"type":"Feature","geometry":{"type":"Point","coordinates":[4.749266,52.63775]},"properties":{"type":"charge","layer":"passenger","locationId":"09EAABEF-A54F-4FE7-9B52-F8B8991D95CF","name":"TNLP003675 - Pettemerstraat 7, Alkmaar","address":"7 Pettemerstraat","city":"Alkmaar","operatorName":"TotalEnergies","maxPowerKw":17,"isMegawatt":false,"status":"AVAILABLE","source":"ndw"}},{"type":"Feature","geometry":{"type":"Point","coordinates":[4.753942,52.631664]},"properties":{"type":"charge","layer":"passenger","locationId":"C1E3F877-DC47-4C23-B1B7-ED02E289D689","name":"TNLP008643 - Wageweg 81, Alkmaar","address":"81 Wageweg","city":"Alkmaar","operatorName":"TotalEnergies","maxPowerKw":14,"isMegawatt":false,"status":"AVAILABLE","source":"ndw"}},{"type":"Feature","geometry":{"type":"Point","coordinates":[4.746887,52.651573]},"properties":{"type":"charge","layer":"passenger","locationId":"F6B559A7-B186-4F70-8D55-62DD8435C436","name":"TNLP006847 - Steenhouwerstraat 6, Alkmaar","address":"6 Steenhouwerstraat","city":"Alkmaar","operatorName":"TotalEnergies","maxPowerKw":15,"isMegawatt":false,"status":"AVAILABLE","source":"ndw"}},{"type":"Feature","geometry":{"type":"Point","coordinates":[4.761449,52.634735]},"properties":{"type":"charge","layer":"passenger","locationId":"FAB222E4-C660-4402-9C68-ED21100864D8","name":"TNLP009419 - Vechtstraat 2, Alkmaar","address":"2 Vechtstraat","city":"Alkmaar","operatorName":"TotalEnergies","maxPowerKw":13,"isMegawatt":false,"status":"CHARGING","source":"ndw"}},{"type":"Feature","geometry":{"type":"Point","coordinates":[4.761504,52.647728]},"properties":{"type":"charge","layer":"passenger","locationId":"38C99578-1176-4459-8A09-C347B46482B9","name":"TNLP006514 - Vennewaard 325, Alkmaar","address":"325 Vennewaard","city":"Alkmaar","operatorName":"TotalEnergies","maxPowerKw":13,"isMegawatt":false,"status":"AVAILABLE","source":"ndw"}},{"type":"Feature","geometry":{"type":"Point","coordinates":[4.739572,52.624863]},"properties":{"type":"charge","layer":"passenger","locationId":"461BFD0B-0D35-4CA3-AC33-4821272A1246","name":"PP005125 - Juliana van Stolberglaan 13, Alkmaar","address":"13 Juliana van Stolberglaan","city":"Alkmaar","operatorName":"TotalEnergies","maxPowerKw":13,"isMegawatt":false,"status":"AVAILABLE","source":"ndw"}},{"type":"Feature","geometry":{"type":"Point","coordinates":[4.74486,52.62835]},"properties":{"type":"charge","layer":"passenger","locationId":"92A32BE7-FE9A-4A62-9CCC-89264DF44BCB","name":"PP001622 - Nieuwlandersingel 53, Alkmaar","address":"53 Nieuwlandersingel","city":"Alkmaar","operatorName":"TotalEnergies","maxPowerKw":11,"isMegawatt":false,"status":"AVAILABLE","source":"ndw"}},{"type":"Feature","geometry":{"type":"Point","coordinates":[4.76923,52.6549]},"properties":{"type":"charge","layer":"passenger","locationId":"0E4B16E9-AE6B-4A4E-B754-1C64FD12AE9A","name":"PP004180 - Ina Boudierstraat 7, Alkmaar","address":"7 Ina Boudierstraat","city":"Alkmaar","operatorName":"TotalEnergies","maxPowerKw":13,"isMegawatt":false,"status":"UNAVAILABLE","source":"ndw"}},{"type":"Feature","geometry":{"type":"Point","coordinates":[4.742874,52.62929]},"properties":{"type":"charge","layer":"passenger","locationId":"730156BE-89C6-4BD2-953D-3F9B729A59A1","name":"Laadplein - TNLP008137 - Nieuwlandersingel 81, Alkmaar","address":"81 Nieuwlandersingel","city":"Alkmaar","operatorName":"TotalEnergies","maxPowerKw":13,"isMegawatt":false,"status":"CHARGING","source":"ndw"}},{"type":"Feature","geometry":{"type":"Point","coordinates":[4.78174,52.64262]},"properties":{"type":"charge","layer":"passenger","locationId":"9B28BC3B-8714-41AA-8A39-79AEBFBE0986","name":"Eneco eMobility Wolvenkoog 1 Alkmaar","address":"Wolvenkoog 1","city":"Alkmaar","operatorName":"Eneco","maxPowerKw":22,"isMegawatt":false,"status":"AVAILABLE","source":"ndw","priceKwh":0.32}},{"type":"Feature","geometry":{"type":"Point","coordinates":[4.747828,52.64261]},"properties":{"type":"charge","layer":"passenger","locationId":"E6E5ACF3-2611-4AEF-BE4B-5C531BC03CFB","name":"TNLP006708 - Hornwaard 65, Alkmaar","address":"65 Hornwaard","city":"Alkmaar","operatorName":"TotalEnergies","maxPowerKw":13,"isMegawatt":false,"status":"UNAVAILABLE","source":"ndw"}},{"type":"Feature","geometry":{"type":"Point","coordinates":[4.762659,52.63377]},"properties":{"type":"charge","layer":"passenger","locationId":"FBD9C37A-FA70-4217-B9DA-ECA8574AD8ED","name":"TNLP008594 - Geulstraat 52, Alkmaar","address":"52 Geulstraat","city":"Alkmaar","operatorName":"TotalEnergies","maxPowerKw":14,"isMegawatt":false,"status":"AVAILABLE","source":"ndw"}},{"type":"Feature","geometry":{"type":"Point","coordinates":[4.785258,52.648797]},"properties":{"type":"charge","layer":"passenger","locationId":"91106462","name":"50five-S NL 09102757","address":"Berenkoog 32","city":"Alkmaar","operatorName":"50five","maxPowerKw":22,"isMegawatt":false,"status":"AVAILABLE","source":"ndw"}},{"type":"Feature","geometry":{"type":"Point","coordinates":[4.75327,52.62758]},"properties":{"type":"charge","layer":"passenger","locationId":"01957F8F-3D85-4D9D-9127-65EB3AEB738A","name":"PP005050 - Oudegracht 13, Alkmaar","address":"13 Oudegracht","city":"Alkmaar","operatorName":"TotalEnergies","maxPowerKw":13,"isMegawatt":false,"status":"AVAILABLE","source":"ndw"}},{"type":"Feature","geometry":{"type":"Point","coordinates":[4.770821,52.673054]},"properties":{"type":"charge","layer":"passenger","locationId":"D3AFCD0B-23A7-4592-B53E-D3D6386C72C8","name":"TNLP034644 - Venatorstraat 71, Alkmaar","address":"71 Venatorstraat","city":"Alkmaar","operatorName":"TotalEnergies","maxPowerKw":13,"isMegawatt":false,"status":"UNAVAILABLE","source":"ndw"}},{"type":"Feature","geometry":{"type":"Point","coordinates":[4.765461,52.63519]},"properties":{"type":"charge","layer":"passenger","locationId":"34CA5F20-3742-44D7-AEA2-E36C324E790C","name":"TNLP006994 - Ravelijn 24, Alkmaar","address":"24 Ravelijn","city":"Alkmaar","operatorName":"TotalEnergies","maxPowerKw":15,"isMegawatt":false,"status":"AVAILABLE","source":"ndw"}},{"type":"Feature","geometry":{"type":"Point","coordinates":[4.736648,52.6172]},"properties":{"type":"charge","layer":"passenger","locationId":"2C1968F6-46EC-4A4A-B32B-3D6C5FA044DD","name":"TNLP005772 - Koningin Sophiastraat 15, Alkmaar","address":"15 Koningin Sophiastraat","city":"Alkmaar","operatorName":"TotalEnergies","maxPowerKw":13,"isMegawatt":false,"status":"AVAILABLE","source":"ndw"}},{"type":"Feature","geometry":{"type":"Point","coordinates":[4.763148,52.668976]},"properties":{"type":"charge","layer":"passenger","locationId":"1eaa8a67-ce5a-4d15-829e-037df6505117","name":"TNLP015279 - Lotharingenweg 76, Alkmaar","address":"76 Lotharingenweg","city":"Alkmaar","operatorName":"TotalEnergies","maxPowerKw":13,"isMegawatt":false,"status":"AVAILABLE","source":"ndw"}},{"type":"Feature","geometry":{"type":"Point","coordinates":[4.720761,52.627552]},"properties":{"type":"charge","layer":"passenger","locationId":"0937093D-C0B0-496F-AE16-1164C1D4E6BE","name":"TNLP008191 - Mesdaglaan 86, Alkmaar","address":"86 Mesdaglaan","city":"Alkmaar","operatorName":"TotalEnergies","maxPowerKw":13,"isMegawatt":false,"status":"AVAILABLE","source":"ndw"}},{"type":"Feature","geometry":{"type":"Point","coordinates":[4.75698,52.63319]},"properties":{"type":"charge","layer":"passenger","locationId":"011CC0B1-1378-468F-AB27-62E200E8A09A","name":"PP004337 - Burgemeester G. Bosstraat 26, Alkmaar","address":"26 Burgemeester G. Bosstraat","city":"Alkmaar","operatorName":"TotalEnergies","maxPowerKw":13,"isMegawatt":false,"status":"AVAILABLE","source":"ndw"}},{"type":"Feature","geometry":{"type":"Point","coordinates":[4.7297,52.63329]},"properties":{"type":"charge","layer":"passenger","locationId":"44730bfc-b909-41c1-831b-f4b0243d079b","name":"PP001621 - Willem Hedastraat 2, Alkmaar","address":"2 Willem Hedastraat","city":"Alkmaar","operatorName":"TotalEnergies","maxPowerKw":11,"isMegawatt":false,"status":"AVAILABLE","source":"ndw"}},{"type":"Feature","geometry":{"type":"Point","coordinates":[4.749766,52.653187]},"properties":{"type":"charge","layer":"passenger","locationId":"732895EE-F6F3-4FC4-BE7F-7CE424B42646","name":"PP005374 - Schoenmakerstraat 106, Alkmaar","address":"106 Schoenmakerstraat","city":"Alkmaar","operatorName":"TotalEnergies","maxPowerKw":13,"isMegawatt":false,"status":"AVAILABLE","source":"ndw"}},{"type":"Feature","geometry":{"type":"Point","coordinates":[4.746844,52.62738]},"properties":{"type":"charge","layer":"passenger","locationId":"97f6f066-5e53-4ad1-a02b-6c4931521af8","name":"Laadplein - TNLP006283 - Nieuwlandersingel 40, Alkmaar","address":"40 Nieuwlandersingel","city":"Alkmaar","operatorName":"TotalEnergies","maxPowerKw":17,"isMegawatt":false,"status":"AVAILABLE","source":"ndw"}},{"type":"Feature","geometry":{"type":"Point","coordinates":[4.735679,52.620552]},"properties":{"type":"charge","layer":"passenger","locationId":"2d6c08da-5952-4534-9857-11ed0779ed4a","name":"De Sonnavillestraat","address":"De Sonnavillestraat 7","city":"Alkmaar","operatorName":"Vattenfall InCharge","maxPowerKw":11,"isMegawatt":false,"status":"UNAVAILABLE","source":"ndw","priceKwh":0.4316}},{"type":"Feature","geometry":{"type":"Point","coordinates":[4.767005,52.661418]},"properties":{"type":"charge","layer":"passenger","locationId":"155275758b03a8ba5010d65ebb1ec43f","name":"Pimpelmeesstraat 9","address":"Pimpelmeesstraat 9","city":"Alkmaar","operatorName":"Vattenfall InCharge","maxPowerKw":11,"isMegawatt":false,"status":"AVAILABLE","source":"ndw","priceKwh":0.2805}},{"type":"Feature","geometry":{"type":"Point","coordinates":[4.74955,52.6331]},"properties":{"type":"charge","layer":"passenger","locationId":"75047E8B-386C-4742-BE2E-A656A2311E85","name":"PP002487 - Kanaalkade 24, Alkmaar","address":"24 Kanaalkade","city":"Alkmaar","operatorName":"TotalEnergies","maxPowerKw":13,"isMegawatt":false,"status":"CHARGING","source":"ndw"}},{"type":"Feature","geometry":{"type":"Point","coordinates":[4.733787,52.633167]},"properties":{"type":"charge","layer":"passenger","locationId":"96D6E72D-DA83-471B-BDC3-F9D5F46D4B4D","name":"Laadplein - TNLP009757 - Boomkampstraat 20, Alkmaar","address":"20 Boomkampstraat","city":"Alkmaar","operatorName":"TotalEnergies","maxPowerKw":15,"isMegawatt":false,"status":"AVAILABLE","source":"ndw"}},{"type":"Feature","geometry":{"type":"Point","coordinates":[4.763612,52.664276]},"properties":{"type":"charge","layer":"passenger","locationId":"86a25ff2485b5c890fc170aab1c8ebb2","name":"Macedoniëstraat 28","address":"Macedoniëstraat 28","city":"Alkmaar","operatorName":"Vattenfall InCharge","maxPowerKw":11,"isMegawatt":false,"status":"AVAILABLE","source":"ndw","priceKwh":0.2805}},{"type":"Feature","geometry":{"type":"Point","coordinates":[4.755899,52.65867]},"properties":{"type":"charge","layer":"passenger","locationId":"B90FCE7D-B039-4A2E-B311-8807E89B062D","name":"TNLP008439 - Amelandstraat 44, Alkmaar","address":"44 Amelandstraat","city":"Alkmaar","operatorName":"TotalEnergies","maxPowerKw":14,"isMegawatt":false,"status":"UNAVAILABLE","source":"ndw"}},{"type":"Feature","geometry":{"type":"Point","coordinates":[4.835212,52.63795]},"properties":{"type":"charge","layer":"passenger","locationId":"C7CE0060-72CB-485D-9D8A-3BB4B4167E57","name":"TNLP007231 - Hornstraat 1A, Oterleek","address":"1A Hornstraat","city":"Oterleek","operatorName":"TotalEnergies","maxPowerKw":13,"isMegawatt":false,"status":"UNAVAILABLE","source":"ndw"}},{"type":"Feature","geometry":{"type":"Point","coordinates":[4.759835,52.65103]},"properties":{"type":"charge","layer":"passenger","locationId":"6C024F70-76EB-4FFE-8434-BEA28E4B73BC","name":"TNLP009583 - Zwinstraat 24, Alkmaar","address":"24 Zwinstraat","city":"Alkmaar","operatorName":"TotalEnergies","maxPowerKw":15,"isMegawatt":false,"status":"AVAILABLE","source":"ndw"}},{"type":"Feature","geometry":{"type":"Point","coordinates":[4.74612,52.65068]},"properties":{"type":"charge","layer":"passenger","locationId":"D799DD25-978C-4A6C-AAD7-2F85B5A6DC17","name":"PP005638 - Koperslagerstraat 53, Alkmaar","address":"53 Koperslagerstraat","city":"Alkmaar","operatorName":"TotalEnergies","maxPowerKw":13,"isMegawatt":false,"status":"UNAVAILABLE","source":"ndw"}},{"type":"Feature","geometry":{"type":"Point","coordinates":[4.751255,52.637604]},"properties":{"type":"charge","layer":"passenger","locationId":"F072B18A-A78F-479F-9EF9-02789F5A1CE5","name":"TNLP015184 - Pettemerstraat 7, Alkmaar","address":"7 Pettemerstraat","city":"Alkmaar","operatorName":"TotalEnergies","maxPowerKw":17,"isMegawatt":false,"status":"UNAVAILABLE","source":"ndw"}},{"type":"Feature","geometry":{"type":"Point","coordinates":[4.736268,52.63047]},"properties":{"type":"charge","layer":"passenger","locationId":"778EDAB3-6B40-4A65-9134-3FCEF47ADB0F","name":"TNLP009363 - Akerslaan 1, Alkmaar","address":"1 Akerslaan","city":"Alkmaar","operatorName":"TotalEnergies","maxPowerKw":13,"isMegawatt":false,"status":"AVAILABLE","source":"ndw"}},{"type":"Feature","geometry":{"type":"Point","coordinates":[4.745019,52.648956]},"properties":{"type":"charge","layer":"passenger","locationId":"0C085051-628D-403A-8C35-DCFDFBBBFD13","name":"TNLP007958 - Hovenierstraat 91, Alkmaar","address":"91 Hovenierstraat","city":"Alkmaar","operatorName":"TotalEnergies","maxPowerKw":15,"isMegawatt":false,"status":"UNAVAILABLE","source":"ndw"}},{"type":"Feature","geometry":{"type":"Point","coordinates":[4.736979,52.622044]},"properties":{"type":"charge","layer":"passenger","locationId":"BF32FD67-C03E-46D7-B5C0-E967220AA0D9","name":"TNLP006212 - Brouwerstraat 12, Alkmaar","address":"12 Brouwerstraat","city":"Alkmaar","operatorName":"TotalEnergies","maxPowerKw":13,"isMegawatt":false,"status":"AVAILABLE","source":"ndw"}},{"type":"Feature","geometry":{"type":"Point","coordinates":[4.73496,52.6321]},"properties":{"type":"charge","layer":"passenger","locationId":"24E80A3D-AEBC-49DC-A913-0DF993E94BD3","name":"TNLP009614 - Lamoraalstraat 10, Alkmaar","address":"10 Lamoraalstraat","city":"Alkmaar","operatorName":"TotalEnergies","maxPowerKw":13,"isMegawatt":false,"status":"AVAILABLE","source":"ndw"}},{"type":"Feature","geometry":{"type":"Point","coordinates":[4.773905,52.660119]},"properties":{"type":"charge","layer":"passenger","locationId":"91090021","name":"50five-S NL 07142110","address":"Watergat 9","city":"Alkmaar","operatorName":"50five","maxPowerKw":14,"isMegawatt":false,"status":"AVAILABLE","source":"ndw"}},{"type":"Feature","geometry":{"type":"Point","coordinates":[4.763111,52.65677]},"properties":{"type":"charge","layer":"passenger","locationId":"55481AF0-098A-4250-8A6D-38104AAD6776","name":"TNLP007307 - Klipperstraat 24, Alkmaar","address":"24 Klipperstraat","city":"Alkmaar","operatorName":"TotalEnergies","maxPowerKw":15,"isMegawatt":false,"status":"AVAILABLE","source":"ndw"}},{"type":"Feature","geometry":{"type":"Point","coordinates":[4.74632,52.61983]},"properties":{"type":"charge","layer":"passenger","locationId":"81E4379D-8D3B-40E9-A1EB-11CC184A3C25","name":"PP004304 - Gijsbrechtstraat 5, Alkmaar","address":"5 Gijsbrechtstraat","city":"Alkmaar","operatorName":"TotalEnergies","maxPowerKw":15,"isMegawatt":false,"status":"AVAILABLE","source":"ndw"}},{"type":"Feature","geometry":{"type":"Point","coordinates":[4.770322,52.67061]},"properties":{"type":"charge","layer":"passenger","locationId":"C077B51A-5296-482B-9E72-DBE3FA48FEEC","name":"TNLP007567 - G.H.Hoijtinkstraat 107, Alkmaar","address":"107 G.H.Hoijtinkstraat","city":"Alkmaar","operatorName":"TotalEnergies","maxPowerKw":13,"isMegawatt":false,"status":"AVAILABLE","source":"ndw"}},{"type":"Feature","geometry":{"type":"Point","coordinates":[4.777332,52.628883]},"properties":{"type":"charge","layer":"passenger","locationId":"62373F43-794A-4CA9-AF07-706113AF7761","name":"TNLP008241 - Vestastraat 43, Oudorp","address":"43 Vestastraat","city":"Oudorp","operatorName":"TotalEnergies","maxPowerKw":15,"isMegawatt":false,"status":"AVAILABLE","source":"ndw"}},{"type":"Feature","geometry":{"type":"Point","coordinates":[4.844433,52.559696]},"properties":{"type":"charge","layer":"passenger","locationId":"D9467303-C3CA-44E5-A38F-FF5F795AE845","name":"Laadplein - TNLP006382 - Wollandje 1, De Rijp","address":"1 Wollandje","city":"De Rijp","operatorName":"TotalEnergies","maxPowerKw":15,"isMegawatt":false,"status":"AVAILABLE","source":"ndw"}},{"type":"Feature","geometry":{"type":"Point","coordinates":[4.73721,52.64265]},"properties":{"type":"charge","layer":"passenger","locationId":"2F9337F3-D44F-4F3A-B0E7-10EB70BA6711","name":"TNLP009733 - Haydnlaan 17, Alkmaar","address":"17 Haydnlaan","city":"Alkmaar","operatorName":"TotalEnergies","maxPowerKw":13,"isMegawatt":false,"status":"CHARGING","source":"ndw"}},{"type":"Feature","geometry":{"type":"Point","coordinates":[4.839255,52.55964]},"properties":{"type":"charge","layer":"passenger","locationId":"3B29E2F6-6015-403F-9475-AC2851B4CFDC","name":"TNLP015153 - Kromme Horn 11, Graft","address":"11 Kromme Horn","city":"Graft","operatorName":"TotalEnergies","maxPowerKw":17,"isMegawatt":false,"status":"UNAVAILABLE","source":"ndw"}},{"type":"Feature","geometry":{"type":"Point","coordinates":[4.76639,52.665367]},"properties":{"type":"charge","layer":"passenger","locationId":"8852F706-454D-4BC8-BBB1-3D73C8B343F0","name":"TNLP006451 - Johanna Naberstraat 43, Alkmaar","address":"43 Johanna Naberstraat","city":"Alkmaar","operatorName":"TotalEnergies","maxPowerKw":13,"isMegawatt":false,"status":"AVAILABLE","source":"ndw"}},{"type":"Feature","geometry":{"type":"Point","coordinates":[4.77371,52.66973]},"properties":{"type":"charge","layer":"passenger","locationId":"D7076E8C-DD99-487D-A78F-7C176AD21713","name":"PP005135 - Fideliostraat 54, Alkmaar","address":"54 Fideliostraat","city":"Alkmaar","operatorName":"TotalEnergies","maxPowerKw":13,"isMegawatt":false,"status":"AVAILABLE","source":"ndw"}},{"type":"Feature","geometry":{"type":"Point","coordinates":[4.757875,52.6238]},"properties":{"type":"charge","layer":"passenger","locationId":"F285D470-3AF5-4BDA-A8B9-C0631E504F17","name":"TNLP009579 - Coornhertkade 106, Alkmaar","address":"106 Coornhertkade","city":"Alkmaar","operatorName":"TotalEnergies","maxPowerKw":13,"isMegawatt":false,"status":"CHARGING","source":"ndw"}},{"type":"Feature","geometry":{"type":"Point","coordinates":[4.822157,52.613823]},"properties":{"type":"charge","layer":"passenger","locationId":"DB347D9A-4179-414E-B6F2-EE4315A372AC","name":"TNLP009718 - Erf 8, Stompetoren","address":"8 Erf","city":"Stompetoren","operatorName":"TotalEnergies","maxPowerKw":13,"isMegawatt":false,"status":"CHARGING","source":"ndw"}},{"type":"Feature","geometry":{"type":"Point","coordinates":[4.890151,52.599888]},"properties":{"type":"charge","layer":"passenger","locationId":"FBB8556A-DC8D-49F2-B2A6-B06D4D918A91","name":"TNLP006709 - Tames Visserstraat 3, Schermerhorn","address":"3 Tames Visserstraat","city":"Schermerhorn","operatorName":"TotalEnergies","maxPowerKw":13,"isMegawatt":false,"status":"AVAILABLE","source":"ndw"}},{"type":"Feature","geometry":{"type":"Point","coordinates":[4.73732,52.62398]},"properties":{"type":"charge","layer":"passenger","locationId":"84ba1416-3f37-4867-a8d8-683017ea0151","name":"PP001548 - Maclaine Pontstraat 1, Alkmaar","address":"1 Maclaine Pontstraat","city":"Alkmaar","operatorName":"TotalEnergies","maxPowerKw":11,"isMegawatt":false,"status":"AVAILABLE","source":"ndw"}},{"type":"Feature","geometry":{"type":"Point","coordinates":[4.743665,52.63616]},"properties":{"type":"charge","layer":"passenger","locationId":"1E19AE18-BE2D-43BD-86C6-07AFC997BB35","name":"TNLP007379 - Spoorstraat 17, Alkmaar","address":"17 Spoorstraat","city":"Alkmaar","operatorName":"TotalEnergies","maxPowerKw":13,"isMegawatt":false,"status":"AVAILABLE","source":"ndw"}},{"type":"Feature","geometry":{"type":"Point","coordinates":[4.7797,52.64708]},"properties":{"type":"charge","layer":"passenger","locationId":"2EC8A856-5101-480F-A19D-FFEB1D2300EC","name":"PP004252 - Schelpenbank 16, Alkmaar","address":"16 Schelpenbank","city":"Alkmaar","operatorName":"TotalEnergies","maxPowerKw":13,"isMegawatt":false,"status":"UNAVAILABLE","source":"ndw"}},{"type":"Feature","geometry":{"type":"Point","coordinates":[4.734742,52.638696]},"properties":{"type":"charge","layer":"passenger","locationId":"6212cd0f-6a7c-487b-bcf0-960c941cb78d","name":"Nicolaas Beetskade","address":"Nicolaas Beetskade 35","city":"Alkmaar","operatorName":"Vattenfall InCharge","maxPowerKw":11,"isMegawatt":false,"status":"UNAVAILABLE","source":"ndw","priceKwh":0.4316}},{"type":"Feature","geometry":{"type":"Point","coordinates":[4.755381,52.619293]},"properties":{"type":"charge","layer":"passenger","locationId":"cb044d6e-3a42-4a01-a9a5-5922f8b18e86","name":"PP001079 - Tuinderspad 60, Alkmaar","address":"60 Tuinderspad","city":"Alkmaar","operatorName":"TotalEnergies","maxPowerKw":11,"isMegawatt":false,"status":"AVAILABLE","source":"ndw"}},{"type":"Feature","geometry":{"type":"Point","coordinates":[4.738,52.63155]},"properties":{"type":"charge","layer":"passenger","locationId":"d4ad4513-55a2-479d-9330-a0b03b1ae3d8","name":"PP001955 - Nassaulaan 49, Alkmaar","address":"49 Nassaulaan","city":"Alkmaar","operatorName":"TotalEnergies","maxPowerKw":11,"isMegawatt":false,"status":"AVAILABLE","source":"ndw"}},{"type":"Feature","geometry":{"type":"Point","coordinates":[4.76404,52.67037]},"properties":{"type":"charge","layer":"passenger","locationId":"AA66C16D-C40E-4B18-890E-3A8C684C3976","name":"PP005004 - Amazonestraat 1, Alkmaar","address":"1 Amazonestraat","city":"Alkmaar","operatorName":"TotalEnergies","maxPowerKw":13,"isMegawatt":false,"status":"AVAILABLE","source":"ndw"}},{"type":"Feature","geometry":{"type":"Point","coordinates":[4.84389,52.55656]},"properties":{"type":"charge","layer":"passenger","locationId":"D475B747-C6D9-4FA5-9805-B5F45B140888","name":"PP004312 - Fluytschip 74, De Rijp","address":"74 Fluytschip","city":"De Rijp","operatorName":"TotalEnergies","maxPowerKw":11,"isMegawatt":false,"status":"UNAVAILABLE","source":"ndw"}},{"type":"Feature","geometry":{"type":"Point","coordinates":[4.74708,52.643158]},"properties":{"type":"charge","layer":"passenger","locationId":"6C25AE76-00EA-46C9-84E5-7C389F50A898","name":"TNLP007731 - Hiemerwaard 13, Alkmaar","address":"13 Hiemerwaard","city":"Alkmaar","operatorName":"TotalEnergies","maxPowerKw":15,"isMegawatt":false,"status":"AVAILABLE","source":"ndw"}},{"type":"Feature","geometry":{"type":"Point","coordinates":[4.73337,52.622803]},"properties":{"type":"charge","layer":"passenger","locationId":"ED277B21-1E10-4BC8-8D2C-9BDD6FB9BA38","name":"TNLP007025 - Koning Willem-Alexanderlaan 2, Alkmaar","address":"2 Koning Willem-Alexanderlaan","city":"Alkmaar","operatorName":"TotalEnergies","maxPowerKw":13,"isMegawatt":false,"status":"AVAILABLE","source":"ndw"}},{"type":"Feature","geometry":{"type":"Point","coordinates":[4.771933,52.647022]},"properties":{"type":"charge","layer":"passenger","locationId":"c9e90290-11a7-41c4-bf0a-f1e39fc3dc24","name":"TNLP009697 - Hertog Aalbrechtweg 34, Alkmaar","address":"34 Hertog Aalbrechtweg","city":"Alkmaar","operatorName":"TotalEnergies","maxPowerKw":15,"isMegawatt":false,"status":"AVAILABLE","source":"ndw"}},{"type":"Feature","geometry":{"type":"Point","coordinates":[4.747998,52.605321]},"properties":{"type":"charge","layer":"passenger","locationId":"91105385","name":"50five-S NL 09140466","address":"Saffierstraat 6","city":"Alkmaar","operatorName":"50five","maxPowerKw":22,"isMegawatt":false,"status":"AVAILABLE","source":"ndw"}},{"type":"Feature","geometry":{"type":"Point","coordinates":[4.752387,52.664703]},"properties":{"type":"charge","layer":"passenger","locationId":"3952F835-52CC-462B-8ECE-FDEF6E145FFA","name":"TNLP007019 - Kompasweg 60, Alkmaar","address":"60 Kompasweg","city":"Alkmaar","operatorName":"TotalEnergies","maxPowerKw":13,"isMegawatt":false,"status":"AVAILABLE","source":"ndw"}},{"type":"Feature","geometry":{"type":"Point","coordinates":[4.753446,52.615814]},"properties":{"type":"charge","layer":"passenger","locationId":"4E95AE5C-4CD5-485A-AC33-B1F797F59D4F","name":"TNLP007727 - Percivalstraat 172, Alkmaar","address":"172 Percivalstraat","city":"Alkmaar","operatorName":"TotalEnergies","maxPowerKw":13,"isMegawatt":false,"status":"CHARGING","source":"ndw"}},{"type":"Feature","geometry":{"type":"Point","coordinates":[4.847331,52.557774]},"properties":{"type":"charge","layer":"passenger","locationId":"5C3712DB-D251-431D-9776-745D41733430","name":"TNLP008446 - Leeghwaterstraat 14, De Rijp","address":"14 Leeghwaterstraat","city":"De Rijp","operatorName":"TotalEnergies","maxPowerKw":13,"isMegawatt":false,"status":"UNAVAILABLE","source":"ndw"}},{"type":"Feature","geometry":{"type":"Point","coordinates":[4.763433,52.6671]},"properties":{"type":"charge","layer":"passenger","locationId":"5D4CA150-C85F-4B23-B5D3-66FCA2A87992","name":"PP005319 - Lotharingenweg 15, Alkmaar","address":"15 Lotharingenweg","city":"Alkmaar","operatorName":"TotalEnergies","maxPowerKw":15,"isMegawatt":false,"status":"CHARGING","source":"ndw"}},{"type":"Feature","geometry":{"type":"Point","coordinates":[4.84966,52.55888]},"properties":{"type":"charge","layer":"passenger","locationId":"994693eb-22bc-482c-99a9-04f3bc50ff2e","name":"PP001909 - Jan Boonplein 19, De Rijp","address":"19 Jan Boonplein","city":"De Rijp","operatorName":"TotalEnergies","maxPowerKw":11,"isMegawatt":false,"status":"AVAILABLE","source":"ndw"}},{"type":"Feature","geometry":{"type":"Point","coordinates":[4.771635,52.653446]},"properties":{"type":"charge","layer":"passenger","locationId":"E844EAFF-FBF9-4CF9-BCF8-EC1A800B536A","name":"PP005311 - P.C. Boutensstraat 4, Alkmaar","address":"4 P.C. Boutensstraat","city":"Alkmaar","operatorName":"TotalEnergies","maxPowerKw":13,"isMegawatt":false,"status":"AVAILABLE","source":"ndw"}},{"type":"Feature","geometry":{"type":"Point","coordinates":[4.768933,52.66033]},"properties":{"type":"charge","layer":"passenger","locationId":"F0EC8581-558A-436E-B483-704EC937BD79","name":"TNLP009683 - Ransuilstraat 1, Alkmaar","address":"1 Ransuilstraat","city":"Alkmaar","operatorName":"TotalEnergies","maxPowerKw":13,"isMegawatt":false,"status":"CHARGING","source":"ndw"}},{"type":"Feature","geometry":{"type":"Point","coordinates":[4.757261,52.661354]},"properties":{"type":"charge","layer":"passenger","locationId":"3225F36B-8705-4BAE-A5C3-698E3CAE01ED","name":"TNLP005784 - Factorij 44, Alkmaar","address":"44 Factorij","city":"Alkmaar","operatorName":"TotalEnergies","maxPowerKw":15,"isMegawatt":false,"status":"UNAVAILABLE","source":"ndw"}},{"type":"Feature","geometry":{"type":"Point","coordinates":[4.747088,52.65492]},"properties":{"type":"charge","layer":"passenger","locationId":"503B1C0A-1F1E-40FA-A75D-68A8EC225CFA","name":"TNLP006596 - Pruikenmakerstraat 15, Alkmaar","address":"15 Pruikenmakerstraat","city":"Alkmaar","operatorName":"TotalEnergies","maxPowerKw":15,"isMegawatt":false,"status":"UNAVAILABLE","source":"ndw"}},{"type":"Feature","geometry":{"type":"Point","coordinates":[4.76115,52.62162]},"properties":{"type":"charge","layer":"passenger","locationId":"569A3976-2E10-4E78-81B6-E6F970F14226","name":"TNLP007732 - Piet Heynstraat 99, Alkmaar","address":"99 Piet Heynstraat","city":"Alkmaar","operatorName":"TotalEnergies","maxPowerKw":15,"isMegawatt":false,"status":"AVAILABLE","source":"ndw"}},{"type":"Feature","geometry":{"type":"Point","coordinates":[4.727518,52.632233]},"properties":{"type":"charge","layer":"passenger","locationId":"5B702336-8E06-40B3-B793-8A5D2145654A","name":"TNLP005742 - Bloemaertlaan 20, Alkmaar","address":"20 Bloemaertlaan","city":"Alkmaar","operatorName":"TotalEnergies","maxPowerKw":13,"isMegawatt":false,"status":"AVAILABLE","source":"ndw"}},{"type":"Feature","geometry":{"type":"Point","coordinates":[4.775124,52.629333]},"properties":{"type":"charge","layer":"passenger","locationId":"7D364947-0FCF-4889-9435-89094E95D7D0","name":"TNLP009602 - Junohof 2, Oudorp","address":"2 Junohof","city":"Oudorp","operatorName":"TotalEnergies","maxPowerKw":13,"isMegawatt":false,"status":"AVAILABLE","source":"ndw"}},{"type":"Feature","geometry":{"type":"Point","coordinates":[4.84152,52.55839]},"properties":{"type":"charge","layer":"passenger","locationId":"A4319BBD-7829-4436-AB1F-81DD69700553","name":"TNLP007580 - Klipper 1, De Rijp","address":"1 Klipper","city":"De Rijp","operatorName":"TotalEnergies","maxPowerKw":17,"isMegawatt":false,"status":"UNAVAILABLE","source":"ndw"}},{"type":"Feature","geometry":{"type":"Point","coordinates":[4.844688,52.553936]},"properties":{"type":"charge","layer":"passenger","locationId":"AB4F37BB-E438-4C21-A68D-7B10C10E5405","name":"TNLP005806 - Julianalaan 50, De Rijp","address":"50 Julianalaan","city":"De Rijp","operatorName":"TotalEnergies","maxPowerKw":15,"isMegawatt":false,"status":"AVAILABLE","source":"ndw"}},{"type":"Feature","geometry":{"type":"Point","coordinates":[4.731842,52.644016]},"properties":{"type":"charge","layer":"passenger","locationId":"FA9EC172-01EB-4A0E-852C-FFEDE6C15FA1","name":"TNLP006494 - Verdistraat 9, Alkmaar","address":"9 Verdistraat","city":"Alkmaar","operatorName":"TotalEnergies","maxPowerKw":15,"isMegawatt":false,"status":"UNAVAILABLE","source":"ndw"}},{"type":"Feature","geometry":{"type":"Point","coordinates":[4.745962,52.621826]},"properties":{"type":"charge","layer":"passenger","locationId":"69338013-337A-4622-AB78-0C0FD2F28F73","name":"PP005412 - Willem de Zwijgerstraat 207, Alkmaar","address":"207 Willem de Zwijgerstraat","city":"Alkmaar","operatorName":"TotalEnergies","maxPowerKw":13,"isMegawatt":false,"status":"AVAILABLE","source":"ndw"}},{"type":"Feature","geometry":{"type":"Point","coordinates":[4.73083,52.62994]},"properties":{"type":"charge","layer":"passenger","locationId":"8598D12C-8FF1-4288-BD16-F73D9BE1BF9E","name":"PP004166 - Kastanjelaan 23, Alkmaar","address":"23 Kastanjelaan","city":"Alkmaar","operatorName":"TotalEnergies","maxPowerKw":15,"isMegawatt":false,"status":"AVAILABLE","source":"ndw"}},{"type":"Feature","geometry":{"type":"Point","coordinates":[4.785332,52.646665]},"properties":{"type":"charge","layer":"passenger","locationId":"6786449dd0bb3f49d9e1cedf","name":"QCE Vastgoed Station 2","address":"Berenkoog 28","city":"Alkmaar","operatorName":"E-Flux by Road","maxPowerKw":22,"isMegawatt":false,"status":"AVAILABLE","source":"ndw","priceKwh":0.48}},{"type":"Feature","geometry":{"type":"Point","coordinates":[4.761905,52.62339]},"properties":{"type":"charge","layer":"passenger","locationId":"0F7CA6D3-8363-4072-96FC-3125C418A2BF","name":"TNLP006593 - Karel Doormankade 11, Alkmaar","address":"11 Karel Doormankade","city":"Alkmaar","operatorName":"TotalEnergies","maxPowerKw":13,"isMegawatt":false,"status":"AVAILABLE","source":"ndw"}},{"type":"Feature","geometry":{"type":"Point","coordinates":[4.765392,52.65576]},"properties":{"type":"charge","layer":"passenger","locationId":"4E82B922-FDF2-4B3A-9A48-2327A1FAF6BD","name":"TNLP005785 - Wielingenweg 213, Alkmaar","address":"213 Wielingenweg","city":"Alkmaar","operatorName":"TotalEnergies","maxPowerKw":15,"isMegawatt":false,"status":"AVAILABLE","source":"ndw"}},{"type":"Feature","geometry":{"type":"Point","coordinates":[4.730963,52.632156]},"properties":{"type":"charge","layer":"passenger","locationId":"CD9E2DE7-3A4A-4D43-BFB1-512EF48B5517","name":"TNLP007603 - Leliestraat 23, Alkmaar","address":"23 Leliestraat","city":"Alkmaar","operatorName":"TotalEnergies","maxPowerKw":13,"isMegawatt":false,"status":"AVAILABLE","source":"ndw"}},{"type":"Feature","geometry":{"type":"Point","coordinates":[4.768185,52.662619]},"properties":{"type":"charge","layer":"passenger","locationId":"ace426a6-9230-412f-b5af-3b16c0dfbbe9","name":"Albatrosweg","address":"Albatrosweg 18","city":"Alkmaar","operatorName":"Vattenfall InCharge","maxPowerKw":11,"isMegawatt":false,"status":"UNAVAILABLE","source":"ndw","priceKwh":0.4316}},{"type":"Feature","geometry":{"type":"Point","coordinates":[4.768486,52.648155]},"properties":{"type":"charge","layer":"passenger","locationId":"EA908553-EAB8-4DA6-A878-281E746A7A2D","name":"TNLP006195 - Annie M.G. Schmidtstraat 65, Alkmaar","address":"65 Annie M.G. Schmidtstraat","city":"Alkmaar","operatorName":"TotalEnergies","maxPowerKw":13,"isMegawatt":false,"status":"AVAILABLE","source":"ndw"}},{"type":"Feature","geometry":{"type":"Point","coordinates":[4.744051,52.62554]},"properties":{"type":"charge","layer":"passenger","locationId":"6C0E5646-0AC1-4566-8508-39B109144904","name":"TNLP009562 - Steijnstraat 55, Alkmaar","address":"55 Steijnstraat","city":"Alkmaar","operatorName":"TotalEnergies","maxPowerKw":17,"isMegawatt":false,"status":"UNAVAILABLE","source":"ndw"}},{"type":"Feature","geometry":{"type":"Point","coordinates":[4.753692,52.603201]},"properties":{"type":"charge","layer":"passenger","locationId":"69bbb9a1163cc920ce8b8dd6","name":"Buckdesign BV","address":"Diamantweg  20A","city":"Alkmaar","operatorName":"NXT Charging Solutions","maxPowerKw":11,"isMegawatt":false,"status":"AVAILABLE","source":"ndw","priceKwh":0.42}},{"type":"Feature","geometry":{"type":"Point","coordinates":[4.846393,52.556274]},"properties":{"type":"charge","layer":"passenger","locationId":"22F64C7E-2E90-4D4E-AF77-E654D8CB4932","name":"TNLP006352 - Bernhardstraat 13, De Rijp","address":"13 Bernhardstraat","city":"De Rijp","operatorName":"TotalEnergies","maxPowerKw":17,"isMegawatt":false,"status":"UNAVAILABLE","source":"ndw"}},{"type":"Feature","geometry":{"type":"Point","coordinates":[4.747985,52.624718]},"properties":{"type":"charge","layer":"passenger","locationId":"55897710-B8EA-474C-B679-B11F7E7F274D","name":"PP005637 - Dr. Schaepmanplein 1, Alkmaar","address":"1 Dr. Schaepmanplein","city":"Alkmaar","operatorName":"TotalEnergies","maxPowerKw":13,"isMegawatt":false,"status":"CHARGING","source":"ndw"}},{"type":"Feature","geometry":{"type":"Point","coordinates":[4.754745,52.671574]},"properties":{"type":"charge","layer":"passenger","locationId":"89BE58F1-9F31-430A-B2FE-D3BE50EA4764","name":"TNLP008098 - Klareweid 56, Koedijk","address":"56 Klareweid","city":"Koedijk","operatorName":"TotalEnergies","maxPowerKw":15,"isMegawatt":false,"status":"AVAILABLE","source":"ndw"}},{"type":"Feature","geometry":{"type":"Point","coordinates":[4.75605,52.654711]},"properties":{"type":"charge","layer":"passenger","locationId":"420fe4a0c24e147d80b037a2713c80d2","name":"Europaboulevard 207","address":"Europaboulevard 207","city":"Alkmaar","operatorName":"Vattenfall InCharge","maxPowerKw":11,"isMegawatt":false,"status":"AVAILABLE","source":"ndw","priceKwh":0.2805}},{"type":"Feature","geometry":{"type":"Point","coordinates":[4.841439,52.553402]},"properties":{"type":"charge","layer":"passenger","locationId":"8DCEECF1-965B-4BFD-9B60-E1304A46425F","name":"TNLP007180 - Weverhof 81, De Rijp","address":"81 Weverhof","city":"De Rijp","operatorName":"TotalEnergies","maxPowerKw":15,"isMegawatt":false,"status":"AVAILABLE","source":"ndw"}},{"type":"Feature","geometry":{"type":"Point","coordinates":[4.761754,52.670734]},"properties":{"type":"charge","layer":"passenger","locationId":"AF39754A-3682-4788-A56A-B2DB464C818E","name":"PP005136 - Laan van Rome 47, Alkmaar","address":"47 Laan van Rome","city":"Alkmaar","operatorName":"TotalEnergies","maxPowerKw":13,"isMegawatt":false,"status":"AVAILABLE","source":"ndw"}},{"type":"Feature","geometry":{"type":"Point","coordinates":[4.748486,52.63955]},"properties":{"type":"charge","layer":"passenger","locationId":"BB53EC5E-0F33-4348-BE2C-99F659C8EC06","name":"TNLP007506 - Bannewaard 51, Alkmaar","address":"51 Bannewaard","city":"Alkmaar","operatorName":"TotalEnergies","maxPowerKw":15,"isMegawatt":false,"status":"UNAVAILABLE","source":"ndw"}},{"type":"Feature","geometry":{"type":"Point","coordinates":[4.781656,52.650569]},"properties":{"type":"charge","layer":"passenger","locationId":"bd9e980f257ac388d764f30d81975c7a","name":"Branding 50","address":"Branding 50","city":"Alkmaar","operatorName":"Vattenfall InCharge","maxPowerKw":11,"isMegawatt":false,"status":"AVAILABLE","source":"ndw","priceKwh":0.2805}},{"type":"Feature","geometry":{"type":"Point","coordinates":[4.757288,52.635831]},"properties":{"type":"charge","layer":"passenger","locationId":"7fcceaab-c672-4dff-8d17-13835fe49d5c","name":"Frieseweg","address":"Frieseweg 85","city":"Alkmaar","operatorName":"Vattenfall InCharge","maxPowerKw":11,"isMegawatt":false,"status":"UNAVAILABLE","source":"ndw","priceKwh":0.4316}},{"type":"Feature","geometry":{"type":"Point","coordinates":[4.843717,52.558136]},"properties":{"type":"charge","layer":"passenger","locationId":"89C671A9-7C59-4054-9A3A-83A36AEF2A4D","name":"TNLP015154 - Sloep 1, de Rijp","address":"1 Sloep","city":"de Rijp","operatorName":"TotalEnergies","maxPowerKw":17,"isMegawatt":false,"status":"UNAVAILABLE","source":"ndw"}},{"type":"Feature","geometry":{"type":"Point","coordinates":[4.749694,52.659386]},"properties":{"type":"charge","layer":"passenger","locationId":"B700EAA8-A809-409A-A85E-0A411525E500","name":"PP005300 - Elgerweg 34, Alkmaar","address":"34 Elgerweg","city":"Alkmaar","operatorName":"TotalEnergies","maxPowerKw":13,"isMegawatt":false,"status":"CHARGING","source":"ndw"}},{"type":"Feature","geometry":{"type":"Point","coordinates":[4.7742,52.66249]},"properties":{"type":"charge","layer":"passenger","locationId":"cd643cb705f3dee5a04380287af21e9e","name":"Keizersweide 2","address":"Keizersweide 2","city":"Alkmaar","operatorName":"Vattenfall InCharge","maxPowerKw":11,"isMegawatt":false,"status":"AVAILABLE","source":"ndw","priceKwh":0.2805}},{"type":"Feature","geometry":{"type":"Point","coordinates":[4.766999,52.626788]},"properties":{"type":"charge","layer":"passenger","locationId":"2f03e546e42e06f4419cca8a55b4e5cc","name":"Edisonweg 7","address":"Edisonweg 7","city":"Alkmaar","operatorName":"Vattenfall InCharge","maxPowerKw":11,"isMegawatt":false,"status":"CHARGING","source":"ndw","priceKwh":0.2805}},{"type":"Feature","geometry":{"type":"Point","coordinates":[4.734697,52.622268]},"properties":{"type":"charge","layer":"passenger","locationId":"a0f7279c38035b16168ed0ffd7ff67b8","name":"Nieuwpoortslaan 33","address":"Nieuwpoortslaan 33","city":"Alkmaar","operatorName":"Vattenfall InCharge","maxPowerKw":11,"isMegawatt":false,"status":"AVAILABLE","source":"ndw","priceKwh":0.2805}},{"type":"Feature","geometry":{"type":"Point","coordinates":[4.752105,52.597612]},"properties":{"type":"charge","layer":"freight","locationId":"6718cb7fef440f001c4232ed","name":"NXT Charge - Alkmaar - Diamantweg 32 - DC","address":"Diamantweg 32","city":"Alkmaar","operatorName":"NXT Charging Solutions","maxPowerKw":396,"isMegawatt":false,"status":"AVAILABLE","source":"ndw","priceKwh":0.63,"freightKind":"hpc","freightReason":"power"}},{"type":"Feature","geometry":{"type":"Point","coordinates":[4.751322,52.636033]},"properties":{"type":"charge","layer":"freight","locationId":"668525cbcae2da001cab0fa1","name":"NXT 50five - Alkmaar - Huiswaarderplein 1 - DC","address":"Huiswaarderplein 1","city":"Alkmaar","operatorName":"NXT50Five","maxPowerKw":360,"isMegawatt":false,"status":"AVAILABLE","source":"ndw","priceKwh":0.63,"freightKind":"hpc","freightReason":"power"}},{"type":"Feature","geometry":{"type":"Point","coordinates":[4.75603,52.608997]},"properties":{"type":"charge","layer":"freight","locationId":"609935df9dc65c7201d14945","name":"NXT Charge - Alkmaar - Smaragdweg 1 - DC (Total Boekelermeer)","address":"Smaragdweg 1","city":"Alkmaar","operatorName":"NXT Charging Solutions","maxPowerKw":360,"isMegawatt":false,"status":"AVAILABLE","source":"ndw","priceKwh":0.63,"freightKind":"hpc","freightReason":"power"}},{"type":"Feature","geometry":{"type":"Point","coordinates":[4.7521814,52.6377574]},"properties":{"type":"charge","layer":"freight","locationId":"fuel:1823CW-pettemerstraat4555","name":"Fieten Alkmaar","address":"Pettemerstraat 45-55","city":"Alkmaar","operatorName":"Fieten","maxPowerKw":0,"isMegawatt":false,"status":"UNKNOWN","source":"fuel","priceKwh":2.169,"freightKind":"dedicated","freightReason":"curated","fuel":{"euro95":2.169,"plus98":2.479,"diesel":2.209},"fuelPostal":"1823 CW","fuelUpdated":"2026-08-08T12:06:05.807Z"}},{"type":"Feature","geometry":{"type":"MultiPolygon","coordinates":[[[[4.778040722748644,52.664318410114255],[4.77403201351503,52.655222490689496],[4.7740318580237044,52.65522219510754],[4.773003982946965,52.65340878664915],[4.775606451044328,52.65264660797846],[4.773668010042058,52.648355103292026],[4.791941184882409,52.6562908515447],[4.792016865750299,52.65644183223227],[4.793615404391931,52.657144906377745],[4.80050806949633,52.66024147001941],[4.800543427448494,52.66003276209203],[4.800564588469545,52.657873467565125],[4.80056458521029,52.657873379474516],[4.800414708176783,52.657244737458775],[4.79864270740684,52.65355746664269],[4.792981618312948,52.64842164802944],[4.786685126354342,52.640587669802],[4.785277561027689,52.638115283413356],[4.788401796110107,52.63889010932826],[4.791641723245155,52.63823415863188],[4.794704498658968,52.63788330947492],[4.807814798004491,52.63398425296481],[4.814475902147193,52.633871782414495],[4.824208791775152,52.633823361733924],[4.830223034072492,52.632678294144576],[4.834410008878581,52.63742909983726],[4.834536396843941,52.637994799213246],[4.834509231629295,52.63915429649063],[4.8351848819619505,52.640897115779694],[4.835529476377667,52.64243919848477],[4.838547707569715,52.64613821515622],[4.842727753971503,52.64593767468806],[4.847419874615847,52.642059938287716],[4.851604828713692,52.64056481950092],[4.860553039650688,52.63913581008645],[4.862970688630614,52.637451395367606],[4.863880296629435,52.635359822100654],[4.87340011264982,52.6344408955334],[4.875534901491181,52.6341128866796],[4.881374848773045,52.63343690082998],[4.885348986735077,52.63013713662078],[4.888048391805774,52.62737922534339],[4.889399569804858,52.62392126630654],[4.88724950870638,52.622594655057036],[4.88399057216526,52.61313891739979],[4.89692928403877,52.61335246619652],[4.922043081354793,52.611484771597766],[4.925789002641859,52.6094761992744],[4.926923798100826,52.60669738848945],[4.921438223652218,52.60831359799638],[4.915374146552671,52.60864248096688],[4.901166967935404,52.60292538178223],[4.893493483411656,52.59783769544986],[4.8905184593760245,52.594618304209654],[4.884748372482529,52.584236492703056],[4.8763781847594485,52.57783056675697],[4.86862967873054,52.5759458873607],[4.865670666812556,52.57375076608657],[4.864236568261895,52.57162189691986],[4.863031546853094,52.56872568720385],[4.862938478684499,52.5650477553244],[4.861340337681282,52.562277976718896],[4.858683437134973,52.55945615960551],[4.853840900474877,52.55676969388282],[4.851827222981563,52.554832265545436],[4.848306040005212,52.55007286893859],[4.844586543567502,52.54730984453841],[4.842277084034052,52.543494111333395],[4.835494950392918,52.54066682015581],[4.8339094935179565,52.53896095760787],[4.828030827175013,52.541669162752825],[4.824384325551529,52.54260054249778],[4.820985630376326,52.53824694655228],[4.819026591105397,52.538726554621746],[4.8169921445174015,52.535648784928554],[4.824406345253428,52.533805043657765],[4.820186102956838,52.531232369087085],[4.811625769400038,52.530191053288206],[4.804705181130186,52.52536070520636],[4.798283529325978,52.52436099028574],[4.792438940886311,52.519725685480935],[4.7898602156408545,52.51923636254765],[4.78497085153382,52.51942010421094],[4.784970583234117,52.51942011543135],[4.784710115591761,52.51943695930951],[4.782475757600058,52.519581421291505],[4.77784483288815,52.53177082731267],[4.777732632443559,52.533745370078215],[4.778062566596211,52.54417832263839],[4.781621828271171,52.557102795133964],[4.771966068035791,52.55989891533042],[4.756857594255649,52.562071967534784],[4.752540171317018,52.56278197695697],[4.745082669169562,52.56685206119778],[4.744700479177919,52.56794228490235],[4.747279845365024,52.57135534994015],[4.748900432380498,52.5739852964368],[4.751310621449722,52.582277581121595],[4.75647660734669,52.59156895165394],[4.752479169579292,52.59257784529333],[4.752137370577582,52.59189150290857],[4.7374606541740825,52.59385891933338],[4.736964935812249,52.59576267157107],[4.737908006883482,52.59729119418778],[4.735408680262242,52.603825049734496],[4.736185327377721,52.60544527530516],[4.733897619007637,52.60729606917046],[4.7333465382068916,52.60754786845756],[4.737878259401565,52.61216203950672],[4.737878522600878,52.61216231326159],[4.739449762758563,52.613868867788625],[4.73318682043329,52.617655593849264],[4.731262901802116,52.61868555244667],[4.7312628423388805,52.61868557908073],[4.721528577259078,52.6225097730121],[4.716306725562499,52.62498589013946],[4.714585224456518,52.624782685673615],[4.714895679415475,52.62534758793663],[4.715285444173413,52.625820505915904],[4.709795089138416,52.62872464290664],[4.711331240419278,52.62991480749927],[4.708305074193114,52.63088141035511],[4.709814804726464,52.632505433512755],[4.708866183839143,52.635509767576515],[4.710033458424486,52.64246831897662],[4.714199658432706,52.64282247641893],[4.7128132773311755,52.64621149045809],[4.717607836836019,52.6466506184808],[4.716933556166876,52.64959666097099],[4.720393040133934,52.65008153013635],[4.721935360029345,52.64918066755808],[4.722675190181144,52.649365742243134],[4.721791794213209,52.6507258658162],[4.725249543754303,52.65194518464829],[4.726822302699833,52.655490798762344],[4.7292457758483355,52.65612217378715],[4.725705892961065,52.65731025334956],[4.727553712970929,52.65739090637323],[4.72762392284997,52.65850023319021],[4.730641880646658,52.65875346415158],[4.731527915418167,52.65981238230491],[4.7328521085788875,52.65989083065387],[4.73115283453765,52.66158989825321],[4.733700054489004,52.66180329229612],[4.735207036631394,52.66138812315202],[4.734098310027756,52.6629314250659],[4.739253226399841,52.662941542379485],[4.742604186931073,52.66118238658593],[4.74516268833871,52.66336481331275],[4.745931354081842,52.66308019661373],[4.74901218183841,52.665969616723714],[4.752409740500902,52.67144628628907],[4.747706036204833,52.676851061947595],[4.743842494047584,52.678698823596136],[4.741740376050838,52.68080762689418],[4.7435751932194785,52.681309303617525],[4.744772996048226,52.68167975931547],[4.746906587813058,52.682302883982246],[4.749982673205016,52.68237363352037],[4.772505373464968,52.67770590515744],[4.779024501895003,52.67648459639516],[4.779011667330005,52.674045306998394],[4.778576265537975,52.67230523179314],[4.7759688663304525,52.66784949766534],[4.774488995778363,52.665343479319],[4.778040722748644,52.664318410114255]]]]},"properties":{"type":"boundary","gemeente":"Alkmaar","code":"GM0361"}}]}