{"type":"FeatureCollection","metadata":{"gemeente":"Almere","slug":"almere","code":"GM0034","generated_at":"2026-08-08T12:05:52.020Z","total_passenger":1300,"total_freight":0,"bounds":[5.122664938962131,52.3031013224338,5.379156279727406,52.43542591247008],"operators":["50five","Allego","Alva Charging Services","DAEN Mobility","E-Flux by Road","Eneco","JOLT Energy","Laadnet","Laadpaal24","Lanova Laadpalen","Lidl","NXT50Five","Opcharge","Pluq","Shell Recharge","Tesla","The Solar Charging Company","The Solar Charging Company B.V.","TotalEnergies","Trial - Eranovum - 250919","Ubitricity","Valk Energy","Van Leeuwen","Vattenfall InCharge","e-VOLTT"]},"features":[{"type":"Feature","geometry":{"type":"Point","coordinates":[5.2316299,52.3333102]},"properties":{"type":"charge","layer":"passenger","locationId":"2004","name":"Shell Recharge NL Rietmeent 37","address":"Rietmeent 37","city":"Almere","operatorName":"Ubitricity","maxPowerKw":22,"isMegawatt":false,"status":"AVAILABLE","source":"ndw","priceKwh":0.267}},{"type":"Feature","geometry":{"type":"Point","coordinates":[5.285398,52.39967]},"properties":{"type":"charge","layer":"passenger","locationId":"40264197-EB8C-4DA1-9B5D-443B1A99E233","name":"TNLP015002 - Eeuwenweg 121, Almere","address":"121 Eeuwenweg","city":"Almere","operatorName":"TotalEnergies","maxPowerKw":13,"isMegawatt":false,"status":"AVAILABLE","source":"ndw"}},{"type":"Feature","geometry":{"type":"Point","coordinates":[5.254006,52.397705]},"properties":{"type":"charge","layer":"passenger","locationId":"880FA11F-D0E7-40C1-A739-A117577D45B7","name":"TNLP015443 - B. Merkelbachstraat 27, Almere","address":"27 B. Merkelbachstraat","city":"Almere","operatorName":"TotalEnergies","maxPowerKw":13,"isMegawatt":false,"status":"AVAILABLE","source":"ndw"}},{"type":"Feature","geometry":{"type":"Point","coordinates":[5.260585,52.391632]},"properties":{"type":"charge","layer":"passenger","locationId":"C56E7C71-AC7E-4CD3-8A90-E2681B455865","name":"TNLP008168 - Daniël Stalpaertstraat 1, Almere","address":"1 Daniël Stalpaertstraat","city":"Almere","operatorName":"TotalEnergies","maxPowerKw":15,"isMegawatt":false,"status":"AVAILABLE","source":"ndw"}},{"type":"Feature","geometry":{"type":"Point","coordinates":[5.25626,52.37995]},"properties":{"type":"charge","layer":"passenger","locationId":"463","name":"Shell Recharge NL Mesdagstraat 40","address":"Mesdagstraat 40","city":"Almere","operatorName":"Ubitricity","maxPowerKw":11,"isMegawatt":false,"status":"AVAILABLE","source":"ndw","priceKwh":0.392}},{"type":"Feature","geometry":{"type":"Point","coordinates":[5.2302668,52.3445031]},"properties":{"type":"charge","layer":"passenger","locationId":"2136","name":"Shell Recharge NL Hofmark 101","address":"Hofmark 101","city":"Almere","operatorName":"Ubitricity","maxPowerKw":22,"isMegawatt":false,"status":"AVAILABLE","source":"ndw","priceKwh":0.267}},{"type":"Feature","geometry":{"type":"Point","coordinates":[5.177657,52.357952]},"properties":{"type":"charge","layer":"passenger","locationId":"10D259AF-5E6E-458B-8FA5-CC880F7B6BBB","name":"TNLP005758 - Ed Hoornikstraat 13, Almere","address":"13 Ed Hoornikstraat","city":"Almere","operatorName":"TotalEnergies","maxPowerKw":15,"isMegawatt":false,"status":"AVAILABLE","source":"ndw"}},{"type":"Feature","geometry":{"type":"Point","coordinates":[5.209264,52.36212]},"properties":{"type":"charge","layer":"passenger","locationId":"77953423-A13A-4D6A-9D79-1D814C8CCB20","name":"TNLP009582 - Arnhemplein 72, Almere","address":"72 Arnhemplein","city":"Almere","operatorName":"TotalEnergies","maxPowerKw":15,"isMegawatt":false,"status":"AVAILABLE","source":"ndw"}},{"type":"Feature","geometry":{"type":"Point","coordinates":[5.22856,52.34675]},"properties":{"type":"charge","layer":"passenger","locationId":"213","name":"Shell Recharge NL Hofmark 285","address":"Hofmark 285","city":"Almere","operatorName":"Ubitricity","maxPowerKw":11,"isMegawatt":false,"status":"CHARGING","source":"ndw","priceKwh":0.392}},{"type":"Feature","geometry":{"type":"Point","coordinates":[5.260917,52.36459]},"properties":{"type":"charge","layer":"passenger","locationId":"9BD10FF3-C7DF-48E2-93FE-92E43B5D24E6","name":"TNLP006248 - Sonia Gaskellstraat 2, Almere","address":"2 Sonia Gaskellstraat","city":"Almere","operatorName":"TotalEnergies","maxPowerKw":13,"isMegawatt":false,"status":"CHARGING","source":"ndw"}},{"type":"Feature","geometry":{"type":"Point","coordinates":[5.16218,52.34579]},"properties":{"type":"charge","layer":"passenger","locationId":"bdfb2b65-5ad3-4455-b665-644f1763a3bc","name":"TNLP034121 - Ruslandkade 34, Almere","address":"34 Ruslandkade","city":"Almere","operatorName":"TotalEnergies","maxPowerKw":13,"isMegawatt":false,"status":"AVAILABLE","source":"ndw"}},{"type":"Feature","geometry":{"type":"Point","coordinates":[5.239614,52.365513]},"properties":{"type":"charge","layer":"passenger","locationId":"2A85639A-62E9-4F1B-8886-5229268E0803","name":"TNLP007298 - Audrey Hepburnstraat 33, Almere","address":"33 Audrey Hepburnstraat","city":"Almere","operatorName":"TotalEnergies","maxPowerKw":15,"isMegawatt":false,"status":"AVAILABLE","source":"ndw"}},{"type":"Feature","geometry":{"type":"Point","coordinates":[5.274149,52.397774]},"properties":{"type":"charge","layer":"passenger","locationId":"C9310EA5-9A17-4530-86D2-E71EBCACD5F7","name":"PP005118 - Wipmolenweg 51, Almere","address":"51 Wipmolenweg","city":"Almere","operatorName":"TotalEnergies","maxPowerKw":15,"isMegawatt":false,"status":"AVAILABLE","source":"ndw"}},{"type":"Feature","geometry":{"type":"Point","coordinates":[5.229759,52.344196]},"properties":{"type":"charge","layer":"passenger","locationId":"255981B6-0FE2-4F04-A981-8BC90A0CF529","name":"TNLP009262 - Hofmark 72 A, Almere","address":"72 A Hofmark","city":"Almere","operatorName":"TotalEnergies","maxPowerKw":15,"isMegawatt":false,"status":"AVAILABLE","source":"ndw"}},{"type":"Feature","geometry":{"type":"Point","coordinates":[5.15649,52.34858]},"properties":{"type":"charge","layer":"passenger","locationId":"92C09E64-47AC-49BF-A30F-15ECFAB9CFE9","name":"TNLP034628 - Moldaviëstraat 150, Almere","address":"150 Moldaviëstraat","city":"Almere","operatorName":"TotalEnergies","maxPowerKw":13,"isMegawatt":false,"status":"AVAILABLE","source":"ndw"}},{"type":"Feature","geometry":{"type":"Point","coordinates":[5.138396,52.341525]},"properties":{"type":"charge","layer":"passenger","locationId":"923244","name":"DAE_NL_2001126_LP_9","address":"Verlengde Duinvalleiweg 102","city":"Almere","operatorName":"DAEN Mobility","maxPowerKw":11,"isMegawatt":false,"status":"AVAILABLE","source":"ndw","priceKwh":0.4}},{"type":"Feature","geometry":{"type":"Point","coordinates":[5.262781,52.367907]},"properties":{"type":"charge","layer":"passenger","locationId":"c2e05f0f54aad0e96aee0439766aed6a","name":"Monetstraat 1","address":"Monetstraat 1","city":"Almere","operatorName":"Vattenfall InCharge","maxPowerKw":11,"isMegawatt":false,"status":"CHARGING","source":"ndw","priceKwh":0.2805}},{"type":"Feature","geometry":{"type":"Point","coordinates":[5.230114,52.370247]},"properties":{"type":"charge","layer":"passenger","locationId":"9681E789-AC9F-4A04-B0C5-E83EFC353E01","name":"TNLP006207 - Greta Garboplantsoen 11, Almere","address":"11 Greta Garboplantsoen","city":"Almere","operatorName":"TotalEnergies","maxPowerKw":13,"isMegawatt":false,"status":"AVAILABLE","source":"ndw"}},{"type":"Feature","geometry":{"type":"Point","coordinates":[5.287359,52.403783]},"properties":{"type":"charge","layer":"passenger","locationId":"4f8313da390db073f31e3b9084b1c066","name":"Meistraat 102","address":"Meistraat 102","city":"Almere","operatorName":"Vattenfall InCharge","maxPowerKw":11,"isMegawatt":false,"status":"AVAILABLE","source":"ndw","priceKwh":0.2805}},{"type":"Feature","geometry":{"type":"Point","coordinates":[5.138396,52.341525]},"properties":{"type":"charge","layer":"passenger","locationId":"923245","name":"DAE_NL_2001127_LP_10","address":"Verlengde Duinvalleiweg 102","city":"Almere","operatorName":"DAEN Mobility","maxPowerKw":11,"isMegawatt":false,"status":"AVAILABLE","source":"ndw","priceKwh":0.4}},{"type":"Feature","geometry":{"type":"Point","coordinates":[5.138396,52.341525]},"properties":{"type":"charge","layer":"passenger","locationId":"923237","name":"DAE_NL_2001119_LP_2","address":"Verlengde Duinvalleiweg 102","city":"Almere","operatorName":"DAEN Mobility","maxPowerKw":11,"isMegawatt":false,"status":"AVAILABLE","source":"ndw","priceKwh":0.4}},{"type":"Feature","geometry":{"type":"Point","coordinates":[5.2284532,52.370282]},"properties":{"type":"charge","layer":"passenger","locationId":"1759","name":"Shell Recharge NL Grace Kellystraat 1","address":"Grace Kellystraat 1","city":"Almere","operatorName":"Ubitricity","maxPowerKw":22,"isMegawatt":false,"status":"AVAILABLE","source":"ndw","priceKwh":0.267}},{"type":"Feature","geometry":{"type":"Point","coordinates":[5.287326,52.3612]},"properties":{"type":"charge","layer":"passenger","locationId":"7DEFC9E4-0AD8-497C-B628-D557E627D7BA","name":"TNLP008967 - Willis Lambstraat 1, Almere","address":"1 Willis Lambstraat","city":"Almere","operatorName":"TotalEnergies","maxPowerKw":14,"isMegawatt":false,"status":"AVAILABLE","source":"ndw"}},{"type":"Feature","geometry":{"type":"Point","coordinates":[5.169111,52.351636]},"properties":{"type":"charge","layer":"passenger","locationId":"91052182","name":"50five-S NL 07103786","address":"Neonweg 190","city":"Almere","operatorName":"50five","maxPowerKw":5,"isMegawatt":false,"status":"AVAILABLE","source":"ndw"}},{"type":"Feature","geometry":{"type":"Point","coordinates":[5.243927,52.36313]},"properties":{"type":"charge","layer":"passenger","locationId":"C993EAE2-6DA0-4AF1-97A1-7BBC2EF716A8","name":"PP005384 - Truffautstraat 67, Almere","address":"67 Truffautstraat","city":"Almere","operatorName":"TotalEnergies","maxPowerKw":13,"isMegawatt":false,"status":"CHARGING","source":"ndw"}},{"type":"Feature","geometry":{"type":"Point","coordinates":[5.233306,52.38859]},"properties":{"type":"charge","layer":"passenger","locationId":"7EBCD7D4-7A71-4C86-B6A7-E509C1DDCF68","name":"PP001827 - Sprotstraat 48, Almere","address":"48 Sprotstraat","city":"Almere","operatorName":"TotalEnergies","maxPowerKw":11,"isMegawatt":false,"status":"AVAILABLE","source":"ndw"}},{"type":"Feature","geometry":{"type":"Point","coordinates":[5.28521,52.356735]},"properties":{"type":"charge","layer":"passenger","locationId":"CE693F5A-C69E-410D-A649-5644E8CFED9F","name":"Laadplein - TNLP006259 - Gustav Hertzstraat 4, Almere","address":"4 Gustav Hertzstraat","city":"Almere","operatorName":"TotalEnergies","maxPowerKw":15,"isMegawatt":false,"status":"AVAILABLE","source":"ndw"}},{"type":"Feature","geometry":{"type":"Point","coordinates":[5.296527,52.392857]},"properties":{"type":"charge","layer":"passenger","locationId":"19f47c2d-3867-40fd-9d59-a2d76fc715f6","name":"TNLP007257 - Prismastraat 102, Almere","address":"102 Prismastraat","city":"Almere","operatorName":"TotalEnergies","maxPowerKw":13,"isMegawatt":false,"status":"AVAILABLE","source":"ndw"}},{"type":"Feature","geometry":{"type":"Point","coordinates":[5.310776,52.39785]},"properties":{"type":"charge","layer":"passenger","locationId":"85357BC5-563C-4B0A-8C0C-7D188CF26E24","name":"PP005327 - Zanzibarstraat 67, Almere","address":"67 Zanzibarstraat","city":"Almere","operatorName":"TotalEnergies","maxPowerKw":13,"isMegawatt":false,"status":"CHARGING","source":"ndw"}},{"type":"Feature","geometry":{"type":"Point","coordinates":[5.179731,52.357594]},"properties":{"type":"charge","layer":"passenger","locationId":"A8B21BAC-5A8E-4EEC-AC03-C4A0597EE9F9","name":"TNLP006682 - Poëziestraat 155, Almere","address":"155 Poëziestraat","city":"Almere","operatorName":"TotalEnergies","maxPowerKw":13,"isMegawatt":false,"status":"AVAILABLE","source":"ndw"}},{"type":"Feature","geometry":{"type":"Point","coordinates":[5.290002,52.387081]},"properties":{"type":"charge","layer":"passenger","locationId":"91067103","name":"50five-S NL 17B29362","address":"Jasmijnstraat 67","city":"Almere","operatorName":"50five","maxPowerKw":11,"isMegawatt":false,"status":"AVAILABLE","source":"ndw"}},{"type":"Feature","geometry":{"type":"Point","coordinates":[5.254174,52.361435]},"properties":{"type":"charge","layer":"passenger","locationId":"1CDE0522-FA5F-483C-AEE1-2053B5642DA8","name":"TNLP006882 - Galopstraat 5, Almere","address":"5 Galopstraat","city":"Almere","operatorName":"TotalEnergies","maxPowerKw":13,"isMegawatt":false,"status":"CHARGING","source":"ndw"}},{"type":"Feature","geometry":{"type":"Point","coordinates":[5.141621,52.341366]},"properties":{"type":"charge","layer":"passenger","locationId":"2C406F83-D947-428E-BBA3-143E99E97B38","name":"TNLP009510 - Duinrugstraat 5, Almere","address":"5 Duinrugstraat","city":"Almere","operatorName":"TotalEnergies","maxPowerKw":13,"isMegawatt":false,"status":"AVAILABLE","source":"ndw"}},{"type":"Feature","geometry":{"type":"Point","coordinates":[5.27446,52.38433]},"properties":{"type":"charge","layer":"passenger","locationId":"291","name":"Shell Recharge NL Okapistraat 36","address":"Okapistraat 36","city":"Almere","operatorName":"Ubitricity","maxPowerKw":11,"isMegawatt":false,"status":"AVAILABLE","source":"ndw","priceKwh":0.392}},{"type":"Feature","geometry":{"type":"Point","coordinates":[5.1470562,52.3568119]},"properties":{"type":"charge","layer":"passenger","locationId":"2768","name":"Shell Recharge NL Brigantiastraat 1","address":"Brigantiastraat 1","city":"Almere","operatorName":"Ubitricity","maxPowerKw":22,"isMegawatt":false,"status":"AVAILABLE","source":"ndw","priceKwh":0.267}},{"type":"Feature","geometry":{"type":"Point","coordinates":[5.284865,52.358486]},"properties":{"type":"charge","layer":"passenger","locationId":"35CE1095-BEA8-435D-8232-66D809213F8C","name":"TNLP006273 - Max Planckstraat 11, Almere","address":"11 Max Planckstraat","city":"Almere","operatorName":"TotalEnergies","maxPowerKw":13,"isMegawatt":false,"status":"AVAILABLE","source":"ndw"}},{"type":"Feature","geometry":{"type":"Point","coordinates":[5.29701,52.39031]},"properties":{"type":"charge","layer":"passenger","locationId":"BC230D7E-ADA1-4A47-A392-62FFDA3C1C2B","name":"TNLP007244 - Regenboogweg 124, Almere","address":"124 Regenboogweg","city":"Almere","operatorName":"TotalEnergies","maxPowerKw":13,"isMegawatt":false,"status":"AVAILABLE","source":"ndw"}},{"type":"Feature","geometry":{"type":"Point","coordinates":[5.138396,52.341525]},"properties":{"type":"charge","layer":"passenger","locationId":"923242","name":"DAE_NL_2001124_LP_7","address":"Verlengde Duinvalleiweg 102","city":"Almere","operatorName":"DAEN Mobility","maxPowerKw":11,"isMegawatt":false,"status":"AVAILABLE","source":"ndw","priceKwh":0.4}},{"type":"Feature","geometry":{"type":"Point","coordinates":[5.267267,52.391754]},"properties":{"type":"charge","layer":"passenger","locationId":"F2D5C76A-2F30-4296-8DDD-64FD1EABA07F","name":"TNLP006533 - Menkemaborgstraat 24, Almere","address":"24 Menkemaborgstraat","city":"Almere","operatorName":"TotalEnergies","maxPowerKw":13,"isMegawatt":false,"status":"AVAILABLE","source":"ndw"}},{"type":"Feature","geometry":{"type":"Point","coordinates":[5.212922,52.355347]},"properties":{"type":"charge","layer":"passenger","locationId":"bcab81a9-9ff9-4ef0-a01c-e15e0b9b9698","name":"TNLP007137 - Oorweg 3A, Almere","address":"3A Oorweg","city":"Almere","operatorName":"TotalEnergies","maxPowerKw":15,"isMegawatt":false,"status":"AVAILABLE","source":"ndw"}},{"type":"Feature","geometry":{"type":"Point","coordinates":[5.280167,52.355686]},"properties":{"type":"charge","layer":"passenger","locationId":"481EE2E6-50CE-48B7-8B08-2EE6078AAB7D","name":"TNLP009407 - Nobelstraat 51, Almere","address":"51 Nobelstraat","city":"Almere","operatorName":"TotalEnergies","maxPowerKw":13,"isMegawatt":false,"status":"AVAILABLE","source":"ndw"}},{"type":"Feature","geometry":{"type":"Point","coordinates":[5.258833,52.36877]},"properties":{"type":"charge","layer":"passenger","locationId":"4843DEEC-FCDC-442C-B455-FC9C417E1175","name":"TNLP015065 - Jivestraat 1, Almere","address":"1 Jivestraat","city":"Almere","operatorName":"TotalEnergies","maxPowerKw":13,"isMegawatt":false,"status":"CHARGING","source":"ndw"}},{"type":"Feature","geometry":{"type":"Point","coordinates":[5.230631,52.345806]},"properties":{"type":"charge","layer":"passenger","locationId":"88E1D2FE-E7CC-4EB9-9FC3-E63FE1D7E82B","name":"TNLP009653 - Hofmark 208, Almere","address":"208 Hofmark","city":"Almere","operatorName":"TotalEnergies","maxPowerKw":15,"isMegawatt":false,"status":"AVAILABLE","source":"ndw"}},{"type":"Feature","geometry":{"type":"Point","coordinates":[5.1482,52.35538]},"properties":{"type":"charge","layer":"passenger","locationId":"7C2722C5-8E39-485D-8E12-2C28128AD215","name":"PP001680 - Thorstraat 1, Almere","address":"1 Thorstraat","city":"Almere","operatorName":"TotalEnergies","maxPowerKw":11,"isMegawatt":false,"status":"AVAILABLE","source":"ndw"}},{"type":"Feature","geometry":{"type":"Point","coordinates":[5.15568,52.34759]},"properties":{"type":"charge","layer":"passenger","locationId":"05a1327caa04f6645b785aae555a5cfb","name":"Moldaviëstraat 120","address":"Moldaviëstraat 120","city":"Almere","operatorName":"Vattenfall InCharge","maxPowerKw":11,"isMegawatt":false,"status":"AVAILABLE","source":"ndw","priceKwh":0.2805}},{"type":"Feature","geometry":{"type":"Point","coordinates":[5.138396,52.341525]},"properties":{"type":"charge","layer":"passenger","locationId":"923246","name":"DAE_NL_2001128_LP_11","address":"Verlengde Duinvalleiweg 102","city":"Almere","operatorName":"DAEN Mobility","maxPowerKw":11,"isMegawatt":false,"status":"AVAILABLE","source":"ndw","priceKwh":0.4}},{"type":"Feature","geometry":{"type":"Point","coordinates":[5.28227,52.40293]},"properties":{"type":"charge","layer":"passenger","locationId":"C9267543-B107-42C7-8231-6D9C8A6FBD51","name":"TNLP006010 - Herfststraat 19, Almere","address":"19 Herfststraat","city":"Almere","operatorName":"TotalEnergies","maxPowerKw":13,"isMegawatt":false,"status":"AVAILABLE","source":"ndw"}},{"type":"Feature","geometry":{"type":"Point","coordinates":[5.2199033,52.3365277]},"properties":{"type":"charge","layer":"passenger","locationId":"953","name":"Shell Recharge NL Plaats 58","address":"Plaats 58","city":"Almere","operatorName":"Ubitricity","maxPowerKw":22,"isMegawatt":false,"status":"AVAILABLE","source":"ndw","priceKwh":0.267}},{"type":"Feature","geometry":{"type":"Point","coordinates":[5.330998,52.402287]},"properties":{"type":"charge","layer":"passenger","locationId":"E3DDE550-C633-4F9D-9F9F-BD9A13F9ADE9","name":"TNLP007846 - Katrien Duckstraat 1, Almere","address":"1 Katrien Duckstraat","city":"Almere","operatorName":"TotalEnergies","maxPowerKw":13,"isMegawatt":false,"status":"AVAILABLE","source":"ndw"}},{"type":"Feature","geometry":{"type":"Point","coordinates":[5.272863,52.375854]},"properties":{"type":"charge","layer":"passenger","locationId":"EADF4573-4B9B-462A-84E6-6441F1C89DD1","name":"TNLP003629 - Edvard Munchweg 123, Almere","address":"123 Edvard Munchweg","city":"Almere","operatorName":"TotalEnergies","maxPowerKw":17,"isMegawatt":false,"status":"AVAILABLE","source":"ndw"}},{"type":"Feature","geometry":{"type":"Point","coordinates":[5.262376,52.400287]},"properties":{"type":"charge","layer":"passenger","locationId":"446","name":"Shell Recharge NL0714 - Shell Kaspers","address":"Hopperzuigerstraat 2","city":"Almere","operatorName":"Shell Recharge","maxPowerKw":300,"isMegawatt":false,"status":"AVAILABLE","source":"ndw","priceKwh":0.7025}},{"type":"Feature","geometry":{"type":"Point","coordinates":[5.313846,52.34442]},"properties":{"type":"charge","layer":"passenger","locationId":"B43F1B4F-0689-4E17-8E93-DF83064D6BEC","name":"TNLP009216 - Burchard de Volderstraat 19, Almere","address":"19 Burchard de Volderstraat","city":"Almere","operatorName":"TotalEnergies","maxPowerKw":13,"isMegawatt":false,"status":"CHARGING","source":"ndw"}},{"type":"Feature","geometry":{"type":"Point","coordinates":[5.172457,52.389864]},"properties":{"type":"charge","layer":"passenger","locationId":"91065928","name":"50five-S NL 17B01092","address":"Sprietzeil 40","city":"Almere","operatorName":"50five","maxPowerKw":17,"isMegawatt":false,"status":"AVAILABLE","source":"ndw"}},{"type":"Feature","geometry":{"type":"Point","coordinates":[5.280486,52.38584]},"properties":{"type":"charge","layer":"passenger","locationId":"479","name":"Shell Recharge NL Passiebloemweg 23","address":"Passiebloemweg 23","city":"Almere","operatorName":"Ubitricity","maxPowerKw":11,"isMegawatt":false,"status":"CHARGING","source":"ndw","priceKwh":0.392}},{"type":"Feature","geometry":{"type":"Point","coordinates":[5.237605,52.36606]},"properties":{"type":"charge","layer":"passenger","locationId":"5C40E7BB-3C85-49A5-A145-136265AA23E4","name":"TNLP006958 - Max Takstraat 71, Almere","address":"71 Max Takstraat","city":"Almere","operatorName":"TotalEnergies","maxPowerKw":13,"isMegawatt":false,"status":"AVAILABLE","source":"ndw"}},{"type":"Feature","geometry":{"type":"Point","coordinates":[5.207786,52.35916]},"properties":{"type":"charge","layer":"passenger","locationId":"0575162A-4F7F-4309-B40D-EA36624F4E6E","name":"TNLP009308 - Geleenstraat 17, Almere","address":"17 Geleenstraat","city":"Almere","operatorName":"TotalEnergies","maxPowerKw":15,"isMegawatt":false,"status":"AVAILABLE","source":"ndw"}},{"type":"Feature","geometry":{"type":"Point","coordinates":[5.174576,52.346721]},"properties":{"type":"charge","layer":"passenger","locationId":"63135802","name":"50five Exploitatie Openbaar","address":"Transistorstraat 91","city":"Almere","operatorName":"50five","maxPowerKw":22,"isMegawatt":false,"status":"AVAILABLE","source":"ndw"}},{"type":"Feature","geometry":{"type":"Point","coordinates":[5.285881,52.366036]},"properties":{"type":"charge","layer":"passenger","locationId":"b845fef6053e9d36f48669912cd70806","name":"Rosalind Franklinweg 4","address":"Rosalind Franklinweg 4","city":"Almere","operatorName":"Vattenfall InCharge","maxPowerKw":11,"isMegawatt":false,"status":"AVAILABLE","source":"ndw","priceKwh":0.2805}},{"type":"Feature","geometry":{"type":"Point","coordinates":[5.180487,52.366104]},"properties":{"type":"charge","layer":"passenger","locationId":"899B0216-DB0D-49E8-A85B-905C42EB6A36","name":"TNLP006809 - Charlie Parkerstraat 37, Almere","address":"37 Charlie Parkerstraat","city":"Almere","operatorName":"TotalEnergies","maxPowerKw":13,"isMegawatt":false,"status":"AVAILABLE","source":"ndw"}},{"type":"Feature","geometry":{"type":"Point","coordinates":[5.244298,52.3705]},"properties":{"type":"charge","layer":"passenger","locationId":"8DE3392F-3D65-4305-9B4D-2D97F39E6845","name":"PP005130 - Ebenezer Howardpark 16, Almere","address":"16 Ebenezer Howardpark","city":"Almere","operatorName":"TotalEnergies","maxPowerKw":15,"isMegawatt":false,"status":"AVAILABLE","source":"ndw"}},{"type":"Feature","geometry":{"type":"Point","coordinates":[5.247045,52.38102]},"properties":{"type":"charge","layer":"passenger","locationId":"0C105886-80A0-4DD8-8F23-5267FF3E238C","name":"TNLP007060 - Generaal Overakkerstraat 33, Almere","address":"33 Generaal Overakkerstraat","city":"Almere","operatorName":"TotalEnergies","maxPowerKw":13,"isMegawatt":false,"status":"AVAILABLE","source":"ndw"}},{"type":"Feature","geometry":{"type":"Point","coordinates":[5.260367,52.37625]},"properties":{"type":"charge","layer":"passenger","locationId":"5DCCE38D-58F5-4A6E-966A-3E9CFC5F2A8B","name":"TNLP006276 - Herman Kruyderstraat 132, Almere","address":"132 Herman Kruyderstraat","city":"Almere","operatorName":"TotalEnergies","maxPowerKw":13,"isMegawatt":false,"status":"AVAILABLE","source":"ndw"}},{"type":"Feature","geometry":{"type":"Point","coordinates":[5.249694,52.36618]},"properties":{"type":"charge","layer":"passenger","locationId":"ECF6C9C2-D3A8-47F3-AE9A-59894F28249F","name":"TNLP006541 - Folkloreweg 69, Almere","address":"69 Folkloreweg","city":"Almere","operatorName":"TotalEnergies","maxPowerKw":13,"isMegawatt":false,"status":"AVAILABLE","source":"ndw"}},{"type":"Feature","geometry":{"type":"Point","coordinates":[5.1858263,52.3613621]},"properties":{"type":"charge","layer":"passenger","locationId":"1944","name":"Shell Recharge NL Roemer Visscherstraat 47","address":"Roemer Visscherstraat 47","city":"Almere","operatorName":"Ubitricity","maxPowerKw":22,"isMegawatt":false,"status":"AVAILABLE","source":"ndw","priceKwh":0.267}},{"type":"Feature","geometry":{"type":"Point","coordinates":[5.138396,52.341525]},"properties":{"type":"charge","layer":"passenger","locationId":"923248","name":"DAE_NL_2001130_LP_13","address":"Verlengde Duinvalleiweg 102","city":"Almere","operatorName":"DAEN Mobility","maxPowerKw":11,"isMegawatt":false,"status":"AVAILABLE","source":"ndw","priceKwh":0.4}},{"type":"Feature","geometry":{"type":"Point","coordinates":[5.321898,52.404675]},"properties":{"type":"charge","layer":"passenger","locationId":"F3646B2D-D234-413C-9795-97AC83D99888","name":"TNLP007147 - Carol Vogesgracht 41, Almere","address":"41 Carol Vogesgracht","city":"Almere","operatorName":"TotalEnergies","maxPowerKw":13,"isMegawatt":false,"status":"CHARGING","source":"ndw"}},{"type":"Feature","geometry":{"type":"Point","coordinates":[5.219556,52.337856]},"properties":{"type":"charge","layer":"passenger","locationId":"358B151B-54D1-428A-91D6-B037BFCE89A0","name":"TNLP009570 - Stadswerf 118, Almere","address":"118 Stadswerf","city":"Almere","operatorName":"TotalEnergies","maxPowerKw":15,"isMegawatt":false,"status":"AVAILABLE","source":"ndw"}},{"type":"Feature","geometry":{"type":"Point","coordinates":[5.251289,52.384907]},"properties":{"type":"charge","layer":"passenger","locationId":"17975602-6AA0-4A04-9E9E-EF96C3EC37EB","name":"TNLP007656 - Jeroen Boschplantsoen 63, Almere","address":"63 Jeroen Boschplantsoen","city":"Almere","operatorName":"TotalEnergies","maxPowerKw":13,"isMegawatt":false,"status":"AVAILABLE","source":"ndw"}},{"type":"Feature","geometry":{"type":"Point","coordinates":[5.321593,52.40097]},"properties":{"type":"charge","layer":"passenger","locationId":"8C7D62E9-1030-4155-9609-7A0281883EA8","name":"TNLP006419 - Catootjepad 2, Almere","address":"2 Catootjepad","city":"Almere","operatorName":"TotalEnergies","maxPowerKw":15,"isMegawatt":false,"status":"CHARGING","source":"ndw"}},{"type":"Feature","geometry":{"type":"Point","coordinates":[5.176663,52.351044]},"properties":{"type":"charge","layer":"passenger","locationId":"520bc883dea045e19d0565d61075d900","name":"Breedveld & Schröder  DC lader","address":"Katernstraat 11","city":"Almere","operatorName":"The Solar Charging Company","maxPowerKw":50,"isMegawatt":false,"status":"AVAILABLE","source":"ndw","priceKwh":0.62}},{"type":"Feature","geometry":{"type":"Point","coordinates":[5.138396,52.341525]},"properties":{"type":"charge","layer":"passenger","locationId":"923234","name":"DAE_NL_2001118_LP_1","address":"Verlengde Duinvalleiweg 102","city":"Almere","operatorName":"DAEN Mobility","maxPowerKw":22,"isMegawatt":false,"status":"UNAVAILABLE","source":"ndw","priceKwh":0.4}},{"type":"Feature","geometry":{"type":"Point","coordinates":[5.251824,52.379547]},"properties":{"type":"charge","layer":"passenger","locationId":"95A0D9DE-5B8E-48C2-896C-57A895F61929","name":"TNLP007039 - Johan Jongkindstraat 43, Almere","address":"43 Johan Jongkindstraat","city":"Almere","operatorName":"TotalEnergies","maxPowerKw":15,"isMegawatt":false,"status":"AVAILABLE","source":"ndw"}},{"type":"Feature","geometry":{"type":"Point","coordinates":[5.154287,52.358833]},"properties":{"type":"charge","layer":"passenger","locationId":"844B62DD-7092-4C31-A0BE-F75C19FD0FC1","name":"TNLP015328 - Antigonestraat 12, Almere","address":"12 Antigonestraat","city":"Almere","operatorName":"TotalEnergies","maxPowerKw":13,"isMegawatt":false,"status":"UNAVAILABLE","source":"ndw"}},{"type":"Feature","geometry":{"type":"Point","coordinates":[5.178178,52.3573675]},"properties":{"type":"charge","layer":"passenger","locationId":"1128","name":"Shell Recharge NL Hendrik Marsmanstraat 44","address":"Hendrik Marsmanstraat 44","city":"Almere","operatorName":"Ubitricity","maxPowerKw":22,"isMegawatt":false,"status":"AVAILABLE","source":"ndw","priceKwh":0.267}},{"type":"Feature","geometry":{"type":"Point","coordinates":[5.20308,52.34484]},"properties":{"type":"charge","layer":"passenger","locationId":"E453A1CF-B7DE-4BD5-B1C3-933D5FA4781A","name":"Laadplein - TNLP007198 - Beemdlaar 18, Almere","address":"18 Beemdlaar","city":"Almere","operatorName":"TotalEnergies","maxPowerKw":15,"isMegawatt":false,"status":"AVAILABLE","source":"ndw"}},{"type":"Feature","geometry":{"type":"Point","coordinates":[5.319141,52.39827]},"properties":{"type":"charge","layer":"passenger","locationId":"4C87BBD1-D143-4085-B641-96B6BCAF1B0F","name":"TNLP006843 - Lambikstraat 1, Almere","address":"1 Lambikstraat","city":"Almere","operatorName":"TotalEnergies","maxPowerKw":13,"isMegawatt":false,"status":"CHARGING","source":"ndw"}},{"type":"Feature","geometry":{"type":"Point","coordinates":[5.3001,52.40029]},"properties":{"type":"charge","layer":"passenger","locationId":"2ABD7E82-6A44-4EDE-BB22-3CB4FDD1F198","name":"PP004161 - Corsicastraat 86, Almere","address":"86 Corsicastraat","city":"Almere","operatorName":"TotalEnergies","maxPowerKw":13,"isMegawatt":false,"status":"UNAVAILABLE","source":"ndw"}},{"type":"Feature","geometry":{"type":"Point","coordinates":[5.290087,52.40178]},"properties":{"type":"charge","layer":"passenger","locationId":"ED0A375E-F4D6-4C2B-B97E-BC526E55A67C","name":"TNLP009665 - Eeuwenweg 47, Almere","address":"47 Eeuwenweg","city":"Almere","operatorName":"TotalEnergies","maxPowerKw":13,"isMegawatt":false,"status":"AVAILABLE","source":"ndw"}},{"type":"Feature","geometry":{"type":"Point","coordinates":[5.219612,52.33439]},"properties":{"type":"charge","layer":"passenger","locationId":"43E07878-7AF9-470D-872E-937EEA92F350","name":"TNLP009826 - Havenzicht 10, Almere","address":"10 Havenzicht","city":"Almere","operatorName":"TotalEnergies","maxPowerKw":17,"isMegawatt":false,"status":"CHARGING","source":"ndw"}},{"type":"Feature","geometry":{"type":"Point","coordinates":[5.17657,52.351034]},"properties":{"type":"charge","layer":"passenger","locationId":"3684d1c09a5846cba8b667c6c36cb7e0","name":"Breedveld & Schröder","address":"Katernstraat 11","city":"Almere","operatorName":"The Solar Charging Company B.V.","maxPowerKw":22,"isMegawatt":false,"status":"AVAILABLE","source":"ndw","priceKwh":0.45}},{"type":"Feature","geometry":{"type":"Point","coordinates":[5.284307,52.36217]},"properties":{"type":"charge","layer":"passenger","locationId":"454BED95-81EA-4EEA-904B-B11E904CC4BC","name":"TNLP006824 - Maria Mayerstraat 13, Almere","address":"13 Maria Mayerstraat","city":"Almere","operatorName":"TotalEnergies","maxPowerKw":13,"isMegawatt":false,"status":"AVAILABLE","source":"ndw"}},{"type":"Feature","geometry":{"type":"Point","coordinates":[5.188622,52.36296]},"properties":{"type":"charge","layer":"passenger","locationId":"7E93F617-E8C5-44BD-AC53-79A2F414BFF1","name":"TNLP006835 - Operetteweg 110, Almere","address":"110 Operetteweg","city":"Almere","operatorName":"TotalEnergies","maxPowerKw":13,"isMegawatt":false,"status":"AVAILABLE","source":"ndw"}},{"type":"Feature","geometry":{"type":"Point","coordinates":[5.304231,52.392628]},"properties":{"type":"charge","layer":"passenger","locationId":"8DA86CD2-C70E-4CE7-B40F-C66F85826034","name":"TNLP009756 - Malachietstraat 67, Almere","address":"67 Malachietstraat","city":"Almere","operatorName":"TotalEnergies","maxPowerKw":13,"isMegawatt":false,"status":"AVAILABLE","source":"ndw"}},{"type":"Feature","geometry":{"type":"Point","coordinates":[5.148069,52.344612]},"properties":{"type":"charge","layer":"passenger","locationId":"59753923-879C-4785-B9C2-11B2B6D1BCBC","name":"TNLP034125 - Monacostraat 76, Almere","address":"76 Monacostraat","city":"Almere","operatorName":"TotalEnergies","maxPowerKw":13,"isMegawatt":false,"status":"AVAILABLE","source":"ndw"}},{"type":"Feature","geometry":{"type":"Point","coordinates":[5.251864,52.395598]},"properties":{"type":"charge","layer":"passenger","locationId":"f2684616aa54317e8575c01e8ba6c6e2","name":"M. de Klerkstraat 56","address":"M. de Klerkstraat 56","city":"Almere","operatorName":"Vattenfall InCharge","maxPowerKw":11,"isMegawatt":false,"status":"AVAILABLE","source":"ndw","priceKwh":0.2805}},{"type":"Feature","geometry":{"type":"Point","coordinates":[5.1417206,52.3484044]},"properties":{"type":"charge","layer":"passenger","locationId":"1915","name":"Shell Recharge NL Noorwegenkade 386","address":"Noorwegenkade 386","city":"Almere","operatorName":"Ubitricity","maxPowerKw":22,"isMegawatt":false,"status":"CHARGING","source":"ndw","priceKwh":0.267}},{"type":"Feature","geometry":{"type":"Point","coordinates":[5.219053,52.373745]},"properties":{"type":"charge","layer":"passenger","locationId":"fa710218-05d1-4f06-be60-44447d670673","name":"TNLP006478 - Schilderhof 2, Almere","address":"2 Schilderhof","city":"Almere","operatorName":"TotalEnergies","maxPowerKw":13,"isMegawatt":false,"status":"AVAILABLE","source":"ndw"}},{"type":"Feature","geometry":{"type":"Point","coordinates":[5.217635,52.335957]},"properties":{"type":"charge","layer":"passenger","locationId":"C86635E8-1F3A-4D45-979B-38B858DFBD43","name":"TNLP015118 - Marktgracht 53, Almere","address":"53 Marktgracht","city":"Almere","operatorName":"TotalEnergies","maxPowerKw":13,"isMegawatt":false,"status":"AVAILABLE","source":"ndw"}},{"type":"Feature","geometry":{"type":"Point","coordinates":[5.2082,52.34411]},"properties":{"type":"charge","layer":"passenger","locationId":"ED552CFD-CFAB-4CBD-B340-9BDEAA4D027E","name":"PP004348 - Bosgouw 91, Almere","address":"91 Bosgouw","city":"Almere","operatorName":"TotalEnergies","maxPowerKw":13,"isMegawatt":false,"status":"AVAILABLE","source":"ndw"}},{"type":"Feature","geometry":{"type":"Point","coordinates":[5.317121,52.407448]},"properties":{"type":"charge","layer":"passenger","locationId":"12ce2ccf16ff88b2f43fa46508ba8e24","name":"Frans Piëtstraat 80","address":"Frans Piëtstraat 80","city":"Almere","operatorName":"Vattenfall InCharge","maxPowerKw":11,"isMegawatt":false,"status":"AVAILABLE","source":"ndw","priceKwh":0.2805}},{"type":"Feature","geometry":{"type":"Point","coordinates":[5.272543,52.368348]},"properties":{"type":"charge","layer":"passenger","locationId":"375","name":"Shell Recharge NL Michelangelostraat 189","address":"Michelangelostraat 189","city":"Almere","operatorName":"Ubitricity","maxPowerKw":11,"isMegawatt":false,"status":"CHARGING","source":"ndw","priceKwh":0.392}},{"type":"Feature","geometry":{"type":"Point","coordinates":[5.197225,52.367906]},"properties":{"type":"charge","layer":"passenger","locationId":"87fd55262faa26d3055449140d47b5ed","name":"Mozartweg 90","address":"Mozartweg 90","city":"Almere","operatorName":"Vattenfall InCharge","maxPowerKw":11,"isMegawatt":false,"status":"AVAILABLE","source":"ndw","priceKwh":0.4316}},{"type":"Feature","geometry":{"type":"Point","coordinates":[5.32246,52.40096]},"properties":{"type":"charge","layer":"passenger","locationId":"a3f06c53-501e-4c92-9dfa-605b2ffd5796","name":"PP001854 - Rode Katerplaats 16, Almere","address":"16 Rode Katerplaats","city":"Almere","operatorName":"TotalEnergies","maxPowerKw":11,"isMegawatt":false,"status":"AVAILABLE","source":"ndw"}},{"type":"Feature","geometry":{"type":"Point","coordinates":[5.17594,52.35659]},"properties":{"type":"charge","layer":"passenger","locationId":"730","name":"Shell Recharge NL Hendrik Marsmanstraat 82","address":"Hendrik Marsmanstraat 82","city":"Almere","operatorName":"Ubitricity","maxPowerKw":11,"isMegawatt":false,"status":"AVAILABLE","source":"ndw","priceKwh":0.392}},{"type":"Feature","geometry":{"type":"Point","coordinates":[5.15828,52.3466]},"properties":{"type":"charge","layer":"passenger","locationId":"52498B2D-0854-4210-BF17-1BB360F390BC","name":"TNLP009870 - Albaniëstraat 1, Almere","address":"1 Albaniëstraat","city":"Almere","operatorName":"TotalEnergies","maxPowerKw":17,"isMegawatt":false,"status":"AVAILABLE","source":"ndw"}},{"type":"Feature","geometry":{"type":"Point","coordinates":[5.144716,52.34903]},"properties":{"type":"charge","layer":"passenger","locationId":"94D922B3-F766-4647-B2AC-D0F14AE10A0D","name":"Laadplein - PP005258 - Denemarkenstraat 128, Almere","address":"128 Denemarkenstraat","city":"Almere","operatorName":"TotalEnergies","maxPowerKw":15,"isMegawatt":false,"status":"AVAILABLE","source":"ndw"}},{"type":"Feature","geometry":{"type":"Point","coordinates":[5.29999,52.39826]},"properties":{"type":"charge","layer":"passenger","locationId":"171","name":"Shell Recharge NL Gran Canariastraat 40","address":"Gran Canariastraat 40","city":"Almere","operatorName":"Ubitricity","maxPowerKw":11,"isMegawatt":false,"status":"AVAILABLE","source":"ndw","priceKwh":0.392}},{"type":"Feature","geometry":{"type":"Point","coordinates":[5.197918,52.36313]},"properties":{"type":"charge","layer":"passenger","locationId":"108","name":"Shell Recharge NL Mahlerstraat 8","address":"Mahlerstraat 8","city":"Almere","operatorName":"Ubitricity","maxPowerKw":11,"isMegawatt":false,"status":"AVAILABLE","source":"ndw","priceKwh":0.392}},{"type":"Feature","geometry":{"type":"Point","coordinates":[5.319099,52.403417]},"properties":{"type":"charge","layer":"passenger","locationId":"921c6900db91930443bf789e763beca8","name":"Carol Vogesgracht 10","address":"Carol Vogesgracht 10","city":"Almere","operatorName":"Vattenfall InCharge","maxPowerKw":11,"isMegawatt":false,"status":"AVAILABLE","source":"ndw","priceKwh":0.2805}},{"type":"Feature","geometry":{"type":"Point","coordinates":[5.149034,52.357162]},"properties":{"type":"charge","layer":"passenger","locationId":"93b69ad0960d026ea5ac5327c540ce34","name":"Apollostraat 14","address":"Apollostraat 14","city":"Almere","operatorName":"Vattenfall InCharge","maxPowerKw":11,"isMegawatt":false,"status":"AVAILABLE","source":"ndw","priceKwh":0.2805}},{"type":"Feature","geometry":{"type":"Point","coordinates":[5.196502,52.384315]},"properties":{"type":"charge","layer":"passenger","locationId":"3CCF7AC3-BB02-4FF0-A96B-95F0166530A8","name":"TNLP006297 - Kweldergrasveld 67, Almere","address":"67 Kweldergrasveld","city":"Almere","operatorName":"TotalEnergies","maxPowerKw":13,"isMegawatt":false,"status":"UNAVAILABLE","source":"ndw"}},{"type":"Feature","geometry":{"type":"Point","coordinates":[5.138396,52.341525]},"properties":{"type":"charge","layer":"passenger","locationId":"923251","name":"DAE_NL_2001133_LP_16","address":"Verlengde Duinvalleiweg 102","city":"Almere","operatorName":"DAEN Mobility","maxPowerKw":11,"isMegawatt":false,"status":"AVAILABLE","source":"ndw","priceKwh":0.4}},{"type":"Feature","geometry":{"type":"Point","coordinates":[5.212228,52.373848]},"properties":{"type":"charge","layer":"passenger","locationId":"EF13816D-8BF1-4A8B-8120-8944BA85FA92","name":"TNLP009338 - Dokkumlaan 19, Almere","address":"19 Dokkumlaan","city":"Almere","operatorName":"TotalEnergies","maxPowerKw":13,"isMegawatt":false,"status":"AVAILABLE","source":"ndw"}},{"type":"Feature","geometry":{"type":"Point","coordinates":[5.17173,52.393562]},"properties":{"type":"charge","layer":"passenger","locationId":"2D7593E5-9293-4321-A4B3-DAC1EFBE23A6","name":"TNLP005707 - Latijnzeil 56, Almere","address":"56 Latijnzeil","city":"Almere","operatorName":"TotalEnergies","maxPowerKw":13,"isMegawatt":false,"status":"AVAILABLE","source":"ndw"}},{"type":"Feature","geometry":{"type":"Point","coordinates":[5.25729,52.39793]},"properties":{"type":"charge","layer":"passenger","locationId":"36BA3FC5-CE1F-480D-8387-431800498C63","name":"PP004272 - L.C. van der Vlugtstraat 11, Almere","address":"11 L.C. van der Vlugtstraat","city":"Almere","operatorName":"TotalEnergies","maxPowerKw":13,"isMegawatt":false,"status":"AVAILABLE","source":"ndw"}},{"type":"Feature","geometry":{"type":"Point","coordinates":[5.268815,52.389231]},"properties":{"type":"charge","layer":"passenger","locationId":"4b0159ffc24c1dab1014c55314fa6fbc","name":"Drakensteynpad 1","address":"Drakensteynpad 1","city":"Almere","operatorName":"Vattenfall InCharge","maxPowerKw":11,"isMegawatt":false,"status":"AVAILABLE","source":"ndw","priceKwh":0.2805}},{"type":"Feature","geometry":{"type":"Point","coordinates":[5.307726,52.40547]},"properties":{"type":"charge","layer":"passenger","locationId":"6B376303-6CAE-4F7E-8EAA-BF6BC0B74280","name":"TNLP006015 - Songketstraat 11, Almere","address":"11 Songketstraat","city":"Almere","operatorName":"TotalEnergies","maxPowerKw":13,"isMegawatt":false,"status":"AVAILABLE","source":"ndw"}},{"type":"Feature","geometry":{"type":"Point","coordinates":[5.142433,52.340405]},"properties":{"type":"charge","layer":"passenger","locationId":"D49D0164-2E0A-4C27-87BC-10E2F340F80D","name":"TNLP006849 - Binnenduinstraat 5, Almere","address":"5 Binnenduinstraat","city":"Almere","operatorName":"TotalEnergies","maxPowerKw":13,"isMegawatt":false,"status":"AVAILABLE","source":"ndw"}},{"type":"Feature","geometry":{"type":"Point","coordinates":[5.192146,52.36744]},"properties":{"type":"charge","layer":"passenger","locationId":"FD1D594B-D6D7-4FA2-A034-CF5DCA16F83A","name":"TNLP009175 - Rachmaninovstraat 2, Almere","address":"2 Rachmaninovstraat","city":"Almere","operatorName":"TotalEnergies","maxPowerKw":13,"isMegawatt":false,"status":"AVAILABLE","source":"ndw"}},{"type":"Feature","geometry":{"type":"Point","coordinates":[5.289741,52.38812]},"properties":{"type":"charge","layer":"passenger","locationId":"2FA06111-6928-4A1B-A522-90805E888A32","name":"TNLP006698 - Azaleastraat 1, Almere","address":"1 Azaleastraat","city":"Almere","operatorName":"TotalEnergies","maxPowerKw":13,"isMegawatt":false,"status":"AVAILABLE","source":"ndw"}},{"type":"Feature","geometry":{"type":"Point","coordinates":[5.27466,52.3881]},"properties":{"type":"charge","layer":"passenger","locationId":"065B8D5D-A68D-43CB-8546-A869EFDCF3C5","name":"TNLP005762 - Poemaweg 3, Almere","address":"3 Poemaweg","city":"Almere","operatorName":"TotalEnergies","maxPowerKw":13,"isMegawatt":false,"status":"AVAILABLE","source":"ndw"}},{"type":"Feature","geometry":{"type":"Point","coordinates":[5.25632,52.36726]},"properties":{"type":"charge","layer":"passenger","locationId":"870cf5668c0124ba31a1f642a18391e7","name":"Rumbastraat 71","address":"Rumbastraat 71","city":"Almere","operatorName":"Vattenfall InCharge","maxPowerKw":11,"isMegawatt":false,"status":"AVAILABLE","source":"ndw","priceKwh":0.2805}},{"type":"Feature","geometry":{"type":"Point","coordinates":[5.211339,52.355245]},"properties":{"type":"charge","layer":"passenger","locationId":"c6914a07-c624-4ab2-a574-e4e02106587e","name":"Oorweg","address":"Oorweg 7","city":"Almere","operatorName":"Vattenfall InCharge","maxPowerKw":50,"isMegawatt":false,"status":"AVAILABLE","source":"ndw","priceKwh":0.46}},{"type":"Feature","geometry":{"type":"Point","coordinates":[5.238425,52.360226]},"properties":{"type":"charge","layer":"passenger","locationId":"9BDD2D1E-65EA-4A27-AC77-1F5FA5C759BB","name":"TNLP005888 - Fellinilaan 250, Almere","address":"250 Fellinilaan","city":"Almere","operatorName":"TotalEnergies","maxPowerKw":13,"isMegawatt":false,"status":"AVAILABLE","source":"ndw"}},{"type":"Feature","geometry":{"type":"Point","coordinates":[5.138396,52.341525]},"properties":{"type":"charge","layer":"passenger","locationId":"923240","name":"DAE_NL_2001122_LP_5","address":"Verlengde Duinvalleiweg 102","city":"Almere","operatorName":"DAEN Mobility","maxPowerKw":11,"isMegawatt":false,"status":"AVAILABLE","source":"ndw","priceKwh":0.4}},{"type":"Feature","geometry":{"type":"Point","coordinates":[5.172885,52.399942]},"properties":{"type":"charge","layer":"passenger","locationId":"69e621e864372891df887b1d","name":"Schuifknoop 41 Maijenburg","address":"Schuifknoop 41","city":"ALMERE","operatorName":"E-Flux by Road","maxPowerKw":14,"isMegawatt":false,"status":"AVAILABLE","source":"ndw","priceKwh":0.78}},{"type":"Feature","geometry":{"type":"Point","coordinates":[5.1862814,52.3682738]},"properties":{"type":"charge","layer":"passenger","locationId":"775","name":"Shell Recharge NL Wessel Ilckenstraat 10","address":"Wessel Ilckenstraat 10","city":"Almere","operatorName":"Ubitricity","maxPowerKw":22,"isMegawatt":false,"status":"AVAILABLE","source":"ndw","priceKwh":0.267}},{"type":"Feature","geometry":{"type":"Point","coordinates":[5.236694,52.340833]},"properties":{"type":"charge","layer":"passenger","locationId":"acb2fa70b433a1b2deca4fc47b34d86a","name":"Oevergriend 58","address":"Oevergriend 58","city":"Almere","operatorName":"Vattenfall InCharge","maxPowerKw":11,"isMegawatt":false,"status":"AVAILABLE","source":"ndw","priceKwh":0.2805}},{"type":"Feature","geometry":{"type":"Point","coordinates":[5.209549,52.376072]},"properties":{"type":"charge","layer":"passenger","locationId":"04DBE380-801B-4D5C-9075-A72DF3774869","name":"TNLP015468 - Stadhouderstraat 12, Almere","address":"12 Stadhouderstraat","city":"Almere","operatorName":"TotalEnergies","maxPowerKw":13,"isMegawatt":false,"status":"AVAILABLE","source":"ndw"}},{"type":"Feature","geometry":{"type":"Point","coordinates":[5.25296,52.371937]},"properties":{"type":"charge","layer":"passenger","locationId":"2D9E35CB-1CA4-49C9-8379-9B60867C9A70","name":"TNLP009210 - Parkwijklaan 155, Almere","address":"155 Parkwijklaan","city":"Almere","operatorName":"TotalEnergies","maxPowerKw":13,"isMegawatt":false,"status":"AVAILABLE","source":"ndw"}},{"type":"Feature","geometry":{"type":"Point","coordinates":[5.1786425,52.3583486]},"properties":{"type":"charge","layer":"passenger","locationId":"2311","name":"Shell Recharge NL J.H. Leopoldstraat 5","address":"J.H. Leopoldstraat 5","city":"Almere","operatorName":"Ubitricity","maxPowerKw":22,"isMegawatt":false,"status":"AVAILABLE","source":"ndw","priceKwh":0.267}},{"type":"Feature","geometry":{"type":"Point","coordinates":[5.21844,52.37781]},"properties":{"type":"charge","layer":"passenger","locationId":"361","name":"Shell Recharge NL Churchillweg 248","address":"Churchillweg 248","city":"Almere","operatorName":"Ubitricity","maxPowerKw":11,"isMegawatt":false,"status":"AVAILABLE","source":"ndw","priceKwh":0.392}},{"type":"Feature","geometry":{"type":"Point","coordinates":[5.170304,52.352455]},"properties":{"type":"charge","layer":"passenger","locationId":"686d16224a5e45bc08a9f6ab","name":"TDN - Cargahora","address":"Argonweg 129","city":"Almere","operatorName":"E-Flux by Road","maxPowerKw":22,"isMegawatt":false,"status":"AVAILABLE","source":"ndw","priceKwh":0.58}},{"type":"Feature","geometry":{"type":"Point","coordinates":[5.285977,52.360325]},"properties":{"type":"charge","layer":"passenger","locationId":"5DD538B7-39AC-4245-B044-996C90ED40B0","name":"TNLP007810 - Walter Brattainstraat 13, Almere","address":"13 Walter Brattainstraat","city":"Almere","operatorName":"TotalEnergies","maxPowerKw":13,"isMegawatt":false,"status":"AVAILABLE","source":"ndw"}},{"type":"Feature","geometry":{"type":"Point","coordinates":[5.26899,52.36754]},"properties":{"type":"charge","layer":"passenger","locationId":"28a10dba5bc62241e872bb24bf8ceb78","name":"El Grecostraat 136","address":"El Grecostraat 136","city":"Almere","operatorName":"Vattenfall InCharge","maxPowerKw":11,"isMegawatt":false,"status":"AVAILABLE","source":"ndw","priceKwh":0.2805}},{"type":"Feature","geometry":{"type":"Point","coordinates":[5.214555,52.370342]},"properties":{"type":"charge","layer":"passenger","locationId":"894E5667-6B6E-4C10-84A2-4839B2D7B207","name":"TNLP009404 - Gezellenhof 39, Almere","address":"39 Gezellenhof","city":"Almere","operatorName":"TotalEnergies","maxPowerKw":13,"isMegawatt":false,"status":"AVAILABLE","source":"ndw"}},{"type":"Feature","geometry":{"type":"Point","coordinates":[5.236294,52.3903482]},"properties":{"type":"charge","layer":"passenger","locationId":"2119","name":"Shell Recharge NL Tonijnstraat 1","address":"Tonijnstraat 1","city":"Almere","operatorName":"Ubitricity","maxPowerKw":22,"isMegawatt":false,"status":"AVAILABLE","source":"ndw","priceKwh":0.267}},{"type":"Feature","geometry":{"type":"Point","coordinates":[5.1493595,52.3523792]},"properties":{"type":"charge","layer":"passenger","locationId":"1127","name":"Shell Recharge NL Lokistraat 34","address":"Lokistraat 34","city":"Almere","operatorName":"Ubitricity","maxPowerKw":22,"isMegawatt":false,"status":"CHARGING","source":"ndw","priceKwh":0.267}},{"type":"Feature","geometry":{"type":"Point","coordinates":[5.152565,52.357502]},"properties":{"type":"charge","layer":"passenger","locationId":"1163F385-A3EA-4BDA-9C2A-CD6D854AA936","name":"TNLP009528 - Najadenstraat 4, Almere","address":"4 Najadenstraat","city":"Almere","operatorName":"TotalEnergies","maxPowerKw":13,"isMegawatt":false,"status":"AVAILABLE","source":"ndw"}},{"type":"Feature","geometry":{"type":"Point","coordinates":[5.270979,52.400039]},"properties":{"type":"charge","layer":"passenger","locationId":"377","name":"Shell Recharge NL Buitenkruierstraat 9","address":"Buitenkruierstraat 9","city":"Almere","operatorName":"Ubitricity","maxPowerKw":11,"isMegawatt":false,"status":"CHARGING","source":"ndw","priceKwh":0.392}},{"type":"Feature","geometry":{"type":"Point","coordinates":[5.182866,52.351047]},"properties":{"type":"charge","layer":"passenger","locationId":"64119a002482d10012d7c06e","name":"PREMIUM Laadpaal 1","address":"Televisieweg  54","city":"Almere","operatorName":"E-Flux by Road","maxPowerKw":22,"isMegawatt":false,"status":"AVAILABLE","source":"ndw","priceKwh":0.53}},{"type":"Feature","geometry":{"type":"Point","coordinates":[5.22389,52.38762]},"properties":{"type":"charge","layer":"passenger","locationId":"473","name":"Shell Recharge NL Ijsselmeerweg 41","address":"Ijsselmeerweg 41","city":"Almere","operatorName":"Ubitricity","maxPowerKw":11,"isMegawatt":false,"status":"AVAILABLE","source":"ndw","priceKwh":0.392}},{"type":"Feature","geometry":{"type":"Point","coordinates":[5.3191,52.397132]},"properties":{"type":"charge","layer":"passenger","locationId":"64bec4f412a445001c5ad940","name":"Thuis","address":"Lambikstraat 28","city":"Almere","operatorName":"E-Flux by Road","maxPowerKw":11,"isMegawatt":false,"status":"AVAILABLE","source":"ndw","priceKwh":0.5566}},{"type":"Feature","geometry":{"type":"Point","coordinates":[5.283518,52.380659]},"properties":{"type":"charge","layer":"passenger","locationId":"6421a61a7a2ba50012f8561b","name":"Kim Lammers 's station","address":"Trekweg  51","city":"Almere","operatorName":"E-Flux by Road","maxPowerKw":6,"isMegawatt":false,"status":"AVAILABLE","source":"ndw","priceKwh":0.73}},{"type":"Feature","geometry":{"type":"Point","coordinates":[5.2707582,52.3878231]},"properties":{"type":"charge","layer":"passenger","locationId":"2443","name":"Shell Recharge NL Otterstraat 27","address":"Otterstraat 27","city":"Almere","operatorName":"Ubitricity","maxPowerKw":22,"isMegawatt":false,"status":"AVAILABLE","source":"ndw","priceKwh":0.267}},{"type":"Feature","geometry":{"type":"Point","coordinates":[5.286309,52.3567762]},"properties":{"type":"charge","layer":"passenger","locationId":"2307","name":"Shell Recharge NL Albert Einsteinstraat 20","address":"Albert Einsteinstraat 20","city":"Almere","operatorName":"Ubitricity","maxPowerKw":22,"isMegawatt":false,"status":"AVAILABLE","source":"ndw","priceKwh":0.267}},{"type":"Feature","geometry":{"type":"Point","coordinates":[5.253865,52.371006]},"properties":{"type":"charge","layer":"passenger","locationId":"F889ACD2-AA59-4C8D-BA5A-E138CDE8486B","name":"TNLP006247 - Parkwijklaan 193, Almere","address":"193 Parkwijklaan","city":"Almere","operatorName":"TotalEnergies","maxPowerKw":13,"isMegawatt":false,"status":"AVAILABLE","source":"ndw"}},{"type":"Feature","geometry":{"type":"Point","coordinates":[5.240935,52.374348]},"properties":{"type":"charge","layer":"passenger","locationId":"8C166734-86FE-4C08-945A-8741BB0EFB7F","name":"TNLP006998 - Parkwijklaan 4, Almere","address":"4 Parkwijklaan","city":"Almere","operatorName":"TotalEnergies","maxPowerKw":13,"isMegawatt":false,"status":"AVAILABLE","source":"ndw"}},{"type":"Feature","geometry":{"type":"Point","coordinates":[5.14743,52.34184]},"properties":{"type":"charge","layer":"passenger","locationId":"90632ADC-ABCC-49DD-BE10-73288C972ED8","name":"TNLP034264 - Mildred Didriksonstraat 19, Almere","address":"19 Mildred Didriksonstraat","city":"Almere","operatorName":"TotalEnergies","maxPowerKw":13,"isMegawatt":false,"status":"AVAILABLE","source":"ndw"}},{"type":"Feature","geometry":{"type":"Point","coordinates":[5.138396,52.341525]},"properties":{"type":"charge","layer":"passenger","locationId":"923250","name":"DAE_NL_2001132_LP_15","address":"Verlengde Duinvalleiweg 102","city":"Almere","operatorName":"DAEN Mobility","maxPowerKw":11,"isMegawatt":false,"status":"AVAILABLE","source":"ndw","priceKwh":0.4}},{"type":"Feature","geometry":{"type":"Point","coordinates":[5.217912,52.339341]},"properties":{"type":"charge","layer":"passenger","locationId":"219","name":"Shell Recharge NL Middenhof 313","address":"Middenhof 313","city":"Almere","operatorName":"Ubitricity","maxPowerKw":11,"isMegawatt":false,"status":"AVAILABLE","source":"ndw","priceKwh":0.392}},{"type":"Feature","geometry":{"type":"Point","coordinates":[5.138396,52.341525]},"properties":{"type":"charge","layer":"passenger","locationId":"923241","name":"DAE_NL_2001123_LP_6","address":"Verlengde Duinvalleiweg 102","city":"Almere","operatorName":"DAEN Mobility","maxPowerKw":11,"isMegawatt":false,"status":"AVAILABLE","source":"ndw","priceKwh":0.4}},{"type":"Feature","geometry":{"type":"Point","coordinates":[5.26426,52.36648]},"properties":{"type":"charge","layer":"passenger","locationId":"558","name":"Shell Recharge NL Constablestraat 1","address":"Constablestraat 1","city":"Almere","operatorName":"Ubitricity","maxPowerKw":11,"isMegawatt":false,"status":"AVAILABLE","source":"ndw","priceKwh":0.392}},{"type":"Feature","geometry":{"type":"Point","coordinates":[5.196862,52.3631044]},"properties":{"type":"charge","layer":"passenger","locationId":"2033","name":"Shell Recharge NL H. Andriessenweg 11","address":"H. Andriessenweg 11","city":"Almere","operatorName":"Ubitricity","maxPowerKw":22,"isMegawatt":false,"status":"AVAILABLE","source":"ndw","priceKwh":0.267}},{"type":"Feature","geometry":{"type":"Point","coordinates":[5.2550673,52.3845569]},"properties":{"type":"charge","layer":"passenger","locationId":"2705","name":"Shell Recharge NL Jan Steenstraat 141","address":"Jan Steenstraat 141","city":"Almere","operatorName":"Ubitricity","maxPowerKw":22,"isMegawatt":false,"status":"AVAILABLE","source":"ndw","priceKwh":0.267}},{"type":"Feature","geometry":{"type":"Point","coordinates":[5.1749,52.36631]},"properties":{"type":"charge","layer":"passenger","locationId":"37045B97-D58B-4559-A2A5-8F2A1C0B9D37","name":"PP004300 - Elvis Presleystraat 2, Almere","address":"2 Elvis Presleystraat","city":"Almere","operatorName":"TotalEnergies","maxPowerKw":13,"isMegawatt":false,"status":"AVAILABLE","source":"ndw"}},{"type":"Feature","geometry":{"type":"Point","coordinates":[5.233326,52.372303]},"properties":{"type":"charge","layer":"passenger","locationId":"1A14E270-B033-482F-A1DE-A7ABEA06AE48","name":"TNLP006873 - Marty Feldmanstraat 71, Almere","address":"71 Marty Feldmanstraat","city":"Almere","operatorName":"TotalEnergies","maxPowerKw":13,"isMegawatt":false,"status":"AVAILABLE","source":"ndw"}},{"type":"Feature","geometry":{"type":"Point","coordinates":[5.154937,52.346573]},"properties":{"type":"charge","layer":"passenger","locationId":"77E35586-7C14-48A0-8323-1A1373324314","name":"TNLP009837 - Moldaviëstraat 80, Almere","address":"80 Moldaviëstraat","city":"Almere","operatorName":"TotalEnergies","maxPowerKw":17,"isMegawatt":false,"status":"AVAILABLE","source":"ndw"}},{"type":"Feature","geometry":{"type":"Point","coordinates":[5.3077063,52.4010774]},"properties":{"type":"charge","layer":"passenger","locationId":"1296","name":"Shell Recharge NL Lofotenweg 65","address":"Lofotenweg 65","city":"Almere","operatorName":"Ubitricity","maxPowerKw":22,"isMegawatt":false,"status":"AVAILABLE","source":"ndw","priceKwh":0.267}},{"type":"Feature","geometry":{"type":"Point","coordinates":[5.30283,52.39899]},"properties":{"type":"charge","layer":"passenger","locationId":"fe8f27ba-d5f0-4030-843d-54baad4a67f6","name":"PP002090 - Siciliëstraat 28, Almere","address":"28 Siciliëstraat","city":"Almere","operatorName":"TotalEnergies","maxPowerKw":11,"isMegawatt":false,"status":"AVAILABLE","source":"ndw"}},{"type":"Feature","geometry":{"type":"Point","coordinates":[5.195583,52.365597]},"properties":{"type":"charge","layer":"passenger","locationId":"1473","name":"Shell Recharge NL Cesar Franckweg 34","address":"Cesar Franckweg 34","city":"Almere","operatorName":"Ubitricity","maxPowerKw":11,"isMegawatt":false,"status":"AVAILABLE","source":"ndw","priceKwh":0.392}},{"type":"Feature","geometry":{"type":"Point","coordinates":[5.30594,52.40173]},"properties":{"type":"charge","layer":"passenger","locationId":"03991358-1794-4919-B3F9-78EFBAE5B803","name":"PP005404 - Terschellingstraat 36, Almere","address":"36 Terschellingstraat","city":"Almere","operatorName":"TotalEnergies","maxPowerKw":13,"isMegawatt":false,"status":"AVAILABLE","source":"ndw"}},{"type":"Feature","geometry":{"type":"Point","coordinates":[5.2897196,52.3624653]},"properties":{"type":"charge","layer":"passenger","locationId":"2237","name":"Shell Recharge NL James Rainwaterpad 35","address":"James Rainwaterpad 35","city":"Almere","operatorName":"Ubitricity","maxPowerKw":22,"isMegawatt":false,"status":"AVAILABLE","source":"ndw","priceKwh":0.267}},{"type":"Feature","geometry":{"type":"Point","coordinates":[5.1874095,52.358755]},"properties":{"type":"charge","layer":"passenger","locationId":"2814","name":"Shell Recharge NL Nescioplantsoen 40","address":"Nescioplantsoen 40","city":"Almere","operatorName":"Ubitricity","maxPowerKw":22,"isMegawatt":false,"status":"AVAILABLE","source":"ndw","priceKwh":0.267}},{"type":"Feature","geometry":{"type":"Point","coordinates":[5.177421,52.372963]},"properties":{"type":"charge","layer":"passenger","locationId":"782FC046-BE5B-4EE1-8E9B-61E488529CCA","name":"TNLP006431 - Contrabasweg 219, Almere","address":"219 Contrabasweg","city":"Almere","operatorName":"TotalEnergies","maxPowerKw":13,"isMegawatt":false,"status":"AVAILABLE","source":"ndw"}},{"type":"Feature","geometry":{"type":"Point","coordinates":[5.206,52.3395]},"properties":{"type":"charge","layer":"passenger","locationId":"664","name":"Shell Recharge NL Kornwierde 145","address":"Kornwierde 145","city":"Almere","operatorName":"Ubitricity","maxPowerKw":11,"isMegawatt":false,"status":"CHARGING","source":"ndw","priceKwh":0.392}},{"type":"Feature","geometry":{"type":"Point","coordinates":[5.213378,52.366424]},"properties":{"type":"charge","layer":"passenger","locationId":"302","name":"Shell Recharge NL Hengelostraat 64","address":"Hengelostraat 64","city":"Almere","operatorName":"Ubitricity","maxPowerKw":11,"isMegawatt":false,"status":"AVAILABLE","source":"ndw","priceKwh":0.392}},{"type":"Feature","geometry":{"type":"Point","coordinates":[5.144766,52.34894]},"properties":{"type":"charge","layer":"passenger","locationId":"d2beec37-84ed-4570-819d-249ccd5e221c","name":"TNLP034690 - Denemarkenstraat 112, Almere","address":"112 Denemarkenstraat","city":"Almere","operatorName":"TotalEnergies","maxPowerKw":13,"isMegawatt":false,"status":"AVAILABLE","source":"ndw"}},{"type":"Feature","geometry":{"type":"Point","coordinates":[5.283542,52.401802]},"properties":{"type":"charge","layer":"passenger","locationId":"7B44E356-C4F7-4DF6-8035-AD5C838F56C2","name":"PP005429 - Jarenweg 89, Almere","address":"89 Jarenweg","city":"Almere","operatorName":"TotalEnergies","maxPowerKw":13,"isMegawatt":false,"status":"AVAILABLE","source":"ndw"}},{"type":"Feature","geometry":{"type":"Point","coordinates":[5.138396,52.341525]},"properties":{"type":"charge","layer":"passenger","locationId":"923243","name":"DAE_NL_2001125_LP_8","address":"Verlengde Duinvalleiweg 102","city":"Almere","operatorName":"DAEN Mobility","maxPowerKw":11,"isMegawatt":false,"status":"AVAILABLE","source":"ndw","priceKwh":0.4}},{"type":"Feature","geometry":{"type":"Point","coordinates":[5.2665779,52.388365]},"properties":{"type":"charge","layer":"passenger","locationId":"948","name":"Shell Recharge NL Zuylesteinstraat 39","address":"Zuylesteinstraat 39","city":"Almere","operatorName":"Ubitricity","maxPowerKw":22,"isMegawatt":false,"status":"AVAILABLE","source":"ndw","priceKwh":0.267}},{"type":"Feature","geometry":{"type":"Point","coordinates":[5.203862,52.3569276]},"properties":{"type":"charge","layer":"passenger","locationId":"1063","name":"Shell Recharge NL Eindhovenstraat 37","address":"Eindhovenstraat 37","city":"Almere","operatorName":"Ubitricity","maxPowerKw":22,"isMegawatt":false,"status":"CHARGING","source":"ndw","priceKwh":0.267}},{"type":"Feature","geometry":{"type":"Point","coordinates":[5.143954,52.34734]},"properties":{"type":"charge","layer":"passenger","locationId":"D557C8E9-DD61-4DF9-8579-CAFAB20ED39F","name":"TNLP008775 - Beneluxlaan 865, Almere","address":"865 Beneluxlaan","city":"Almere","operatorName":"TotalEnergies","maxPowerKw":13,"isMegawatt":false,"status":"AVAILABLE","source":"ndw"}},{"type":"Feature","geometry":{"type":"Point","coordinates":[5.268767,52.38329]},"properties":{"type":"charge","layer":"passenger","locationId":"9B13A4C9-74B7-4F81-BBB7-144844E73C76","name":"TNLP006019 - Moeflonstraat 1, Almere","address":"1 Moeflonstraat","city":"Almere","operatorName":"TotalEnergies","maxPowerKw":13,"isMegawatt":false,"status":"AVAILABLE","source":"ndw"}},{"type":"Feature","geometry":{"type":"Point","coordinates":[5.29372,52.3598]},"properties":{"type":"charge","layer":"passenger","locationId":"2187","name":"Shell Recharge NL Shinichiro Tomonagastraat 28","address":"Shinichiro Tomonagastraat 28","city":"Almere","operatorName":"Ubitricity","maxPowerKw":22,"isMegawatt":false,"status":"AVAILABLE","source":"ndw","priceKwh":0.267}},{"type":"Feature","geometry":{"type":"Point","coordinates":[5.3124968,52.4041809]},"properties":{"type":"charge","layer":"passenger","locationId":"1750","name":"Shell Recharge NL Bulletjestraat 10","address":"Bulletjestraat 10","city":"Almere","operatorName":"Ubitricity","maxPowerKw":22,"isMegawatt":false,"status":"CHARGING","source":"ndw","priceKwh":0.267}},{"type":"Feature","geometry":{"type":"Point","coordinates":[5.148681,52.34809]},"properties":{"type":"charge","layer":"passenger","locationId":"436E0A4C-443F-4072-AB33-36D55D390154","name":"TNLP007812 - Beneluxlaan 771, Almere","address":"771 Beneluxlaan","city":"Almere","operatorName":"TotalEnergies","maxPowerKw":15,"isMegawatt":false,"status":"AVAILABLE","source":"ndw"}},{"type":"Feature","geometry":{"type":"Point","coordinates":[5.292653,52.375802]},"properties":{"type":"charge","layer":"passenger","locationId":"4975c6c5-aa05-48a0-8062-f41f551a9607","name":"Lidl Almere-Buiten","address":"Daniël Goedkoopstraat 21","city":"Almere","operatorName":"Lidl","maxPowerKw":50,"isMegawatt":false,"status":"AVAILABLE","source":"ndw"}},{"type":"Feature","geometry":{"type":"Point","coordinates":[5.138396,52.341525]},"properties":{"type":"charge","layer":"passenger","locationId":"923249","name":"DAE_NL_2001131_LP_14","address":"Verlengde Duinvalleiweg 102","city":"Almere","operatorName":"DAEN Mobility","maxPowerKw":11,"isMegawatt":false,"status":"AVAILABLE","source":"ndw","priceKwh":0.4}},{"type":"Feature","geometry":{"type":"Point","coordinates":[5.254811,52.411367]},"properties":{"type":"charge","layer":"passenger","locationId":"2405004","name":"Laadnet Opti-Label","address":"Bolderweg 49","city":"Almere","operatorName":"Laadnet","maxPowerKw":22,"isMegawatt":false,"status":"UNAVAILABLE","source":"ndw"}},{"type":"Feature","geometry":{"type":"Point","coordinates":[5.211177,52.340663]},"properties":{"type":"charge","layer":"passenger","locationId":"696e16f231763c956cb02a91","name":"Complex de Uithof","address":"Uithof 101","city":"ALmere","operatorName":"E-Flux by Road","maxPowerKw":22,"isMegawatt":false,"status":"CHARGING","source":"ndw","priceKwh":0.53}},{"type":"Feature","geometry":{"type":"Point","coordinates":[5.182223,52.365805]},"properties":{"type":"charge","layer":"passenger","locationId":"d358325f630db76a85d1bb5a0987d217","name":"Charlie Parkerstraat 2","address":"Charlie Parkerstraat 2","city":"Almere","operatorName":"Vattenfall InCharge","maxPowerKw":11,"isMegawatt":false,"status":"AVAILABLE","source":"ndw","priceKwh":0.2805}},{"type":"Feature","geometry":{"type":"Point","coordinates":[5.238838,52.38708]},"properties":{"type":"charge","layer":"passenger","locationId":"57198A1F-F57A-44DF-8895-5206075E2FF7","name":"TNLP006969 - Kreeftstraat 27, Almere","address":"27 Kreeftstraat","city":"Almere","operatorName":"TotalEnergies","maxPowerKw":13,"isMegawatt":false,"status":"AVAILABLE","source":"ndw"}},{"type":"Feature","geometry":{"type":"Point","coordinates":[5.19095,52.36273]},"properties":{"type":"charge","layer":"passenger","locationId":"2405","name":"Shell Recharge NL Schonbergweg 77","address":"Schonbergweg 77","city":"Almere","operatorName":"Ubitricity","maxPowerKw":11,"isMegawatt":false,"status":"AVAILABLE","source":"ndw","priceKwh":0.392}},{"type":"Feature","geometry":{"type":"Point","coordinates":[5.2084035,52.3733536]},"properties":{"type":"charge","layer":"passenger","locationId":"1741","name":"Shell Recharge NL Dokkumlaan 68","address":"Dokkumlaan 68","city":"Almere","operatorName":"Ubitricity","maxPowerKw":22,"isMegawatt":false,"status":"AVAILABLE","source":"ndw","priceKwh":0.267}},{"type":"Feature","geometry":{"type":"Point","coordinates":[5.260961,52.408302]},"properties":{"type":"charge","layer":"passenger","locationId":"4E17D42C-6D96-4E91-9601-1EC3E6E784D1","name":"TNLP007598 - Bolderweg 33, Almere","address":"33 Bolderweg","city":"Almere","operatorName":"TotalEnergies","maxPowerKw":15,"isMegawatt":false,"status":"UNAVAILABLE","source":"ndw"}},{"type":"Feature","geometry":{"type":"Point","coordinates":[5.224638,52.3389233]},"properties":{"type":"charge","layer":"passenger","locationId":"2210","name":"Shell Recharge NL Rozenwerf 10","address":"Rozenwerf 10","city":"Almere","operatorName":"Ubitricity","maxPowerKw":22,"isMegawatt":false,"status":"AVAILABLE","source":"ndw","priceKwh":0.267}},{"type":"Feature","geometry":{"type":"Point","coordinates":[5.276468,52.38557]},"properties":{"type":"charge","layer":"passenger","locationId":"58A24C87-8E43-4C33-A4CC-C67A8CD55A11","name":"TNLP007635 - Edelhertweg 27, Almere","address":"27 Edelhertweg","city":"Almere","operatorName":"TotalEnergies","maxPowerKw":15,"isMegawatt":false,"status":"CHARGING","source":"ndw"}},{"type":"Feature","geometry":{"type":"Point","coordinates":[5.2372984,52.387158]},"properties":{"type":"charge","layer":"passenger","locationId":"2019","name":"Shell Recharge NL Snoekstraat 53","address":"Snoekstraat 53","city":"Almere","operatorName":"Ubitricity","maxPowerKw":22,"isMegawatt":false,"status":"AVAILABLE","source":"ndw","priceKwh":0.267}},{"type":"Feature","geometry":{"type":"Point","coordinates":[5.251998,52.36473]},"properties":{"type":"charge","layer":"passenger","locationId":"a1df323f37d841d70fae52959c6621eb","name":"Salsastraat 209","address":"Salsastraat 209","city":"Almere","operatorName":"Vattenfall InCharge","maxPowerKw":11,"isMegawatt":false,"status":"CHARGING","source":"ndw","priceKwh":0.2805}},{"type":"Feature","geometry":{"type":"Point","coordinates":[5.153415,52.3465]},"properties":{"type":"charge","layer":"passenger","locationId":"5E05416B-7EAC-47DD-B985-7BD373902BA1","name":"PP005506 - Europalaan 770, Almere","address":"770 Europalaan","city":"Almere","operatorName":"TotalEnergies","maxPowerKw":13,"isMegawatt":false,"status":"AVAILABLE","source":"ndw"}},{"type":"Feature","geometry":{"type":"Point","coordinates":[5.188986,52.35653]},"properties":{"type":"charge","layer":"passenger","locationId":"595114AA-BA70-4187-87FF-00666725FB8F","name":"TNLP015069 - Annie M.G. Schmidtweg 71, Almere","address":"71 Annie M.G. Schmidtweg","city":"Almere","operatorName":"TotalEnergies","maxPowerKw":13,"isMegawatt":false,"status":"AVAILABLE","source":"ndw"}},{"type":"Feature","geometry":{"type":"Point","coordinates":[5.2373808,52.332889]},"properties":{"type":"charge","layer":"passenger","locationId":"1056","name":"Shell Recharge NL Schapenmeent 185","address":"Schapenmeent 185","city":"Almere","operatorName":"Ubitricity","maxPowerKw":22,"isMegawatt":false,"status":"AVAILABLE","source":"ndw","priceKwh":0.267}},{"type":"Feature","geometry":{"type":"Point","coordinates":[5.3201737,52.4057112]},"properties":{"type":"charge","layer":"passenger","locationId":"1807","name":"Shell Recharge NL Spot Mortonstraat 14","address":"Spot Mortonstraat 14","city":"Almere","operatorName":"Ubitricity","maxPowerKw":22,"isMegawatt":false,"status":"AVAILABLE","source":"ndw","priceKwh":0.267}},{"type":"Feature","geometry":{"type":"Point","coordinates":[5.211747,52.364853]},"properties":{"type":"charge","layer":"passenger","locationId":"7A027B2B-4D76-4E5C-98AE-98AA31E226FB","name":"Laadplein - TNLP006717 - Urkwal 14, Almere","address":"14 Urkwal","city":"Almere","operatorName":"TotalEnergies","maxPowerKw":15,"isMegawatt":false,"status":"AVAILABLE","source":"ndw"}},{"type":"Feature","geometry":{"type":"Point","coordinates":[5.224115,52.351498]},"properties":{"type":"charge","layer":"passenger","locationId":"198493CD-122B-45B0-BB1F-FDCF84352318","name":"TNLP007707 - De Steiger 84, Almere","address":"84 De Steiger","city":"Almere","operatorName":"TotalEnergies","maxPowerKw":15,"isMegawatt":false,"status":"AVAILABLE","source":"ndw"}},{"type":"Feature","geometry":{"type":"Point","coordinates":[5.214556,52.372237]},"properties":{"type":"charge","layer":"passenger","locationId":"1f3acc276a8cbe6636d0423ffc1c5e71","name":"Hoogezandstraat 19","address":"Hoogezandstraat 19","city":"Almere","operatorName":"Vattenfall InCharge","maxPowerKw":11,"isMegawatt":false,"status":"AVAILABLE","source":"ndw","priceKwh":0.2805}},{"type":"Feature","geometry":{"type":"Point","coordinates":[5.2865616,52.4002428]},"properties":{"type":"charge","layer":"passenger","locationId":"1443","name":"Shell Recharge NL Eeuwenweg 97","address":"Eeuwenweg 97","city":"Almere","operatorName":"Ubitricity","maxPowerKw":22,"isMegawatt":false,"status":"AVAILABLE","source":"ndw","priceKwh":0.267}},{"type":"Feature","geometry":{"type":"Point","coordinates":[5.243863,52.402105]},"properties":{"type":"charge","layer":"passenger","locationId":"66aa0d7230d1fd001c95f416","name":"NL - Almere - Hefbrugweg 28","address":"Hefbrugweg 28","city":"Almere","operatorName":"E-Flux by Road","maxPowerKw":22,"isMegawatt":false,"status":"AVAILABLE","source":"ndw","priceKwh":0.24}},{"type":"Feature","geometry":{"type":"Point","coordinates":[5.317629,52.402763]},"properties":{"type":"charge","layer":"passenger","locationId":"6A3F9303-FE83-4B3C-A197-AB834404B81A","name":"TNLP008069 - Kick Wilstraplantsoen 4, Almere","address":"4 Kick Wilstraplantsoen","city":"Almere","operatorName":"TotalEnergies","maxPowerKw":15,"isMegawatt":false,"status":"AVAILABLE","source":"ndw"}},{"type":"Feature","geometry":{"type":"Point","coordinates":[5.204312,52.33797]},"properties":{"type":"charge","layer":"passenger","locationId":"0FBC1E5F-B37D-49CB-B7B1-BBE28E39C41E","name":"TNLP008102 - Kimwierde 271, Almere","address":"271 Kimwierde","city":"Almere","operatorName":"TotalEnergies","maxPowerKw":15,"isMegawatt":false,"status":"CHARGING","source":"ndw"}},{"type":"Feature","geometry":{"type":"Point","coordinates":[5.300717,52.402447]},"properties":{"type":"charge","layer":"passenger","locationId":"68ecfb47ee2dc3ed1a36736e","name":"NXT 50five - Almere - Lombokstraat 2 - DC","address":"Lombokstraat 2","city":"Almere","operatorName":"NXT50Five","maxPowerKw":300,"isMegawatt":false,"status":"UNAVAILABLE","source":"ndw","priceKwh":0.63}},{"type":"Feature","geometry":{"type":"Point","coordinates":[5.25773,52.37921]},"properties":{"type":"charge","layer":"passenger","locationId":"6b117b75320dff6948635ebf52921806","name":"Thérèse Schwartzestraat 28","address":"Thérèse Schwartzestraat 28","city":"Almere","operatorName":"Vattenfall InCharge","maxPowerKw":11,"isMegawatt":false,"status":"AVAILABLE","source":"ndw","priceKwh":0.2805}},{"type":"Feature","geometry":{"type":"Point","coordinates":[5.251825,52.35818]},"properties":{"type":"charge","layer":"passenger","locationId":"520e7a75-2acf-49a5-9e76-b04c5ee9b6d6","name":"Almere, Netherlands","address":"45, Veluwezoom","city":"Almere","operatorName":"Tesla","maxPowerKw":250,"isMegawatt":false,"status":"AVAILABLE","source":"ndw","priceKwh":0.53}},{"type":"Feature","geometry":{"type":"Point","coordinates":[5.211726,52.359745]},"properties":{"type":"charge","layer":"passenger","locationId":"ABB86332-2BD7-4426-A17B-7EBDA45368BA","name":"TNLP034112 - Maastrichtkwartier 96, Almere","address":"96 Maastrichtkwartier","city":"Almere","operatorName":"TotalEnergies","maxPowerKw":13,"isMegawatt":false,"status":"UNAVAILABLE","source":"ndw"}},{"type":"Feature","geometry":{"type":"Point","coordinates":[5.179607,52.371178]},"properties":{"type":"charge","layer":"passenger","locationId":"92092923-1E9B-4FDC-8F36-BD020A2362EA","name":"TNLP005695 - Wim Sonneveldstraat 37, Almere","address":"37 Wim Sonneveldstraat","city":"Almere","operatorName":"TotalEnergies","maxPowerKw":15,"isMegawatt":false,"status":"CHARGING","source":"ndw"}},{"type":"Feature","geometry":{"type":"Point","coordinates":[5.18245,52.355465]},"properties":{"type":"charge","layer":"passenger","locationId":"50F641AE-6119-4788-B3DE-B883D6B54F1F","name":"TNLP015010 - Poëziestraat 15, Almere","address":"15 Poëziestraat","city":"Almere","operatorName":"TotalEnergies","maxPowerKw":13,"isMegawatt":false,"status":"AVAILABLE","source":"ndw"}},{"type":"Feature","geometry":{"type":"Point","coordinates":[5.262233,52.396065]},"properties":{"type":"charge","layer":"passenger","locationId":"B5135AB7-BF37-4FA9-A0DE-C9378E36AB8F","name":"PP005656 - S. van Ravesteynstraat 57, Almere","address":"57 S. van Ravesteynstraat","city":"Almere","operatorName":"TotalEnergies","maxPowerKw":13,"isMegawatt":false,"status":"AVAILABLE","source":"ndw"}},{"type":"Feature","geometry":{"type":"Point","coordinates":[5.264718,52.38726]},"properties":{"type":"charge","layer":"passenger","locationId":"9E7AF690-2924-4B93-9C46-26BF0D61CAD7","name":"TNLP008184 - De Nevelhorststraat 18, Almere","address":"18 De Nevelhorststraat","city":"Almere","operatorName":"TotalEnergies","maxPowerKw":15,"isMegawatt":false,"status":"AVAILABLE","source":"ndw"}},{"type":"Feature","geometry":{"type":"Point","coordinates":[5.28697,52.403095]},"properties":{"type":"charge","layer":"passenger","locationId":"56DB1786-3F76-405A-AE9C-71939C445490","name":"TNLP007059 - Jarenweg 49, Almere","address":"49 Jarenweg","city":"Almere","operatorName":"TotalEnergies","maxPowerKw":13,"isMegawatt":false,"status":"AVAILABLE","source":"ndw"}},{"type":"Feature","geometry":{"type":"Point","coordinates":[5.25496,52.39341]},"properties":{"type":"charge","layer":"passenger","locationId":"2f196ce0-e917-4456-8c97-37cac896a81b","name":"PP004192 - Lieven de Keystraat 107, Almere","address":"107 Lieven de Keystraat","city":"Almere","operatorName":"TotalEnergies","maxPowerKw":13,"isMegawatt":false,"status":"AVAILABLE","source":"ndw"}},{"type":"Feature","geometry":{"type":"Point","coordinates":[5.3169785,52.4061122]},"properties":{"type":"charge","layer":"passenger","locationId":"2695","name":"Shell Recharge NL Sjorsstraat 47","address":"Sjorsstraat 47","city":"Almere","operatorName":"Ubitricity","maxPowerKw":22,"isMegawatt":false,"status":"AVAILABLE","source":"ndw","priceKwh":0.267}},{"type":"Feature","geometry":{"type":"Point","coordinates":[5.225834,52.342365]},"properties":{"type":"charge","layer":"passenger","locationId":"72E90F32-A049-4545-88D9-C5D571F7C535","name":"TNLP015251 - Ambachtsmark 6, Almere","address":"6 Ambachtsmark","city":"Almere","operatorName":"TotalEnergies","maxPowerKw":17,"isMegawatt":false,"status":"AVAILABLE","source":"ndw"}},{"type":"Feature","geometry":{"type":"Point","coordinates":[5.1967729,52.382627]},"properties":{"type":"charge","layer":"passenger","locationId":"2028","name":"Shell Recharge NL Vingerhoedskruidstraat 34","address":"Vingerhoedskruidstraat 34","city":"Almere","operatorName":"Ubitricity","maxPowerKw":22,"isMegawatt":false,"status":"AVAILABLE","source":"ndw","priceKwh":0.267}},{"type":"Feature","geometry":{"type":"Point","coordinates":[5.219041,52.331737]},"properties":{"type":"charge","layer":"passenger","locationId":"c305bc1454a468d52c06e0cd0e7e1668","name":"Havenhoofd  78","address":"Havenhoofd  78","city":"Almere","operatorName":"Vattenfall InCharge","maxPowerKw":11,"isMegawatt":false,"status":"AVAILABLE","source":"ndw","priceKwh":0.2805}},{"type":"Feature","geometry":{"type":"Point","coordinates":[5.205958,52.379528]},"properties":{"type":"charge","layer":"passenger","locationId":"646F0B75-64B1-4E29-9DDF-E272BAD516F3","name":"TNLP007979 - Foeliestraat 38, Almere","address":"38 Foeliestraat","city":"Almere","operatorName":"TotalEnergies","maxPowerKw":13,"isMegawatt":false,"status":"CHARGING","source":"ndw"}},{"type":"Feature","geometry":{"type":"Point","coordinates":[5.218456,52.382884]},"properties":{"type":"charge","layer":"passenger","locationId":"633571491767e690aadb25b1","name":"Praxis Almere Stad MEGA","address":"Markerkant 16-01","city":"Almere","operatorName":"Alva Charging Services","maxPowerKw":75,"isMegawatt":false,"status":"UNAVAILABLE","source":"ndw","priceKwh":0.668}},{"type":"Feature","geometry":{"type":"Point","coordinates":[5.23615,52.332813]},"properties":{"type":"charge","layer":"passenger","locationId":"8D655C31-6FD6-4371-B008-6116062B5A0C","name":"PP005263 - Schapenmeent 197, Almere","address":"197 Schapenmeent","city":"Almere","operatorName":"TotalEnergies","maxPowerKw":13,"isMegawatt":false,"status":"AVAILABLE","source":"ndw"}},{"type":"Feature","geometry":{"type":"Point","coordinates":[5.27353,52.395546]},"properties":{"type":"charge","layer":"passenger","locationId":"5211","name":"Shell Recharge NL9043 - Gamma Almere Doemere","address":"New Yorkweg 211","city":"Almere","operatorName":"Shell Recharge","maxPowerKw":150,"isMegawatt":false,"status":"AVAILABLE","source":"ndw","priceKwh":0.7025}},{"type":"Feature","geometry":{"type":"Point","coordinates":[5.156112,52.352974]},"properties":{"type":"charge","layer":"passenger","locationId":"004f4ea8-c025-48f8-9ec2-a4de5db5dfb5","name":"Laadplein - TNLP007018 - Parvatistraat 4, Almere","address":"4 Parvatistraat","city":"Almere","operatorName":"TotalEnergies","maxPowerKw":15,"isMegawatt":false,"status":"AVAILABLE","source":"ndw"}},{"type":"Feature","geometry":{"type":"Point","coordinates":[5.321348,52.39832]},"properties":{"type":"charge","layer":"passenger","locationId":"D0CB9776-4B04-46AC-A12D-4590207223A5","name":"TNLP008884 - Suskeplantsoen 2, Almere","address":"2 Suskeplantsoen","city":"Almere","operatorName":"TotalEnergies","maxPowerKw":14,"isMegawatt":false,"status":"AVAILABLE","source":"ndw"}},{"type":"Feature","geometry":{"type":"Point","coordinates":[5.25339,52.35706]},"properties":{"type":"charge","layer":"passenger","locationId":"24C0C50F-981C-489B-9514-59329FE09D13","name":"Eneco eMobility Cube Centre Vastgoedfonds - Almere","address":"Veluwezoom 7","city":"Almere","operatorName":"Eneco","maxPowerKw":22,"isMegawatt":false,"status":"AVAILABLE","source":"ndw","priceKwh":0.49}},{"type":"Feature","geometry":{"type":"Point","coordinates":[5.256274,52.365342]},"properties":{"type":"charge","layer":"passenger","locationId":"NLLOC003061","name":"NLD, Salsastraat 87, 1326 PC Almere","address":"Salsastraat 87","city":"Almere","operatorName":"Allego","maxPowerKw":11,"isMegawatt":false,"status":"AVAILABLE","source":"ndw","priceKwh":0.511}},{"type":"Feature","geometry":{"type":"Point","coordinates":[5.140946,52.350964]},"properties":{"type":"charge","layer":"passenger","locationId":"84438db530f3e83ac034c18e937fef94","name":"Olivier van Noortstraat 180","address":"Olivier van Noortstraat 180","city":"Almere","operatorName":"Vattenfall InCharge","maxPowerKw":11,"isMegawatt":false,"status":"AVAILABLE","source":"ndw","priceKwh":0.2805}},{"type":"Feature","geometry":{"type":"Point","coordinates":[5.145406,52.344063]},"properties":{"type":"charge","layer":"passenger","locationId":"572C99D2-AD08-4B46-A7AA-24DDA0E05C2F","name":"TNLP007015 - Portugalkade 117, Almere","address":"117 Portugalkade","city":"Almere","operatorName":"TotalEnergies","maxPowerKw":13,"isMegawatt":false,"status":"AVAILABLE","source":"ndw"}},{"type":"Feature","geometry":{"type":"Point","coordinates":[5.19814,52.38309]},"properties":{"type":"charge","layer":"passenger","locationId":"086a81c6-ba52-4a73-a1e0-a7d87d9f1085","name":"PP002053 - Buntgrasstraat 20, Almere","address":"20 Buntgrasstraat","city":"Almere","operatorName":"TotalEnergies","maxPowerKw":11,"isMegawatt":false,"status":"AVAILABLE","source":"ndw"}},{"type":"Feature","geometry":{"type":"Point","coordinates":[5.2843,52.399]},"properties":{"type":"charge","layer":"passenger","locationId":"DDA47F67-CD0A-4F57-AE99-5CA040C39810","name":"TNLP003508 - Novemberstraat 19, Almere","address":"19 Novemberstraat","city":"Almere","operatorName":"TotalEnergies","maxPowerKw":17,"isMegawatt":false,"status":"CHARGING","source":"ndw"}},{"type":"Feature","geometry":{"type":"Point","coordinates":[5.209083,52.340485]},"properties":{"type":"charge","layer":"passenger","locationId":"b1e6e497073f40fae159b3f82fcf99ac","name":"Keiwierde 1","address":"Keiwierde 1","city":"Almere","operatorName":"Vattenfall InCharge","maxPowerKw":11,"isMegawatt":false,"status":"AVAILABLE","source":"ndw","priceKwh":0.2805}},{"type":"Feature","geometry":{"type":"Point","coordinates":[5.210882,52.34556]},"properties":{"type":"charge","layer":"passenger","locationId":"F5D9F6EE-A965-4170-9A9A-8A8A55F297E9","name":"TNLP006044 - Bosgouw 179, Almere","address":"179 Bosgouw","city":"Almere","operatorName":"TotalEnergies","maxPowerKw":13,"isMegawatt":false,"status":"AVAILABLE","source":"ndw"}},{"type":"Feature","geometry":{"type":"Point","coordinates":[5.249505,52.37422]},"properties":{"type":"charge","layer":"passenger","locationId":"F9521629-E7F0-4A29-BE3B-4AF69A8F1518","name":"TNLP009808 - Kastanjeplein 4, Almere","address":"4 Kastanjeplein","city":"Almere","operatorName":"TotalEnergies","maxPowerKw":17,"isMegawatt":false,"status":"UNAVAILABLE","source":"ndw"}},{"type":"Feature","geometry":{"type":"Point","coordinates":[5.26131,52.3990395]},"properties":{"type":"charge","layer":"passenger","locationId":"1729","name":"Shell Recharge NL Bouwmeesterweg 14","address":"Bouwmeesterweg 14","city":"Almere","operatorName":"Ubitricity","maxPowerKw":22,"isMegawatt":false,"status":"AVAILABLE","source":"ndw","priceKwh":0.267}},{"type":"Feature","geometry":{"type":"Point","coordinates":[5.2124,52.37203]},"properties":{"type":"charge","layer":"passenger","locationId":"475","name":"Shell Recharge NL Veendamstraat 48","address":"Veendamstraat 48","city":"Almere","operatorName":"Ubitricity","maxPowerKw":11,"isMegawatt":false,"status":"AVAILABLE","source":"ndw","priceKwh":0.392}},{"type":"Feature","geometry":{"type":"Point","coordinates":[5.250942,52.3803]},"properties":{"type":"charge","layer":"passenger","locationId":"CB9B591F-D31A-440F-9A21-FD99BBB4ED66","name":"TNLP006215 - Johan Jongkindstraat 10, Almere","address":"10 Johan Jongkindstraat","city":"Almere","operatorName":"TotalEnergies","maxPowerKw":13,"isMegawatt":false,"status":"CHARGING","source":"ndw"}},{"type":"Feature","geometry":{"type":"Point","coordinates":[5.271723,52.401505]},"properties":{"type":"charge","layer":"passenger","locationId":"0ECE7BB2-851C-4379-9CD4-5385E5F6B520","name":"TNLP015013 - Spinnekopmolenstraat 12, Almere","address":"12 Spinnekopmolenstraat","city":"Almere","operatorName":"TotalEnergies","maxPowerKw":13,"isMegawatt":false,"status":"AVAILABLE","source":"ndw"}},{"type":"Feature","geometry":{"type":"Point","coordinates":[5.173814,52.36662]},"properties":{"type":"charge","layer":"passenger","locationId":"CC9453E7-D951-4F8A-8F71-143F02EAE1AC","name":"TNLP034109 - Jacques Brelweg 10, Almere","address":"10 Jacques Brelweg","city":"Almere","operatorName":"TotalEnergies","maxPowerKw":13,"isMegawatt":false,"status":"UNAVAILABLE","source":"ndw"}},{"type":"Feature","geometry":{"type":"Point","coordinates":[5.223936,52.34399]},"properties":{"type":"charge","layer":"passenger","locationId":"CB59503A-1BC4-4623-860B-4A0792926501","name":"TNLP015066 - Ambachtsmark 131, Almere","address":"131 Ambachtsmark","city":"Almere","operatorName":"TotalEnergies","maxPowerKw":13,"isMegawatt":false,"status":"AVAILABLE","source":"ndw"}},{"type":"Feature","geometry":{"type":"Point","coordinates":[5.225185,52.401463]},"properties":{"type":"charge","layer":"passenger","locationId":"67504a33cd805313cfb9487b","name":"Camping Waterhout station 1","address":"Trekvogelweg  10","city":"Almere","operatorName":"Lanova Laadpalen","maxPowerKw":11,"isMegawatt":false,"status":"CHARGING","source":"ndw","priceKwh":0.44}},{"type":"Feature","geometry":{"type":"Point","coordinates":[5.210814,52.36072]},"properties":{"type":"charge","layer":"passenger","locationId":"ac387410-f9b1-4783-aa42-a65f2aef951b","name":"TNLP007152 - Maastrichtkwartier 64, Almere","address":"64 Maastrichtkwartier","city":"Almere","operatorName":"TotalEnergies","maxPowerKw":13,"isMegawatt":false,"status":"AVAILABLE","source":"ndw"}},{"type":"Feature","geometry":{"type":"Point","coordinates":[5.21088,52.33707]},"properties":{"type":"charge","layer":"passenger","locationId":"248","name":"Shell Recharge NL Oldewierde 31","address":"Oldewierde 31","city":"Almere","operatorName":"Ubitricity","maxPowerKw":11,"isMegawatt":false,"status":"AVAILABLE","source":"ndw","priceKwh":0.392}},{"type":"Feature","geometry":{"type":"Point","coordinates":[5.179885,52.347239]},"properties":{"type":"charge","layer":"passenger","locationId":"2054384","name":"Laadnet Microfoonstraat 5","address":"Microfoonstraat 5","city":"Almere","operatorName":"Laadnet","maxPowerKw":22,"isMegawatt":false,"status":"AVAILABLE","source":"ndw"}},{"type":"Feature","geometry":{"type":"Point","coordinates":[5.1523,52.34525]},"properties":{"type":"charge","layer":"passenger","locationId":"614","name":"Shell Recharge NL Hongarijehof 29","address":"Hongarijehof 29","city":"Almere","operatorName":"Ubitricity","maxPowerKw":11,"isMegawatt":false,"status":"AVAILABLE","source":"ndw","priceKwh":0.392}},{"type":"Feature","geometry":{"type":"Point","coordinates":[5.224818,52.370056]},"properties":{"type":"charge","layer":"passenger","locationId":"2C847DEA-88AA-4470-91EB-BA4F28B2B089","name":"Laadplein - TNLP006476 - Hospitaaldreef 29, Almere","address":"29 Hospitaaldreef","city":"Almere","operatorName":"TotalEnergies","maxPowerKw":15,"isMegawatt":false,"status":"AVAILABLE","source":"ndw"}},{"type":"Feature","geometry":{"type":"Point","coordinates":[5.270503,52.401478]},"properties":{"type":"charge","layer":"passenger","locationId":"923373","name":"PBLR-0012184","address":"Petmolenstraat 22","city":"Almere","operatorName":"DAEN Mobility","maxPowerKw":4,"isMegawatt":false,"status":"AVAILABLE","source":"ndw","priceKwh":0.3}},{"type":"Feature","geometry":{"type":"Point","coordinates":[5.153553,52.354614]},"properties":{"type":"charge","layer":"passenger","locationId":"599BB4F6-B5FE-499D-8E6E-5B3438A12D62","name":"Laadplein - TNLP006897 - Dionysusstraat 6, Almere","address":"6 Dionysusstraat","city":"Almere","operatorName":"TotalEnergies","maxPowerKw":15,"isMegawatt":false,"status":"AVAILABLE","source":"ndw"}},{"type":"Feature","geometry":{"type":"Point","coordinates":[5.208944,52.341751]},"properties":{"type":"charge","layer":"passenger","locationId":"4226051","name":"Laadnet Laadpaal","address":"Keiwierde 151","city":"Almere","operatorName":"Laadnet","maxPowerKw":22,"isMegawatt":false,"status":"CHARGING","source":"ndw"}},{"type":"Feature","geometry":{"type":"Point","coordinates":[5.215117,52.394196]},"properties":{"type":"charge","layer":"passenger","locationId":"2D4A7EC5-3CE3-4CF5-9035-7A93ECC717A0","name":"TNLP007168 - Noorderplassenweg 62, Almere","address":"62 Noorderplassenweg","city":"Almere","operatorName":"TotalEnergies","maxPowerKw":13,"isMegawatt":false,"status":"AVAILABLE","source":"ndw"}},{"type":"Feature","geometry":{"type":"Point","coordinates":[5.221425,52.33381]},"properties":{"type":"charge","layer":"passenger","locationId":"67BB8FA2-53EA-4765-A6B6-81C3411BBFF8","name":"TNLP008135 - Sluis 4, Almere","address":"4 Sluis","city":"Almere","operatorName":"TotalEnergies","maxPowerKw":15,"isMegawatt":false,"status":"CHARGING","source":"ndw"}},{"type":"Feature","geometry":{"type":"Point","coordinates":[5.2686254,52.3684754]},"properties":{"type":"charge","layer":"passenger","locationId":"774","name":"Shell Recharge NL El Grecostraat 102","address":"El Grecostraat 102","city":"Almere","operatorName":"Ubitricity","maxPowerKw":22,"isMegawatt":false,"status":"AVAILABLE","source":"ndw","priceKwh":0.267}},{"type":"Feature","geometry":{"type":"Point","coordinates":[5.30739,52.338151]},"properties":{"type":"charge","layer":"passenger","locationId":"91057550","name":"50five-S NL 17B05338","address":"Kiekendieflaan 11","city":"Almere","operatorName":"50five","maxPowerKw":12,"isMegawatt":false,"status":"AVAILABLE","source":"ndw"}},{"type":"Feature","geometry":{"type":"Point","coordinates":[5.253322,52.38446]},"properties":{"type":"charge","layer":"passenger","locationId":"635B0A6F-D163-4C33-8023-5EE151B8DF94","name":"TNLP015008 - Johannes Vermeerstraat 136, Almere","address":"136 Johannes Vermeerstraat","city":"Almere","operatorName":"TotalEnergies","maxPowerKw":13,"isMegawatt":false,"status":"AVAILABLE","source":"ndw"}},{"type":"Feature","geometry":{"type":"Point","coordinates":[5.2733415,52.4026597]},"properties":{"type":"charge","layer":"passenger","locationId":"1802","name":"Shell Recharge NL Trasmolenstraat 24","address":"Trasmolenstraat 24","city":"Almere","operatorName":"Ubitricity","maxPowerKw":22,"isMegawatt":false,"status":"AVAILABLE","source":"ndw","priceKwh":0.267}},{"type":"Feature","geometry":{"type":"Point","coordinates":[5.285104,52.402523]},"properties":{"type":"charge","layer":"passenger","locationId":"D0CFF546-7D65-452E-857F-1F39400614EC","name":"TNLP009656 - Jarenweg 65, Almere","address":"65 Jarenweg","city":"Almere","operatorName":"TotalEnergies","maxPowerKw":13,"isMegawatt":false,"status":"AVAILABLE","source":"ndw"}},{"type":"Feature","geometry":{"type":"Point","coordinates":[5.3050793,52.4010895]},"properties":{"type":"charge","layer":"passenger","locationId":"2679","name":"Shell Recharge NL Texelstraat 51","address":"Texelstraat 51","city":"Almere","operatorName":"Ubitricity","maxPowerKw":22,"isMegawatt":false,"status":"AVAILABLE","source":"ndw","priceKwh":0.267}},{"type":"Feature","geometry":{"type":"Point","coordinates":[5.25994,52.36015]},"properties":{"type":"charge","layer":"passenger","locationId":"7C221C0B-C606-494E-A253-DD06D94737D6","name":"Eneco eMobility Janssen van Kouwen - Almere","address":"De Huchtstraat 5","city":"Almere","operatorName":"Eneco","maxPowerKw":11,"isMegawatt":false,"status":"AVAILABLE","source":"ndw","priceKwh":0.32}},{"type":"Feature","geometry":{"type":"Point","coordinates":[5.18073,52.36713]},"properties":{"type":"charge","layer":"passenger","locationId":"7BA5584B-5CDF-4239-8DCF-427B0FF707AD","name":"PP001306 - Chet Bakerstraat 28, Almere","address":"28 Chet Bakerstraat","city":"Almere","operatorName":"TotalEnergies","maxPowerKw":11,"isMegawatt":false,"status":"AVAILABLE","source":"ndw"}},{"type":"Feature","geometry":{"type":"Point","coordinates":[5.138396,52.341525]},"properties":{"type":"charge","layer":"passenger","locationId":"923247","name":"DAE_NL_2001129_LP_12","address":"Verlengde Duinvalleiweg 102","city":"Almere","operatorName":"DAEN Mobility","maxPowerKw":11,"isMegawatt":false,"status":"AVAILABLE","source":"ndw","priceKwh":0.4}},{"type":"Feature","geometry":{"type":"Point","coordinates":[5.21769,52.33368]},"properties":{"type":"charge","layer":"passenger","locationId":"217","name":"Shell Recharge NL Deltrastraat 2","address":"Deltrastraat 2","city":"Almere","operatorName":"Ubitricity","maxPowerKw":11,"isMegawatt":false,"status":"CHARGING","source":"ndw","priceKwh":0.392}},{"type":"Feature","geometry":{"type":"Point","coordinates":[5.264887,52.399647]},"properties":{"type":"charge","layer":"passenger","locationId":"F49C021D-4BEE-4363-BF82-2E2E7234CC7F","name":"PP005514 - Walmolenstraat 40, Almere","address":"40 Walmolenstraat","city":"Almere","operatorName":"TotalEnergies","maxPowerKw":13,"isMegawatt":false,"status":"AVAILABLE","source":"ndw"}},{"type":"Feature","geometry":{"type":"Point","coordinates":[5.264828,52.368454]},"properties":{"type":"charge","layer":"passenger","locationId":"8423C246-A9B3-4536-B326-2FAD4D82920A","name":"Laadplein - TNLP005967 - Monetstraat 41, Almere","address":"41 Monetstraat","city":"Almere","operatorName":"TotalEnergies","maxPowerKw":15,"isMegawatt":false,"status":"AVAILABLE","source":"ndw"}},{"type":"Feature","geometry":{"type":"Point","coordinates":[5.2595,52.394991]},"properties":{"type":"charge","layer":"passenger","locationId":"75083b7c19ffe28b5c8d04225737c370","name":"W. Bruinstraat 83","address":"W. Bruinstraat 83","city":"Almere","operatorName":"Vattenfall InCharge","maxPowerKw":11,"isMegawatt":false,"status":"AVAILABLE","source":"ndw","priceKwh":0.2805}},{"type":"Feature","geometry":{"type":"Point","coordinates":[5.252601,52.35854]},"properties":{"type":"charge","layer":"passenger","locationId":"69afbdd5a59b7c858b2efecf","name":"Van der Valk - Almere - Charging Stations","address":"Veluwezoom 45","city":"Almere","operatorName":"Valk Energy","maxPowerKw":150,"isMegawatt":false,"status":"AVAILABLE","source":"ndw","priceKwh":0.59}},{"type":"Feature","geometry":{"type":"Point","coordinates":[5.25409,52.371586]},"properties":{"type":"charge","layer":"passenger","locationId":"91097740","name":"50five-S NL 07103293","address":"Aardbeienstraat 2","city":"Almere","operatorName":"50five","maxPowerKw":11,"isMegawatt":false,"status":"AVAILABLE","source":"ndw"}},{"type":"Feature","geometry":{"type":"Point","coordinates":[5.2819461,52.3559823]},"properties":{"type":"charge","layer":"passenger","locationId":"700","name":"Shell Recharge NL Paul Diracstraat 10","address":"Paul Diracstraat 10","city":"Almere","operatorName":"Ubitricity","maxPowerKw":22,"isMegawatt":false,"status":"AVAILABLE","source":"ndw","priceKwh":0.267}},{"type":"Feature","geometry":{"type":"Point","coordinates":[5.186345,52.357487]},"properties":{"type":"charge","layer":"passenger","locationId":"0D655EB9-4957-48FC-B87D-E8872045F26E","name":"PP005259 - Albert Helmanhof 22, Almere","address":"22 Albert Helmanhof","city":"Almere","operatorName":"TotalEnergies","maxPowerKw":15,"isMegawatt":false,"status":"AVAILABLE","source":"ndw"}},{"type":"Feature","geometry":{"type":"Point","coordinates":[5.175899,52.358785]},"properties":{"type":"charge","layer":"passenger","locationId":"1502","name":"Shell Recharge NL Geerten Gossaertpad 61","address":"Geerten Gossaertpad 61","city":"Almere","operatorName":"Ubitricity","maxPowerKw":11,"isMegawatt":false,"status":"AVAILABLE","source":"ndw","priceKwh":0.392}},{"type":"Feature","geometry":{"type":"Point","coordinates":[5.265923,52.371995]},"properties":{"type":"charge","layer":"passenger","locationId":"672dff8c4b076d55ec0986f1","name":"8642 - Links","address":"Juan Grisstraat  44","city":"Almere","operatorName":"E-Flux by Road","maxPowerKw":22,"isMegawatt":false,"status":"AVAILABLE","source":"ndw","priceKwh":0.68}},{"type":"Feature","geometry":{"type":"Point","coordinates":[5.146645,52.35525]},"properties":{"type":"charge","layer":"passenger","locationId":"559A6C68-250E-41D0-918A-E9E7246C60C9","name":"TNLP005738 - Thorstraat 17, Almere","address":"17 Thorstraat","city":"Almere","operatorName":"TotalEnergies","maxPowerKw":13,"isMegawatt":false,"status":"AVAILABLE","source":"ndw"}},{"type":"Feature","geometry":{"type":"Point","coordinates":[5.2989903,52.3963708]},"properties":{"type":"charge","layer":"passenger","locationId":"757","name":"Shell Recharge NL Cinnaberstraat 28","address":"Cinnaberstraat 28","city":"Almere","operatorName":"Ubitricity","maxPowerKw":11,"isMegawatt":false,"status":"AVAILABLE","source":"ndw","priceKwh":0.392}},{"type":"Feature","geometry":{"type":"Point","coordinates":[5.290068,52.399067]},"properties":{"type":"charge","layer":"passenger","locationId":"83231587-522F-4F40-8143-4C785588B3DC","name":"TNLP009307 - Pontianakstraat 47, Almere","address":"47 Pontianakstraat","city":"Almere","operatorName":"TotalEnergies","maxPowerKw":13,"isMegawatt":false,"status":"AVAILABLE","source":"ndw"}},{"type":"Feature","geometry":{"type":"Point","coordinates":[5.29954,52.371584]},"properties":{"type":"charge","layer":"passenger","locationId":"91055247","name":"50five-S NL 07104816","address":"Henry Shawstraat 20","city":"Almere","operatorName":"50five","maxPowerKw":11,"isMegawatt":false,"status":"AVAILABLE","source":"ndw"}},{"type":"Feature","geometry":{"type":"Point","coordinates":[5.2981324,52.3996613]},"properties":{"type":"charge","layer":"passenger","locationId":"2011","name":"Shell Recharge NL Gran Canariastraat 102","address":"Gran Canariastraat 102","city":"Almere","operatorName":"Ubitricity","maxPowerKw":22,"isMegawatt":false,"status":"AVAILABLE","source":"ndw","priceKwh":0.267}},{"type":"Feature","geometry":{"type":"Point","coordinates":[5.324432,52.314516]},"properties":{"type":"charge","layer":"passenger","locationId":"67e146a969b611f7d3421532","name":"De Klok Dranken Almere 3- 4","address":"Fort Blauwkapel 6","city":"Almere","operatorName":"E-Flux by Road","maxPowerKw":22,"isMegawatt":false,"status":"AVAILABLE","source":"ndw","priceKwh":0.33}},{"type":"Feature","geometry":{"type":"Point","coordinates":[5.1758567,52.3826044]},"properties":{"type":"charge","layer":"passenger","locationId":"2861","name":"Shell Recharge NL Landvast 11","address":"Landvast 11","city":"Almere","operatorName":"Ubitricity","maxPowerKw":22,"isMegawatt":false,"status":"AVAILABLE","source":"ndw","priceKwh":0.267}},{"type":"Feature","geometry":{"type":"Point","coordinates":[5.30226,52.393274]},"properties":{"type":"charge","layer":"passenger","locationId":"379","name":"Shell Recharge NL Barnsteenstraat 12","address":"Barnsteenstraat 12","city":"Almere","operatorName":"Ubitricity","maxPowerKw":11,"isMegawatt":false,"status":"AVAILABLE","source":"ndw","priceKwh":0.392}},{"type":"Feature","geometry":{"type":"Point","coordinates":[5.230159,52.368835]},"properties":{"type":"charge","layer":"passenger","locationId":"1F5BA5F6-4BD1-4C3C-8107-BC8898BF0B72","name":"TNLP006866 - James Stewartstraat 77, Almere","address":"77 James Stewartstraat","city":"Almere","operatorName":"TotalEnergies","maxPowerKw":13,"isMegawatt":false,"status":"AVAILABLE","source":"ndw"}},{"type":"Feature","geometry":{"type":"Point","coordinates":[5.3007853,52.4044882]},"properties":{"type":"charge","layer":"passenger","locationId":"2351","name":"Shell Recharge NL Laan der V.O.C. 294","address":"Laan der V.O.C. 294","city":"Almere","operatorName":"Ubitricity","maxPowerKw":22,"isMegawatt":false,"status":"CHARGING","source":"ndw","priceKwh":0.267}},{"type":"Feature","geometry":{"type":"Point","coordinates":[5.26621,52.390485]},"properties":{"type":"charge","layer":"passenger","locationId":"5ceaaf8a8bfda175cf47ee3281c305a9","name":"Markiezenhofstraat 2","address":"Markiezenhofstraat 2","city":"Almere","operatorName":"Vattenfall InCharge","maxPowerKw":11,"isMegawatt":false,"status":"AVAILABLE","source":"ndw","priceKwh":0.2805}},{"type":"Feature","geometry":{"type":"Point","coordinates":[5.28748,52.40174]},"properties":{"type":"charge","layer":"passenger","locationId":"54E0F0F6-061F-4EAC-AF83-51ECF92B952E","name":"TNLP005722 - Junistraat 47, Almere","address":"47 Junistraat","city":"Almere","operatorName":"TotalEnergies","maxPowerKw":13,"isMegawatt":false,"status":"AVAILABLE","source":"ndw"}},{"type":"Feature","geometry":{"type":"Point","coordinates":[5.165592,52.343609]},"properties":{"type":"charge","layer":"passenger","locationId":"4199620","name":"Laadnet CECS Kwik 19","address":"Kwikzilverstraat 19","city":"Almere","operatorName":"Laadnet","maxPowerKw":22,"isMegawatt":false,"status":"AVAILABLE","source":"ndw"}},{"type":"Feature","geometry":{"type":"Point","coordinates":[5.21965,52.38262]},"properties":{"type":"charge","layer":"passenger","locationId":"5CEAAB79-EDE1-40E7-AFD0-D46186F8498C","name":"TNLP003544 - Spuihof 8, Almere","address":"8 Spuihof","city":"Almere","operatorName":"TotalEnergies","maxPowerKw":17,"isMegawatt":false,"status":"AVAILABLE","source":"ndw"}},{"type":"Feature","geometry":{"type":"Point","coordinates":[5.269813,52.386845]},"properties":{"type":"charge","layer":"passenger","locationId":"3DB85CD8-C5AC-4411-B99A-7EDAB3B56FBD","name":"TNLP034278 - Otterstraat 81, Almere","address":"81 Otterstraat","city":"Almere","operatorName":"TotalEnergies","maxPowerKw":13,"isMegawatt":false,"status":"UNAVAILABLE","source":"ndw"}},{"type":"Feature","geometry":{"type":"Point","coordinates":[5.151461,52.341984]},"properties":{"type":"charge","layer":"passenger","locationId":"8BA9382B-5197-46A4-ABAC-6681A431C0A5","name":"TNLP009506 - Jacques Lebrunstraat 2, Almere","address":"2 Jacques Lebrunstraat","city":"Almere","operatorName":"TotalEnergies","maxPowerKw":13,"isMegawatt":false,"status":"AVAILABLE","source":"ndw"}},{"type":"Feature","geometry":{"type":"Point","coordinates":[5.216548,52.347668]},"properties":{"type":"charge","layer":"passenger","locationId":"BC56FCA3-1574-4FA9-BD47-D4188F6D2010","name":"TNLP015214 - Lindengouw 59, Almere","address":"59 Lindengouw","city":"Almere","operatorName":"TotalEnergies","maxPowerKw":17,"isMegawatt":false,"status":"AVAILABLE","source":"ndw"}},{"type":"Feature","geometry":{"type":"Point","coordinates":[5.282192,52.379439]},"properties":{"type":"charge","layer":"passenger","locationId":"OST23P0069_0027_0","name":"OST23P0069_0027_0","address":"Trekweg 71","city":"Almere","operatorName":"e-VOLTT","maxPowerKw":19,"isMegawatt":false,"status":"AVAILABLE","source":"ndw","priceKwh":0.44}},{"type":"Feature","geometry":{"type":"Point","coordinates":[5.190605,52.358917]},"properties":{"type":"charge","layer":"passenger","locationId":"EEC4B83A-C509-4B84-85B2-3F3FE18EDFB8","name":"TNLP007058 - Annie M.G. Schmidtweg 21, Almere","address":"21 Annie M.G. Schmidtweg","city":"Almere","operatorName":"TotalEnergies","maxPowerKw":13,"isMegawatt":false,"status":"AVAILABLE","source":"ndw"}},{"type":"Feature","geometry":{"type":"Point","coordinates":[5.255316,52.38533]},"properties":{"type":"charge","layer":"passenger","locationId":"91057201","name":"50five-S NL 07106131","address":"Johannes Vermeerstraat 232","city":"Almere","operatorName":"50five","maxPowerKw":11,"isMegawatt":false,"status":"AVAILABLE","source":"ndw"}},{"type":"Feature","geometry":{"type":"Point","coordinates":[5.219444,52.387778]},"properties":{"type":"charge","layer":"passenger","locationId":"fe3aeaa0-92a4-4abe-a165-8f967b8321d3","name":"JOLT AMS00900","address":"Markerkant 10","city":"Almere","operatorName":"JOLT Energy","maxPowerKw":300,"isMegawatt":false,"status":"UNAVAILABLE","source":"ndw"}},{"type":"Feature","geometry":{"type":"Point","coordinates":[5.186464,52.361225]},"properties":{"type":"charge","layer":"passenger","locationId":"2A808413-AB52-4BF5-B7F4-256311BF65FC","name":"TNLP006635 - Couperusweg 23, Almere","address":"23 Couperusweg","city":"Almere","operatorName":"TotalEnergies","maxPowerKw":13,"isMegawatt":false,"status":"AVAILABLE","source":"ndw"}},{"type":"Feature","geometry":{"type":"Point","coordinates":[5.2624536,52.3950087]},"properties":{"type":"charge","layer":"passenger","locationId":"1101","name":"Shell Recharge NL J.T.P. Bijhouwerhof 81","address":"J.T.P. Bijhouwerhof 81","city":"Almere","operatorName":"Ubitricity","maxPowerKw":22,"isMegawatt":false,"status":"AVAILABLE","source":"ndw","priceKwh":0.267}},{"type":"Feature","geometry":{"type":"Point","coordinates":[5.273976,52.376387]},"properties":{"type":"charge","layer":"passenger","locationId":"68d24b5d2505e39b1bef39fc","name":"K Harke 's station","address":"Edvard Munchweg 47","city":"Almere","operatorName":"E-Flux by Road","maxPowerKw":11,"isMegawatt":false,"status":"AVAILABLE","source":"ndw","priceKwh":0.43}},{"type":"Feature","geometry":{"type":"Point","coordinates":[5.183769,52.368008]},"properties":{"type":"charge","layer":"passenger","locationId":"B8CC3E10-FDA9-4915-A75B-481831F91C5E","name":"TNLP006000 - Benny Goodmanstraat 17, Almere","address":"17 Benny Goodmanstraat","city":"Almere","operatorName":"TotalEnergies","maxPowerKw":13,"isMegawatt":false,"status":"AVAILABLE","source":"ndw"}},{"type":"Feature","geometry":{"type":"Point","coordinates":[5.145298,52.358017]},"properties":{"type":"charge","layer":"passenger","locationId":"E2FCD019-BDE9-499A-8F05-7452D4870A03","name":"TNLP034240 - Rosmertastraat 33, Almere","address":"33 Rosmertastraat","city":"Almere","operatorName":"TotalEnergies","maxPowerKw":13,"isMegawatt":false,"status":"AVAILABLE","source":"ndw"}},{"type":"Feature","geometry":{"type":"Point","coordinates":[5.288464,52.396848]},"properties":{"type":"charge","layer":"passenger","locationId":"1a623de2289bb22cb70898af53ccd8a4","name":"Palembangweg 90","address":"Palembangweg 90","city":"Almere","operatorName":"Vattenfall InCharge","maxPowerKw":11,"isMegawatt":false,"status":"AVAILABLE","source":"ndw","priceKwh":0.2805}},{"type":"Feature","geometry":{"type":"Point","coordinates":[5.212587,52.347717]},"properties":{"type":"charge","layer":"passenger","locationId":"FB4A4F41-B128-43BE-9F3E-33B91700E0B1","name":"TNLP034637 - Peppengouw 125, Almere","address":"125 Peppengouw","city":"Almere","operatorName":"TotalEnergies","maxPowerKw":13,"isMegawatt":false,"status":"UNAVAILABLE","source":"ndw"}},{"type":"Feature","geometry":{"type":"Point","coordinates":[5.27309,52.37005]},"properties":{"type":"charge","layer":"passenger","locationId":"b2456e59-7582-41e6-b6af-eaed3a3c76e7","name":"PP001388 - Albrecht Dürerweg 116, Almere","address":"116 Albrecht Dürerweg","city":"Almere","operatorName":"TotalEnergies","maxPowerKw":11,"isMegawatt":false,"status":"AVAILABLE","source":"ndw"}},{"type":"Feature","geometry":{"type":"Point","coordinates":[5.15593,52.344124]},"properties":{"type":"charge","layer":"passenger","locationId":"cba93117a6b72e4cbe6d637da7a6b699","name":"Griekenlandkade 72","address":"Griekenlandkade 72","city":"Almere","operatorName":"Vattenfall InCharge","maxPowerKw":11,"isMegawatt":false,"status":"AVAILABLE","source":"ndw","priceKwh":0.2805}},{"type":"Feature","geometry":{"type":"Point","coordinates":[5.287405,52.39647]},"properties":{"type":"charge","layer":"passenger","locationId":"00474804-09D6-4620-905E-ED403B18518C","name":"TNLP007394 - Palembangweg 7, Almere","address":"7 Palembangweg","city":"Almere","operatorName":"TotalEnergies","maxPowerKw":13,"isMegawatt":false,"status":"AVAILABLE","source":"ndw"}},{"type":"Feature","geometry":{"type":"Point","coordinates":[5.30659,52.40024]},"properties":{"type":"charge","layer":"passenger","locationId":"253","name":"Shell Recharge NL Lofotenweg 32","address":"Lofotenweg 32","city":"Almere","operatorName":"Ubitricity","maxPowerKw":11,"isMegawatt":false,"status":"AVAILABLE","source":"ndw","priceKwh":0.392}},{"type":"Feature","geometry":{"type":"Point","coordinates":[5.173453,52.39661]},"properties":{"type":"charge","layer":"passenger","locationId":"4F0B5C3A-6BE8-4F30-8C8F-9856B64536C2","name":"PP005593 - Boelijn 269, Almere","address":"269 Boelijn","city":"Almere","operatorName":"TotalEnergies","maxPowerKw":13,"isMegawatt":false,"status":"AVAILABLE","source":"ndw"}},{"type":"Feature","geometry":{"type":"Point","coordinates":[5.261858,52.39745]},"properties":{"type":"charge","layer":"passenger","locationId":"6AAA13BA-BD6A-4257-9D84-65F78FBA5356","name":"TNLP003598 - G.A. Overdijkinkstraat 24, Almere","address":"24 G.A. Overdijkinkstraat","city":"Almere","operatorName":"TotalEnergies","maxPowerKw":17,"isMegawatt":false,"status":"CHARGING","source":"ndw"}},{"type":"Feature","geometry":{"type":"Point","coordinates":[5.25209,52.407986]},"properties":{"type":"charge","layer":"passenger","locationId":"7B0413EE-F997-4C49-BB4E-08C2D2ABCB77","name":"TNLP007575 - Brugplein 11, Almere","address":"11 Brugplein","city":"Almere","operatorName":"TotalEnergies","maxPowerKw":15,"isMegawatt":false,"status":"UNAVAILABLE","source":"ndw"}},{"type":"Feature","geometry":{"type":"Point","coordinates":[5.176221,52.352443]},"properties":{"type":"charge","layer":"passenger","locationId":"886","name":"Shell Recharge NL9045 - Gamma Almere Poort","address":"Editiestraat 20","city":"Almere","operatorName":"Shell Recharge","maxPowerKw":150,"isMegawatt":false,"status":"AVAILABLE","source":"ndw","priceKwh":0.7025}},{"type":"Feature","geometry":{"type":"Point","coordinates":[5.308249,52.338177]},"properties":{"type":"charge","layer":"passenger","locationId":"698489aa7d72d35665223951","name":"Kiekendieflaan 18","address":"Kiekendieflaan 18","city":"Almere","operatorName":"E-Flux by Road","maxPowerKw":11,"isMegawatt":false,"status":"CHARGING","source":"ndw","priceKwh":0.57}},{"type":"Feature","geometry":{"type":"Point","coordinates":[5.212031,52.370293]},"properties":{"type":"charge","layer":"passenger","locationId":"46457546c38d326849bb431e9032cea9","name":"Coevordensingel 28","address":"Coevordensingel 28","city":"Almere","operatorName":"Vattenfall InCharge","maxPowerKw":11,"isMegawatt":false,"status":"CHARGING","source":"ndw","priceKwh":0.2805}},{"type":"Feature","geometry":{"type":"Point","coordinates":[5.152283,52.351685]},"properties":{"type":"charge","layer":"passenger","locationId":"E1B9FD89-83D6-4217-B33A-364579086342","name":"TNLP008279 - Achillesstraat 72, Almere","address":"72 Achillesstraat","city":"Almere","operatorName":"TotalEnergies","maxPowerKw":14,"isMegawatt":false,"status":"CHARGING","source":"ndw"}},{"type":"Feature","geometry":{"type":"Point","coordinates":[5.3266987,52.3998729]},"properties":{"type":"charge","layer":"passenger","locationId":"2185","name":"Shell Recharge NL Asterixstraat 2","address":"Asterixstraat 2","city":"Almere","operatorName":"Ubitricity","maxPowerKw":22,"isMegawatt":false,"status":"AVAILABLE","source":"ndw","priceKwh":0.267}},{"type":"Feature","geometry":{"type":"Point","coordinates":[5.22892,52.372956]},"properties":{"type":"charge","layer":"passenger","locationId":"NLLOC001310","name":"NLD, Almere, Cinemadreef 128","address":"Cinemadreef 128","city":"Almere","operatorName":"Allego","maxPowerKw":11,"isMegawatt":false,"status":"AVAILABLE","source":"ndw","priceKwh":0.511}},{"type":"Feature","geometry":{"type":"Point","coordinates":[5.200246,52.381577]},"properties":{"type":"charge","layer":"passenger","locationId":"C4D64145-FD1D-4EA6-8057-F8CC904B00E1","name":"TNLP007984 - Basilicumweg 248, Almere","address":"248 Basilicumweg","city":"Almere","operatorName":"TotalEnergies","maxPowerKw":13,"isMegawatt":false,"status":"CHARGING","source":"ndw"}},{"type":"Feature","geometry":{"type":"Point","coordinates":[5.28355,52.40183]},"properties":{"type":"charge","layer":"passenger","locationId":"8cc5ebaa3df260dce246f4aa45cf6089","name":"Jarenweg 10","address":"Jarenweg 10","city":"Almere","operatorName":"Vattenfall InCharge","maxPowerKw":11,"isMegawatt":false,"status":"AVAILABLE","source":"ndw","priceKwh":0.2805}},{"type":"Feature","geometry":{"type":"Point","coordinates":[5.19825,52.36047]},"properties":{"type":"charge","layer":"passenger","locationId":"650","name":"Shell Recharge NL Vlissingenstraat 90","address":"Vlissingenstraat 90","city":"Almere","operatorName":"Ubitricity","maxPowerKw":11,"isMegawatt":false,"status":"AVAILABLE","source":"ndw","priceKwh":0.392}},{"type":"Feature","geometry":{"type":"Point","coordinates":[5.200819,52.341396]},"properties":{"type":"charge","layer":"passenger","locationId":"A7C6B0B2-79D4-4119-BBB1-4E6AD1EB3B0E","name":"TNLP007814 - Sprenglaar 192, Almere","address":"192 Sprenglaar","city":"Almere","operatorName":"TotalEnergies","maxPowerKw":15,"isMegawatt":false,"status":"AVAILABLE","source":"ndw"}},{"type":"Feature","geometry":{"type":"Point","coordinates":[5.138396,52.341525]},"properties":{"type":"charge","layer":"passenger","locationId":"923239","name":"DAE_NL_2001121_LP_4","address":"Verlengde Duinvalleiweg 102","city":"Almere","operatorName":"DAEN Mobility","maxPowerKw":11,"isMegawatt":false,"status":"AVAILABLE","source":"ndw","priceKwh":0.4}},{"type":"Feature","geometry":{"type":"Point","coordinates":[5.321951,52.406574]},"properties":{"type":"charge","layer":"passenger","locationId":"633452b0718c026a7793b383","name":"Shell Recharge - Van Staveren","address":"De Striptekenaar 83","city":"Almere","operatorName":"E-Flux by Road","maxPowerKw":150,"isMegawatt":false,"status":"AVAILABLE","source":"ndw","priceKwh":0.68}},{"type":"Feature","geometry":{"type":"Point","coordinates":[5.273934,52.390465]},"properties":{"type":"charge","layer":"passenger","locationId":"C389D227-4232-49CD-8E9F-E30506F4248A","name":"TNLP007863 - Eekhoornstraat 53, Almere","address":"53 Eekhoornstraat","city":"Almere","operatorName":"TotalEnergies","maxPowerKw":13,"isMegawatt":false,"status":"CHARGING","source":"ndw"}},{"type":"Feature","geometry":{"type":"Point","coordinates":[5.30479,52.368072]},"properties":{"type":"charge","layer":"passenger","locationId":"697ca32dd9bc1203cf9df444","name":"Almere / Carl Jungstraat 18 / Willem Albert Pad 148","address":"Carl Jungstraat  18","city":"Almere","operatorName":"E-Flux by Road","maxPowerKw":14,"isMegawatt":false,"status":"AVAILABLE","source":"ndw","priceKwh":0.5217}},{"type":"Feature","geometry":{"type":"Point","coordinates":[5.243067,52.37578]},"properties":{"type":"charge","layer":"passenger","locationId":"140DC2C3-60F4-4285-BF10-E8DCA24A30BA","name":"TNLP005955 - Haagbeukweg 56, Almere","address":"56 Haagbeukweg","city":"Almere","operatorName":"TotalEnergies","maxPowerKw":13,"isMegawatt":false,"status":"AVAILABLE","source":"ndw"}},{"type":"Feature","geometry":{"type":"Point","coordinates":[5.301399,52.391273]},"properties":{"type":"charge","layer":"passenger","locationId":"19E00E2C-D991-4CB7-9E8F-9A5675B48353","name":"PP005207 - Pastelstraat 166, Almere","address":"166 Pastelstraat","city":"Almere","operatorName":"TotalEnergies","maxPowerKw":13,"isMegawatt":false,"status":"AVAILABLE","source":"ndw"}},{"type":"Feature","geometry":{"type":"Point","coordinates":[5.184503,52.371796]},"properties":{"type":"charge","layer":"passenger","locationId":"7D354952-2A53-4A66-9563-43EB1D27097B","name":"TNLP009513 - Panfluitstraat 20, Almere","address":"20 Panfluitstraat","city":"Almere","operatorName":"TotalEnergies","maxPowerKw":13,"isMegawatt":false,"status":"CHARGING","source":"ndw"}},{"type":"Feature","geometry":{"type":"Point","coordinates":[5.321908,52.406617]},"properties":{"type":"charge","layer":"passenger","locationId":"6334519cf9375124cc620013","name":"Shell Recharge - Van Staveren","address":"De Striptekenaar 83","city":"Almere","operatorName":"E-Flux by Road","maxPowerKw":150,"isMegawatt":false,"status":"UNAVAILABLE","source":"ndw","priceKwh":0.68}},{"type":"Feature","geometry":{"type":"Point","coordinates":[5.282799,52.35772]},"properties":{"type":"charge","layer":"passenger","locationId":"8AEDE4E1-937D-43AA-A209-DEB6800C6CFA","name":"TNLP007267 - Wilhelm Röntgenstraat 4, Almere","address":"4 Wilhelm Röntgenstraat","city":"Almere","operatorName":"TotalEnergies","maxPowerKw":13,"isMegawatt":false,"status":"AVAILABLE","source":"ndw"}},{"type":"Feature","geometry":{"type":"Point","coordinates":[5.299327,52.372121]},"properties":{"type":"charge","layer":"passenger","locationId":"91148779","name":"50five-S NL 07108538","address":"Henry Shawstraat 16","city":"Almere","operatorName":"50five","maxPowerKw":11,"isMegawatt":false,"status":"CHARGING","source":"ndw"}},{"type":"Feature","geometry":{"type":"Point","coordinates":[5.182381,52.347189]},"properties":{"type":"charge","layer":"passenger","locationId":"91106692","name":"50five-S NL 18B17252","address":"Transistorstraat 16","city":"Almere","operatorName":"50five","maxPowerKw":11,"isMegawatt":false,"status":"AVAILABLE","source":"ndw"}},{"type":"Feature","geometry":{"type":"Point","coordinates":[5.194501,52.38126]},"properties":{"type":"charge","layer":"passenger","locationId":"FEF3CE2C-CDA1-430A-8527-B87E9EA716E7","name":"PP004163 - Sjalotpad 1, Almere","address":"1 Sjalotpad","city":"Almere","operatorName":"TotalEnergies","maxPowerKw":13,"isMegawatt":false,"status":"AVAILABLE","source":"ndw"}},{"type":"Feature","geometry":{"type":"Point","coordinates":[5.25561,52.36243]},"properties":{"type":"charge","layer":"passenger","locationId":"414","name":"Shell Recharge NL Troikastraat 18","address":"Troikastraat 18","city":"Almere","operatorName":"Ubitricity","maxPowerKw":11,"isMegawatt":false,"status":"AVAILABLE","source":"ndw","priceKwh":0.392}},{"type":"Feature","geometry":{"type":"Point","coordinates":[5.305677,52.343012]},"properties":{"type":"charge","layer":"passenger","locationId":"6936bcc27c878251427929b9","name":"Rick Kamminga 's station","address":"Oeverzwaluwlaan 16","city":"Almere","operatorName":"E-Flux by Road","maxPowerKw":22,"isMegawatt":false,"status":"AVAILABLE","source":"ndw","priceKwh":0.63}},{"type":"Feature","geometry":{"type":"Point","coordinates":[5.3060244,52.4003181]},"properties":{"type":"charge","layer":"passenger","locationId":"1149","name":"Shell Recharge NL Lofotenweg 23","address":"Lofotenweg 23","city":"Almere","operatorName":"Ubitricity","maxPowerKw":22,"isMegawatt":false,"status":"CHARGING","source":"ndw","priceKwh":0.267}},{"type":"Feature","geometry":{"type":"Point","coordinates":[5.2997415,52.3933234]},"properties":{"type":"charge","layer":"passenger","locationId":"753","name":"Shell Recharge NL Mahoniestraat 8","address":"Mahoniestraat 8","city":"Almere","operatorName":"Ubitricity","maxPowerKw":11,"isMegawatt":false,"status":"AVAILABLE","source":"ndw","priceKwh":0.392}},{"type":"Feature","geometry":{"type":"Point","coordinates":[5.28262,52.39447]},"properties":{"type":"charge","layer":"passenger","locationId":"E4CA9DA7-3427-449D-BD16-5A43568AFE89","name":"PP002555 - Brasiliaplaats 1, Almere","address":"1 Brasiliaplaats","city":"Almere","operatorName":"TotalEnergies","maxPowerKw":13,"isMegawatt":false,"status":"AVAILABLE","source":"ndw"}},{"type":"Feature","geometry":{"type":"Point","coordinates":[5.177062,52.346008]},"properties":{"type":"charge","layer":"passenger","locationId":"89162012","name":"Van Leeuwen Transistorstraat 58B","address":"Transistorstraat 58B","city":"Almere","operatorName":"Van Leeuwen","maxPowerKw":22,"isMegawatt":false,"status":"AVAILABLE","source":"ndw"}},{"type":"Feature","geometry":{"type":"Point","coordinates":[5.197505,52.343613]},"properties":{"type":"charge","layer":"passenger","locationId":"97F108E6-FE05-4DB8-83F5-004FD967EE22","name":"Laadplein - TNLP006059 - Woudlaar 15, Almere","address":"15 Woudlaar","city":"Almere","operatorName":"TotalEnergies","maxPowerKw":15,"isMegawatt":false,"status":"AVAILABLE","source":"ndw"}},{"type":"Feature","geometry":{"type":"Point","coordinates":[5.236967,52.33187]},"properties":{"type":"charge","layer":"passenger","locationId":"1406A273-5A54-4A87-94C9-665119944143","name":"TNLP005699 - Terpmeent 30, Almere","address":"30 Terpmeent","city":"Almere","operatorName":"TotalEnergies","maxPowerKw":15,"isMegawatt":false,"status":"AVAILABLE","source":"ndw"}},{"type":"Feature","geometry":{"type":"Point","coordinates":[5.316469,52.345874]},"properties":{"type":"charge","layer":"passenger","locationId":"668bb6f56e91a4001cb44555","name":"De Volder Staete","address":"Burchard de Volderstraat 67","city":"Almere","operatorName":"E-Flux by Road","maxPowerKw":22,"isMegawatt":false,"status":"AVAILABLE","source":"ndw","priceKwh":0.52}},{"type":"Feature","geometry":{"type":"Point","coordinates":[5.138396,52.341525]},"properties":{"type":"charge","layer":"passenger","locationId":"923238","name":"DAE_NL_2001120_LP_3","address":"Verlengde Duinvalleiweg 102","city":"Almere","operatorName":"DAEN Mobility","maxPowerKw":11,"isMegawatt":false,"status":"AVAILABLE","source":"ndw","priceKwh":0.4}},{"type":"Feature","geometry":{"type":"Point","coordinates":[5.225724,52.38621]},"properties":{"type":"charge","layer":"passenger","locationId":"905E4127-CB82-4BC8-868C-D1397CEC0139","name":"TNLP015012 - Haringvlietstraat 16, Almere","address":"16 Haringvlietstraat","city":"Almere","operatorName":"TotalEnergies","maxPowerKw":13,"isMegawatt":false,"status":"AVAILABLE","source":"ndw"}},{"type":"Feature","geometry":{"type":"Point","coordinates":[5.259577,52.377014]},"properties":{"type":"charge","layer":"passenger","locationId":"609CD911-2FF6-4264-974C-66394A4240FE","name":"TNLP009830 - Jan Wiegersstraat 1, Almere","address":"1 Jan Wiegersstraat","city":"Almere","operatorName":"TotalEnergies","maxPowerKw":17,"isMegawatt":false,"status":"UNAVAILABLE","source":"ndw"}},{"type":"Feature","geometry":{"type":"Point","coordinates":[5.176621,52.350987]},"properties":{"type":"charge","layer":"passenger","locationId":"aec666c878b941cea131","name":"Breedveld & Schröder","address":"Katernstraat 11","city":"Almere","operatorName":"The Solar Charging Company B.V.","maxPowerKw":22,"isMegawatt":false,"status":"AVAILABLE","source":"ndw","priceKwh":0.45}},{"type":"Feature","geometry":{"type":"Point","coordinates":[5.270837,52.371694]},"properties":{"type":"charge","layer":"passenger","locationId":"29b05ee27e49a955c124e22575dd50e4","name":"Holbeinstraat 20","address":"Holbeinstraat 20","city":"Almere","operatorName":"Vattenfall InCharge","maxPowerKw":11,"isMegawatt":false,"status":"UNAVAILABLE","source":"ndw","priceKwh":0.2805}},{"type":"Feature","geometry":{"type":"Point","coordinates":[5.268787,52.37242]},"properties":{"type":"charge","layer":"passenger","locationId":"64f9e07a6b42d1001ca20730","name":"Raymon's station","address":"Rafaelstraat 15","city":"Almere","operatorName":"E-Flux by Road","maxPowerKw":11,"isMegawatt":false,"status":"AVAILABLE","source":"ndw","priceKwh":0.33}},{"type":"Feature","geometry":{"type":"Point","coordinates":[5.148946,52.34]},"properties":{"type":"charge","layer":"passenger","locationId":"9603A59C-CF46-465D-9C4C-A1BBFAA16D6B","name":"TNLP007214 - Abebe Bikilastraat 63, Almere","address":"63 Abebe Bikilastraat","city":"Almere","operatorName":"TotalEnergies","maxPowerKw":15,"isMegawatt":false,"status":"AVAILABLE","source":"ndw"}},{"type":"Feature","geometry":{"type":"Point","coordinates":[5.320227,52.399335]},"properties":{"type":"charge","layer":"passenger","locationId":"b69e8bfbf7c8c05bbf08ee493587e820","name":"Henk Sprengerweg 54","address":"Henk Sprengerweg 54","city":"Almere","operatorName":"Vattenfall InCharge","maxPowerKw":11,"isMegawatt":false,"status":"AVAILABLE","source":"ndw","priceKwh":0.2805}},{"type":"Feature","geometry":{"type":"Point","coordinates":[5.24107,52.36139]},"properties":{"type":"charge","layer":"passenger","locationId":"F27496AB-BC20-430F-85CB-F37EA7AC8139","name":"PP001552 - Joris Ivenslaan 99, Almere","address":"99 Joris Ivenslaan","city":"Almere","operatorName":"TotalEnergies","maxPowerKw":11,"isMegawatt":false,"status":"CHARGING","source":"ndw"}},{"type":"Feature","geometry":{"type":"Point","coordinates":[5.28832,52.39001]},"properties":{"type":"charge","layer":"passenger","locationId":"260","name":"Shell Recharge NL Korenbloemweg 75","address":"Korenbloemweg 75","city":"Almere","operatorName":"Ubitricity","maxPowerKw":11,"isMegawatt":false,"status":"AVAILABLE","source":"ndw","priceKwh":0.392}},{"type":"Feature","geometry":{"type":"Point","coordinates":[5.285075,52.391098]},"properties":{"type":"charge","layer":"passenger","locationId":"F162B4A1-E487-4CBC-987E-E1B3BA977D53","name":"TNLP008876 - Blauwe Druifjesstraat 2, Almere","address":"2 Blauwe Druifjesstraat","city":"Almere","operatorName":"TotalEnergies","maxPowerKw":14,"isMegawatt":false,"status":"AVAILABLE","source":"ndw"}},{"type":"Feature","geometry":{"type":"Point","coordinates":[5.18643,52.37756]},"properties":{"type":"charge","layer":"passenger","locationId":"6DE01689-B64E-4000-9CC9-C32F7ABCBAB1","name":"PP004345 - Preludeweg 29, Almere","address":"29 Preludeweg","city":"Almere","operatorName":"TotalEnergies","maxPowerKw":13,"isMegawatt":false,"status":"AVAILABLE","source":"ndw"}},{"type":"Feature","geometry":{"type":"Point","coordinates":[5.268638,52.381752]},"properties":{"type":"charge","layer":"passenger","locationId":"65e087ccbb49f1001c2e57d5","name":"Nuith 's station","address":"Kameleonstraat  15","city":"Almere","operatorName":"E-Flux by Road","maxPowerKw":12,"isMegawatt":false,"status":"UNAVAILABLE","source":"ndw"}},{"type":"Feature","geometry":{"type":"Point","coordinates":[5.24225,52.37693]},"properties":{"type":"charge","layer":"passenger","locationId":"4AC12FE8-1D80-473E-9639-55DF2951C11A","name":"PP002553 - Haagbeukweg 141, Almere","address":"141 Haagbeukweg","city":"Almere","operatorName":"TotalEnergies","maxPowerKw":13,"isMegawatt":false,"status":"AVAILABLE","source":"ndw"}},{"type":"Feature","geometry":{"type":"Point","coordinates":[5.236891,52.334602]},"properties":{"type":"charge","layer":"passenger","locationId":"5C60011F-3A23-46E6-A06A-B6C47211C39D","name":"TNLP009302 - Schapenmeent 95, Almere","address":"95 Schapenmeent","city":"Almere","operatorName":"TotalEnergies","maxPowerKw":15,"isMegawatt":false,"status":"AVAILABLE","source":"ndw"}},{"type":"Feature","geometry":{"type":"Point","coordinates":[5.307193,52.395558]},"properties":{"type":"charge","layer":"passenger","locationId":"651a8ae7fd813e0020c13a23","name":"Alain Dikken's station","address":"Arubapier 14","city":"Almere","operatorName":"E-Flux by Road","maxPowerKw":11,"isMegawatt":false,"status":"AVAILABLE","source":"ndw","priceKwh":0.38}},{"type":"Feature","geometry":{"type":"Point","coordinates":[5.184197,52.377018]},"properties":{"type":"charge","layer":"passenger","locationId":"6C0D7DDF-84EA-4D12-BDF8-1D65308C04D6","name":"TNLP008146 - Preludeweg 50, Almere","address":"50 Preludeweg","city":"Almere","operatorName":"TotalEnergies","maxPowerKw":13,"isMegawatt":false,"status":"AVAILABLE","source":"ndw"}},{"type":"Feature","geometry":{"type":"Point","coordinates":[5.2027,52.38312]},"properties":{"type":"charge","layer":"passenger","locationId":"15B5F6D5-02A3-4E76-B5F0-2AAE874D71FC","name":"TNLP007813 - Gipskruidweg 20, Almere","address":"20 Gipskruidweg","city":"Almere","operatorName":"TotalEnergies","maxPowerKw":15,"isMegawatt":false,"status":"AVAILABLE","source":"ndw"}},{"type":"Feature","geometry":{"type":"Point","coordinates":[5.292433,52.398605]},"properties":{"type":"charge","layer":"passenger","locationId":"0E00677D-A2D6-487E-994E-3D3ED3563E3E","name":"TNLP006271 - Makassarhof 60, Almere","address":"60 Makassarhof","city":"Almere","operatorName":"TotalEnergies","maxPowerKw":13,"isMegawatt":false,"status":"AVAILABLE","source":"ndw"}},{"type":"Feature","geometry":{"type":"Point","coordinates":[5.258876,52.39316]},"properties":{"type":"charge","layer":"passenger","locationId":"655C9DFC-3E77-4F9F-AD59-3CDF059D7AC2","name":"TNLP009361 - Pieter de Swartstraat 4, Almere","address":"4 Pieter de Swartstraat","city":"Almere","operatorName":"TotalEnergies","maxPowerKw":15,"isMegawatt":false,"status":"AVAILABLE","source":"ndw"}},{"type":"Feature","geometry":{"type":"Point","coordinates":[5.277543,52.392341]},"properties":{"type":"charge","layer":"passenger","locationId":"91180051","name":"50five-S NL Almere, Straat Van Florida 1","address":"Straat van Florida 1","city":"Almere","operatorName":"50five","maxPowerKw":11,"isMegawatt":false,"status":"AVAILABLE","source":"ndw"}},{"type":"Feature","geometry":{"type":"Point","coordinates":[5.324295,52.405973]},"properties":{"type":"charge","layer":"passenger","locationId":"7a07049d0d9d123d9587bf75c5807919","name":"De Stripmakerhof 69","address":"De Stripmakerhof 69","city":"Almere","operatorName":"Vattenfall InCharge","maxPowerKw":11,"isMegawatt":false,"status":"AVAILABLE","source":"ndw","priceKwh":0.2805}},{"type":"Feature","geometry":{"type":"Point","coordinates":[5.23027,52.36943]},"properties":{"type":"charge","layer":"passenger","locationId":"221","name":"Shell Recharge NL Hollywoodlaan 72","address":"Hollywoodlaan 72","city":"Almere","operatorName":"Ubitricity","maxPowerKw":11,"isMegawatt":false,"status":"AVAILABLE","source":"ndw","priceKwh":0.392}},{"type":"Feature","geometry":{"type":"Point","coordinates":[5.22774,52.38852]},"properties":{"type":"charge","layer":"passenger","locationId":"417","name":"Shell Recharge NL Zwinpad 4","address":"Zwinpad 4","city":"Almere","operatorName":"Ubitricity","maxPowerKw":11,"isMegawatt":false,"status":"AVAILABLE","source":"ndw","priceKwh":0.392}},{"type":"Feature","geometry":{"type":"Point","coordinates":[5.177981,52.34873]},"properties":{"type":"charge","layer":"passenger","locationId":"59E2AFB0-AA90-4DEB-B360-5E1B61300BC6","name":"TNLP007110 - Monitorweg 29, Almere","address":"29 Monitorweg","city":"Almere","operatorName":"TotalEnergies","maxPowerKw":15,"isMegawatt":false,"status":"AVAILABLE","source":"ndw"}},{"type":"Feature","geometry":{"type":"Point","coordinates":[5.320994,52.406067]},"properties":{"type":"charge","layer":"passenger","locationId":"013FAF9E-69BB-4D91-9319-D78C0BF5CC21","name":"TNLP007623 - Dick Bosstraat 169, Almere","address":"169 Dick Bosstraat","city":"Almere","operatorName":"TotalEnergies","maxPowerKw":13,"isMegawatt":false,"status":"AVAILABLE","source":"ndw"}},{"type":"Feature","geometry":{"type":"Point","coordinates":[5.224444,52.384883]},"properties":{"type":"charge","layer":"passenger","locationId":"NLLOC001345","name":"NLD, Almere, Eemplein 41","address":"Eemplein 41","city":"Almere","operatorName":"Allego","maxPowerKw":11,"isMegawatt":false,"status":"AVAILABLE","source":"ndw","priceKwh":0.511}},{"type":"Feature","geometry":{"type":"Point","coordinates":[5.202099,52.342148]},"properties":{"type":"charge","layer":"passenger","locationId":"41ADFD5C-4B58-4BDC-8894-1FCD23EDA92B","name":"TNLP005732 - Meerveldplein 4, Almere","address":"4 Meerveldplein","city":"Almere","operatorName":"TotalEnergies","maxPowerKw":13,"isMegawatt":false,"status":"UNAVAILABLE","source":"ndw"}},{"type":"Feature","geometry":{"type":"Point","coordinates":[5.182266,52.34761]},"properties":{"type":"charge","layer":"passenger","locationId":"91108046","name":"50five-S NL ICUEVE000643","address":"Transistorstraat 16","city":"Almere","operatorName":"50five","maxPowerKw":11,"isMegawatt":false,"status":"UNAVAILABLE","source":"ndw"}},{"type":"Feature","geometry":{"type":"Point","coordinates":[5.222239,52.346996]},"properties":{"type":"charge","layer":"passenger","locationId":"7E20C330-DE2B-408A-BB60-511152D74936","name":"TNLP007124 - De Steiger 223, Almere","address":"223 De Steiger","city":"Almere","operatorName":"TotalEnergies","maxPowerKw":13,"isMegawatt":false,"status":"AVAILABLE","source":"ndw"}},{"type":"Feature","geometry":{"type":"Point","coordinates":[5.232499,52.333855]},"properties":{"type":"charge","layer":"passenger","locationId":"869F0861-C180-4CAD-B1C4-9F0A36444E78","name":"TNLP006299 - Rietmeent 48, Almere","address":"48 Rietmeent","city":"Almere","operatorName":"TotalEnergies","maxPowerKw":13,"isMegawatt":false,"status":"CHARGING","source":"ndw"}},{"type":"Feature","geometry":{"type":"Point","coordinates":[5.24251,52.35753]},"properties":{"type":"charge","layer":"passenger","locationId":"7CD30174-AEAA-4872-A471-2F44715F60E2","name":"TNLP008895 - Felinilaan 147, Almere","address":"147 Felinilaan","city":"Almere","operatorName":"TotalEnergies","maxPowerKw":14,"isMegawatt":false,"status":"AVAILABLE","source":"ndw"}},{"type":"Feature","geometry":{"type":"Point","coordinates":[5.14695,52.34777]},"properties":{"type":"charge","layer":"passenger","locationId":"711","name":"Shell Recharge NL Beneluxlaan 803","address":"Beneluxlaan 803","city":"Almere","operatorName":"Ubitricity","maxPowerKw":11,"isMegawatt":false,"status":"CHARGING","source":"ndw","priceKwh":0.392}},{"type":"Feature","geometry":{"type":"Point","coordinates":[5.18437,52.36107]},"properties":{"type":"charge","layer":"passenger","locationId":"666","name":"Shell Recharge NL Betje Wolffstraat 58","address":"Betje Wolffstraat 58","city":"Almere","operatorName":"Ubitricity","maxPowerKw":11,"isMegawatt":false,"status":"AVAILABLE","source":"ndw","priceKwh":0.392}},{"type":"Feature","geometry":{"type":"Point","coordinates":[5.154395,52.35422]},"properties":{"type":"charge","layer":"passenger","locationId":"DC7BEC1F-8E8B-4080-9726-69D83DBBC4BC","name":"TNLP015315 - Venusstraat 3, Almere","address":"3 Venusstraat","city":"Almere","operatorName":"TotalEnergies","maxPowerKw":13,"isMegawatt":false,"status":"AVAILABLE","source":"ndw"}},{"type":"Feature","geometry":{"type":"Point","coordinates":[5.20547,52.35896]},"properties":{"type":"charge","layer":"passenger","locationId":"634","name":"Shell Recharge NL Helmondstraat 33","address":"Helmondstraat 33","city":"Almere","operatorName":"Ubitricity","maxPowerKw":11,"isMegawatt":false,"status":"CHARGING","source":"ndw","priceKwh":0.392}},{"type":"Feature","geometry":{"type":"Point","coordinates":[5.177345,52.3594]},"properties":{"type":"charge","layer":"passenger","locationId":"8602340A-F5C1-4225-8F29-B91BC9140606","name":"TNLP015469 - A. Roland Holststraat 13, Almere","address":"13 A. Roland Holststraat","city":"Almere","operatorName":"TotalEnergies","maxPowerKw":17,"isMegawatt":false,"status":"UNAVAILABLE","source":"ndw"}},{"type":"Feature","geometry":{"type":"Point","coordinates":[5.238697,52.407587]},"properties":{"type":"charge","layer":"passenger","locationId":"667938783e6484001c7fad69","name":"Travel Retail Innovations","address":"Damsluisweg 46","city":"Almere","operatorName":"E-Flux by Road","maxPowerKw":22,"isMegawatt":false,"status":"AVAILABLE","source":"ndw","priceKwh":0.35}},{"type":"Feature","geometry":{"type":"Point","coordinates":[5.237067,52.33614]},"properties":{"type":"charge","layer":"passenger","locationId":"B775215E-1670-4F16-88D8-9675F7BEB05F","name":"TNLP006009 - Jaagmeent 190, Almere","address":"190 Jaagmeent","city":"Almere","operatorName":"TotalEnergies","maxPowerKw":13,"isMegawatt":false,"status":"UNAVAILABLE","source":"ndw"}},{"type":"Feature","geometry":{"type":"Point","coordinates":[5.179327,52.346016]},"properties":{"type":"charge","layer":"passenger","locationId":"89301146","name":"Van Leeuwen Transistorstraat 40-46","address":"Transistorstraat 40-46","city":"Almere","operatorName":"Van Leeuwen","maxPowerKw":22,"isMegawatt":false,"status":"AVAILABLE","source":"ndw"}},{"type":"Feature","geometry":{"type":"Point","coordinates":[5.187868,52.3602]},"properties":{"type":"charge","layer":"passenger","locationId":"C977A498-0043-4560-AF69-33A4A4B5E3BC","name":"TNLP007519 - E. du Perronstraat 1, Almere","address":"1 E. du Perronstraat","city":"Almere","operatorName":"TotalEnergies","maxPowerKw":13,"isMegawatt":false,"status":"AVAILABLE","source":"ndw"}},{"type":"Feature","geometry":{"type":"Point","coordinates":[5.2338869,52.3869569]},"properties":{"type":"charge","layer":"passenger","locationId":"772","name":"Shell Recharge NL Walvisplein 95","address":"Walvisplein 95","city":"Almere","operatorName":"Ubitricity","maxPowerKw":22,"isMegawatt":false,"status":"AVAILABLE","source":"ndw","priceKwh":0.267}},{"type":"Feature","geometry":{"type":"Point","coordinates":[5.26118,52.366203]},"properties":{"type":"charge","layer":"passenger","locationId":"ECCF6CC9-1F15-4143-A214-7F2F468FE791","name":"TNLP034207 - Jivestraat 40, Almere","address":"40 Jivestraat","city":"Almere","operatorName":"TotalEnergies","maxPowerKw":13,"isMegawatt":false,"status":"UNAVAILABLE","source":"ndw"}},{"type":"Feature","geometry":{"type":"Point","coordinates":[5.177026,52.348537]},"properties":{"type":"charge","layer":"passenger","locationId":"88D7D43C-72AA-4886-A3E7-297D11E12EE1","name":"Eneco eMobility Transistorstraat 110 Almere","address":"Transistorstraat 110","city":"Almere","operatorName":"Eneco","maxPowerKw":22,"isMegawatt":false,"status":"AVAILABLE","source":"ndw","priceKwh":0.32}},{"type":"Feature","geometry":{"type":"Point","coordinates":[5.24378,52.35832]},"properties":{"type":"charge","layer":"passenger","locationId":"0c43c618-ddf6-4c2c-b977-9e39636a4ba0","name":"PP001748 - Jim Hensonstraat 48, Almere","address":"48 Jim Hensonstraat","city":"Almere","operatorName":"TotalEnergies","maxPowerKw":11,"isMegawatt":false,"status":"AVAILABLE","source":"ndw"}},{"type":"Feature","geometry":{"type":"Point","coordinates":[5.23512,52.37156]},"properties":{"type":"charge","layer":"passenger","locationId":"550A9D54-D8B2-454E-8319-546169978B2B","name":"TNLP009587 - Laurence Olivierstraat 49, Almere","address":"49 Laurence Olivierstraat","city":"Almere","operatorName":"TotalEnergies","maxPowerKw":13,"isMegawatt":false,"status":"AVAILABLE","source":"ndw"}},{"type":"Feature","geometry":{"type":"Point","coordinates":[5.2997411,52.4033147]},"properties":{"type":"charge","layer":"passenger","locationId":"2013","name":"Shell Recharge NL Laan der V.O.C. 238","address":"Laan der V.O.C. 238","city":"Almere","operatorName":"Ubitricity","maxPowerKw":22,"isMegawatt":false,"status":"AVAILABLE","source":"ndw","priceKwh":0.267}},{"type":"Feature","geometry":{"type":"Point","coordinates":[5.28802,52.35881]},"properties":{"type":"charge","layer":"passenger","locationId":"913","name":"Shell Recharge NL C.V. Ramanstraat 27","address":"C.V. Ramanstraat 27","city":"Almere","operatorName":"Ubitricity","maxPowerKw":22,"isMegawatt":false,"status":"AVAILABLE","source":"ndw","priceKwh":0.267}},{"type":"Feature","geometry":{"type":"Point","coordinates":[5.138418,52.343502]},"properties":{"type":"charge","layer":"passenger","locationId":"297EE4A1-D897-4DC5-8981-15C3E50018AA","name":"TNLP007899 - Sterduinstraat 18, Almere","address":"18 Sterduinstraat","city":"Almere","operatorName":"TotalEnergies","maxPowerKw":13,"isMegawatt":false,"status":"AVAILABLE","source":"ndw"}},{"type":"Feature","geometry":{"type":"Point","coordinates":[5.219493,52.37321]},"properties":{"type":"charge","layer":"passenger","locationId":"E69C97D6-163A-41EA-8FC1-32AC75D09A10","name":"TNLP006206 - Dichterhof 53, Almere","address":"53 Dichterhof","city":"Almere","operatorName":"TotalEnergies","maxPowerKw":13,"isMegawatt":false,"status":"CHARGING","source":"ndw"}},{"type":"Feature","geometry":{"type":"Point","coordinates":[5.166484,52.393219]},"properties":{"type":"charge","layer":"passenger","locationId":"91198322","name":"50five-S NL ICUCOMPACT000002","address":"De Eenvoud 13","city":"Almere","operatorName":"50five","maxPowerKw":7,"isMegawatt":false,"status":"UNAVAILABLE","source":"ndw"}},{"type":"Feature","geometry":{"type":"Point","coordinates":[5.243545,52.373642]},"properties":{"type":"charge","layer":"passenger","locationId":"FF01FA1A-9573-4162-A021-6871A7AB3BC6","name":"TNLP009898 - Watercipresstraat 1, Almere","address":"1 Watercipresstraat","city":"Almere","operatorName":"TotalEnergies","maxPowerKw":13,"isMegawatt":false,"status":"AVAILABLE","source":"ndw"}},{"type":"Feature","geometry":{"type":"Point","coordinates":[5.31796,52.39981]},"properties":{"type":"charge","layer":"passenger","locationId":"ff02fc5d-2f52-45a8-b728-ef418fe053d6","name":"PP001640 - Aramstraat 2, Almere","address":"2 Aramstraat","city":"Almere","operatorName":"TotalEnergies","maxPowerKw":11,"isMegawatt":false,"status":"AVAILABLE","source":"ndw"}},{"type":"Feature","geometry":{"type":"Point","coordinates":[5.26645,52.38331]},"properties":{"type":"charge","layer":"passenger","locationId":"1496EDC3-A65D-48DD-8E9B-041300608A23","name":"Eneco eMobility Leguaanstraat 12 Almere","address":"Leguaanstraat 12","city":"Almere","operatorName":"Eneco","maxPowerKw":22,"isMegawatt":false,"status":"UNAVAILABLE","source":"ndw","priceKwh":0.44}},{"type":"Feature","geometry":{"type":"Point","coordinates":[5.1716156,52.3933235]},"properties":{"type":"charge","layer":"passenger","locationId":"2253","name":"Shell Recharge NL Marszeil 11","address":"Marszeil 11","city":"Almere","operatorName":"Ubitricity","maxPowerKw":22,"isMegawatt":false,"status":"AVAILABLE","source":"ndw","priceKwh":0.267}},{"type":"Feature","geometry":{"type":"Point","coordinates":[5.326917,52.342776]},"properties":{"type":"charge","layer":"passenger","locationId":"69269ba30abfd23a5c4884dd","name":"AC 149","address":"Auguste Comteweg 149","city":"Almere","operatorName":"E-Flux by Road","maxPowerKw":11,"isMegawatt":false,"status":"AVAILABLE","source":"ndw","priceKwh":0.63}},{"type":"Feature","geometry":{"type":"Point","coordinates":[5.224777,52.38608]},"properties":{"type":"charge","layer":"passenger","locationId":"0D674724-7815-4906-9631-FC62E5A8C4C1","name":"TNLP006298 - Haringvlietstraat 8, Almere","address":"8 Haringvlietstraat","city":"Almere","operatorName":"TotalEnergies","maxPowerKw":13,"isMegawatt":false,"status":"AVAILABLE","source":"ndw"}},{"type":"Feature","geometry":{"type":"Point","coordinates":[5.28952,52.35955]},"properties":{"type":"charge","layer":"passenger","locationId":"D7B44DA1-E74D-4717-83D9-93173E5FE848","name":"TNLP015323 - Ilya Frankstraat 2, Almere","address":"2 Ilya Frankstraat","city":"Almere","operatorName":"TotalEnergies","maxPowerKw":13,"isMegawatt":false,"status":"AVAILABLE","source":"ndw"}},{"type":"Feature","geometry":{"type":"Point","coordinates":[5.243595,52.381195]},"properties":{"type":"charge","layer":"passenger","locationId":"70555DF4-0368-4667-BAF7-2CEB9A9E0962","name":"TNLP006884 - Verzetslaan 34, Almere","address":"34 Verzetslaan","city":"Almere","operatorName":"TotalEnergies","maxPowerKw":13,"isMegawatt":false,"status":"AVAILABLE","source":"ndw"}},{"type":"Feature","geometry":{"type":"Point","coordinates":[5.200179,52.38569]},"properties":{"type":"charge","layer":"passenger","locationId":"F2579B74-8FCE-4758-B6FD-D186E233B357","name":"TNLP015206 - Kweekgrasstraat 60, Almere","address":"60 Kweekgrasstraat","city":"Almere","operatorName":"TotalEnergies","maxPowerKw":17,"isMegawatt":false,"status":"UNAVAILABLE","source":"ndw"}},{"type":"Feature","geometry":{"type":"Point","coordinates":[5.166199,52.35564]},"properties":{"type":"charge","layer":"passenger","locationId":"6981c65be1e07cf5647e5061","name":"Rodijk station","address":"Xenonstraat 156","city":"Almere","operatorName":"E-Flux by Road","maxPowerKw":22,"isMegawatt":false,"status":"AVAILABLE","source":"ndw","priceKwh":0.38}},{"type":"Feature","geometry":{"type":"Point","coordinates":[5.297316,52.39725]},"properties":{"type":"charge","layer":"passenger","locationId":"D4EAABBD-524A-4A9B-85F7-D7509BDB65C6","name":"TNLP009298 - Ecrustraat 44, Almere","address":"44 Ecrustraat","city":"Almere","operatorName":"TotalEnergies","maxPowerKw":13,"isMegawatt":false,"status":"AVAILABLE","source":"ndw"}},{"type":"Feature","geometry":{"type":"Point","coordinates":[5.290212,52.397293]},"properties":{"type":"charge","layer":"passenger","locationId":"FFBCBDE2-F1CB-4E51-B286-B6FF43D8A20A","name":"TNLP005964 - Palembangweg 242, Almere","address":"242 Palembangweg","city":"Almere","operatorName":"TotalEnergies","maxPowerKw":13,"isMegawatt":false,"status":"AVAILABLE","source":"ndw"}},{"type":"Feature","geometry":{"type":"Point","coordinates":[5.181207,52.35564]},"properties":{"type":"charge","layer":"passenger","locationId":"C342735D-C0DF-44BC-B021-DFD6FCAF0FD6","name":"PP005396 - Ida Gerhardtstraat 25, Almere","address":"25 Ida Gerhardtstraat","city":"Almere","operatorName":"TotalEnergies","maxPowerKw":13,"isMegawatt":false,"status":"AVAILABLE","source":"ndw"}},{"type":"Feature","geometry":{"type":"Point","coordinates":[5.186904,52.359035]},"properties":{"type":"charge","layer":"passenger","locationId":"6F305212-2139-40F6-8838-EDE4CB9D4788","name":"TNLP008916 - F. Bordewijkstraat 1, Almere","address":"1 F. Bordewijkstraat","city":"Almere","operatorName":"TotalEnergies","maxPowerKw":14,"isMegawatt":false,"status":"AVAILABLE","source":"ndw"}},{"type":"Feature","geometry":{"type":"Point","coordinates":[5.22391,52.3854]},"properties":{"type":"charge","layer":"passenger","locationId":"7615702ee7e97dd1fd21ee856e3d98a0","name":"Geinplein 38","address":"Geinplein 38","city":"Almere","operatorName":"Vattenfall InCharge","maxPowerKw":11,"isMegawatt":false,"status":"AVAILABLE","source":"ndw","priceKwh":0.2805}},{"type":"Feature","geometry":{"type":"Point","coordinates":[5.2409035,52.3663086]},"properties":{"type":"charge","layer":"passenger","locationId":"2718","name":"Shell Recharge NL Audrey Hepburnstraat 2","address":"Audrey Hepburnstraat 2","city":"Almere","operatorName":"Ubitricity","maxPowerKw":22,"isMegawatt":false,"status":"AVAILABLE","source":"ndw","priceKwh":0.267}},{"type":"Feature","geometry":{"type":"Point","coordinates":[5.19908,52.384502]},"properties":{"type":"charge","layer":"passenger","locationId":"9F1ABBB2-4FDE-49DA-9A0F-CDB9792358A4","name":"TNLP007909 - Kweldergrasveld 21, Almere","address":"21 Kweldergrasveld","city":"Almere","operatorName":"TotalEnergies","maxPowerKw":13,"isMegawatt":false,"status":"AVAILABLE","source":"ndw"}},{"type":"Feature","geometry":{"type":"Point","coordinates":[5.232189,52.33649]},"properties":{"type":"charge","layer":"passenger","locationId":"F1BACCEA-0678-4010-AE26-91C900F04A01","name":"TNLP009206 - Jaagmeent 260, Almere","address":"260 Jaagmeent","city":"Almere","operatorName":"TotalEnergies","maxPowerKw":15,"isMegawatt":false,"status":"AVAILABLE","source":"ndw"}},{"type":"Feature","geometry":{"type":"Point","coordinates":[5.144432,52.357693]},"properties":{"type":"charge","layer":"passenger","locationId":"0CD2F278-6DEB-4886-B8CD-ECA6D42EA7D8","name":"TNLP009671 - Eponastraat 18, Almere","address":"18 Eponastraat","city":"Almere","operatorName":"TotalEnergies","maxPowerKw":13,"isMegawatt":false,"status":"AVAILABLE","source":"ndw"}},{"type":"Feature","geometry":{"type":"Point","coordinates":[5.302326,52.39728]},"properties":{"type":"charge","layer":"passenger","locationId":"8270840A-8D1A-43D0-B47F-60F9E6E81291","name":"TNLP005749 - Mallorcastraat 2, Almere","address":"2 Mallorcastraat","city":"Almere","operatorName":"TotalEnergies","maxPowerKw":13,"isMegawatt":false,"status":"UNAVAILABLE","source":"ndw"}},{"type":"Feature","geometry":{"type":"Point","coordinates":[5.180078,52.37225]},"properties":{"type":"charge","layer":"passenger","locationId":"74A7C169-467B-4DA6-9FD0-834722A98FFF","name":"TNLP006252 - Wim Sonneveldstraat 1, Almere","address":"1 Wim Sonneveldstraat","city":"Almere","operatorName":"TotalEnergies","maxPowerKw":13,"isMegawatt":false,"status":"AVAILABLE","source":"ndw"}},{"type":"Feature","geometry":{"type":"Point","coordinates":[5.20277,52.38107]},"properties":{"type":"charge","layer":"passenger","locationId":"6f607af0a21a3b9e58cd7e8e9a2f9c1a","name":"Basilicumweg 200","address":"Basilicumweg 200","city":"Almere","operatorName":"Vattenfall InCharge","maxPowerKw":11,"isMegawatt":false,"status":"AVAILABLE","source":"ndw","priceKwh":0.2805}},{"type":"Feature","geometry":{"type":"Point","coordinates":[5.2437542,52.356717]},"properties":{"type":"charge","layer":"passenger","locationId":"400","name":"Shell Recharge NL Hal Roachstraat 1","address":"Hal Roachstraat 1","city":"Almere","operatorName":"Ubitricity","maxPowerKw":11,"isMegawatt":false,"status":"AVAILABLE","source":"ndw","priceKwh":0.392}},{"type":"Feature","geometry":{"type":"Point","coordinates":[5.274521,52.386158]},"properties":{"type":"charge","layer":"passenger","locationId":"0BA32884-86D7-4AB7-AF3F-3363F1278CB9","name":"TNLP008235 - IJsbeerpad 13, Almere","address":"13 IJsbeerpad","city":"Almere","operatorName":"TotalEnergies","maxPowerKw":13,"isMegawatt":false,"status":"AVAILABLE","source":"ndw"}},{"type":"Feature","geometry":{"type":"Point","coordinates":[5.182231,52.376316]},"properties":{"type":"charge","layer":"passenger","locationId":"0138F5A9-7BB9-4F32-B1FC-6BDFFA110CB6","name":"TNLP006086 - Preludeweg 99, Almere","address":"99 Preludeweg","city":"Almere","operatorName":"TotalEnergies","maxPowerKw":13,"isMegawatt":false,"status":"AVAILABLE","source":"ndw"}},{"type":"Feature","geometry":{"type":"Point","coordinates":[5.26096,52.3666]},"properties":{"type":"charge","layer":"passenger","locationId":"651","name":"Shell Recharge NL Jivestraat 33","address":"Jivestraat 33","city":"Almere","operatorName":"Ubitricity","maxPowerKw":11,"isMegawatt":false,"status":"CHARGING","source":"ndw","priceKwh":0.392}},{"type":"Feature","geometry":{"type":"Point","coordinates":[5.143549,52.344067]},"properties":{"type":"charge","layer":"passenger","locationId":"26763E43-EA15-420A-A234-FD99E3EDDAF9","name":"Laadplein - TNLP006860 - Duinmeerstraat 27, Almere","address":"27 Duinmeerstraat","city":"Almere","operatorName":"TotalEnergies","maxPowerKw":15,"isMegawatt":false,"status":"AVAILABLE","source":"ndw"}},{"type":"Feature","geometry":{"type":"Point","coordinates":[5.22254,52.377791]},"properties":{"type":"charge","layer":"passenger","locationId":"91179899","name":"50five-S NL Almere, Randstad 21 30","address":"Randstad 21 30","city":"Almere","operatorName":"50five","maxPowerKw":11,"isMegawatt":false,"status":"AVAILABLE","source":"ndw"}},{"type":"Feature","geometry":{"type":"Point","coordinates":[5.261923,52.36893]},"properties":{"type":"charge","layer":"passenger","locationId":"7E3920A4-66FC-442C-885C-B9F711E90195","name":"PP005640 - Renoirstraat 5, Almere","address":"5 Renoirstraat","city":"Almere","operatorName":"TotalEnergies","maxPowerKw":13,"isMegawatt":false,"status":"AVAILABLE","source":"ndw"}},{"type":"Feature","geometry":{"type":"Point","coordinates":[5.270338,52.390842]},"properties":{"type":"charge","layer":"passenger","locationId":"2FE07FB4-80B9-4CD9-9EEC-7C2A67894657","name":"TNLP007525 - Springendallaan 109, Almere","address":"109 Springendallaan","city":"Almere","operatorName":"TotalEnergies","maxPowerKw":15,"isMegawatt":false,"status":"AVAILABLE","source":"ndw"}},{"type":"Feature","geometry":{"type":"Point","coordinates":[5.19171,52.36441]},"properties":{"type":"charge","layer":"passenger","locationId":"a966a985fa0bbb48f13ca41fa3fbaef8","name":"Willem Pijperstraat 57","address":"Willem Pijperstraat 57","city":"Almere","operatorName":"Vattenfall InCharge","maxPowerKw":11,"isMegawatt":false,"status":"AVAILABLE","source":"ndw","priceKwh":0.2805}},{"type":"Feature","geometry":{"type":"Point","coordinates":[5.243109,52.35913]},"properties":{"type":"charge","layer":"passenger","locationId":"4C0861AB-4F4D-4849-BA05-D81216FE8C02","name":"TNLP009807 - Jim Hensonstraat 2, Almere","address":"2 Jim Hensonstraat","city":"Almere","operatorName":"TotalEnergies","maxPowerKw":17,"isMegawatt":false,"status":"UNAVAILABLE","source":"ndw"}},{"type":"Feature","geometry":{"type":"Point","coordinates":[5.2427737,52.3601098]},"properties":{"type":"charge","layer":"passenger","locationId":"2704","name":"Shell Recharge NL Joris Ivenslaan 189","address":"Joris Ivenslaan 189","city":"Almere","operatorName":"Ubitricity","maxPowerKw":22,"isMegawatt":false,"status":"UNAVAILABLE","source":"ndw","priceKwh":0.267}},{"type":"Feature","geometry":{"type":"Point","coordinates":[5.243972,52.375137]},"properties":{"type":"charge","layer":"passenger","locationId":"1603","name":"Shell Recharge NL Parkwijklaan 5","address":"Parkwijklaan 5","city":"Almere","operatorName":"Ubitricity","maxPowerKw":11,"isMegawatt":false,"status":"AVAILABLE","source":"ndw","priceKwh":0.392}},{"type":"Feature","geometry":{"type":"Point","coordinates":[5.249912,52.405736]},"properties":{"type":"charge","layer":"passenger","locationId":"66ab30e7eae2b4001c758bac","name":"NL - Almere - Hefbrugweg 6","address":"Hefbrugweg 6","city":"Almere","operatorName":"E-Flux by Road","maxPowerKw":22,"isMegawatt":false,"status":"AVAILABLE","source":"ndw","priceKwh":0.24}},{"type":"Feature","geometry":{"type":"Point","coordinates":[5.258888,52.37391]},"properties":{"type":"charge","layer":"passenger","locationId":"951DF268-269D-480E-AD1D-EED75D519019","name":"TNLP015116 - Paul Kleestraat 1, Almere","address":"1 Paul Kleestraat","city":"Almere","operatorName":"TotalEnergies","maxPowerKw":13,"isMegawatt":false,"status":"AVAILABLE","source":"ndw"}},{"type":"Feature","geometry":{"type":"Point","coordinates":[5.221787,52.376354]},"properties":{"type":"charge","layer":"passenger","locationId":"61f375a5fc294a35a212","name":"Parkeergarage Landdorstdreef - Almere, Landdorstdreef","address":"Landdorstdreef 124","city":"Almere","operatorName":"Opcharge","maxPowerKw":22,"isMegawatt":false,"status":"AVAILABLE","source":"ndw","priceKwh":0.49}},{"type":"Feature","geometry":{"type":"Point","coordinates":[5.271944,52.3775]},"properties":{"type":"charge","layer":"passenger","locationId":"1c94bebf-ef8a-4679-b530-07db8add98b8","name":"JOLT AMS00880","address":"Edvard Munchweg 18","city":"Almere","operatorName":"JOLT Energy","maxPowerKw":300,"isMegawatt":false,"status":"UNAVAILABLE","source":"ndw"}},{"type":"Feature","geometry":{"type":"Point","coordinates":[5.315492,52.401344]},"properties":{"type":"charge","layer":"passenger","locationId":"646773F7-3F09-46A4-AF0B-9B9920361797","name":"Laadplein - TNLP005973 - Winonahstraat 11, Almere","address":"11 Winonahstraat","city":"Almere","operatorName":"TotalEnergies","maxPowerKw":15,"isMegawatt":false,"status":"AVAILABLE","source":"ndw"}},{"type":"Feature","geometry":{"type":"Point","coordinates":[5.315673,52.405212]},"properties":{"type":"charge","layer":"passenger","locationId":"8D6A5B31-BD07-4C26-8532-2E39BB927BB8","name":"TNLP034123 - Fiep Westendorpstraat 27, Almere","address":"27 Fiep Westendorpstraat","city":"Almere","operatorName":"TotalEnergies","maxPowerKw":13,"isMegawatt":false,"status":"UNAVAILABLE","source":"ndw"}},{"type":"Feature","geometry":{"type":"Point","coordinates":[5.186231,52.371548]},"properties":{"type":"charge","layer":"passenger","locationId":"NLLOC000851","name":"NLD, Almere, Klarinetstraat 72","address":"Klarinetstraat 72","city":"Almere","operatorName":"Allego","maxPowerKw":22,"isMegawatt":false,"status":"AVAILABLE","source":"ndw","priceKwh":0.511}},{"type":"Feature","geometry":{"type":"Point","coordinates":[5.245215,52.40404]},"properties":{"type":"charge","layer":"passenger","locationId":"66ab3bdeb439cc001c1d55ae","name":"NL - Almere - Hefbrugweg 85","address":"Hefbrugweg 85","city":"Almere","operatorName":"E-Flux by Road","maxPowerKw":22,"isMegawatt":false,"status":"AVAILABLE","source":"ndw","priceKwh":0.24}},{"type":"Feature","geometry":{"type":"Point","coordinates":[5.254165,52.396416]},"properties":{"type":"charge","layer":"passenger","locationId":"10F8E248-85AF-4092-A34A-1346DA49EECF","name":"TNLP007952 - C. van Eesterenplein 88, Almere","address":"88 C. van Eesterenplein","city":"Almere","operatorName":"TotalEnergies","maxPowerKw":13,"isMegawatt":false,"status":"CHARGING","source":"ndw"}},{"type":"Feature","geometry":{"type":"Point","coordinates":[5.218118,52.332867]},"properties":{"type":"charge","layer":"passenger","locationId":"17D3065B-573A-434C-9C9A-9A69D912B8E6","name":"TNLP034104 - Havenhoofd 14, Almere","address":"14 Havenhoofd","city":"Almere","operatorName":"TotalEnergies","maxPowerKw":13,"isMegawatt":false,"status":"AVAILABLE","source":"ndw"}},{"type":"Feature","geometry":{"type":"Point","coordinates":[5.282847,52.36028]},"properties":{"type":"charge","layer":"passenger","locationId":"21250ADE-239C-475B-B532-9626A622F638","name":"TNLP007786 - Karl Braunstraat 14, Almere","address":"14 Karl Braunstraat","city":"Almere","operatorName":"TotalEnergies","maxPowerKw":15,"isMegawatt":false,"status":"AVAILABLE","source":"ndw"}},{"type":"Feature","geometry":{"type":"Point","coordinates":[5.141265,52.346341]},"properties":{"type":"charge","layer":"passenger","locationId":"3968797","name":"Laadnet Mijnsport","address":"Noorderduinzicht 10","city":"Almere","operatorName":"Laadnet","maxPowerKw":11,"isMegawatt":false,"status":"AVAILABLE","source":"ndw"}},{"type":"Feature","geometry":{"type":"Point","coordinates":[5.18936,52.380352]},"properties":{"type":"charge","layer":"passenger","locationId":"48FAAE5D-8D99-404E-A696-7DECD1385533","name":"TNLP006253 - Kruidenweg 3, Almere","address":"3 Kruidenweg","city":"Almere","operatorName":"TotalEnergies","maxPowerKw":15,"isMegawatt":false,"status":"AVAILABLE","source":"ndw"}},{"type":"Feature","geometry":{"type":"Point","coordinates":[5.227379,52.377684]},"properties":{"type":"charge","layer":"passenger","locationId":"9c42a437f85c4e16a49cf01823d3e391","name":"Almere RVE Vastgoed ","address":"Randstad 229","city":"Almere","operatorName":"Opcharge","maxPowerKw":22,"isMegawatt":false,"status":"AVAILABLE","source":"ndw","priceKwh":0.33}},{"type":"Feature","geometry":{"type":"Point","coordinates":[5.27958,52.38917]},"properties":{"type":"charge","layer":"passenger","locationId":"0E3D0E68-4D34-496B-8F69-EA469A05EECF","name":"TNLP008531 - Rosarium 62, Almere","address":"62 Rosarium","city":"Almere","operatorName":"TotalEnergies","maxPowerKw":14,"isMegawatt":false,"status":"AVAILABLE","source":"ndw"}},{"type":"Feature","geometry":{"type":"Point","coordinates":[5.276232,52.396263]},"properties":{"type":"charge","layer":"passenger","locationId":"198E1A15-4811-4966-97AA-E39305AAB960","name":"TNLP006290 - Kopenhagenstraat 18, Almere","address":"18 Kopenhagenstraat","city":"Almere","operatorName":"TotalEnergies","maxPowerKw":13,"isMegawatt":false,"status":"CHARGING","source":"ndw"}},{"type":"Feature","geometry":{"type":"Point","coordinates":[5.2088798,52.3450271]},"properties":{"type":"charge","layer":"passenger","locationId":"2007","name":"Shell Recharge NL Bosgouw 159","address":"Bosgouw 159","city":"Almere","operatorName":"Ubitricity","maxPowerKw":22,"isMegawatt":false,"status":"AVAILABLE","source":"ndw","priceKwh":0.267}},{"type":"Feature","geometry":{"type":"Point","coordinates":[5.316254,52.401653]},"properties":{"type":"charge","layer":"passenger","locationId":"54E2054F-67A6-467B-91B7-4D06CC5E4EB2","name":"TNLP034607 - Matho Tongastraat 12, Almere","address":"12 Matho Tongastraat","city":"Almere","operatorName":"TotalEnergies","maxPowerKw":13,"isMegawatt":false,"status":"UNAVAILABLE","source":"ndw"}},{"type":"Feature","geometry":{"type":"Point","coordinates":[5.280462,52.39377]},"properties":{"type":"charge","layer":"passenger","locationId":"80AE22E9-4B35-428D-9DA4-0DA095BC6D60","name":"TNLP008317 - Globeplein 54, Almere","address":"54 Globeplein","city":"Almere","operatorName":"TotalEnergies","maxPowerKw":14,"isMegawatt":false,"status":"CHARGING","source":"ndw"}},{"type":"Feature","geometry":{"type":"Point","coordinates":[5.320956,52.404354]},"properties":{"type":"charge","layer":"passenger","locationId":"8CC8C55D-08C0-45FE-B36B-3766087655A1","name":"TNLP034284 - Carol Vogesgracht 32, Almere","address":"32 Carol Vogesgracht","city":"Almere","operatorName":"TotalEnergies","maxPowerKw":13,"isMegawatt":false,"status":"UNAVAILABLE","source":"ndw"}},{"type":"Feature","geometry":{"type":"Point","coordinates":[5.141551,52.35589]},"properties":{"type":"charge","layer":"passenger","locationId":"B50B3E9C-B995-41DC-B767-61DE308D5A67","name":"TNLP009984 - Olivier Bruyneelstraat 44, Almere","address":"44 Olivier Bruyneelstraat","city":"Almere","operatorName":"TotalEnergies","maxPowerKw":13,"isMegawatt":false,"status":"AVAILABLE","source":"ndw"}},{"type":"Feature","geometry":{"type":"Point","coordinates":[5.155842,52.35142]},"properties":{"type":"charge","layer":"passenger","locationId":"E0EB0421-85CF-4DA4-B2F8-2E68CEAF6B6D","name":"TNLP005692 - Anubisstraat 192, Almere","address":"192 Anubisstraat","city":"Almere","operatorName":"TotalEnergies","maxPowerKw":13,"isMegawatt":false,"status":"AVAILABLE","source":"ndw"}},{"type":"Feature","geometry":{"type":"Point","coordinates":[5.231287,52.375317]},"properties":{"type":"charge","layer":"passenger","locationId":"F457D2A0-E290-4C48-9F74-8A22103EC9C8","name":"PP005622 - Bud Abbottstraat 15, Almere","address":"15 Bud Abbottstraat","city":"Almere","operatorName":"TotalEnergies","maxPowerKw":13,"isMegawatt":false,"status":"AVAILABLE","source":"ndw"}},{"type":"Feature","geometry":{"type":"Point","coordinates":[5.2154,52.34638]},"properties":{"type":"charge","layer":"passenger","locationId":"DF7163EF-2A96-4DE6-8B0A-491070557C11","name":"PP001685 - Overgouw 47, Almere","address":"47 Overgouw","city":"Almere","operatorName":"TotalEnergies","maxPowerKw":11,"isMegawatt":false,"status":"AVAILABLE","source":"ndw"}},{"type":"Feature","geometry":{"type":"Point","coordinates":[5.184367,52.3706]},"properties":{"type":"charge","layer":"passenger","locationId":"51D3AF53-627C-4A14-BCA5-775BDC047D96","name":"PP005420 - Gitaarstraat 2, Almere","address":"2 Gitaarstraat","city":"Almere","operatorName":"TotalEnergies","maxPowerKw":13,"isMegawatt":false,"status":"AVAILABLE","source":"ndw"}},{"type":"Feature","geometry":{"type":"Point","coordinates":[5.229055,52.335022]},"properties":{"type":"charge","layer":"passenger","locationId":"65AAE34C-F02F-48B6-91BA-6C4535A815D6","name":"TNLP006180 - Achterwerf 43, Almere","address":"43 Achterwerf","city":"Almere","operatorName":"TotalEnergies","maxPowerKw":13,"isMegawatt":false,"status":"AVAILABLE","source":"ndw"}},{"type":"Feature","geometry":{"type":"Point","coordinates":[5.222513,52.387306]},"properties":{"type":"charge","layer":"passenger","locationId":"CB12293E-4E95-4557-8CE3-8F11A3626342","name":"TNLP008927 - Braakmankreek 2, Almere","address":"2 Braakmankreek","city":"Almere","operatorName":"TotalEnergies","maxPowerKw":13,"isMegawatt":false,"status":"UNAVAILABLE","source":"ndw"}},{"type":"Feature","geometry":{"type":"Point","coordinates":[5.295849,52.393635]},"properties":{"type":"charge","layer":"passenger","locationId":"E3D36D98-B8CC-47DD-B068-0E8166F6169B","name":"TNLP009812 - Hennahof, 66, Almere","address":"66 Hennahof","city":"Almere","operatorName":"TotalEnergies","maxPowerKw":17,"isMegawatt":false,"status":"AVAILABLE","source":"ndw"}},{"type":"Feature","geometry":{"type":"Point","coordinates":[5.28335,52.40003]},"properties":{"type":"charge","layer":"passenger","locationId":"6d88a38f6c4a2b9d561cd743afecba0b","name":"Novemberstraat 44","address":"Novemberstraat 44","city":"Almere","operatorName":"Vattenfall InCharge","maxPowerKw":11,"isMegawatt":false,"status":"AVAILABLE","source":"ndw","priceKwh":0.2805}},{"type":"Feature","geometry":{"type":"Point","coordinates":[5.272813,52.365848]},"properties":{"type":"charge","layer":"passenger","locationId":"89007424","name":"Laadpaal24 Boca Kaarsen Groep BV","address":"Rondebeltweg 32","city":"Almere","operatorName":"Laadpaal24","maxPowerKw":11,"isMegawatt":false,"status":"AVAILABLE","source":"ndw"}},{"type":"Feature","geometry":{"type":"Point","coordinates":[5.249406,52.38114]},"properties":{"type":"charge","layer":"passenger","locationId":"50344326-3AD3-4054-82A4-988BD896B89E","name":"TNLP007876 - Pieter de Hooghstraat 2, Almere","address":"2 Pieter de Hooghstraat","city":"Almere","operatorName":"TotalEnergies","maxPowerKw":15,"isMegawatt":false,"status":"AVAILABLE","source":"ndw"}},{"type":"Feature","geometry":{"type":"Point","coordinates":[5.174214,52.389116]},"properties":{"type":"charge","layer":"passenger","locationId":"91043732","name":"50five-S NL 07100839","address":"Razeil 22","city":"Almere","operatorName":"50five","maxPowerKw":11,"isMegawatt":false,"status":"AVAILABLE","source":"ndw"}},{"type":"Feature","geometry":{"type":"Point","coordinates":[5.184852,52.35617]},"properties":{"type":"charge","layer":"passenger","locationId":"4B4C952D-C248-42DA-AE47-220D9655348E","name":"TNLP008776 - Prozastraat 10, Almere","address":"10 Prozastraat","city":"Almere","operatorName":"TotalEnergies","maxPowerKw":13,"isMegawatt":false,"status":"AVAILABLE","source":"ndw"}},{"type":"Feature","geometry":{"type":"Point","coordinates":[5.189137,52.36954]},"properties":{"type":"charge","layer":"passenger","locationId":"5AAAA684-8AA3-4FBC-9671-982D7E35B1E1","name":"TNLP007630 - Banjostraat 29, Almere","address":"29 Banjostraat","city":"Almere","operatorName":"TotalEnergies","maxPowerKw":13,"isMegawatt":false,"status":"CHARGING","source":"ndw"}},{"type":"Feature","geometry":{"type":"Point","coordinates":[5.2611219,52.3693607]},"properties":{"type":"charge","layer":"passenger","locationId":"1436","name":"Shell Recharge NL Renoirstraat 2","address":"Renoirstraat 2","city":"Almere","operatorName":"Ubitricity","maxPowerKw":22,"isMegawatt":false,"status":"UNAVAILABLE","source":"ndw"}},{"type":"Feature","geometry":{"type":"Point","coordinates":[5.298929,52.41527]},"properties":{"type":"charge","layer":"passenger","locationId":"7A2F32A1-8DF6-4390-ABC4-67764FC42F89","name":"Laadplein - TNLP015204 - Oostvaardersbosplaats 1, Almere","address":"1 Oostvaardersbosplaats","city":"Almere","operatorName":"TotalEnergies","maxPowerKw":15,"isMegawatt":false,"status":"AVAILABLE","source":"ndw"}},{"type":"Feature","geometry":{"type":"Point","coordinates":[5.259391,52.373338]},"properties":{"type":"charge","layer":"passenger","locationId":"1571","name":"Shell Recharge NL Max Ernststraat 2","address":"Max Ernststraat 2","city":"Almere","operatorName":"Ubitricity","maxPowerKw":11,"isMegawatt":false,"status":"AVAILABLE","source":"ndw","priceKwh":0.392}},{"type":"Feature","geometry":{"type":"Point","coordinates":[5.265885,52.36675]},"properties":{"type":"charge","layer":"passenger","locationId":"B93133C0-A744-4855-A63C-3A94A2FE7B90","name":"TNLP009226 - Constablestraat 35, Almere","address":"35 Constablestraat","city":"Almere","operatorName":"TotalEnergies","maxPowerKw":15,"isMegawatt":false,"status":"AVAILABLE","source":"ndw"}},{"type":"Feature","geometry":{"type":"Point","coordinates":[5.295489,52.39648]},"properties":{"type":"charge","layer":"passenger","locationId":"1241BCAB-3B1F-4B98-AC09-A9E4644351CB","name":"TNLP009265 - Okerstraat 43, Almere","address":"43 Okerstraat","city":"Almere","operatorName":"TotalEnergies","maxPowerKw":13,"isMegawatt":false,"status":"AVAILABLE","source":"ndw"}},{"type":"Feature","geometry":{"type":"Point","coordinates":[5.3138018,52.408382]},"properties":{"type":"charge","layer":"passenger","locationId":"1076","name":"Shell Recharge NL Doerianstraat 18","address":"Doerianstraat 18","city":"Almere","operatorName":"Ubitricity","maxPowerKw":22,"isMegawatt":false,"status":"AVAILABLE","source":"ndw","priceKwh":0.267}},{"type":"Feature","geometry":{"type":"Point","coordinates":[5.200727,52.382449]},"properties":{"type":"charge","layer":"passenger","locationId":"NLLOC001172","name":"NLD, Almere, Wollegrasweg 22","address":"Wollegrasweg 22","city":"Almere","operatorName":"Allego","maxPowerKw":11,"isMegawatt":false,"status":"AVAILABLE","source":"ndw","priceKwh":0.511}},{"type":"Feature","geometry":{"type":"Point","coordinates":[5.2420938,52.3804731]},"properties":{"type":"charge","layer":"passenger","locationId":"2158","name":"Shell Recharge NL Johan Westerveldstraat 17","address":"Johan Westerveldstraat 17","city":"Almere","operatorName":"Ubitricity","maxPowerKw":22,"isMegawatt":false,"status":"AVAILABLE","source":"ndw","priceKwh":0.267}},{"type":"Feature","geometry":{"type":"Point","coordinates":[5.247813,52.37499]},"properties":{"type":"charge","layer":"passenger","locationId":"D7C8BC18-145F-476A-A82B-23372DB9A892","name":"Laadplein - TNLP006289 - Parkwijklaan 88, Almere","address":"88 Parkwijklaan","city":"Almere","operatorName":"TotalEnergies","maxPowerKw":15,"isMegawatt":false,"status":"AVAILABLE","source":"ndw"}},{"type":"Feature","geometry":{"type":"Point","coordinates":[5.267055,52.366983]},"properties":{"type":"charge","layer":"passenger","locationId":"NLLOC001422","name":"NLD, Almere, Rodinweg 137","address":"Rodinweg 137","city":"Almere","operatorName":"Allego","maxPowerKw":11,"isMegawatt":false,"status":"AVAILABLE","source":"ndw","priceKwh":0.511}},{"type":"Feature","geometry":{"type":"Point","coordinates":[5.2689809,52.3719899]},"properties":{"type":"charge","layer":"passenger","locationId":"2427","name":"Shell Recharge NL Grünewaldstraat 46","address":"Grünewaldstraat 46","city":"Almere","operatorName":"Ubitricity","maxPowerKw":22,"isMegawatt":false,"status":"UNAVAILABLE","source":"ndw","priceKwh":0.267}},{"type":"Feature","geometry":{"type":"Point","coordinates":[5.21034,52.37519]},"properties":{"type":"charge","layer":"passenger","locationId":"706","name":"Shell Recharge NL Prinsenpad 1","address":"Prinsenpad 1","city":"Almere","operatorName":"Ubitricity","maxPowerKw":11,"isMegawatt":false,"status":"AVAILABLE","source":"ndw","priceKwh":0.392}},{"type":"Feature","geometry":{"type":"Point","coordinates":[5.285862,52.39749]},"properties":{"type":"charge","layer":"passenger","locationId":"D5DEA7CB-EA68-4E90-AEE9-780B9BC86768","name":"TNLP034675 - Samarindastraat 49, Almere","address":"49 Samarindastraat","city":"Almere","operatorName":"TotalEnergies","maxPowerKw":13,"isMegawatt":false,"status":"UNAVAILABLE","source":"ndw"}},{"type":"Feature","geometry":{"type":"Point","coordinates":[5.307044,52.39792]},"properties":{"type":"charge","layer":"passenger","locationId":"3CB0A179-639F-4D46-9911-D90D9066E841","name":"TNLP034244 - Tahitistraat 24, Almere","address":"24 Tahitistraat","city":"Almere","operatorName":"TotalEnergies","maxPowerKw":13,"isMegawatt":false,"status":"UNAVAILABLE","source":"ndw"}},{"type":"Feature","geometry":{"type":"Point","coordinates":[5.326851,52.399654]},"properties":{"type":"charge","layer":"passenger","locationId":"05FD4220-9269-4B3B-B28F-4F184BA16C3C","name":"TNLP009659 - André Franquinweg 5, Almere","address":"5 André Franquinweg","city":"Almere","operatorName":"TotalEnergies","maxPowerKw":13,"isMegawatt":false,"status":"AVAILABLE","source":"ndw"}},{"type":"Feature","geometry":{"type":"Point","coordinates":[5.218655,52.34287]},"properties":{"type":"charge","layer":"passenger","locationId":"21D1E2C3-3615-40D0-9520-B78C04A96821","name":"TNLP015211 - Groenhof 39, Almere","address":"39 Groenhof","city":"Almere","operatorName":"TotalEnergies","maxPowerKw":13,"isMegawatt":false,"status":"AVAILABLE","source":"ndw"}},{"type":"Feature","geometry":{"type":"Point","coordinates":[5.282326,52.39593]},"properties":{"type":"charge","layer":"passenger","locationId":"AA94C234-DD22-40AF-B38B-53539E7DBE11","name":"TNLP009585 - Bogotastraat 179, Almere","address":"179 Bogotastraat","city":"Almere","operatorName":"TotalEnergies","maxPowerKw":15,"isMegawatt":false,"status":"AVAILABLE","source":"ndw"}},{"type":"Feature","geometry":{"type":"Point","coordinates":[5.226162,52.37351]},"properties":{"type":"charge","layer":"passenger","locationId":"04E5E465-3409-4BF5-9630-D470F16DB2E1","name":"TNLP006818 - Odeonstraat 707, Almere","address":"707 Odeonstraat","city":"Almere","operatorName":"TotalEnergies","maxPowerKw":15,"isMegawatt":false,"status":"AVAILABLE","source":"ndw"}},{"type":"Feature","geometry":{"type":"Point","coordinates":[5.21031,52.38395]},"properties":{"type":"charge","layer":"passenger","locationId":"6A96237B-B98F-4125-AAC6-EEAF969E5C18","name":"PP004298 - Schijfmospad 15, Almere","address":"15 Schijfmospad","city":"Almere","operatorName":"TotalEnergies","maxPowerKw":15,"isMegawatt":false,"status":"AVAILABLE","source":"ndw"}},{"type":"Feature","geometry":{"type":"Point","coordinates":[5.239068,52.364403]},"properties":{"type":"charge","layer":"passenger","locationId":"68026668-2DD3-4E9C-81CE-A36C16024701","name":"PP005513 - John Fernhoutstraat 1, Almere","address":"1 John Fernhoutstraat","city":"Almere","operatorName":"TotalEnergies","maxPowerKw":13,"isMegawatt":false,"status":"AVAILABLE","source":"ndw"}},{"type":"Feature","geometry":{"type":"Point","coordinates":[5.277859,52.38954]},"properties":{"type":"charge","layer":"passenger","locationId":"E0973D58-FE1C-4224-82DD-55BFEBEF47C2","name":"TNLP005990 - Pinksterbloemweg 1, Almere","address":"1 Pinksterbloemweg","city":"Almere","operatorName":"TotalEnergies","maxPowerKw":13,"isMegawatt":false,"status":"AVAILABLE","source":"ndw"}},{"type":"Feature","geometry":{"type":"Point","coordinates":[5.159537,52.354637]},"properties":{"type":"charge","layer":"passenger","locationId":"ECAD42D8-F34F-415E-84CB-43B39978B5E8","name":"TNLP005882 - Arinnastraat 10, Almere","address":"10 Arinnastraat","city":"Almere","operatorName":"TotalEnergies","maxPowerKw":13,"isMegawatt":false,"status":"AVAILABLE","source":"ndw"}},{"type":"Feature","geometry":{"type":"Point","coordinates":[5.327944,52.333666]},"properties":{"type":"charge","layer":"passenger","locationId":"6186506e85ebaf4ee46a2067","name":"Gaudilaan","address":"Gaudílaan, 45","city":"Almere","operatorName":"E-Flux by Road","maxPowerKw":11,"isMegawatt":false,"status":"CHARGING","source":"ndw","priceKwh":0.53}},{"type":"Feature","geometry":{"type":"Point","coordinates":[5.1804929,52.3560347]},"properties":{"type":"charge","layer":"passenger","locationId":"776","name":"Shell Recharge NL Pierre Kempstraat 2","address":"Pierre Kempstraat 2","city":"Almere","operatorName":"Ubitricity","maxPowerKw":22,"isMegawatt":false,"status":"AVAILABLE","source":"ndw","priceKwh":0.267}},{"type":"Feature","geometry":{"type":"Point","coordinates":[5.157914,52.34837]},"properties":{"type":"charge","layer":"passenger","locationId":"4ea22eb99e7e906226cac21ab4ab7335","name":"Cypruskade  16","address":"Cypruskade  16","city":"Almere","operatorName":"Vattenfall InCharge","maxPowerKw":11,"isMegawatt":false,"status":"AVAILABLE","source":"ndw","priceKwh":0.2805}},{"type":"Feature","geometry":{"type":"Point","coordinates":[5.212979,52.33796]},"properties":{"type":"charge","layer":"passenger","locationId":"A57865D5-0FE2-4E0F-86A7-53B903378551","name":"TNLP006612 - Langshof 59, Almere","address":"59 Langshof","city":"Almere","operatorName":"TotalEnergies","maxPowerKw":15,"isMegawatt":false,"status":"UNAVAILABLE","source":"ndw"}},{"type":"Feature","geometry":{"type":"Point","coordinates":[5.221608,52.374577]},"properties":{"type":"charge","layer":"passenger","locationId":"a53103d5f22b04d7ba3f186232ba878f","name":"Metropolestraat 1","address":"Metropolestraat 1","city":"Almere","operatorName":"Vattenfall InCharge","maxPowerKw":11,"isMegawatt":false,"status":"AVAILABLE","source":"ndw","priceKwh":0.2805}},{"type":"Feature","geometry":{"type":"Point","coordinates":[5.245338,52.355753]},"properties":{"type":"charge","layer":"passenger","locationId":"CA3FF76D-C756-4E73-AE18-39CF413A36B2","name":"Eneco - No Roaming NL A-Point Veluwezoom 17-19, Almere","address":"Veluwezoom 17-19","city":"Almere","operatorName":"Eneco","maxPowerKw":22,"isMegawatt":false,"status":"AVAILABLE","source":"ndw","priceKwh":0.32}},{"type":"Feature","geometry":{"type":"Point","coordinates":[5.285922,52.400738]},"properties":{"type":"charge","layer":"passenger","locationId":"91058806","name":"50five-S NL 17B03798","address":"Augustusstraat 37","city":"Almere","operatorName":"50five","maxPowerKw":11,"isMegawatt":false,"status":"CHARGING","source":"ndw"}},{"type":"Feature","geometry":{"type":"Point","coordinates":[5.306674,52.368852]},"properties":{"type":"charge","layer":"passenger","locationId":"683710a80efe78f4e1199d19","name":"Almere/Carl Jungstraat 42, 1349GH","address":"Carl Jungstraat 42","city":"Almere","operatorName":"E-Flux by Road","maxPowerKw":14,"isMegawatt":false,"status":"AVAILABLE","source":"ndw","priceKwh":0.5217}},{"type":"Feature","geometry":{"type":"Point","coordinates":[5.182866,52.351047]},"properties":{"type":"charge","layer":"passenger","locationId":"64119cf926b8130012178bcc","name":"PREMIUM Laadpaal 3","address":"Televisieweg  54","city":"Almere","operatorName":"E-Flux by Road","maxPowerKw":22,"isMegawatt":false,"status":"AVAILABLE","source":"ndw","priceKwh":0.53}},{"type":"Feature","geometry":{"type":"Point","coordinates":[5.321833,52.40662]},"properties":{"type":"charge","layer":"passenger","locationId":"633453db8372b2543c7e975b","name":"Shell Recharge - Van Staveren","address":"De Striptekenaar 83","city":"Almere","operatorName":"E-Flux by Road","maxPowerKw":150,"isMegawatt":false,"status":"AVAILABLE","source":"ndw","priceKwh":0.68}},{"type":"Feature","geometry":{"type":"Point","coordinates":[5.221053,52.38583]},"properties":{"type":"charge","layer":"passenger","locationId":"85595EA6-ACC1-405E-B6B3-79CB1B80377B","name":"TNLP007208 - Sarsvenstraat 24, Almere","address":"24 Sarsvenstraat","city":"Almere","operatorName":"TotalEnergies","maxPowerKw":13,"isMegawatt":false,"status":"AVAILABLE","source":"ndw"}},{"type":"Feature","geometry":{"type":"Point","coordinates":[5.202192,52.34213]},"properties":{"type":"charge","layer":"passenger","locationId":"e29bc51be65e2bdaf2710e1f47700543","name":"Meerveldplein 4","address":"Meerveldplein 4","city":"Almere","operatorName":"Vattenfall InCharge","maxPowerKw":11,"isMegawatt":false,"status":"AVAILABLE","source":"ndw","priceKwh":0.2805}},{"type":"Feature","geometry":{"type":"Point","coordinates":[5.2309531,52.3742437]},"properties":{"type":"charge","layer":"passenger","locationId":"2772","name":"Shell Recharge NL Lou Costellostraat 2","address":"Lou Costellostraat 2","city":"Almere","operatorName":"Ubitricity","maxPowerKw":22,"isMegawatt":false,"status":"AVAILABLE","source":"ndw","priceKwh":0.267}},{"type":"Feature","geometry":{"type":"Point","coordinates":[5.169824,52.395515]},"properties":{"type":"charge","layer":"passenger","locationId":"91052702","name":"50five-S NL 07114376","address":"Brikzeil 18","city":"Almere","operatorName":"50five","maxPowerKw":11,"isMegawatt":false,"status":"AVAILABLE","source":"ndw"}},{"type":"Feature","geometry":{"type":"Point","coordinates":[5.213586,52.367992]},"properties":{"type":"charge","layer":"passenger","locationId":"2D8E0761-C26B-49B4-B3F6-5A1B4E900585","name":"TNLP007561 - Deventerpad 44, Almere","address":"44 Deventerpad","city":"Almere","operatorName":"TotalEnergies","maxPowerKw":15,"isMegawatt":false,"status":"AVAILABLE","source":"ndw"}},{"type":"Feature","geometry":{"type":"Point","coordinates":[5.1826838,52.3712447]},"properties":{"type":"charge","layer":"passenger","locationId":"2464","name":"Shell Recharge NL Piccolostraat 81","address":"Piccolostraat 81","city":"Almere","operatorName":"Ubitricity","maxPowerKw":22,"isMegawatt":false,"status":"AVAILABLE","source":"ndw","priceKwh":0.267}},{"type":"Feature","geometry":{"type":"Point","coordinates":[5.258457,52.37946]},"properties":{"type":"charge","layer":"passenger","locationId":"3534C3B9-0060-41A6-9CE8-13E278C0C011","name":"TNLP006517 - Thérèse Schwartzestraat 40, Almere","address":"40 Thérèse Schwartzestraat","city":"Almere","operatorName":"TotalEnergies","maxPowerKw":13,"isMegawatt":false,"status":"AVAILABLE","source":"ndw"}},{"type":"Feature","geometry":{"type":"Point","coordinates":[5.305501,52.368457]},"properties":{"type":"charge","layer":"passenger","locationId":"6838c8fd7088aea3cb2a4438","name":"Almere / Carl Jungstraat 24, 1349GH","address":"Carl Jungstraat 24","city":"Almere","operatorName":"E-Flux by Road","maxPowerKw":14,"isMegawatt":false,"status":"AVAILABLE","source":"ndw","priceKwh":0.5217}},{"type":"Feature","geometry":{"type":"Point","coordinates":[5.183824,52.347875]},"properties":{"type":"charge","layer":"passenger","locationId":"89937552","name":"Van Leeuwen Transistorstraat 2A","address":"Transistorstraat 2A","city":"Almere","operatorName":"Van Leeuwen","maxPowerKw":22,"isMegawatt":false,"status":"AVAILABLE","source":"ndw"}},{"type":"Feature","geometry":{"type":"Point","coordinates":[5.270246,52.369724]},"properties":{"type":"charge","layer":"passenger","locationId":"5C45F876-90D6-4476-8165-068715111CC5","name":"TNLP009662 - Michelangelostraat 125, Almere","address":"125 Michelangelostraat","city":"Almere","operatorName":"TotalEnergies","maxPowerKw":15,"isMegawatt":false,"status":"UNAVAILABLE","source":"ndw"}},{"type":"Feature","geometry":{"type":"Point","coordinates":[5.227757,52.345362]},"properties":{"type":"charge","layer":"passenger","locationId":"3f669df5b33509ac727e992fb5825721","name":"Hofmark 380","address":"Hofmark 380","city":"Almere","operatorName":"Vattenfall InCharge","maxPowerKw":11,"isMegawatt":false,"status":"AVAILABLE","source":"ndw","priceKwh":0.2805}},{"type":"Feature","geometry":{"type":"Point","coordinates":[5.232795,52.3904]},"properties":{"type":"charge","layer":"passenger","locationId":"8A2DD05D-9BCF-45C7-85D4-F90C57FF8536","name":"TNLP006680 - Zalmplein 19, Almere","address":"19 Zalmplein","city":"Almere","operatorName":"TotalEnergies","maxPowerKw":13,"isMegawatt":false,"status":"AVAILABLE","source":"ndw"}},{"type":"Feature","geometry":{"type":"Point","coordinates":[5.199648,52.34402]},"properties":{"type":"charge","layer":"passenger","locationId":"ED85127D-531F-4284-BB98-E18C6265F45E","name":"TNLP007256 - Esselaar 48, Almere","address":"48 Esselaar","city":"Almere","operatorName":"TotalEnergies","maxPowerKw":13,"isMegawatt":false,"status":"AVAILABLE","source":"ndw"}},{"type":"Feature","geometry":{"type":"Point","coordinates":[5.182607,52.368397]},"properties":{"type":"charge","layer":"passenger","locationId":"F3929754-F56D-4EDF-AB75-E6D8C3B58056","name":"TNLP008839 - Glenn Millerweg 64, Almere","address":"64 Glenn Millerweg","city":"Almere","operatorName":"TotalEnergies","maxPowerKw":14,"isMegawatt":false,"status":"AVAILABLE","source":"ndw"}},{"type":"Feature","geometry":{"type":"Point","coordinates":[5.197531,52.3652]},"properties":{"type":"charge","layer":"passenger","locationId":"7FED3180-EE5F-460B-ACE0-9DE8CD5EE274","name":"TNLP034619 - Haydnplantsoen 23, Almere","address":"23 Haydnplantsoen","city":"Almere","operatorName":"TotalEnergies","maxPowerKw":13,"isMegawatt":false,"status":"UNAVAILABLE","source":"ndw"}},{"type":"Feature","geometry":{"type":"Point","coordinates":[5.245877,52.412255]},"properties":{"type":"charge","layer":"passenger","locationId":"66ab41d3a94012001ca39c3a","name":"NL - Almere - Damsluisweg 70","address":"Damsluisweg 70","city":"Almere","operatorName":"E-Flux by Road","maxPowerKw":22,"isMegawatt":false,"status":"AVAILABLE","source":"ndw","priceKwh":0.24}},{"type":"Feature","geometry":{"type":"Point","coordinates":[5.207198,52.363678]},"properties":{"type":"charge","layer":"passenger","locationId":"3052935E-531C-4409-8BB1-B4AC0AFEE239","name":"TNLP015339 - Apeldoornstraat 7, Almere","address":"7 Apeldoornstraat","city":"Almere","operatorName":"TotalEnergies","maxPowerKw":13,"isMegawatt":false,"status":"AVAILABLE","source":"ndw"}},{"type":"Feature","geometry":{"type":"Point","coordinates":[5.306668,52.411537]},"properties":{"type":"charge","layer":"passenger","locationId":"829252EB-F3A1-42B2-999C-1E93B0708E9F","name":"TNLP007107 - Sieradenweg 55, Almere","address":"55 Sieradenweg","city":"Almere","operatorName":"TotalEnergies","maxPowerKw":13,"isMegawatt":false,"status":"AVAILABLE","source":"ndw"}},{"type":"Feature","geometry":{"type":"Point","coordinates":[5.15646,52.34854]},"properties":{"type":"charge","layer":"passenger","locationId":"5737CACC-B855-4A99-B123-E509A0832CE0","name":"TNLP034638 - Moldaviëstraat 148, Almere","address":"148 Moldaviëstraat","city":"Almere","operatorName":"TotalEnergies","maxPowerKw":13,"isMegawatt":false,"status":"AVAILABLE","source":"ndw"}},{"type":"Feature","geometry":{"type":"Point","coordinates":[5.19017,52.337472]},"properties":{"type":"charge","layer":"passenger","locationId":"91058788","name":"50five-S NL 07112546","address":"Magneetveld 56","city":"Almere","operatorName":"50five","maxPowerKw":11,"isMegawatt":false,"status":"UNAVAILABLE","source":"ndw"}},{"type":"Feature","geometry":{"type":"Point","coordinates":[5.21843,52.33265]},"properties":{"type":"charge","layer":"passenger","locationId":"7028518E-20D0-4C45-B6C7-EF1C9ED36B95","name":"TNLP008285 - Havenhoofd 104, Almere","address":"104 Havenhoofd","city":"Almere","operatorName":"TotalEnergies","maxPowerKw":13,"isMegawatt":false,"status":"AVAILABLE","source":"ndw"}},{"type":"Feature","geometry":{"type":"Point","coordinates":[5.15053,52.34481]},"properties":{"type":"charge","layer":"passenger","locationId":"0d75d3ca41c9acfc61801f853c6fa77f","name":"Frankrijkkade 134","address":"Frankrijkkade 134","city":"Almere","operatorName":"Vattenfall InCharge","maxPowerKw":11,"isMegawatt":false,"status":"AVAILABLE","source":"ndw","priceKwh":0.2805}},{"type":"Feature","geometry":{"type":"Point","coordinates":[5.202144,52.3825325]},"properties":{"type":"charge","layer":"passenger","locationId":"2018","name":"Shell Recharge NL Dwerggrashof 22","address":"Dwerggrashof 22","city":"Almere","operatorName":"Ubitricity","maxPowerKw":22,"isMegawatt":false,"status":"AVAILABLE","source":"ndw","priceKwh":0.267}},{"type":"Feature","geometry":{"type":"Point","coordinates":[5.326381,52.400338]},"properties":{"type":"charge","layer":"passenger","locationId":"447","name":"Shell Recharge NL Asterixstraat 48","address":"Asterixstraat 48","city":"Almere","operatorName":"Ubitricity","maxPowerKw":11,"isMegawatt":false,"status":"AVAILABLE","source":"ndw","priceKwh":0.392}},{"type":"Feature","geometry":{"type":"Point","coordinates":[5.229956,52.378059]},"properties":{"type":"charge","layer":"passenger","locationId":"649022a9ab871f001c1ee0a9","name":"Laadpalen Vastgoedmaatschap Randstad","address":"Randstad 161","city":"Almere","operatorName":"E-Flux by Road","maxPowerKw":22,"isMegawatt":false,"status":"AVAILABLE","source":"ndw","priceKwh":0.48}},{"type":"Feature","geometry":{"type":"Point","coordinates":[5.229937,52.378063]},"properties":{"type":"charge","layer":"passenger","locationId":"64902226ab871f001c1ebf6c","name":"Laadpalen Vastgoedmaatschap Randstad","address":"Randstad  161","city":"Almere","operatorName":"E-Flux by Road","maxPowerKw":22,"isMegawatt":false,"status":"AVAILABLE","source":"ndw","priceKwh":0.48}},{"type":"Feature","geometry":{"type":"Point","coordinates":[5.1496109,52.3528162]},"properties":{"type":"charge","layer":"passenger","locationId":"2009","name":"Shell Recharge NL Balderstraat 20","address":"Balderstraat 20","city":"Almere","operatorName":"Ubitricity","maxPowerKw":22,"isMegawatt":false,"status":"AVAILABLE","source":"ndw","priceKwh":0.267}},{"type":"Feature","geometry":{"type":"Point","coordinates":[5.305539,52.368492]},"properties":{"type":"charge","layer":"passenger","locationId":"6838c752a99ee40e824f60a6","name":"Almere/Carl Jungstraat 22, 1349GH","address":"Carl Jungstraat 22","city":"Almere","operatorName":"E-Flux by Road","maxPowerKw":14,"isMegawatt":false,"status":"AVAILABLE","source":"ndw","priceKwh":0.5217}},{"type":"Feature","geometry":{"type":"Point","coordinates":[5.198047,52.354957]},"properties":{"type":"charge","layer":"passenger","locationId":"68cbce48328d9c0481c8def3","name":"Pluryn Almere Omroeper","address":"Radioweg 37","city":"Almere","operatorName":"Pluq","maxPowerKw":22,"isMegawatt":false,"status":"AVAILABLE","source":"ndw","priceKwh":0.4}},{"type":"Feature","geometry":{"type":"Point","coordinates":[5.192016,52.339286]},"properties":{"type":"charge","layer":"passenger","locationId":"923340","name":"DAE-NL-2001149","address":"Toernooiveld 24","city":"Almere","operatorName":"DAEN Mobility","maxPowerKw":11,"isMegawatt":false,"status":"AVAILABLE","source":"ndw","priceKwh":0.28}},{"type":"Feature","geometry":{"type":"Point","coordinates":[5.297409,52.405866]},"properties":{"type":"charge","layer":"passenger","locationId":"923487","name":"DAE_NL_2001210","address":"Cornelis Matelieffstraat 36","city":"Almere","operatorName":"DAEN Mobility","maxPowerKw":4,"isMegawatt":false,"status":"AVAILABLE","source":"ndw","priceKwh":0.36}},{"type":"Feature","geometry":{"type":"Point","coordinates":[5.31462,52.39579]},"properties":{"type":"charge","layer":"passenger","locationId":"480f532c22496fb20322d537de72ca53","name":"Isla Margaritastraat 16","address":"Isla Margaritastraat 16","city":"Almere","operatorName":"Vattenfall InCharge","maxPowerKw":11,"isMegawatt":false,"status":"AVAILABLE","source":"ndw","priceKwh":0.2805}},{"type":"Feature","geometry":{"type":"Point","coordinates":[5.210056,52.363341]},"properties":{"type":"charge","layer":"passenger","locationId":"399","name":"Shell Recharge NL Hengelostraat 5","address":"Hengelostraat 5","city":"Almere","operatorName":"Ubitricity","maxPowerKw":11,"isMegawatt":false,"status":"UNAVAILABLE","source":"ndw","priceKwh":0.392}},{"type":"Feature","geometry":{"type":"Point","coordinates":[5.235538,52.369904]},"properties":{"type":"charge","layer":"passenger","locationId":"F4594458-BCE6-41DF-A579-7F34F53EC2D7","name":"TNLP009293 - James Deanhof 15, Almere","address":"15 James Deanhof","city":"Almere","operatorName":"TotalEnergies","maxPowerKw":13,"isMegawatt":false,"status":"AVAILABLE","source":"ndw"}},{"type":"Feature","geometry":{"type":"Point","coordinates":[5.299691,52.394615]},"properties":{"type":"charge","layer":"passenger","locationId":"45B2C0EB-62CC-49DF-9C84-60035241AD7D","name":"TNLP009703 - Jadeplantsoen 21, Almere","address":"21 Jadeplantsoen","city":"Almere","operatorName":"TotalEnergies","maxPowerKw":17,"isMegawatt":false,"status":"UNAVAILABLE","source":"ndw"}},{"type":"Feature","geometry":{"type":"Point","coordinates":[5.302114,52.404958]},"properties":{"type":"charge","layer":"passenger","locationId":"48546f44557787efaf9b478b5cd72308","name":"Laan der V.O.C. 368","address":"Laan der V.O.C. 368","city":"Almere","operatorName":"Vattenfall InCharge","maxPowerKw":11,"isMegawatt":false,"status":"AVAILABLE","source":"ndw","priceKwh":0.2805}},{"type":"Feature","geometry":{"type":"Point","coordinates":[5.22579,52.342385]},"properties":{"type":"charge","layer":"passenger","locationId":"3eb7c2565a1d3a54cbdc812d90e6f027","name":"Ambachtsmark 7","address":"Ambachtsmark 7","city":"Almere","operatorName":"Vattenfall InCharge","maxPowerKw":11,"isMegawatt":false,"status":"AVAILABLE","source":"ndw","priceKwh":0.2805}},{"type":"Feature","geometry":{"type":"Point","coordinates":[5.263595,52.401306]},"properties":{"type":"charge","layer":"passenger","locationId":"57D4D08A-5B7A-428B-ADA3-4C8A8231B836","name":"TNLP007620 - Splijtbakweg 18, Almere","address":"18 Splijtbakweg","city":"Almere","operatorName":"TotalEnergies","maxPowerKw":15,"isMegawatt":false,"status":"UNAVAILABLE","source":"ndw"}},{"type":"Feature","geometry":{"type":"Point","coordinates":[5.273159,52.399372]},"properties":{"type":"charge","layer":"passenger","locationId":"D2A176BD-89F9-4B76-88E3-986F700926F5","name":"TNLP006996 - Strijkmolenstraat 71, Almere","address":"71 Strijkmolenstraat","city":"Almere","operatorName":"TotalEnergies","maxPowerKw":15,"isMegawatt":false,"status":"CHARGING","source":"ndw"}},{"type":"Feature","geometry":{"type":"Point","coordinates":[5.213448,52.36643]},"properties":{"type":"charge","layer":"passenger","locationId":"D7196F5B-C97C-445A-B6E6-298F8E5D79A4","name":"TNLP009378 - Hengelostraat 64 A, Almere","address":"64 A Hengelostraat","city":"Almere","operatorName":"TotalEnergies","maxPowerKw":13,"isMegawatt":false,"status":"AVAILABLE","source":"ndw"}},{"type":"Feature","geometry":{"type":"Point","coordinates":[5.226825,52.389503]},"properties":{"type":"charge","layer":"passenger","locationId":"21108F29-E388-4D93-AA73-9E41C1EA057D","name":"TNLP009280 - Morrastraat 1, Almere","address":"1 Morrastraat","city":"Almere","operatorName":"TotalEnergies","maxPowerKw":13,"isMegawatt":false,"status":"UNAVAILABLE","source":"ndw"}},{"type":"Feature","geometry":{"type":"Point","coordinates":[5.158737,52.343224]},"properties":{"type":"charge","layer":"passenger","locationId":"f90cdc00f09f5e442eae08a02cb30c41","name":"Griekenlandkade 2","address":"Griekenlandkade 2","city":"Almere","operatorName":"Vattenfall InCharge","maxPowerKw":11,"isMegawatt":false,"status":"AVAILABLE","source":"ndw","priceKwh":0.2805}},{"type":"Feature","geometry":{"type":"Point","coordinates":[5.262699,52.401304]},"properties":{"type":"charge","layer":"passenger","locationId":"6687d1531c8868001c1871bc","name":"Loogman Almere","address":"splijtbakweg  5","city":"Almere","operatorName":"E-Flux by Road","maxPowerKw":22,"isMegawatt":false,"status":"AVAILABLE","source":"ndw","priceKwh":0.58}},{"type":"Feature","geometry":{"type":"Point","coordinates":[5.17611,52.35107]},"properties":{"type":"charge","layer":"passenger","locationId":"95BE0008-712D-4196-AEC5-E23F76F5FED1","name":"Eneco eMobility Sharp Business Point Flevoland","address":"Katernstraat 21","city":"Almere","operatorName":"Eneco","maxPowerKw":22,"isMegawatt":false,"status":"AVAILABLE","source":"ndw","priceKwh":0.32}},{"type":"Feature","geometry":{"type":"Point","coordinates":[5.179699,52.370361]},"properties":{"type":"charge","layer":"passenger","locationId":"NLLOC000853","name":"NLD, Almere, Wim Kanplein 1","address":"Wim Kanplein 1","city":"Almere","operatorName":"Allego","maxPowerKw":11,"isMegawatt":false,"status":"AVAILABLE","source":"ndw","priceKwh":0.511}},{"type":"Feature","geometry":{"type":"Point","coordinates":[5.149531,52.344925]},"properties":{"type":"charge","layer":"passenger","locationId":"7991E14F-6ED2-42AD-BB6B-0A7D1F711F91","name":"Laadplein - TNLP006649 - Frankrijkkade 198, Almere","address":"198 Frankrijkkade","city":"Almere","operatorName":"TotalEnergies","maxPowerKw":15,"isMegawatt":false,"status":"AVAILABLE","source":"ndw"}},{"type":"Feature","geometry":{"type":"Point","coordinates":[5.3057567,52.3954796]},"properties":{"type":"charge","layer":"passenger","locationId":"1123","name":"Shell Recharge NL Nieuw-Caledoniëstraat 2","address":"Nieuw-Caledoniëstraat 2","city":"Almere","operatorName":"Ubitricity","maxPowerKw":22,"isMegawatt":false,"status":"AVAILABLE","source":"ndw","priceKwh":0.267}},{"type":"Feature","geometry":{"type":"Point","coordinates":[5.21739,52.33488]},"properties":{"type":"charge","layer":"passenger","locationId":"7256d788215f2326dbe66defa3e09408","name":"Meerstraat 36","address":"Meerstraat 36","city":"Almere","operatorName":"Vattenfall InCharge","maxPowerKw":11,"isMegawatt":false,"status":"AVAILABLE","source":"ndw","priceKwh":0.2805}},{"type":"Feature","geometry":{"type":"Point","coordinates":[5.243863,52.3609]},"properties":{"type":"charge","layer":"passenger","locationId":"F045EDD3-F9F7-43C9-A0A1-CCF5851C4BA0","name":"TNLP006288 - David Leanstraat 1, Almere","address":"1 David Leanstraat","city":"Almere","operatorName":"TotalEnergies","maxPowerKw":13,"isMegawatt":false,"status":"UNAVAILABLE","source":"ndw"}},{"type":"Feature","geometry":{"type":"Point","coordinates":[5.18294,52.36297]},"properties":{"type":"charge","layer":"passenger","locationId":"91107937","name":"50five-S NL 08100828","address":"De Binderij 2","city":"Almere","operatorName":"50five","maxPowerKw":11,"isMegawatt":false,"status":"AVAILABLE","source":"ndw"}},{"type":"Feature","geometry":{"type":"Point","coordinates":[5.272157,52.39515]},"properties":{"type":"charge","layer":"passenger","locationId":"65a247b1-850f-4042-9389-8023eda55c96","name":"EV Hub - Washingtonstraat 264, Almere","address":"264 Washingtonstraat","city":"Almere","operatorName":"TotalEnergies","maxPowerKw":50,"isMegawatt":false,"status":"UNAVAILABLE","source":"ndw"}},{"type":"Feature","geometry":{"type":"Point","coordinates":[5.27359,52.400675]},"properties":{"type":"charge","layer":"passenger","locationId":"7eb17fe85cf6c8114273413d6113b880","name":"Staakmolenstraat 3","address":"Staakmolenstraat 3","city":"Almere","operatorName":"Vattenfall InCharge","maxPowerKw":11,"isMegawatt":false,"status":"AVAILABLE","source":"ndw","priceKwh":0.2805}},{"type":"Feature","geometry":{"type":"Point","coordinates":[5.204692,52.367645]},"properties":{"type":"charge","layer":"passenger","locationId":"775D1164-642A-4297-96BF-337189CE89CF","name":"TNLP006655 - Amstelveenstraat 37, Almere","address":"37 Amstelveenstraat","city":"Almere","operatorName":"TotalEnergies","maxPowerKw":13,"isMegawatt":false,"status":"CHARGING","source":"ndw"}},{"type":"Feature","geometry":{"type":"Point","coordinates":[5.213795,52.370345]},"properties":{"type":"charge","layer":"passenger","locationId":"83af4df36a09d1468c62a6bab74be003","name":"Klokkeluiderstraat 17","address":"Klokkeluiderstraat 17","city":"Almere","operatorName":"Vattenfall InCharge","maxPowerKw":11,"isMegawatt":false,"status":"AVAILABLE","source":"ndw","priceKwh":0.2805}},{"type":"Feature","geometry":{"type":"Point","coordinates":[5.2009577,52.358626]},"properties":{"type":"charge","layer":"passenger","locationId":"2682","name":"Shell Recharge NL Bredaweg 1","address":"Bredaweg 1","city":"Almere","operatorName":"Ubitricity","maxPowerKw":22,"isMegawatt":false,"status":"AVAILABLE","source":"ndw","priceKwh":0.267}},{"type":"Feature","geometry":{"type":"Point","coordinates":[5.279932,52.354893]},"properties":{"type":"charge","layer":"passenger","locationId":"91053078","name":"50five-S NL 07102510","address":"William Braggstraat 10","city":"Almere","operatorName":"50five","maxPowerKw":14,"isMegawatt":false,"status":"UNAVAILABLE","source":"ndw"}},{"type":"Feature","geometry":{"type":"Point","coordinates":[5.2454876,52.3807583]},"properties":{"type":"charge","layer":"passenger","locationId":"2460","name":"Shell Recharge NL Generaal Overakkerstraat 17","address":"Generaal Overakkerstraat 17","city":"Almere","operatorName":"Ubitricity","maxPowerKw":22,"isMegawatt":false,"status":"AVAILABLE","source":"ndw","priceKwh":0.267}},{"type":"Feature","geometry":{"type":"Point","coordinates":[5.250278,52.385193]},"properties":{"type":"charge","layer":"passenger","locationId":"91088086","name":"50five-S NL 07101534","address":"Pieter Brueghelstraat 98","city":"Almere","operatorName":"50five","maxPowerKw":11,"isMegawatt":false,"status":"AVAILABLE","source":"ndw"}},{"type":"Feature","geometry":{"type":"Point","coordinates":[5.282621,52.386903]},"properties":{"type":"charge","layer":"passenger","locationId":"a4ce69fe-aae4-40c8-8211-80e10e608506","name":"Lupinestraat","address":"Lupinestraat 23","city":"Almere","operatorName":"Vattenfall InCharge","maxPowerKw":11,"isMegawatt":false,"status":"AVAILABLE","source":"ndw","priceKwh":0.4316}},{"type":"Feature","geometry":{"type":"Point","coordinates":[5.24267,52.36549]},"properties":{"type":"charge","layer":"passenger","locationId":"672","name":"Shell Recharge NL Simon van Collemstraat 92","address":"Simon van Collemstraat 92","city":"Almere","operatorName":"Ubitricity","maxPowerKw":11,"isMegawatt":false,"status":"AVAILABLE","source":"ndw","priceKwh":0.392}},{"type":"Feature","geometry":{"type":"Point","coordinates":[5.217043,52.375684]},"properties":{"type":"charge","layer":"passenger","locationId":"6a578301395d1aa4848757f8","name":"Benkey - WTC Almere","address":"P.J. Oudweg 4","city":"Almere","operatorName":"Pluq","maxPowerKw":22,"isMegawatt":false,"status":"AVAILABLE","source":"ndw","priceKwh":0.45}},{"type":"Feature","geometry":{"type":"Point","coordinates":[5.2961324,52.3953688]},"properties":{"type":"charge","layer":"passenger","locationId":"2003","name":"Shell Recharge NL Amarantstraat 15","address":"Amarantstraat 15","city":"Almere","operatorName":"Ubitricity","maxPowerKw":22,"isMegawatt":false,"status":"AVAILABLE","source":"ndw","priceKwh":0.267}},{"type":"Feature","geometry":{"type":"Point","coordinates":[5.178162,52.39204]},"properties":{"type":"charge","layer":"passenger","locationId":"3EBEFB4B-45E0-4DCB-B099-0C614166C4DF","name":"TNLP007079 - Boelijn 84, Almere","address":"84 Boelijn","city":"Almere","operatorName":"TotalEnergies","maxPowerKw":13,"isMegawatt":false,"status":"AVAILABLE","source":"ndw"}},{"type":"Feature","geometry":{"type":"Point","coordinates":[5.155753,52.358807]},"properties":{"type":"charge","layer":"passenger","locationId":"24F3FEE6-F64D-4074-AB32-4917FA2BF07C","name":"PP005523 - Aurorastraat 9, Almere","address":"9 Aurorastraat","city":"Almere","operatorName":"TotalEnergies","maxPowerKw":13,"isMegawatt":false,"status":"UNAVAILABLE","source":"ndw"}},{"type":"Feature","geometry":{"type":"Point","coordinates":[5.168245,52.354641]},"properties":{"type":"charge","layer":"passenger","locationId":"636a646205c7092a31d3b4b7","name":"Luxonos - Licht Geluid Huren","address":"Neonweg 145","city":"Almere","operatorName":"E-Flux by Road","maxPowerKw":22,"isMegawatt":false,"status":"AVAILABLE","source":"ndw","priceKwh":0.51}},{"type":"Feature","geometry":{"type":"Point","coordinates":[5.138852,52.35334]},"properties":{"type":"charge","layer":"passenger","locationId":"302887F5-D20F-44ED-B436-E6DE4394F0BB","name":"TNLP009274 - Olivier van Noortstraat 24, Almere","address":"24 Olivier van Noortstraat","city":"Almere","operatorName":"TotalEnergies","maxPowerKw":13,"isMegawatt":false,"status":"AVAILABLE","source":"ndw"}},{"type":"Feature","geometry":{"type":"Point","coordinates":[5.246559,52.387104]},"properties":{"type":"charge","layer":"passenger","locationId":"6A5A3ACB-31A5-4D93-8AE4-EFBE64657898","name":"TNLP006743 - Discuslaan 16, Almere","address":"16 Discuslaan","city":"Almere","operatorName":"TotalEnergies","maxPowerKw":15,"isMegawatt":false,"status":"UNAVAILABLE","source":"ndw"}},{"type":"Feature","geometry":{"type":"Point","coordinates":[5.220652,52.339622]},"properties":{"type":"charge","layer":"passenger","locationId":"702E37D0-3361-44FE-9950-692EC933F332","name":"TNLP015445 - Parkwerf 64, Almere","address":"64 Parkwerf","city":"Almere","operatorName":"TotalEnergies","maxPowerKw":13,"isMegawatt":false,"status":"AVAILABLE","source":"ndw"}},{"type":"Feature","geometry":{"type":"Point","coordinates":[5.303625,52.399273]},"properties":{"type":"charge","layer":"passenger","locationId":"4138B67E-F7A4-4386-AF8E-820E0D8A8189","name":"TNLP008040 - Azorenweg 79, Almere","address":"79 Azorenweg","city":"Almere","operatorName":"TotalEnergies","maxPowerKw":13,"isMegawatt":false,"status":"AVAILABLE","source":"ndw"}},{"type":"Feature","geometry":{"type":"Point","coordinates":[5.246781,52.37563]},"properties":{"type":"charge","layer":"passenger","locationId":"723B7EAF-4214-47FC-8149-FE8BBF883054","name":"PP005642 - Gleditsiastraat 62, Almere","address":"62 Gleditsiastraat","city":"Almere","operatorName":"TotalEnergies","maxPowerKw":13,"isMegawatt":false,"status":"AVAILABLE","source":"ndw"}},{"type":"Feature","geometry":{"type":"Point","coordinates":[5.179685,52.393551]},"properties":{"type":"charge","layer":"passenger","locationId":"b0703c2f21780ab53c2c345d0a4096dc","name":"Ploeganker 71","address":"Ploeganker 71","city":"Almere","operatorName":"Vattenfall InCharge","maxPowerKw":11,"isMegawatt":false,"status":"AVAILABLE","source":"ndw","priceKwh":0.2805}},{"type":"Feature","geometry":{"type":"Point","coordinates":[5.27219,52.3917]},"properties":{"type":"charge","layer":"passenger","locationId":"10add56e36e5c1a269b43b6d4b00bb15","name":"Middachtenlaan 2/F","address":"Middachtenlaan 2/F","city":"Almere","operatorName":"Vattenfall InCharge","maxPowerKw":11,"isMegawatt":false,"status":"AVAILABLE","source":"ndw","priceKwh":0.2805}},{"type":"Feature","geometry":{"type":"Point","coordinates":[5.1818226,52.3692547]},"properties":{"type":"charge","layer":"passenger","locationId":"1742","name":"Shell Recharge NL Count Basiestraat 60","address":"Count Basiestraat 60","city":"Almere","operatorName":"Ubitricity","maxPowerKw":22,"isMegawatt":false,"status":"AVAILABLE","source":"ndw","priceKwh":0.267}},{"type":"Feature","geometry":{"type":"Point","coordinates":[5.2875745,52.3582954]},"properties":{"type":"charge","layer":"passenger","locationId":"2168","name":"Shell Recharge NL C.V. Ramanstraat 7","address":"C.V. Ramanstraat 7","city":"Almere","operatorName":"Ubitricity","maxPowerKw":22,"isMegawatt":false,"status":"AVAILABLE","source":"ndw","priceKwh":0.267}},{"type":"Feature","geometry":{"type":"Point","coordinates":[5.282919,52.356148]},"properties":{"type":"charge","layer":"passenger","locationId":"91150093","name":"50five-S NL 07107572","address":"Owen Richardsonstraat 17","city":"Almere","operatorName":"50five","maxPowerKw":11,"isMegawatt":false,"status":"CHARGING","source":"ndw"}},{"type":"Feature","geometry":{"type":"Point","coordinates":[5.158595,52.3536539]},"properties":{"type":"charge","layer":"passenger","locationId":"2786","name":"Shell Recharge NL Mazustraat 2","address":"Mazustraat 2","city":"Almere","operatorName":"Ubitricity","maxPowerKw":22,"isMegawatt":false,"status":"AVAILABLE","source":"ndw","priceKwh":0.267}},{"type":"Feature","geometry":{"type":"Point","coordinates":[5.18404,52.35709]},"properties":{"type":"charge","layer":"passenger","locationId":"5270c077d667b1088b281a1c44580302","name":"Prozastraat 54","address":"Prozastraat 54","city":"Almere","operatorName":"Vattenfall InCharge","maxPowerKw":11,"isMegawatt":false,"status":"AVAILABLE","source":"ndw","priceKwh":0.2805}},{"type":"Feature","geometry":{"type":"Point","coordinates":[5.27557,52.39355]},"properties":{"type":"charge","layer":"passenger","locationId":"56623EE5-F406-49D6-AA2B-7DE6BAB810D5","name":"TNLP006632 - Westeinde 10, Almere","address":"10 Westeinde","city":"Almere","operatorName":"TotalEnergies","maxPowerKw":15,"isMegawatt":false,"status":"AVAILABLE","source":"ndw"}},{"type":"Feature","geometry":{"type":"Point","coordinates":[5.303568,52.399315]},"properties":{"type":"charge","layer":"passenger","locationId":"a38002d1fcfb0fcb08581e9207c4c81b","name":"Azorenweg 79","address":"Azorenweg 79","city":"Almere","operatorName":"Vattenfall InCharge","maxPowerKw":11,"isMegawatt":false,"status":"AVAILABLE","source":"ndw","priceKwh":0.2805}},{"type":"Feature","geometry":{"type":"Point","coordinates":[5.150534,52.351887]},"properties":{"type":"charge","layer":"passenger","locationId":"0213C01B-AA59-4228-9535-E6ACE538EE94","name":"TNLP009550 - Eddastraat 53, Almere","address":"53 Eddastraat","city":"Almere","operatorName":"TotalEnergies","maxPowerKw":13,"isMegawatt":false,"status":"CHARGING","source":"ndw"}},{"type":"Feature","geometry":{"type":"Point","coordinates":[5.196746,52.38024]},"properties":{"type":"charge","layer":"passenger","locationId":"EC2F4C57-03AB-4F04-9CA1-A9823529B880","name":"TNLP006977 - Papaverstraat 39, Almere","address":"39 Papaverstraat","city":"Almere","operatorName":"TotalEnergies","maxPowerKw":13,"isMegawatt":false,"status":"AVAILABLE","source":"ndw"}},{"type":"Feature","geometry":{"type":"Point","coordinates":[5.137625,52.34335]},"properties":{"type":"charge","layer":"passenger","locationId":"1503F6F0-B331-4EB7-B3CA-50F918745708","name":"TNLP015346 - Sterduinstraat 16, Almere","address":"16 Sterduinstraat","city":"Almere","operatorName":"TotalEnergies","maxPowerKw":13,"isMegawatt":false,"status":"AVAILABLE","source":"ndw"}},{"type":"Feature","geometry":{"type":"Point","coordinates":[5.1772924,52.3609981]},"properties":{"type":"charge","layer":"passenger","locationId":"1140","name":"Shell Recharge NL Vondelstraat 1","address":"Vondelstraat 1","city":"Almere","operatorName":"Ubitricity","maxPowerKw":22,"isMegawatt":false,"status":"AVAILABLE","source":"ndw","priceKwh":0.267}},{"type":"Feature","geometry":{"type":"Point","coordinates":[5.289202,52.40416]},"properties":{"type":"charge","layer":"passenger","locationId":"2E6C738B-D23B-4BD3-AF7A-BCC3AD2D7B9E","name":"TNLP034223 - Jarenweg 13, Almere","address":"13 Jarenweg","city":"Almere","operatorName":"TotalEnergies","maxPowerKw":13,"isMegawatt":false,"status":"UNAVAILABLE","source":"ndw"}},{"type":"Feature","geometry":{"type":"Point","coordinates":[5.233977,52.390797]},"properties":{"type":"charge","layer":"passenger","locationId":"D0C591CE-9B02-4C97-B4EE-BD5762E89717","name":"TNLP034119 - Forelstraat 13, Almere","address":"13 Forelstraat","city":"Almere","operatorName":"TotalEnergies","maxPowerKw":13,"isMegawatt":false,"status":"UNAVAILABLE","source":"ndw"}},{"type":"Feature","geometry":{"type":"Point","coordinates":[5.211696,52.338586]},"properties":{"type":"charge","layer":"passenger","locationId":"470","name":"Shell Recharge NL Langshof 31","address":"Langshof 31","city":"Almere","operatorName":"Ubitricity","maxPowerKw":11,"isMegawatt":false,"status":"AVAILABLE","source":"ndw","priceKwh":0.392}},{"type":"Feature","geometry":{"type":"Point","coordinates":[5.182866,52.351047]},"properties":{"type":"charge","layer":"passenger","locationId":"64119e4619d38e0011643ddb","name":"PREMIUM Laadpaal 4","address":"Televisieweg  54","city":"Almere","operatorName":"E-Flux by Road","maxPowerKw":22,"isMegawatt":false,"status":"AVAILABLE","source":"ndw","priceKwh":0.53}},{"type":"Feature","geometry":{"type":"Point","coordinates":[5.299162,52.399788]},"properties":{"type":"charge","layer":"passenger","locationId":"3EEB362B-E236-45A1-A36D-22156727B3F4","name":"TNLP009616 - Mallorcastraat 103, Almere","address":"103 Mallorcastraat","city":"Almere","operatorName":"TotalEnergies","maxPowerKw":13,"isMegawatt":false,"status":"AVAILABLE","source":"ndw"}},{"type":"Feature","geometry":{"type":"Point","coordinates":[5.185331,52.367016]},"properties":{"type":"charge","layer":"passenger","locationId":"9E48037A-459B-4591-AA01-F44AEAD7451B","name":"TNLP034673 - Duke Ellingtonstraat 12, Almere","address":"12 Duke Ellingtonstraat","city":"Almere","operatorName":"TotalEnergies","maxPowerKw":13,"isMegawatt":false,"status":"UNAVAILABLE","source":"ndw"}},{"type":"Feature","geometry":{"type":"Point","coordinates":[5.22861,52.38539]},"properties":{"type":"charge","layer":"passenger","locationId":"5C319069-F8F8-4089-BA3D-63C5FBF25260","name":"TNLP009501 - Lekstraat 61, Almere","address":"61 Lekstraat","city":"Almere","operatorName":"TotalEnergies","maxPowerKw":15,"isMegawatt":false,"status":"AVAILABLE","source":"ndw"}},{"type":"Feature","geometry":{"type":"Point","coordinates":[5.268076,52.398455]},"properties":{"type":"charge","layer":"passenger","locationId":"68d544626b48409ab6cde860","name":"Testlocation","address":"Joan","city":"Amsterdam","operatorName":"Trial - Eranovum - 250919","maxPowerKw":22,"isMegawatt":false,"status":"UNAVAILABLE","source":"ndw"}},{"type":"Feature","geometry":{"type":"Point","coordinates":[5.252017,52.402541]},"properties":{"type":"charge","layer":"passenger","locationId":"4227412","name":"Laadnet Thermopatch BV","address":"Draaibrugweg 14","city":"Almere","operatorName":"Laadnet","maxPowerKw":22,"isMegawatt":false,"status":"AVAILABLE","source":"ndw"}},{"type":"Feature","geometry":{"type":"Point","coordinates":[5.2183359,52.3786656]},"properties":{"type":"charge","layer":"passenger","locationId":"1716","name":"Shell Recharge NL Allendestraat 2","address":"Allendestraat 2","city":"Almere","operatorName":"Ubitricity","maxPowerKw":22,"isMegawatt":false,"status":"AVAILABLE","source":"ndw","priceKwh":0.267}},{"type":"Feature","geometry":{"type":"Point","coordinates":[5.275025,52.370038]},"properties":{"type":"charge","layer":"passenger","locationId":"65032b7a13a709001cf39688","name":"Wattman Europe BV","address":"Koningsbeltweg 74G","city":"Almere","operatorName":"E-Flux by Road","maxPowerKw":22,"isMegawatt":false,"status":"AVAILABLE","source":"ndw","priceKwh":0.38}},{"type":"Feature","geometry":{"type":"Point","coordinates":[5.254994,52.379986]},"properties":{"type":"charge","layer":"passenger","locationId":"0369497E-AF45-4B1C-AB83-9877B7AE9FBD","name":"TNLP008043 - Suze Robertsonstraat 30, Almere","address":"30 Suze Robertsonstraat","city":"Almere","operatorName":"TotalEnergies","maxPowerKw":15,"isMegawatt":false,"status":"AVAILABLE","source":"ndw"}},{"type":"Feature","geometry":{"type":"Point","coordinates":[5.211177,52.340663]},"properties":{"type":"charge","layer":"passenger","locationId":"696e1751481501d5a522a6c8","name":"Complex Uithof-2","address":"Uithof  101","city":"Almere","operatorName":"E-Flux by Road","maxPowerKw":22,"isMegawatt":false,"status":"AVAILABLE","source":"ndw","priceKwh":0.53}},{"type":"Feature","geometry":{"type":"Point","coordinates":[5.2210403,52.3846464]},"properties":{"type":"charge","layer":"passenger","locationId":"770","name":"Shell Recharge NL Waalstraat 48","address":"Waalstraat 48","city":"Almere","operatorName":"Ubitricity","maxPowerKw":22,"isMegawatt":false,"status":"AVAILABLE","source":"ndw","priceKwh":0.267}},{"type":"Feature","geometry":{"type":"Point","coordinates":[5.22462,52.33548]},"properties":{"type":"charge","layer":"passenger","locationId":"16A1DA65-CE76-4E6D-86B8-F397440079A2","name":"PP005414 - Goedewerf 2, Almere","address":"2 Goedewerf","city":"Almere","operatorName":"TotalEnergies","maxPowerKw":13,"isMegawatt":false,"status":"CHARGING","source":"ndw"}},{"type":"Feature","geometry":{"type":"Point","coordinates":[5.287292,52.400623]},"properties":{"type":"charge","layer":"passenger","locationId":"B21E13EE-67AE-4E21-B3AD-A2D5B39E90A3","name":"TNLP007431 - Eeuwenweg 83, Almere","address":"83 Eeuwenweg","city":"Almere","operatorName":"TotalEnergies","maxPowerKw":13,"isMegawatt":false,"status":"CHARGING","source":"ndw"}},{"type":"Feature","geometry":{"type":"Point","coordinates":[5.214055,52.3787]},"properties":{"type":"charge","layer":"passenger","locationId":"6b00cc81-730f-479b-9d3f-1ecbc22f41b9","name":"TNLP015336 - W. Schermerhornpad 27, Almere","address":"27 W. Schermerhornpad","city":"Almere","operatorName":"TotalEnergies","maxPowerKw":13,"isMegawatt":false,"status":"AVAILABLE","source":"ndw"}},{"type":"Feature","geometry":{"type":"Point","coordinates":[5.2346381,52.3731591]},"properties":{"type":"charge","layer":"passenger","locationId":"683","name":"Shell Recharge NL Peter Sellershof 23","address":"Peter Sellershof 23","city":"Almere","operatorName":"Ubitricity","maxPowerKw":11,"isMegawatt":false,"status":"AVAILABLE","source":"ndw","priceKwh":0.392}},{"type":"Feature","geometry":{"type":"Point","coordinates":[5.265923,52.371995]},"properties":{"type":"charge","layer":"passenger","locationId":"672e0070fbe37532ebc40419","name":"8642 - Rechts","address":"Juan Grisstraat  44","city":"Almere","operatorName":"E-Flux by Road","maxPowerKw":22,"isMegawatt":false,"status":"AVAILABLE","source":"ndw","priceKwh":0.68}},{"type":"Feature","geometry":{"type":"Point","coordinates":[5.338697,52.325383]},"properties":{"type":"charge","layer":"passenger","locationId":"69df93e0973304961cddfb4b","name":"Loodsterwold 2 x 22kw","address":"Hoogvliegerweg 51","city":"Almere","operatorName":"E-Flux by Road","maxPowerKw":22,"isMegawatt":false,"status":"AVAILABLE","source":"ndw","priceKwh":0.32}},{"type":"Feature","geometry":{"type":"Point","coordinates":[5.208766,52.33809]},"properties":{"type":"charge","layer":"passenger","locationId":"4B78BE7A-EDE9-4CDC-A630-87F822DC8063","name":"TNLP034621 - Oldewierde 117, Almere","address":"117 Oldewierde","city":"Almere","operatorName":"TotalEnergies","maxPowerKw":13,"isMegawatt":false,"status":"AVAILABLE","source":"ndw"}},{"type":"Feature","geometry":{"type":"Point","coordinates":[5.175632,52.354698]},"properties":{"type":"charge","layer":"passenger","locationId":"91148178","name":"50five-S NL 07001751","address":"Lucebertstraat 15","city":"Almere","operatorName":"50five","maxPowerKw":6,"isMegawatt":false,"status":"AVAILABLE","source":"ndw"}},{"type":"Feature","geometry":{"type":"Point","coordinates":[5.323691,52.405704]},"properties":{"type":"charge","layer":"passenger","locationId":"AD2D5C2B-D8B3-48CC-A6B9-61B75AC7DBC2","name":"TNLP006656 - De Stripmaker 85, Almere","address":"85 De Stripmaker","city":"Almere","operatorName":"TotalEnergies","maxPowerKw":13,"isMegawatt":false,"status":"UNAVAILABLE","source":"ndw"}},{"type":"Feature","geometry":{"type":"Point","coordinates":[5.218479,52.373417]},"properties":{"type":"charge","layer":"passenger","locationId":"917f3c97ada8439489adf3a14578d255","name":"Bankierbaan 84","address":"Bankierbaan 84","city":"Almere","operatorName":"Vattenfall InCharge","maxPowerKw":11,"isMegawatt":false,"status":"AVAILABLE","source":"ndw","priceKwh":0.2805}},{"type":"Feature","geometry":{"type":"Point","coordinates":[5.154174,52.356007]},"properties":{"type":"charge","layer":"passenger","locationId":"F07D4A96-C2EA-4977-B54F-D8004BFA66E1","name":"TNLP009499 - Trojestraat 3A, Almere","address":"3A Trojestraat","city":"Almere","operatorName":"TotalEnergies","maxPowerKw":13,"isMegawatt":false,"status":"AVAILABLE","source":"ndw"}},{"type":"Feature","geometry":{"type":"Point","coordinates":[5.270012,52.39967]},"properties":{"type":"charge","layer":"passenger","locationId":"91091352","name":"50five-S NL 07000943","address":"Bergmolenstraat 2","city":"Loon op Zand","operatorName":"50five","maxPowerKw":16,"isMegawatt":false,"status":"AVAILABLE","source":"ndw"}},{"type":"Feature","geometry":{"type":"Point","coordinates":[5.323006,52.339232]},"properties":{"type":"charge","layer":"passenger","locationId":"91095563","name":"50five-S NL ICUCOMPACT000976","address":"Vogelakker 53","city":"Oosterwold","operatorName":"50five","maxPowerKw":4,"isMegawatt":false,"status":"UNAVAILABLE","source":"ndw"}},{"type":"Feature","geometry":{"type":"Point","coordinates":[5.14509,52.3569]},"properties":{"type":"charge","layer":"passenger","locationId":"189","name":"Shell Recharge NL Arduinastraat 1","address":"Arduinastraat 1","city":"Almere","operatorName":"Ubitricity","maxPowerKw":11,"isMegawatt":false,"status":"CHARGING","source":"ndw","priceKwh":0.392}},{"type":"Feature","geometry":{"type":"Point","coordinates":[5.2001543,52.3442391]},"properties":{"type":"charge","layer":"passenger","locationId":"1914","name":"Shell Recharge NL Esselaar 90","address":"Esselaar 90","city":"Almere","operatorName":"Ubitricity","maxPowerKw":22,"isMegawatt":false,"status":"AVAILABLE","source":"ndw","priceKwh":0.267}},{"type":"Feature","geometry":{"type":"Point","coordinates":[5.199819,52.369648]},"properties":{"type":"charge","layer":"passenger","locationId":"cf2aaeea9c6753ee6989c29ab1e44fab","name":"Johann Sebastiaan Bachweg 22","address":"Johann Sebastiaan Bachweg 22","city":"Almere","operatorName":"Vattenfall InCharge","maxPowerKw":11,"isMegawatt":false,"status":"AVAILABLE","source":"ndw","priceKwh":0.4316}},{"type":"Feature","geometry":{"type":"Point","coordinates":[5.2159,52.373678]},"properties":{"type":"charge","layer":"passenger","locationId":"186","name":"Shell Recharge NL Rentmeesterstraat 54","address":"Rentmeesterstraat 54","city":"Almere","operatorName":"Ubitricity","maxPowerKw":11,"isMegawatt":false,"status":"AVAILABLE","source":"ndw","priceKwh":0.392}},{"type":"Feature","geometry":{"type":"Point","coordinates":[5.318664,52.405083]},"properties":{"type":"charge","layer":"passenger","locationId":"65FE42EE-B0E8-4FE6-A6E0-A37D97D658E5","name":"TNLP006488 - Dick Bosstraat 81, Almere","address":"81 Dick Bosstraat","city":"Almere","operatorName":"TotalEnergies","maxPowerKw":13,"isMegawatt":false,"status":"AVAILABLE","source":"ndw"}},{"type":"Feature","geometry":{"type":"Point","coordinates":[5.31175,52.40385]},"properties":{"type":"charge","layer":"passenger","locationId":"42c9fecce05eb0203873df2829b092bc","name":"Van Raemdonckstraat 2","address":"Van Raemdonckstraat 2","city":"Almere","operatorName":"Vattenfall InCharge","maxPowerKw":11,"isMegawatt":false,"status":"AVAILABLE","source":"ndw","priceKwh":0.2805}},{"type":"Feature","geometry":{"type":"Point","coordinates":[5.2119253,52.3465133]},"properties":{"type":"charge","layer":"passenger","locationId":"1433","name":"Shell Recharge NL Peppengouw 104","address":"Peppengouw 104","city":"Almere","operatorName":"Ubitricity","maxPowerKw":22,"isMegawatt":false,"status":"AVAILABLE","source":"ndw","priceKwh":0.267}},{"type":"Feature","geometry":{"type":"Point","coordinates":[5.2147274,52.3379637]},"properties":{"type":"charge","layer":"passenger","locationId":"1728","name":"Shell Recharge NL Binnenhof 168","address":"Binnenhof 168","city":"Almere","operatorName":"Ubitricity","maxPowerKw":22,"isMegawatt":false,"status":"AVAILABLE","source":"ndw","priceKwh":0.267}},{"type":"Feature","geometry":{"type":"Point","coordinates":[5.256339,52.368053]},"properties":{"type":"charge","layer":"passenger","locationId":"947B0A39-5DE4-4622-98FB-AFDB569801D0","name":"TNLP015004 - Danslaan 55, Almere","address":"55 Danslaan","city":"Almere","operatorName":"TotalEnergies","maxPowerKw":13,"isMegawatt":false,"status":"AVAILABLE","source":"ndw"}},{"type":"Feature","geometry":{"type":"Point","coordinates":[5.178168,52.355259]},"properties":{"type":"charge","layer":"passenger","locationId":"0f5918c96076df3b2d144b502a88ba7e","name":"Pierre Kempstraat 76","address":"Pierre Kempstraat 76","city":"Almere","operatorName":"Vattenfall InCharge","maxPowerKw":11,"isMegawatt":false,"status":"AVAILABLE","source":"ndw","priceKwh":0.2805}},{"type":"Feature","geometry":{"type":"Point","coordinates":[5.306153,52.39728]},"properties":{"type":"charge","layer":"passenger","locationId":"B36265EB-44EA-4100-ABE6-70B2789EA717","name":"TNLP034573 - Samoastraat 42, Almere","address":"42 Samoastraat","city":"Almere","operatorName":"TotalEnergies","maxPowerKw":13,"isMegawatt":false,"status":"UNAVAILABLE","source":"ndw"}},{"type":"Feature","geometry":{"type":"Point","coordinates":[5.253481,52.382767]},"properties":{"type":"charge","layer":"passenger","locationId":"C0527DB4-8B8B-4AF3-8C98-0278FC1549C1","name":"TNLP006471 - Govert Flinckstraat 102, Almere","address":"102 Govert Flinckstraat","city":"Almere","operatorName":"TotalEnergies","maxPowerKw":17,"isMegawatt":false,"status":"UNAVAILABLE","source":"ndw"}},{"type":"Feature","geometry":{"type":"Point","coordinates":[5.305552,52.393284]},"properties":{"type":"charge","layer":"passenger","locationId":"E2B2F577-61C3-4D57-BBBD-181877D11C4A","name":"TNLP007362 - Pastelstraat 44, Almere","address":"44 Pastelstraat","city":"Almere","operatorName":"TotalEnergies","maxPowerKw":15,"isMegawatt":false,"status":"AVAILABLE","source":"ndw"}},{"type":"Feature","geometry":{"type":"Point","coordinates":[5.308366,52.4051]},"properties":{"type":"charge","layer":"passenger","locationId":"702db839-97af-4f89-9992-4122f857c7b9","name":"PP002220 - Selendangstraat 8, Almere","address":"8 Selendangstraat","city":"Almere","operatorName":"TotalEnergies","maxPowerKw":11,"isMegawatt":false,"status":"AVAILABLE","source":"ndw"}},{"type":"Feature","geometry":{"type":"Point","coordinates":[5.257856,52.39968]},"properties":{"type":"charge","layer":"passenger","locationId":"8B57CCAA-5218-43AE-BE98-73C45DB75AB4","name":"TNLP007722 - J.A. Brinkmanstraat 75, Almere","address":"75 J.A. Brinkmanstraat","city":"Almere","operatorName":"TotalEnergies","maxPowerKw":15,"isMegawatt":false,"status":"AVAILABLE","source":"ndw"}},{"type":"Feature","geometry":{"type":"Point","coordinates":[5.293212,52.399916]},"properties":{"type":"charge","layer":"passenger","locationId":"3967142","name":"Laadnet Makassarweg 61","address":"Makassarweg 61","city":"Almere","operatorName":"Laadnet","maxPowerKw":22,"isMegawatt":false,"status":"AVAILABLE","source":"ndw"}},{"type":"Feature","geometry":{"type":"Point","coordinates":[5.205948,52.39194]},"properties":{"type":"charge","layer":"passenger","locationId":"67c81ec0833ac12dc792b0d0","name":"Het Zonneboertje B.V.","address":"Lijzijde 31","city":"Almere","operatorName":"E-Flux by Road","maxPowerKw":14,"isMegawatt":false,"status":"CHARGING","source":"ndw","priceKwh":0.68}},{"type":"Feature","geometry":{"type":"Point","coordinates":[5.213238,52.37651]},"properties":{"type":"charge","layer":"passenger","locationId":"1609","name":"50five Exploitatie Openbaar / Places Almere","address":"Wisselweg 33","city":"Almere","operatorName":"50five","maxPowerKw":22,"isMegawatt":false,"status":"AVAILABLE","source":"ndw"}},{"type":"Feature","geometry":{"type":"Point","coordinates":[5.221111,52.33236]},"properties":{"type":"charge","layer":"passenger","locationId":"NLLOC001548","name":"NLD, Almere, Veerkade 10","address":"Veerkade 10","city":"Almere","operatorName":"Allego","maxPowerKw":11,"isMegawatt":false,"status":"CHARGING","source":"ndw","priceKwh":0.511}},{"type":"Feature","geometry":{"type":"Point","coordinates":[5.317207,52.40743]},"properties":{"type":"charge","layer":"passenger","locationId":"37bfedee7ca44302c6997323a07f4dca","name":"Frans Piëtstraat 82","address":"Frans Piëtstraat 82","city":"Almere","operatorName":"Vattenfall InCharge","maxPowerKw":11,"isMegawatt":false,"status":"UNAVAILABLE","source":"ndw","priceKwh":0.3861}},{"type":"Feature","geometry":{"type":"Point","coordinates":[5.14386,52.341812]},"properties":{"type":"charge","layer":"passenger","locationId":"36D0E52A-8C15-46C9-9F7D-90229549FBB9","name":"Laadplein - PP005256 - Duintopstraat 22, Almere","address":"22 Duintopstraat","city":"Almere","operatorName":"TotalEnergies","maxPowerKw":15,"isMegawatt":false,"status":"AVAILABLE","source":"ndw"}},{"type":"Feature","geometry":{"type":"Point","coordinates":[5.185868,52.373728]},"properties":{"type":"charge","layer":"passenger","locationId":"NLLOC001170","name":"NLD, Almere, Schalmeistraat 11","address":"Schalmeistraat 11","city":"Almere","operatorName":"Allego","maxPowerKw":11,"isMegawatt":false,"status":"AVAILABLE","source":"ndw","priceKwh":0.511}},{"type":"Feature","geometry":{"type":"Point","coordinates":[5.242429,52.389557]},"properties":{"type":"charge","layer":"passenger","locationId":"AE359824-D55D-4A89-B8B9-20372629E200","name":"TNLP015249 - Estafettelaan 3, Almere","address":"3 Estafettelaan","city":"Almere","operatorName":"TotalEnergies","maxPowerKw":13,"isMegawatt":false,"status":"AVAILABLE","source":"ndw"}},{"type":"Feature","geometry":{"type":"Point","coordinates":[5.1993841,52.3590517]},"properties":{"type":"charge","layer":"passenger","locationId":"2016","name":"Shell Recharge NL Terneuzenstraat 2","address":"Terneuzenstraat 2","city":"Almere","operatorName":"Ubitricity","maxPowerKw":22,"isMegawatt":false,"status":"AVAILABLE","source":"ndw","priceKwh":0.267}},{"type":"Feature","geometry":{"type":"Point","coordinates":[5.2394181,52.3658288]},"properties":{"type":"charge","layer":"passenger","locationId":"2020","name":"Shell Recharge NL Audrey Hepburnstraat 34","address":"Audrey Hepburnstraat 34","city":"Almere","operatorName":"Ubitricity","maxPowerKw":22,"isMegawatt":false,"status":"AVAILABLE","source":"ndw","priceKwh":0.267}},{"type":"Feature","geometry":{"type":"Point","coordinates":[5.282369,52.40121]},"properties":{"type":"charge","layer":"passenger","locationId":"A943FB89-8F00-4D6C-B876-CF20700E9A2A","name":"TNLP007076 - Jarenweg 111, Almere","address":"111 Jarenweg","city":"Almere","operatorName":"TotalEnergies","maxPowerKw":13,"isMegawatt":false,"status":"AVAILABLE","source":"ndw"}},{"type":"Feature","geometry":{"type":"Point","coordinates":[5.167905,52.355977]},"properties":{"type":"charge","layer":"passenger","locationId":"67ed09b580addc0b23da7f7b","name":"More2Safety kantoor","address":"Xenonstraat  72","city":"Almere","operatorName":"E-Flux by Road","maxPowerKw":14,"isMegawatt":false,"status":"AVAILABLE","source":"ndw","priceKwh":0.83}},{"type":"Feature","geometry":{"type":"Point","coordinates":[5.2957122,52.4042786]},"properties":{"type":"charge","layer":"passenger","locationId":"1166","name":"Shell Recharge NL Gouden Eeuwweg 3","address":"Gouden Eeuwweg 3","city":"Almere","operatorName":"Ubitricity","maxPowerKw":22,"isMegawatt":false,"status":"AVAILABLE","source":"ndw","priceKwh":0.267}},{"type":"Feature","geometry":{"type":"Point","coordinates":[5.2003909,52.3655292]},"properties":{"type":"charge","layer":"passenger","locationId":"2728","name":"Shell Recharge NL Bellinipad 1","address":"Bellinipad 1","city":"Almere","operatorName":"Ubitricity","maxPowerKw":22,"isMegawatt":false,"status":"AVAILABLE","source":"ndw","priceKwh":0.267}},{"type":"Feature","geometry":{"type":"Point","coordinates":[5.23565,52.33783]},"properties":{"type":"charge","layer":"passenger","locationId":"F25B1DD7-E1A8-4A8B-813E-1C1EEFB8FAE8","name":"TNLP003642 - Kolkgriend 51, Almere","address":"51 Kolkgriend","city":"Almere","operatorName":"TotalEnergies","maxPowerKw":17,"isMegawatt":false,"status":"AVAILABLE","source":"ndw"}},{"type":"Feature","geometry":{"type":"Point","coordinates":[5.25903,52.38339]},"properties":{"type":"charge","layer":"passenger","locationId":"1BE70C2F-6F9A-4C2E-BA58-55F54A7F410D","name":"PP004195 - Meindert Hobbemastraat 188, Almere","address":"188 Meindert Hobbemastraat","city":"Almere","operatorName":"TotalEnergies","maxPowerKw":15,"isMegawatt":false,"status":"AVAILABLE","source":"ndw"}},{"type":"Feature","geometry":{"type":"Point","coordinates":[5.283417,52.38615]},"properties":{"type":"charge","layer":"passenger","locationId":"393A1868-99FF-49C7-93C2-A5C56AC04784","name":"PP005326 - Lotusbloemweg 27, Almere","address":"27 Lotusbloemweg","city":"Almere","operatorName":"TotalEnergies","maxPowerKw":15,"isMegawatt":false,"status":"CHARGING","source":"ndw"}},{"type":"Feature","geometry":{"type":"Point","coordinates":[5.314413,52.399643]},"properties":{"type":"charge","layer":"passenger","locationId":"2D88FCDD-DF63-41D5-BB52-1C16C0F7DC8F","name":"TNLP007347 - Burg. Dickerdacklaan 10, Almere","address":"10 Burg. Dickerdacklaan","city":"Almere","operatorName":"TotalEnergies","maxPowerKw":13,"isMegawatt":false,"status":"AVAILABLE","source":"ndw"}},{"type":"Feature","geometry":{"type":"Point","coordinates":[5.147397,52.3568]},"properties":{"type":"charge","layer":"passenger","locationId":"36782EB3-6DE2-48A0-BED7-326FDCDF3092","name":"TNLP006755 - Artemissingel 16, Almere","address":"16 Artemissingel","city":"Almere","operatorName":"TotalEnergies","maxPowerKw":13,"isMegawatt":false,"status":"AVAILABLE","source":"ndw"}},{"type":"Feature","geometry":{"type":"Point","coordinates":[5.150402,52.348038]},"properties":{"type":"charge","layer":"passenger","locationId":"A640B256-41B6-4E39-855B-19CF94F19C7C","name":"PP005489 - Luxemburgstraat 91, Almere","address":"91 Luxemburgstraat","city":"Almere","operatorName":"TotalEnergies","maxPowerKw":13,"isMegawatt":false,"status":"UNAVAILABLE","source":"ndw"}},{"type":"Feature","geometry":{"type":"Point","coordinates":[5.313195,52.408092]},"properties":{"type":"charge","layer":"passenger","locationId":"41A6BA70-D9FD-456C-877E-5BDAA9BDDFF7","name":"TNLP009279 - Doerianstraat 1, Almere","address":"1 Doerianstraat","city":"Almere","operatorName":"TotalEnergies","maxPowerKw":13,"isMegawatt":false,"status":"AVAILABLE","source":"ndw"}},{"type":"Feature","geometry":{"type":"Point","coordinates":[5.24175,52.38124]},"properties":{"type":"charge","layer":"passenger","locationId":"292","name":"Shell Recharge NL Jan Wildschutstraat 1","address":"Jan Wildschutstraat 1","city":"Almere","operatorName":"Ubitricity","maxPowerKw":11,"isMegawatt":false,"status":"AVAILABLE","source":"ndw","priceKwh":0.392}},{"type":"Feature","geometry":{"type":"Point","coordinates":[5.265626,52.372093]},"properties":{"type":"charge","layer":"passenger","locationId":"4F453408-ADDE-473F-85D1-551DDB313CE9","name":"TNLP009375 - Juan Grisstraat 44, Almere","address":"44 Juan Grisstraat","city":"Almere","operatorName":"TotalEnergies","maxPowerKw":13,"isMegawatt":false,"status":"AVAILABLE","source":"ndw"}},{"type":"Feature","geometry":{"type":"Point","coordinates":[5.269326,52.398727]},"properties":{"type":"charge","layer":"passenger","locationId":"7DF75B3A-4D08-4EFC-873E-D65E8A24D68F","name":"PP005269 - Tjaskerplantsoen 1, Almere","address":"1 Tjaskerplantsoen","city":"Almere","operatorName":"TotalEnergies","maxPowerKw":13,"isMegawatt":false,"status":"AVAILABLE","source":"ndw"}},{"type":"Feature","geometry":{"type":"Point","coordinates":[5.1518911,52.3557165]},"properties":{"type":"charge","layer":"passenger","locationId":"1730","name":"Shell Recharge NL Agamemnonsingel 78","address":"Agamemnonsingel 78","city":"Almere","operatorName":"Ubitricity","maxPowerKw":22,"isMegawatt":false,"status":"AVAILABLE","source":"ndw","priceKwh":0.267}},{"type":"Feature","geometry":{"type":"Point","coordinates":[5.156033,52.358593]},"properties":{"type":"charge","layer":"passenger","locationId":"8D18BDC3-1BFA-43BB-9CF4-35E4821F6516","name":"TNLP034157 - Aurorastraat 11, Almere","address":"11 Aurorastraat","city":"Almere","operatorName":"TotalEnergies","maxPowerKw":13,"isMegawatt":false,"status":"AVAILABLE","source":"ndw"}},{"type":"Feature","geometry":{"type":"Point","coordinates":[5.251674,52.363826]},"properties":{"type":"charge","layer":"passenger","locationId":"NLLOC001478","name":"NLD, Almere, Tarantellastraat 2","address":"Tarantellastraat 2","city":"Almere","operatorName":"Allego","maxPowerKw":11,"isMegawatt":false,"status":"AVAILABLE","source":"ndw","priceKwh":0.511}},{"type":"Feature","geometry":{"type":"Point","coordinates":[5.146718,52.342686]},"properties":{"type":"charge","layer":"passenger","locationId":"67E1BED5-EF4C-4563-84F1-097947BC3399","name":"TNLP006992 - Mildred Didriksonstraat 22, Almere","address":"22 Mildred Didriksonstraat","city":"Almere","operatorName":"TotalEnergies","maxPowerKw":13,"isMegawatt":false,"status":"AVAILABLE","source":"ndw"}},{"type":"Feature","geometry":{"type":"Point","coordinates":[5.222549,52.386227]},"properties":{"type":"charge","layer":"passenger","locationId":"NLLOC001173","name":"NLD, Almere, Plakke Venstraat 1","address":"Plakke Venstraat 1","city":"Almere","operatorName":"Allego","maxPowerKw":11,"isMegawatt":false,"status":"AVAILABLE","source":"ndw","priceKwh":0.511}},{"type":"Feature","geometry":{"type":"Point","coordinates":[5.149407,52.34656]},"properties":{"type":"charge","layer":"passenger","locationId":"575A0C07-B428-4BC2-9531-64CC11E53E42","name":"TNLP006791 - Europalaan 826, Almere","address":"826 Europalaan","city":"Almere","operatorName":"TotalEnergies","maxPowerKw":13,"isMegawatt":false,"status":"UNAVAILABLE","source":"ndw"}},{"type":"Feature","geometry":{"type":"Point","coordinates":[5.207872,52.38218]},"properties":{"type":"charge","layer":"passenger","locationId":"20D2553B-AD8B-428D-A135-C7C8C8FB5C31","name":"TNLP009211 - Zilvermosstraat 25, Almere","address":"25 Zilvermosstraat","city":"Almere","operatorName":"TotalEnergies","maxPowerKw":15,"isMegawatt":false,"status":"CHARGING","source":"ndw"}},{"type":"Feature","geometry":{"type":"Point","coordinates":[5.191496,52.363724]},"properties":{"type":"charge","layer":"passenger","locationId":"4069F000-4702-42B1-AACE-F2355037AE79","name":"TNLP015277 - Willem Pijperstraat 33, Almere","address":"33 Willem Pijperstraat","city":"Almere","operatorName":"TotalEnergies","maxPowerKw":17,"isMegawatt":false,"status":"UNAVAILABLE","source":"ndw"}},{"type":"Feature","geometry":{"type":"Point","coordinates":[5.17678,52.39008]},"properties":{"type":"charge","layer":"passenger","locationId":"9CC63658-7C26-494E-8670-55D3FF1B4489","name":"TNLP006586 - Wimpelplantsoen 100, Almere","address":"100 Wimpelplantsoen","city":"Almere","operatorName":"TotalEnergies","maxPowerKw":13,"isMegawatt":false,"status":"AVAILABLE","source":"ndw"}},{"type":"Feature","geometry":{"type":"Point","coordinates":[5.185155,52.35324]},"properties":{"type":"charge","layer":"passenger","locationId":"91090006","name":"50five-S NL 07103248","address":"Nienke van Hichtumstraat 23","city":"Almere","operatorName":"50five","maxPowerKw":11,"isMegawatt":false,"status":"AVAILABLE","source":"ndw"}},{"type":"Feature","geometry":{"type":"Point","coordinates":[5.258629,52.375233]},"properties":{"type":"charge","layer":"passenger","locationId":"D01CF6F4-4022-4917-A63F-A356488779CF","name":"TNLP034286 - Hildo Kropstraat 14, Almere","address":"14 Hildo Kropstraat","city":"Almere","operatorName":"TotalEnergies","maxPowerKw":13,"isMegawatt":false,"status":"UNAVAILABLE","source":"ndw"}},{"type":"Feature","geometry":{"type":"Point","coordinates":[5.1785,52.35443]},"properties":{"type":"charge","layer":"passenger","locationId":"169FDECC-F9E1-481E-B0DD-E73153E2E175","name":"TNLP009618 - Cees Buddinghstraat 36, Almere","address":"36 Cees Buddinghstraat","city":"Almere","operatorName":"TotalEnergies","maxPowerKw":13,"isMegawatt":false,"status":"AVAILABLE","source":"ndw"}},{"type":"Feature","geometry":{"type":"Point","coordinates":[5.171684,52.399951]},"properties":{"type":"charge","layer":"passenger","locationId":"65ef1be127a6ea001c00cc3d","name":"Brinksma 's station","address":"Vissersknoop 29","city":"Almere","operatorName":"E-Flux by Road","maxPowerKw":11,"isMegawatt":false,"status":"AVAILABLE","source":"ndw","priceKwh":0.36}},{"type":"Feature","geometry":{"type":"Point","coordinates":[5.216058,52.372511]},"properties":{"type":"charge","layer":"passenger","locationId":"NLLOC001649","name":"NLD, Almere, Makelaarstraat 12","address":"Makelaarstraat 12-C","city":"Almere","operatorName":"Allego","maxPowerKw":11,"isMegawatt":false,"status":"AVAILABLE","source":"ndw","priceKwh":0.511}},{"type":"Feature","geometry":{"type":"Point","coordinates":[5.260708,52.36368]},"properties":{"type":"charge","layer":"passenger","locationId":"71A87AB4-35F4-459D-8827-3722D698B01C","name":"TNLP009303 - Isadora Duncanweg 78, Almere","address":"78 Isadora Duncanweg","city":"Almere","operatorName":"TotalEnergies","maxPowerKw":13,"isMegawatt":false,"status":"AVAILABLE","source":"ndw"}},{"type":"Feature","geometry":{"type":"Point","coordinates":[5.174619,52.356455]},"properties":{"type":"charge","layer":"passenger","locationId":"e2dd2b810d553fc148babe8f818955f8","name":"Hendrik Marsmanstraat 146","address":"Hendrik Marsmanstraat 146","city":"Almere","operatorName":"Vattenfall InCharge","maxPowerKw":11,"isMegawatt":false,"status":"AVAILABLE","source":"ndw","priceKwh":0.2805}},{"type":"Feature","geometry":{"type":"Point","coordinates":[5.222005,52.380173]},"properties":{"type":"charge","layer":"passenger","locationId":"8E0AB46E-6DC4-433E-8108-3D922D400A91","name":"PP005244 - Churchillweg 3, Almere","address":"3 Churchillweg","city":"Almere","operatorName":"TotalEnergies","maxPowerKw":15,"isMegawatt":false,"status":"AVAILABLE","source":"ndw"}},{"type":"Feature","geometry":{"type":"Point","coordinates":[5.276661,52.40107]},"properties":{"type":"charge","layer":"passenger","locationId":"39517B9A-68E8-4484-A241-FD0F5145D4C4","name":"TNLP009514 - Watermolenstraat 80, Almere","address":"80 Watermolenstraat","city":"Almere","operatorName":"TotalEnergies","maxPowerKw":13,"isMegawatt":false,"status":"AVAILABLE","source":"ndw"}},{"type":"Feature","geometry":{"type":"Point","coordinates":[5.183312,52.37445]},"properties":{"type":"charge","layer":"passenger","locationId":"D4113816-D551-4D07-949D-26B187B33A5C","name":"TNLP006583 - Saxofoonweg 77, Almere","address":"77 Saxofoonweg","city":"Almere","operatorName":"TotalEnergies","maxPowerKw":13,"isMegawatt":false,"status":"AVAILABLE","source":"ndw"}},{"type":"Feature","geometry":{"type":"Point","coordinates":[5.305887,52.40145]},"properties":{"type":"charge","layer":"passenger","locationId":"D1C17F2C-D9A9-4049-89B6-D41292619205","name":"TNLP009578 - Terschellingstraat 34, Almere","address":"34 Terschellingstraat","city":"Almere","operatorName":"TotalEnergies","maxPowerKw":13,"isMegawatt":false,"status":"AVAILABLE","source":"ndw"}},{"type":"Feature","geometry":{"type":"Point","coordinates":[5.18041,52.376905]},"properties":{"type":"charge","layer":"passenger","locationId":"NLLOC001167","name":"NLD, Almere, Andantestraat 99","address":"Andantestraat 99","city":"Almere","operatorName":"Allego","maxPowerKw":22,"isMegawatt":false,"status":"AVAILABLE","source":"ndw","priceKwh":0.511}},{"type":"Feature","geometry":{"type":"Point","coordinates":[5.15551,52.35406]},"properties":{"type":"charge","layer":"passenger","locationId":"E1BE72DD-BB55-4CE0-9479-A8DC6A84A5F2","name":"PP004246 - Herculesstraat 32, Almere","address":"32 Herculesstraat","city":"Almere","operatorName":"TotalEnergies","maxPowerKw":13,"isMegawatt":false,"status":"UNAVAILABLE","source":"ndw"}},{"type":"Feature","geometry":{"type":"Point","coordinates":[5.324432,52.314516]},"properties":{"type":"charge","layer":"passenger","locationId":"67e1497ad35c5ce6c515dada","name":"De Klok Dranken Almere 1 - 2","address":"Fort Blauwkapel 6","city":"Almere","operatorName":"E-Flux by Road","maxPowerKw":22,"isMegawatt":false,"status":"AVAILABLE","source":"ndw","priceKwh":0.33}},{"type":"Feature","geometry":{"type":"Point","coordinates":[5.264521,52.3745437]},"properties":{"type":"charge","layer":"passenger","locationId":"1412","name":"Shell Recharge NL Zadkinestraat 4","address":"Zadkinestraat 4","city":"Almere","operatorName":"Ubitricity","maxPowerKw":22,"isMegawatt":false,"status":"AVAILABLE","source":"ndw","priceKwh":0.267}},{"type":"Feature","geometry":{"type":"Point","coordinates":[5.2135244,52.3372757]},"properties":{"type":"charge","layer":"passenger","locationId":"1760","name":"Shell Recharge NL Langshof 149","address":"Langshof 149","city":"Almere","operatorName":"Ubitricity","maxPowerKw":22,"isMegawatt":false,"status":"AVAILABLE","source":"ndw","priceKwh":0.267}},{"type":"Feature","geometry":{"type":"Point","coordinates":[5.148658,52.354084]},"properties":{"type":"charge","layer":"passenger","locationId":"EF5CF00C-C377-47D6-A7F1-0B7E4F01744D","name":"Laadplein - TNLP005729 - Vidarstraat 1, Almere","address":"1 Vidarstraat","city":"Almere","operatorName":"TotalEnergies","maxPowerKw":15,"isMegawatt":false,"status":"AVAILABLE","source":"ndw"}},{"type":"Feature","geometry":{"type":"Point","coordinates":[5.2067399,52.3406009]},"properties":{"type":"charge","layer":"passenger","locationId":"1803","name":"Shell Recharge NL Leemwierde 26","address":"Leemwierde 26","city":"Almere","operatorName":"Ubitricity","maxPowerKw":22,"isMegawatt":false,"status":"AVAILABLE","source":"ndw","priceKwh":0.267}},{"type":"Feature","geometry":{"type":"Point","coordinates":[5.285069,52.403843]},"properties":{"type":"charge","layer":"passenger","locationId":"96c326e745fdc1b62a7488f26264dce9","name":"Junistraat 111","address":"Junistraat 111","city":"Almere","operatorName":"Vattenfall InCharge","maxPowerKw":11,"isMegawatt":false,"status":"AVAILABLE","source":"ndw","priceKwh":0.2805}},{"type":"Feature","geometry":{"type":"Point","coordinates":[5.281748,52.404399]},"properties":{"type":"charge","layer":"passenger","locationId":"4351131","name":"Laadnet Maandenweg","address":"Maandenweg 49","city":"Almere","operatorName":"Laadnet","maxPowerKw":22,"isMegawatt":false,"status":"CHARGING","source":"ndw"}},{"type":"Feature","geometry":{"type":"Point","coordinates":[5.288789,52.357751]},"properties":{"type":"charge","layer":"passenger","locationId":"cb28a5440c043f7a228385442e740eae","name":"Albert Einsteinstraat 57","address":"Albert Einsteinstraat 57","city":"Almere","operatorName":"Vattenfall InCharge","maxPowerKw":11,"isMegawatt":false,"status":"AVAILABLE","source":"ndw","priceKwh":0.2805}},{"type":"Feature","geometry":{"type":"Point","coordinates":[5.23403,52.33634]},"properties":{"type":"charge","layer":"passenger","locationId":"675","name":"Shell Recharge NL Jaagmeent 72","address":"Jaagmeent 72","city":"Almere","operatorName":"Ubitricity","maxPowerKw":11,"isMegawatt":false,"status":"AVAILABLE","source":"ndw","priceKwh":0.392}},{"type":"Feature","geometry":{"type":"Point","coordinates":[5.190874,52.351406]},"properties":{"type":"charge","layer":"passenger","locationId":"6B440E15-47E9-4B1F-9A46-F7AD56EF03DA","name":"TNLP006820 - Versterkerstraat 2, Almere","address":"2 Versterkerstraat","city":"Almere","operatorName":"TotalEnergies","maxPowerKw":15,"isMegawatt":false,"status":"UNAVAILABLE","source":"ndw"}},{"type":"Feature","geometry":{"type":"Point","coordinates":[5.207849,52.337315]},"properties":{"type":"charge","layer":"passenger","locationId":"7212BEF8-A66D-46C7-9EB7-CEFA0D25E2DB","name":"TNLP009978 - Kimwierde 418, Almere","address":"418 Kimwierde","city":"Almere","operatorName":"TotalEnergies","maxPowerKw":13,"isMegawatt":false,"status":"AVAILABLE","source":"ndw"}},{"type":"Feature","geometry":{"type":"Point","coordinates":[5.1997,52.34402]},"properties":{"type":"charge","layer":"passenger","locationId":"A58941C2-4860-4D95-83B2-47CE4B9FAEBE","name":"Eneco eMobility Esselaar 35 Almere","address":"Esselaar 35","city":"Almere","operatorName":"Eneco","maxPowerKw":22,"isMegawatt":false,"status":"AVAILABLE","source":"ndw","priceKwh":0.32}},{"type":"Feature","geometry":{"type":"Point","coordinates":[5.20828,52.38019]},"properties":{"type":"charge","layer":"passenger","locationId":"FC608D64-BC55-436D-9C63-226B5E7A83E3","name":"TNLP015319 - Mierikswortelpad 1, Almere","address":"1 Mierikswortelpad","city":"Almere","operatorName":"TotalEnergies","maxPowerKw":13,"isMegawatt":false,"status":"AVAILABLE","source":"ndw"}},{"type":"Feature","geometry":{"type":"Point","coordinates":[5.171407,52.396628]},"properties":{"type":"charge","layer":"passenger","locationId":"a12462a9ace75e10955a496c419a651e","name":"Octant 1","address":"Octant 1","city":"Almere","operatorName":"Vattenfall InCharge","maxPowerKw":11,"isMegawatt":false,"status":"AVAILABLE","source":"ndw","priceKwh":0.2805}},{"type":"Feature","geometry":{"type":"Point","coordinates":[5.241694,52.37831]},"properties":{"type":"charge","layer":"passenger","locationId":"46C74D14-39DE-40A8-B557-66CF410F5CA5","name":"TNLP008211 - David Verloopstraat 51, Almere","address":"51 David Verloopstraat","city":"Almere","operatorName":"TotalEnergies","maxPowerKw":13,"isMegawatt":false,"status":"AVAILABLE","source":"ndw"}},{"type":"Feature","geometry":{"type":"Point","coordinates":[5.22716,52.33947]},"properties":{"type":"charge","layer":"passenger","locationId":"233","name":"Shell Recharge NL Tuinderswerf 43","address":"Tuinderswerf 43","city":"Almere","operatorName":"Ubitricity","maxPowerKw":11,"isMegawatt":false,"status":"AVAILABLE","source":"ndw","priceKwh":0.392}},{"type":"Feature","geometry":{"type":"Point","coordinates":[5.2307768,52.3326278]},"properties":{"type":"charge","layer":"passenger","locationId":"2635","name":"Shell Recharge NL Dijkmeent 70","address":"Dijkmeent 70","city":"Almere","operatorName":"Ubitricity","maxPowerKw":22,"isMegawatt":false,"status":"AVAILABLE","source":"ndw","priceKwh":0.267}},{"type":"Feature","geometry":{"type":"Point","coordinates":[5.20925,52.37752]},"properties":{"type":"charge","layer":"passenger","locationId":"241","name":"Shell Recharge NL Wisselweg 204","address":"Wisselweg 204","city":"Almere","operatorName":"Ubitricity","maxPowerKw":11,"isMegawatt":false,"status":"AVAILABLE","source":"ndw","priceKwh":0.392}},{"type":"Feature","geometry":{"type":"Point","coordinates":[5.271853,52.382518]},"properties":{"type":"charge","layer":"passenger","locationId":"63a18223ecf7420012377377","name":"Den's station","address":"Cobrastraat  1","city":"Almere","operatorName":"E-Flux by Road","maxPowerKw":11,"isMegawatt":false,"status":"AVAILABLE","source":"ndw","priceKwh":0.43}},{"type":"Feature","geometry":{"type":"Point","coordinates":[5.23923,52.3778]},"properties":{"type":"charge","layer":"passenger","locationId":"418","name":"Shell Recharge NL Gustaaf Gelderstraat 6","address":"Gustaaf Gelderstraat 6","city":"Almere","operatorName":"Ubitricity","maxPowerKw":11,"isMegawatt":false,"status":"AVAILABLE","source":"ndw","priceKwh":0.392}},{"type":"Feature","geometry":{"type":"Point","coordinates":[5.182866,52.351047]},"properties":{"type":"charge","layer":"passenger","locationId":"64119bb2703041001223262e","name":"PREMIUM Laadpaal 2","address":"Televisieweg 54","city":"Almere","operatorName":"E-Flux by Road","maxPowerKw":22,"isMegawatt":false,"status":"AVAILABLE","source":"ndw","priceKwh":0.53}},{"type":"Feature","geometry":{"type":"Point","coordinates":[5.305827,52.40298]},"properties":{"type":"charge","layer":"passenger","locationId":"NLLOC000944","name":"NLD, Almere, Hebridenstraat 58","address":"Hebridenstraat 58","city":"Almere","operatorName":"Allego","maxPowerKw":22,"isMegawatt":false,"status":"AVAILABLE","source":"ndw","priceKwh":0.511}},{"type":"Feature","geometry":{"type":"Point","coordinates":[5.243668,52.406396]},"properties":{"type":"charge","layer":"passenger","locationId":"6638b30019b114001c5eceff","name":"Knipscheer Almere (L)","address":"Damsluisweg  35","city":"Almere","operatorName":"E-Flux by Road","maxPowerKw":22,"isMegawatt":false,"status":"AVAILABLE","source":"ndw","priceKwh":0.53}},{"type":"Feature","geometry":{"type":"Point","coordinates":[5.18877,52.36728]},"properties":{"type":"charge","layer":"passenger","locationId":"8444EA0B-E4BD-4F04-9B1C-1048DE1321C8","name":"PP002561 - Bartokweg 153, Almere","address":"153 Bartokweg","city":"Almere","operatorName":"TotalEnergies","maxPowerKw":13,"isMegawatt":false,"status":"CHARGING","source":"ndw"}},{"type":"Feature","geometry":{"type":"Point","coordinates":[5.319018,52.4034826]},"properties":{"type":"charge","layer":"passenger","locationId":"1162","name":"Shell Recharge NL Carol Vogesgracht 10","address":"Carol Vogesgracht 10","city":"Almere","operatorName":"Ubitricity","maxPowerKw":22,"isMegawatt":false,"status":"AVAILABLE","source":"ndw","priceKwh":0.267}},{"type":"Feature","geometry":{"type":"Point","coordinates":[5.2260706,52.3393277]},"properties":{"type":"charge","layer":"passenger","locationId":"1081","name":"Shell Recharge NL Tuinderswerf 66","address":"Tuinderswerf 66","city":"Almere","operatorName":"Ubitricity","maxPowerKw":22,"isMegawatt":false,"status":"AVAILABLE","source":"ndw","priceKwh":0.267}},{"type":"Feature","geometry":{"type":"Point","coordinates":[5.222178,52.34686]},"properties":{"type":"charge","layer":"passenger","locationId":"9698593d-e72b-44a7-8257-52b290d2c9fd","name":"TNLP034681 - De Steiger 223, Almere","address":"223 De Steiger","city":"Almere","operatorName":"TotalEnergies","maxPowerKw":13,"isMegawatt":false,"status":"AVAILABLE","source":"ndw"}},{"type":"Feature","geometry":{"type":"Point","coordinates":[5.274707,52.38204]},"properties":{"type":"charge","layer":"passenger","locationId":"B6D96E11-E5C2-4C0D-8DD6-2E7DAF658D9C","name":"TNLP009310 - Zijderupsstraat 32, Almere","address":"32 Zijderupsstraat","city":"Almere","operatorName":"TotalEnergies","maxPowerKw":15,"isMegawatt":false,"status":"AVAILABLE","source":"ndw"}},{"type":"Feature","geometry":{"type":"Point","coordinates":[5.201244,52.357384]},"properties":{"type":"charge","layer":"passenger","locationId":"C307D35D-642B-4F95-A335-0F2D486CD41C","name":"TNLP009334 - Oosterhoutstraat 55, Almere","address":"55 Oosterhoutstraat","city":"Almere","operatorName":"TotalEnergies","maxPowerKw":15,"isMegawatt":false,"status":"AVAILABLE","source":"ndw"}},{"type":"Feature","geometry":{"type":"Point","coordinates":[5.2529812,52.3659528]},"properties":{"type":"charge","layer":"passenger","locationId":"1055","name":"Shell Recharge NL Paso Doblesingel 42","address":"Paso Doblesingel 42","city":"Almere","operatorName":"Ubitricity","maxPowerKw":22,"isMegawatt":false,"status":"AVAILABLE","source":"ndw","priceKwh":0.267}},{"type":"Feature","geometry":{"type":"Point","coordinates":[5.256131,52.409481]},"properties":{"type":"charge","layer":"passenger","locationId":"63ee524401eca80012374627","name":"Vakgarage Mobron 's station","address":"dukdalfweg 29","city":"Almere","operatorName":"E-Flux by Road","maxPowerKw":11,"isMegawatt":false,"status":"AVAILABLE","source":"ndw","priceKwh":0.73}},{"type":"Feature","geometry":{"type":"Point","coordinates":[5.31973,52.403793]},"properties":{"type":"charge","layer":"passenger","locationId":"579F44ED-4B44-481E-B58A-88C9E7A1842A","name":"TNLP006228 - Carol Vogesgracht 18, Almere","address":"18 Carol Vogesgracht","city":"Almere","operatorName":"TotalEnergies","maxPowerKw":13,"isMegawatt":false,"status":"AVAILABLE","source":"ndw"}},{"type":"Feature","geometry":{"type":"Point","coordinates":[5.177853,52.35982]},"properties":{"type":"charge","layer":"passenger","locationId":"23D66CCB-3EFC-4674-B830-24453A08DDB1","name":"TNLP015005 - Jacob van Maerlantstraat 7, Almere","address":"7 Jacob van Maerlantstraat","city":"Almere","operatorName":"TotalEnergies","maxPowerKw":13,"isMegawatt":false,"status":"AVAILABLE","source":"ndw"}},{"type":"Feature","geometry":{"type":"Point","coordinates":[5.290074,52.35969]},"properties":{"type":"charge","layer":"passenger","locationId":"67ebbc19be74535d77f611e1","name":"E-Flux by Road","address":"Pavel Cherenkovstraat","city":"Almere","operatorName":"E-Flux by Road","maxPowerKw":11,"isMegawatt":false,"status":"CHARGING","source":"ndw","priceKwh":0.22}},{"type":"Feature","geometry":{"type":"Point","coordinates":[5.24133,52.362312]},"properties":{"type":"charge","layer":"passenger","locationId":"330E00C6-785F-4D60-B11B-DAD138EEA967","name":"TNLP007753 - Viscontistraat 19, Almere","address":"19 Viscontistraat","city":"Almere","operatorName":"TotalEnergies","maxPowerKw":13,"isMegawatt":false,"status":"AVAILABLE","source":"ndw"}},{"type":"Feature","geometry":{"type":"Point","coordinates":[5.248126,52.35979]},"properties":{"type":"charge","layer":"passenger","locationId":"380","name":"Shell Recharge NL Hitchkocklaan 8","address":"Hitchkocklaan 8","city":"Almere","operatorName":"Ubitricity","maxPowerKw":11,"isMegawatt":false,"status":"AVAILABLE","source":"ndw","priceKwh":0.392}},{"type":"Feature","geometry":{"type":"Point","coordinates":[5.228256,52.379223]},"properties":{"type":"charge","layer":"passenger","locationId":"F32D8034-06CA-4AAE-BD38-CA0B6A2351E5","name":"TNLP007109 - Randstad 22 117, Almere","address":"22 117 Randstad","city":"Almere","operatorName":"TotalEnergies","maxPowerKw":15,"isMegawatt":false,"status":"AVAILABLE","source":"ndw"}},{"type":"Feature","geometry":{"type":"Point","coordinates":[5.274196,52.368878]},"properties":{"type":"charge","layer":"passenger","locationId":"1452","name":"Shell Recharge NL Albrecht Durerweg 199","address":"Albrecht Durerweg 199","city":"Almere","operatorName":"Ubitricity","maxPowerKw":11,"isMegawatt":false,"status":"AVAILABLE","source":"ndw","priceKwh":0.392}},{"type":"Feature","geometry":{"type":"Point","coordinates":[5.2282972,52.3871157]},"properties":{"type":"charge","layer":"passenger","locationId":"1796","name":"Shell Recharge NL Haringvlietstraat 34","address":"Haringvlietstraat 34","city":"Almere","operatorName":"Ubitricity","maxPowerKw":22,"isMegawatt":false,"status":"AVAILABLE","source":"ndw","priceKwh":0.267}},{"type":"Feature","geometry":{"type":"Point","coordinates":[5.15374,52.348125]},"properties":{"type":"charge","layer":"passenger","locationId":"b3ff6a05-3e77-40e9-8106-2eb2cfaed2e0","name":"Laadplein - PP005413 - Beneluxlaan 595, Almere","address":"595 Beneluxlaan","city":"Almere","operatorName":"TotalEnergies","maxPowerKw":15,"isMegawatt":false,"status":"AVAILABLE","source":"ndw"}},{"type":"Feature","geometry":{"type":"Point","coordinates":[5.265422,52.389818]},"properties":{"type":"charge","layer":"passenger","locationId":"369","name":"Shell Recharge NL Clingendaellaan 183","address":"Clingendaellaan 183","city":"Almere","operatorName":"Ubitricity","maxPowerKw":11,"isMegawatt":false,"status":"AVAILABLE","source":"ndw","priceKwh":0.392}},{"type":"Feature","geometry":{"type":"Point","coordinates":[5.18949,52.37119]},"properties":{"type":"charge","layer":"passenger","locationId":"472","name":"Shell Recharge NL Harpstraat 67","address":"Harpstraat 67","city":"Almere","operatorName":"Ubitricity","maxPowerKw":11,"isMegawatt":false,"status":"AVAILABLE","source":"ndw","priceKwh":0.392}},{"type":"Feature","geometry":{"type":"Point","coordinates":[5.2183717,52.3775478]},"properties":{"type":"charge","layer":"passenger","locationId":"2719","name":"Shell Recharge NL Olof Palmehof 28","address":"Olof Palmehof 28","city":"Almere","operatorName":"Ubitricity","maxPowerKw":22,"isMegawatt":false,"status":"AVAILABLE","source":"ndw","priceKwh":0.267}},{"type":"Feature","geometry":{"type":"Point","coordinates":[5.245476,52.401796]},"properties":{"type":"charge","layer":"passenger","locationId":"66aa27212644d5001caa81eb","name":"NL - Almere - Vlotbrugweg 24","address":"Vlotbrugweg 24","city":"Almere","operatorName":"E-Flux by Road","maxPowerKw":22,"isMegawatt":false,"status":"AVAILABLE","source":"ndw","priceKwh":0.24}},{"type":"Feature","geometry":{"type":"Point","coordinates":[5.273976,52.376387]},"properties":{"type":"charge","layer":"passenger","locationId":"68d24a4b0a5f6651f53c9479","name":"K Harke 's station","address":"Edvard Munchweg  47","city":"Almere","operatorName":"E-Flux by Road","maxPowerKw":11,"isMegawatt":false,"status":"AVAILABLE","source":"ndw","priceKwh":0.43}},{"type":"Feature","geometry":{"type":"Point","coordinates":[5.1538499,52.34193]},"properties":{"type":"charge","layer":"passenger","locationId":"2188","name":"Shell Recharge NL Winterspelenlaan 122","address":"Winterspelenlaan 122","city":"Almere","operatorName":"Ubitricity","maxPowerKw":22,"isMegawatt":false,"status":"AVAILABLE","source":"ndw","priceKwh":0.267}},{"type":"Feature","geometry":{"type":"Point","coordinates":[5.197433,52.366436]},"properties":{"type":"charge","layer":"passenger","locationId":"NLLOC001346","name":"NLD, Almere, Bizetstraat 23","address":"Bizetstraat 23","city":"Almere","operatorName":"Allego","maxPowerKw":11,"isMegawatt":false,"status":"AVAILABLE","source":"ndw","priceKwh":0.511}},{"type":"Feature","geometry":{"type":"Point","coordinates":[5.278378,52.395093]},"properties":{"type":"charge","layer":"passenger","locationId":"NLLOC001474","name":"NLD, Almere, Lissabonhof 2","address":"Lissabonhof 2","city":"Almere","operatorName":"Allego","maxPowerKw":22,"isMegawatt":false,"status":"AVAILABLE","source":"ndw","priceKwh":0.511}},{"type":"Feature","geometry":{"type":"Point","coordinates":[5.318466,52.398647]},"properties":{"type":"charge","layer":"passenger","locationId":"04364549-306C-44BD-B524-A4ED54B54F71","name":"TNLP034270 - Henk Sprengerweg 18, Almere","address":"18 Henk Sprengerweg","city":"Almere","operatorName":"TotalEnergies","maxPowerKw":13,"isMegawatt":false,"status":"UNAVAILABLE","source":"ndw"}},{"type":"Feature","geometry":{"type":"Point","coordinates":[5.170643,52.352466]},"properties":{"type":"charge","layer":"passenger","locationId":"67670fd7820ca6947802e1f3","name":"Motion Mobility - Cargahora","address":"Argonweg 125","city":"Almere","operatorName":"E-Flux by Road","maxPowerKw":22,"isMegawatt":false,"status":"AVAILABLE","source":"ndw","priceKwh":0.58}},{"type":"Feature","geometry":{"type":"Point","coordinates":[5.247827,52.35879]},"properties":{"type":"charge","layer":"passenger","locationId":"8AC959CA-350A-45F9-832F-ED4668B46E9D","name":"TNLP008308 - Caprastraat 19, Almere","address":"19 Caprastraat","city":"Almere","operatorName":"TotalEnergies","maxPowerKw":14,"isMegawatt":false,"status":"AVAILABLE","source":"ndw"}},{"type":"Feature","geometry":{"type":"Point","coordinates":[5.224729,52.401689]},"properties":{"type":"charge","layer":"passenger","locationId":"67504c1bfb0aab35721274f8","name":"Camping Waterhout station 2","address":"Trekvogelweg  10","city":"Almere","operatorName":"Lanova Laadpalen","maxPowerKw":11,"isMegawatt":false,"status":"AVAILABLE","source":"ndw","priceKwh":0.44}},{"type":"Feature","geometry":{"type":"Point","coordinates":[5.284374,52.386387]},"properties":{"type":"charge","layer":"passenger","locationId":"0A66FEBB-315F-4DE8-A7C8-046A607D02A2","name":"TNLP006244 - Lotusbloemweg 40, Almere","address":"40 Lotusbloemweg","city":"Almere","operatorName":"TotalEnergies","maxPowerKw":13,"isMegawatt":false,"status":"AVAILABLE","source":"ndw"}},{"type":"Feature","geometry":{"type":"Point","coordinates":[5.183038,52.362641]},"properties":{"type":"charge","layer":"passenger","locationId":"6380e123949e4d001def76c6","name":"De Binderij 6-8 station links","address":"De Binderij  6-8","city":"Almere","operatorName":"E-Flux by Road","maxPowerKw":22,"isMegawatt":false,"status":"AVAILABLE","source":"ndw","priceKwh":0.43}},{"type":"Feature","geometry":{"type":"Point","coordinates":[5.227169,52.348583]},"properties":{"type":"charge","layer":"passenger","locationId":"272C3B69-3D05-4C92-8C6A-4460C9EFFF3E","name":"PP005291 - De Steiger 174, Almere","address":"174 De Steiger","city":"Almere","operatorName":"TotalEnergies","maxPowerKw":15,"isMegawatt":false,"status":"AVAILABLE","source":"ndw"}},{"type":"Feature","geometry":{"type":"Point","coordinates":[5.3018738,52.3909339]},"properties":{"type":"charge","layer":"passenger","locationId":"1771","name":"Shell Recharge NL Pastelstraat 85","address":"Pastelstraat 85","city":"Almere","operatorName":"Ubitricity","maxPowerKw":22,"isMegawatt":false,"status":"AVAILABLE","source":"ndw","priceKwh":0.267}},{"type":"Feature","geometry":{"type":"Point","coordinates":[5.27708,52.39957]},"properties":{"type":"charge","layer":"passenger","locationId":"183","name":"Shell Recharge NL Wipmolenweg 353","address":"Wipmolenweg 353","city":"Almere","operatorName":"Ubitricity","maxPowerKw":11,"isMegawatt":false,"status":"CHARGING","source":"ndw","priceKwh":0.392}},{"type":"Feature","geometry":{"type":"Point","coordinates":[5.2300089,52.3334168]},"properties":{"type":"charge","layer":"passenger","locationId":"2678","name":"Shell Recharge NL Dijkmeent 41","address":"Dijkmeent 41","city":"Almere","operatorName":"Ubitricity","maxPowerKw":22,"isMegawatt":false,"status":"AVAILABLE","source":"ndw","priceKwh":0.267}},{"type":"Feature","geometry":{"type":"Point","coordinates":[5.256048,52.39507]},"properties":{"type":"charge","layer":"passenger","locationId":"1EA1F38D-EF6F-4C2F-8197-6DE32DC24CB6","name":"TNLP005935 - C. van Eesterenplein 146, Almere","address":"146 C. van Eesterenplein","city":"Almere","operatorName":"TotalEnergies","maxPowerKw":13,"isMegawatt":false,"status":"AVAILABLE","source":"ndw"}},{"type":"Feature","geometry":{"type":"Point","coordinates":[5.136432,52.354393]},"properties":{"type":"charge","layer":"passenger","locationId":"b434634697a3752e567e6b3ffc2bdd57","name":"Adriaen Blockstraat 90","address":"Adriaen Blockstraat 90","city":"Almere","operatorName":"Vattenfall InCharge","maxPowerKw":11,"isMegawatt":false,"status":"CHARGING","source":"ndw","priceKwh":0.2805}},{"type":"Feature","geometry":{"type":"Point","coordinates":[5.183695,52.346917]},"properties":{"type":"charge","layer":"passenger","locationId":"91283936","name":"50five-S NL 04003490","address":"Transistorstraat 7-B","city":"Almere","operatorName":"50five","maxPowerKw":7,"isMegawatt":false,"status":"AVAILABLE","source":"ndw"}},{"type":"Feature","geometry":{"type":"Point","coordinates":[5.2247058,52.3345691]},"properties":{"type":"charge","layer":"passenger","locationId":"1764","name":"Shell Recharge NL Goedewerf 69","address":"Goedewerf 69","city":"Almere","operatorName":"Ubitricity","maxPowerKw":22,"isMegawatt":false,"status":"AVAILABLE","source":"ndw","priceKwh":0.267}},{"type":"Feature","geometry":{"type":"Point","coordinates":[5.154126,52.345976]},"properties":{"type":"charge","layer":"passenger","locationId":"e092970a3ec05bf5c967e7c640ae1b9b","name":"Servïëplaats 2","address":"Servïëplaats 2","city":"Almere","operatorName":"Vattenfall InCharge","maxPowerKw":11,"isMegawatt":false,"status":"AVAILABLE","source":"ndw","priceKwh":0.2805}},{"type":"Feature","geometry":{"type":"Point","coordinates":[5.30914,52.4013]},"properties":{"type":"charge","layer":"passenger","locationId":"f53e24a2-1316-41cc-9946-d21a88eea455","name":"PP001618 - Spitsbergen 53, Almere","address":"53 Spitsbergen","city":"Almere","operatorName":"TotalEnergies","maxPowerKw":11,"isMegawatt":false,"status":"AVAILABLE","source":"ndw"}},{"type":"Feature","geometry":{"type":"Point","coordinates":[5.152517,52.351665]},"properties":{"type":"charge","layer":"passenger","locationId":"E95D688E-764B-4638-8237-F68390F2864B","name":"TNLP015245 - Achillesstraat 72, Almere","address":"72 Achillesstraat","city":"Almere","operatorName":"TotalEnergies","maxPowerKw":17,"isMegawatt":false,"status":"AVAILABLE","source":"ndw"}},{"type":"Feature","geometry":{"type":"Point","coordinates":[5.177089,52.383205]},"properties":{"type":"charge","layer":"passenger","locationId":"993777E5-D731-42CD-9A29-BFB47B047630","name":"TNLP034280 - Scheepstros 7, Almere","address":"7 Scheepstros","city":"Almere","operatorName":"TotalEnergies","maxPowerKw":13,"isMegawatt":false,"status":"UNAVAILABLE","source":"ndw"}},{"type":"Feature","geometry":{"type":"Point","coordinates":[5.158696,52.35673]},"properties":{"type":"charge","layer":"passenger","locationId":"7FFFECDA-C7DC-4176-8260-0B94A2720C0C","name":"TNLP034554 - Aurorastraat 29, Almere","address":"29 Aurorastraat","city":"Almere","operatorName":"TotalEnergies","maxPowerKw":13,"isMegawatt":false,"status":"UNAVAILABLE","source":"ndw"}},{"type":"Feature","geometry":{"type":"Point","coordinates":[5.241004,52.38003]},"properties":{"type":"charge","layer":"passenger","locationId":"b038d625-e304-4e3b-88a6-2f3d99545790","name":"TNLP006823 - Willem Gertenbachstraat 20, Almere","address":"20 Willem Gertenbachstraat","city":"Almere","operatorName":"TotalEnergies","maxPowerKw":13,"isMegawatt":false,"status":"AVAILABLE","source":"ndw"}},{"type":"Feature","geometry":{"type":"Point","coordinates":[5.3052,52.338747]},"properties":{"type":"charge","layer":"passenger","locationId":"91150666","name":"50five-S NL 07117187","address":"Haviklaan 8","city":"Almere","operatorName":"50five","maxPowerKw":7,"isMegawatt":false,"status":"UNAVAILABLE","source":"ndw"}},{"type":"Feature","geometry":{"type":"Point","coordinates":[5.162299,52.34461]},"properties":{"type":"charge","layer":"passenger","locationId":"69209b6fa96e962fe03f7257","name":"Timothy Philips 's station","address":"Koperstraat 7","city":"Almere","operatorName":"E-Flux by Road","maxPowerKw":11,"isMegawatt":false,"status":"AVAILABLE","source":"ndw","priceKwh":0.48}},{"type":"Feature","geometry":{"type":"Point","coordinates":[5.2690467,52.3735167]},"properties":{"type":"charge","layer":"passenger","locationId":"2023","name":"Shell Recharge NL Chagallweg 31","address":"Chagallweg 31","city":"Almere","operatorName":"Ubitricity","maxPowerKw":22,"isMegawatt":false,"status":"AVAILABLE","source":"ndw","priceKwh":0.267}},{"type":"Feature","geometry":{"type":"Point","coordinates":[5.180938,52.356533]},"properties":{"type":"charge","layer":"passenger","locationId":"31DC5D28-FC19-405B-AB49-4C6BCC4E17C9","name":"TNLP034129 - J.J. Slauerhoffstraat 57, Almere","address":"57 J.J. Slauerhoffstraat","city":"Almere","operatorName":"TotalEnergies","maxPowerKw":13,"isMegawatt":false,"status":"UNAVAILABLE","source":"ndw"}},{"type":"Feature","geometry":{"type":"Point","coordinates":[5.307375,52.396164]},"properties":{"type":"charge","layer":"passenger","locationId":"89172D1E-53DF-4369-8C5C-DE9C39EF27A4","name":"TNLP034203 - Samoastraat 2, Almere","address":"2 Samoastraat","city":"Almere","operatorName":"TotalEnergies","maxPowerKw":13,"isMegawatt":false,"status":"UNAVAILABLE","source":"ndw"}},{"type":"Feature","geometry":{"type":"Point","coordinates":[5.275406,52.356266]},"properties":{"type":"charge","layer":"passenger","locationId":"597D1630-8FB0-46BE-B218-9AF3B6A51D0D","name":"TNLP034642 - John van Vleckstraat 21, Almere","address":"21 John van Vleckstraat","city":"Almere","operatorName":"TotalEnergies","maxPowerKw":13,"isMegawatt":false,"status":"UNAVAILABLE","source":"ndw"}},{"type":"Feature","geometry":{"type":"Point","coordinates":[5.25985,52.35848]},"properties":{"type":"charge","layer":"passenger","locationId":"A968DAFD-12FB-43F6-B0FD-E018A35173C8","name":"Eneco eMobility Broekhuis Hyundai Almere","address":"De Strubbenweg 13","city":"Almere","operatorName":"Eneco","maxPowerKw":22,"isMegawatt":false,"status":"AVAILABLE","source":"ndw","priceKwh":0.45}},{"type":"Feature","geometry":{"type":"Point","coordinates":[5.28792,52.39138]},"properties":{"type":"charge","layer":"passenger","locationId":"1f1f5f45-ee49-4212-bd48-8e2b9d245ccb","name":"PP001850 - Waterleliestraat 28, Almere","address":"28 Waterleliestraat","city":"Almere","operatorName":"TotalEnergies","maxPowerKw":11,"isMegawatt":false,"status":"AVAILABLE","source":"ndw"}},{"type":"Feature","geometry":{"type":"Point","coordinates":[5.22161,52.37171]},"properties":{"type":"charge","layer":"passenger","locationId":"4ebda467-30a3-4cc3-96fb-1267fbe9fa66","name":"Laadplein - PP002061 - Stadhuisplein 1, Almere","address":"1 Stadhuisplein","city":"Almere","operatorName":"TotalEnergies","maxPowerKw":11,"isMegawatt":false,"status":"AVAILABLE","source":"ndw"}},{"type":"Feature","geometry":{"type":"Point","coordinates":[5.15785,52.3437]},"properties":{"type":"charge","layer":"passenger","locationId":"7050c026de0d5248ebf7a21c238bf5c8","name":"Griekenlandkade 30","address":"Griekenlandkade 30","city":"Almere","operatorName":"Vattenfall InCharge","maxPowerKw":11,"isMegawatt":false,"status":"AVAILABLE","source":"ndw","priceKwh":0.2805}},{"type":"Feature","geometry":{"type":"Point","coordinates":[5.29619,52.40237]},"properties":{"type":"charge","layer":"passenger","locationId":"661359fe-cafc-4294-8386-764500da5497","name":"PP001231 - Laan der V.O.C. 58, Almere","address":"58 Laan der V.O.C.","city":"Almere","operatorName":"TotalEnergies","maxPowerKw":11,"isMegawatt":false,"status":"AVAILABLE","source":"ndw"}},{"type":"Feature","geometry":{"type":"Point","coordinates":[5.1447059,52.3569693]},"properties":{"type":"charge","layer":"passenger","locationId":"2773","name":"Shell Recharge NL Dagdastraat 6","address":"Dagdastraat 6","city":"Almere","operatorName":"Ubitricity","maxPowerKw":22,"isMegawatt":false,"status":"AVAILABLE","source":"ndw","priceKwh":0.267}},{"type":"Feature","geometry":{"type":"Point","coordinates":[5.26117,52.37238]},"properties":{"type":"charge","layer":"passenger","locationId":"ca21683fa46ff2ccfb0cfa39c08eea91","name":"Miróstraat 29","address":"Miróstraat 29","city":"Almere","operatorName":"Vattenfall InCharge","maxPowerKw":11,"isMegawatt":false,"status":"AVAILABLE","source":"ndw","priceKwh":0.2805}},{"type":"Feature","geometry":{"type":"Point","coordinates":[5.173793,52.392075]},"properties":{"type":"charge","layer":"passenger","locationId":"E9DB0D25-FA03-49D3-B633-3DB00970EDF9","name":"TNLP008857 - Loggerzeil 3, Almere","address":"3 Loggerzeil","city":"Almere","operatorName":"TotalEnergies","maxPowerKw":14,"isMegawatt":false,"status":"AVAILABLE","source":"ndw"}},{"type":"Feature","geometry":{"type":"Point","coordinates":[5.15825,52.358875]},"properties":{"type":"charge","layer":"passenger","locationId":"2234574a-c5a1-4504-a720-76e255cbf6ff","name":"Laadplein - TNLP006418 - Fortunastraat 1, Almere","address":"1 Fortunastraat","city":"Almere","operatorName":"TotalEnergies","maxPowerKw":15,"isMegawatt":false,"status":"AVAILABLE","source":"ndw"}},{"type":"Feature","geometry":{"type":"Point","coordinates":[5.181677,52.354983]},"properties":{"type":"charge","layer":"passenger","locationId":"NLLOC001197","name":"NLD, Almere, Ida Gerhardtstraat 51","address":"Ida Gerhardtstraat 51","city":"Almere","operatorName":"Allego","maxPowerKw":11,"isMegawatt":false,"status":"AVAILABLE","source":"ndw","priceKwh":0.511}},{"type":"Feature","geometry":{"type":"Point","coordinates":[5.318261,52.406418]},"properties":{"type":"charge","layer":"passenger","locationId":"5772E219-4AF8-4DA7-80CC-2935A63FF4EB","name":"TNLP007454 - Henk Albersstraat 1, Almere","address":"1 Henk Albersstraat","city":"Almere","operatorName":"TotalEnergies","maxPowerKw":15,"isMegawatt":false,"status":"AVAILABLE","source":"ndw"}},{"type":"Feature","geometry":{"type":"Point","coordinates":[5.308854,52.401142]},"properties":{"type":"charge","layer":"passenger","locationId":"60B46E58-7F0E-4089-8246-56AF4C90883C","name":"TNLP007290 - Spitsbergen 51, Almere","address":"51 Spitsbergen","city":"Almere","operatorName":"TotalEnergies","maxPowerKw":13,"isMegawatt":false,"status":"AVAILABLE","source":"ndw"}},{"type":"Feature","geometry":{"type":"Point","coordinates":[5.174993,52.350622]},"properties":{"type":"charge","layer":"passenger","locationId":"91200578","name":"50five-S NL 18B10067","address":"Audioweg 1","city":"Almere","operatorName":"50five","maxPowerKw":11,"isMegawatt":false,"status":"AVAILABLE","source":"ndw"}},{"type":"Feature","geometry":{"type":"Point","coordinates":[5.295116,52.396964]},"properties":{"type":"charge","layer":"passenger","locationId":"e440f4485cf595470665274d983d0e8b","name":"Okerstraat 23","address":"Okerstraat 23","city":"Almere","operatorName":"Vattenfall InCharge","maxPowerKw":11,"isMegawatt":false,"status":"AVAILABLE","source":"ndw","priceKwh":0.2805}},{"type":"Feature","geometry":{"type":"Point","coordinates":[5.273226,52.388184]},"properties":{"type":"charge","layer":"passenger","locationId":"B3B3A8AE-B990-4470-AD16-E3070258EC8A","name":"TNLP009593 - Haasweg 168, Almere","address":"168 Haasweg","city":"Almere","operatorName":"TotalEnergies","maxPowerKw":17,"isMegawatt":false,"status":"UNAVAILABLE","source":"ndw"}},{"type":"Feature","geometry":{"type":"Point","coordinates":[5.147096,52.357462]},"properties":{"type":"charge","layer":"passenger","locationId":"NLLOC001164","name":"NLD, Almere, Brigantiastraat 16","address":"Brigantiastraat 16","city":"Almere","operatorName":"Allego","maxPowerKw":11,"isMegawatt":false,"status":"AVAILABLE","source":"ndw","priceKwh":0.511}},{"type":"Feature","geometry":{"type":"Point","coordinates":[5.140636,52.33964]},"properties":{"type":"charge","layer":"passenger","locationId":"5FFCDD78-1B76-4E6F-A170-541FFF6EDBE8","name":"Laadplein - TNLP007176 - Duinrugstraat 47, Almere","address":"47 Duinrugstraat","city":"Almere","operatorName":"TotalEnergies","maxPowerKw":15,"isMegawatt":false,"status":"CHARGING","source":"ndw"}},{"type":"Feature","geometry":{"type":"Point","coordinates":[5.27008,52.38452]},"properties":{"type":"charge","layer":"passenger","locationId":"d2e011e2-858c-41e9-a4d3-45a75774f62d","name":"PP001980 - Moeflonstraat 30, Almere","address":"30 Moeflonstraat","city":"Almere","operatorName":"TotalEnergies","maxPowerKw":11,"isMegawatt":false,"status":"AVAILABLE","source":"ndw"}},{"type":"Feature","geometry":{"type":"Point","coordinates":[5.141464,52.34041]},"properties":{"type":"charge","layer":"passenger","locationId":"91054146","name":"50five-S NL 07110821","address":"Duinrugstraat 27","city":"Almere","operatorName":"50five","maxPowerKw":11,"isMegawatt":false,"status":"AVAILABLE","source":"ndw"}},{"type":"Feature","geometry":{"type":"Point","coordinates":[5.1987713,52.3835576]},"properties":{"type":"charge","layer":"passenger","locationId":"2741","name":"Shell Recharge NL Gipskruidweg 103","address":"Gipskruidweg 103","city":"Almere","operatorName":"Ubitricity","maxPowerKw":22,"isMegawatt":false,"status":"AVAILABLE","source":"ndw","priceKwh":0.267}},{"type":"Feature","geometry":{"type":"Point","coordinates":[5.2496778,52.3718957]},"properties":{"type":"charge","layer":"passenger","locationId":"1077","name":"Shell Recharge NL Pereboomweg 45","address":"Pereboomweg 45","city":"Almere","operatorName":"Ubitricity","maxPowerKw":22,"isMegawatt":false,"status":"UNAVAILABLE","source":"ndw","priceKwh":0.267}},{"type":"Feature","geometry":{"type":"Point","coordinates":[5.266999,52.370575]},"properties":{"type":"charge","layer":"passenger","locationId":"EA22CD01-EA1B-44B8-92F6-3FC507F88218","name":"TNLP015270 - El Grecostraat 7, Almere","address":"7 El Grecostraat","city":"Almere","operatorName":"TotalEnergies","maxPowerKw":17,"isMegawatt":false,"status":"UNAVAILABLE","source":"ndw"}},{"type":"Feature","geometry":{"type":"Point","coordinates":[5.231718,52.332306]},"properties":{"type":"charge","layer":"passenger","locationId":"93338767-941B-47B4-8954-C9055805A1F1","name":"TNLP007112 - Dijkmeent 65, Almere","address":"65 Dijkmeent","city":"Almere","operatorName":"TotalEnergies","maxPowerKw":13,"isMegawatt":false,"status":"AVAILABLE","source":"ndw"}},{"type":"Feature","geometry":{"type":"Point","coordinates":[5.259393,52.372387]},"properties":{"type":"charge","layer":"passenger","locationId":"A2A937F9-E463-49B3-983C-45AA44247FD7","name":"TNLP006768 - Paul Kleestraat 122, Almere","address":"122 Paul Kleestraat","city":"Almere","operatorName":"TotalEnergies","maxPowerKw":13,"isMegawatt":false,"status":"AVAILABLE","source":"ndw"}},{"type":"Feature","geometry":{"type":"Point","coordinates":[5.17382,52.367867]},"properties":{"type":"charge","layer":"passenger","locationId":"02EE2D2F-83A8-493B-997F-F07E0479DA29","name":"TNLP006318 - Rolling Stonesstraat 71, Almere","address":"71 Rolling Stonesstraat","city":"Almere","operatorName":"TotalEnergies","maxPowerKw":13,"isMegawatt":false,"status":"AVAILABLE","source":"ndw"}},{"type":"Feature","geometry":{"type":"Point","coordinates":[5.31749,52.40934]},"properties":{"type":"charge","layer":"passenger","locationId":"b7245ae83cc97eb48990c173f8626acb","name":"Pasar Malamstraat 721","address":"Pasar Malamstraat 721","city":"Almere","operatorName":"Vattenfall InCharge","maxPowerKw":11,"isMegawatt":false,"status":"AVAILABLE","source":"ndw","priceKwh":0.2805}},{"type":"Feature","geometry":{"type":"Point","coordinates":[5.321203,52.404087]},"properties":{"type":"charge","layer":"passenger","locationId":"14EF3DD9-5296-4EE3-B623-6434DE781281","name":"TNLP005981 - Carol Vogesgracht 32, Almere","address":"32 Carol Vogesgracht","city":"Almere","operatorName":"TotalEnergies","maxPowerKw":13,"isMegawatt":false,"status":"AVAILABLE","source":"ndw"}},{"type":"Feature","geometry":{"type":"Point","coordinates":[5.179892,52.356182]},"properties":{"type":"charge","layer":"passenger","locationId":"6FFAA795-F708-4FE7-A92F-C0A20B6D8139","name":"TNLP006681 - J.J. Slauerhoffstraat 81, Almere","address":"81 J.J. Slauerhoffstraat","city":"Almere","operatorName":"TotalEnergies","maxPowerKw":13,"isMegawatt":false,"status":"AVAILABLE","source":"ndw"}},{"type":"Feature","geometry":{"type":"Point","coordinates":[5.252853,52.359149]},"properties":{"type":"charge","layer":"passenger","locationId":"91185874","name":"50five-S NL 17B14303","address":"Roeklaan 14","city":"Almere","operatorName":"50five","maxPowerKw":11,"isMegawatt":false,"status":"UNAVAILABLE","source":"ndw"}},{"type":"Feature","geometry":{"type":"Point","coordinates":[5.1554,52.34533]},"properties":{"type":"charge","layer":"passenger","locationId":"06436705-7305-4635-9FE6-AEED20BCAA7C","name":"TNLP015248 - Serviëstraat 55, Almere","address":"55 Serviëstraat","city":"Almere","operatorName":"TotalEnergies","maxPowerKw":17,"isMegawatt":false,"status":"AVAILABLE","source":"ndw"}},{"type":"Feature","geometry":{"type":"Point","coordinates":[5.16919,52.34705]},"properties":{"type":"charge","layer":"passenger","locationId":"1675711","name":"Laadnet Veel Beter","address":"Elektronweg 4","city":"Almere","operatorName":"Laadnet","maxPowerKw":22,"isMegawatt":false,"status":"AVAILABLE","source":"ndw"}},{"type":"Feature","geometry":{"type":"Point","coordinates":[5.276378,52.39615]},"properties":{"type":"charge","layer":"passenger","locationId":"E87A46B3-70BD-481E-94D3-15FFF2FD35DB","name":"TNLP009854 - Londenhof 11, Almere","address":"11 Londenhof","city":"Almere","operatorName":"TotalEnergies","maxPowerKw":17,"isMegawatt":false,"status":"UNAVAILABLE","source":"ndw"}},{"type":"Feature","geometry":{"type":"Point","coordinates":[5.153319,52.353]},"properties":{"type":"charge","layer":"passenger","locationId":"2E71EAF9-3F66-49CF-84FA-A5A22EE31D58","name":"TNLP008787 - Neptunussingel 1, Almere","address":"1 Neptunussingel","city":"Almere","operatorName":"TotalEnergies","maxPowerKw":14,"isMegawatt":false,"status":"AVAILABLE","source":"ndw"}},{"type":"Feature","geometry":{"type":"Point","coordinates":[5.198121,52.364937]},"properties":{"type":"charge","layer":"passenger","locationId":"453B3DAD-0812-4DA5-A5AE-8C3A9CC480A8","name":"TNLP006651 - Haydnplantsoen 58, Almere","address":"58 Haydnplantsoen","city":"Almere","operatorName":"TotalEnergies","maxPowerKw":13,"isMegawatt":false,"status":"AVAILABLE","source":"ndw"}},{"type":"Feature","geometry":{"type":"Point","coordinates":[5.157124,52.34568]},"properties":{"type":"charge","layer":"passenger","locationId":"3893A3FF-A890-4636-9FB9-66A3707CA4AA","name":"TNLP009857 - Europalaan 499, Almere","address":"499 Europalaan","city":"Almere","operatorName":"TotalEnergies","maxPowerKw":17,"isMegawatt":false,"status":"AVAILABLE","source":"ndw"}},{"type":"Feature","geometry":{"type":"Point","coordinates":[5.266966,52.370617]},"properties":{"type":"charge","layer":"passenger","locationId":"43250581-0AA5-452D-9FFF-F3667D854C03","name":"TNLP034678 - El Grecostraat 7, Almere","address":"7 El Grecostraat","city":"Almere","operatorName":"TotalEnergies","maxPowerKw":13,"isMegawatt":false,"status":"UNAVAILABLE","source":"ndw"}},{"type":"Feature","geometry":{"type":"Point","coordinates":[5.288391,52.396893]},"properties":{"type":"charge","layer":"passenger","locationId":"765f32eb-dc00-4e95-970a-f26fe2b3cd3f","name":"PP001651 - Palembangweg 17, Almere","address":"17 Palembangweg","city":"Almere","operatorName":"TotalEnergies","maxPowerKw":11,"isMegawatt":false,"status":"AVAILABLE","source":"ndw"}},{"type":"Feature","geometry":{"type":"Point","coordinates":[5.248615,52.379208]},"properties":{"type":"charge","layer":"passenger","locationId":"62f4c77d-fdd6-4f81-b1d3-94d7dd0bbc93","name":"PP005224 - Groep Meelhuysenstraat 27, Almere","address":"27 Groep Meelhuysenstraat","city":"Almere","operatorName":"TotalEnergies","maxPowerKw":13,"isMegawatt":false,"status":"AVAILABLE","source":"ndw"}},{"type":"Feature","geometry":{"type":"Point","coordinates":[5.202675,52.34514]},"properties":{"type":"charge","layer":"passenger","locationId":"900FC56E-63BE-4FC8-AB45-EDC60B5383A7","name":"TNLP007872 - Beemdlaar 63, Almere","address":"63 Beemdlaar","city":"Almere","operatorName":"TotalEnergies","maxPowerKw":13,"isMegawatt":false,"status":"AVAILABLE","source":"ndw"}},{"type":"Feature","geometry":{"type":"Point","coordinates":[5.18313,52.35854]},"properties":{"type":"charge","layer":"passenger","locationId":"c5b6f039-51ce-47f4-9afc-e6ad7e3c7a00","name":"Laadplein - TNLP006359 - Prozastraat 98, Almere","address":"98 Prozastraat","city":"Almere","operatorName":"TotalEnergies","maxPowerKw":15,"isMegawatt":false,"status":"AVAILABLE","source":"ndw"}},{"type":"Feature","geometry":{"type":"Point","coordinates":[5.221591,52.376148]},"properties":{"type":"charge","layer":"passenger","locationId":"61f159b95b5d8c68f0abee7a","name":"Eurotoren Almere","address":"Landdrostdreef  124","city":"Almere","operatorName":"E-Flux by Road","maxPowerKw":11,"isMegawatt":false,"status":"UNAVAILABLE","source":"ndw","priceKwh":0.34}},{"type":"Feature","geometry":{"type":"Point","coordinates":[5.230768,52.345783]},"properties":{"type":"charge","layer":"passenger","locationId":"f5495e1c-8335-4489-b4b2-3e3b81b116d5","name":"TNLP034254 - Hofmark 209, Almere","address":"209 Hofmark","city":"Almere","operatorName":"TotalEnergies","maxPowerKw":13,"isMegawatt":false,"status":"AVAILABLE","source":"ndw"}},{"type":"Feature","geometry":{"type":"Point","coordinates":[5.243668,52.406396]},"properties":{"type":"charge","layer":"passenger","locationId":"6638bacad24ffc001cc50615","name":"Knipscheer Almere (R)","address":"Damsluisweg 35","city":"Almere","operatorName":"E-Flux by Road","maxPowerKw":22,"isMegawatt":false,"status":"AVAILABLE","source":"ndw","priceKwh":0.53}},{"type":"Feature","geometry":{"type":"Point","coordinates":[5.1542824,52.3563863]},"properties":{"type":"charge","layer":"passenger","locationId":"2008","name":"Shell Recharge NL Polluxstraat 1","address":"Polluxstraat 1","city":"Almere","operatorName":"Ubitricity","maxPowerKw":22,"isMegawatt":false,"status":"AVAILABLE","source":"ndw","priceKwh":0.267}},{"type":"Feature","geometry":{"type":"Point","coordinates":[5.267274,52.375976]},"properties":{"type":"charge","layer":"passenger","locationId":"223","name":"Shell Recharge NL Brancusistraat 84","address":"Brancusistraat 84","city":"Almere","operatorName":"Ubitricity","maxPowerKw":11,"isMegawatt":false,"status":"AVAILABLE","source":"ndw","priceKwh":0.392}},{"type":"Feature","geometry":{"type":"Point","coordinates":[5.262932,52.403203]},"properties":{"type":"charge","layer":"passenger","locationId":"63a57f42f5b37d0012a69d56","name":"BLU keukens","address":"Zandzuigerstraat  58","city":"Almere","operatorName":"E-Flux by Road","maxPowerKw":11,"isMegawatt":false,"status":"UNAVAILABLE","source":"ndw"}},{"type":"Feature","geometry":{"type":"Point","coordinates":[5.246217,52.356516]},"properties":{"type":"charge","layer":"passenger","locationId":"3411777","name":"Laadnet Driemere CV","address":"Veluwezoom 42","city":"Almere","operatorName":"Laadnet","maxPowerKw":22,"isMegawatt":false,"status":"AVAILABLE","source":"ndw"}},{"type":"Feature","geometry":{"type":"Point","coordinates":[5.189615,52.3622643]},"properties":{"type":"charge","layer":"passenger","locationId":"1237","name":"Shell Recharge NL Erik Satiestraat 1","address":"Erik Satiestraat 1","city":"Almere","operatorName":"Ubitricity","maxPowerKw":22,"isMegawatt":false,"status":"AVAILABLE","source":"ndw","priceKwh":0.267}},{"type":"Feature","geometry":{"type":"Point","coordinates":[5.246161,52.404529]},"properties":{"type":"charge","layer":"passenger","locationId":"66ab3d9beae2b4001c75f412","name":"NL - Almere - Hefbrugweg 79 - P1","address":"Hefbrugweg 79","city":"Almere","operatorName":"E-Flux by Road","maxPowerKw":14,"isMegawatt":false,"status":"AVAILABLE","source":"ndw","priceKwh":0.24}},{"type":"Feature","geometry":{"type":"Point","coordinates":[5.205816,52.34175]},"properties":{"type":"charge","layer":"passenger","locationId":"1EA3FD9A-9978-4640-A9F8-EB727CFC9F2A","name":"PP005280 - Leemwierde 147, Almere","address":"147 Leemwierde","city":"Almere","operatorName":"TotalEnergies","maxPowerKw":13,"isMegawatt":false,"status":"AVAILABLE","source":"ndw"}},{"type":"Feature","geometry":{"type":"Point","coordinates":[5.26927,52.37398]},"properties":{"type":"charge","layer":"passenger","locationId":"581","name":"Shell Recharge NL Chagallweg 43","address":"Chagallweg 43","city":"Almere","operatorName":"Ubitricity","maxPowerKw":11,"isMegawatt":false,"status":"AVAILABLE","source":"ndw","priceKwh":0.392}},{"type":"Feature","geometry":{"type":"Point","coordinates":[5.155675,52.351555]},"properties":{"type":"charge","layer":"passenger","locationId":"9DCE66E7-7BF7-490E-93F4-56BA743F3938","name":"TNLP009700 - Anubisstraat 192, Almere","address":"192 Anubisstraat","city":"Almere","operatorName":"TotalEnergies","maxPowerKw":17,"isMegawatt":false,"status":"AVAILABLE","source":"ndw"}},{"type":"Feature","geometry":{"type":"Point","coordinates":[5.237029,52.33357]},"properties":{"type":"charge","layer":"passenger","locationId":"1FEC2AF2-6E47-40B7-9642-89A62709B11D","name":"TNLP034106 - Schapenmeent 148, Almere","address":"148 Schapenmeent","city":"Almere","operatorName":"TotalEnergies","maxPowerKw":13,"isMegawatt":false,"status":"AVAILABLE","source":"ndw"}},{"type":"Feature","geometry":{"type":"Point","coordinates":[5.289255,52.401478]},"properties":{"type":"charge","layer":"passenger","locationId":"06966AE5-461D-4D52-9FB3-BD15F7721426","name":"PP001392 - Eeuwenweg 63, Almere","address":"63 Eeuwenweg","city":"Almere","operatorName":"TotalEnergies","maxPowerKw":11,"isMegawatt":false,"status":"AVAILABLE","source":"ndw"}},{"type":"Feature","geometry":{"type":"Point","coordinates":[5.246173,52.409379]},"properties":{"type":"charge","layer":"passenger","locationId":"91107685","name":"50five-S NL 09140580","address":"Keersluisweg 13","city":"Almere","operatorName":"50five","maxPowerKw":11,"isMegawatt":false,"status":"AVAILABLE","source":"ndw"}},{"type":"Feature","geometry":{"type":"Point","coordinates":[5.22782,52.37107]},"properties":{"type":"charge","layer":"passenger","locationId":"89f94a8b-06df-41d7-b267-32f0324250d7","name":"PP001683 - Orson Wellesstraat 2, Almere","address":"2 Orson Wellesstraat","city":"Almere","operatorName":"TotalEnergies","maxPowerKw":11,"isMegawatt":false,"status":"AVAILABLE","source":"ndw"}},{"type":"Feature","geometry":{"type":"Point","coordinates":[5.3193996,52.4053757]},"properties":{"type":"charge","layer":"passenger","locationId":"2364","name":"Shell Recharge NL Dick Bosstraat 127","address":"Dick Bosstraat 127","city":"Almere","operatorName":"Ubitricity","maxPowerKw":22,"isMegawatt":false,"status":"CHARGING","source":"ndw","priceKwh":0.267}},{"type":"Feature","geometry":{"type":"Point","coordinates":[5.252125,52.360219]},"properties":{"type":"charge","layer":"passenger","locationId":"91069119","name":"50five-S NL 07109119","address":"Ed van der Elskenhof 17","city":"Almere","operatorName":"50five","maxPowerKw":11,"isMegawatt":false,"status":"CHARGING","source":"ndw"}},{"type":"Feature","geometry":{"type":"Point","coordinates":[5.212202,52.366266]},"properties":{"type":"charge","layer":"passenger","locationId":"09cd5040e7b818238936b98f9543ea45","name":"Hengelostraat 61","address":"Hengelostraat 61","city":"Almere","operatorName":"Vattenfall InCharge","maxPowerKw":11,"isMegawatt":false,"status":"AVAILABLE","source":"ndw","priceKwh":0.2805}},{"type":"Feature","geometry":{"type":"Point","coordinates":[5.249415,52.355886]},"properties":{"type":"charge","layer":"passenger","locationId":"91106555","name":"50five-S NL 19B06610","address":"Veluwezoom 16","city":"Almere","operatorName":"50five","maxPowerKw":22,"isMegawatt":false,"status":"AVAILABLE","source":"ndw"}},{"type":"Feature","geometry":{"type":"Point","coordinates":[5.24716,52.37393]},"properties":{"type":"charge","layer":"passenger","locationId":"c3b462b90d39554c3763da43e5c06dcd","name":"Gleditsiastraat 2","address":"Gleditsiastraat 2","city":"Almere","operatorName":"Vattenfall InCharge","maxPowerKw":11,"isMegawatt":false,"status":"AVAILABLE","source":"ndw","priceKwh":0.2805}},{"type":"Feature","geometry":{"type":"Point","coordinates":[5.152209,52.356693]},"properties":{"type":"charge","layer":"passenger","locationId":"9CFF0EA3-FBF6-4C5B-B465-25B53C5E2B4F","name":"TNLP034212 - Odysseestraat 1, Almere","address":"1 Odysseestraat","city":"Almere","operatorName":"TotalEnergies","maxPowerKw":13,"isMegawatt":false,"status":"CHARGING","source":"ndw"}},{"type":"Feature","geometry":{"type":"Point","coordinates":[5.229264,52.389041]},"properties":{"type":"charge","layer":"passenger","locationId":"NLLOC000949","name":"NLD, Almere, Grote Wielenpad 2","address":"Grote Wielenpad 2","city":"Almere","operatorName":"Allego","maxPowerKw":11,"isMegawatt":false,"status":"AVAILABLE","source":"ndw","priceKwh":0.511}},{"type":"Feature","geometry":{"type":"Point","coordinates":[5.269318,52.36931]},"properties":{"type":"charge","layer":"passenger","locationId":"NLLOC001360","name":"NLD, Almere, Velazquezstraat 64","address":"Velazquezstraat 64","city":"Almere","operatorName":"Allego","maxPowerKw":11,"isMegawatt":false,"status":"AVAILABLE","source":"ndw","priceKwh":0.511}},{"type":"Feature","geometry":{"type":"Point","coordinates":[5.17667,52.396215]},"properties":{"type":"charge","layer":"passenger","locationId":"2651441","name":"Laadnet Marifoon","address":"Marifoon 20","city":"Almere","operatorName":"Laadnet","maxPowerKw":4,"isMegawatt":false,"status":"UNAVAILABLE","source":"ndw"}},{"type":"Feature","geometry":{"type":"Point","coordinates":[5.191519,52.36545]},"properties":{"type":"charge","layer":"passenger","locationId":"09354E20-A0BC-4C34-9B55-863B26975A47","name":"TNLP009505 - Bartokweg 89, Almere","address":"89 Bartokweg","city":"Almere","operatorName":"TotalEnergies","maxPowerKw":13,"isMegawatt":false,"status":"AVAILABLE","source":"ndw"}},{"type":"Feature","geometry":{"type":"Point","coordinates":[5.2418559,52.3774626]},"properties":{"type":"charge","layer":"passenger","locationId":"1053","name":"Shell Recharge NL Oltman Thomsenstraat 55","address":"Oltman Thomsenstraat 55","city":"Almere","operatorName":"Ubitricity","maxPowerKw":22,"isMegawatt":false,"status":"AVAILABLE","source":"ndw","priceKwh":0.267}},{"type":"Feature","geometry":{"type":"Point","coordinates":[5.261603,52.37494]},"properties":{"type":"charge","layer":"passenger","locationId":"1717ACE2-A148-442F-8427-4135BC588129","name":"TNLP007016 - Marcel Duchampstraat 72, Almere","address":"72 Marcel Duchampstraat","city":"Almere","operatorName":"TotalEnergies","maxPowerKw":15,"isMegawatt":false,"status":"UNAVAILABLE","source":"ndw"}},{"type":"Feature","geometry":{"type":"Point","coordinates":[5.236273,52.388657]},"properties":{"type":"charge","layer":"passenger","locationId":"00a5c913-2c0b-4219-8e98-5378c7adbd2f","name":"PP001641 - Zaagvisplantsoen 14, Almere","address":"14 Zaagvisplantsoen","city":"Almere","operatorName":"TotalEnergies","maxPowerKw":11,"isMegawatt":false,"status":"AVAILABLE","source":"ndw"}},{"type":"Feature","geometry":{"type":"Point","coordinates":[5.239115,52.38918]},"properties":{"type":"charge","layer":"passenger","locationId":"1E12BF16-3BF8-451B-9C75-AFBB095166DC","name":"TNLP009601 - Inktvisplein 42, Almere","address":"42 Inktvisplein","city":"Almere","operatorName":"TotalEnergies","maxPowerKw":15,"isMegawatt":false,"status":"AVAILABLE","source":"ndw"}},{"type":"Feature","geometry":{"type":"Point","coordinates":[5.174256,52.398469]},"properties":{"type":"charge","layer":"passenger","locationId":"91314576","name":"50five-S NL Location","address":"Kettingsteek 9","city":"Almere","operatorName":"50five","maxPowerKw":11,"isMegawatt":false,"status":"CHARGING","source":"ndw"}},{"type":"Feature","geometry":{"type":"Point","coordinates":[5.183982,52.366467]},"properties":{"type":"charge","layer":"passenger","locationId":"FB6CE933-7337-4184-8DEE-C1B104B42311","name":"TNLP007895 - John Coltranestraat 10, Almere","address":"10 John Coltranestraat","city":"Almere","operatorName":"TotalEnergies","maxPowerKw":15,"isMegawatt":false,"status":"AVAILABLE","source":"ndw"}},{"type":"Feature","geometry":{"type":"Point","coordinates":[5.146625,52.354975]},"properties":{"type":"charge","layer":"passenger","locationId":"98d0dcbb6f2531c2311dae9745d76f1a","name":"Thorstraat 10","address":"Thorstraat 10","city":"Almere","operatorName":"Vattenfall InCharge","maxPowerKw":11,"isMegawatt":false,"status":"AVAILABLE","source":"ndw","priceKwh":0.2805}},{"type":"Feature","geometry":{"type":"Point","coordinates":[5.243035,52.365543]},"properties":{"type":"charge","layer":"passenger","locationId":"C5B6E8D9-7D15-4082-AAEC-4FA80B708336","name":"TNLP009599 - Simon van Collemstraat 92 A, Almere","address":"92 A Simon van Collemstraat","city":"Almere","operatorName":"TotalEnergies","maxPowerKw":13,"isMegawatt":false,"status":"AVAILABLE","source":"ndw"}},{"type":"Feature","geometry":{"type":"Point","coordinates":[5.249851,52.381091]},"properties":{"type":"charge","layer":"passenger","locationId":"NLLOC001479","name":"NLD, Almere, Rembrandtweg 100","address":"Rembrandtweg 100","city":"Almere","operatorName":"Allego","maxPowerKw":11,"isMegawatt":false,"status":"AVAILABLE","source":"ndw","priceKwh":0.511}},{"type":"Feature","geometry":{"type":"Point","coordinates":[5.214337,52.346516]},"properties":{"type":"charge","layer":"passenger","locationId":"NLLOC001163","name":"NLD, Almere, Peppengouw 20","address":"Peppengouw 20","city":"Almere","operatorName":"Allego","maxPowerKw":11,"isMegawatt":false,"status":"CHARGING","source":"ndw","priceKwh":0.511}},{"type":"Feature","geometry":{"type":"Point","coordinates":[5.153238,52.353982]},"properties":{"type":"charge","layer":"passenger","locationId":"b0add85c422af5d1bdd182fad92a5f6d","name":"Achillesstraat 20","address":"Achillesstraat 20","city":"Almere","operatorName":"Vattenfall InCharge","maxPowerKw":11,"isMegawatt":false,"status":"CHARGING","source":"ndw","priceKwh":0.2805}},{"type":"Feature","geometry":{"type":"Point","coordinates":[5.188357,52.365371]},"properties":{"type":"charge","layer":"passenger","locationId":"43b8cb8d42170f591d0b49520ab1c095","name":"Gershwinstraat 55","address":"Gershwinstraat 55","city":"Almere","operatorName":"Vattenfall InCharge","maxPowerKw":11,"isMegawatt":false,"status":"AVAILABLE","source":"ndw","priceKwh":0.4316}},{"type":"Feature","geometry":{"type":"Point","coordinates":[5.241923,52.36522]},"properties":{"type":"charge","layer":"passenger","locationId":"D6DEA9D6-4750-4953-8321-1E43F0FA520E","name":"TNLP034226 - Adrienne Solserstraat 68, Almere","address":"68 Adrienne Solserstraat","city":"Almere","operatorName":"TotalEnergies","maxPowerKw":13,"isMegawatt":false,"status":"UNAVAILABLE","source":"ndw"}},{"type":"Feature","geometry":{"type":"Point","coordinates":[5.307275,52.408945]},"properties":{"type":"charge","layer":"passenger","locationId":"208","name":"Shell Recharge NL Diadeemstraat 8","address":"Diadeemstraat 8","city":"Almere","operatorName":"Ubitricity","maxPowerKw":11,"isMegawatt":false,"status":"AVAILABLE","source":"ndw","priceKwh":0.392}},{"type":"Feature","geometry":{"type":"Point","coordinates":[5.191139,52.350088]},"properties":{"type":"charge","layer":"passenger","locationId":"1771","name":"50five Okkerse & Schop Advocaten","address":"Versterkerstraat 4B","city":"Almere","operatorName":"50five","maxPowerKw":17,"isMegawatt":false,"status":"AVAILABLE","source":"ndw"}},{"type":"Feature","geometry":{"type":"Point","coordinates":[5.145072,52.345927]},"properties":{"type":"charge","layer":"passenger","locationId":"2b709216dd668ef35c337f4bce02ae8a","name":"Zwedenstraat 33","address":"Zwedenstraat 33","city":"Almere","operatorName":"Vattenfall InCharge","maxPowerKw":11,"isMegawatt":false,"status":"AVAILABLE","source":"ndw","priceKwh":0.2805}},{"type":"Feature","geometry":{"type":"Point","coordinates":[5.2062806,52.3421692]},"properties":{"type":"charge","layer":"passenger","locationId":"1361","name":"Shell Recharge NL Siltwierde 2","address":"Siltwierde 2","city":"Almere","operatorName":"Ubitricity","maxPowerKw":22,"isMegawatt":false,"status":"AVAILABLE","source":"ndw","priceKwh":0.267}},{"type":"Feature","geometry":{"type":"Point","coordinates":[5.2399815,52.3626492]},"properties":{"type":"charge","layer":"passenger","locationId":"1900","name":"Shell Recharge NL Buñuellaan 48","address":"Buñuellaan 48","city":"Almere","operatorName":"Ubitricity","maxPowerKw":22,"isMegawatt":false,"status":"AVAILABLE","source":"ndw","priceKwh":0.267}},{"type":"Feature","geometry":{"type":"Point","coordinates":[5.238628,52.33731]},"properties":{"type":"charge","layer":"passenger","locationId":"4A79947C-6283-4DF4-A434-C447A7F07B1F","name":"PP005261 - Kolkgriend 201, Almere","address":"201 Kolkgriend","city":"Almere","operatorName":"TotalEnergies","maxPowerKw":13,"isMegawatt":false,"status":"AVAILABLE","source":"ndw"}},{"type":"Feature","geometry":{"type":"Point","coordinates":[5.261591,52.410512]},"properties":{"type":"charge","layer":"passenger","locationId":"91146473","name":"50five-S NL 09001085","address":"Bolderweg 41A","city":"Almere","operatorName":"50five","maxPowerKw":22,"isMegawatt":false,"status":"AVAILABLE","source":"ndw"}},{"type":"Feature","geometry":{"type":"Point","coordinates":[5.30831,52.3411]},"properties":{"type":"charge","layer":"passenger","locationId":"91066080","name":"50five-S NL PD12300012131","address":"Pauwlaan 13","city":"Almere","operatorName":"50five","maxPowerKw":4,"isMegawatt":false,"status":"UNAVAILABLE","source":"ndw"}},{"type":"Feature","geometry":{"type":"Point","coordinates":[5.148112,52.35351]},"properties":{"type":"charge","layer":"passenger","locationId":"5FCB7D36-F489-4A6F-8814-DE744D9FBC0C","name":"TNLP034606 - Vidarstraat 5, Almere","address":"5 Vidarstraat","city":"Almere","operatorName":"TotalEnergies","maxPowerKw":13,"isMegawatt":false,"status":"AVAILABLE","source":"ndw"}},{"type":"Feature","geometry":{"type":"Point","coordinates":[5.275552,52.370706]},"properties":{"type":"charge","layer":"passenger","locationId":"4174891","name":"Laadnet GAP Vastgoed BV","address":"Koningsbeltweg 52","city":"Almere","operatorName":"Laadnet","maxPowerKw":11,"isMegawatt":false,"status":"AVAILABLE","source":"ndw"}},{"type":"Feature","geometry":{"type":"Point","coordinates":[5.2577404,52.3701801]},"properties":{"type":"charge","layer":"passenger","locationId":"2186","name":"Shell Recharge NL Druivenstraat 54","address":"Druivenstraat 54","city":"Almere","operatorName":"Ubitricity","maxPowerKw":22,"isMegawatt":false,"status":"AVAILABLE","source":"ndw","priceKwh":0.267}},{"type":"Feature","geometry":{"type":"Point","coordinates":[5.183829,52.354884]},"properties":{"type":"charge","layer":"passenger","locationId":"91087414","name":"50five-S NL 07143017","address":"W.G. van de Hulststraat 28","city":"Almere","operatorName":"50five","maxPowerKw":11,"isMegawatt":false,"status":"AVAILABLE","source":"ndw"}},{"type":"Feature","geometry":{"type":"Point","coordinates":[5.226484,52.378282]},"properties":{"type":"charge","layer":"passenger","locationId":"91091657","name":"50five-S NL ICUEVE000182","address":"Randstad 22","city":"Almere","operatorName":"50five","maxPowerKw":11,"isMegawatt":false,"status":"UNAVAILABLE","source":"ndw"}},{"type":"Feature","geometry":{"type":"Point","coordinates":[5.189884,52.361295]},"properties":{"type":"charge","layer":"passenger","locationId":"NLLOC002227","name":"NLD, J. Greshoffstraat 11, 1321 AL, Almere","address":"J. Greshoffstraat 11","city":"Almere","operatorName":"Allego","maxPowerKw":11,"isMegawatt":false,"status":"AVAILABLE","source":"ndw","priceKwh":0.511}},{"type":"Feature","geometry":{"type":"Point","coordinates":[5.2835,52.38066]},"properties":{"type":"charge","layer":"passenger","locationId":"CA54187C-446D-4206-994C-195DFFA9F396","name":"Eneco eMobility Trekweg 51 Almere","address":"Trekweg 51","city":"Almere","operatorName":"Eneco","maxPowerKw":22,"isMegawatt":false,"status":"CHARGING","source":"ndw","priceKwh":0.7}},{"type":"Feature","geometry":{"type":"Point","coordinates":[5.263757,52.364046]},"properties":{"type":"charge","layer":"passenger","locationId":"fadeaa67-3913-4de1-bc08-f27ca5fd8205","name":"Adriana Nozemanstraat","address":"Adriana Nozemanstraat 85","city":"Almere","operatorName":"Vattenfall InCharge","maxPowerKw":11,"isMegawatt":false,"status":"AVAILABLE","source":"ndw","priceKwh":0.4316}},{"type":"Feature","geometry":{"type":"Point","coordinates":[5.31682,52.40444]},"properties":{"type":"charge","layer":"passenger","locationId":"94f0e61b-63aa-4a7a-900a-c03034eed9f9","name":"PP001836 - Dick Bosstraat 9, Almere","address":"9 Dick Bosstraat","city":"Almere","operatorName":"TotalEnergies","maxPowerKw":11,"isMegawatt":false,"status":"AVAILABLE","source":"ndw"}},{"type":"Feature","geometry":{"type":"Point","coordinates":[5.141709,52.353214]},"properties":{"type":"charge","layer":"passenger","locationId":"7049022F-31B0-40BA-9F7E-2C1D22EBA5D7","name":"TNLP008915 - Henry Stanleystraat 21, Almere","address":"21 Henry Stanleystraat","city":"Almere","operatorName":"TotalEnergies","maxPowerKw":14,"isMegawatt":false,"status":"AVAILABLE","source":"ndw"}},{"type":"Feature","geometry":{"type":"Point","coordinates":[5.149261,52.348376]},"properties":{"type":"charge","layer":"passenger","locationId":"91171784","name":"50five-S NL ICUEVEMINI900154","address":"Beneluxlaan 648","city":"Almere","operatorName":"50five","maxPowerKw":22,"isMegawatt":false,"status":"CHARGING","source":"ndw"}},{"type":"Feature","geometry":{"type":"Point","coordinates":[5.262372,52.360938]},"properties":{"type":"charge","layer":"passenger","locationId":"4226422","name":"Laadnet LydisPlus BV","address":"Jool-Hulstraat 16","city":"Almere","operatorName":"Laadnet","maxPowerKw":22,"isMegawatt":false,"status":"AVAILABLE","source":"ndw"}},{"type":"Feature","geometry":{"type":"Point","coordinates":[5.2029,52.36824]},"properties":{"type":"charge","layer":"passenger","locationId":"684","name":"Shell Recharge NL Monteverdistraat 5","address":"Monteverdistraat 5","city":"Almere","operatorName":"Ubitricity","maxPowerKw":11,"isMegawatt":false,"status":"AVAILABLE","source":"ndw","priceKwh":0.392}},{"type":"Feature","geometry":{"type":"Point","coordinates":[5.25695,52.36619]},"properties":{"type":"charge","layer":"passenger","locationId":"9D1996BF-0305-4CAE-8E3B-AF44C21A5B74","name":"TNLP006188 - Danslaan 147, Almere","address":"147 Danslaan","city":"Almere","operatorName":"TotalEnergies","maxPowerKw":13,"isMegawatt":false,"status":"AVAILABLE","source":"ndw"}},{"type":"Feature","geometry":{"type":"Point","coordinates":[5.17488,52.34572]},"properties":{"type":"charge","layer":"passenger","locationId":"F9DCE085-1BEB-44BD-BDE1-570673AA7675","name":"Eneco eMobility Transistorstraat 71H Almere","address":"Transistorstraat 71H","city":"Almere","operatorName":"Eneco","maxPowerKw":22,"isMegawatt":false,"status":"AVAILABLE","source":"ndw","priceKwh":0.55}},{"type":"Feature","geometry":{"type":"Point","coordinates":[5.145121,52.350264]},"properties":{"type":"charge","layer":"passenger","locationId":"NLLOC001169","name":"NLD, Almere, Roald Amundsenstraat 21","address":"Roald Amundsenstraat 21","city":"Almere","operatorName":"Allego","maxPowerKw":11,"isMegawatt":false,"status":"CHARGING","source":"ndw","priceKwh":0.511}},{"type":"Feature","geometry":{"type":"Point","coordinates":[5.23425,52.37481]},"properties":{"type":"charge","layer":"passenger","locationId":"AFBC5735-85B8-48FB-829B-20305D053E37","name":"TNLP006628 - George Formbystraat 1, Almere","address":"1 George Formbystraat","city":"Almere","operatorName":"TotalEnergies","maxPowerKw":15,"isMegawatt":false,"status":"AVAILABLE","source":"ndw"}},{"type":"Feature","geometry":{"type":"Point","coordinates":[5.292087,52.402596]},"properties":{"type":"charge","layer":"passenger","locationId":"BE22A328-0EEC-4C77-BABE-D055AF294FA5","name":"TNLP006538 - Eeuwenweg 1, Almere","address":"1 Eeuwenweg","city":"Almere","operatorName":"TotalEnergies","maxPowerKw":13,"isMegawatt":false,"status":"AVAILABLE","source":"ndw"}},{"type":"Feature","geometry":{"type":"Point","coordinates":[5.2011753,52.3668496]},"properties":{"type":"charge","layer":"passenger","locationId":"1757","name":"Shell Recharge NL Händelstraat 35","address":"Händelstraat 35","city":"Almere","operatorName":"Ubitricity","maxPowerKw":22,"isMegawatt":false,"status":"AVAILABLE","source":"ndw","priceKwh":0.267}},{"type":"Feature","geometry":{"type":"Point","coordinates":[5.141142,52.352009]},"properties":{"type":"charge","layer":"passenger","locationId":"NLLOC001168","name":"NLD, Almere, Abel Tasmanstraat 97","address":"Abel Tasmanstraat 97","city":"Almere","operatorName":"Allego","maxPowerKw":11,"isMegawatt":false,"status":"AVAILABLE","source":"ndw","priceKwh":0.511}},{"type":"Feature","geometry":{"type":"Point","coordinates":[5.215403,52.33512]},"properties":{"type":"charge","layer":"passenger","locationId":"44e669b9-331c-440c-83a8-25ba5cf707db","name":"EV Hub - Boogstraat 25, Almere","address":"25 Boogstraat","city":"Almere","operatorName":"TotalEnergies","maxPowerKw":50,"isMegawatt":false,"status":"AVAILABLE","source":"ndw"}},{"type":"Feature","geometry":{"type":"Point","coordinates":[5.270172,52.374879]},"properties":{"type":"charge","layer":"passenger","locationId":"67fc3c0b8c7678496edf43bb","name":"Solar prive","address":"EMIL NOLDESTRAAT 58","city":"ALMERE","operatorName":"E-Flux by Road","maxPowerKw":11,"isMegawatt":false,"status":"CHARGING","source":"ndw","priceKwh":0.53}},{"type":"Feature","geometry":{"type":"Point","coordinates":[5.26297,52.403172]},"properties":{"type":"charge","layer":"passenger","locationId":"68a466f0bb27c7f5ad97d1f6","name":"Medex FMT 1","address":"Zandzuigerstraat 58","city":"Almere","operatorName":"E-Flux by Road","maxPowerKw":22,"isMegawatt":false,"status":"AVAILABLE","source":"ndw","priceKwh":0.63}},{"type":"Feature","geometry":{"type":"Point","coordinates":[5.247919,52.379116]},"properties":{"type":"charge","layer":"passenger","locationId":"D960DD2F-F1B7-4655-9295-1F9DA4A5308B","name":"TNLP008167 - Java Legioenstraat 1, Almere","address":"1 Java Legioenstraat","city":"Almere","operatorName":"TotalEnergies","maxPowerKw":15,"isMegawatt":false,"status":"AVAILABLE","source":"ndw"}},{"type":"Feature","geometry":{"type":"Point","coordinates":[5.139147,52.356327]},"properties":{"type":"charge","layer":"passenger","locationId":"DC30E2DC-8595-460D-BEB7-40F1AF59FC11","name":"TNLP006647 - Olivier Bruyneelstraat 68, Almere","address":"68 Olivier Bruyneelstraat","city":"Almere","operatorName":"TotalEnergies","maxPowerKw":13,"isMegawatt":false,"status":"AVAILABLE","source":"ndw"}},{"type":"Feature","geometry":{"type":"Point","coordinates":[5.208993,52.343525]},"properties":{"type":"charge","layer":"passenger","locationId":"E24F2CAB-C751-49F8-AF17-00E314A8D144","name":"TNLP015454 - Bosgouw 5, Almere","address":"5 Bosgouw","city":"Almere","operatorName":"TotalEnergies","maxPowerKw":13,"isMegawatt":false,"status":"AVAILABLE","source":"ndw"}},{"type":"Feature","geometry":{"type":"Point","coordinates":[5.197274,52.34157]},"properties":{"type":"charge","layer":"passenger","locationId":"4776B4BE-A09D-4A84-82CF-C21AEEF5472F","name":"TNLP015292 - Sprenglaar 78, Almere","address":"78 Sprenglaar","city":"Almere","operatorName":"TotalEnergies","maxPowerKw":17,"isMegawatt":false,"status":"AVAILABLE","source":"ndw"}},{"type":"Feature","geometry":{"type":"Point","coordinates":[5.26389,52.40181]},"properties":{"type":"charge","layer":"passenger","locationId":"57E3E718-BAEA-48A5-92A0-11D436C956A5","name":"PP002565 - Splijtbakweg 13, Almere","address":"13 Splijtbakweg","city":"Almere","operatorName":"TotalEnergies","maxPowerKw":13,"isMegawatt":false,"status":"AVAILABLE","source":"ndw"}},{"type":"Feature","geometry":{"type":"Point","coordinates":[5.146088,52.356869]},"properties":{"type":"charge","layer":"passenger","locationId":"cd4573b81963119eafe47fc85ddc8584","name":"Rosmertastraat 1","address":"Rosmertastraat 1","city":"Almere","operatorName":"Vattenfall InCharge","maxPowerKw":11,"isMegawatt":false,"status":"CHARGING","source":"ndw","priceKwh":0.2805}},{"type":"Feature","geometry":{"type":"Point","coordinates":[5.233686,52.334843]},"properties":{"type":"charge","layer":"passenger","locationId":"E92095E3-6CF4-47EB-A3DD-4E7366CAD775","name":"TNLP009558 - Rietmeent 126, Almere","address":"126 Rietmeent","city":"Almere","operatorName":"TotalEnergies","maxPowerKw":13,"isMegawatt":false,"status":"AVAILABLE","source":"ndw"}},{"type":"Feature","geometry":{"type":"Point","coordinates":[5.192594,52.369907]},"properties":{"type":"charge","layer":"passenger","locationId":"EB0DF3B2-5A50-4046-A0F0-02D879D4DC08","name":"Laadplein - TNLP007258 - Orgelstraat 4, Almere","address":"4 Orgelstraat","city":"Almere","operatorName":"TotalEnergies","maxPowerKw":15,"isMegawatt":false,"status":"AVAILABLE","source":"ndw"}},{"type":"Feature","geometry":{"type":"Point","coordinates":[5.202642,52.361225]},"properties":{"type":"charge","layer":"passenger","locationId":"EBEE158A-9861-4ECB-9B20-553EB59F7F90","name":"TNLP006508 - Leidenstraat 29, Almere","address":"29 Leidenstraat","city":"Almere","operatorName":"TotalEnergies","maxPowerKw":13,"isMegawatt":false,"status":"AVAILABLE","source":"ndw"}},{"type":"Feature","geometry":{"type":"Point","coordinates":[5.177462,52.362687]},"properties":{"type":"charge","layer":"passenger","locationId":"6641ca93fb0c90001ca5c1f2","name":"Alex van den Haak 's station (Locatie 2)","address":"Purmerweg 7 7","city":"Almere","operatorName":"E-Flux by Road","maxPowerKw":22,"isMegawatt":false,"status":"AVAILABLE","source":"ndw","priceKwh":0.53}},{"type":"Feature","geometry":{"type":"Point","coordinates":[5.265923,52.341966]},"properties":{"type":"charge","layer":"passenger","locationId":"91199905","name":"50five-S NL 08000852","address":"Kemphaanweg 1","city":"Almere","operatorName":"50five","maxPowerKw":11,"isMegawatt":false,"status":"AVAILABLE","source":"ndw"}},{"type":"Feature","geometry":{"type":"Point","coordinates":[5.23232,52.37594]},"properties":{"type":"charge","layer":"passenger","locationId":"246","name":"Shell Recharge NL Buster Keatonstraat 33","address":"Buster Keatonstraat 33","city":"Almere","operatorName":"Ubitricity","maxPowerKw":11,"isMegawatt":false,"status":"AVAILABLE","source":"ndw","priceKwh":0.392}},{"type":"Feature","geometry":{"type":"Point","coordinates":[5.272674,52.383194]},"properties":{"type":"charge","layer":"passenger","locationId":"720E4B84-F680-49D9-9FF4-D3122F5252E3","name":"TNLP005763 - Giraffeweg 100, Almere","address":"100 Giraffeweg","city":"Almere","operatorName":"TotalEnergies","maxPowerKw":13,"isMegawatt":false,"status":"AVAILABLE","source":"ndw"}},{"type":"Feature","geometry":{"type":"Point","coordinates":[5.176897,52.369873]},"properties":{"type":"charge","layer":"passenger","locationId":"97C89736-2884-4DD6-9EDF-5A5BB0388626","name":"TNLP006813 - Carusostraat 15, Almere","address":"15 Carusostraat","city":"Almere","operatorName":"TotalEnergies","maxPowerKw":15,"isMegawatt":false,"status":"AVAILABLE","source":"ndw"}},{"type":"Feature","geometry":{"type":"Point","coordinates":[5.26928,52.38811]},"properties":{"type":"charge","layer":"passenger","locationId":"653","name":"Shell Recharge NL Neijenrodestraat 2","address":"Neijenrodestraat 2","city":"Almere","operatorName":"Ubitricity","maxPowerKw":11,"isMegawatt":false,"status":"AVAILABLE","source":"ndw","priceKwh":0.392}},{"type":"Feature","geometry":{"type":"Point","coordinates":[5.291035,52.35933]},"properties":{"type":"charge","layer":"passenger","locationId":"C167CFC2-4B02-4E28-878E-E3980F2A5237","name":"TNLP008827 - Robert Hofstadterstraat 66, Almere","address":"66 Robert Hofstadterstraat","city":"Almere","operatorName":"TotalEnergies","maxPowerKw":13,"isMegawatt":false,"status":"AVAILABLE","source":"ndw"}},{"type":"Feature","geometry":{"type":"Point","coordinates":[5.159224,52.355912]},"properties":{"type":"charge","layer":"passenger","locationId":"NLLOC001799","name":"NLD, Almere, Mercuriusstraat 1","address":"Mercuriusstraat 1","city":"Almere","operatorName":"Allego","maxPowerKw":11,"isMegawatt":false,"status":"AVAILABLE","source":"ndw","priceKwh":0.511}},{"type":"Feature","geometry":{"type":"Point","coordinates":[5.31451,52.39579]},"properties":{"type":"charge","layer":"passenger","locationId":"D2F744B4-4AFA-4E6F-8B56-1CE1690C0C06","name":"TNLP008013 - Isla Margaritastraat 16 16, Almere","address":"16 16 Isla Margaritastraat","city":"Almere","operatorName":"TotalEnergies","maxPowerKw":13,"isMegawatt":false,"status":"CHARGING","source":"ndw"}},{"type":"Feature","geometry":{"type":"Point","coordinates":[5.15883,52.34608]},"properties":{"type":"charge","layer":"passenger","locationId":"2171","name":"Shell Recharge NL Lahemaalaan 37","address":"Lahemaalaan 37","city":"Almere","operatorName":"Ubitricity","maxPowerKw":22,"isMegawatt":false,"status":"AVAILABLE","source":"ndw","priceKwh":0.267}},{"type":"Feature","geometry":{"type":"Point","coordinates":[5.244678,52.35975]},"properties":{"type":"charge","layer":"passenger","locationId":"396","name":"Shell Recharge NL Walt Disneyplantsoen 1","address":"Walt Disneyplantsoen 1","city":"Almere","operatorName":"Ubitricity","maxPowerKw":11,"isMegawatt":false,"status":"AVAILABLE","source":"ndw","priceKwh":0.392}},{"type":"Feature","geometry":{"type":"Point","coordinates":[5.317708,52.40426]},"properties":{"type":"charge","layer":"passenger","locationId":"D7806464-561E-4408-B718-AE2193BBE37B","name":"TNLP034560 - Aafje Andersstraat 21, Almere","address":"21 Aafje Andersstraat","city":"Almere","operatorName":"TotalEnergies","maxPowerKw":13,"isMegawatt":false,"status":"UNAVAILABLE","source":"ndw"}},{"type":"Feature","geometry":{"type":"Point","coordinates":[5.2395349,52.3407895]},"properties":{"type":"charge","layer":"passenger","locationId":"1681","name":"Shell Recharge NL Wilgengriend 19","address":"Wilgengriend 19","city":"Almere","operatorName":"Ubitricity","maxPowerKw":22,"isMegawatt":false,"status":"AVAILABLE","source":"ndw","priceKwh":0.267}},{"type":"Feature","geometry":{"type":"Point","coordinates":[5.26582,52.37195]},"properties":{"type":"charge","layer":"passenger","locationId":"578","name":"Shell Recharge NL Juan Grisstraat 44","address":"Juan Grisstraat 44","city":"Almere","operatorName":"Ubitricity","maxPowerKw":11,"isMegawatt":false,"status":"CHARGING","source":"ndw","priceKwh":0.392}},{"type":"Feature","geometry":{"type":"Point","coordinates":[5.171245,52.353018]},"properties":{"type":"charge","layer":"passenger","locationId":"3967147","name":"Laadnet Argonweg 107","address":"Kazerne Almere - Poort","city":"Almere","operatorName":"Laadnet","maxPowerKw":22,"isMegawatt":false,"status":"AVAILABLE","source":"ndw"}},{"type":"Feature","geometry":{"type":"Point","coordinates":[5.234919,52.37281]},"properties":{"type":"charge","layer":"passenger","locationId":"1B178FC6-D81A-4284-97B1-D360A24E3BDD","name":"TNLP034551 - Peter Sellershof 2, Almere","address":"2 Peter Sellershof","city":"Almere","operatorName":"TotalEnergies","maxPowerKw":13,"isMegawatt":false,"status":"UNAVAILABLE","source":"ndw"}},{"type":"Feature","geometry":{"type":"Point","coordinates":[5.331253,52.402123]},"properties":{"type":"charge","layer":"passenger","locationId":"91052742","name":"50five-S NL 07118519","address":"Guus Gelukstraat 2","city":"Almere","operatorName":"50five","maxPowerKw":11,"isMegawatt":false,"status":"CHARGING","source":"ndw"}},{"type":"Feature","geometry":{"type":"Point","coordinates":[5.28603,52.365917]},"properties":{"type":"charge","layer":"passenger","locationId":"EBDAF1E1-6E03-4094-9FA9-083CD9CE89E5","name":"TNLP034114 - Rosalind Franklinweg 4, Almere","address":"4 Rosalind Franklinweg","city":"Almere","operatorName":"TotalEnergies","maxPowerKw":13,"isMegawatt":false,"status":"UNAVAILABLE","source":"ndw"}},{"type":"Feature","geometry":{"type":"Point","coordinates":[5.195051,52.365593]},"properties":{"type":"charge","layer":"passenger","locationId":"faa2649e3d32823de064c66926a65a78","name":"Cesar Franckweg 105","address":"Cesar Franckweg 105","city":"Almere","operatorName":"Vattenfall InCharge","maxPowerKw":11,"isMegawatt":false,"status":"AVAILABLE","source":"ndw","priceKwh":0.2805}},{"type":"Feature","geometry":{"type":"Point","coordinates":[5.305049,52.354118]},"properties":{"type":"charge","layer":"passenger","locationId":"91054622","name":"50five-S NL 07000091","address":"Isaac Newtonstraat 36","city":"Almere","operatorName":"50five","maxPowerKw":9,"isMegawatt":false,"status":"AVAILABLE","source":"ndw"}},{"type":"Feature","geometry":{"type":"Point","coordinates":[5.203565,52.358435]},"properties":{"type":"charge","layer":"passenger","locationId":"20f8de752e444616f9942a610742d04d","name":"Boxtelplein 13","address":"Boxtelplein 13","city":"Almere","operatorName":"Vattenfall InCharge","maxPowerKw":11,"isMegawatt":false,"status":"CHARGING","source":"ndw","priceKwh":0.2805}},{"type":"Feature","geometry":{"type":"Point","coordinates":[5.225979,52.34164]},"properties":{"type":"charge","layer":"passenger","locationId":"6970a7734c6153143df35ac1","name":"AH Markenlaan","address":"Markenlaan 3","city":"Almere","operatorName":"E-Flux by Road","maxPowerKw":11,"isMegawatt":false,"status":"AVAILABLE","source":"ndw","priceKwh":0.7}},{"type":"Feature","geometry":{"type":"Point","coordinates":[5.211177,52.340663]},"properties":{"type":"charge","layer":"passenger","locationId":"696e1790507c4882aaf7355e","name":"Complex Uithof-1","address":"Uithof 101","city":"Almere","operatorName":"E-Flux by Road","maxPowerKw":22,"isMegawatt":false,"status":"AVAILABLE","source":"ndw","priceKwh":0.53}},{"type":"Feature","geometry":{"type":"Point","coordinates":[5.181493,52.353734]},"properties":{"type":"charge","layer":"passenger","locationId":"91084356","name":"50five-S NL 03012426","address":"Han. G. Hoekstrahof 7","city":"Almere","operatorName":"50five","maxPowerKw":4,"isMegawatt":false,"status":"AVAILABLE","source":"ndw"}},{"type":"Feature","geometry":{"type":"Point","coordinates":[5.26297,52.403172]},"properties":{"type":"charge","layer":"passenger","locationId":"68a4668acd71ca87952e0022","name":"Medex FMT 2","address":"Zandzuigerstraat  58","city":"Almere","operatorName":"E-Flux by Road","maxPowerKw":22,"isMegawatt":false,"status":"AVAILABLE","source":"ndw","priceKwh":0.63}},{"type":"Feature","geometry":{"type":"Point","coordinates":[5.31386,52.40363]},"properties":{"type":"charge","layer":"passenger","locationId":"99F155F3-1F8D-4582-961F-746331D6181E","name":"PP004295 - Flipjestraat 6-10, Almere","address":"6-10 Flipjestraat","city":"Almere","operatorName":"TotalEnergies","maxPowerKw":13,"isMegawatt":false,"status":"AVAILABLE","source":"ndw"}},{"type":"Feature","geometry":{"type":"Point","coordinates":[5.254029,52.362711]},"properties":{"type":"charge","layer":"passenger","locationId":"NLLOC000945","name":"NLD, Almere, Merenguestraat 23","address":"Merenguestraat 23","city":"Almere","operatorName":"Allego","maxPowerKw":11,"isMegawatt":false,"status":"AVAILABLE","source":"ndw","priceKwh":0.511}},{"type":"Feature","geometry":{"type":"Point","coordinates":[5.22044,52.38408]},"properties":{"type":"charge","layer":"passenger","locationId":"152","name":"Shell Recharge NL Waalstraat 117","address":"Waalstraat 117","city":"Almere","operatorName":"Ubitricity","maxPowerKw":11,"isMegawatt":false,"status":"AVAILABLE","source":"ndw","priceKwh":0.392}},{"type":"Feature","geometry":{"type":"Point","coordinates":[5.320317,52.398212]},"properties":{"type":"charge","layer":"passenger","locationId":"248af085-af81-420c-a94e-93dd0a0b3d7d","name":"PP005515 - Wiskestraat 3, Almere","address":"3 Wiskestraat","city":"Almere","operatorName":"TotalEnergies","maxPowerKw":13,"isMegawatt":false,"status":"AVAILABLE","source":"ndw"}},{"type":"Feature","geometry":{"type":"Point","coordinates":[5.193489,52.338882]},"properties":{"type":"charge","layer":"passenger","locationId":"3BA15116-EA69-460C-8D93-D32ECCC33BD2","name":"TNLP009235 - Toernooiveld 77, Almere","address":"77 Toernooiveld","city":"Almere","operatorName":"TotalEnergies","maxPowerKw":13,"isMegawatt":false,"status":"AVAILABLE","source":"ndw"}},{"type":"Feature","geometry":{"type":"Point","coordinates":[5.169171,52.389763]},"properties":{"type":"charge","layer":"passenger","locationId":"4421C13B-F132-4620-9C20-1DC4258DF635","name":"TNLP015061 - Stormzeil 103, Almere","address":"103 Stormzeil","city":"Almere","operatorName":"TotalEnergies","maxPowerKw":13,"isMegawatt":false,"status":"AVAILABLE","source":"ndw"}},{"type":"Feature","geometry":{"type":"Point","coordinates":[5.148584,52.340786]},"properties":{"type":"charge","layer":"passenger","locationId":"89B7F0D6-5FCE-435C-8B73-DB7524BBA188","name":"Laadplein - TNLP006007 - Abebe Bikilastraat 4, Almere","address":"4 Abebe Bikilastraat","city":"Almere","operatorName":"TotalEnergies","maxPowerKw":15,"isMegawatt":false,"status":"AVAILABLE","source":"ndw"}},{"type":"Feature","geometry":{"type":"Point","coordinates":[5.252523,52.37509]},"properties":{"type":"charge","layer":"passenger","locationId":"9C25667D-B223-4ADC-9640-953EB7E51B6A","name":"TNLP007207 - Populierenstraat 18, Almere","address":"18 Populierenstraat","city":"Almere","operatorName":"TotalEnergies","maxPowerKw":13,"isMegawatt":false,"status":"AVAILABLE","source":"ndw"}},{"type":"Feature","geometry":{"type":"Point","coordinates":[5.18054,52.375217]},"properties":{"type":"charge","layer":"passenger","locationId":"C9C9BE86-5FC4-4B6A-B6BF-93FBDCD55454","name":"PP005430 - Saxofoonweg 125, Almere","address":"125 Saxofoonweg","city":"Almere","operatorName":"TotalEnergies","maxPowerKw":13,"isMegawatt":false,"status":"AVAILABLE","source":"ndw"}},{"type":"Feature","geometry":{"type":"Point","coordinates":[5.304115,52.40196]},"properties":{"type":"charge","layer":"passenger","locationId":"D675AF82-89C0-494C-9EE6-AE7C5C85BDF9","name":"TNLP006861 - Hebridenstraat 20, Almere","address":"20 Hebridenstraat","city":"Almere","operatorName":"TotalEnergies","maxPowerKw":13,"isMegawatt":false,"status":"AVAILABLE","source":"ndw"}},{"type":"Feature","geometry":{"type":"Point","coordinates":[5.251376,52.38093]},"properties":{"type":"charge","layer":"passenger","locationId":"231A96D3-EB02-4DA7-9A5C-636447CD3E94","name":"TNLP007740 - Johan Jongkindstraat 11, Almere","address":"11 Johan Jongkindstraat","city":"Almere","operatorName":"TotalEnergies","maxPowerKw":13,"isMegawatt":false,"status":"AVAILABLE","source":"ndw"}},{"type":"Feature","geometry":{"type":"Point","coordinates":[5.301339,52.393276]},"properties":{"type":"charge","layer":"passenger","locationId":"CDC93890-8CE7-4F50-8365-17DE4A6A3E70","name":"TNLP034250 - Barnsteenstraat 21, Almere","address":"21 Barnsteenstraat","city":"Almere","operatorName":"TotalEnergies","maxPowerKw":13,"isMegawatt":false,"status":"UNAVAILABLE","source":"ndw"}},{"type":"Feature","geometry":{"type":"Point","coordinates":[5.176663,52.351044]},"properties":{"type":"charge","layer":"passenger","locationId":"c1f01bcc8b5f4ad08fe17df313bbc493","name":"Breedveld & Schröder  DC lader","address":"Katernstraat 11","city":"Almere","operatorName":"The Solar Charging Company","maxPowerKw":50,"isMegawatt":false,"status":"UNAVAILABLE","source":"ndw","priceKwh":0.62}},{"type":"Feature","geometry":{"type":"Point","coordinates":[5.151104,52.34133]},"properties":{"type":"charge","layer":"passenger","locationId":"CE53EA8B-8C24-4270-B6A3-241D27A5247E","name":"TNLP006736 - Jacques Lebrunstraat 38, Almere","address":"38 Jacques Lebrunstraat","city":"Almere","operatorName":"TotalEnergies","maxPowerKw":13,"isMegawatt":false,"status":"AVAILABLE","source":"ndw"}},{"type":"Feature","geometry":{"type":"Point","coordinates":[5.151231,52.343975]},"properties":{"type":"charge","layer":"passenger","locationId":"DF8B1A67-1C82-4EC6-9F2D-D66ED313E4A3","name":"TNLP015028 - Demetrius Vikelaslaan 96, Almere","address":"96 Demetrius Vikelaslaan","city":"Almere","operatorName":"TotalEnergies","maxPowerKw":13,"isMegawatt":false,"status":"CHARGING","source":"ndw"}},{"type":"Feature","geometry":{"type":"Point","coordinates":[5.158853,52.353384]},"properties":{"type":"charge","layer":"passenger","locationId":"NLLOC001208","name":"NLD, Almere, Castorstraat 40","address":"Castorstraat 40","city":"Almere","operatorName":"Allego","maxPowerKw":11,"isMegawatt":false,"status":"AVAILABLE","source":"ndw","priceKwh":0.511}},{"type":"Feature","geometry":{"type":"Point","coordinates":[5.320177,52.399376]},"properties":{"type":"charge","layer":"passenger","locationId":"3B058E7D-A016-4A0F-87B2-DB27F0A0FD73","name":"TNLP006870 - Henk Sprengerweg 54, Almere","address":"54 Henk Sprengerweg","city":"Almere","operatorName":"TotalEnergies","maxPowerKw":15,"isMegawatt":false,"status":"CHARGING","source":"ndw"}},{"type":"Feature","geometry":{"type":"Point","coordinates":[5.203237,52.339046]},"properties":{"type":"charge","layer":"passenger","locationId":"F54920F5-E84C-47AB-8390-EB874FAD756C","name":"PP005510 - Kornwierde 43, Almere","address":"43 Kornwierde","city":"Almere","operatorName":"TotalEnergies","maxPowerKw":15,"isMegawatt":false,"status":"AVAILABLE","source":"ndw"}},{"type":"Feature","geometry":{"type":"Point","coordinates":[5.228523,52.33947]},"properties":{"type":"charge","layer":"passenger","locationId":"44031ED4-B51A-429F-955B-F71FFE8DB205","name":"TNLP007955 - Sportpark De Marken 8, Almere","address":"8 Sportpark De Marken","city":"Almere","operatorName":"TotalEnergies","maxPowerKw":15,"isMegawatt":false,"status":"AVAILABLE","source":"ndw"}},{"type":"Feature","geometry":{"type":"Point","coordinates":[5.19737,52.38189]},"properties":{"type":"charge","layer":"passenger","locationId":"66fe1d9c-8103-47fb-b93d-72a429e1c74b","name":"PP001395 - Lavendelplantsoen 70, Almere","address":"70 Lavendelplantsoen","city":"Almere","operatorName":"TotalEnergies","maxPowerKw":11,"isMegawatt":false,"status":"UNAVAILABLE","source":"ndw"}},{"type":"Feature","geometry":{"type":"Point","coordinates":[5.26342,52.37856]},"properties":{"type":"charge","layer":"passenger","locationId":"7065C996-EAB9-427D-A7FB-5CC89D529165","name":"PP002007 - Mondriaanweg 42, Almere","address":"42 Mondriaanweg","city":"Almere","operatorName":"TotalEnergies","maxPowerKw":11,"isMegawatt":false,"status":"AVAILABLE","source":"ndw"}},{"type":"Feature","geometry":{"type":"Point","coordinates":[5.220331,52.33727]},"properties":{"type":"charge","layer":"passenger","locationId":"d7e43909-0a8f-44a9-a439-c2507151bffb","name":"PP002560 - Stadswerf 105, Almere","address":"105 Stadswerf","city":"Almere","operatorName":"TotalEnergies","maxPowerKw":13,"isMegawatt":false,"status":"UNAVAILABLE","source":"ndw"}},{"type":"Feature","geometry":{"type":"Point","coordinates":[5.178425,52.366505]},"properties":{"type":"charge","layer":"passenger","locationId":"A592BEB1-DF39-4A73-86A0-9E77C6B6A215","name":"TNLP034266 - Beatlesweg 2, Almere","address":"2 Beatlesweg","city":"Almere","operatorName":"TotalEnergies","maxPowerKw":13,"isMegawatt":false,"status":"UNAVAILABLE","source":"ndw"}},{"type":"Feature","geometry":{"type":"Point","coordinates":[5.253483,52.36524]},"properties":{"type":"charge","layer":"passenger","locationId":"C14100DC-3B4F-48FF-9724-1949A62BC4B4","name":"TNLP034174 - Salsastraat 173, Almere","address":"173 Salsastraat","city":"Almere","operatorName":"TotalEnergies","maxPowerKw":13,"isMegawatt":false,"status":"UNAVAILABLE","source":"ndw"}},{"type":"Feature","geometry":{"type":"Point","coordinates":[5.176609,52.381895]},"properties":{"type":"charge","layer":"passenger","locationId":"95ba2c349a4e6df2c828e3e3378befdf","name":"Bootshaak 1","address":"Bootshaak 1","city":"Almere","operatorName":"Vattenfall InCharge","maxPowerKw":11,"isMegawatt":false,"status":"AVAILABLE","source":"ndw","priceKwh":0.2805}},{"type":"Feature","geometry":{"type":"Point","coordinates":[5.175575,52.36918]},"properties":{"type":"charge","layer":"passenger","locationId":"4d95c50c3754e2dd892e856dd19d8a20","name":"Glenn Millerweg 147","address":"Glenn Millerweg 147","city":"Almere","operatorName":"Vattenfall InCharge","maxPowerKw":11,"isMegawatt":false,"status":"AVAILABLE","source":"ndw","priceKwh":0.2805}},{"type":"Feature","geometry":{"type":"Point","coordinates":[5.276931,52.3843]},"properties":{"type":"charge","layer":"passenger","locationId":"F7B56BBB-F1DB-46F2-A949-8156A50D73B5","name":"TNLP006851 - Gemsstraat 1, Almere","address":"1 Gemsstraat","city":"Almere","operatorName":"TotalEnergies","maxPowerKw":15,"isMegawatt":false,"status":"AVAILABLE","source":"ndw"}},{"type":"Feature","geometry":{"type":"Point","coordinates":[5.201381,52.386265]},"properties":{"type":"charge","layer":"passenger","locationId":"D9E238CF-F351-4097-927B-312973F13F1B","name":"TNLP034683 - Kweekgrasstraat 17, Almere","address":"17 Kweekgrasstraat","city":"Almere","operatorName":"TotalEnergies","maxPowerKw":13,"isMegawatt":false,"status":"UNAVAILABLE","source":"ndw"}},{"type":"Feature","geometry":{"type":"Point","coordinates":[5.283667,52.403763]},"properties":{"type":"charge","layer":"passenger","locationId":"3C71DA86-C316-428A-B8A0-B3BB836DCD45","name":"TNLP007678 - Herfststraat 8, Almere","address":"8 Herfststraat","city":"Almere","operatorName":"TotalEnergies","maxPowerKw":13,"isMegawatt":false,"status":"AVAILABLE","source":"ndw"}},{"type":"Feature","geometry":{"type":"Point","coordinates":[5.208551,52.372208]},"properties":{"type":"charge","layer":"passenger","locationId":"3E1438BE-CABD-4031-B9D1-9AEC13F44496","name":"TNLP009410 - Staverenstraat 8, Almere","address":"8 Staverenstraat","city":"Almere","operatorName":"TotalEnergies","maxPowerKw":15,"isMegawatt":false,"status":"AVAILABLE","source":"ndw"}},{"type":"Feature","geometry":{"type":"Point","coordinates":[5.25911,52.38314]},"properties":{"type":"charge","layer":"passenger","locationId":"C540367E-330E-4D08-83B9-719D727B5EA9","name":"TNLP034117 - Paulus Potterstraat 111, Almere","address":"111 Paulus Potterstraat","city":"Almere","operatorName":"TotalEnergies","maxPowerKw":13,"isMegawatt":false,"status":"UNAVAILABLE","source":"ndw"}},{"type":"Feature","geometry":{"type":"Point","coordinates":[5.266879,52.368927]},"properties":{"type":"charge","layer":"passenger","locationId":"E68F2C5A-4576-4504-AE1F-FB10E7F87925","name":"TNLP034153 - Piranesistraat 95, Almere","address":"95 Piranesistraat","city":"Almere","operatorName":"TotalEnergies","maxPowerKw":13,"isMegawatt":false,"status":"UNAVAILABLE","source":"ndw"}},{"type":"Feature","geometry":{"type":"Point","coordinates":[5.24123,52.35845]},"properties":{"type":"charge","layer":"passenger","locationId":"EF8FBE2B-BBA9-4C44-8453-1C4E064E2B16","name":"PP004160 - Fellinilaan 115, Almere","address":"115 Fellinilaan","city":"Almere","operatorName":"TotalEnergies","maxPowerKw":13,"isMegawatt":false,"status":"AVAILABLE","source":"ndw"}},{"type":"Feature","geometry":{"type":"Point","coordinates":[5.250462,52.372177]},"properties":{"type":"charge","layer":"passenger","locationId":"5A56B4D9-70EF-45E6-A82E-D9F777CDC469","name":"TNLP006993 - Pereboomweg 51, Almere","address":"51 Pereboomweg","city":"Almere","operatorName":"TotalEnergies","maxPowerKw":13,"isMegawatt":false,"status":"AVAILABLE","source":"ndw"}},{"type":"Feature","geometry":{"type":"Point","coordinates":[5.302206,52.401392]},"properties":{"type":"charge","layer":"passenger","locationId":"NLLOC000947","name":"NLD, Almere, Lanzarotestraat 80","address":"Lanzarotestraat 80","city":"Almere","operatorName":"Allego","maxPowerKw":11,"isMegawatt":false,"status":"AVAILABLE","source":"ndw","priceKwh":0.511}},{"type":"Feature","geometry":{"type":"Point","coordinates":[5.1498,52.34261]},"properties":{"type":"charge","layer":"passenger","locationId":"7b13843b1bde3c49a06cc10953209395","name":"Zilveren Medaillepad 10","address":"Zilveren Medaillepad 10","city":"Almere","operatorName":"Vattenfall InCharge","maxPowerKw":11,"isMegawatt":false,"status":"AVAILABLE","source":"ndw","priceKwh":0.2805}},{"type":"Feature","geometry":{"type":"Point","coordinates":[5.257735,52.364983]},"properties":{"type":"charge","layer":"passenger","locationId":"67942168-0DB5-442D-9FC0-DEA61CCDF2C8","name":"TNLP009217 - Danslaan 179, Almere","address":"179 Danslaan","city":"Almere","operatorName":"TotalEnergies","maxPowerKw":15,"isMegawatt":false,"status":"AVAILABLE","source":"ndw"}},{"type":"Feature","geometry":{"type":"Point","coordinates":[5.2361172,52.3924287]},"properties":{"type":"charge","layer":"passenger","locationId":"289","name":"Shell Recharge NL Pijlrogstraat 34","address":"Pijlrogstraat 34","city":"Almere","operatorName":"Ubitricity","maxPowerKw":11,"isMegawatt":false,"status":"AVAILABLE","source":"ndw","priceKwh":0.392}},{"type":"Feature","geometry":{"type":"Point","coordinates":[5.143588,52.346552]},"properties":{"type":"charge","layer":"passenger","locationId":"66685b2da47e20001c069c33","name":"Vereniging van Eigenaars \"12 luxe strandappartementen\"","address":"Noorwegenkade 104/126","city":"Almere","operatorName":"Pluq","maxPowerKw":14,"isMegawatt":false,"status":"AVAILABLE","source":"ndw","priceKwh":0.45}},{"type":"Feature","geometry":{"type":"Point","coordinates":[5.244317,52.361961]},"properties":{"type":"charge","layer":"passenger","locationId":"NLLOC000946","name":"NLD, Almere, Jacques Tatilaan 31","address":"Jacques Tatilaan 31","city":"Almere","operatorName":"Allego","maxPowerKw":11,"isMegawatt":false,"status":"AVAILABLE","source":"ndw","priceKwh":0.511}},{"type":"Feature","geometry":{"type":"Point","coordinates":[5.314203,52.400061]},"properties":{"type":"charge","layer":"passenger","locationId":"f5ac577c-c517-428f-972b-a611bb160cc8","name":"Burgermeester Dickerdacklaan","address":"Burgermeester Dickerdacklaan 4","city":"Almere","operatorName":"Vattenfall InCharge","maxPowerKw":11,"isMegawatt":false,"status":"AVAILABLE","source":"ndw","priceKwh":0.4316}},{"type":"Feature","geometry":{"type":"Point","coordinates":[5.144199,52.34567]},"properties":{"type":"charge","layer":"passenger","locationId":"B0B2F9DE-08FC-4191-A335-4B63277918A4","name":"TNLP007279 - Europalaan 958, Almere","address":"958 Europalaan","city":"Almere","operatorName":"TotalEnergies","maxPowerKw":13,"isMegawatt":false,"status":"AVAILABLE","source":"ndw"}},{"type":"Feature","geometry":{"type":"Point","coordinates":[5.274471,52.383045]},"properties":{"type":"charge","layer":"passenger","locationId":"F0339979-1562-4D7E-AC71-00A22C428E13","name":"TNLP007225 - Giraffeweg 70, Almere","address":"70 Giraffeweg","city":"Almere","operatorName":"TotalEnergies","maxPowerKw":13,"isMegawatt":false,"status":"AVAILABLE","source":"ndw"}},{"type":"Feature","geometry":{"type":"Point","coordinates":[5.304743,52.396778]},"properties":{"type":"charge","layer":"passenger","locationId":"1330d789a2e03cc00edd47e9066da8b8","name":"Fijistraat 33","address":"Fijistraat 33","city":"Almere","operatorName":"Vattenfall InCharge","maxPowerKw":11,"isMegawatt":false,"status":"AVAILABLE","source":"ndw","priceKwh":0.2805}},{"type":"Feature","geometry":{"type":"Point","coordinates":[5.286183,52.361744]},"properties":{"type":"charge","layer":"passenger","locationId":"5D6F5F6C-76A3-4C47-9348-96C667A22917","name":"TNLP008083 - Lev Landaustraat 4, Almere","address":"4 Lev Landaustraat","city":"Almere","operatorName":"TotalEnergies","maxPowerKw":13,"isMegawatt":false,"status":"AVAILABLE","source":"ndw"}},{"type":"Feature","geometry":{"type":"Point","coordinates":[5.260624,52.37796]},"properties":{"type":"charge","layer":"passenger","locationId":"8F9CFD7C-2CCB-4621-9D21-92618E2BBEA7","name":"TNLP009567 - Hendrik Werkmanstraat 70, Almere","address":"70 Hendrik Werkmanstraat","city":"Almere","operatorName":"TotalEnergies","maxPowerKw":15,"isMegawatt":false,"status":"CHARGING","source":"ndw"}},{"type":"Feature","geometry":{"type":"Point","coordinates":[5.247174,52.371]},"properties":{"type":"charge","layer":"passenger","locationId":"146F1D1E-E415-4692-B449-1D6BABC82C25","name":"TNLP009273 - Cotoneasterstraat 16, Almere","address":"16 Cotoneasterstraat","city":"Almere","operatorName":"TotalEnergies","maxPowerKw":15,"isMegawatt":false,"status":"AVAILABLE","source":"ndw"}},{"type":"Feature","geometry":{"type":"Point","coordinates":[5.291357,52.40111]},"properties":{"type":"charge","layer":"passenger","locationId":"200F320B-0EAE-41C1-8705-DAFD623DF273","name":"TNLP007631 - Voorjaarstraat 35, Almere","address":"35 Voorjaarstraat","city":"Almere","operatorName":"TotalEnergies","maxPowerKw":13,"isMegawatt":false,"status":"AVAILABLE","source":"ndw"}},{"type":"Feature","geometry":{"type":"Point","coordinates":[5.242026,52.360355]},"properties":{"type":"charge","layer":"passenger","locationId":"203F7730-FCDF-410C-B1F5-2869314A9656","name":"TNLP015452 - Joris Ivenslaan 159, Almere","address":"159 Joris Ivenslaan","city":"Almere","operatorName":"TotalEnergies","maxPowerKw":13,"isMegawatt":false,"status":"UNAVAILABLE","source":"ndw"}},{"type":"Feature","geometry":{"type":"Point","coordinates":[5.278966,52.359062]},"properties":{"type":"charge","layer":"passenger","locationId":"AFC065F6-52D2-4963-8EA5-DDD1405E1F4C","name":"TNLP009083 - Joh. van der Waalsweg 5, Almere","address":"5 Joh. van der Waalsweg","city":"Almere","operatorName":"TotalEnergies","maxPowerKw":13,"isMegawatt":false,"status":"AVAILABLE","source":"ndw"}},{"type":"Feature","geometry":{"type":"Point","coordinates":[5.211616,52.36488]},"properties":{"type":"charge","layer":"passenger","locationId":"D174352A-7177-4084-9852-22E8AC5538CD","name":"TNLP034161 - Urkwal 14, Almere","address":"14 Urkwal","city":"Almere","operatorName":"TotalEnergies","maxPowerKw":13,"isMegawatt":false,"status":"UNAVAILABLE","source":"ndw"}},{"type":"Feature","geometry":{"type":"Point","coordinates":[5.195742,52.36381]},"properties":{"type":"charge","layer":"passenger","locationId":"BDFF1BE4-1D63-41EB-8A71-0EF17393FF38","name":"TNLP015309 - H. Andriessenweg 46, Almere","address":"46 H. Andriessenweg","city":"Almere","operatorName":"TotalEnergies","maxPowerKw":17,"isMegawatt":false,"status":"UNAVAILABLE","source":"ndw"}},{"type":"Feature","geometry":{"type":"Point","coordinates":[5.215838,52.377163]},"properties":{"type":"charge","layer":"passenger","locationId":"4DC32719-CAB8-44F8-97E8-EFAC78A929F9","name":"TNLP015190 - S. van Houtenweg 101, Almere","address":"101 S. van Houtenweg","city":"Almere","operatorName":"TotalEnergies","maxPowerKw":17,"isMegawatt":false,"status":"AVAILABLE","source":"ndw"}},{"type":"Feature","geometry":{"type":"Point","coordinates":[5.263635,52.37502]},"properties":{"type":"charge","layer":"passenger","locationId":"541FD037-3C74-4CB3-9C1A-37D9AE768A58","name":"TNLP006275 - Zadkinestraat 24, Almere","address":"24 Zadkinestraat","city":"Almere","operatorName":"TotalEnergies","maxPowerKw":13,"isMegawatt":false,"status":"AVAILABLE","source":"ndw"}},{"type":"Feature","geometry":{"type":"Point","coordinates":[5.219065,52.38639]},"properties":{"type":"charge","layer":"passenger","locationId":"CB7128A3-5053-4F72-869A-EEF16DD02D3A","name":"TNLP006986 - Markerkant 10 30, Almere","address":"10 30 Markerkant","city":"Almere","operatorName":"TotalEnergies","maxPowerKw":15,"isMegawatt":false,"status":"AVAILABLE","source":"ndw"}},{"type":"Feature","geometry":{"type":"Point","coordinates":[5.18324,52.3754]},"properties":{"type":"charge","layer":"passenger","locationId":"97b8ec0f31322b9ebb6baf7bf8cc4b05","name":"Ouverture 19","address":"Ouverture 19","city":"Almere","operatorName":"Vattenfall InCharge","maxPowerKw":11,"isMegawatt":false,"status":"AVAILABLE","source":"ndw","priceKwh":0.2805}},{"type":"Feature","geometry":{"type":"Point","coordinates":[5.23012,52.33551]},"properties":{"type":"charge","layer":"passenger","locationId":"C1BB6470-4BFC-487D-A4CA-4E00C0F2B76E","name":"TNLP007372 - Achterwerf 30, Almere","address":"30 Achterwerf","city":"Almere","operatorName":"TotalEnergies","maxPowerKw":13,"isMegawatt":false,"status":"AVAILABLE","source":"ndw"}},{"type":"Feature","geometry":{"type":"Point","coordinates":[5.25313,52.3843]},"properties":{"type":"charge","layer":"passenger","locationId":"b83d9523-894e-4754-9a4c-31e81ba18ef1","name":"PP001679 - Johannes Vermeerstraat 136, Almere","address":"136 Johannes Vermeerstraat","city":"Almere","operatorName":"TotalEnergies","maxPowerKw":11,"isMegawatt":false,"status":"AVAILABLE","source":"ndw"}},{"type":"Feature","geometry":{"type":"Point","coordinates":[5.158732,52.359295]},"properties":{"type":"charge","layer":"passenger","locationId":"C553FBD1-DF4D-426A-9547-16939BB3DB4E","name":"TNLP006648 - Saturnussingel 230, Almere","address":"230 Saturnussingel","city":"Almere","operatorName":"TotalEnergies","maxPowerKw":13,"isMegawatt":false,"status":"UNAVAILABLE","source":"ndw"}},{"type":"Feature","geometry":{"type":"Point","coordinates":[5.228198,52.390247]},"properties":{"type":"charge","layer":"passenger","locationId":"D491A031-B67D-4F9D-A218-3C39A3AEEFA8","name":"TNLP006964 - Grote Brekkenstraat 37, Almere","address":"37 Grote Brekkenstraat","city":"Almere","operatorName":"TotalEnergies","maxPowerKw":13,"isMegawatt":false,"status":"AVAILABLE","source":"ndw"}},{"type":"Feature","geometry":{"type":"Point","coordinates":[5.219161,52.34721]},"properties":{"type":"charge","layer":"passenger","locationId":"DD79B0F0-7C17-4C80-ACED-9ADDF8B63310","name":"TNLP005974 - De Paal 7, Almere","address":"7 De Paal","city":"Almere","operatorName":"TotalEnergies","maxPowerKw":15,"isMegawatt":false,"status":"AVAILABLE","source":"ndw"}},{"type":"Feature","geometry":{"type":"Point","coordinates":[5.199046,52.343323]},"properties":{"type":"charge","layer":"passenger","locationId":"FB99631F-1C40-4AD6-9CA6-0653D2DAF5C1","name":"TNLP005775 - Esselaar 4, Almere","address":"4 Esselaar","city":"Almere","operatorName":"TotalEnergies","maxPowerKw":13,"isMegawatt":false,"status":"UNAVAILABLE","source":"ndw"}},{"type":"Feature","geometry":{"type":"Point","coordinates":[5.301557,52.390835]},"properties":{"type":"charge","layer":"passenger","locationId":"F0323B4A-CD78-4401-B495-19F891D1A596","name":"TNLP006641 - Pastelstraat 165, Almere","address":"165 Pastelstraat","city":"Almere","operatorName":"TotalEnergies","maxPowerKw":13,"isMegawatt":false,"status":"CHARGING","source":"ndw"}},{"type":"Feature","geometry":{"type":"Point","coordinates":[5.229638,52.33662]},"properties":{"type":"charge","layer":"passenger","locationId":"NLLOC002228","name":"NLD, Achterwerf 74, 1357 BL, Almere","address":"Achterwerf 74","city":"Almere","operatorName":"Allego","maxPowerKw":11,"isMegawatt":false,"status":"AVAILABLE","source":"ndw","priceKwh":0.511}},{"type":"Feature","geometry":{"type":"Point","coordinates":[5.288816,52.388092]},"properties":{"type":"charge","layer":"passenger","locationId":"DB10F560-07F8-40A9-851E-D97231486DB6","name":"TNLP034279 - Lotusbloemweg 119, Almere","address":"119 Lotusbloemweg","city":"Almere","operatorName":"TotalEnergies","maxPowerKw":13,"isMegawatt":false,"status":"UNAVAILABLE","source":"ndw"}},{"type":"Feature","geometry":{"type":"Point","coordinates":[5.157291,52.35537]},"properties":{"type":"charge","layer":"passenger","locationId":"03C120A9-D77E-441F-91B3-5F496B170729","name":"TNLP009309 - Mercuriusstraat 9, Almere","address":"9 Mercuriusstraat","city":"Almere","operatorName":"TotalEnergies","maxPowerKw":15,"isMegawatt":false,"status":"AVAILABLE","source":"ndw"}},{"type":"Feature","geometry":{"type":"Point","coordinates":[5.214295,52.339902]},"properties":{"type":"charge","layer":"passenger","locationId":"NLLOC000852","name":"NLD, Almere, Middenhof 210","address":"Middenhof 210","city":"Almere","operatorName":"Allego","maxPowerKw":11,"isMegawatt":false,"status":"AVAILABLE","source":"ndw","priceKwh":0.511}},{"type":"Feature","geometry":{"type":"Point","coordinates":[5.261243,52.387962]},"properties":{"type":"charge","layer":"passenger","locationId":"5B2227EB-78E1-4883-94CA-4ECDF2DD7990","name":"Laadplein - TNLP009371 - Twickellaan 64, Almere","address":"64 Twickellaan","city":"Almere","operatorName":"TotalEnergies","maxPowerKw":15,"isMegawatt":false,"status":"AVAILABLE","source":"ndw"}},{"type":"Feature","geometry":{"type":"Point","coordinates":[5.303621,52.391505]},"properties":{"type":"charge","layer":"passenger","locationId":"NLLOC001477","name":"NLD, Almere, Pastelstraat 3","address":"Pastelstraat 3","city":"Almere","operatorName":"Allego","maxPowerKw":11,"isMegawatt":false,"status":"AVAILABLE","source":"ndw","priceKwh":0.511}},{"type":"Feature","geometry":{"type":"Point","coordinates":[5.281233,52.40189]},"properties":{"type":"charge","layer":"passenger","locationId":"80746441-380D-4800-84B7-CDE561057404","name":"TNLP015343 - Novemberstraat 61, Almere","address":"61 Novemberstraat","city":"Almere","operatorName":"TotalEnergies","maxPowerKw":13,"isMegawatt":false,"status":"AVAILABLE","source":"ndw"}},{"type":"Feature","geometry":{"type":"Point","coordinates":[5.20528,52.38117]},"properties":{"type":"charge","layer":"passenger","locationId":"c41d9c1f-9f35-42fc-8eae-d63933613ab6","name":"PP002093 - Wijnruitstraat 16, Almere","address":"16 Wijnruitstraat","city":"Almere","operatorName":"TotalEnergies","maxPowerKw":11,"isMegawatt":false,"status":"AVAILABLE","source":"ndw"}},{"type":"Feature","geometry":{"type":"Point","coordinates":[5.241842,52.375164]},"properties":{"type":"charge","layer":"passenger","locationId":"FED6FE73-53BA-4D0B-90A4-2092A311440F","name":"TNLP034620 - Bolacaciahof 2, Almere","address":"2 Bolacaciahof","city":"Almere","operatorName":"TotalEnergies","maxPowerKw":13,"isMegawatt":false,"status":"UNAVAILABLE","source":"ndw"}},{"type":"Feature","geometry":{"type":"Point","coordinates":[5.179966,52.37127]},"properties":{"type":"charge","layer":"passenger","locationId":"c3fce764-f8fd-47a4-a1b0-e6dc01e178b7","name":"EV Hub - Fien de la Marpad 38, Almere","address":"38 Fien de la Marpad","city":"Almere","operatorName":"TotalEnergies","maxPowerKw":50,"isMegawatt":false,"status":"AVAILABLE","source":"ndw"}},{"type":"Feature","geometry":{"type":"Point","coordinates":[5.3095159,52.4004423]},"properties":{"type":"charge","layer":"passenger","locationId":"2010","name":"Shell Recharge NL Spitsbergen 26","address":"Spitsbergen 26","city":"Almere","operatorName":"Ubitricity","maxPowerKw":22,"isMegawatt":false,"status":"AVAILABLE","source":"ndw"}},{"type":"Feature","geometry":{"type":"Point","coordinates":[5.200688,52.366056]},"properties":{"type":"charge","layer":"passenger","locationId":"fa3d4a6e44239a32a3850cb26e89be0b","name":"Mozartweg 13","address":"Mozartweg 13","city":"Almere","operatorName":"Vattenfall InCharge","maxPowerKw":11,"isMegawatt":false,"status":"AVAILABLE","source":"ndw","priceKwh":0.2805}},{"type":"Feature","geometry":{"type":"Point","coordinates":[5.323563,52.399117]},"properties":{"type":"charge","layer":"passenger","locationId":"1ABDA384-F893-48B1-BBAC-0EA424E99460","name":"PP005371 - Lucky Lukestraat 29, Almere","address":"29 Lucky Lukestraat","city":"Almere","operatorName":"TotalEnergies","maxPowerKw":13,"isMegawatt":false,"status":"AVAILABLE","source":"ndw"}},{"type":"Feature","geometry":{"type":"Point","coordinates":[5.296702,52.397649]},"properties":{"type":"charge","layer":"passenger","locationId":"e578f35644d933ba3c7e62da32a96ef4","name":"Ecrustraat 24","address":"Ecrustraat 24","city":"Almere","operatorName":"Vattenfall InCharge","maxPowerKw":11,"isMegawatt":false,"status":"AVAILABLE","source":"ndw","priceKwh":0.2805}},{"type":"Feature","geometry":{"type":"Point","coordinates":[5.260312,52.36254]},"properties":{"type":"charge","layer":"passenger","locationId":"4C4369B2-AEEB-4D01-BBB7-96240D874919","name":"TNLP008791 - Rudolf Nureyevstraat 53, Almere","address":"53 Rudolf Nureyevstraat","city":"Almere","operatorName":"TotalEnergies","maxPowerKw":14,"isMegawatt":false,"status":"AVAILABLE","source":"ndw"}},{"type":"Feature","geometry":{"type":"Point","coordinates":[5.264734,52.389793]},"properties":{"type":"charge","layer":"passenger","locationId":"AAF82542-C0D2-4AF0-919B-B4326A5709C8","name":"TNLP007645 - Hofstedestraat 59, Almere","address":"59 Hofstedestraat","city":"Almere","operatorName":"TotalEnergies","maxPowerKw":13,"isMegawatt":false,"status":"AVAILABLE","source":"ndw"}},{"type":"Feature","geometry":{"type":"Point","coordinates":[5.27845,52.35902]},"properties":{"type":"charge","layer":"passenger","locationId":"F09DF109-E2C5-4A61-939F-08919F628A61","name":"TNLP006793 - Joh. van der Waalsweg 15, Almere","address":"15 Joh. van der Waalsweg","city":"Almere","operatorName":"TotalEnergies","maxPowerKw":13,"isMegawatt":false,"status":"UNAVAILABLE","source":"ndw"}},{"type":"Feature","geometry":{"type":"Point","coordinates":[5.324695,52.401344]},"properties":{"type":"charge","layer":"passenger","locationId":"91108BE3-3718-4C1E-877F-A5EB6584E437","name":"TNLP005999 - Sigmundplantsoen 56, Almere","address":"56 Sigmundplantsoen","city":"Almere","operatorName":"TotalEnergies","maxPowerKw":13,"isMegawatt":false,"status":"AVAILABLE","source":"ndw"}},{"type":"Feature","geometry":{"type":"Point","coordinates":[5.296856,52.398792]},"properties":{"type":"charge","layer":"passenger","locationId":"39FB31F9-277D-429E-AE8E-8756281624CC","name":"PP005407 - Terracottastraat 4, Almere","address":"4 Terracottastraat","city":"Almere","operatorName":"TotalEnergies","maxPowerKw":13,"isMegawatt":false,"status":"AVAILABLE","source":"ndw"}},{"type":"Feature","geometry":{"type":"Point","coordinates":[5.220942,52.380898]},"properties":{"type":"charge","layer":"passenger","locationId":"86485556-27E5-40B2-A0BB-069C15FDAD7F","name":"TNLP015252 - Clemenceaustraat 8, Almere","address":"8 Clemenceaustraat","city":"Almere","operatorName":"TotalEnergies","maxPowerKw":17,"isMegawatt":false,"status":"UNAVAILABLE","source":"ndw"}},{"type":"Feature","geometry":{"type":"Point","coordinates":[5.292815,52.361753]},"properties":{"type":"charge","layer":"passenger","locationId":"3af668af141a0cd263aacd15a93c7eca","name":"Owen Chamberlainstraat 28","address":"Owen Chamberlainstraat 28","city":"Almere","operatorName":"Vattenfall InCharge","maxPowerKw":11,"isMegawatt":false,"status":"AVAILABLE","source":"ndw","priceKwh":0.2805}},{"type":"Feature","geometry":{"type":"Point","coordinates":[5.21252,52.371883]},"properties":{"type":"charge","layer":"passenger","locationId":"D8C571ED-7B07-4F20-95D4-ED4086E491BB","name":"TNLP009655 - Veendamstraat 48, Almere","address":"48 Veendamstraat","city":"Almere","operatorName":"TotalEnergies","maxPowerKw":13,"isMegawatt":false,"status":"AVAILABLE","source":"ndw"}},{"type":"Feature","geometry":{"type":"Point","coordinates":[5.308304,52.40782]},"properties":{"type":"charge","layer":"passenger","locationId":"EA5C3DFF-BD6B-4437-8E2F-E218A68F9384","name":"TNLP009299 - Tiarastraat 18, Almere","address":"18 Tiarastraat","city":"Almere","operatorName":"TotalEnergies","maxPowerKw":13,"isMegawatt":false,"status":"AVAILABLE","source":"ndw"}},{"type":"Feature","geometry":{"type":"Point","coordinates":[5.239206,52.359739]},"properties":{"type":"charge","layer":"passenger","locationId":"7a525a8acedd3c831fe19c775763e4d5","name":"Fellinilaan 252","address":"Fellinilaan 252","city":"Almere","operatorName":"Vattenfall InCharge","maxPowerKw":11,"isMegawatt":false,"status":"AVAILABLE","source":"ndw","priceKwh":0.2805}},{"type":"Feature","geometry":{"type":"Point","coordinates":[5.247338,52.356936]},"properties":{"type":"charge","layer":"passenger","locationId":"3967146","name":"Laadnet Veluwezoom 52","address":"Veluwezoom 52","city":"Almere","operatorName":"Laadnet","maxPowerKw":22,"isMegawatt":false,"status":"AVAILABLE","source":"ndw"}},{"type":"Feature","geometry":{"type":"Point","coordinates":[5.248397,52.385005]},"properties":{"type":"charge","layer":"passenger","locationId":"67e3d967c7de0a3df1af85bb","name":"Harut Margaryan","address":"Jan van Eyckrstraat 22","city":"Almere","operatorName":"E-Flux by Road","maxPowerKw":22,"isMegawatt":false,"status":"CHARGING","source":"ndw","priceKwh":0.78}},{"type":"Feature","geometry":{"type":"Point","coordinates":[5.247684,52.405216]},"properties":{"type":"charge","layer":"passenger","locationId":"66ab3d46f16210001d5ca06d","name":"NL - Almere - Hefbrugweg 79 - P2","address":"Hefbrugweg 79","city":"Almere","operatorName":"E-Flux by Road","maxPowerKw":22,"isMegawatt":false,"status":"AVAILABLE","source":"ndw","priceKwh":0.24}},{"type":"Feature","geometry":{"type":"Point","coordinates":[5.17642,52.387414]},"properties":{"type":"charge","layer":"passenger","locationId":"e319f8f19e29486770134a20e80babac","name":"Kajuit 105","address":"Kajuit 105","city":"Almere","operatorName":"Vattenfall InCharge","maxPowerKw":11,"isMegawatt":false,"status":"UNAVAILABLE","source":"ndw","priceKwh":0.2805}},{"type":"Feature","geometry":{"type":"Point","coordinates":[5.153635,52.342593]},"properties":{"type":"charge","layer":"passenger","locationId":"91180052","name":"50five-S NL Almere, Winterspelenplein 25","address":"Winterspelenplein 25","city":"Almere","operatorName":"50five","maxPowerKw":11,"isMegawatt":false,"status":"AVAILABLE","source":"ndw"}},{"type":"Feature","geometry":{"type":"Point","coordinates":[5.18568,52.35821]},"properties":{"type":"charge","layer":"passenger","locationId":"72F37AD4-D966-4A22-BA75-027609AC1A0B","name":"TNLP034237 - J.J. Slauerhoffstraat 7, Almere","address":"7 J.J. Slauerhoffstraat","city":"Almere","operatorName":"TotalEnergies","maxPowerKw":13,"isMegawatt":false,"status":"UNAVAILABLE","source":"ndw"}},{"type":"Feature","geometry":{"type":"Point","coordinates":[5.209873,52.366514]},"properties":{"type":"charge","layer":"passenger","locationId":"5025811b61e59ca89e4fe53b10b89270","name":"Almelostraat 43","address":"Almelostraat 43","city":"Almere","operatorName":"Vattenfall InCharge","maxPowerKw":11,"isMegawatt":false,"status":"AVAILABLE","source":"ndw","priceKwh":0.2805}},{"type":"Feature","geometry":{"type":"Point","coordinates":[5.179095,52.345728]},"properties":{"type":"charge","layer":"passenger","locationId":"91299197","name":"50five-S NL Location","address":"Transistorstraat","city":"Almere","operatorName":"50five","maxPowerKw":11,"isMegawatt":false,"status":"UNAVAILABLE","source":"ndw"}},{"type":"Feature","geometry":{"type":"Point","coordinates":[5.236194,52.364343]},"properties":{"type":"charge","layer":"passenger","locationId":"91097876","name":"50five-S NL 07003308","address":"Audrey Hepburnstraat 83","city":"Almere","operatorName":"50five","maxPowerKw":11,"isMegawatt":false,"status":"CHARGING","source":"ndw"}},{"type":"Feature","geometry":{"type":"Point","coordinates":[5.246428,52.376132]},"properties":{"type":"charge","layer":"passenger","locationId":"fad64ad90858ec4a80c479827822671a","name":"Gleditsiastraat 76","address":"Gleditsiastraat 76","city":"Almere","operatorName":"Vattenfall InCharge","maxPowerKw":11,"isMegawatt":false,"status":"AVAILABLE","source":"ndw","priceKwh":0.2805}},{"type":"Feature","geometry":{"type":"Point","coordinates":[5.2048,52.363932]},"properties":{"type":"charge","layer":"passenger","locationId":"NLLOC001476","name":"NLD, Almere, Leerdampad 33","address":"Leerdampad 33","city":"Almere","operatorName":"Allego","maxPowerKw":11,"isMegawatt":false,"status":"AVAILABLE","source":"ndw","priceKwh":0.511}},{"type":"Feature","geometry":{"type":"Point","coordinates":[5.222583,52.378652]},"properties":{"type":"charge","layer":"passenger","locationId":"NLLOC001166","name":"NLD, Almere, Randstad 14-21","address":"Randstad 14-21","city":"Almere","operatorName":"Allego","maxPowerKw":11,"isMegawatt":false,"status":"AVAILABLE","source":"ndw","priceKwh":0.511}},{"type":"Feature","geometry":{"type":"Point","coordinates":[5.1543496,52.3518825]},"properties":{"type":"charge","layer":"passenger","locationId":"2183","name":"Shell Recharge NL Anubisstraat 64","address":"Anubisstraat 64","city":"Almere","operatorName":"Ubitricity","maxPowerKw":22,"isMegawatt":false,"status":"AVAILABLE","source":"ndw","priceKwh":0.267}},{"type":"Feature","geometry":{"type":"Point","coordinates":[5.30067,52.40055]},"properties":{"type":"charge","layer":"passenger","locationId":"53433684ae5dfa9cf532e41337725aac","name":"Siciliëstraat 85","address":"Siciliëstraat 85","city":"Almere","operatorName":"Vattenfall InCharge","maxPowerKw":11,"isMegawatt":false,"status":"AVAILABLE","source":"ndw","priceKwh":0.2805}},{"type":"Feature","geometry":{"type":"Point","coordinates":[5.287966,52.4009219]},"properties":{"type":"charge","layer":"passenger","locationId":"2012","name":"Shell Recharge NL Eeuwenweg 71","address":"Eeuwenweg 71","city":"Almere","operatorName":"Ubitricity","maxPowerKw":22,"isMegawatt":false,"status":"AVAILABLE","source":"ndw","priceKwh":0.267}},{"type":"Feature","geometry":{"type":"Point","coordinates":[5.137297,52.354736]},"properties":{"type":"charge","layer":"passenger","locationId":"7290CE70-D487-4FF3-82C1-8CB4E544EE48","name":"TNLP006363 - Olivier van Noortstraat 4, Almere","address":"4 Olivier van Noortstraat","city":"Almere","operatorName":"TotalEnergies","maxPowerKw":13,"isMegawatt":false,"status":"AVAILABLE","source":"ndw"}},{"type":"Feature","geometry":{"type":"Point","coordinates":[5.270865,52.372765]},"properties":{"type":"charge","layer":"passenger","locationId":"729FCBDA-F13B-48D0-9672-0453225B0724","name":"TNLP006064 - Albrecht Dürerweg 2, Almere","address":"2 Albrecht Dürerweg","city":"Almere","operatorName":"TotalEnergies","maxPowerKw":13,"isMegawatt":false,"status":"CHARGING","source":"ndw"}},{"type":"Feature","geometry":{"type":"Point","coordinates":[5.22584,52.3872]},"properties":{"type":"charge","layer":"passenger","locationId":"69e3c18c93403414dd1418ac22ffa09a","name":"Boven Wijde 20","address":"Boven Wijde 20","city":"Almere","operatorName":"Vattenfall InCharge","maxPowerKw":11,"isMegawatt":false,"status":"AVAILABLE","source":"ndw","priceKwh":0.2805}},{"type":"Feature","geometry":{"type":"Point","coordinates":[5.223425,52.38352]},"properties":{"type":"charge","layer":"passenger","locationId":"8AF52943-5106-4999-9D44-1EBAEEDB58EA","name":"TNLP007419 - Waalstraat 10, Almere","address":"10 Waalstraat","city":"Almere","operatorName":"TotalEnergies","maxPowerKw":13,"isMegawatt":false,"status":"AVAILABLE","source":"ndw"}},{"type":"Feature","geometry":{"type":"Point","coordinates":[5.174528,52.39477]},"properties":{"type":"charge","layer":"passenger","locationId":"92A85F5A-A033-4E02-B1FF-E88EFD5B7B5E","name":"TNLP008803 - Spinnakerplantsoen 56, Almere","address":"56 Spinnakerplantsoen","city":"Almere","operatorName":"TotalEnergies","maxPowerKw":14,"isMegawatt":false,"status":"UNAVAILABLE","source":"ndw"}},{"type":"Feature","geometry":{"type":"Point","coordinates":[5.223282,52.34054]},"properties":{"type":"charge","layer":"passenger","locationId":"AA5B9705-9825-46E5-A027-C58282F2B41A","name":"TNLP007475 - Rozenwerf 151, Almere","address":"151 Rozenwerf","city":"Almere","operatorName":"TotalEnergies","maxPowerKw":15,"isMegawatt":false,"status":"CHARGING","source":"ndw"}},{"type":"Feature","geometry":{"type":"Point","coordinates":[5.279438,52.384544]},"properties":{"type":"charge","layer":"passenger","locationId":"38807702-9BA3-4E91-B420-0DFD33DA737F","name":"TNLP006878 - Giraffeweg 10, Almere","address":"10 Giraffeweg","city":"Almere","operatorName":"TotalEnergies","maxPowerKw":15,"isMegawatt":false,"status":"AVAILABLE","source":"ndw"}},{"type":"Feature","geometry":{"type":"Point","coordinates":[5.281309,52.356845]},"properties":{"type":"charge","layer":"passenger","locationId":"85c21650ecbe5ccfaa619882f9c9c44a","name":"Frits Zernikestraat 5","address":"Frits Zernikestraat 5","city":"Almere","operatorName":"Vattenfall InCharge","maxPowerKw":11,"isMegawatt":false,"status":"AVAILABLE","source":"ndw","priceKwh":0.2805}},{"type":"Feature","geometry":{"type":"Point","coordinates":[5.197614,52.368748]},"properties":{"type":"charge","layer":"passenger","locationId":"3264EFFA-6DC3-4A3C-B764-35E85164DC19","name":"TNLP006528 - Purcellstraat 92, Almere","address":"92 Purcellstraat","city":"Almere","operatorName":"TotalEnergies","maxPowerKw":15,"isMegawatt":false,"status":"AVAILABLE","source":"ndw"}},{"type":"Feature","geometry":{"type":"Point","coordinates":[5.225561,52.37839]},"properties":{"type":"charge","layer":"passenger","locationId":"36D4C47A-8BF4-476D-AFB5-8663CCEB7A03","name":"TNLP006978 - Randstad 22 35, Almere","address":"22 35 Randstad","city":"Almere","operatorName":"TotalEnergies","maxPowerKw":15,"isMegawatt":false,"status":"CHARGING","source":"ndw"}},{"type":"Feature","geometry":{"type":"Point","coordinates":[5.288815,52.390427]},"properties":{"type":"charge","layer":"passenger","locationId":"D93C4AC2-16F9-4153-8FF0-9679F82AEE58","name":"TNLP034671 - Victoria Regiastraat 4, Almere","address":"4 Victoria Regiastraat","city":"Almere","operatorName":"TotalEnergies","maxPowerKw":13,"isMegawatt":false,"status":"UNAVAILABLE","source":"ndw"}},{"type":"Feature","geometry":{"type":"Point","coordinates":[5.203513,52.363644]},"properties":{"type":"charge","layer":"passenger","locationId":"DCE22D1F-EF72-481D-86D2-9FF82307F6C3","name":"TNLP005891 - Zeistpad 2, Almere","address":"2 Zeistpad","city":"Almere","operatorName":"TotalEnergies","maxPowerKw":15,"isMegawatt":false,"status":"AVAILABLE","source":"ndw"}},{"type":"Feature","geometry":{"type":"Point","coordinates":[5.201199,52.384525]},"properties":{"type":"charge","layer":"passenger","locationId":"F5C8EF2F-F19F-4FCB-96E6-F68AB29F6EEC","name":"PP005226 - Borstelgrasstraat 18, Almere","address":"18 Borstelgrasstraat","city":"Almere","operatorName":"TotalEnergies","maxPowerKw":15,"isMegawatt":false,"status":"UNAVAILABLE","source":"ndw"}},{"type":"Feature","geometry":{"type":"Point","coordinates":[5.25358,52.385723]},"properties":{"type":"charge","layer":"passenger","locationId":"NLLOC000849","name":"NLD, Almere, Frans Halsweg 2","address":"Frans Halsweg 2","city":"Almere","operatorName":"Allego","maxPowerKw":11,"isMegawatt":false,"status":"AVAILABLE","source":"ndw","priceKwh":0.511}},{"type":"Feature","geometry":{"type":"Point","coordinates":[5.26097,52.36277]},"properties":{"type":"charge","layer":"passenger","locationId":"691","name":"Shell Recharge NL Rudolf Nureyevstraat 2","address":"Rudolf Nureyevstraat 2","city":"Almere","operatorName":"Ubitricity","maxPowerKw":11,"isMegawatt":false,"status":"AVAILABLE","source":"ndw","priceKwh":0.392}},{"type":"Feature","geometry":{"type":"Point","coordinates":[5.250973,52.401224]},"properties":{"type":"charge","layer":"passenger","locationId":"B9A3BC97-B7CC-470C-8815-BAEFDF0C840D","name":"Eneco eMobility Weber Marking Systems B.V. - Almere","address":"Draaibrugweg 19","city":"Almere","operatorName":"Eneco","maxPowerKw":22,"isMegawatt":false,"status":"UNAVAILABLE","source":"ndw","priceKwh":0.39}},{"type":"Feature","geometry":{"type":"Point","coordinates":[5.24507,52.39401]},"properties":{"type":"charge","layer":"passenger","locationId":"609FF797-C642-4C13-8B99-A0DAF08A116F","name":"TNLP007637 - Competitieweg 5, Almere","address":"5 Competitieweg","city":"Almere","operatorName":"TotalEnergies","maxPowerKw":15,"isMegawatt":false,"status":"AVAILABLE","source":"ndw"}},{"type":"Feature","geometry":{"type":"Point","coordinates":[5.258353,52.36732]},"properties":{"type":"charge","layer":"passenger","locationId":"120fb399-4826-4b12-a7f7-079edeeb7960","name":"PP001241 - Sambastraat 30, Almere","address":"30 Sambastraat","city":"Almere","operatorName":"TotalEnergies","maxPowerKw":17,"isMegawatt":false,"status":"CHARGING","source":"ndw"}},{"type":"Feature","geometry":{"type":"Point","coordinates":[5.213579,52.374077]},"properties":{"type":"charge","layer":"passenger","locationId":"b8b1836d4917c68f144537090c8d9ad9","name":"Hoogezandstraat 2","address":"Hoogezandstraat 2","city":"Almere","operatorName":"Vattenfall InCharge","maxPowerKw":11,"isMegawatt":false,"status":"CHARGING","source":"ndw","priceKwh":0.2805}},{"type":"Feature","geometry":{"type":"Point","coordinates":[5.28414,52.35899]},"properties":{"type":"charge","layer":"passenger","locationId":"452","name":"Shell Recharge NL Max Planckstraat 23","address":"Max Planckstraat 23","city":"Almere","operatorName":"Ubitricity","maxPowerKw":11,"isMegawatt":false,"status":"AVAILABLE","source":"ndw","priceKwh":0.392}},{"type":"Feature","geometry":{"type":"Point","coordinates":[5.288989,52.400185]},"properties":{"type":"charge","layer":"passenger","locationId":"BE4C0761-A8DE-40D0-AE2E-80C550F1BF39","name":"TNLP009664 - Junistraat 1, Almere","address":"1 Junistraat","city":"Almere","operatorName":"TotalEnergies","maxPowerKw":15,"isMegawatt":false,"status":"AVAILABLE","source":"ndw"}},{"type":"Feature","geometry":{"type":"Point","coordinates":[5.282413,52.35917]},"properties":{"type":"charge","layer":"passenger","locationId":"D4C8C5F3-D8FD-42A6-BA81-D75936A8ACAD","name":"TNLP007312 - Marie Curielaan 73, Almere","address":"73 Marie Curielaan","city":"Almere","operatorName":"TotalEnergies","maxPowerKw":13,"isMegawatt":false,"status":"CHARGING","source":"ndw"}},{"type":"Feature","geometry":{"type":"Point","coordinates":[5.177636,52.387703]},"properties":{"type":"charge","layer":"passenger","locationId":"adbea36a-e0ae-48ac-a39d-00073e4bda52","name":"Laadplein - TNLP006968 - Kajuit 124, Almere","address":"124 Kajuit","city":"Almere","operatorName":"TotalEnergies","maxPowerKw":15,"isMegawatt":false,"status":"CHARGING","source":"ndw"}},{"type":"Feature","geometry":{"type":"Point","coordinates":[5.15682,52.34198]},"properties":{"type":"charge","layer":"passenger","locationId":"c5a844fa2fcedaf057cdcc514ec3d3cc","name":"Pierre de Coubertinplein 6","address":"Pierre de Coubertinplein 6","city":"Almere","operatorName":"Vattenfall InCharge","maxPowerKw":11,"isMegawatt":false,"status":"AVAILABLE","source":"ndw","priceKwh":0.2805}},{"type":"Feature","geometry":{"type":"Point","coordinates":[5.225563,52.336428]},"properties":{"type":"charge","layer":"passenger","locationId":"036bb42dfc177a6b4765b3beb250c677","name":"Wittewerf 74","address":"Wittewerf 74","city":"Almere","operatorName":"Vattenfall InCharge","maxPowerKw":11,"isMegawatt":false,"status":"AVAILABLE","source":"ndw","priceKwh":0.2805}},{"type":"Feature","geometry":{"type":"Point","coordinates":[5.22706,52.37175]},"properties":{"type":"charge","layer":"passenger","locationId":"4c5fbede2f105f080803e445e3360166","name":"Oscarlaan 182","address":"Oscarlaan 182","city":"Almere","operatorName":"Vattenfall InCharge","maxPowerKw":11,"isMegawatt":false,"status":"AVAILABLE","source":"ndw","priceKwh":0.2805}},{"type":"Feature","geometry":{"type":"Point","coordinates":[5.28429,52.35836]},"properties":{"type":"charge","layer":"passenger","locationId":"24e115fe-e073-485f-a5de-13c18228cf18","name":"PP001228 - Max Planckstraat 3, Almere","address":"3 Max Planckstraat","city":"Almere","operatorName":"TotalEnergies","maxPowerKw":11,"isMegawatt":false,"status":"UNAVAILABLE","source":"ndw"}},{"type":"Feature","geometry":{"type":"Point","coordinates":[5.29301,52.36102]},"properties":{"type":"charge","layer":"passenger","locationId":"e615f7cc99c76e47d48529b33ed63168","name":"Emilio Segrèstraat 7","address":"Emilio Segrèstraat 7","city":"Almere","operatorName":"Vattenfall InCharge","maxPowerKw":11,"isMegawatt":false,"status":"AVAILABLE","source":"ndw","priceKwh":0.2805}},{"type":"Feature","geometry":{"type":"Point","coordinates":[5.1447,52.354008]},"properties":{"type":"charge","layer":"passenger","locationId":"100E1E0A-3596-445F-9561-3F35F95F5801","name":"TNLP015267 - Henry Stanleystraat 1, Almere","address":"1 Henry Stanleystraat","city":"Almere","operatorName":"TotalEnergies","maxPowerKw":17,"isMegawatt":false,"status":"AVAILABLE","source":"ndw"}},{"type":"Feature","geometry":{"type":"Point","coordinates":[5.300803,52.393818]},"properties":{"type":"charge","layer":"passenger","locationId":"21BA33B5-43BE-4FE7-ADCE-389D786E04F7","name":"TNLP007482 - Maisgeelstraat 58, Almere","address":"58 Maisgeelstraat","city":"Almere","operatorName":"TotalEnergies","maxPowerKw":13,"isMegawatt":false,"status":"AVAILABLE","source":"ndw"}},{"type":"Feature","geometry":{"type":"Point","coordinates":[5.197015,52.369263]},"properties":{"type":"charge","layer":"passenger","locationId":"BB1A4D73-1770-44D2-8F16-008AED18362F","name":"TNLP034274 - Couperinstraat 6, Almere","address":"6 Couperinstraat","city":"Almere","operatorName":"TotalEnergies","maxPowerKw":13,"isMegawatt":false,"status":"UNAVAILABLE","source":"ndw"}},{"type":"Feature","geometry":{"type":"Point","coordinates":[5.245135,52.378025]},"properties":{"type":"charge","layer":"passenger","locationId":"459681B9-E784-48D6-9013-AF85DC7C2BE9","name":"PP005449 - Kapitein de Langestraat 69, Almere","address":"69 Kapitein de Langestraat","city":"Almere","operatorName":"TotalEnergies","maxPowerKw":13,"isMegawatt":false,"status":"AVAILABLE","source":"ndw"}},{"type":"Feature","geometry":{"type":"Point","coordinates":[5.2708169,52.376816]},"properties":{"type":"charge","layer":"passenger","locationId":"2034","name":"Shell Recharge NL Carel Willinklaan 82","address":"Carel Willinklaan 82","city":"Almere","operatorName":"Ubitricity","maxPowerKw":22,"isMegawatt":false,"status":"AVAILABLE","source":"ndw","priceKwh":0.267}},{"type":"Feature","geometry":{"type":"Point","coordinates":[5.306508,52.411575]},"properties":{"type":"charge","layer":"passenger","locationId":"CCC98973-693A-4056-ADC8-6F95029F12E5","name":"TNLP034670 - Sieradenweg 49, Almere","address":"49 Sieradenweg","city":"Almere","operatorName":"TotalEnergies","maxPowerKw":13,"isMegawatt":false,"status":"UNAVAILABLE","source":"ndw"}},{"type":"Feature","geometry":{"type":"Point","coordinates":[5.159763,52.354492]},"properties":{"type":"charge","layer":"passenger","locationId":"4B677EB6-6A13-4A63-BD88-CD6BB04725EE","name":"TNLP008164 - Mazustraat 36, Almere","address":"36 Mazustraat","city":"Almere","operatorName":"TotalEnergies","maxPowerKw":15,"isMegawatt":false,"status":"AVAILABLE","source":"ndw"}},{"type":"Feature","geometry":{"type":"Point","coordinates":[5.16243,52.3464]},"properties":{"type":"charge","layer":"passenger","locationId":"2170","name":"Shell Recharge NL Ruslandkade 18","address":"Ruslandkade 18","city":"Almere","operatorName":"Ubitricity","maxPowerKw":22,"isMegawatt":false,"status":"AVAILABLE","source":"ndw","priceKwh":0.267}},{"type":"Feature","geometry":{"type":"Point","coordinates":[5.297206,52.397205]},"properties":{"type":"charge","layer":"passenger","locationId":"6412B6F3-164E-4517-A476-EA5B3E928A93","name":"TNLP034115 - Ecrustraat 44, Almere","address":"44 Ecrustraat","city":"Almere","operatorName":"TotalEnergies","maxPowerKw":13,"isMegawatt":false,"status":"UNAVAILABLE","source":"ndw"}},{"type":"Feature","geometry":{"type":"Point","coordinates":[5.306606,52.399353]},"properties":{"type":"charge","layer":"passenger","locationId":"6704EBCB-7733-4BCB-A35B-DE211146C1B6","name":"TNLP034672 - Alderneystraat 3, Almere","address":"3 Alderneystraat","city":"Almere","operatorName":"TotalEnergies","maxPowerKw":13,"isMegawatt":false,"status":"UNAVAILABLE","source":"ndw"}},{"type":"Feature","geometry":{"type":"Point","coordinates":[5.28699,52.38723]},"properties":{"type":"charge","layer":"passenger","locationId":"d99a9246-6f27-45c3-92fc-fe9dd6e7f006","name":"PP001744 - Lotusbloemweg 74, Almere","address":"74 Lotusbloemweg","city":"Almere","operatorName":"TotalEnergies","maxPowerKw":11,"isMegawatt":false,"status":"AVAILABLE","source":"ndw"}},{"type":"Feature","geometry":{"type":"Point","coordinates":[5.200858,52.360195]},"properties":{"type":"charge","layer":"passenger","locationId":"BFB88875-5108-44DF-B290-D0BC9824A8E5","name":"TNLP009209 - Rockanjestraat 12, Almere","address":"12 Rockanjestraat","city":"Almere","operatorName":"TotalEnergies","maxPowerKw":13,"isMegawatt":false,"status":"AVAILABLE","source":"ndw"}},{"type":"Feature","geometry":{"type":"Point","coordinates":[5.22909,52.333485]},"properties":{"type":"charge","layer":"passenger","locationId":"E78B7700-A3ED-438C-8D01-65CA9FDD6A2F","name":"TNLP008785 - Dijkmeent 29, Almere","address":"29 Dijkmeent","city":"Almere","operatorName":"TotalEnergies","maxPowerKw":13,"isMegawatt":false,"status":"AVAILABLE","source":"ndw"}},{"type":"Feature","geometry":{"type":"Point","coordinates":[5.142568,52.34354]},"properties":{"type":"charge","layer":"passenger","locationId":"F795728D-BF95-48B1-840B-A08162E4A92B","name":"PP005323 - Duinbeekstraat 25, Almere","address":"25 Duinbeekstraat","city":"Almere","operatorName":"TotalEnergies","maxPowerKw":13,"isMegawatt":false,"status":"UNAVAILABLE","source":"ndw"}},{"type":"Feature","geometry":{"type":"Point","coordinates":[5.27132,52.38609]},"properties":{"type":"charge","layer":"passenger","locationId":"250CEC91-08DD-4B09-815A-92B0649858E2","name":"TNLP009686 - Nertspad 11, Almere","address":"11 Nertspad","city":"Almere","operatorName":"TotalEnergies","maxPowerKw":15,"isMegawatt":false,"status":"AVAILABLE","source":"ndw"}},{"type":"Feature","geometry":{"type":"Point","coordinates":[5.306097,52.368671]},"properties":{"type":"charge","layer":"passenger","locationId":"697c7c0b78d5cae31496b414","name":"Almere/ Carl Jungstraat 38","address":"Carl Jungstraat 38","city":"Almere","operatorName":"E-Flux by Road","maxPowerKw":14,"isMegawatt":false,"status":"AVAILABLE","source":"ndw","priceKwh":0.5217}},{"type":"Feature","geometry":{"type":"Point","coordinates":[5.223349,52.377426]},"properties":{"type":"charge","layer":"passenger","locationId":"3549DE3D-C3F6-40D8-8F97-9ED3C08C7E3B","name":"TNLP006946 - Randstad 21 30, Almere","address":"21 30 Randstad","city":"Almere","operatorName":"TotalEnergies","maxPowerKw":15,"isMegawatt":false,"status":"UNAVAILABLE","source":"ndw"}},{"type":"Feature","geometry":{"type":"Point","coordinates":[5.22754,52.345867]},"properties":{"type":"charge","layer":"passenger","locationId":"CF85F6CB-764C-40CF-8996-0E7B0962DB23","name":"TNLP009259 - Hofmark 403, Almere","address":"403 Hofmark","city":"Almere","operatorName":"TotalEnergies","maxPowerKw":13,"isMegawatt":false,"status":"AVAILABLE","source":"ndw"}},{"type":"Feature","geometry":{"type":"Point","coordinates":[5.16029,52.35462]},"properties":{"type":"charge","layer":"passenger","locationId":"0458b8b7cb166529a8ee848ba497b9da","name":"Arinnastraat 13","address":"Arinnastraat 13","city":"Almere","operatorName":"Vattenfall InCharge","maxPowerKw":11,"isMegawatt":false,"status":"AVAILABLE","source":"ndw","priceKwh":0.2805}},{"type":"Feature","geometry":{"type":"Point","coordinates":[5.230971,52.391888]},"properties":{"type":"charge","layer":"passenger","locationId":"7F66301B-9DA0-414D-AEE2-7C343CF9955A","name":"TNLP006830 - Brasemstraat 21, Almere","address":"21 Brasemstraat","city":"Almere","operatorName":"TotalEnergies","maxPowerKw":15,"isMegawatt":false,"status":"AVAILABLE","source":"ndw"}},{"type":"Feature","geometry":{"type":"Point","coordinates":[5.263606,52.370064]},"properties":{"type":"charge","layer":"passenger","locationId":"9BE750CE-00C4-411F-B018-C865D7FBE66D","name":"TNLP034209 - Rodinweg 2, Almere","address":"2 Rodinweg","city":"Almere","operatorName":"TotalEnergies","maxPowerKw":13,"isMegawatt":false,"status":"UNAVAILABLE","source":"ndw"}},{"type":"Feature","geometry":{"type":"Point","coordinates":[5.146235,52.358307]},"properties":{"type":"charge","layer":"passenger","locationId":"e03dd451-99d5-4f22-96d7-59d8c4760332","name":"TNLP007662 - Eponastraat 6, Almere","address":"6 Eponastraat","city":"Almere","operatorName":"TotalEnergies","maxPowerKw":13,"isMegawatt":false,"status":"CHARGING","source":"ndw"}},{"type":"Feature","geometry":{"type":"Point","coordinates":[5.27228,52.38256]},"properties":{"type":"charge","layer":"passenger","locationId":"e27f626c-50c5-4b53-9a0c-039f3704e64b","name":"PP001396 - Pythonstraat 2, Almere","address":"2 Pythonstraat","city":"Almere","operatorName":"TotalEnergies","maxPowerKw":11,"isMegawatt":false,"status":"UNAVAILABLE","source":"ndw"}},{"type":"Feature","geometry":{"type":"Point","coordinates":[5.254519,52.364353]},"properties":{"type":"charge","layer":"passenger","locationId":"0ACCCB0E-6A4D-4ED6-B631-93F5E5BE3EEC","name":"TNLP006422 - Habanerastraat 57, Almere","address":"57 Habanerastraat","city":"Almere","operatorName":"TotalEnergies","maxPowerKw":13,"isMegawatt":false,"status":"AVAILABLE","source":"ndw"}},{"type":"Feature","geometry":{"type":"Point","coordinates":[5.151063,52.354507]},"properties":{"type":"charge","layer":"passenger","locationId":"0C5102B4-027F-4F53-B41B-24C15077747F","name":"TNLP005735 - Hermesstraat 26, Almere","address":"26 Hermesstraat","city":"Almere","operatorName":"TotalEnergies","maxPowerKw":13,"isMegawatt":false,"status":"AVAILABLE","source":"ndw"}},{"type":"Feature","geometry":{"type":"Point","coordinates":[5.196212,52.373344]},"properties":{"type":"charge","layer":"passenger","locationId":"2D267598-390B-4417-A687-4696F6259422","name":"TNLP006217 - Klein-Brandt Sportpark 1, Almere","address":"1 Klein-Brandt Sportpark","city":"Almere","operatorName":"TotalEnergies","maxPowerKw":15,"isMegawatt":false,"status":"AVAILABLE","source":"ndw"}},{"type":"Feature","geometry":{"type":"Point","coordinates":[5.174903,52.391727]},"properties":{"type":"charge","layer":"passenger","locationId":"989972D9-CE0F-4ECB-83E1-F987FC88F52C","name":"TNLP006814 - Boomzeil 2, Almere","address":"2 Boomzeil","city":"Almere","operatorName":"TotalEnergies","maxPowerKw":13,"isMegawatt":false,"status":"AVAILABLE","source":"ndw"}},{"type":"Feature","geometry":{"type":"Point","coordinates":[5.273411,52.40158]},"properties":{"type":"charge","layer":"passenger","locationId":"72BE51B2-38D2-4167-A171-400E8D363491","name":"TNLP006857 - Spinnekopmolenstraat 60, Almere","address":"60 Spinnekopmolenstraat","city":"Almere","operatorName":"TotalEnergies","maxPowerKw":13,"isMegawatt":false,"status":"AVAILABLE","source":"ndw"}},{"type":"Feature","geometry":{"type":"Point","coordinates":[5.245109,52.379756]},"properties":{"type":"charge","layer":"passenger","locationId":"NLLOC001171","name":"NLD, Almere, Groep Welterhof 24","address":"Groep Welterhof 24","city":"Almere","operatorName":"Allego","maxPowerKw":22,"isMegawatt":false,"status":"AVAILABLE","source":"ndw","priceKwh":0.511}},{"type":"Feature","geometry":{"type":"Point","coordinates":[5.266417,52.39459]},"properties":{"type":"charge","layer":"passenger","locationId":"92C2AA0D-DB05-4571-9484-EB217DED6624","name":"TNLP005950 - A. Boekenweg 1, Almere","address":"1 A. Boekenweg","city":"Almere","operatorName":"TotalEnergies","maxPowerKw":15,"isMegawatt":false,"status":"AVAILABLE","source":"ndw"}},{"type":"Feature","geometry":{"type":"Point","coordinates":[5.283643,52.36171]},"properties":{"type":"charge","layer":"passenger","locationId":"A8B3EB38-FCFA-452E-A43E-6F295FB1A83A","name":"Laadplein - TNLP007251 - Alfred Kastlerpad 15, Almere","address":"15 Alfred Kastlerpad","city":"Almere","operatorName":"TotalEnergies","maxPowerKw":15,"isMegawatt":false,"status":"AVAILABLE","source":"ndw"}},{"type":"Feature","geometry":{"type":"Point","coordinates":[5.229172,52.38752]},"properties":{"type":"charge","layer":"passenger","locationId":"CD01CB67-C392-4A30-ACE9-2973648F9C3D","name":"TNLP009271 - Ladderbaai 40, Almere","address":"40 Ladderbaai","city":"Almere","operatorName":"TotalEnergies","maxPowerKw":13,"isMegawatt":false,"status":"AVAILABLE","source":"ndw"}},{"type":"Feature","geometry":{"type":"Point","coordinates":[5.256742,52.39756]},"properties":{"type":"charge","layer":"passenger","locationId":"AEF8248F-EB89-4BCC-9711-91F22CE9B3E3","name":"PP005192 - C. van Eesterenplein 20, Almere","address":"20 C. van Eesterenplein","city":"Almere","operatorName":"TotalEnergies","maxPowerKw":13,"isMegawatt":false,"status":"AVAILABLE","source":"ndw"}},{"type":"Feature","geometry":{"type":"Point","coordinates":[5.275469,52.38402]},"properties":{"type":"charge","layer":"passenger","locationId":"EB50E3E2-2DF7-4DE9-ADD7-962257B00D07","name":"PP005541 - Gemsstraat 7, Almere","address":"7 Gemsstraat","city":"Almere","operatorName":"TotalEnergies","maxPowerKw":13,"isMegawatt":false,"status":"AVAILABLE","source":"ndw"}},{"type":"Feature","geometry":{"type":"Point","coordinates":[5.287496,52.398098]},"properties":{"type":"charge","layer":"passenger","locationId":"EDA18C78-7F75-4AE9-92B7-11703247E62B","name":"TNLP006268 - Pontianakstraat 17, Almere","address":"17 Pontianakstraat","city":"Almere","operatorName":"TotalEnergies","maxPowerKw":13,"isMegawatt":false,"status":"AVAILABLE","source":"ndw"}},{"type":"Feature","geometry":{"type":"Point","coordinates":[5.234722,52.337887]},"properties":{"type":"charge","layer":"passenger","locationId":"0ADD04AA-C188-48E9-945D-335C4D6895AE","name":"TNLP009776 - Kolkgriend 55, Almere","address":"55 Kolkgriend","city":"Almere","operatorName":"TotalEnergies","maxPowerKw":13,"isMegawatt":false,"status":"CHARGING","source":"ndw"}},{"type":"Feature","geometry":{"type":"Point","coordinates":[5.255429,52.36977]},"properties":{"type":"charge","layer":"passenger","locationId":"6B895D26-3344-4094-A33B-3F8FE2EAAFA5","name":"TNLP007250 - Parkwijklaan 243, Almere","address":"243 Parkwijklaan","city":"Almere","operatorName":"TotalEnergies","maxPowerKw":13,"isMegawatt":false,"status":"AVAILABLE","source":"ndw"}},{"type":"Feature","geometry":{"type":"Point","coordinates":[5.260586,52.370853]},"properties":{"type":"charge","layer":"passenger","locationId":"B25D8AD9-01CD-4322-9241-B1B2A2ABF4D4","name":"TNLP007693 - Picassoweg 3, Almere","address":"3 Picassoweg","city":"Almere","operatorName":"TotalEnergies","maxPowerKw":15,"isMegawatt":false,"status":"AVAILABLE","source":"ndw"}},{"type":"Feature","geometry":{"type":"Point","coordinates":[5.284375,52.40215]},"properties":{"type":"charge","layer":"passenger","locationId":"BC15ED4D-3E02-4782-A0B1-D13C452D9079","name":"TNLP007818 - Jarenweg 77, Almere","address":"77 Jarenweg","city":"Almere","operatorName":"TotalEnergies","maxPowerKw":13,"isMegawatt":false,"status":"AVAILABLE","source":"ndw"}},{"type":"Feature","geometry":{"type":"Point","coordinates":[5.289373,52.35808]},"properties":{"type":"charge","layer":"passenger","locationId":"BB7AA973-6914-4761-A52B-F1BF7B3BDE80","name":"TNLP007956 - Patrick Blackettstraat 28, Almere","address":"28 Patrick Blackettstraat","city":"Almere","operatorName":"TotalEnergies","maxPowerKw":13,"isMegawatt":false,"status":"CHARGING","source":"ndw"}},{"type":"Feature","geometry":{"type":"Point","coordinates":[5.140939,52.353634]},"properties":{"type":"charge","layer":"passenger","locationId":"29200FC7-A3AD-41B4-B3C9-0D0445E3FBAC","name":"Laadplein - TNLP006840 - Leif Erikssonstraat 49, Almere","address":"49 Leif Erikssonstraat","city":"Almere","operatorName":"TotalEnergies","maxPowerKw":15,"isMegawatt":false,"status":"AVAILABLE","source":"ndw"}},{"type":"Feature","geometry":{"type":"Point","coordinates":[5.15426,52.35666]},"properties":{"type":"charge","layer":"passenger","locationId":"610","name":"Shell Recharge NL Trojestraat 3","address":"Trojestraat 3","city":"Almere","operatorName":"Ubitricity","maxPowerKw":11,"isMegawatt":false,"status":"AVAILABLE","source":"ndw","priceKwh":0.392}},{"type":"Feature","geometry":{"type":"Point","coordinates":[5.176374,52.36641]},"properties":{"type":"charge","layer":"passenger","locationId":"9F1CFC51-67D5-46BE-97DD-F9FC87A47383","name":"TNLP006962 - Bob Marleystraat 1, Almere","address":"1 Bob Marleystraat","city":"Almere","operatorName":"TotalEnergies","maxPowerKw":13,"isMegawatt":false,"status":"AVAILABLE","source":"ndw"}},{"type":"Feature","geometry":{"type":"Point","coordinates":[5.23239,52.34374]},"properties":{"type":"charge","layer":"passenger","locationId":"b8f639607070443e38305cebf07e4bbf","name":"Sportmark 17","address":"Sportmark 17","city":"Almere","operatorName":"Vattenfall InCharge","maxPowerKw":11,"isMegawatt":false,"status":"AVAILABLE","source":"ndw","priceKwh":0.2805}},{"type":"Feature","geometry":{"type":"Point","coordinates":[5.31468,52.40674]},"properties":{"type":"charge","layer":"passenger","locationId":"62CB7FBD-3004-4112-BA5C-6EFB682D70EE","name":"TNLP034614 - Frans Piëtstraat 16, Almere","address":"16 Frans Piëtstraat","city":"Almere","operatorName":"TotalEnergies","maxPowerKw":13,"isMegawatt":false,"status":"UNAVAILABLE","source":"ndw"}},{"type":"Feature","geometry":{"type":"Point","coordinates":[5.171937,52.390793]},"properties":{"type":"charge","layer":"passenger","locationId":"AEB1BD73-8823-4A84-A174-7E56688A3ED8","name":"TNLP005709 - Stormzeil 25, Almere","address":"25 Stormzeil","city":"Almere","operatorName":"TotalEnergies","maxPowerKw":13,"isMegawatt":false,"status":"AVAILABLE","source":"ndw"}},{"type":"Feature","geometry":{"type":"Point","coordinates":[5.149855,52.343678]},"properties":{"type":"charge","layer":"passenger","locationId":"1709D0C8-D1D9-4118-9704-0E9F4012797C","name":"TNLP007218 - Demetrius Vikelaslaan 72, Almere","address":"72 Demetrius Vikelaslaan","city":"Almere","operatorName":"TotalEnergies","maxPowerKw":13,"isMegawatt":false,"status":"AVAILABLE","source":"ndw"}},{"type":"Feature","geometry":{"type":"Point","coordinates":[5.265783,52.399478]},"properties":{"type":"charge","layer":"passenger","locationId":"bc1d3076d3649bb452c5aee5092e1863","name":"Walmolenstraat 26","address":"Walmolenstraat 26","city":"Almere","operatorName":"Vattenfall InCharge","maxPowerKw":11,"isMegawatt":false,"status":"AVAILABLE","source":"ndw","priceKwh":0.2805}},{"type":"Feature","geometry":{"type":"Point","coordinates":[5.173524,52.395966]},"properties":{"type":"charge","layer":"passenger","locationId":"CBB892E1-CFB2-41F2-A596-495BABE63BD8","name":"TNLP007163 - Spinakerplantsoen 90, Almere","address":"90 Spinakerplantsoen","city":"Almere","operatorName":"TotalEnergies","maxPowerKw":13,"isMegawatt":false,"status":"AVAILABLE","source":"ndw"}},{"type":"Feature","geometry":{"type":"Point","coordinates":[5.228049,52.385884]},"properties":{"type":"charge","layer":"passenger","locationId":"NLLOC000948","name":"NLD, Almere, Ketenstraat 31","address":"Ketenstraat 31","city":"Almere","operatorName":"Allego","maxPowerKw":22,"isMegawatt":false,"status":"AVAILABLE","source":"ndw","priceKwh":0.511}},{"type":"Feature","geometry":{"type":"Point","coordinates":[5.2399,52.36736]},"properties":{"type":"charge","layer":"passenger","locationId":"F507ED9A-2F35-47DA-A9C2-540A78EF4ACF","name":"PP002557 - Simon van Collemstraat 14, Almere","address":"14 Simon van Collemstraat","city":"Almere","operatorName":"TotalEnergies","maxPowerKw":13,"isMegawatt":false,"status":"AVAILABLE","source":"ndw"}},{"type":"Feature","geometry":{"type":"Point","coordinates":[5.226426,52.337696]},"properties":{"type":"charge","layer":"passenger","locationId":"4E606E10-7727-4A47-816A-160610B103E0","name":"TNLP008145 - Wittewerf 1, Almere","address":"1 Wittewerf","city":"Almere","operatorName":"TotalEnergies","maxPowerKw":13,"isMegawatt":false,"status":"AVAILABLE","source":"ndw"}},{"type":"Feature","geometry":{"type":"Point","coordinates":[5.221397,52.383743]},"properties":{"type":"charge","layer":"passenger","locationId":"B96BFC6E-5CB7-4872-82E0-4E345F2B2F1A","name":"TNLP034248 - Waalstraat 75, Almere","address":"75 Waalstraat","city":"Almere","operatorName":"TotalEnergies","maxPowerKw":13,"isMegawatt":false,"status":"UNAVAILABLE","source":"ndw"}},{"type":"Feature","geometry":{"type":"Point","coordinates":[5.243668,52.379696]},"properties":{"type":"charge","layer":"passenger","locationId":"16E5126B-D55E-4EB6-B629-D0C48F3E797D","name":"TNLP006205 - Kapitein de Langestraat 363, Almere","address":"363 Kapitein de Langestraat","city":"Almere","operatorName":"TotalEnergies","maxPowerKw":13,"isMegawatt":false,"status":"AVAILABLE","source":"ndw"}},{"type":"Feature","geometry":{"type":"Point","coordinates":[5.322628,52.39837]},"properties":{"type":"charge","layer":"passenger","locationId":"C7D04DBD-B54D-4185-9475-4CC89CC5A083","name":"TNLP034669 - Jeromstraat 1, Almere","address":"1 Jeromstraat","city":"Almere","operatorName":"TotalEnergies","maxPowerKw":13,"isMegawatt":false,"status":"UNAVAILABLE","source":"ndw"}},{"type":"Feature","geometry":{"type":"Point","coordinates":[5.30641,52.39597]},"properties":{"type":"charge","layer":"passenger","locationId":"f211d77a-d687-4ee9-8588-efc513c95af6","name":"PP001649 - Tasmaniëstraat 83, Almere","address":"83 Tasmaniëstraat","city":"Almere","operatorName":"TotalEnergies","maxPowerKw":11,"isMegawatt":false,"status":"AVAILABLE","source":"ndw"}},{"type":"Feature","geometry":{"type":"Point","coordinates":[5.267372,52.390774]},"properties":{"type":"charge","layer":"passenger","locationId":"AD5F6F57-D667-4F84-A251-B5322506948E","name":"TNLP034124 - Clingendaellaan 55, Almere","address":"55 Clingendaellaan","city":"Almere","operatorName":"TotalEnergies","maxPowerKw":13,"isMegawatt":false,"status":"UNAVAILABLE","source":"ndw"}},{"type":"Feature","geometry":{"type":"Point","coordinates":[5.17894,52.35716]},"properties":{"type":"charge","layer":"passenger","locationId":"5f9901ab-6146-4bb3-a500-67a95338ee8b","name":"PP002559 - Jan Campertstraat 37, Almere","address":"37 Jan Campertstraat","city":"Almere","operatorName":"TotalEnergies","maxPowerKw":13,"isMegawatt":false,"status":"AVAILABLE","source":"ndw"}},{"type":"Feature","geometry":{"type":"Point","coordinates":[5.194333,52.382072]},"properties":{"type":"charge","layer":"passenger","locationId":"251FBDFA-F8AB-4F8B-A008-942BCD3DD03A","name":"TNLP007078 - Gipskruidweg 211, Almere","address":"211 Gipskruidweg","city":"Almere","operatorName":"TotalEnergies","maxPowerKw":13,"isMegawatt":false,"status":"CHARGING","source":"ndw"}},{"type":"Feature","geometry":{"type":"Point","coordinates":[5.278287,52.396065]},"properties":{"type":"charge","layer":"passenger","locationId":"C77A10EF-2080-4EE6-8ACA-115C47A8651D","name":"TNLP007503 - Atheneplantsoen 109, Almere","address":"109 Atheneplantsoen","city":"Almere","operatorName":"TotalEnergies","maxPowerKw":15,"isMegawatt":false,"status":"CHARGING","source":"ndw"}},{"type":"Feature","geometry":{"type":"Point","coordinates":[5.323002,52.402306]},"properties":{"type":"charge","layer":"passenger","locationId":"F12D4039-E06B-4A82-93B5-1AAC37816F1D","name":"TNLP009640 - Peter van Straatenhof 5, Almere","address":"5 Peter van Straatenhof","city":"Almere","operatorName":"TotalEnergies","maxPowerKw":13,"isMegawatt":false,"status":"AVAILABLE","source":"ndw"}},{"type":"Feature","geometry":{"type":"Point","coordinates":[5.22666,52.39035]},"properties":{"type":"charge","layer":"passenger","locationId":"11E455B5-6468-455E-A1A7-9E87AF28C473","name":"TNLP034113 - Grote Brekkenstraat 77, Almere","address":"77 Grote Brekkenstraat","city":"Almere","operatorName":"TotalEnergies","maxPowerKw":13,"isMegawatt":false,"status":"UNAVAILABLE","source":"ndw"}},{"type":"Feature","geometry":{"type":"Point","coordinates":[5.226617,52.387493]},"properties":{"type":"charge","layer":"passenger","locationId":"1FA60B1C-9F66-4DEC-9FA9-57278F559F0C","name":"TNLP006467 - Belter Wijdestraat 1, Almere","address":"1 Belter Wijdestraat","city":"Almere","operatorName":"TotalEnergies","maxPowerKw":13,"isMegawatt":false,"status":"AVAILABLE","source":"ndw"}},{"type":"Feature","geometry":{"type":"Point","coordinates":[5.289968,52.404453]},"properties":{"type":"charge","layer":"passenger","locationId":"3521B3F3-BEF0-4752-9CFD-C86C7EB728CE","name":"TNLP006702 - Jarenweg 1, Almere","address":"1 Jarenweg","city":"Almere","operatorName":"TotalEnergies","maxPowerKw":13,"isMegawatt":false,"status":"AVAILABLE","source":"ndw"}},{"type":"Feature","geometry":{"type":"Point","coordinates":[5.212846,52.379456]},"properties":{"type":"charge","layer":"passenger","locationId":"3C783AA1-F152-4683-9C81-B81B515C92F8","name":"TNLP008048 - A. Vondelingstraat 28, Almere","address":"28 A. Vondelingstraat","city":"Almere","operatorName":"TotalEnergies","maxPowerKw":13,"isMegawatt":false,"status":"AVAILABLE","source":"ndw"}},{"type":"Feature","geometry":{"type":"Point","coordinates":[5.17859,52.35966]},"properties":{"type":"charge","layer":"passenger","locationId":"38df69a6-3f7d-4bdb-8b88-bb0b8d5ada86","name":"PP002052 - Poëziestraat 398, Almere","address":"398 Poëziestraat","city":"Almere","operatorName":"TotalEnergies","maxPowerKw":11,"isMegawatt":false,"status":"AVAILABLE","source":"ndw"}},{"type":"Feature","geometry":{"type":"Point","coordinates":[5.236901,52.371136]},"properties":{"type":"charge","layer":"passenger","locationId":"5387898E-20E7-4AAB-A3AE-824203721AC7","name":"TNLP006053 - Rex Harrisonstraat 18, Almere","address":"18 Rex Harrisonstraat","city":"Almere","operatorName":"TotalEnergies","maxPowerKw":13,"isMegawatt":false,"status":"AVAILABLE","source":"ndw"}},{"type":"Feature","geometry":{"type":"Point","coordinates":[5.16114,52.354972]},"properties":{"type":"charge","layer":"passenger","locationId":"NLLOC000850","name":"NLD, Almere, Iskurstraat 12","address":"Iskurstraat 12","city":"Almere","operatorName":"Allego","maxPowerKw":22,"isMegawatt":false,"status":"AVAILABLE","source":"ndw","priceKwh":0.511}},{"type":"Feature","geometry":{"type":"Point","coordinates":[5.204667,52.33668]},"properties":{"type":"charge","layer":"passenger","locationId":"579857E3-1DC0-43F1-9515-4FA01FED62E8","name":"TNLP015067 - Kimwierde 459, Almere","address":"459 Kimwierde","city":"Almere","operatorName":"TotalEnergies","maxPowerKw":13,"isMegawatt":false,"status":"AVAILABLE","source":"ndw"}},{"type":"Feature","geometry":{"type":"Point","coordinates":[5.17808,52.392513]},"properties":{"type":"charge","layer":"passenger","locationId":"9A39D728-9A74-4E39-9422-17F8595ADFD5","name":"TNLP006174 - Boelijn 102, Almere","address":"102 Boelijn","city":"Almere","operatorName":"TotalEnergies","maxPowerKw":13,"isMegawatt":false,"status":"AVAILABLE","source":"ndw"}},{"type":"Feature","geometry":{"type":"Point","coordinates":[5.235388,52.339516]},"properties":{"type":"charge","layer":"passenger","locationId":"99F4E1BD-E764-493C-B8DF-F1D763FB33A6","name":"TNLP007359 - Oevergriend 26, Almere","address":"26 Oevergriend","city":"Almere","operatorName":"TotalEnergies","maxPowerKw":13,"isMegawatt":false,"status":"AVAILABLE","source":"ndw"}},{"type":"Feature","geometry":{"type":"Point","coordinates":[5.254957,52.3841396]},"properties":{"type":"charge","layer":"passenger","locationId":"1258","name":"Shell Recharge NL Hendrick Avercampstraat 40","address":"Hendrick Avercampstraat 40","city":"Almere","operatorName":"Ubitricity","maxPowerKw":22,"isMegawatt":false,"status":"AVAILABLE","source":"ndw","priceKwh":0.267}},{"type":"Feature","geometry":{"type":"Point","coordinates":[5.269659,52.36768]},"properties":{"type":"charge","layer":"passenger","locationId":"B6D4A879-793F-487E-BFA0-1710254155AE","name":"PP005557 - Juan Grisstraat 138, Almere","address":"138 Juan Grisstraat","city":"Almere","operatorName":"TotalEnergies","maxPowerKw":13,"isMegawatt":false,"status":"AVAILABLE","source":"ndw"}},{"type":"Feature","geometry":{"type":"Point","coordinates":[5.255414,52.37816]},"properties":{"type":"charge","layer":"passenger","locationId":"D1F86CF5-AB21-4DC7-B3F2-F0F57A2C925D","name":"TNLP005952 - Therese Schwartzesstraat 14, Almere","address":"14 Therese Schwartzesstraat","city":"Almere","operatorName":"TotalEnergies","maxPowerKw":15,"isMegawatt":false,"status":"UNAVAILABLE","source":"ndw"}},{"type":"Feature","geometry":{"type":"Point","coordinates":[5.258926,52.398674]},"properties":{"type":"charge","layer":"passenger","locationId":"D574B8B7-9810-4C92-857F-AF593A42E9E7","name":"TNLP009622 - J.A. Brinkmanstraat 3, Almere","address":"3 J.A. Brinkmanstraat","city":"Almere","operatorName":"TotalEnergies","maxPowerKw":15,"isMegawatt":false,"status":"AVAILABLE","source":"ndw"}},{"type":"Feature","geometry":{"type":"Point","coordinates":[5.266409,52.370975]},"properties":{"type":"charge","layer":"passenger","locationId":"F15999FD-DD1B-4CE1-9CCF-E462FE517BA7","name":"TNLP007217 - El Grecostraat 2, Almere","address":"2 El Grecostraat","city":"Almere","operatorName":"TotalEnergies","maxPowerKw":13,"isMegawatt":false,"status":"AVAILABLE","source":"ndw"}},{"type":"Feature","geometry":{"type":"Point","coordinates":[5.229815,52.376114]},"properties":{"type":"charge","layer":"passenger","locationId":"9E2A8D11-539C-4DBB-B94D-F47450EFC2CA","name":"TNLP034200 - Buster Keatonstraat 83, Almere","address":"83 Buster Keatonstraat","city":"Almere","operatorName":"TotalEnergies","maxPowerKw":13,"isMegawatt":false,"status":"UNAVAILABLE","source":"ndw"}},{"type":"Feature","geometry":{"type":"Point","coordinates":[5.194645,52.3374]},"properties":{"type":"charge","layer":"passenger","locationId":"849492d02b77461cc6078981afa2b8d5","name":"Blikveldweg 32","address":"Blikveldweg 32","city":"Almere","operatorName":"Vattenfall InCharge","maxPowerKw":11,"isMegawatt":false,"status":"AVAILABLE","source":"ndw","priceKwh":0.2805}},{"type":"Feature","geometry":{"type":"Point","coordinates":[5.269547,52.37557]},"properties":{"type":"charge","layer":"passenger","locationId":"05861E07-14B1-443B-AA73-9B5EC77B608E","name":"TNLP006692 - Henry Moorestraat 72, Almere","address":"72 Henry Moorestraat","city":"Almere","operatorName":"TotalEnergies","maxPowerKw":13,"isMegawatt":false,"status":"AVAILABLE","source":"ndw"}},{"type":"Feature","geometry":{"type":"Point","coordinates":[5.307625,52.40573]},"properties":{"type":"charge","layer":"passenger","locationId":"019E020A-56D1-493C-9F62-3A147FB94793","name":"TNLP009376 - Sarongweg 17, Almere","address":"17 Sarongweg","city":"Almere","operatorName":"TotalEnergies","maxPowerKw":13,"isMegawatt":false,"status":"AVAILABLE","source":"ndw"}},{"type":"Feature","geometry":{"type":"Point","coordinates":[5.20759,52.336845]},"properties":{"type":"charge","layer":"passenger","locationId":"A3786A9D-2094-4AAA-8BFA-59A7E47A81FA","name":"TNLP034218 - Kimwierde 426, Almere","address":"426 Kimwierde","city":"Almere","operatorName":"TotalEnergies","maxPowerKw":13,"isMegawatt":false,"status":"AVAILABLE","source":"ndw"}},{"type":"Feature","geometry":{"type":"Point","coordinates":[5.296088,52.391273]},"properties":{"type":"charge","layer":"passenger","locationId":"BAF56755-1E52-48A9-990C-DE448D62D137","name":"PP005221 - Regenboogweg 100, Almere","address":"100 Regenboogweg","city":"Almere","operatorName":"TotalEnergies","maxPowerKw":15,"isMegawatt":false,"status":"AVAILABLE","source":"ndw"}},{"type":"Feature","geometry":{"type":"Point","coordinates":[5.26832,52.39106]},"properties":{"type":"charge","layer":"passenger","locationId":"C4D5CAC5-A271-4314-8D18-64500D6335E1","name":"PP002551 - Clingendaellaan 37, Almere","address":"37 Clingendaellaan","city":"Almere","operatorName":"TotalEnergies","maxPowerKw":13,"isMegawatt":false,"status":"AVAILABLE","source":"ndw"}},{"type":"Feature","geometry":{"type":"Point","coordinates":[5.300925,52.39826]},"properties":{"type":"charge","layer":"passenger","locationId":"16E7658F-0E61-4405-8893-0DFB505E55DB","name":"TNLP009603 - Azorenweg 27, Almere","address":"27 Azorenweg","city":"Almere","operatorName":"TotalEnergies","maxPowerKw":15,"isMegawatt":false,"status":"AVAILABLE","source":"ndw"}},{"type":"Feature","geometry":{"type":"Point","coordinates":[5.237873,52.375465]},"properties":{"type":"charge","layer":"passenger","locationId":"37B89DD2-BA75-4453-9F3A-9F833730B65D","name":"TNLP009781 - Bongerdstraat 6, Almere","address":"6 Bongerdstraat","city":"Almere","operatorName":"TotalEnergies","maxPowerKw":17,"isMegawatt":false,"status":"AVAILABLE","source":"ndw"}},{"type":"Feature","geometry":{"type":"Point","coordinates":[5.26379,52.364063]},"properties":{"type":"charge","layer":"passenger","locationId":"13A7560B-9BC8-479F-8935-E2E4FA801B00","name":"TNLP015456 - Adriana Nozemanstraat 85, Almere","address":"85 Adriana Nozemanstraat","city":"Almere","operatorName":"TotalEnergies","maxPowerKw":13,"isMegawatt":false,"status":"AVAILABLE","source":"ndw"}},{"type":"Feature","geometry":{"type":"Point","coordinates":[5.267306,52.372894]},"properties":{"type":"charge","layer":"passenger","locationId":"6A5B629B-3C96-4520-8ED7-F82C3C0CEC55","name":"TNLP006500 - Giacomettistraat 27, Almere","address":"27 Giacomettistraat","city":"Almere","operatorName":"TotalEnergies","maxPowerKw":13,"isMegawatt":false,"status":"AVAILABLE","source":"ndw"}},{"type":"Feature","geometry":{"type":"Point","coordinates":[5.172111,52.400068]},"properties":{"type":"charge","layer":"passenger","locationId":"694434344b0734b21def0b25","name":"Vissersknoop 21 station","address":"Vissersknoop 21","city":"Almere","operatorName":"E-Flux by Road","maxPowerKw":22,"isMegawatt":false,"status":"AVAILABLE","source":"ndw","priceKwh":0.3053}},{"type":"Feature","geometry":{"type":"Point","coordinates":[5.243601,52.36316]},"properties":{"type":"charge","layer":"passenger","locationId":"3392BB95-23B2-433F-9597-098815A09EA2","name":"TNLP008012 - Truffautstraat 15, Almere","address":"15 Truffautstraat","city":"Almere","operatorName":"TotalEnergies","maxPowerKw":15,"isMegawatt":false,"status":"AVAILABLE","source":"ndw"}},{"type":"Feature","geometry":{"type":"Point","coordinates":[5.166998,52.354593]},"properties":{"type":"charge","layer":"passenger","locationId":"6a19771e733b5cb58c6809cd","name":"Poort Padel Li","address":"Neonweg 62","city":"Almere","operatorName":"E-Flux by Road","maxPowerKw":22,"isMegawatt":false,"status":"AVAILABLE","source":"ndw","priceKwh":0.49}},{"type":"Feature","geometry":{"type":"Point","coordinates":[5.189293,52.363167]},"properties":{"type":"charge","layer":"passenger","locationId":"AEDC8A8B-9C15-46A0-85D8-9B9C9B2A59EB","name":"TNLP008891 - Erik Satiestraat 28, Almere","address":"28 Erik Satiestraat","city":"Almere","operatorName":"TotalEnergies","maxPowerKw":14,"isMegawatt":false,"status":"AVAILABLE","source":"ndw"}},{"type":"Feature","geometry":{"type":"Point","coordinates":[5.241448,52.377048]},"properties":{"type":"charge","layer":"passenger","locationId":"67bc413966c5f90cd8963524","name":"Stichting De Schoor","address":"Haagbeukweg  153","city":"Almere","operatorName":"E-Flux by Road","maxPowerKw":22,"isMegawatt":false,"status":"AVAILABLE","source":"ndw","priceKwh":0.37}},{"type":"Feature","geometry":{"type":"Point","coordinates":[5.197771,52.367023]},"properties":{"type":"charge","layer":"passenger","locationId":"BB31D02E-2AF2-4F54-A76C-C4A4963008B8","name":"TNLP006415 - Mozartweg 61, Almere","address":"61 Mozartweg","city":"Almere","operatorName":"TotalEnergies","maxPowerKw":15,"isMegawatt":false,"status":"AVAILABLE","source":"ndw"}},{"type":"Feature","geometry":{"type":"Point","coordinates":[5.15803,52.35666]},"properties":{"type":"charge","layer":"passenger","locationId":"5E655888-8F85-4089-8001-2AEB220B7E71","name":"PP004307 - Aurorastraat 36, Almere","address":"36 Aurorastraat","city":"Almere","operatorName":"TotalEnergies","maxPowerKw":13,"isMegawatt":false,"status":"UNAVAILABLE","source":"ndw"}},{"type":"Feature","geometry":{"type":"Point","coordinates":[5.206111,52.361305]},"properties":{"type":"charge","layer":"passenger","locationId":"63C1FD79-141E-4BC9-B896-65E55A974A75","name":"TNLP007268 - Venraystraat 1, Almere","address":"1 Venraystraat","city":"Almere","operatorName":"TotalEnergies","maxPowerKw":13,"isMegawatt":false,"status":"AVAILABLE","source":"ndw"}},{"type":"Feature","geometry":{"type":"Point","coordinates":[5.272493,52.385612]},"properties":{"type":"charge","layer":"passenger","locationId":"6DC5FD1F-C163-4EF2-86D1-33EAD576027F","name":"TNLP006057 - Leeuwstraat 101, Almere","address":"101 Leeuwstraat","city":"Almere","operatorName":"TotalEnergies","maxPowerKw":13,"isMegawatt":false,"status":"AVAILABLE","source":"ndw"}},{"type":"Feature","geometry":{"type":"Point","coordinates":[5.268583,52.38691]},"properties":{"type":"charge","layer":"passenger","locationId":"F5288133-8311-49F9-9C6F-749617DD28EC","name":"TNLP006234 - Nijenrodestraat 36, Almere","address":"36 Nijenrodestraat","city":"Almere","operatorName":"TotalEnergies","maxPowerKw":13,"isMegawatt":false,"status":"UNAVAILABLE","source":"ndw"}},{"type":"Feature","geometry":{"type":"Point","coordinates":[5.256749,52.3625]},"properties":{"type":"charge","layer":"passenger","locationId":"0C7775F0-31EC-40F0-B3C1-507B5812ECD0","name":"TNLP009213 - Polkastraat 40, Almere","address":"40 Polkastraat","city":"Almere","operatorName":"TotalEnergies","maxPowerKw":13,"isMegawatt":false,"status":"AVAILABLE","source":"ndw"}},{"type":"Feature","geometry":{"type":"Point","coordinates":[5.212655,52.33562]},"properties":{"type":"charge","layer":"passenger","locationId":"108F4399-6144-4712-9708-82FA7E3D144C","name":"TNLP008071 - Zandwierde 119, Almere","address":"119 Zandwierde","city":"Almere","operatorName":"TotalEnergies","maxPowerKw":13,"isMegawatt":false,"status":"AVAILABLE","source":"ndw"}},{"type":"Feature","geometry":{"type":"Point","coordinates":[5.182522,52.360275]},"properties":{"type":"charge","layer":"passenger","locationId":"764D4CC2-A6EF-4B12-98E4-125F0B08A07A","name":"TNLP009013 - Betje Wolffstraat 25, Almere","address":"25 Betje Wolffstraat","city":"Almere","operatorName":"TotalEnergies","maxPowerKw":13,"isMegawatt":false,"status":"UNAVAILABLE","source":"ndw"}},{"type":"Feature","geometry":{"type":"Point","coordinates":[5.176764,52.35831]},"properties":{"type":"charge","layer":"passenger","locationId":"DBC17536-F1FC-4B81-9AE6-EFF367BAFD4B","name":"TNLP007742 - Geerten Gossaertpad 16, Almere","address":"16 Geerten Gossaertpad","city":"Almere","operatorName":"TotalEnergies","maxPowerKw":13,"isMegawatt":false,"status":"AVAILABLE","source":"ndw"}},{"type":"Feature","geometry":{"type":"Point","coordinates":[5.1907,52.36776]},"properties":{"type":"charge","layer":"passenger","locationId":"f7d922a5-8c0d-4d81-a088-362fce620528","name":"PP001803 - Strawinksypad 100b, Almere","address":"100b Strawinksypad","city":"Almere","operatorName":"TotalEnergies","maxPowerKw":11,"isMegawatt":false,"status":"CHARGING","source":"ndw"}},{"type":"Feature","geometry":{"type":"Point","coordinates":[5.19678,52.364124]},"properties":{"type":"charge","layer":"passenger","locationId":"1383a045d43a0e498bf3cb221322cf84","name":"Ravelplantsoen 132","address":"Ravelplantsoen 132","city":"Almere","operatorName":"Vattenfall InCharge","maxPowerKw":11,"isMegawatt":false,"status":"AVAILABLE","source":"ndw","priceKwh":0.2805}},{"type":"Feature","geometry":{"type":"Point","coordinates":[5.179307,52.372448]},"properties":{"type":"charge","layer":"passenger","locationId":"2c4f2382-9af6-4eea-ae1f-4e3a27a09809","name":"PP001760 - Contrabasweg 185, Almere","address":"185 Contrabasweg","city":"Almere","operatorName":"TotalEnergies","maxPowerKw":11,"isMegawatt":false,"status":"AVAILABLE","source":"ndw"}},{"type":"Feature","geometry":{"type":"Point","coordinates":[5.280995,52.389157]},"properties":{"type":"charge","layer":"passenger","locationId":"9c76cd45677a077f6284f0efcff3ada9","name":"Rosarium 44","address":"Rosarium 44","city":"Almere","operatorName":"Vattenfall InCharge","maxPowerKw":11,"isMegawatt":false,"status":"AVAILABLE","source":"ndw","priceKwh":0.2805}},{"type":"Feature","geometry":{"type":"Point","coordinates":[5.21691,52.334846]},"properties":{"type":"charge","layer":"passenger","locationId":"BF9B6491-A63E-4229-B2BF-0387ACD3D2F4","name":"TNLP006050 - Meerstraat 36, Almere","address":"36 Meerstraat","city":"Almere","operatorName":"TotalEnergies","maxPowerKw":13,"isMegawatt":false,"status":"UNAVAILABLE","source":"ndw"}},{"type":"Feature","geometry":{"type":"Point","coordinates":[5.223842,52.37172]},"properties":{"type":"charge","layer":"passenger","locationId":"C013E2B8-A672-4451-A6DF-CD6F26A1A73B","name":"Laadplein - TNLP006305 - Landdroststraat 38, Almere","address":"38 Landdroststraat","city":"Almere","operatorName":"TotalEnergies","maxPowerKw":17,"isMegawatt":false,"status":"AVAILABLE","source":"ndw"}},{"type":"Feature","geometry":{"type":"Point","coordinates":[5.159631,52.3434]},"properties":{"type":"charge","layer":"passenger","locationId":"BFB05B63-D8DF-42BA-85CC-9DFFBC2755A4","name":"TNLP009780 - Turkijekade 102, Almere","address":"102 Turkijekade","city":"Almere","operatorName":"TotalEnergies","maxPowerKw":17,"isMegawatt":false,"status":"AVAILABLE","source":"ndw"}},{"type":"Feature","geometry":{"type":"Point","coordinates":[5.191389,52.36652]},"properties":{"type":"charge","layer":"passenger","locationId":"D3403D6C-7BC2-4B9D-B979-D9F6636DD0D2","name":"TNLP009459 - Messiaenplantsoen 104 B, Almere","address":"104 B Messiaenplantsoen","city":"Almere","operatorName":"TotalEnergies","maxPowerKw":15,"isMegawatt":false,"status":"AVAILABLE","source":"ndw"}},{"type":"Feature","geometry":{"type":"Point","coordinates":[5.289246,52.361263]},"properties":{"type":"charge","layer":"passenger","locationId":"1A207430-2A1A-44D8-A641-9E9329D6FA62","name":"TNLP034273 - Martin Rylestraat 13, Almere","address":"13 Martin Rylestraat","city":"Almere","operatorName":"TotalEnergies","maxPowerKw":13,"isMegawatt":false,"status":"UNAVAILABLE","source":"ndw"}},{"type":"Feature","geometry":{"type":"Point","coordinates":[5.180705,52.34846]},"properties":{"type":"charge","layer":"passenger","locationId":"458522DE-272C-469F-BA2E-2756EA4A1B87","name":"TNLP006890 - Antennestraat 94, Almere","address":"94 Antennestraat","city":"Almere","operatorName":"TotalEnergies","maxPowerKw":15,"isMegawatt":false,"status":"AVAILABLE","source":"ndw"}},{"type":"Feature","geometry":{"type":"Point","coordinates":[5.2264,52.344788]},"properties":{"type":"charge","layer":"passenger","locationId":"61A767D4-2136-4029-83AD-D023809A68B4","name":"TNLP009192 - Vrijmark 139 139, Almere","address":"139 139 Vrijmark","city":"Almere","operatorName":"TotalEnergies","maxPowerKw":13,"isMegawatt":false,"status":"AVAILABLE","source":"ndw"}},{"type":"Feature","geometry":{"type":"Point","coordinates":[5.27238,52.39147]},"properties":{"type":"charge","layer":"passenger","locationId":"ff940d87-a8aa-4d7b-8667-5ea42b5a8e46","name":"PP001277 - Middachtenlaan 8, Almere","address":"8 Middachtenlaan","city":"Almere","operatorName":"TotalEnergies","maxPowerKw":11,"isMegawatt":false,"status":"AVAILABLE","source":"ndw"}},{"type":"Feature","geometry":{"type":"Point","coordinates":[5.193752,52.364193]},"properties":{"type":"charge","layer":"passenger","locationId":"NLLOC001175","name":"NLD, Almere, Poulencstraat 18","address":"Poulencstraat 18","city":"Almere","operatorName":"Allego","maxPowerKw":11,"isMegawatt":false,"status":"AVAILABLE","source":"ndw","priceKwh":0.511}},{"type":"Feature","geometry":{"type":"Point","coordinates":[5.241672,52.36644]},"properties":{"type":"charge","layer":"passenger","locationId":"7A8A036E-730F-460B-A87C-BA7E71158762","name":"TNLP007563 - Simon van Collemstraat 62, Almere","address":"62 Simon van Collemstraat","city":"Almere","operatorName":"TotalEnergies","maxPowerKw":13,"isMegawatt":false,"status":"AVAILABLE","source":"ndw"}},{"type":"Feature","geometry":{"type":"Point","coordinates":[5.202667,52.38104]},"properties":{"type":"charge","layer":"passenger","locationId":"9CE027A2-17F3-4601-A539-E9FAC2633E0F","name":"Laadplein - TNLP006524 - Basilicumweg 200, Almere","address":"200 Basilicumweg","city":"Almere","operatorName":"TotalEnergies","maxPowerKw":15,"isMegawatt":false,"status":"AVAILABLE","source":"ndw"}},{"type":"Feature","geometry":{"type":"Point","coordinates":[5.15795,52.359993]},"properties":{"type":"charge","layer":"passenger","locationId":"81347420-6A40-4F1A-9CA2-BBD7E62806B4","name":"TNLP006002 - Saturnussingel 204, Almere","address":"204 Saturnussingel","city":"Almere","operatorName":"TotalEnergies","maxPowerKw":13,"isMegawatt":false,"status":"AVAILABLE","source":"ndw"}},{"type":"Feature","geometry":{"type":"Point","coordinates":[5.224228,52.34612]},"properties":{"type":"charge","layer":"passenger","locationId":"0E67BB2E-ABF5-4B27-B0EE-70092CD88FA0","name":"TNLP034216 - Noordmark 55, Almere","address":"55 Noordmark","city":"Almere","operatorName":"TotalEnergies","maxPowerKw":13,"isMegawatt":false,"status":"AVAILABLE","source":"ndw"}},{"type":"Feature","geometry":{"type":"Point","coordinates":[5.28878,52.36109]},"properties":{"type":"charge","layer":"passenger","locationId":"4B2DA7F0-EC20-4BD5-82C2-38C8746C6127","name":"TNLP007809 - Martin Rylestraat 8, Almere","address":"8 Martin Rylestraat","city":"Almere","operatorName":"TotalEnergies","maxPowerKw":13,"isMegawatt":false,"status":"AVAILABLE","source":"ndw"}},{"type":"Feature","geometry":{"type":"Point","coordinates":[5.210893,52.37017]},"properties":{"type":"charge","layer":"passenger","locationId":"55C88F40-8A12-44EF-924B-C3C7BFC4C1A2","name":"TNLP008042 - Steenwijkstraat 34, Almere","address":"34 Steenwijkstraat","city":"Almere","operatorName":"TotalEnergies","maxPowerKw":13,"isMegawatt":false,"status":"CHARGING","source":"ndw"}},{"type":"Feature","geometry":{"type":"Point","coordinates":[5.23747,52.36579]},"properties":{"type":"charge","layer":"passenger","locationId":"81CE7BEB-9B7B-4199-8B9F-F05500137423","name":"PP004286 - Max Takstraat 2, Almere","address":"2 Max Takstraat","city":"Almere","operatorName":"TotalEnergies","maxPowerKw":13,"isMegawatt":false,"status":"CHARGING","source":"ndw"}},{"type":"Feature","geometry":{"type":"Point","coordinates":[5.172061,52.389603]},"properties":{"type":"charge","layer":"passenger","locationId":"9A1C00C9-F397-4C1D-AEBD-209C0C24DE4B","name":"TNLP007277 - Sprietzeil 61, Almere","address":"61 Sprietzeil","city":"Almere","operatorName":"TotalEnergies","maxPowerKw":13,"isMegawatt":false,"status":"AVAILABLE","source":"ndw"}},{"type":"Feature","geometry":{"type":"Point","coordinates":[5.253726,52.367157]},"properties":{"type":"charge","layer":"passenger","locationId":"F57B8D70-D2C4-44E2-BA07-16FD90ED8AAB","name":"TNLP006254 - Tangostraat 45, Almere","address":"45 Tangostraat","city":"Almere","operatorName":"TotalEnergies","maxPowerKw":13,"isMegawatt":false,"status":"AVAILABLE","source":"ndw"}},{"type":"Feature","geometry":{"type":"Point","coordinates":[5.208848,52.336136]},"properties":{"type":"charge","layer":"passenger","locationId":"525B26A7-8277-4D96-8A2B-104DD2B3BECC","name":"TNLP009261 - Kimwierde 54, Almere","address":"54 Kimwierde","city":"Almere","operatorName":"TotalEnergies","maxPowerKw":15,"isMegawatt":false,"status":"AVAILABLE","source":"ndw"}},{"type":"Feature","geometry":{"type":"Point","coordinates":[5.311639,52.39444]},"properties":{"type":"charge","layer":"passenger","locationId":"87EED9C7-906F-4111-BA64-FC1189F66E2D","name":"TNLP034230 - Antiguastraat 37, Almere","address":"37 Antiguastraat","city":"Almere","operatorName":"TotalEnergies","maxPowerKw":13,"isMegawatt":false,"status":"UNAVAILABLE","source":"ndw"}},{"type":"Feature","geometry":{"type":"Point","coordinates":[5.149403,52.35778]},"properties":{"type":"charge","layer":"passenger","locationId":"D62EDFA2-6D7D-4D68-A662-B5604EBA3E17","name":"PP005559 - Apollostraat 3, Almere","address":"3 Apollostraat","city":"Almere","operatorName":"TotalEnergies","maxPowerKw":13,"isMegawatt":false,"status":"UNAVAILABLE","source":"ndw"}},{"type":"Feature","geometry":{"type":"Point","coordinates":[5.146638,52.33642]},"properties":{"type":"charge","layer":"passenger","locationId":"4860CE44-2AC9-4AAC-A4A6-B00B5CACE462","name":"TNLP009227 - Muiderzandweg 2, Almere","address":"2 Muiderzandweg","city":"Almere","operatorName":"TotalEnergies","maxPowerKw":15,"isMegawatt":false,"status":"UNAVAILABLE","source":"ndw"}},{"type":"Feature","geometry":{"type":"Point","coordinates":[5.29225,52.35922]},"properties":{"type":"charge","layer":"passenger","locationId":"4DDF0330-2B61-4123-A02D-1F750F11B8A3","name":"TNLP015473 - Shinichiro Tomonagastraat 1, Almere","address":"1 Shinichiro Tomonagastraat","city":"Almere","operatorName":"TotalEnergies","maxPowerKw":17,"isMegawatt":false,"status":"UNAVAILABLE","source":"ndw"}},{"type":"Feature","geometry":{"type":"Point","coordinates":[5.202976,52.36661]},"properties":{"type":"charge","layer":"passenger","locationId":"90334F9D-8FB0-4127-B8B7-BF1AED399EB1","name":"TNLP008793 - Scarlattistraat 20, Almere","address":"20 Scarlattistraat","city":"Almere","operatorName":"TotalEnergies","maxPowerKw":13,"isMegawatt":false,"status":"AVAILABLE","source":"ndw"}},{"type":"Feature","geometry":{"type":"Point","coordinates":[5.248935,52.37388]},"properties":{"type":"charge","layer":"passenger","locationId":"D29AC794-FFCA-4791-BE5F-10735E66FFC6","name":"TNLP009237 - Meidoornstraat 6, Almere","address":"6 Meidoornstraat","city":"Almere","operatorName":"TotalEnergies","maxPowerKw":13,"isMegawatt":false,"status":"AVAILABLE","source":"ndw"}},{"type":"Feature","geometry":{"type":"Point","coordinates":[5.295335,52.39528]},"properties":{"type":"charge","layer":"passenger","locationId":"D8182F50-1AF4-44AE-A0D1-F0C119A3A648","name":"TNLP009286 - Siennastraat 101, Almere","address":"101 Siennastraat","city":"Almere","operatorName":"TotalEnergies","maxPowerKw":13,"isMegawatt":false,"status":"AVAILABLE","source":"ndw"}},{"type":"Feature","geometry":{"type":"Point","coordinates":[5.294563,52.406338]},"properties":{"type":"charge","layer":"passenger","locationId":"0FE04CFB-D403-417E-BC62-B020DA2514CA","name":"TNLP009571 - Willem de Vlaminghstraat 108, Almere","address":"108 Willem de Vlaminghstraat","city":"Almere","operatorName":"TotalEnergies","maxPowerKw":15,"isMegawatt":false,"status":"AVAILABLE","source":"ndw"}},{"type":"Feature","geometry":{"type":"Point","coordinates":[5.145671,52.347744]},"properties":{"type":"charge","layer":"passenger","locationId":"43569469-2883-4637-BE7E-795E22049CD4","name":"TNLP006548 - Beneluxlaan 829, Almere","address":"829 Beneluxlaan","city":"Almere","operatorName":"TotalEnergies","maxPowerKw":13,"isMegawatt":false,"status":"UNAVAILABLE","source":"ndw"}},{"type":"Feature","geometry":{"type":"Point","coordinates":[5.159471,52.35784]},"properties":{"type":"charge","layer":"passenger","locationId":"43BE76E3-ADC5-48BC-8BFA-138CECDBBD3C","name":"TNLP007850 - Saturnussingel 260, Almere","address":"260 Saturnussingel","city":"Almere","operatorName":"TotalEnergies","maxPowerKw":13,"isMegawatt":false,"status":"AVAILABLE","source":"ndw"}},{"type":"Feature","geometry":{"type":"Point","coordinates":[5.208841,52.366867]},"properties":{"type":"charge","layer":"passenger","locationId":"82C74D77-3409-4556-AB7F-0031220505AF","name":"TNLP005708 - Hoornstraat 5, Almere","address":"5 Hoornstraat","city":"Almere","operatorName":"TotalEnergies","maxPowerKw":13,"isMegawatt":false,"status":"AVAILABLE","source":"ndw"}},{"type":"Feature","geometry":{"type":"Point","coordinates":[5.206161,52.380386]},"properties":{"type":"charge","layer":"passenger","locationId":"9109D5F3-BE25-4D14-937E-C7F97028CD5B","name":"TNLP034149 - Basilicumweg 98, Almere","address":"98 Basilicumweg","city":"Almere","operatorName":"TotalEnergies","maxPowerKw":13,"isMegawatt":false,"status":"UNAVAILABLE","source":"ndw"}},{"type":"Feature","geometry":{"type":"Point","coordinates":[5.190496,52.364807]},"properties":{"type":"charge","layer":"passenger","locationId":"BB8D899C-1443-4995-A7A3-987ECCF46E72","name":"TNLP007424 - Prokofjevstraat 28, Almere","address":"28 Prokofjevstraat","city":"Almere","operatorName":"TotalEnergies","maxPowerKw":13,"isMegawatt":false,"status":"AVAILABLE","source":"ndw"}},{"type":"Feature","geometry":{"type":"Point","coordinates":[5.263221,52.377922]},"properties":{"type":"charge","layer":"passenger","locationId":"A09290AA-1FF0-4298-B3F5-7B60B621C277","name":"TNLP008209 - Hendrik Werkmanstraat 101, Almere","address":"101 Hendrik Werkmanstraat","city":"Almere","operatorName":"TotalEnergies","maxPowerKw":13,"isMegawatt":false,"status":"AVAILABLE","source":"ndw"}},{"type":"Feature","geometry":{"type":"Point","coordinates":[5.18445,52.36174]},"properties":{"type":"charge","layer":"passenger","locationId":"17c7b2c9-e0d0-4185-af11-4feab669ee69","name":"PP001998 - Couperusweg 1, Almere","address":"1 Couperusweg","city":"Almere","operatorName":"TotalEnergies","maxPowerKw":11,"isMegawatt":false,"status":"AVAILABLE","source":"ndw"}},{"type":"Feature","geometry":{"type":"Point","coordinates":[5.328582,52.341251]},"properties":{"type":"charge","layer":"passenger","locationId":"91067342","name":"50five-S NL 17B28033","address":"Zeebodemkolonistenweg 32","city":"Almere","operatorName":"50five","maxPowerKw":11,"isMegawatt":false,"status":"AVAILABLE","source":"ndw"}},{"type":"Feature","geometry":{"type":"Point","coordinates":[5.288748,52.403984]},"properties":{"type":"charge","layer":"passenger","locationId":"A15BBBCF-7B7D-49B7-8118-C2BFB1E72743","name":"TNLP007896 - Jarenweg 23, Almere","address":"23 Jarenweg","city":"Almere","operatorName":"TotalEnergies","maxPowerKw":13,"isMegawatt":false,"status":"AVAILABLE","source":"ndw"}},{"type":"Feature","geometry":{"type":"Point","coordinates":[5.216317,52.339947]},"properties":{"type":"charge","layer":"passenger","locationId":"ED0E743D-10D0-420C-BB9D-000427694B00","name":"TNLP009512 - Middenhof 257, Almere","address":"257 Middenhof","city":"Almere","operatorName":"TotalEnergies","maxPowerKw":13,"isMegawatt":false,"status":"AVAILABLE","source":"ndw"}},{"type":"Feature","geometry":{"type":"Point","coordinates":[5.213239,52.38631]},"properties":{"type":"charge","layer":"passenger","locationId":"EB1BFDE4-0B2C-47B2-8CD1-1964CEC6B03F","name":"TNLP007011 - Markerkant 12 1, Almere","address":"12 1 Markerkant","city":"Almere","operatorName":"TotalEnergies","maxPowerKw":15,"isMegawatt":false,"status":"CHARGING","source":"ndw"}},{"type":"Feature","geometry":{"type":"Point","coordinates":[5.211505,52.375694]},"properties":{"type":"charge","layer":"passenger","locationId":"FC7A625C-92CC-404B-B584-C9DA4A82F563","name":"TNLP009418 - Hertogstraat 11, Almere","address":"11 Hertogstraat","city":"Almere","operatorName":"TotalEnergies","maxPowerKw":13,"isMegawatt":false,"status":"AVAILABLE","source":"ndw"}},{"type":"Feature","geometry":{"type":"Point","coordinates":[5.289523,52.404305]},"properties":{"type":"charge","layer":"passenger","locationId":"6DC45FAC-49EC-4EB2-B692-10F714C8DA14","name":"TNLP009963 - Jarenweg 11, Almere","address":"11 Jarenweg","city":"Almere","operatorName":"TotalEnergies","maxPowerKw":13,"isMegawatt":false,"status":"AVAILABLE","source":"ndw"}},{"type":"Feature","geometry":{"type":"Point","coordinates":[5.2373,52.340252]},"properties":{"type":"charge","layer":"passenger","locationId":"99D675CE-0B0B-4D5B-83AE-E2B206A413A4","name":"TNLP007343 - Oevergriend 139, Almere","address":"139 Oevergriend","city":"Almere","operatorName":"TotalEnergies","maxPowerKw":13,"isMegawatt":false,"status":"CHARGING","source":"ndw"}},{"type":"Feature","geometry":{"type":"Point","coordinates":[5.228144,52.335167]},"properties":{"type":"charge","layer":"passenger","locationId":"10BE7A89-2E7E-4B8B-8638-10DF7078547A","name":"TNLP015477 - Achterwerf 144, Almere","address":"144 Achterwerf","city":"Almere","operatorName":"TotalEnergies","maxPowerKw":17,"isMegawatt":false,"status":"AVAILABLE","source":"ndw"}},{"type":"Feature","geometry":{"type":"Point","coordinates":[5.235734,52.390156]},"properties":{"type":"charge","layer":"passenger","locationId":"08A54AF8-D297-48FE-B083-7881C8A16385","name":"TNLP015281 - Palingweg 52, Almere","address":"52 Palingweg","city":"Almere","operatorName":"TotalEnergies","maxPowerKw":17,"isMegawatt":false,"status":"UNAVAILABLE","source":"ndw"}},{"type":"Feature","geometry":{"type":"Point","coordinates":[5.157665,52.34374]},"properties":{"type":"charge","layer":"passenger","locationId":"64f921d902a20d5a10c59332feb49093","name":"Griekenlandkade 32","address":"Griekenlandkade 32","city":"Almere","operatorName":"Vattenfall InCharge","maxPowerKw":11,"isMegawatt":false,"status":"AVAILABLE","source":"ndw","priceKwh":0.2805}},{"type":"Feature","geometry":{"type":"Point","coordinates":[5.208245,52.361046]},"properties":{"type":"charge","layer":"passenger","locationId":"8EC63FC1-31A6-4E3B-89C5-D9FFA2093341","name":"PP005539 - Venloweg 34, Almere","address":"34 Venloweg","city":"Almere","operatorName":"TotalEnergies","maxPowerKw":13,"isMegawatt":false,"status":"AVAILABLE","source":"ndw"}},{"type":"Feature","geometry":{"type":"Point","coordinates":[5.15519,52.34692]},"properties":{"type":"charge","layer":"passenger","locationId":"EF70E6C3-13A6-4DB1-95F0-2802BBA642BA","name":"Laadplein - TNLP009305 - Moldaviëstraat 92, Almere","address":"92 Moldaviëstraat","city":"Almere","operatorName":"TotalEnergies","maxPowerKw":15,"isMegawatt":false,"status":"AVAILABLE","source":"ndw"}},{"type":"Feature","geometry":{"type":"Point","coordinates":[5.156234,52.360355]},"properties":{"type":"charge","layer":"passenger","locationId":"3283679d0d08254e319191aa25319f0e","name":"Saturnussingel 10","address":"Saturnussingel 10","city":"Almere","operatorName":"Vattenfall InCharge","maxPowerKw":11,"isMegawatt":false,"status":"UNAVAILABLE","source":"ndw","priceKwh":0.2805}},{"type":"Feature","geometry":{"type":"Point","coordinates":[5.206686,52.382423]},"properties":{"type":"charge","layer":"passenger","locationId":"47E24FFD-9A8A-41DB-B7E8-513B6909F8A4","name":"TNLP034676 - Klaverweg 34, Almere","address":"34 Klaverweg","city":"Almere","operatorName":"TotalEnergies","maxPowerKw":13,"isMegawatt":false,"status":"UNAVAILABLE","source":"ndw"}},{"type":"Feature","geometry":{"type":"Point","coordinates":[5.225524,52.388645]},"properties":{"type":"charge","layer":"passenger","locationId":"0db180d5-6960-482d-8cc0-276b93ec559e","name":"PP005242 - Slufterplantsoen 139, Almere","address":"139 Slufterplantsoen","city":"Almere","operatorName":"TotalEnergies","maxPowerKw":15,"isMegawatt":false,"status":"AVAILABLE","source":"ndw"}},{"type":"Feature","geometry":{"type":"Point","coordinates":[5.312618,52.394737]},"properties":{"type":"charge","layer":"passenger","locationId":"5BCBAA6B-8191-4E56-A8D5-89C29BC42076","name":"TNLP015208 - Guadeloupestraat 29, Almere","address":"29 Guadeloupestraat","city":"Almere","operatorName":"TotalEnergies","maxPowerKw":17,"isMegawatt":false,"status":"UNAVAILABLE","source":"ndw"}},{"type":"Feature","geometry":{"type":"Point","coordinates":[5.220819,52.37486]},"properties":{"type":"charge","layer":"passenger","locationId":"36483FE8-1178-4B34-B54F-6B8842A567CC","name":"TNLP009030 - Metropolestraat 42, Almere","address":"42 Metropolestraat","city":"Almere","operatorName":"TotalEnergies","maxPowerKw":13,"isMegawatt":false,"status":"CHARGING","source":"ndw"}},{"type":"Feature","geometry":{"type":"Point","coordinates":[5.259858,52.381947]},"properties":{"type":"charge","layer":"passenger","locationId":"4e9eefe5-33c0-4b71-b85c-22addc421127","name":"TNLP007265 - Jozef Israëlslaan 171, Almere","address":"171 Jozef Israëlslaan","city":"Almere","operatorName":"TotalEnergies","maxPowerKw":15,"isMegawatt":false,"status":"AVAILABLE","source":"ndw"}},{"type":"Feature","geometry":{"type":"Point","coordinates":[5.246337,52.37918]},"properties":{"type":"charge","layer":"passenger","locationId":"D913EC34-6815-4D73-9E93-830C5B52A66D","name":"TNLP015455 - Verzetslaan 94, Almere","address":"94 Verzetslaan","city":"Almere","operatorName":"TotalEnergies","maxPowerKw":13,"isMegawatt":false,"status":"AVAILABLE","source":"ndw"}},{"type":"Feature","geometry":{"type":"Point","coordinates":[5.281625,52.35673]},"properties":{"type":"charge","layer":"passenger","locationId":"3EF86E9A-6823-4B9D-8E6B-2DC6C0E73D7F","name":"TNLP007331 - Frits Zernikestraat 3, Almere","address":"3 Frits Zernikestraat","city":"Almere","operatorName":"TotalEnergies","maxPowerKw":13,"isMegawatt":false,"status":"AVAILABLE","source":"ndw"}},{"type":"Feature","geometry":{"type":"Point","coordinates":[5.177396,52.3555]},"properties":{"type":"charge","layer":"passenger","locationId":"643BBC1E-C87A-4CF4-A5A2-D2A746A1CA7E","name":"TNLP007820 - J.J. Slauerhoffstraat 149, Almere","address":"149 J.J. Slauerhoffstraat","city":"Almere","operatorName":"TotalEnergies","maxPowerKw":13,"isMegawatt":false,"status":"CHARGING","source":"ndw"}},{"type":"Feature","geometry":{"type":"Point","coordinates":[5.310366,52.39797]},"properties":{"type":"charge","layer":"passenger","locationId":"NLLOC001882","name":"NLD, Almere, Pembastraat 50","address":"Pembastraat 50","city":"Almere","operatorName":"Allego","maxPowerKw":11,"isMegawatt":false,"status":"AVAILABLE","source":"ndw","priceKwh":0.511}},{"type":"Feature","geometry":{"type":"Point","coordinates":[5.281549,52.390038]},"properties":{"type":"charge","layer":"passenger","locationId":"315501EB-3CB1-4354-9B7B-3EA5A2EA58C4","name":"TNLP006256 - Rosarium 50, Almere","address":"50 Rosarium","city":"Almere","operatorName":"TotalEnergies","maxPowerKw":13,"isMegawatt":false,"status":"AVAILABLE","source":"ndw"}},{"type":"Feature","geometry":{"type":"Point","coordinates":[5.2711,52.37032]},"properties":{"type":"charge","layer":"passenger","locationId":"32EED863-8C5F-496A-9D20-49A925088495","name":"PP005383 - Giottoplantsoen 2, Almere","address":"2 Giottoplantsoen","city":"Almere","operatorName":"TotalEnergies","maxPowerKw":13,"isMegawatt":false,"status":"AVAILABLE","source":"ndw"}},{"type":"Feature","geometry":{"type":"Point","coordinates":[5.293132,52.397144]},"properties":{"type":"charge","layer":"passenger","locationId":"960371E2-1818-44BE-A0ED-9D65FCD9B216","name":"TNLP008779 - Siennastraat 5, Almere","address":"5 Siennastraat","city":"Almere","operatorName":"TotalEnergies","maxPowerKw":14,"isMegawatt":false,"status":"AVAILABLE","source":"ndw"}},{"type":"Feature","geometry":{"type":"Point","coordinates":[5.253618,52.374043]},"properties":{"type":"charge","layer":"passenger","locationId":"D52A917A-F870-4FF1-BD41-C1B9C29AE3B4","name":"TNLP015347 - Populierenstraat 6, Almere","address":"6 Populierenstraat","city":"Almere","operatorName":"TotalEnergies","maxPowerKw":13,"isMegawatt":false,"status":"AVAILABLE","source":"ndw"}},{"type":"Feature","geometry":{"type":"Point","coordinates":[5.17672,52.367954]},"properties":{"type":"charge","layer":"passenger","locationId":"F0670775-9658-45C6-9055-24300B4A9E07","name":"TNLP006711 - Rolling Stonesstraat 14, Almere","address":"14 Rolling Stonesstraat","city":"Almere","operatorName":"TotalEnergies","maxPowerKw":13,"isMegawatt":false,"status":"AVAILABLE","source":"ndw"}},{"type":"Feature","geometry":{"type":"Point","coordinates":[5.305104,52.396084]},"properties":{"type":"charge","layer":"passenger","locationId":"CCB034BD-0086-4B42-8F6E-E5A9C40F1806","name":"PP005211 - Midwaypad 1, Almere","address":"1 Midwaypad","city":"Almere","operatorName":"TotalEnergies","maxPowerKw":13,"isMegawatt":false,"status":"AVAILABLE","source":"ndw"}},{"type":"Feature","geometry":{"type":"Point","coordinates":[5.312948,52.404945]},"properties":{"type":"charge","layer":"passenger","locationId":"DC7A252E-B326-42E8-B971-EE5D3BCA3411","name":"TNLP009300 - Pietje Pluisplantsoen 6, Almere","address":"6 Pietje Pluisplantsoen","city":"Almere","operatorName":"TotalEnergies","maxPowerKw":13,"isMegawatt":false,"status":"AVAILABLE","source":"ndw"}},{"type":"Feature","geometry":{"type":"Point","coordinates":[5.20917,52.366882]},"properties":{"type":"charge","layer":"passenger","locationId":"4828fb7d-ac46-4325-8916-a763102fb285","name":"PP001754 - Hoornstraat 5, Almere","address":"5 Hoornstraat","city":"Almere","operatorName":"TotalEnergies","maxPowerKw":11,"isMegawatt":false,"status":"AVAILABLE","source":"ndw"}},{"type":"Feature","geometry":{"type":"Point","coordinates":[5.20632,52.38297]},"properties":{"type":"charge","layer":"passenger","locationId":"EBB8CE16-7F19-4C5D-B5BE-559E8166902D","name":"PP001436 - Klaverweg 70, Almere","address":"70 Klaverweg","city":"Almere","operatorName":"TotalEnergies","maxPowerKw":11,"isMegawatt":false,"status":"AVAILABLE","source":"ndw"}},{"type":"Feature","geometry":{"type":"Point","coordinates":[5.218243,52.341764]},"properties":{"type":"charge","layer":"passenger","locationId":"NLLOC001165","name":"NLD, Almere, Buitenhof 60","address":"Buitenhof 60","city":"Almere","operatorName":"Allego","maxPowerKw":22,"isMegawatt":false,"status":"AVAILABLE","source":"ndw","priceKwh":0.511}},{"type":"Feature","geometry":{"type":"Point","coordinates":[5.23042,52.37293]},"properties":{"type":"charge","layer":"passenger","locationId":"72a7115b-40b0-4cae-821a-94138e964926","name":"PP001843 - Cinemadreef 208, Almere","address":"208 Cinemadreef","city":"Almere","operatorName":"TotalEnergies","maxPowerKw":11,"isMegawatt":false,"status":"AVAILABLE","source":"ndw"}},{"type":"Feature","geometry":{"type":"Point","coordinates":[5.222739,52.337659]},"properties":{"type":"charge","layer":"passenger","locationId":"1606741edee33c187029e0e1864601db","name":"Schoolwerf 222","address":"Schoolwerf 222","city":"Almere","operatorName":"Vattenfall InCharge","maxPowerKw":11,"isMegawatt":false,"status":"AVAILABLE","source":"ndw","priceKwh":0.2805}},{"type":"Feature","geometry":{"type":"Point","coordinates":[5.219966,52.341408]},"properties":{"type":"charge","layer":"passenger","locationId":"BBCC227A-BBC9-483A-BFB9-BED02792686F","name":"TNLP009304 - Groenhof 151, Almere","address":"151 Groenhof","city":"Almere","operatorName":"TotalEnergies","maxPowerKw":13,"isMegawatt":false,"status":"AVAILABLE","source":"ndw"}},{"type":"Feature","geometry":{"type":"Point","coordinates":[5.27827,52.35889]},"properties":{"type":"charge","layer":"passenger","locationId":"d987c697f23e3208d7b6d4ad7ab21aa5","name":"Johan van der Waalsweg 15","address":"Johan van der Waalsweg 15","city":"Almere","operatorName":"Vattenfall InCharge","maxPowerKw":11,"isMegawatt":false,"status":"AVAILABLE","source":"ndw","priceKwh":0.2805}},{"type":"Feature","geometry":{"type":"Point","coordinates":[5.286755,52.402367]},"properties":{"type":"charge","layer":"passenger","locationId":"1D5FB5F8-6DE6-4E1F-A0AB-883271716751","name":"TNLP009993 - Junistraat 69, Almere","address":"69 Junistraat","city":"Almere","operatorName":"TotalEnergies","maxPowerKw":13,"isMegawatt":false,"status":"AVAILABLE","source":"ndw"}},{"type":"Feature","geometry":{"type":"Point","coordinates":[5.258655,52.375244]},"properties":{"type":"charge","layer":"passenger","locationId":"5CBCAA99-295F-4AA2-938C-F43F27A086E5","name":"TNLP007072 - Hildo Kropstraat 19, Almere","address":"19 Hildo Kropstraat","city":"Almere","operatorName":"TotalEnergies","maxPowerKw":15,"isMegawatt":false,"status":"AVAILABLE","source":"ndw"}},{"type":"Feature","geometry":{"type":"Point","coordinates":[5.302519,52.397587]},"properties":{"type":"charge","layer":"passenger","locationId":"AA3AB151-5103-4414-8221-F49075D7C1B3","name":"TNLP034282 - Corsicastraat 1, Almere","address":"1 Corsicastraat","city":"Almere","operatorName":"TotalEnergies","maxPowerKw":13,"isMegawatt":false,"status":"UNAVAILABLE","source":"ndw"}},{"type":"Feature","geometry":{"type":"Point","coordinates":[5.14845,52.34664]},"properties":{"type":"charge","layer":"passenger","locationId":"5DE91CBC-6685-49D1-9F18-05259E4AE0CD","name":"Laadplein - PP001447 - Europalaan 830, Almere","address":"830 Europalaan","city":"Almere","operatorName":"TotalEnergies","maxPowerKw":15,"isMegawatt":false,"status":"AVAILABLE","source":"ndw"}},{"type":"Feature","geometry":{"type":"Point","coordinates":[5.281272,52.394104]},"properties":{"type":"charge","layer":"passenger","locationId":"698EBC3D-6FAD-485F-8811-77281CD8E14E","name":"TNLP006261 - Rio de Janeirostraat 16, Almere","address":"16 Rio de Janeirostraat","city":"Almere","operatorName":"TotalEnergies","maxPowerKw":13,"isMegawatt":false,"status":"CHARGING","source":"ndw"}},{"type":"Feature","geometry":{"type":"Point","coordinates":[5.171379,52.395008]},"properties":{"type":"charge","layer":"passenger","locationId":"84159AD7-84F4-45CC-8E58-CB965AC42D81","name":"TNLP009372 - Topzeil 14, Almere","address":"14 Topzeil","city":"Almere","operatorName":"TotalEnergies","maxPowerKw":13,"isMegawatt":false,"status":"AVAILABLE","source":"ndw"}},{"type":"Feature","geometry":{"type":"Point","coordinates":[5.322867,52.327193]},"properties":{"type":"charge","layer":"passenger","locationId":"63773c831acd732a32e833d1","name":"WebastoLive","address":"Reimslaan  112","city":"Almere","operatorName":"E-Flux by Road","maxPowerKw":22,"isMegawatt":false,"status":"AVAILABLE","source":"ndw","priceKwh":0.7}},{"type":"Feature","geometry":{"type":"Point","coordinates":[5.15326,52.33983]},"properties":{"type":"charge","layer":"passenger","locationId":"7387f49d8769922adffc19bc5ca55896","name":"Olympialaan 21","address":"Olympialaan 21","city":"Almere","operatorName":"Vattenfall InCharge","maxPowerKw":11,"isMegawatt":false,"status":"CHARGING","source":"ndw","priceKwh":0.2805}},{"type":"Feature","geometry":{"type":"Point","coordinates":[5.227026,52.372513]},"properties":{"type":"charge","layer":"passenger","locationId":"997A4C84-9426-4CE5-A88A-DAFDC22E738E","name":"PP005599 - Cinemadreef 12, Almere","address":"12 Cinemadreef","city":"Almere","operatorName":"TotalEnergies","maxPowerKw":15,"isMegawatt":false,"status":"CHARGING","source":"ndw"}},{"type":"Feature","geometry":{"type":"Point","coordinates":[5.21478,52.33864]},"properties":{"type":"charge","layer":"passenger","locationId":"a01744e7bb9301564ee4f327c3c1406e","name":"Binnenhof 137","address":"Binnenhof 137","city":"Almere","operatorName":"Vattenfall InCharge","maxPowerKw":11,"isMegawatt":false,"status":"AVAILABLE","source":"ndw","priceKwh":0.2805}},{"type":"Feature","geometry":{"type":"Point","coordinates":[5.187684,52.367292]},"properties":{"type":"charge","layer":"passenger","locationId":"688898cc6af3e66b72821d1e","name":"Sportmedisch Centrum Almere","address":".Louis Armstrongweg 110","city":"Almere","operatorName":"E-Flux by Road","maxPowerKw":11,"isMegawatt":false,"status":"AVAILABLE","source":"ndw","priceKwh":0.58}},{"type":"Feature","geometry":{"type":"Point","coordinates":[5.30605,52.357796]},"properties":{"type":"charge","layer":"passenger","locationId":"bd2fb53ec1f6c576c350e8ccfe70f804","name":"Robert Stirlingstraat 9","address":"Robert Stirlingstraat 9","city":"Almere","operatorName":"Vattenfall InCharge","maxPowerKw":22,"isMegawatt":false,"status":"AVAILABLE","source":"ndw","priceKwh":0.3275}},{"type":"Feature","geometry":{"type":"Point","coordinates":[5.208887,52.360065]},"properties":{"type":"charge","layer":"passenger","locationId":"B36D0FFD-4090-46C4-885F-798A3AA3FFCD","name":"TNLP006967 - Roermondstraat 2, Almere","address":"2 Roermondstraat","city":"Almere","operatorName":"TotalEnergies","maxPowerKw":15,"isMegawatt":false,"status":"AVAILABLE","source":"ndw"}},{"type":"Feature","geometry":{"type":"Point","coordinates":[5.172708,52.358253]},"properties":{"type":"charge","layer":"passenger","locationId":"B5F2AB17-88A5-4F7A-9EC8-958D00D27490","name":"Laadplein - TNLP005862 - Jacques Perkstraat 10, Almere","address":"10 Jacques Perkstraat","city":"Almere","operatorName":"TotalEnergies","maxPowerKw":15,"isMegawatt":false,"status":"AVAILABLE","source":"ndw"}},{"type":"Feature","geometry":{"type":"Point","coordinates":[5.249411,52.356365]},"properties":{"type":"charge","layer":"passenger","locationId":"617bc0e979a16572b7c58f5a","name":"SAGAX Almere","address":"Veluwezoom 15","city":"Almere","operatorName":"E-Flux by Road","maxPowerKw":22,"isMegawatt":false,"status":"UNAVAILABLE","source":"ndw"}},{"type":"Feature","geometry":{"type":"Point","coordinates":[5.153621,52.353552]},"properties":{"type":"charge","layer":"passenger","locationId":"c8bc254c-6c27-4322-8f91-9385859e7857","name":"Achillesstraat","address":"Achillesstraat 28","city":"Almere","operatorName":"Vattenfall InCharge","maxPowerKw":11,"isMegawatt":false,"status":"UNAVAILABLE","source":"ndw","priceKwh":0.4316}},{"type":"Feature","geometry":{"type":"Point","coordinates":[5.195831,52.36831]},"properties":{"type":"charge","layer":"passenger","locationId":"BC9113F2-2E0C-4953-9307-B4B2826E0C9B","name":"TNLP015006 - Borodinstraat 90, Almere","address":"90 Borodinstraat","city":"Almere","operatorName":"TotalEnergies","maxPowerKw":13,"isMegawatt":false,"status":"AVAILABLE","source":"ndw"}},{"type":"Feature","geometry":{"type":"Point","coordinates":[5.223075,52.342197]},"properties":{"type":"charge","layer":"passenger","locationId":"FC5B53B8-78EE-472D-A927-E4B07F5B1367","name":"TNLP007114 - Ambachtsmark 63, Almere","address":"63 Ambachtsmark","city":"Almere","operatorName":"TotalEnergies","maxPowerKw":15,"isMegawatt":false,"status":"AVAILABLE","source":"ndw"}},{"type":"Feature","geometry":{"type":"Point","coordinates":[5.269272,52.390076]},"properties":{"type":"charge","layer":"passenger","locationId":"08cdcac1-96d6-4ff5-b081-9f0f59c15b22","name":"PP005558 - Springendallaan 145, Almere","address":"145 Springendallaan","city":"Almere","operatorName":"TotalEnergies","maxPowerKw":13,"isMegawatt":false,"status":"AVAILABLE","source":"ndw"}},{"type":"Feature","geometry":{"type":"Point","coordinates":[5.205044,52.345121]},"properties":{"type":"charge","layer":"passenger","locationId":"66436fb32c4d8c001ca9d5b2","name":"Beemdlaar 52","address":"Beemdlaar 52","city":"Almere","operatorName":"E-Flux by Road","maxPowerKw":22,"isMegawatt":false,"status":"AVAILABLE","source":"ndw","priceKwh":0.48}},{"type":"Feature","geometry":{"type":"Point","coordinates":[5.2444,52.3737]},"properties":{"type":"charge","layer":"passenger","locationId":"8d23ab2c-4cc0-4f73-82ad-cfa536d227f1","name":"TNLP006049 - Watercipresstraat 3, Almere","address":"3 Watercipresstraat","city":"Almere","operatorName":"TotalEnergies","maxPowerKw":13,"isMegawatt":false,"status":"UNAVAILABLE","source":"ndw"}},{"type":"Feature","geometry":{"type":"Point","coordinates":[5.300161,52.397865]},"properties":{"type":"charge","layer":"passenger","locationId":"A96F63D3-BC5B-4FDE-9140-FC4EB0CBA519","name":"TNLP034624 - Azorenweg 9, Almere","address":"9 Azorenweg","city":"Almere","operatorName":"TotalEnergies","maxPowerKw":13,"isMegawatt":false,"status":"UNAVAILABLE","source":"ndw"}},{"type":"Feature","geometry":{"type":"Point","coordinates":[5.15607,52.34808]},"properties":{"type":"charge","layer":"passenger","locationId":"0FC11FA2-A64F-47C9-A830-7C21AEAB5CF5","name":"Laadplein - TNLP009041 - Moldaviëstraat 134, Almere","address":"134 Moldaviëstraat","city":"Almere","operatorName":"TotalEnergies","maxPowerKw":15,"isMegawatt":false,"status":"AVAILABLE","source":"ndw"}},{"type":"Feature","geometry":{"type":"Point","coordinates":[5.264079,52.378857]},"properties":{"type":"charge","layer":"passenger","locationId":"212E3197-624F-4CEC-8B9C-FB7A82496BC6","name":"TNLP007150 - Wim Schuhmacherhof 47, Almere","address":"47 Wim Schuhmacherhof","city":"Almere","operatorName":"TotalEnergies","maxPowerKw":13,"isMegawatt":false,"status":"AVAILABLE","source":"ndw"}},{"type":"Feature","geometry":{"type":"Point","coordinates":[5.204411,52.365967]},"properties":{"type":"charge","layer":"passenger","locationId":"523AA72E-9E14-4406-96FA-9976A34FF174","name":"TNLP008880 - Amersfoortweg 12, Almere","address":"12 Amersfoortweg","city":"Almere","operatorName":"TotalEnergies","maxPowerKw":14,"isMegawatt":false,"status":"AVAILABLE","source":"ndw"}},{"type":"Feature","geometry":{"type":"Point","coordinates":[5.160351,52.356976]},"properties":{"type":"charge","layer":"passenger","locationId":"D48E0E8A-3F95-4ADB-B665-6220BEC236EB","name":"TNLP008912 - Saturnussingel 307, Almere","address":"307 Saturnussingel","city":"Almere","operatorName":"TotalEnergies","maxPowerKw":14,"isMegawatt":false,"status":"UNAVAILABLE","source":"ndw"}},{"type":"Feature","geometry":{"type":"Point","coordinates":[5.285915,52.35942]},"properties":{"type":"charge","layer":"passenger","locationId":"D4F46BA0-5F2C-49E9-8B63-67ACAD066BEC","name":"TNLP009358 - Richard Feynmanstraat 13, Almere","address":"13 Richard Feynmanstraat","city":"Almere","operatorName":"TotalEnergies","maxPowerKw":13,"isMegawatt":false,"status":"AVAILABLE","source":"ndw"}},{"type":"Feature","geometry":{"type":"Point","coordinates":[5.255253,52.381615]},"properties":{"type":"charge","layer":"passenger","locationId":"F6FD555D-404A-46A2-859F-935858EE19C6","name":"TNLP009986 - Paulus Potterstraat 1, Almere","address":"1 Paulus Potterstraat","city":"Almere","operatorName":"TotalEnergies","maxPowerKw":13,"isMegawatt":false,"status":"AVAILABLE","source":"ndw"}},{"type":"Feature","geometry":{"type":"Point","coordinates":[5.32502,52.4046]},"properties":{"type":"charge","layer":"passenger","locationId":"fa0aeecd75e007d0e1580613ff642835","name":"De Stripmaker 2","address":"De Stripmaker 2","city":"Almere","operatorName":"Vattenfall InCharge","maxPowerKw":11,"isMegawatt":false,"status":"AVAILABLE","source":"ndw","priceKwh":0.2805}},{"type":"Feature","geometry":{"type":"Point","coordinates":[5.146458,52.34545]},"properties":{"type":"charge","layer":"passenger","locationId":"f8cc2510-c254-4f0f-b5b8-77a12c604147","name":"Laadplein - TNLP006319 - Andorrastraat 41, Almere","address":"41 Andorrastraat","city":"Almere","operatorName":"TotalEnergies","maxPowerKw":15,"isMegawatt":false,"status":"CHARGING","source":"ndw"}},{"type":"Feature","geometry":{"type":"Point","coordinates":[5.270268,52.377515]},"properties":{"type":"charge","layer":"passenger","locationId":"89252782","name":"Van Leeuwen Edvard Munchweg 2","address":"Edvard Munchweg 2","city":"Almere","operatorName":"Van Leeuwen","maxPowerKw":22,"isMegawatt":false,"status":"AVAILABLE","source":"ndw"}},{"type":"Feature","geometry":{"type":"Point","coordinates":[5.316275,52.401627]},"properties":{"type":"charge","layer":"passenger","locationId":"a1b3a0a2011cf1f1688e9ae62cd08850","name":"Matho Tongastraat 14","address":"Matho Tongastraat 14","city":"Almere","operatorName":"Vattenfall InCharge","maxPowerKw":11,"isMegawatt":false,"status":"AVAILABLE","source":"ndw","priceKwh":0.2805}},{"type":"Feature","geometry":{"type":"Point","coordinates":[5.291336,52.402243]},"properties":{"type":"charge","layer":"passenger","locationId":"ddbace13c76216a7edac7d28121851a6","name":"Eeuwenweg 17","address":"Eeuwenweg 17","city":"Almere","operatorName":"Vattenfall InCharge","maxPowerKw":11,"isMegawatt":false,"status":"CHARGING","source":"ndw","priceKwh":0.2805}},{"type":"Feature","geometry":{"type":"Point","coordinates":[5.152505,52.34816]},"properties":{"type":"charge","layer":"passenger","locationId":"672021a1-8474-4b23-9f23-5d9f3ba7d4f2","name":"Laadplein - TNLP006537 - Beneluxlaan 675, Almere","address":"675 Beneluxlaan","city":"Almere","operatorName":"TotalEnergies","maxPowerKw":15,"isMegawatt":false,"status":"AVAILABLE","source":"ndw"}},{"type":"Feature","geometry":{"type":"Point","coordinates":[5.272081,52.370169]},"properties":{"type":"charge","layer":"passenger","locationId":"2211a87cc5e5d40f31a5a45a428728a0","name":"Altdorferplantsoen 17","address":"Altdorferplantsoen 17","city":"Almere","operatorName":"Vattenfall InCharge","maxPowerKw":11,"isMegawatt":false,"status":"AVAILABLE","source":"ndw","priceKwh":0.2805}},{"type":"Feature","geometry":{"type":"Point","coordinates":[5.149469,52.358094]},"properties":{"type":"charge","layer":"passenger","locationId":"91063945","name":"50five-S NL 07002742","address":"Zomertortellaan 8","city":"Almere","operatorName":"50five","maxPowerKw":11,"isMegawatt":false,"status":"AVAILABLE","source":"ndw"}},{"type":"Feature","geometry":{"type":"Point","coordinates":[5.252899,52.366652]},"properties":{"type":"charge","layer":"passenger","locationId":"5429f2c1de4c4388edf926ecda9f9b9c","name":"Paso Doblesingel 23","address":"Paso Doblesingel 23","city":"Almere","operatorName":"Vattenfall InCharge","maxPowerKw":11,"isMegawatt":false,"status":"CHARGING","source":"ndw","priceKwh":0.2805}},{"type":"Feature","geometry":{"type":"Point","coordinates":[5.222186,52.370399]},"properties":{"type":"charge","layer":"passenger","locationId":"91149502","name":"50five-S NL 09100166","address":"Hospitaaldreef 5","city":"Almere","operatorName":"50five","maxPowerKw":11,"isMegawatt":false,"status":"AVAILABLE","source":"ndw"}},{"type":"Feature","geometry":{"type":"Point","coordinates":[5.286578,52.36003]},"properties":{"type":"charge","layer":"passenger","locationId":"13886E7C-CD7A-42AF-BD83-03C7FD2D7EAC","name":"TNLP007799 - Richard Feynmanstraat 4, Almere","address":"4 Richard Feynmanstraat","city":"Almere","operatorName":"TotalEnergies","maxPowerKw":15,"isMegawatt":false,"status":"AVAILABLE","source":"ndw"}},{"type":"Feature","geometry":{"type":"Point","coordinates":[5.155597,52.35922]},"properties":{"type":"charge","layer":"passenger","locationId":"19B92DEB-1A54-4AF0-87B1-03593BBC6F83","name":"TNLP006863 - Aurorahof 14, Almere","address":"14 Aurorahof","city":"Almere","operatorName":"TotalEnergies","maxPowerKw":13,"isMegawatt":false,"status":"UNAVAILABLE","source":"ndw"}},{"type":"Feature","geometry":{"type":"Point","coordinates":[5.187038,52.364175]},"properties":{"type":"charge","layer":"passenger","locationId":"6179101962db22fff424948f","name":"Solar Bouwmarkt","address":"Musicalstraat 7B","city":"Almere","operatorName":"E-Flux by Road","maxPowerKw":11,"isMegawatt":false,"status":"AVAILABLE","source":"ndw","priceKwh":0.72}},{"type":"Feature","geometry":{"type":"Point","coordinates":[5.251435,52.373257]},"properties":{"type":"charge","layer":"passenger","locationId":"c9f03923-3874-41bc-848c-d5113553352e","name":"TNLP006026 - Parkwijklaan 160, Almere","address":"160 Parkwijklaan","city":"Almere","operatorName":"TotalEnergies","maxPowerKw":13,"isMegawatt":false,"status":"CHARGING","source":"ndw"}},{"type":"Feature","geometry":{"type":"Point","coordinates":[5.282462,52.360973]},"properties":{"type":"charge","layer":"passenger","locationId":"5CF10624-0CAE-47EE-A377-8B3C248FC3D1","name":"Laadplein - PP005131 - Jean Perrinstraat 11, Almere","address":"11 Jean Perrinstraat","city":"Almere","operatorName":"TotalEnergies","maxPowerKw":15,"isMegawatt":false,"status":"AVAILABLE","source":"ndw"}},{"type":"Feature","geometry":{"type":"Point","coordinates":[5.146719,52.349403]},"properties":{"type":"charge","layer":"passenger","locationId":"B2EAE2AC-4A15-4A45-8BB6-4329719464DF","name":"PP005585 - Scandinaviëkade 25, Almere","address":"25 Scandinaviëkade","city":"Almere","operatorName":"TotalEnergies","maxPowerKw":13,"isMegawatt":false,"status":"UNAVAILABLE","source":"ndw"}},{"type":"Feature","geometry":{"type":"Point","coordinates":[5.155754,52.361237]},"properties":{"type":"charge","layer":"passenger","locationId":"BABB98EA-163B-44A2-A9C2-C96A5F6F5D96","name":"TNLP015269 - Amaterasuhof 5, Almere","address":"5 Amaterasuhof","city":"Almere","operatorName":"TotalEnergies","maxPowerKw":17,"isMegawatt":false,"status":"AVAILABLE","source":"ndw"}},{"type":"Feature","geometry":{"type":"Point","coordinates":[5.268601,52.36851]},"properties":{"type":"charge","layer":"passenger","locationId":"DD1CA956-7DDE-46D7-A5B9-1E07E4734483","name":"TNLP008141 - El Grecostraat 100, Almere","address":"100 El Grecostraat","city":"Almere","operatorName":"TotalEnergies","maxPowerKw":13,"isMegawatt":false,"status":"AVAILABLE","source":"ndw"}},{"type":"Feature","geometry":{"type":"Point","coordinates":[5.209741,52.37356]},"properties":{"type":"charge","layer":"passenger","locationId":"3fb53d96-e730-44a2-8917-6ce84ecf1521","name":"PP002048 - Dokkumlaan 50, Almere","address":"50 Dokkumlaan","city":"Almere","operatorName":"TotalEnergies","maxPowerKw":11,"isMegawatt":false,"status":"AVAILABLE","source":"ndw"}},{"type":"Feature","geometry":{"type":"Point","coordinates":[5.19381,52.35784]},"properties":{"type":"charge","layer":"passenger","locationId":"4d795e852481617e439c65d40a4fe76c","name":"Breskensweg 2","address":"Breskensweg 2","city":"Almere","operatorName":"Vattenfall InCharge","maxPowerKw":11,"isMegawatt":false,"status":"AVAILABLE","source":"ndw","priceKwh":0.2805}},{"type":"Feature","geometry":{"type":"Point","coordinates":[5.208214,52.361156]},"properties":{"type":"charge","layer":"passenger","locationId":"314FC1BE-940D-459A-A148-DF337BBFA2A6","name":"TNLP015216 - Venloweg 34, Almere","address":"34 Venloweg","city":"Almere","operatorName":"TotalEnergies","maxPowerKw":17,"isMegawatt":false,"status":"UNAVAILABLE","source":"ndw"}},{"type":"Feature","geometry":{"type":"Point","coordinates":[5.177323,52.390408]},"properties":{"type":"charge","layer":"passenger","locationId":"1EBAE9EB-D920-4BED-888A-3481D82921B0","name":"Laadplein - TNLP007126 - Wimpelplantsoen 200, Almere","address":"200 Wimpelplantsoen","city":"Almere","operatorName":"TotalEnergies","maxPowerKw":15,"isMegawatt":false,"status":"AVAILABLE","source":"ndw"}},{"type":"Feature","geometry":{"type":"Point","coordinates":[5.222111,52.349457]},"properties":{"type":"charge","layer":"passenger","locationId":"355D3FB6-856E-44DC-B9C2-43C2FFC76DD5","name":"TNLP009408 - De Steiger 47, Almere","address":"47 De Steiger","city":"Almere","operatorName":"TotalEnergies","maxPowerKw":15,"isMegawatt":false,"status":"AVAILABLE","source":"ndw"}},{"type":"Feature","geometry":{"type":"Point","coordinates":[5.310628,52.39391]},"properties":{"type":"charge","layer":"passenger","locationId":"3D96D97D-261B-46CE-8798-2B87CEA55F53","name":"Laadplein - PP005621 - Puerto Ricostraat 77, Almere","address":"77 Puerto Ricostraat","city":"Almere","operatorName":"TotalEnergies","maxPowerKw":15,"isMegawatt":false,"status":"AVAILABLE","source":"ndw"}},{"type":"Feature","geometry":{"type":"Point","coordinates":[5.267141,52.384426]},"properties":{"type":"charge","layer":"passenger","locationId":"60634D31-6B69-4210-91C5-BB7EA6337790","name":"TNLP005761 - Alpacastraat 20, Almere","address":"20 Alpacastraat","city":"Almere","operatorName":"TotalEnergies","maxPowerKw":13,"isMegawatt":false,"status":"CHARGING","source":"ndw"}},{"type":"Feature","geometry":{"type":"Point","coordinates":[5.224999,52.335552]},"properties":{"type":"charge","layer":"passenger","locationId":"6547C76E-34B7-425D-9AEE-E9053D252029","name":"TNLP015465 - Goedewerf 2, Almere","address":"2 Goedewerf","city":"Almere","operatorName":"TotalEnergies","maxPowerKw":13,"isMegawatt":false,"status":"AVAILABLE","source":"ndw"}},{"type":"Feature","geometry":{"type":"Point","coordinates":[5.284764,52.361176]},"properties":{"type":"charge","layer":"passenger","locationId":"8BFBA006-B68F-466F-B6F8-865C228F0B64","name":"TNLP009409 - Nikolaj Basovstraat 18, Almere","address":"18 Nikolaj Basovstraat","city":"Almere","operatorName":"TotalEnergies","maxPowerKw":15,"isMegawatt":false,"status":"UNAVAILABLE","source":"ndw"}},{"type":"Feature","geometry":{"type":"Point","coordinates":[5.31057,52.40904]},"properties":{"type":"charge","layer":"passenger","locationId":"B6D08AA4-8FF8-4C78-8F28-4D035F4BC35B","name":"Laadplein - TNLP006111 - Chatelainestraat 1, Almere","address":"1 Chatelainestraat","city":"Almere","operatorName":"TotalEnergies","maxPowerKw":15,"isMegawatt":false,"status":"AVAILABLE","source":"ndw"}},{"type":"Feature","geometry":{"type":"Point","coordinates":[5.22572,52.38496]},"properties":{"type":"charge","layer":"passenger","locationId":"690abb62ce5fb741258859640c4ddc7b","name":"Krammerstraat 37","address":"Krammerstraat 37","city":"Almere","operatorName":"Vattenfall InCharge","maxPowerKw":11,"isMegawatt":false,"status":"AVAILABLE","source":"ndw","priceKwh":0.2805}},{"type":"Feature","geometry":{"type":"Point","coordinates":[5.185536,52.358166]},"properties":{"type":"charge","layer":"passenger","locationId":"D08BB868-8E79-4E58-8182-18E066FC08CC","name":"TNLP006959 - J.J. Slauerhoffstraat 11, Almere","address":"11 J.J. Slauerhoffstraat","city":"Almere","operatorName":"TotalEnergies","maxPowerKw":13,"isMegawatt":false,"status":"AVAILABLE","source":"ndw"}},{"type":"Feature","geometry":{"type":"Point","coordinates":[5.244335,52.403384]},"properties":{"type":"charge","layer":"passenger","locationId":"66ab3e70a94012001ca37856","name":"NL - Almere - Hefbrugweg 22","address":"Hefbrugweg 22","city":"Almere","operatorName":"E-Flux by Road","maxPowerKw":17,"isMegawatt":false,"status":"UNAVAILABLE","source":"ndw","priceKwh":0.24}},{"type":"Feature","geometry":{"type":"Point","coordinates":[5.272511,52.377341]},"properties":{"type":"charge","layer":"passenger","locationId":"91105349","name":"50five-S NL 08102770","address":"Edvard Munchweg 7","city":"Almere","operatorName":"50five","maxPowerKw":22,"isMegawatt":false,"status":"AVAILABLE","source":"ndw"}},{"type":"Feature","geometry":{"type":"Point","coordinates":[5.217443,52.341418]},"properties":{"type":"charge","layer":"passenger","locationId":"87adad35ccbf3626a1f113b8a6331113","name":"Buitenhof 69","address":"Buitenhof 69","city":"Almere","operatorName":"Vattenfall InCharge","maxPowerKw":11,"isMegawatt":false,"status":"AVAILABLE","source":"ndw","priceKwh":0.2805}},{"type":"Feature","geometry":{"type":"Point","coordinates":[5.21091,52.37012]},"properties":{"type":"charge","layer":"passenger","locationId":"0a3d340fac07ba8bf80af10c53b887fb","name":"Meppelsingel 22","address":"Meppelsingel 22","city":"Almere","operatorName":"Vattenfall InCharge","maxPowerKw":11,"isMegawatt":false,"status":"AVAILABLE","source":"ndw","priceKwh":0.2805}},{"type":"Feature","geometry":{"type":"Point","coordinates":[5.202513,52.33727]},"properties":{"type":"charge","layer":"passenger","locationId":"079C70FC-FF5E-4A7A-8A8A-529265E87A21","name":"PP005247 - Kimwierde 209, Almere","address":"209 Kimwierde","city":"Almere","operatorName":"TotalEnergies","maxPowerKw":13,"isMegawatt":false,"status":"AVAILABLE","source":"ndw"}},{"type":"Feature","geometry":{"type":"Point","coordinates":[5.193479,52.383434]},"properties":{"type":"charge","layer":"passenger","locationId":"NLLOC001160","name":"NLD, Fonteinkruidstraat 8, 1313 JN, Almere","address":"Fonteinkruidstraat 8","city":"Almere","operatorName":"Allego","maxPowerKw":11,"isMegawatt":false,"status":"AVAILABLE","source":"ndw","priceKwh":0.511}},{"type":"Feature","geometry":{"type":"Point","coordinates":[5.139189,52.351665]},"properties":{"type":"charge","layer":"passenger","locationId":"65c0ebb17cdd28001c531cf7","name":"Olivier van Noorstraat - parkeerterrein","address":"Olivier van Noorstraat 32","city":"Almere","operatorName":"E-Flux by Road","maxPowerKw":22,"isMegawatt":false,"status":"UNAVAILABLE","source":"ndw","priceKwh":0.66}},{"type":"Feature","geometry":{"type":"Point","coordinates":[5.207406,52.36876]},"properties":{"type":"charge","layer":"passenger","locationId":"0DD21B80-23F0-4138-9AE9-092FB3DD2F0F","name":"TNLP009889 - Amsterdamweg 10, Almere","address":"10 Amsterdamweg","city":"Almere","operatorName":"TotalEnergies","maxPowerKw":13,"isMegawatt":false,"status":"CHARGING","source":"ndw"}},{"type":"Feature","geometry":{"type":"Point","coordinates":[5.192683,52.384098]},"properties":{"type":"charge","layer":"passenger","locationId":"1AC2ABAB-9FA2-4DE1-8075-62EBE640DE3F","name":"TNLP006321 - Fluitekruidstraat 75, Almere","address":"75 Fluitekruidstraat","city":"Almere","operatorName":"TotalEnergies","maxPowerKw":15,"isMegawatt":false,"status":"AVAILABLE","source":"ndw"}},{"type":"Feature","geometry":{"type":"Point","coordinates":[5.263349,52.378086]},"properties":{"type":"charge","layer":"passenger","locationId":"27E9742C-5EC5-44F8-AB25-3FC99D0842B2","name":"TNLP006295 - Wim Schuhmacherhof 1, Almere","address":"1 Wim Schuhmacherhof","city":"Almere","operatorName":"TotalEnergies","maxPowerKw":13,"isMegawatt":false,"status":"AVAILABLE","source":"ndw"}},{"type":"Feature","geometry":{"type":"Point","coordinates":[5.15163,52.34681]},"properties":{"type":"charge","layer":"passenger","locationId":"e222fe45b3543c99e052db18ac9cafec","name":"Duitslandstraat 87","address":"Duitslandstraat 87","city":"Almere","operatorName":"Vattenfall InCharge","maxPowerKw":11,"isMegawatt":false,"status":"AVAILABLE","source":"ndw","priceKwh":0.2805}},{"type":"Feature","geometry":{"type":"Point","coordinates":[5.2855,52.38864]},"properties":{"type":"charge","layer":"passenger","locationId":"496DC402-5163-4206-8FA5-955CD6A3B002","name":"TNLP006300 - Asterstraat 28, Almere","address":"28 Asterstraat","city":"Almere","operatorName":"TotalEnergies","maxPowerKw":15,"isMegawatt":false,"status":"UNAVAILABLE","source":"ndw"}},{"type":"Feature","geometry":{"type":"Point","coordinates":[5.178986,52.36054]},"properties":{"type":"charge","layer":"passenger","locationId":"522AA6A9-3B71-4B93-8ABA-38B017FFC839","name":"TNLP007299 - Jacob van Maerlantstraat 16, Almere","address":"16 Jacob van Maerlantstraat","city":"Almere","operatorName":"TotalEnergies","maxPowerKw":13,"isMegawatt":false,"status":"AVAILABLE","source":"ndw"}},{"type":"Feature","geometry":{"type":"Point","coordinates":[5.214624,52.37016]},"properties":{"type":"charge","layer":"passenger","locationId":"ACD6377B-E031-4938-934D-63EFEB942FDE","name":"PP005363 - Gezellenhof 1, Almere","address":"1 Gezellenhof","city":"Almere","operatorName":"TotalEnergies","maxPowerKw":13,"isMegawatt":false,"status":"UNAVAILABLE","source":"ndw"}},{"type":"Feature","geometry":{"type":"Point","coordinates":[5.217527,52.377438]},"properties":{"type":"charge","layer":"passenger","locationId":"B6373CAF-0342-433D-9C66-263A8DBE2AE4","name":"TNLP009017 - Olof Palmehof 7, Almere","address":"7 Olof Palmehof","city":"Almere","operatorName":"TotalEnergies","maxPowerKw":13,"isMegawatt":false,"status":"AVAILABLE","source":"ndw"}},{"type":"Feature","geometry":{"type":"Point","coordinates":[5.283837,52.3871]},"properties":{"type":"charge","layer":"passenger","locationId":"BFA74DDD-90FA-498E-9D27-BED9AD51364F","name":"TNLP008773 - Seringstraat 47, Almere","address":"47 Seringstraat","city":"Almere","operatorName":"TotalEnergies","maxPowerKw":14,"isMegawatt":false,"status":"UNAVAILABLE","source":"ndw"}},{"type":"Feature","geometry":{"type":"Point","coordinates":[5.239632,52.33228]},"properties":{"type":"charge","layer":"passenger","locationId":"C891D1EF-CDA2-4B99-9063-C73AE83A917C","name":"TNLP005887 - Terpmeent 75, Almere","address":"75 Terpmeent","city":"Almere","operatorName":"TotalEnergies","maxPowerKw":15,"isMegawatt":false,"status":"UNAVAILABLE","source":"ndw"}},{"type":"Feature","geometry":{"type":"Point","coordinates":[5.2294,52.34428]},"properties":{"type":"charge","layer":"passenger","locationId":"E7CC6F71-C9AA-47FE-81CC-580AE5757D76","name":"PP005222 - Hofmark 72, Almere","address":"72 Hofmark","city":"Almere","operatorName":"TotalEnergies","maxPowerKw":13,"isMegawatt":false,"status":"AVAILABLE","source":"ndw"}},{"type":"Feature","geometry":{"type":"Point","coordinates":[5.237875,52.36103]},"properties":{"type":"charge","layer":"passenger","locationId":"d21fd5df-5331-4cec-987a-c6fdbf66dadf","name":"TNLP015127 - Fellinilaan 49, Almere","address":"49 Fellinilaan","city":"Almere","operatorName":"TotalEnergies","maxPowerKw":13,"isMegawatt":false,"status":"UNAVAILABLE","source":"ndw"}},{"type":"Feature","geometry":{"type":"Point","coordinates":[5.16736,52.354942]},"properties":{"type":"charge","layer":"passenger","locationId":"6a1879ee29d7052a19a3e867","name":"Poort Padel Ri","address":"Neonweg 60","city":"Almere","operatorName":"E-Flux by Road","maxPowerKw":22,"isMegawatt":false,"status":"AVAILABLE","source":"ndw","priceKwh":0.49}},{"type":"Feature","geometry":{"type":"Point","coordinates":[5.272576,52.39398]},"properties":{"type":"charge","layer":"passenger","locationId":"17BA6F42-A6FC-43A7-9A2C-01C6E35C4BFB","name":"TNLP006302 - Bostonweg 97, Almere","address":"97 Bostonweg","city":"Almere","operatorName":"TotalEnergies","maxPowerKw":15,"isMegawatt":false,"status":"AVAILABLE","source":"ndw"}},{"type":"Feature","geometry":{"type":"Point","coordinates":[5.16006,52.355922]},"properties":{"type":"charge","layer":"passenger","locationId":"2a0f9e78fde8f86a32c1d1e9686473bf","name":"Saturnussingel 324","address":"Saturnussingel 324","city":"Almere","operatorName":"Vattenfall InCharge","maxPowerKw":11,"isMegawatt":false,"status":"AVAILABLE","source":"ndw","priceKwh":0.2805}},{"type":"Feature","geometry":{"type":"Point","coordinates":[5.304946,52.396736]},"properties":{"type":"charge","layer":"passenger","locationId":"47B8421B-0655-470A-B6C2-E79306AFB854","name":"TNLP006125 - Fijistraat 31, Almere","address":"31 Fijistraat","city":"Almere","operatorName":"TotalEnergies","maxPowerKw":13,"isMegawatt":false,"status":"CHARGING","source":"ndw"}},{"type":"Feature","geometry":{"type":"Point","coordinates":[5.321747,52.39902]},"properties":{"type":"charge","layer":"passenger","locationId":"47DBBE6F-587C-4109-A3DE-62011212D668","name":"TNLP009311 - Kuifjestraat 38, Almere","address":"38 Kuifjestraat","city":"Almere","operatorName":"TotalEnergies","maxPowerKw":13,"isMegawatt":false,"status":"AVAILABLE","source":"ndw"}},{"type":"Feature","geometry":{"type":"Point","coordinates":[5.270058,52.39176]},"properties":{"type":"charge","layer":"passenger","locationId":"56B61BB0-7872-433F-9AA3-AD7B2260E7D3","name":"TNLP007595 - Springendallaan 11, Almere","address":"11 Springendallaan","city":"Almere","operatorName":"TotalEnergies","maxPowerKw":13,"isMegawatt":false,"status":"UNAVAILABLE","source":"ndw"}},{"type":"Feature","geometry":{"type":"Point","coordinates":[5.30584,52.40269]},"properties":{"type":"charge","layer":"passenger","locationId":"8578e9dcecb361cb171c5652997e883d","name":"Hebridenstraat 56","address":"Hebridenstraat 56","city":"Almere","operatorName":"Vattenfall InCharge","maxPowerKw":11,"isMegawatt":false,"status":"AVAILABLE","source":"ndw","priceKwh":0.2805}},{"type":"Feature","geometry":{"type":"Point","coordinates":[5.144392,52.35404]},"properties":{"type":"charge","layer":"passenger","locationId":"BF932784-DE7B-4C6C-9D24-78AB8749A758","name":"TNLP006114 - Henry Stanleystraat 1, Almere","address":"1 Henry Stanleystraat","city":"Almere","operatorName":"TotalEnergies","maxPowerKw":13,"isMegawatt":false,"status":"AVAILABLE","source":"ndw"}},{"type":"Feature","geometry":{"type":"Point","coordinates":[5.296121,52.394615]},"properties":{"type":"charge","layer":"passenger","locationId":"BFC9AAA4-230A-4D84-8E4C-736323FBEE48","name":"TNLP005875 - Siennastraat 131, Almere","address":"131 Siennastraat","city":"Almere","operatorName":"TotalEnergies","maxPowerKw":13,"isMegawatt":false,"status":"AVAILABLE","source":"ndw"}},{"type":"Feature","geometry":{"type":"Point","coordinates":[5.179191,52.368202]},"properties":{"type":"charge","layer":"passenger","locationId":"D446CB18-223C-471D-AD6E-9B7B5F3C4CAB","name":"Laadplein - TNLP006351 - Rogier van Otterloostraat 12, Almere","address":"12 Rogier van Otterloostraat","city":"Almere","operatorName":"TotalEnergies","maxPowerKw":15,"isMegawatt":false,"status":"AVAILABLE","source":"ndw"}},{"type":"Feature","geometry":{"type":"Point","coordinates":[5.25952,52.400932]},"properties":{"type":"charge","layer":"passenger","locationId":"DEE6F881-EC51-49AC-8C64-2344CD9CF965","name":"Laadplein - TNLP006842 - G.T. Rietveldstraat 170, Almere","address":"170 G.T. Rietveldstraat","city":"Almere","operatorName":"TotalEnergies","maxPowerKw":15,"isMegawatt":false,"status":"AVAILABLE","source":"ndw"}},{"type":"Feature","geometry":{"type":"Point","coordinates":[5.19437,52.337765]},"properties":{"type":"charge","layer":"passenger","locationId":"81d832d030871c5e80787f99323db292","name":"Blikveldweg 64","address":"Blikveldweg 64","city":"Almere","operatorName":"Vattenfall InCharge","maxPowerKw":11,"isMegawatt":false,"status":"AVAILABLE","source":"ndw","priceKwh":0.2805}},{"type":"Feature","geometry":{"type":"Point","coordinates":[5.200262,52.369446]},"properties":{"type":"charge","layer":"passenger","locationId":"71B94D5A-5260-4572-A01C-71AF95CF47AF","name":"TNLP008783 - J.S. Bachweg 8, Almere","address":"8 J.S. Bachweg","city":"Almere","operatorName":"TotalEnergies","maxPowerKw":14,"isMegawatt":false,"status":"UNAVAILABLE","source":"ndw"}},{"type":"Feature","geometry":{"type":"Point","coordinates":[5.282634,52.38463]},"properties":{"type":"charge","layer":"passenger","locationId":"D07F02B4-A5B3-4A72-A945-E4058E0129D4","name":"Laadplein - TNLP006330 - Oleanderstraat 66, Almere","address":"66 Oleanderstraat","city":"Almere","operatorName":"TotalEnergies","maxPowerKw":15,"isMegawatt":false,"status":"AVAILABLE","source":"ndw"}},{"type":"Feature","geometry":{"type":"Point","coordinates":[5.227703,52.36961]},"properties":{"type":"charge","layer":"passenger","locationId":"DA33B14C-4B4D-450B-A45D-6013E8DAA81C","name":"TNLP006204 - James Stewartstraat 31, Almere","address":"31 James Stewartstraat","city":"Almere","operatorName":"TotalEnergies","maxPowerKw":15,"isMegawatt":false,"status":"UNAVAILABLE","source":"ndw"}},{"type":"Feature","geometry":{"type":"Point","coordinates":[5.271465,52.33884]},"properties":{"type":"charge","layer":"passenger","locationId":"91312794","name":"50five-S NL Almere, Kemphaanlaan 4","address":"Kemphaanlaan 4","city":"Almere","operatorName":"50five","maxPowerKw":11,"isMegawatt":false,"status":"UNAVAILABLE","source":"ndw"}},{"type":"Feature","geometry":{"type":"Point","coordinates":[5.258621,52.363922]},"properties":{"type":"charge","layer":"passenger","locationId":"0119ED9E-DAA8-40DE-8313-2EA475AA31A4","name":"PP005122 - Florrie Rodrigostraat 23, Almere","address":"23 Florrie Rodrigostraat","city":"Almere","operatorName":"TotalEnergies","maxPowerKw":13,"isMegawatt":false,"status":"AVAILABLE","source":"ndw"}},{"type":"Feature","geometry":{"type":"Point","coordinates":[5.286273,52.388412]},"properties":{"type":"charge","layer":"passenger","locationId":"2B564DCA-3B50-490B-920B-D51B205D38CF","name":"TNLP007261 - Salviapad 14, Almere","address":"14 Salviapad","city":"Almere","operatorName":"TotalEnergies","maxPowerKw":15,"isMegawatt":false,"status":"UNAVAILABLE","source":"ndw"}},{"type":"Feature","geometry":{"type":"Point","coordinates":[5.23947,52.338985]},"properties":{"type":"charge","layer":"passenger","locationId":"56ADCAC0-28BB-4CB4-9BFB-A924B491AB9F","name":"TNLP015007 - Klipgriend 82, Almere","address":"82 Klipgriend","city":"Almere","operatorName":"TotalEnergies","maxPowerKw":13,"isMegawatt":false,"status":"UNAVAILABLE","source":"ndw"}},{"type":"Feature","geometry":{"type":"Point","coordinates":[5.252224,52.39842]},"properties":{"type":"charge","layer":"passenger","locationId":"9D1BF21B-D65B-4B51-B993-A4130D6EE498","name":"TNLP005868 - G.T. Rietveldstraat 60, Almere","address":"60 G.T. Rietveldstraat","city":"Almere","operatorName":"TotalEnergies","maxPowerKw":13,"isMegawatt":false,"status":"AVAILABLE","source":"ndw"}},{"type":"Feature","geometry":{"type":"Point","coordinates":[5.162426,52.34639]},"properties":{"type":"charge","layer":"passenger","locationId":"cd4d300d79f99fd7994966f968ab5afc","name":"Ruslandkade 18","address":"Ruslandkade 18","city":"Almere","operatorName":"Vattenfall InCharge","maxPowerKw":11,"isMegawatt":false,"status":"AVAILABLE","source":"ndw","priceKwh":0.2805}},{"type":"Feature","geometry":{"type":"Point","coordinates":[5.232106,52.386784]},"properties":{"type":"charge","layer":"passenger","locationId":"7A53DD68-28A3-4D27-AA57-11783A4A4DAB","name":"PP005265 - Slagbaai 18, Almere","address":"18 Slagbaai","city":"Almere","operatorName":"TotalEnergies","maxPowerKw":13,"isMegawatt":false,"status":"UNAVAILABLE","source":"ndw"}},{"type":"Feature","geometry":{"type":"Point","coordinates":[5.233143,52.370186]},"properties":{"type":"charge","layer":"passenger","locationId":"90B82482-F8CA-4523-BCC1-7FB0B4FE64C4","name":"TNLP009997 - Hollywoodlaan 144, Almere","address":"144 Hollywoodlaan","city":"Almere","operatorName":"TotalEnergies","maxPowerKw":13,"isMegawatt":false,"status":"AVAILABLE","source":"ndw"}},{"type":"Feature","geometry":{"type":"Point","coordinates":[5.189665,52.37248]},"properties":{"type":"charge","layer":"passenger","locationId":"C5B14421-0EB3-4699-B92C-DD769B786C20","name":"TNLP006202 - Hobostraat 1, Almere","address":"1 Hobostraat","city":"Almere","operatorName":"TotalEnergies","maxPowerKw":13,"isMegawatt":false,"status":"AVAILABLE","source":"ndw"}},{"type":"Feature","geometry":{"type":"Point","coordinates":[5.205163,52.384495]},"properties":{"type":"charge","layer":"passenger","locationId":"FD35D194-5F66-495D-BD06-04087710F726","name":"TNLP007164 - Dadelklaverstraat 1, Almere","address":"1 Dadelklaverstraat","city":"Almere","operatorName":"TotalEnergies","maxPowerKw":15,"isMegawatt":false,"status":"AVAILABLE","source":"ndw"}},{"type":"Feature","geometry":{"type":"Point","coordinates":[5.197066,52.383625]},"properties":{"type":"charge","layer":"passenger","locationId":"1EB854C7-D1F3-4F7C-909E-6A8FF50A72E2","name":"TNLP015271 - Gipskruidweg 135, Almere","address":"135 Gipskruidweg","city":"Almere","operatorName":"TotalEnergies","maxPowerKw":17,"isMegawatt":false,"status":"UNAVAILABLE","source":"ndw"}},{"type":"Feature","geometry":{"type":"Point","coordinates":[5.257543,52.39589]},"properties":{"type":"charge","layer":"passenger","locationId":"6F9D0ED4-2565-46C9-A207-FD6F66CEA8EF","name":"TNLP034122 - C. van Eesterenplein 183, Almere","address":"183 C. van Eesterenplein","city":"Almere","operatorName":"TotalEnergies","maxPowerKw":13,"isMegawatt":false,"status":"UNAVAILABLE","source":"ndw"}},{"type":"Feature","geometry":{"type":"Point","coordinates":[5.240463,52.37582]},"properties":{"type":"charge","layer":"passenger","locationId":"92F67A49-CEC2-4B7D-89BC-37F9FBC26DB2","name":"TNLP015276 - Onder de berken 1, Almere","address":"1 Onder de berken","city":"Almere","operatorName":"TotalEnergies","maxPowerKw":17,"isMegawatt":false,"status":"UNAVAILABLE","source":"ndw"}},{"type":"Feature","geometry":{"type":"Point","coordinates":[5.190678,52.36612]},"properties":{"type":"charge","layer":"passenger","locationId":"c0197ed0-394a-470e-84f8-824547b1e70b","name":"TNLP008460 - Messiaenplantsoen 33, Almere","address":"33 Messiaenplantsoen","city":"Almere","operatorName":"TotalEnergies","maxPowerKw":13,"isMegawatt":false,"status":"AVAILABLE","source":"ndw"}},{"type":"Feature","geometry":{"type":"Point","coordinates":[5.152602,52.357544]},"properties":{"type":"charge","layer":"passenger","locationId":"1AE3CD61-1CAE-4D8B-BF31-357B54028B03","name":"TNLP034132 - Najadenstraat 4, Almere","address":"4 Najadenstraat","city":"Almere","operatorName":"TotalEnergies","maxPowerKw":13,"isMegawatt":false,"status":"AVAILABLE","source":"ndw"}},{"type":"Feature","geometry":{"type":"Point","coordinates":[5.305132,52.397686]},"properties":{"type":"charge","layer":"passenger","locationId":"NLLOC001199","name":"NLD, Almere, Samoastraat 51","address":"Samoastraat 51","city":"Almere","operatorName":"Allego","maxPowerKw":11,"isMegawatt":false,"status":"AVAILABLE","source":"ndw","priceKwh":0.511}},{"type":"Feature","geometry":{"type":"Point","coordinates":[5.2518,52.37063]},"properties":{"type":"charge","layer":"passenger","locationId":"351","name":"Shell Recharge NL Frambozenstraat 22","address":"Frambozenstraat 22","city":"Almere","operatorName":"Ubitricity","maxPowerKw":11,"isMegawatt":false,"status":"CHARGING","source":"ndw","priceKwh":0.392}},{"type":"Feature","geometry":{"type":"Point","coordinates":[5.152662,52.357065]},"properties":{"type":"charge","layer":"passenger","locationId":"91096883","name":"50five-S NL 07000968","address":"Homerusplein 1","city":"Almere","operatorName":"50five","maxPowerKw":10,"isMegawatt":false,"status":"AVAILABLE","source":"ndw"}},{"type":"Feature","geometry":{"type":"Point","coordinates":[5.240522,52.33986]},"properties":{"type":"charge","layer":"passenger","locationId":"039DAC04-C640-4AD0-AA90-4280B9129B9B","name":"TNLP009657 - Wilgengriend 173, Almere","address":"173 Wilgengriend","city":"Almere","operatorName":"TotalEnergies","maxPowerKw":13,"isMegawatt":false,"status":"AVAILABLE","source":"ndw"}},{"type":"Feature","geometry":{"type":"Point","coordinates":[5.24911,52.38391]},"properties":{"type":"charge","layer":"passenger","locationId":"36d27395-fd20-4f9f-9230-673bdfc1ed1d","name":"Jeroen Boschplantsoen 36","address":"Jeroen Boschplantsoen 36","city":"Almere","operatorName":"Vattenfall InCharge","maxPowerKw":11,"isMegawatt":false,"status":"AVAILABLE","source":"ndw","priceKwh":0.2805}},{"type":"Feature","geometry":{"type":"Point","coordinates":[5.306554,52.403152]},"properties":{"type":"charge","layer":"passenger","locationId":"2DD05DB6-2043-41FE-A3A6-74C2EAEB1BD6","name":"TNLP007281 - Hebridenstraat 72, Almere","address":"72 Hebridenstraat","city":"Almere","operatorName":"TotalEnergies","maxPowerKw":13,"isMegawatt":false,"status":"AVAILABLE","source":"ndw"}},{"type":"Feature","geometry":{"type":"Point","coordinates":[5.244321,52.378983]},"properties":{"type":"charge","layer":"passenger","locationId":"53F96FE0-5690-47EA-8D9B-88952A0AE8EB","name":"TNLP007654 - Kapitein de Langestraat 267, Almere","address":"267 Kapitein de Langestraat","city":"Almere","operatorName":"TotalEnergies","maxPowerKw":13,"isMegawatt":false,"status":"AVAILABLE","source":"ndw"}},{"type":"Feature","geometry":{"type":"Point","coordinates":[5.25682,52.39225]},"properties":{"type":"charge","layer":"passenger","locationId":"1e4b2822141c2aa54ccc38633b561803","name":"Pieter de Swartstraat 56","address":"Pieter de Swartstraat 56","city":"Almere","operatorName":"Vattenfall InCharge","maxPowerKw":11,"isMegawatt":false,"status":"AVAILABLE","source":"ndw","priceKwh":0.2805}},{"type":"Feature","geometry":{"type":"Point","coordinates":[5.204438,52.382423]},"properties":{"type":"charge","layer":"passenger","locationId":"B6F04F04-43DB-487D-AE42-7323EFCBD934","name":"TNLP009965 - Distelweg 121, Almere","address":"121 Distelweg","city":"Almere","operatorName":"TotalEnergies","maxPowerKw":13,"isMegawatt":false,"status":"UNAVAILABLE","source":"ndw"}},{"type":"Feature","geometry":{"type":"Point","coordinates":[5.185288,52.357307]},"properties":{"type":"charge","layer":"passenger","locationId":"NLLOC001879","name":"NLD, Almere, Albert Helmanhof 1","address":"Albert Helmanhof 1","city":"Almere","operatorName":"Allego","maxPowerKw":11,"isMegawatt":false,"status":"AVAILABLE","source":"ndw","priceKwh":0.511}},{"type":"Feature","geometry":{"type":"Point","coordinates":[5.249868,52.388954]},"properties":{"type":"charge","layer":"passenger","locationId":"D072BFA3-26AA-4D25-AF7B-BF87F990F0E7","name":"TNLP005993 - Marathonlaan 13, Almere","address":"13 Marathonlaan","city":"Almere","operatorName":"TotalEnergies","maxPowerKw":15,"isMegawatt":false,"status":"AVAILABLE","source":"ndw"}},{"type":"Feature","geometry":{"type":"Point","coordinates":[5.14591,52.35725]},"properties":{"type":"charge","layer":"passenger","locationId":"DB181658-9F0E-4841-9B08-96B1E59B208B","name":"PP005522 - Rosmertastraat 13, Almere","address":"13 Rosmertastraat","city":"Almere","operatorName":"TotalEnergies","maxPowerKw":13,"isMegawatt":false,"status":"AVAILABLE","source":"ndw"}},{"type":"Feature","geometry":{"type":"Point","coordinates":[5.278644,52.397835]},"properties":{"type":"charge","layer":"passenger","locationId":"E7D9BFB3-40B4-4C2F-92B6-0A3E91650A6C","name":"TNLP007833 - Boedapeststraat 18, Almere","address":"18 Boedapeststraat","city":"Almere","operatorName":"TotalEnergies","maxPowerKw":13,"isMegawatt":false,"status":"AVAILABLE","source":"ndw"}},{"type":"Feature","geometry":{"type":"Point","coordinates":[5.31956,52.40322]},"properties":{"type":"charge","layer":"passenger","locationId":"14A8D05F-87DC-48C6-AD36-909DF29BC264","name":"PP002554 - Tante Pollewopstraat 11, Almere","address":"11 Tante Pollewopstraat","city":"Almere","operatorName":"TotalEnergies","maxPowerKw":13,"isMegawatt":false,"status":"AVAILABLE","source":"ndw"}},{"type":"Feature","geometry":{"type":"Point","coordinates":[5.261977,52.380753]},"properties":{"type":"charge","layer":"passenger","locationId":"2c98bfec-edad-4902-8789-4acd87d52f16","name":"TNLP006091 - Jozef Israëlslaan 114, Almere","address":"114 Jozef Israëlslaan","city":"Almere","operatorName":"TotalEnergies","maxPowerKw":15,"isMegawatt":false,"status":"AVAILABLE","source":"ndw"}},{"type":"Feature","geometry":{"type":"Point","coordinates":[5.315556,52.409134]},"properties":{"type":"charge","layer":"passenger","locationId":"05042a79aba2426816a36a63baf75d07","name":"Pasar Malamstraat 442","address":"Pasar Malamstraat 442","city":"Almere","operatorName":"Vattenfall InCharge","maxPowerKw":11,"isMegawatt":false,"status":"AVAILABLE","source":"ndw","priceKwh":0.2805}},{"type":"Feature","geometry":{"type":"Point","coordinates":[5.150419,52.35245]},"properties":{"type":"charge","layer":"passenger","locationId":"C7D01836-CC7D-4E5E-9A57-96B573990900","name":"TNLP007020 - Eddastraat 33, Almere","address":"33 Eddastraat","city":"Almere","operatorName":"TotalEnergies","maxPowerKw":13,"isMegawatt":false,"status":"UNAVAILABLE","source":"ndw"}},{"type":"Feature","geometry":{"type":"Point","coordinates":[5.140146,52.342657]},"properties":{"type":"charge","layer":"passenger","locationId":"cbe8406c5c5cf834ff63aa22131287fd","name":"Sterduinstraat 44","address":"Sterduinstraat 44","city":"Almere","operatorName":"Vattenfall InCharge","maxPowerKw":11,"isMegawatt":false,"status":"AVAILABLE","source":"ndw","priceKwh":0.2805}},{"type":"Feature","geometry":{"type":"Point","coordinates":[5.285076,52.391668]},"properties":{"type":"charge","layer":"passenger","locationId":"957f8d4b-cd92-42f0-9c2d-c19dcdbf01ff","name":"Sneeuwklokjestraat","address":"Sneeuwklokjestraat 44","city":"Almere","operatorName":"Vattenfall InCharge","maxPowerKw":11,"isMegawatt":false,"status":"AVAILABLE","source":"ndw","priceKwh":0.4316}},{"type":"Feature","geometry":{"type":"Point","coordinates":[5.247245,52.383233]},"properties":{"type":"charge","layer":"passenger","locationId":"d4857e811a73966b451154f9fc418d17","name":"Gerard Doustraat 17","address":"Gerard Doustraat 17","city":"Almere","operatorName":"Vattenfall InCharge","maxPowerKw":11,"isMegawatt":false,"status":"AVAILABLE","source":"ndw","priceKwh":0.2805}},{"type":"Feature","geometry":{"type":"Point","coordinates":[5.232466,52.391097]},"properties":{"type":"charge","layer":"passenger","locationId":"NLLOC001472","name":"NLD, Almere, Bonietplein 21","address":"Bonietplein 21","city":"Almere","operatorName":"Allego","maxPowerKw":11,"isMegawatt":false,"status":"AVAILABLE","source":"ndw","priceKwh":0.511}},{"type":"Feature","geometry":{"type":"Point","coordinates":[5.212329,52.352297]},"properties":{"type":"charge","layer":"passenger","locationId":"2711961","name":"Laadnet Thermen La Mer","address":"Scoutingpad 3","city":"Almere","operatorName":"Laadnet","maxPowerKw":22,"isMegawatt":false,"status":"AVAILABLE","source":"ndw"}},{"type":"Feature","geometry":{"type":"Point","coordinates":[5.191062,52.357279]},"properties":{"type":"charge","layer":"passenger","locationId":"NLLOC001174","name":"NLD, Almere, Louis Paul Boonstraat 1","address":"Louis Paul Boonstraat 1","city":"Almere","operatorName":"Allego","maxPowerKw":11,"isMegawatt":false,"status":"AVAILABLE","source":"ndw","priceKwh":0.511}},{"type":"Feature","geometry":{"type":"Point","coordinates":[5.2111296,52.3635156]},"properties":{"type":"charge","layer":"passenger","locationId":"2711","name":"Shell Recharge NL Elburgkade 10","address":"Elburgkade 10","city":"Almere","operatorName":"Ubitricity","maxPowerKw":22,"isMegawatt":false,"status":"AVAILABLE","source":"ndw","priceKwh":0.267}},{"type":"Feature","geometry":{"type":"Point","coordinates":[5.20921,52.358807]},"properties":{"type":"charge","layer":"passenger","locationId":"9ff94e6bf96b35faf2f640676feda118","name":"Heerlenstraat 10","address":"Heerlenstraat 10","city":"Almere","operatorName":"Vattenfall InCharge","maxPowerKw":11,"isMegawatt":false,"status":"AVAILABLE","source":"ndw","priceKwh":0.2805}},{"type":"Feature","geometry":{"type":"Point","coordinates":[5.247768,52.377529]},"properties":{"type":"charge","layer":"passenger","locationId":"bb9e5bfed2c31e245d9beae98b211485","name":"Kapitein de Langestraat 52","address":"Kapitein de Langestraat 52","city":"Almere","operatorName":"Vattenfall InCharge","maxPowerKw":11,"isMegawatt":false,"status":"AVAILABLE","source":"ndw","priceKwh":0.2805}},{"type":"Feature","geometry":{"type":"MultiPolygon","coordinates":[[[[5.2679826450933565,52.427365782398155],[5.275811009838769,52.423317364502765],[5.318861498375497,52.4107102081943],[5.334835730124233,52.405734850439806],[5.343709459916647,52.40124268824276],[5.3495134028750595,52.40146846708406],[5.350771649801278,52.40020919046803],[5.348167611225222,52.397028804310516],[5.346370549922101,52.39611406917607],[5.339352465617606,52.395813222053945],[5.33236901824475,52.393246740766905],[5.332933166374373,52.392773167295886],[5.313516101053461,52.385741702616315],[5.3130385825432525,52.38625306635634],[5.301243577024542,52.38198666525567],[5.337489816341353,52.35037416291413],[5.350544953516233,52.339038760842605],[5.379156279727406,52.31410920576567],[5.354006290180586,52.30940781314157],[5.350497036412221,52.30923223247572],[5.344923420843755,52.30993949850423],[5.333504722088508,52.31427415357678],[5.3329297495613925,52.31388811104325],[5.317161965807171,52.30355919937517],[5.3159883575099265,52.3041475597722],[5.3139031058443065,52.3031013224338],[5.313412627212627,52.30337375944809],[5.315454180804392,52.304409201761175],[5.298845353719922,52.31187148537595],[5.285177361633868,52.317090457489655],[5.26333566141817,52.32386704622989],[5.239827596427774,52.32925800538573],[5.2326359123105055,52.33058740493932],[5.223670348565225,52.332162690280846],[5.2234605955661975,52.33208482548597],[5.223481305012838,52.33205261553439],[5.223416052221388,52.331924409430854],[5.223019442807058,52.33199584906583],[5.221159681618401,52.331307675609835],[5.2207777661648525,52.33132454111368],[5.2212078237984985,52.331768117929954],[5.220811331039178,52.33187003904473],[5.220235072636426,52.332541724670705],[5.221270840291581,52.33237080115795],[5.221602225417421,52.3330711374975],[5.220922786714761,52.33380472438139],[5.220126827250114,52.33394905666363],[5.219391708610995,52.33370074690457],[5.219073542370289,52.33307484616887],[5.220193941738023,52.33189098707323],[5.219175077407538,52.331344095486266],[5.218298683898448,52.33223375844509],[5.215803839270467,52.33129562743574],[5.21682897859152,52.33019893406832],[5.217919624285371,52.330585949954646],[5.218716000370305,52.33031799639167],[5.21971094699488,52.33049158047454],[5.2163725213788785,52.32939099764344],[5.212558527984912,52.329982713009485],[5.212839029820168,52.33145456401239],[5.213521997455465,52.332057615697614],[5.212810644640865,52.33291230713612],[5.210295121829235,52.33379620240221],[5.2094495809481085,52.33304390759786],[5.208483989691057,52.33246140123873],[5.206162090795696,52.33339420222437],[5.206012401909809,52.33434707071315],[5.204768814615028,52.33551041150555],[5.195175865785084,52.33649498162488],[5.184232470660553,52.335318126232245],[5.1668628742940195,52.33183818070137],[5.157481871431009,52.32923670570218],[5.152722830687205,52.329097839971155],[5.151266668580724,52.328220482193316],[5.148656878925176,52.328415568009646],[5.145536267178683,52.32631147254383],[5.14476352437622,52.32401665546847],[5.140932369994944,52.32607087392232],[5.139211858672695,52.32521888316154],[5.138822035202146,52.32551871001216],[5.138440462494203,52.325812185137686],[5.138323824729371,52.32590190034009],[5.14005464373234,52.32677564150315],[5.136961166727298,52.32934422382645],[5.137241812816121,52.3294357818573],[5.139325959364416,52.328025144843345],[5.141411650892391,52.32820277843667],[5.143609568336436,52.32963917387298],[5.144874239299006,52.3314057488585],[5.140494991647114,52.33407319567539],[5.13599079451522,52.3375943450709],[5.134170168816852,52.33788986248474],[5.134447284155917,52.33806770273759],[5.134763228019964,52.338243684687605],[5.13515458030465,52.33866132744417],[5.13593224893903,52.338726132137786],[5.136074425905058,52.33894341653193],[5.1355268166027646,52.339223984542585],[5.1346847613930064,52.33861303511668],[5.132650354583524,52.33793351133597],[5.132873160277558,52.337739471985145],[5.1327951595094525,52.33768940670813],[5.132422990699185,52.33773576918919],[5.132119057995372,52.33747347134686],[5.132158852240029,52.3371041488591],[5.130938537206727,52.33769860384301],[5.130991447572898,52.33822966177833],[5.132154901491574,52.33810966470875],[5.13461808844863,52.34106195585763],[5.1345687347559466,52.34138208430823],[5.131749354757843,52.34245945656166],[5.129712362352247,52.33988902892041],[5.1311682652880855,52.34201261606166],[5.130975682826706,52.34346013290133],[5.132352326614993,52.34373953073456],[5.133918428928155,52.34399098974244],[5.133629494179134,52.34420492183906],[5.134197229111459,52.344735475548354],[5.133460308146977,52.34527322413914],[5.133467336980534,52.34599400628409],[5.133942520240458,52.346502721292936],[5.133139818654746,52.34713021517433],[5.134198098438008,52.34795790439302],[5.132815604219342,52.357083407043994],[5.131244333586368,52.365457508228786],[5.122664938962131,52.37480142395702],[5.122745283864149,52.37886316496726],[5.124298410509379,52.380538120655004],[5.128750506742432,52.382914073084585],[5.156755912084766,52.393107768245606],[5.1583838556623105,52.39489317117679],[5.161923303170399,52.3994487676506],[5.161556607961911,52.3997944825881],[5.169642779449312,52.402770653307215],[5.2059799928317245,52.416045768097334],[5.2271260397948645,52.42363467244172],[5.227144653708679,52.423355362242226],[5.208254908389206,52.416368165715895],[5.2169666545047875,52.41643339971817],[5.220507322714002,52.417718301123266],[5.220105038159836,52.41835632947937],[5.2221136889711754,52.41790007941272],[5.22268456580091,52.418369568628655],[5.223966559022598,52.417801455903316],[5.224586134203022,52.41805737176369],[5.22449913125198,52.4191090863556],[5.228454131862753,52.420658655060166],[5.231765814020442,52.42429210697969],[5.233251234779004,52.425616224376405],[5.229865964672643,52.42469293869342],[5.258422728564746,52.43542591247008],[5.2679826450933565,52.427365782398155]]]]},"properties":{"type":"boundary","gemeente":"Almere","code":"GM0034"}}]}