{"type":"FeatureCollection","metadata":{"gemeente":"Amsterdam","slug":"amsterdam","code":"GM0363","generated_at":"2026-08-08T12:05:52.020Z","total_passenger":1928,"total_freight":7,"bounds":[4.728758226044917,52.27797695285002,5.107673843912598,52.431063954001914],"operators":["50five","Allego","Alva Charging Services","Blink Charging","ChargePoint","Company Reseller","DAEN Mobility","E-Flux by Road","Eneco","Fastned","Fleet Charge Services","Greenchoice B.V.","Heijmans","IPCharging","Interparking Netherlands","Kia Nederland B.V.","Laadnet","Laadpaal24","Lanova Laadpalen","Lidl","MIP BV","Merin","NRG Group","NRG Mobility","NXT50Five","Opcharge","Optiload","Pluq","Porsche Sales & Marketplace","PowerGo","Q-Park Netherlands","Renault","Rockfield Real Estate","Shell Recharge","Smart Grid Monitor","Spirii","Tanx","TotalEnergies","Valk Energy","Van Leeuwen","Vattenfall InCharge","bp pulse","e-VOLTT"]},"features":[{"type":"Feature","geometry":{"type":"Point","coordinates":[4.952152,52.368959]},"properties":{"type":"charge","layer":"passenger","locationId":"NLENV304","name":"Amsterdam, Bottelaarijstraat 293-363 E10324 Amvest y","address":"Bottelarijstraat 293","city":"Amsterdam","operatorName":"","maxPowerKw":11,"isMegawatt":false,"status":"AVAILABLE","source":"ndw","priceKwh":0.45}},{"type":"Feature","geometry":{"type":"Point","coordinates":[4.93359,52.36797]},"properties":{"type":"charge","layer":"passenger","locationId":"694aa8d6c292b87415137dcb","name":"The Cohesion Fibonacci","address":"Panamalaan 11","city":"Amsterdam","operatorName":"Rockfield Real Estate","maxPowerKw":22,"isMegawatt":false,"status":"AVAILABLE","source":"ndw","priceKwh":0.39}},{"type":"Feature","geometry":{"type":"Point","coordinates":[4.988368,52.299458]},"properties":{"type":"charge","layer":"passenger","locationId":"1ce7a74c-55ea-4e38-850c-534681f6f5e9","name":"Laadplein - TNLP010203 - Wamelplein 161, Amsterdam","address":"161 Wamelplein","city":"Amsterdam","operatorName":"TotalEnergies","maxPowerKw":17,"isMegawatt":false,"status":"AVAILABLE","source":"ndw"}},{"type":"Feature","geometry":{"type":"Point","coordinates":[4.772189,52.355404]},"properties":{"type":"charge","layer":"passenger","locationId":"65c4cfdcec1a69001ca6dd5f","name":"Hotel Fogo","address":"Fogostraat 10","city":"Amsterdam","operatorName":"E-Flux by Road","maxPowerKw":6,"isMegawatt":false,"status":"AVAILABLE","source":"ndw","priceKwh":0.68}},{"type":"Feature","geometry":{"type":"Point","coordinates":[4.858468,52.378105]},"properties":{"type":"charge","layer":"passenger","locationId":"870916C3-D471-4EF0-AF04-897FFB7C27ED","name":"TNLP010190 - Bestevaerstraat 167, Amsterdam","address":"167 Bestevaerstraat","city":"Amsterdam","operatorName":"TotalEnergies","maxPowerKw":17,"isMegawatt":false,"status":"AVAILABLE","source":"ndw"}},{"type":"Feature","geometry":{"type":"Point","coordinates":[5.025589,52.31983]},"properties":{"type":"charge","layer":"passenger","locationId":"91179765","name":"50five-S NL Weesp, Bloemendalerweg 25","address":"Bloemendalerweg 25","city":"Weesp","operatorName":"50five","maxPowerKw":11,"isMegawatt":false,"status":"AVAILABLE","source":"ndw"}},{"type":"Feature","geometry":{"type":"Point","coordinates":[4.93458,52.40692]},"properties":{"type":"charge","layer":"passenger","locationId":"955","name":"Laadpaal24 955","address":"C. Kruyswijkstraat 55","city":"Amsterdam","operatorName":"Laadpaal24","maxPowerKw":4,"isMegawatt":false,"status":"AVAILABLE","source":"ndw"}},{"type":"Feature","geometry":{"type":"Point","coordinates":[4.784682,52.354324]},"properties":{"type":"charge","layer":"passenger","locationId":"219C7685-06BD-45DE-B65B-9759F4D13954","name":"TNLP011812 - Akerwateringstraat 175, Amsterdam","address":"175 Akerwateringstraat","city":"Amsterdam","operatorName":"TotalEnergies","maxPowerKw":17,"isMegawatt":false,"status":"AVAILABLE","source":"ndw"}},{"type":"Feature","geometry":{"type":"Point","coordinates":[4.902243,52.383803]},"properties":{"type":"charge","layer":"passenger","locationId":"OST24P0014_0074_2","name":"OST24P0014_0074_2","address":"Overhoeksplein 1","city":"Amsterdam","operatorName":"IPCharging","maxPowerKw":30,"isMegawatt":false,"status":"AVAILABLE","source":"ndw","priceKwh":0.45}},{"type":"Feature","geometry":{"type":"Point","coordinates":[4.872116,52.333527]},"properties":{"type":"charge","layer":"passenger","locationId":"CCE22338-B0B0-472D-89C3-022B41ACAE8E","name":"TNLP011278 - Ennemaborg 97, Amsterdam","address":"97 Ennemaborg","city":"Amsterdam","operatorName":"TotalEnergies","maxPowerKw":17,"isMegawatt":false,"status":"AVAILABLE","source":"ndw"}},{"type":"Feature","geometry":{"type":"Point","coordinates":[5.04075,52.31615]},"properties":{"type":"charge","layer":"passenger","locationId":"2E7691B2-6CC1-4A45-8379-B21C1AE66751","name":"TNLP011528 - Jakop Slegthof 2, Weesp","address":"2 Jakop Slegthof","city":"Weesp","operatorName":"TotalEnergies","maxPowerKw":17,"isMegawatt":false,"status":"AVAILABLE","source":"ndw"}},{"type":"Feature","geometry":{"type":"Point","coordinates":[4.984025,52.295902]},"properties":{"type":"charge","layer":"passenger","locationId":"9F50D6EB-FECE-4C2C-ABA2-B3A7093314F9","name":"TNLP010319 - Westbroekstraat 24, Amsterdam","address":"24 Westbroekstraat","city":"Amsterdam","operatorName":"TotalEnergies","maxPowerKw":17,"isMegawatt":false,"status":"AVAILABLE","source":"ndw"}},{"type":"Feature","geometry":{"type":"Point","coordinates":[4.94,52.3532]},"properties":{"type":"charge","layer":"passenger","locationId":"03558155-DBFF-4474-9E88-B8056DFA81C6","name":"TNLP011760 - Radioweg 9, Amsterdam","address":"9 Radioweg","city":"Amsterdam","operatorName":"TotalEnergies","maxPowerKw":17,"isMegawatt":false,"status":"AVAILABLE","source":"ndw"}},{"type":"Feature","geometry":{"type":"Point","coordinates":[4.89419,52.37675]},"properties":{"type":"charge","layer":"passenger","locationId":"09CDC8AA-15A5-4CA4-B1E6-53387C709AE2","name":"Q-Park Amsterdam Nieuwendijk","address":"Nieuwezijds Kolk 18","city":"Amsterdam","operatorName":"Q-Park Netherlands","maxPowerKw":11,"isMegawatt":false,"status":"AVAILABLE","source":"ndw"}},{"type":"Feature","geometry":{"type":"Point","coordinates":[4.901298,52.34639]},"properties":{"type":"charge","layer":"passenger","locationId":"cc82e348-2376-45df-b9b4-2d5bc4db7b75","name":"TNLP010022 - Churchill-laan 23, Amsterdam","address":"23 Churchill-laan","city":"Amsterdam","operatorName":"TotalEnergies","maxPowerKw":17,"isMegawatt":false,"status":"CHARGING","source":"ndw"}},{"type":"Feature","geometry":{"type":"Point","coordinates":[4.797131,52.383675]},"properties":{"type":"charge","layer":"passenger","locationId":"BEC53138-40C3-4017-8691-E59BE16128C8","name":"TNLP010742 - Antoon Keldermansstraat 35, Amsterdam","address":"35 Antoon Keldermansstraat","city":"Amsterdam","operatorName":"TotalEnergies","maxPowerKw":17,"isMegawatt":false,"status":"AVAILABLE","source":"ndw"}},{"type":"Feature","geometry":{"type":"Point","coordinates":[4.958024,52.392612]},"properties":{"type":"charge","layer":"passenger","locationId":"769F60F0-FA1E-43AE-A6DD-B07CF0629107","name":"TNLP010730 - Krabbendamstraat 57, Amsterdam","address":"57 Krabbendamstraat","city":"Amsterdam","operatorName":"TotalEnergies","maxPowerKw":17,"isMegawatt":false,"status":"AVAILABLE","source":"ndw"}},{"type":"Feature","geometry":{"type":"Point","coordinates":[4.985123,52.29358]},"properties":{"type":"charge","layer":"passenger","locationId":"d5e6772a-b581-4f76-aacd-f69e38c48986","name":"Laadplein - TNLP010216 - Streefkerkstraat 1, Amsterdam","address":"1 Streefkerkstraat","city":"Amsterdam","operatorName":"TotalEnergies","maxPowerKw":17,"isMegawatt":false,"status":"AVAILABLE","source":"ndw"}},{"type":"Feature","geometry":{"type":"Point","coordinates":[5.037289,52.30927]},"properties":{"type":"charge","layer":"passenger","locationId":"F367EE93-980A-4BE5-A2C8-AA847D90576C","name":"TNLP011209 - Achterherengracht 44, Weesp","address":"44 Achterherengracht","city":"Weesp","operatorName":"TotalEnergies","maxPowerKw":17,"isMegawatt":false,"status":"AVAILABLE","source":"ndw"}},{"type":"Feature","geometry":{"type":"Point","coordinates":[4.793267,52.380276]},"properties":{"type":"charge","layer":"passenger","locationId":"151C3346-C001-40A0-8FDA-84798840581C","name":"TNLP011403 - C.P.M. Rommeplantsoen 73 73, Amsterdam","address":"73 73 C.P.M. Rommeplantsoen","city":"Amsterdam","operatorName":"TotalEnergies","maxPowerKw":17,"isMegawatt":false,"status":"AVAILABLE","source":"ndw"}},{"type":"Feature","geometry":{"type":"Point","coordinates":[4.90585,52.36054]},"properties":{"type":"charge","layer":"passenger","locationId":"BBAB98E5-BB8F-4D33-919F-1FE78256C15E","name":"Eneco eMobility Sarphatistraat 18 Amsterdam","address":"Sarphatistraat 18","city":"Amsterdam","operatorName":"Eneco","maxPowerKw":22,"isMegawatt":false,"status":"AVAILABLE","source":"ndw","priceKwh":0.32}},{"type":"Feature","geometry":{"type":"Point","coordinates":[4.891004,52.35621]},"properties":{"type":"charge","layer":"passenger","locationId":"9E6765A2-2658-4E54-A2B4-74361BEE5766","name":"TNLP010369 - Daniel Stalperstraat 77, Amsterdam","address":"77 Daniel Stalperstraat","city":"Amsterdam","operatorName":"TotalEnergies","maxPowerKw":17,"isMegawatt":false,"status":"AVAILABLE","source":"ndw"}},{"type":"Feature","geometry":{"type":"Point","coordinates":[4.746706,52.398638]},"properties":{"type":"charge","layer":"passenger","locationId":"91170502","name":"50five-S NL 08002322","address":"Bauduinlaan 35","city":"Amsterdam","operatorName":"50five","maxPowerKw":22,"isMegawatt":false,"status":"CHARGING","source":"ndw"}},{"type":"Feature","geometry":{"type":"Point","coordinates":[4.858454,52.38121]},"properties":{"type":"charge","layer":"passenger","locationId":"FC661F38-0320-4EB1-AB8E-D8075D2FEE2D","name":"TNLP011393 - Louise de Colignystraat 9, Amsterdam","address":"9 Louise de Colignystraat","city":"Amsterdam","operatorName":"TotalEnergies","maxPowerKw":17,"isMegawatt":false,"status":"AVAILABLE","source":"ndw"}},{"type":"Feature","geometry":{"type":"Point","coordinates":[5.039639,52.297287]},"properties":{"type":"charge","layer":"passenger","locationId":"316DEA9E-88B2-4233-B470-86C0E7A0948A","name":"TNLP011474 - Mouterspad 246, Weesp","address":"246 Mouterspad","city":"Weesp","operatorName":"TotalEnergies","maxPowerKw":17,"isMegawatt":false,"status":"AVAILABLE","source":"ndw"}},{"type":"Feature","geometry":{"type":"Point","coordinates":[4.797423,52.354122]},"properties":{"type":"charge","layer":"passenger","locationId":"13297120-4A42-4F24-8CFC-4C805F887A60","name":"TNLP010878 - Roosje Vosstraat 55, Amsterdam","address":"55 Roosje Vosstraat","city":"Amsterdam","operatorName":"TotalEnergies","maxPowerKw":17,"isMegawatt":false,"status":"AVAILABLE","source":"ndw"}},{"type":"Feature","geometry":{"type":"Point","coordinates":[4.9141102,52.3354302]},"properties":{"type":"charge","layer":"passenger","locationId":"42262","name":"Mercure Hotel Amsterdam City (PowerGo)","address":"Joan Muyskensweg 10","city":"Amsterdam","operatorName":"PowerGo","maxPowerKw":22,"isMegawatt":false,"status":"AVAILABLE","source":"ndw","priceKwh":0.53}},{"type":"Feature","geometry":{"type":"Point","coordinates":[4.838475,52.355156]},"properties":{"type":"charge","layer":"passenger","locationId":"NLENV224a","name":"Amsterdam, Kon. Wilhelminapln 10 - OKU House Achmea","address":"Koningin Wilhelminaplein 10","city":"Amsterdam","operatorName":"","maxPowerKw":11,"isMegawatt":false,"status":"AVAILABLE","source":"ndw","priceKwh":0.5}},{"type":"Feature","geometry":{"type":"Point","coordinates":[4.971986,52.301266]},"properties":{"type":"charge","layer":"passenger","locationId":"B4B0B84C-67DD-492E-B49E-7C27C4D73EC8","name":"TNLP011370 - Mijehof 339, Amsterdam","address":"339 Mijehof","city":"Amsterdam","operatorName":"TotalEnergies","maxPowerKw":17,"isMegawatt":false,"status":"AVAILABLE","source":"ndw"}},{"type":"Feature","geometry":{"type":"Point","coordinates":[4.854279,52.362328]},"properties":{"type":"charge","layer":"passenger","locationId":"b5cb88ee-ccd8-4c8c-99d6-dfa339f533da","name":"TNLP010283 - Paramaribostraat 137, Amsterdam","address":"137 Paramaribostraat","city":"Amsterdam","operatorName":"TotalEnergies","maxPowerKw":17,"isMegawatt":false,"status":"AVAILABLE","source":"ndw"}},{"type":"Feature","geometry":{"type":"Point","coordinates":[4.847241,52.352894]},"properties":{"type":"charge","layer":"passenger","locationId":"644B8B69-95ED-4F65-84FD-14CC13314E1A","name":"TNLP010243 - Bennebroekstraat 32, Amsterdam","address":"32 Bennebroekstraat","city":"Amsterdam","operatorName":"TotalEnergies","maxPowerKw":17,"isMegawatt":false,"status":"AVAILABLE","source":"ndw"}},{"type":"Feature","geometry":{"type":"Point","coordinates":[4.966991,52.32654]},"properties":{"type":"charge","layer":"passenger","locationId":"38003B20-8BEC-4C9D-A05A-CE7BCBDDA086","name":"TNLP010113 - Eensgevonden 40, Amsterdam","address":"40 Eensgevonden","city":"Amsterdam","operatorName":"TotalEnergies","maxPowerKw":17,"isMegawatt":false,"status":"AVAILABLE","source":"ndw"}},{"type":"Feature","geometry":{"type":"Point","coordinates":[4.923668,52.379684]},"properties":{"type":"charge","layer":"passenger","locationId":"49730507-2A36-4B6D-BA4E-D8DD3E57D7A2","name":"TNLP010390 - Sumatrakade 1437, Amsterdam","address":"1437 Sumatrakade","city":"Amsterdam","operatorName":"TotalEnergies","maxPowerKw":17,"isMegawatt":false,"status":"AVAILABLE","source":"ndw"}},{"type":"Feature","geometry":{"type":"Point","coordinates":[4.799569,52.377872]},"properties":{"type":"charge","layer":"passenger","locationId":"36D245DC-5AD8-4D60-B1B1-4FF45D8FB839","name":"TNLP010264 - Leenhofstraat 11, Amsterdam","address":"11 Leenhofstraat","city":"Amsterdam","operatorName":"TotalEnergies","maxPowerKw":17,"isMegawatt":false,"status":"AVAILABLE","source":"ndw"}},{"type":"Feature","geometry":{"type":"Point","coordinates":[4.850432,52.347643]},"properties":{"type":"charge","layer":"passenger","locationId":"6694d3838312b4001c133637","name":"Schinkel Propco BV","address":"Rijnsburgstraat  9-11","city":"Amsterdam","operatorName":"E-Flux by Road","maxPowerKw":22,"isMegawatt":false,"status":"AVAILABLE","source":"ndw","priceKwh":0.42}},{"type":"Feature","geometry":{"type":"Point","coordinates":[4.943061,52.30736]},"properties":{"type":"charge","layer":"passenger","locationId":"NLLOC020386","name":"NLD, Amsterdam, Herikerbergweg 288,","address":"Herikerbergweg 288","city":"Amsterdam","operatorName":"Allego","maxPowerKw":22,"isMegawatt":false,"status":"AVAILABLE","source":"ndw","priceKwh":0.495}},{"type":"Feature","geometry":{"type":"Point","coordinates":[4.884249,52.368217]},"properties":{"type":"charge","layer":"passenger","locationId":"2AFA8615-95C2-42A2-A242-858D3FC6DD61","name":"TNLP011270 - Keizersgracht 430, Amsterdam","address":"430 Keizersgracht","city":"Amsterdam","operatorName":"TotalEnergies","maxPowerKw":17,"isMegawatt":false,"status":"AVAILABLE","source":"ndw"}},{"type":"Feature","geometry":{"type":"Point","coordinates":[4.91641,52.411434]},"properties":{"type":"charge","layer":"passenger","locationId":"B6F64192-F3D5-40AA-B19F-8BE33F6B87B9","name":"TNLP011025 - Voordek 25, Amsterdam","address":"25 Voordek","city":"Amsterdam","operatorName":"TotalEnergies","maxPowerKw":17,"isMegawatt":false,"status":"AVAILABLE","source":"ndw"}},{"type":"Feature","geometry":{"type":"Point","coordinates":[4.95423,52.37004]},"properties":{"type":"charge","layer":"passenger","locationId":"9338d9debdde4679b5de","name":"Carhartt - Amsterdam","address":"Cruquiusweg 109-D","city":"Amsterdam","operatorName":"Opcharge","maxPowerKw":22,"isMegawatt":false,"status":"AVAILABLE","source":"ndw","priceKwh":0.49}},{"type":"Feature","geometry":{"type":"Point","coordinates":[4.908583,52.369768]},"properties":{"type":"charge","layer":"passenger","locationId":"NLLOC021198","name":"NLD, Amsterdam, Anne Frankstraat 220","address":"Anne Frankstraat 220","city":"Amsterdam","operatorName":"Allego","maxPowerKw":22,"isMegawatt":false,"status":"AVAILABLE","source":"ndw","priceKwh":0.495}},{"type":"Feature","geometry":{"type":"Point","coordinates":[4.873343,52.35272]},"properties":{"type":"charge","layer":"passenger","locationId":"9039E3FC-CD86-4B39-AAEC-94879F6B1909","name":"TNLP010604 - Hacquartstraat 32, Amsterdam","address":"32 Hacquartstraat","city":"Amsterdam","operatorName":"TotalEnergies","maxPowerKw":17,"isMegawatt":false,"status":"AVAILABLE","source":"ndw"}},{"type":"Feature","geometry":{"type":"Point","coordinates":[4.942208,52.409471]},"properties":{"type":"charge","layer":"passenger","locationId":"d529cc345b5b4da48f24bc71e2b7d033","name":"Amsterdam - Golf Service Waterland BV","address":"Buikslotermeerdijk 141,","city":"Amsterdam","operatorName":"Opcharge","maxPowerKw":22,"isMegawatt":false,"status":"CHARGING","source":"ndw","priceKwh":0.49}},{"type":"Feature","geometry":{"type":"Point","coordinates":[4.978851,52.3201]},"properties":{"type":"charge","layer":"passenger","locationId":"F2C41CD9-37CA-422F-B68D-A77D4A7C38D4","name":"TNLP011031 - Kleiburg 1, Amsterdam","address":"1 Kleiburg","city":"Amsterdam","operatorName":"TotalEnergies","maxPowerKw":17,"isMegawatt":false,"status":"CHARGING","source":"ndw"}},{"type":"Feature","geometry":{"type":"Point","coordinates":[4.960641,52.39198]},"properties":{"type":"charge","layer":"passenger","locationId":"70EB5F77-8355-47D6-9616-7DD3A7D15F18","name":"TNLP010277 - Corversbosstraat 20, Amsterdam","address":"20 Corversbosstraat","city":"Amsterdam","operatorName":"TotalEnergies","maxPowerKw":17,"isMegawatt":false,"status":"AVAILABLE","source":"ndw"}},{"type":"Feature","geometry":{"type":"Point","coordinates":[4.8883543,52.3343163]},"properties":{"type":"charge","layer":"passenger","locationId":"42322","name":"Novotel Amsterdam City (PowerGo)","address":"Europaboulevard 10","city":"Amsterdam","operatorName":"PowerGo","maxPowerKw":150,"isMegawatt":false,"status":"AVAILABLE","source":"ndw","priceKwh":0.53}},{"type":"Feature","geometry":{"type":"Point","coordinates":[5.02711,52.2984]},"properties":{"type":"charge","layer":"passenger","locationId":"2F301555-5EB5-4756-8E74-8F983A49F7DE","name":"TNLP011678 - Basisweg 1, Weesp","address":"1 Basisweg","city":"Weesp","operatorName":"TotalEnergies","maxPowerKw":17,"isMegawatt":false,"status":"CHARGING","source":"ndw"}},{"type":"Feature","geometry":{"type":"Point","coordinates":[4.819385,52.379826]},"properties":{"type":"charge","layer":"passenger","locationId":"f13826ad-3bd2-4902-b776-b6cb973f91cd","name":"Laadplein - TNLP011384 - Cornelis van Vollenhovenstraat 2, Amsterdam","address":"2 Cornelis van Vollenhovenstraat","city":"Amsterdam","operatorName":"TotalEnergies","maxPowerKw":17,"isMegawatt":false,"status":"CHARGING","source":"ndw"}},{"type":"Feature","geometry":{"type":"Point","coordinates":[4.872586,52.356453]},"properties":{"type":"charge","layer":"passenger","locationId":"E1E1E44E-9675-40FE-968E-CE919E6B77E0","name":"TNLP010367 - Willemsparkweg 125, Amsterdam","address":"125 Willemsparkweg","city":"Amsterdam","operatorName":"TotalEnergies","maxPowerKw":17,"isMegawatt":false,"status":"AVAILABLE","source":"ndw"}},{"type":"Feature","geometry":{"type":"Point","coordinates":[4.819632,52.343884]},"properties":{"type":"charge","layer":"passenger","locationId":"0A12665C-F765-4AF3-9140-1E3B1544B78D","name":"TNLP011787 - Bastenakenstraat 120, Amsterdam","address":"120 Bastenakenstraat","city":"Amsterdam","operatorName":"TotalEnergies","maxPowerKw":17,"isMegawatt":false,"status":"AVAILABLE","source":"ndw"}},{"type":"Feature","geometry":{"type":"Point","coordinates":[4.940049,52.359943]},"properties":{"type":"charge","layer":"passenger","locationId":"A5A315AE-F72D-4F49-90F7-0727160CCF57","name":"TNLP011055 - Tidorestraat 10, Amsterdam","address":"10 Tidorestraat","city":"Amsterdam","operatorName":"TotalEnergies","maxPowerKw":17,"isMegawatt":false,"status":"CHARGING","source":"ndw"}},{"type":"Feature","geometry":{"type":"Point","coordinates":[4.860268,52.343685]},"properties":{"type":"charge","layer":"passenger","locationId":"505B12F8-251A-404D-AE17-B66DD5A9532C","name":"TNLP010198 - Jasonstraat 28, Amsterdam","address":"28 Jasonstraat","city":"Amsterdam","operatorName":"TotalEnergies","maxPowerKw":17,"isMegawatt":false,"status":"AVAILABLE","source":"ndw"}},{"type":"Feature","geometry":{"type":"Point","coordinates":[4.905334,52.37202]},"properties":{"type":"charge","layer":"passenger","locationId":"D14D9890-B41A-4507-9B91-9A63FAE33892","name":"TNLP010014 - Oudeschans 8, Amsterdam","address":"8 Oudeschans","city":"Amsterdam","operatorName":"TotalEnergies","maxPowerKw":17,"isMegawatt":false,"status":"CHARGING","source":"ndw"}},{"type":"Feature","geometry":{"type":"Point","coordinates":[5.047614,52.30032]},"properties":{"type":"charge","layer":"passenger","locationId":"172B78BE-7A70-4583-AC42-9CA4AD4511CE","name":"TNLP011888 - Reigersweide 199, Weesp","address":"199 Reigersweide","city":"Weesp","operatorName":"TotalEnergies","maxPowerKw":17,"isMegawatt":false,"status":"AVAILABLE","source":"ndw"}},{"type":"Feature","geometry":{"type":"Point","coordinates":[5.043511,52.301777]},"properties":{"type":"charge","layer":"passenger","locationId":"98378BE7-EC83-46FE-A66E-72A53A47BCB5","name":"TNLP011338 - De Kleine Weer 17, Weesp","address":"17 De Kleine Weer","city":"Weesp","operatorName":"TotalEnergies","maxPowerKw":17,"isMegawatt":false,"status":"AVAILABLE","source":"ndw"}},{"type":"Feature","geometry":{"type":"Point","coordinates":[4.861154,52.380398]},"properties":{"type":"charge","layer":"passenger","locationId":"9081A18F-785D-472E-B121-FF051FA79D3B","name":"TNLP010371 - Willem de Zwijgerlaan 309, Amsterdam","address":"309 Willem de Zwijgerlaan","city":"Amsterdam","operatorName":"TotalEnergies","maxPowerKw":17,"isMegawatt":false,"status":"AVAILABLE","source":"ndw"}},{"type":"Feature","geometry":{"type":"Point","coordinates":[4.930442,52.370354]},"properties":{"type":"charge","layer":"passenger","locationId":"7E8B505D-3731-4FA9-B9A2-CD50B7BFA475","name":"TNLP010605 - Tweede Leeghwaterstraat 30, Amsterdam","address":"30 Tweede Leeghwaterstraat","city":"Amsterdam","operatorName":"TotalEnergies","maxPowerKw":17,"isMegawatt":false,"status":"AVAILABLE","source":"ndw"}},{"type":"Feature","geometry":{"type":"Point","coordinates":[4.852066,52.359966]},"properties":{"type":"charge","layer":"passenger","locationId":"4F8661E0-53DB-4485-8613-77F7DC26FDCF","name":"TNLP010638 - Curacaostraat 33, Amsterdam","address":"33 Curacaostraat","city":"Amsterdam","operatorName":"TotalEnergies","maxPowerKw":17,"isMegawatt":false,"status":"AVAILABLE","source":"ndw"}},{"type":"Feature","geometry":{"type":"Point","coordinates":[4.911101,52.347458]},"properties":{"type":"charge","layer":"passenger","locationId":"D1F804FA-E2AB-43AF-9B43-295F692AE2C3","name":"TNLP011782 - Amsteldijk 133 IV, Amsterdam","address":"133 IV Amsteldijk","city":"Amsterdam","operatorName":"TotalEnergies","maxPowerKw":17,"isMegawatt":false,"status":"CHARGING","source":"ndw"}},{"type":"Feature","geometry":{"type":"Point","coordinates":[4.863158,52.334217]},"properties":{"type":"charge","layer":"passenger","locationId":"91179592","name":"50five-S NL Amsterdam, Van Der Boechorststraat 5","address":"Van der Boechorststraat 5","city":"Amsterdam","operatorName":"50five","maxPowerKw":22,"isMegawatt":false,"status":"AVAILABLE","source":"ndw"}},{"type":"Feature","geometry":{"type":"Point","coordinates":[4.928573,52.369064]},"properties":{"type":"charge","layer":"passenger","locationId":"2e69b710-e3c3-4d36-ae1f-aac78e63322e","name":"TNLP010481 - Blankenstraat 67, Amsterdam","address":"67 Blankenstraat","city":"Amsterdam","operatorName":"TotalEnergies","maxPowerKw":17,"isMegawatt":false,"status":"AVAILABLE","source":"ndw"}},{"type":"Feature","geometry":{"type":"Point","coordinates":[4.875365,52.37996]},"properties":{"type":"charge","layer":"passenger","locationId":"3B7909C7-0419-4E25-B306-07400966FEEA","name":"TNLP010545 - Gerard Schaepstraat 12, Amsterdam","address":"12 Gerard Schaepstraat","city":"Amsterdam","operatorName":"TotalEnergies","maxPowerKw":17,"isMegawatt":false,"status":"AVAILABLE","source":"ndw"}},{"type":"Feature","geometry":{"type":"Point","coordinates":[4.970885,52.289715]},"properties":{"type":"charge","layer":"passenger","locationId":"9619AA3A-8472-4E6A-8E59-7F8F3C810BF3","name":"TNLP011266 - Sinderenstraat 65, Amsterdam","address":"65 Sinderenstraat","city":"Amsterdam","operatorName":"TotalEnergies","maxPowerKw":17,"isMegawatt":false,"status":"AVAILABLE","source":"ndw"}},{"type":"Feature","geometry":{"type":"Point","coordinates":[4.867157,52.415744]},"properties":{"type":"charge","layer":"passenger","locationId":"2e253a9e66784321a0692c5c69197bb3","name":"Coentunnel DC-lader","address":"Meteorenweg","city":"Amsterdam","operatorName":"","maxPowerKw":50,"isMegawatt":false,"status":"AVAILABLE","source":"ndw","priceKwh":0.78}},{"type":"Feature","geometry":{"type":"Point","coordinates":[4.853276,52.335909]},"properties":{"type":"charge","layer":"passenger","locationId":"4753924","name":"Laadnet AlpInvest Partners B.V.","address":"Jachthavenweg 118","city":"Amsterdam","operatorName":"Laadnet","maxPowerKw":22,"isMegawatt":false,"status":"AVAILABLE","source":"ndw"}},{"type":"Feature","geometry":{"type":"Point","coordinates":[4.938894,52.31447]},"properties":{"type":"charge","layer":"passenger","locationId":"NLLOC027305","name":"NLD, Amsterdam, Passage 88","address":"Passage 88","city":"Amsterdam","operatorName":"Allego","maxPowerKw":22,"isMegawatt":false,"status":"AVAILABLE","source":"ndw","priceKwh":0.495}},{"type":"Feature","geometry":{"type":"Point","coordinates":[4.94473,52.2941]},"properties":{"type":"charge","layer":"passenger","locationId":"NL9110000448_CPN02","name":"Porsche Sales & Marketplace PC Amsterdam Charge Point 2","address":"Sijsjesbergweg 50","city":"Amsterdam","operatorName":"Porsche Sales & Marketplace","maxPowerKw":320,"isMegawatt":false,"status":"AVAILABLE","source":"ndw","priceKwh":0.82}},{"type":"Feature","geometry":{"type":"Point","coordinates":[4.832671,52.351173]},"properties":{"type":"charge","layer":"passenger","locationId":"63935E61-1199-4DBE-80F6-1E5C841812C2","name":"Eneco eMobility ASR Dutch Core Residential Fund - Plesman Plaza","address":"Plesmanlaan 1","city":"Amsterdam","operatorName":"Eneco","maxPowerKw":11,"isMegawatt":false,"status":"AVAILABLE","source":"ndw","priceKwh":0.32}},{"type":"Feature","geometry":{"type":"Point","coordinates":[4.854584,52.33709]},"properties":{"type":"charge","layer":"passenger","locationId":"OST20P0054_0004_2","name":"OST20P0054_0004_2","address":"Amstelveenseweg 500","city":"Amsterdam","operatorName":"e-VOLTT","maxPowerKw":38,"isMegawatt":false,"status":"AVAILABLE","source":"ndw","priceKwh":0.26}},{"type":"Feature","geometry":{"type":"Point","coordinates":[4.832126,52.35265]},"properties":{"type":"charge","layer":"passenger","locationId":"413A0C5B-2A9E-4776-8C6B-0CE72C27DD3E","name":"TNLP010824 - Louis Bouwmeesterstraat 214, Amsterdam","address":"214 Louis Bouwmeesterstraat","city":"Amsterdam","operatorName":"TotalEnergies","maxPowerKw":17,"isMegawatt":false,"status":"AVAILABLE","source":"ndw"}},{"type":"Feature","geometry":{"type":"Point","coordinates":[4.928577,52.3961]},"properties":{"type":"charge","layer":"passenger","locationId":"91229785","name":"50five-S NL 19B03275","address":"Rode Kruisstraat 28","city":"Amsterdam","operatorName":"50five","maxPowerKw":11,"isMegawatt":false,"status":"AVAILABLE","source":"ndw"}},{"type":"Feature","geometry":{"type":"Point","coordinates":[4.885936,52.353867]},"properties":{"type":"charge","layer":"passenger","locationId":"E65B5E13-C5BF-4584-A761-B00D18A4418B","name":"TNLP010388 - Cornelis Anthoniszstraat 70, Amsterdam","address":"70 Cornelis Anthoniszstraat","city":"Amsterdam","operatorName":"TotalEnergies","maxPowerKw":17,"isMegawatt":false,"status":"CHARGING","source":"ndw"}},{"type":"Feature","geometry":{"type":"Point","coordinates":[4.802184,52.350887]},"properties":{"type":"charge","layer":"passenger","locationId":"38971047-ABF0-47AD-8935-4E60AFBB4445","name":"TNLP010289 - H. Gerhardstraat 58, Amsterdam","address":"58 H. Gerhardstraat","city":"Amsterdam","operatorName":"TotalEnergies","maxPowerKw":17,"isMegawatt":false,"status":"AVAILABLE","source":"ndw"}},{"type":"Feature","geometry":{"type":"Point","coordinates":[4.875832,52.337714]},"properties":{"type":"charge","layer":"passenger","locationId":"51e28814-367f-4e30-8087-a760bcfe2196","name":"Gustav Mahlerlaan 10","address":"Gustav Mahlerlaan 10","city":"Amsterdam","operatorName":"Vattenfall InCharge","maxPowerKw":22,"isMegawatt":false,"status":"AVAILABLE","source":"ndw","priceKwh":0.41}},{"type":"Feature","geometry":{"type":"Point","coordinates":[4.834361,52.37355]},"properties":{"type":"charge","layer":"passenger","locationId":"8B2DDD2D-3AA9-4403-A355-F2B2C6ED5B02","name":"TNLP010774 - Burgemeester Röellstraat 18, Amsterdam","address":"18 Burgemeester Röellstraat","city":"Amsterdam","operatorName":"TotalEnergies","maxPowerKw":17,"isMegawatt":false,"status":"UNAVAILABLE","source":"ndw"}},{"type":"Feature","geometry":{"type":"Point","coordinates":[4.880226,52.362231]},"properties":{"type":"charge","layer":"passenger","locationId":"D391C55A-4ED4-41FA-B4AD-CA9F1801C0F7","name":"Q-Park Amsterdam Byzantium","address":"Tesselschadestraat 1G","city":"Amsterdam","operatorName":"Q-Park Netherlands","maxPowerKw":11,"isMegawatt":false,"status":"AVAILABLE","source":"ndw"}},{"type":"Feature","geometry":{"type":"Point","coordinates":[4.898404,52.393708]},"properties":{"type":"charge","layer":"passenger","locationId":"91108099","name":"50five-S NL 18B06318","address":"Leeuweriklaan 6","city":"Zeist","operatorName":"50five","maxPowerKw":14,"isMegawatt":false,"status":"AVAILABLE","source":"ndw"}},{"type":"Feature","geometry":{"type":"Point","coordinates":[4.800518,52.382008]},"properties":{"type":"charge","layer":"passenger","locationId":"A02ACCA8-447A-4CDE-9A75-D29425005CB7","name":"TNLP011846 - Steven Vennecoolstraat 36, Amsterdam","address":"36 Steven Vennecoolstraat","city":"Amsterdam","operatorName":"TotalEnergies","maxPowerKw":17,"isMegawatt":false,"status":"AVAILABLE","source":"ndw"}},{"type":"Feature","geometry":{"type":"Point","coordinates":[4.867157,52.415744]},"properties":{"type":"charge","layer":"passenger","locationId":"34df95f297134aad94b90fdf87fa81d1","name":"CoenTunnel ","address":"Meteorenweg","city":"Amsterdam","operatorName":"NRG Mobility","maxPowerKw":11,"isMegawatt":false,"status":"AVAILABLE","source":"ndw","priceKwh":0.65}},{"type":"Feature","geometry":{"type":"Point","coordinates":[4.933604,52.365364]},"properties":{"type":"charge","layer":"passenger","locationId":"AE7A4981-D6CD-419B-9D50-4EE70126927B","name":"TNLP010056 - Delistraat 46, Amsterdam","address":"46 Delistraat","city":"Amsterdam","operatorName":"TotalEnergies","maxPowerKw":17,"isMegawatt":false,"status":"CHARGING","source":"ndw"}},{"type":"Feature","geometry":{"type":"Point","coordinates":[4.863617,52.341029]},"properties":{"type":"charge","layer":"passenger","locationId":"76c550b0bf704b6da43666712ac2a89c","name":"MCA Amsterdam","address":"Fred Roeskestraat 73","city":"Amsterdam","operatorName":"","maxPowerKw":11,"isMegawatt":false,"status":"AVAILABLE","source":"ndw","priceKwh":0.55}},{"type":"Feature","geometry":{"type":"Point","coordinates":[4.875655,52.32577]},"properties":{"type":"charge","layer":"passenger","locationId":"E78B151B-0238-4631-950E-C2A21D6DB675","name":"TNLP011117 - Kastelenstraat 163, Amsterdam","address":"163 Kastelenstraat","city":"Amsterdam","operatorName":"TotalEnergies","maxPowerKw":17,"isMegawatt":false,"status":"AVAILABLE","source":"ndw"}},{"type":"Feature","geometry":{"type":"Point","coordinates":[4.869692,52.377686]},"properties":{"type":"charge","layer":"passenger","locationId":"EAE65FB7-B45A-4F18-A3FE-BD3EA3DA42AB","name":"TNLP010790 - Visseringstraat 19, Amsterdam","address":"19 Visseringstraat","city":"Amsterdam","operatorName":"TotalEnergies","maxPowerKw":17,"isMegawatt":false,"status":"AVAILABLE","source":"ndw"}},{"type":"Feature","geometry":{"type":"Point","coordinates":[4.931715,52.375096]},"properties":{"type":"charge","layer":"passenger","locationId":"75476081","name":"Van Leeuwen 75476081","address":"Oostelijke Handelskade 955","city":"Amsterdam","operatorName":"Van Leeuwen","maxPowerKw":22,"isMegawatt":false,"status":"AVAILABLE","source":"ndw"}},{"type":"Feature","geometry":{"type":"Point","coordinates":[4.997287,52.3566]},"properties":{"type":"charge","layer":"passenger","locationId":"E6F6CAC8-A624-4FD6-92A6-E4E4CC9FDD47","name":"TNLP011081 - Diemerparklaan 79, Amsterdam","address":"79 Diemerparklaan","city":"Amsterdam","operatorName":"TotalEnergies","maxPowerKw":17,"isMegawatt":false,"status":"AVAILABLE","source":"ndw"}},{"type":"Feature","geometry":{"type":"Point","coordinates":[4.864972,52.393661]},"properties":{"type":"charge","layer":"passenger","locationId":"2aeb7adc-d072-419c-87ed-731a2846e963","name":"bp pulse charging hub Nieuwe Hemweg #05","address":"Nieuwe Hemweg 11","city":"Amsterdam","operatorName":"bp pulse","maxPowerKw":150,"isMegawatt":false,"status":"AVAILABLE","source":"ndw","priceKwh":0.7}},{"type":"Feature","geometry":{"type":"Point","coordinates":[4.89873,52.356896]},"properties":{"type":"charge","layer":"passenger","locationId":"167edc4fde5c4bfa859925ece63d9798","name":"Albert Cuypstraat - Markt 1072CZ 06","address":"Albert Cuypstraat 06","city":"Amsterdam","operatorName":"","maxPowerKw":22,"isMegawatt":false,"status":"CHARGING","source":"ndw"}},{"type":"Feature","geometry":{"type":"Point","coordinates":[4.840766,52.37144]},"properties":{"type":"charge","layer":"passenger","locationId":"b2aa1e73f9ac47a8a8cf","name":"Amsterdam OLVG locatie west Labgebouw","address":"Jan Tooropstraat 160","city":"Amsterdam","operatorName":"Opcharge","maxPowerKw":11,"isMegawatt":false,"status":"AVAILABLE","source":"ndw","priceKwh":0.33}},{"type":"Feature","geometry":{"type":"Point","coordinates":[4.794571,52.37863]},"properties":{"type":"charge","layer":"passenger","locationId":"34A26590-3A02-4E91-9D2D-6E82A0A328AB","name":"TNLP010643 - Cort van der Lindenkade 104, Amsterdam","address":"104 Cort van der Lindenkade","city":"Amsterdam","operatorName":"TotalEnergies","maxPowerKw":17,"isMegawatt":false,"status":"AVAILABLE","source":"ndw"}},{"type":"Feature","geometry":{"type":"Point","coordinates":[4.807716,52.35324]},"properties":{"type":"charge","layer":"passenger","locationId":"48BFCB92-0CE5-4370-BA45-164F3280991B","name":"Laadplein - TNLP011417 - Professor R. Casimirstraat 15, Amsterdam","address":"15 Professor R. Casimirstraat","city":"Amsterdam","operatorName":"TotalEnergies","maxPowerKw":17,"isMegawatt":false,"status":"AVAILABLE","source":"ndw"}},{"type":"Feature","geometry":{"type":"Point","coordinates":[4.746104,52.419185]},"properties":{"type":"charge","layer":"passenger","locationId":"91231720","name":"50five-S NL 18B09314","address":"Westpoortweg 502","city":"Amsterdam","operatorName":"50five","maxPowerKw":11,"isMegawatt":false,"status":"UNAVAILABLE","source":"ndw"}},{"type":"Feature","geometry":{"type":"Point","coordinates":[4.950841,52.302064]},"properties":{"type":"charge","layer":"passenger","locationId":"91179842","name":"50five-S NL Amsterdam, Hullenbergweg 2","address":"Hullenbergweg 2","city":"Amsterdam","operatorName":"50five","maxPowerKw":11,"isMegawatt":false,"status":"CHARGING","source":"ndw"}},{"type":"Feature","geometry":{"type":"Point","coordinates":[4.876781,52.399258]},"properties":{"type":"charge","layer":"passenger","locationId":"OST20P0044_0002_9","name":"OST20P0044_0002_9","address":"Danzigerkade 15","city":"Amsterdam","operatorName":"e-VOLTT","maxPowerKw":21,"isMegawatt":false,"status":"AVAILABLE","source":"ndw","priceKwh":0.32}},{"type":"Feature","geometry":{"type":"Point","coordinates":[4.863593,52.325333]},"properties":{"type":"charge","layer":"passenger","locationId":"1482E28A-D60C-457F-85E4-5AE48A698482","name":"TNLP010142 - Soetendaal 102, Amsterdam","address":"102 Soetendaal","city":"Amsterdam","operatorName":"TotalEnergies","maxPowerKw":17,"isMegawatt":false,"status":"AVAILABLE","source":"ndw"}},{"type":"Feature","geometry":{"type":"Point","coordinates":[4.993112,52.359303]},"properties":{"type":"charge","layer":"passenger","locationId":"F6DDC1EB-9D51-4467-BCBB-79085A39C3C8","name":"TNLP010402 - Daguerrestraat 113, Amsterdam","address":"113 Daguerrestraat","city":"Amsterdam","operatorName":"TotalEnergies","maxPowerKw":17,"isMegawatt":false,"status":"CHARGING","source":"ndw"}},{"type":"Feature","geometry":{"type":"Point","coordinates":[4.902276,52.407257]},"properties":{"type":"charge","layer":"passenger","locationId":"7A52F9D9-4280-4982-A453-9E24FEF638D5","name":"TNLP010518 - Boomgaardlaan 45, Amsterdam","address":"45 Boomgaardlaan","city":"Amsterdam","operatorName":"TotalEnergies","maxPowerKw":17,"isMegawatt":false,"status":"AVAILABLE","source":"ndw"}},{"type":"Feature","geometry":{"type":"Point","coordinates":[4.851164,52.370078]},"properties":{"type":"charge","layer":"passenger","locationId":"52b192876a23430c90d0001e728e9577","name":"Mercatorplein 02","address":"Mercatorplein 1","city":"Amsterdam","operatorName":"","maxPowerKw":22,"isMegawatt":false,"status":"UNAVAILABLE","source":"ndw","priceKwh":0.62}},{"type":"Feature","geometry":{"type":"Point","coordinates":[4.806334,52.382034]},"properties":{"type":"charge","layer":"passenger","locationId":"4A306896-1EEA-4F38-B4B7-BAC717B14225","name":"TNLP011133 - Doctor H. Colijnstraat 806, Amsterdam","address":"806 Doctor H. Colijnstraat","city":"Amsterdam","operatorName":"TotalEnergies","maxPowerKw":17,"isMegawatt":false,"status":"UNAVAILABLE","source":"ndw"}},{"type":"Feature","geometry":{"type":"Point","coordinates":[4.946343,52.308645]},"properties":{"type":"charge","layer":"passenger","locationId":"ecbed39021154565959c18cd77273a0c","name":"Antartica ","address":"Hoogoorddreef 3","city":"Amsterdam","operatorName":"","maxPowerKw":11,"isMegawatt":false,"status":"AVAILABLE","source":"ndw","priceKwh":0.8}},{"type":"Feature","geometry":{"type":"Point","coordinates":[4.986258,52.311353]},"properties":{"type":"charge","layer":"passenger","locationId":"a84a21a376164bc4b35a","name":"Campanile Hotel Amsterdam","address":"Loosdrechtdreef 3","city":"Amsterdam","operatorName":"Opcharge","maxPowerKw":11,"isMegawatt":false,"status":"AVAILABLE","source":"ndw","priceKwh":0.49}},{"type":"Feature","geometry":{"type":"Point","coordinates":[4.946418,52.311195]},"properties":{"type":"charge","layer":"passenger","locationId":"NLCPIL6537075","name":"CHARGEPOINT AMS CHPT EMPLOYEE","address":"54a Hoogoorddreef","city":"Amsterdam","operatorName":"ChargePoint","maxPowerKw":22,"isMegawatt":false,"status":"AVAILABLE","source":"ndw","priceKwh":0.45}},{"type":"Feature","geometry":{"type":"Point","coordinates":[4.968722,52.32104]},"properties":{"type":"charge","layer":"passenger","locationId":"2ed0fa82-dd71-4fcd-a2af-ffe4fb402696","name":"TNLP011061 - Bijlmerdreef 1000, Amsterdam","address":"1000 Bijlmerdreef","city":"Amsterdam","operatorName":"TotalEnergies","maxPowerKw":17,"isMegawatt":false,"status":"CHARGING","source":"ndw"}},{"type":"Feature","geometry":{"type":"Point","coordinates":[4.969662,52.322068]},"properties":{"type":"charge","layer":"passenger","locationId":"f0f254d2bbbd47449bc15e7e5619be7b","name":"Annie Romeinplein 1103JL08","address":"Annie Romeinplein 08","city":"Amsterdam","operatorName":"","maxPowerKw":22,"isMegawatt":false,"status":"CHARGING","source":"ndw"}},{"type":"Feature","geometry":{"type":"Point","coordinates":[4.901381,52.400776]},"properties":{"type":"charge","layer":"passenger","locationId":"59DE83B7-D00D-4E73-B7F0-CB8DE9EA3CBC","name":"TNLP011217 - Klaprozenweg 73, Amsterdam","address":"73 Klaprozenweg","city":"Amsterdam","operatorName":"TotalEnergies","maxPowerKw":17,"isMegawatt":false,"status":"AVAILABLE","source":"ndw"}},{"type":"Feature","geometry":{"type":"Point","coordinates":[5.031439,52.309296]},"properties":{"type":"charge","layer":"passenger","locationId":"9087DCB1-BF81-4AA0-9068-E0C93AA30B5C","name":"TNLP011659 - Diemerdijkstraat 13, Weesp","address":"13 Diemerdijkstraat","city":"Weesp","operatorName":"TotalEnergies","maxPowerKw":17,"isMegawatt":false,"status":"AVAILABLE","source":"ndw"}},{"type":"Feature","geometry":{"type":"Point","coordinates":[4.801934,52.36195]},"properties":{"type":"charge","layer":"passenger","locationId":"8B0895BE-3230-4289-AFC5-CEB6D118C0B3","name":"TNLP011041 - Notweg 54, Amsterdam","address":"54 Notweg","city":"Amsterdam","operatorName":"TotalEnergies","maxPowerKw":17,"isMegawatt":false,"status":"AVAILABLE","source":"ndw"}},{"type":"Feature","geometry":{"type":"Point","coordinates":[4.859502,52.361187]},"properties":{"type":"charge","layer":"passenger","locationId":"96910831-fcf2-495a-b85a-1d8b685fa1e1","name":"TNLP010821 - Kanaalstraat 157, Amsterdam","address":"157 Kanaalstraat","city":"Amsterdam","operatorName":"TotalEnergies","maxPowerKw":17,"isMegawatt":false,"status":"AVAILABLE","source":"ndw"}},{"type":"Feature","geometry":{"type":"Point","coordinates":[4.86844,52.335909]},"properties":{"type":"charge","layer":"passenger","locationId":"e1dc03c2-b0b4-4b41-a6cf-1ff3906d4d25","name":"bp pulse Parnassusweg","address":"Parnassusweg 850","city":"Amsterdam","operatorName":"bp pulse","maxPowerKw":150,"isMegawatt":false,"status":"AVAILABLE","source":"ndw","priceKwh":0.7}},{"type":"Feature","geometry":{"type":"Point","coordinates":[4.866162,52.384537]},"properties":{"type":"charge","layer":"passenger","locationId":"AF2E98E7-1B00-46B4-B2D8-4863A855520D","name":"Q-Park Amsterdam Westergasfabriek","address":"Van Bleiswijkstraat 8","city":"Amsterdam","operatorName":"Q-Park Netherlands","maxPowerKw":11,"isMegawatt":false,"status":"AVAILABLE","source":"ndw"}},{"type":"Feature","geometry":{"type":"Point","coordinates":[4.820868,52.35729]},"properties":{"type":"charge","layer":"passenger","locationId":"1E16B5B0-2923-4273-8E13-51159C8EA45F","name":"TNLP011199 - Aaf Bouberstraat 20, Amsterdam","address":"20 Aaf Bouberstraat","city":"Amsterdam","operatorName":"TotalEnergies","maxPowerKw":17,"isMegawatt":false,"status":"AVAILABLE","source":"ndw"}},{"type":"Feature","geometry":{"type":"Point","coordinates":[4.921038,52.35769]},"properties":{"type":"charge","layer":"passenger","locationId":"7BD0F3D9-868F-4D8C-A5FE-C6C724A9C19B","name":"TNLP010193 - Derde Oosterparkstraat 209, Amsterdam","address":"209 Derde Oosterparkstraat","city":"Amsterdam","operatorName":"TotalEnergies","maxPowerKw":17,"isMegawatt":false,"status":"AVAILABLE","source":"ndw"}},{"type":"Feature","geometry":{"type":"Point","coordinates":[4.903199,52.35512]},"properties":{"type":"charge","layer":"passenger","locationId":"9dd1361c-588c-4f2e-b9b8-bfa0af4ce5b9","name":"TNLP010842 - Servaes Noutsstraat 2, Amsterdam","address":"2 Servaes Noutsstraat","city":"Amsterdam","operatorName":"TotalEnergies","maxPowerKw":17,"isMegawatt":false,"status":"AVAILABLE","source":"ndw"}},{"type":"Feature","geometry":{"type":"Point","coordinates":[4.908163,52.37615]},"properties":{"type":"charge","layer":"passenger","locationId":"1C429DF0-042F-4C46-8C1C-BD1BEB746AA2","name":"Eneco eMobility Oosterdoksstraat 140 Amsterdam","address":"Oosterdoksstraat 140","city":"Amsterdam","operatorName":"Eneco","maxPowerKw":22,"isMegawatt":false,"status":"AVAILABLE","source":"ndw","priceKwh":0.45}},{"type":"Feature","geometry":{"type":"Point","coordinates":[4.854584,52.33709]},"properties":{"type":"charge","layer":"passenger","locationId":"OST20P0054_0004_1","name":"OST20P0054_0004_1","address":"Amstelveenseweg 500","city":"Amsterdam","operatorName":"e-VOLTT","maxPowerKw":38,"isMegawatt":false,"status":"AVAILABLE","source":"ndw","priceKwh":0.26}},{"type":"Feature","geometry":{"type":"Point","coordinates":[4.855199,52.36249]},"properties":{"type":"charge","layer":"passenger","locationId":"B3B794AE-DFC1-43A6-88CD-D45CE9EBF475","name":"TNLP010107 - Bonairestraat 91, Amsterdam","address":"91 Bonairestraat","city":"Amsterdam","operatorName":"TotalEnergies","maxPowerKw":17,"isMegawatt":false,"status":"AVAILABLE","source":"ndw"}},{"type":"Feature","geometry":{"type":"Point","coordinates":[4.835312,52.386847]},"properties":{"type":"charge","layer":"passenger","locationId":"NLENV529","name":"Amsterdam, Barajasweg 78","address":"Barajasweg 78","city":"Amsterdam","operatorName":"","maxPowerKw":22,"isMegawatt":false,"status":"AVAILABLE","source":"ndw","priceKwh":0.5}},{"type":"Feature","geometry":{"type":"Point","coordinates":[4.840572,52.370192]},"properties":{"type":"charge","layer":"passenger","locationId":"d84983550b9a456da6ff","name":"Amsterdam OLVG locatie west Parkeerterrein","address":"Jan Tooropstraat 160","city":"Amsterdam","operatorName":"Opcharge","maxPowerKw":11,"isMegawatt":false,"status":"AVAILABLE","source":"ndw","priceKwh":0.33}},{"type":"Feature","geometry":{"type":"Point","coordinates":[4.826854,52.339901]},"properties":{"type":"charge","layer":"passenger","locationId":"5734da4a6f3d417d8e26","name":"Amsterdam | Lotus Cars Europe","address":"Johan Huizingalaan 400a","city":"Amsterdam","operatorName":"Opcharge","maxPowerKw":22,"isMegawatt":false,"status":"AVAILABLE","source":"ndw","priceKwh":0.45}},{"type":"Feature","geometry":{"type":"Point","coordinates":[4.89682,52.3787]},"properties":{"type":"charge","layer":"passenger","locationId":"0751AE37-D30C-4B79-8A6B-8F765F36019F","name":"Q-Park Amsterdam Centrum PAC","address":"Prins Hendrikkade 20 A","city":"Amsterdam","operatorName":"Q-Park Netherlands","maxPowerKw":11,"isMegawatt":false,"status":"UNAVAILABLE","source":"ndw"}},{"type":"Feature","geometry":{"type":"Point","coordinates":[4.888465,52.335378]},"properties":{"type":"charge","layer":"passenger","locationId":"9B504290-D59B-4638-A2C5-9092FF281C17","name":"Q-Park Amsterdam Eurocenter","address":"Barbara Strozzilaan 342","city":"Amsterdam","operatorName":"Q-Park Netherlands","maxPowerKw":11,"isMegawatt":false,"status":"UNAVAILABLE","source":"ndw"}},{"type":"Feature","geometry":{"type":"Point","coordinates":[4.82924,52.382923]},"properties":{"type":"charge","layer":"passenger","locationId":"961F4D83-EFC9-4350-8D49-88193A7D88DC","name":"TNLP010121 - Burgemeester Vening Meineszlaan 119, Amsterdam","address":"119 Burgemeester Vening Meineszlaan","city":"Amsterdam","operatorName":"TotalEnergies","maxPowerKw":17,"isMegawatt":false,"status":"AVAILABLE","source":"ndw"}},{"type":"Feature","geometry":{"type":"Point","coordinates":[4.779462,52.379827]},"properties":{"type":"charge","layer":"passenger","locationId":"80a22adeca454d10817ed011fb58bd7e","name":"Tuinen van West NW-1067HR-02","address":"Pieter Moeskopspad 1","city":"Amsterdam","operatorName":"","maxPowerKw":22,"isMegawatt":false,"status":"CHARGING","source":"ndw","priceKwh":0.62}},{"type":"Feature","geometry":{"type":"Point","coordinates":[4.852665,52.408825]},"properties":{"type":"charge","layer":"passenger","locationId":"d9d20ef55cf047959782d44872540d7f","name":"Twin Gis hal 24098-eu303","address":"Petroleumhavenweg 1","city":"Amsterdam","operatorName":"","maxPowerKw":11,"isMegawatt":false,"status":"AVAILABLE","source":"ndw","priceKwh":0.55}},{"type":"Feature","geometry":{"type":"Point","coordinates":[4.743823,52.420347]},"properties":{"type":"charge","layer":"passenger","locationId":"91231506","name":"50five-S NL 18B17016","address":"Westpoortweg 502","city":"Amsterdam","operatorName":"50five","maxPowerKw":11,"isMegawatt":false,"status":"AVAILABLE","source":"ndw"}},{"type":"Feature","geometry":{"type":"Point","coordinates":[4.802009,52.406723]},"properties":{"type":"charge","layer":"passenger","locationId":"EC76B068-90D1-4EBE-9D4C-5532F370F88E","name":"Eneco eMobility Nieuw Zeelandweg 10 Amsterdam","address":"Nieuw Zeelandweg 10","city":"Amsterdam","operatorName":"Eneco","maxPowerKw":22,"isMegawatt":false,"status":"AVAILABLE","source":"ndw","priceKwh":0.32}},{"type":"Feature","geometry":{"type":"Point","coordinates":[4.937566,52.35873]},"properties":{"type":"charge","layer":"passenger","locationId":"587D7F8A-C0F1-48F3-8271-2CB7BFDF2A6A","name":"TNLP011815 - Sumatrastraat 149, Amsterdam","address":"149 Sumatrastraat","city":"Amsterdam","operatorName":"TotalEnergies","maxPowerKw":17,"isMegawatt":false,"status":"CHARGING","source":"ndw"}},{"type":"Feature","geometry":{"type":"Point","coordinates":[4.881746,52.383442]},"properties":{"type":"charge","layer":"passenger","locationId":"0F50487D-3872-4229-AAAA-D643665A6D70","name":"TNLP010322 - Marnixkade 6, Amsterdam","address":"6 Marnixkade","city":"Amsterdam","operatorName":"TotalEnergies","maxPowerKw":17,"isMegawatt":false,"status":"AVAILABLE","source":"ndw"}},{"type":"Feature","geometry":{"type":"Point","coordinates":[4.848766,52.385567]},"properties":{"type":"charge","layer":"passenger","locationId":"NLENV186","name":"Amsterdam, Molenwerf 4","address":"Molenwerf 4","city":"Amsterdam","operatorName":"","maxPowerKw":22,"isMegawatt":false,"status":"AVAILABLE","source":"ndw","priceKwh":0.5}},{"type":"Feature","geometry":{"type":"Point","coordinates":[4.852665,52.408825]},"properties":{"type":"charge","layer":"passenger","locationId":"c7f78edc63a24c7daf52063e5ececdbc","name":"Twin Gis hal 24098-eu303","address":"Petroleumhavenweg 1","city":"Amsterdam","operatorName":"","maxPowerKw":11,"isMegawatt":false,"status":"AVAILABLE","source":"ndw","priceKwh":0.55}},{"type":"Feature","geometry":{"type":"Point","coordinates":[4.800828,52.396346]},"properties":{"type":"charge","layer":"passenger","locationId":"7","name":"Shell Recharge NL7402 - Shell Westpoort","address":"Galwin 6","city":"Amsterdam","operatorName":"Shell Recharge","maxPowerKw":175,"isMegawatt":false,"status":"AVAILABLE","source":"ndw","priceKwh":0.7025}},{"type":"Feature","geometry":{"type":"Point","coordinates":[4.958777,52.388363]},"properties":{"type":"charge","layer":"passenger","locationId":"1C787024-33EB-468F-BB62-752C65C2D72A","name":"TNLP011050 - Zuiderzeepark 64, Amsterdam","address":"64 Zuiderzeepark","city":"Amsterdam","operatorName":"TotalEnergies","maxPowerKw":17,"isMegawatt":false,"status":"AVAILABLE","source":"ndw"}},{"type":"Feature","geometry":{"type":"Point","coordinates":[4.934789,52.353546]},"properties":{"type":"charge","layer":"passenger","locationId":"BEA806B2-BE58-423D-8263-73066805199B","name":"TNLP011896 - Linnaeusparkweg 84, Amsterdam","address":"84 Linnaeusparkweg","city":"Amsterdam","operatorName":"TotalEnergies","maxPowerKw":17,"isMegawatt":false,"status":"AVAILABLE","source":"ndw"}},{"type":"Feature","geometry":{"type":"Point","coordinates":[4.905521,52.4081]},"properties":{"type":"charge","layer":"passenger","locationId":"57AA792D-11AD-4576-8345-D2FBE54EB549","name":"TNLP010771 - Sterappelstraat 41, Amsterdam","address":"41 Sterappelstraat","city":"Amsterdam","operatorName":"TotalEnergies","maxPowerKw":17,"isMegawatt":false,"status":"AVAILABLE","source":"ndw"}},{"type":"Feature","geometry":{"type":"Point","coordinates":[4.870862,52.38111]},"properties":{"type":"charge","layer":"passenger","locationId":"NLLOC026447","name":"NLD, Amsterdam, Van Beuningenplein 17","address":"Van Beuningenplein 17","city":"Amsterdam","operatorName":"Allego","maxPowerKw":22,"isMegawatt":false,"status":"AVAILABLE","source":"ndw","priceKwh":0.495}},{"type":"Feature","geometry":{"type":"Point","coordinates":[4.83634,52.35948]},"properties":{"type":"charge","layer":"passenger","locationId":"NLENV306","name":"Amsterdam, Jan Tooropstraat 1-7 E10733 Amvest y","address":"Jan Tooropstraat 1","city":"Amsterdam","operatorName":"","maxPowerKw":11,"isMegawatt":false,"status":"AVAILABLE","source":"ndw","priceKwh":0.5}},{"type":"Feature","geometry":{"type":"Point","coordinates":[4.880219,52.32736]},"properties":{"type":"charge","layer":"passenger","locationId":"3D8383FA-1284-4648-A003-97EF201F45EB","name":"Laadplein - TNLP010208 - Van Leijenberghlaan 101, Amsterdam","address":"101 Van Leijenberghlaan","city":"Amsterdam","operatorName":"TotalEnergies","maxPowerKw":17,"isMegawatt":false,"status":"AVAILABLE","source":"ndw"}},{"type":"Feature","geometry":{"type":"Point","coordinates":[4.864937,52.384177]},"properties":{"type":"charge","layer":"passenger","locationId":"18","name":"Shell Recharge NL1654 - Shell Slingelandtstraat","address":"Van Slingelandtstraat 45","city":"Amsterdam","operatorName":"Shell Recharge","maxPowerKw":175,"isMegawatt":false,"status":"AVAILABLE","source":"ndw","priceKwh":0.7025}},{"type":"Feature","geometry":{"type":"Point","coordinates":[4.9408,52.304337]},"properties":{"type":"charge","layer":"passenger","locationId":"923438","name":"DAE_NL_2000902","address":"Lemelerbergweg 61","city":"Amsterdam","operatorName":"DAEN Mobility","maxPowerKw":11,"isMegawatt":false,"status":"AVAILABLE","source":"ndw","priceKwh":0.29}},{"type":"Feature","geometry":{"type":"Point","coordinates":[4.910343,52.40572]},"properties":{"type":"charge","layer":"passenger","locationId":"D0266AB7-366A-4800-AEDA-6209D7A60005","name":"TNLP011245 - Loggerhof 1, Amsterdam","address":"1 Loggerhof","city":"Amsterdam","operatorName":"TotalEnergies","maxPowerKw":17,"isMegawatt":false,"status":"AVAILABLE","source":"ndw"}},{"type":"Feature","geometry":{"type":"Point","coordinates":[4.884276,52.337008]},"properties":{"type":"charge","layer":"passenger","locationId":"D0C31B14-0654-4AEA-B53B-E350F5CF959C","name":"Q-Park Amsterdam Ravel","address":"Antonio Vivaldistraat 103","city":"Amsterdam","operatorName":"Q-Park Netherlands","maxPowerKw":11,"isMegawatt":false,"status":"AVAILABLE","source":"ndw"}},{"type":"Feature","geometry":{"type":"Point","coordinates":[4.85643,52.369457]},"properties":{"type":"charge","layer":"passenger","locationId":"385CB5FE-BFC4-4AFA-B784-E714A7B785C9","name":"TNLP011488 - Balboastraat 4, Amsterdam","address":"4 Balboastraat","city":"Amsterdam","operatorName":"TotalEnergies","maxPowerKw":17,"isMegawatt":false,"status":"AVAILABLE","source":"ndw"}},{"type":"Feature","geometry":{"type":"Point","coordinates":[4.889257,52.330276]},"properties":{"type":"charge","layer":"passenger","locationId":"BE7F9B72-C48A-4F5E-A832-CE8FEAA3B2FB","name":"TNLP011502 - Weerdestein 116, Amsterdam","address":"116 Weerdestein","city":"Amsterdam","operatorName":"TotalEnergies","maxPowerKw":17,"isMegawatt":false,"status":"AVAILABLE","source":"ndw"}},{"type":"Feature","geometry":{"type":"Point","coordinates":[4.945451,52.362247]},"properties":{"type":"charge","layer":"passenger","locationId":"D33BA58B-6D5F-4909-880F-B5CBC790868E","name":"TNLP010520 - Insulindeweg 920, Amsterdam","address":"920 Insulindeweg","city":"Amsterdam","operatorName":"TotalEnergies","maxPowerKw":17,"isMegawatt":false,"status":"AVAILABLE","source":"ndw"}},{"type":"Feature","geometry":{"type":"Point","coordinates":[4.854701,52.336466]},"properties":{"type":"charge","layer":"passenger","locationId":"06008852da31415aa578c495c954e7c7","name":"NL Asset Management l Amsterdam | Zuiderhof | Regulier Tarief","address":"Jachthavenweg 109","city":"Amsterdam","operatorName":"Opcharge","maxPowerKw":22,"isMegawatt":false,"status":"AVAILABLE","source":"ndw","priceKwh":0.47}},{"type":"Feature","geometry":{"type":"Point","coordinates":[4.970723,52.370935]},"properties":{"type":"charge","layer":"passenger","locationId":"43ca4dc49b7220e6d2db6ff1d1ad6003","name":"Bob Haarmslaan 1","address":"Bob Haarmslaan 1","city":"Amsterdam","operatorName":"Vattenfall InCharge","maxPowerKw":11,"isMegawatt":false,"status":"CHARGING","source":"ndw","priceKwh":0.28}},{"type":"Feature","geometry":{"type":"Point","coordinates":[4.895128,52.373903]},"properties":{"type":"charge","layer":"passenger","locationId":"2573524C-16B2-4E9A-8B3B-C9A596A80F32","name":"Q-Park Amsterdam de Bijenkorf","address":"Beursplein 15","city":"Amsterdam","operatorName":"Q-Park Netherlands","maxPowerKw":11,"isMegawatt":false,"status":"AVAILABLE","source":"ndw"}},{"type":"Feature","geometry":{"type":"Point","coordinates":[4.855796,52.357341]},"properties":{"type":"charge","layer":"passenger","locationId":"688284cb7f59b49b8163cd31","name":"The Tire Station B.V.","address":"Amstelveenseweg 5","city":"Amsterdam","operatorName":"Pluq","maxPowerKw":11,"isMegawatt":false,"status":"AVAILABLE","source":"ndw","priceKwh":0.4}},{"type":"Feature","geometry":{"type":"Point","coordinates":[4.999182,52.29955]},"properties":{"type":"charge","layer":"passenger","locationId":"EBE40A40-FF3C-4E2D-8A63-D6FB5D6536B3","name":"TNLP010463 - Lambert Rimastraat 66, Amsterdam","address":"66 Lambert Rimastraat","city":"Amsterdam","operatorName":"TotalEnergies","maxPowerKw":17,"isMegawatt":false,"status":"CHARGING","source":"ndw"}},{"type":"Feature","geometry":{"type":"Point","coordinates":[4.900103,52.347984]},"properties":{"type":"charge","layer":"passenger","locationId":"b0900cf0-8f11-4e1d-bc7b-881731159d69","name":"TNLP011413 - Waalstraat 7, Amsterdam","address":"7 Waalstraat","city":"Amsterdam","operatorName":"TotalEnergies","maxPowerKw":17,"isMegawatt":false,"status":"CHARGING","source":"ndw"}},{"type":"Feature","geometry":{"type":"Point","coordinates":[4.8657,52.3692]},"properties":{"type":"charge","layer":"passenger","locationId":"64ecd0d9-026b-4729-b893-74809451070e","name":"TNLP011090 - Douwes Dekkerstraat 2, Amsterdam","address":"2 Douwes Dekkerstraat","city":"Amsterdam","operatorName":"TotalEnergies","maxPowerKw":17,"isMegawatt":false,"status":"AVAILABLE","source":"ndw"}},{"type":"Feature","geometry":{"type":"Point","coordinates":[4.893843,52.424244]},"properties":{"type":"charge","layer":"passenger","locationId":"BED7E0A4-EDE3-4363-94BD-20B9FC3D96B7","name":"TNLP011019 - Lange Vonder 60, Amsterdam","address":"60 Lange Vonder","city":"Amsterdam","operatorName":"TotalEnergies","maxPowerKw":17,"isMegawatt":false,"status":"AVAILABLE","source":"ndw"}},{"type":"Feature","geometry":{"type":"Point","coordinates":[4.945013,52.311763]},"properties":{"type":"charge","layer":"passenger","locationId":"NLLOC025363","name":"NLD, Amsterdam, De Corridor","address":"De Corridor","city":"Amsterdam","operatorName":"Allego","maxPowerKw":22,"isMegawatt":false,"status":"AVAILABLE","source":"ndw","priceKwh":0.495}},{"type":"Feature","geometry":{"type":"Point","coordinates":[4.914357,52.348626]},"properties":{"type":"charge","layer":"passenger","locationId":"f5fd53ce4d4b41aea8ff","name":"Amsterdam The Cloud Squarefour Meester Treublaan","address":"Ringdijk 7","city":"Amsterdam","operatorName":"Opcharge","maxPowerKw":22,"isMegawatt":false,"status":"AVAILABLE","source":"ndw","priceKwh":0.49}},{"type":"Feature","geometry":{"type":"Point","coordinates":[5.017951,52.304475]},"properties":{"type":"charge","layer":"passenger","locationId":"1a0e7b44aa3b444e96b22be5be02f91e","name":"Zandpad Driemond","address":"zandpad 1a","city":"Driemond","operatorName":"","maxPowerKw":22,"isMegawatt":false,"status":"CHARGING","source":"ndw","priceKwh":0.62}},{"type":"Feature","geometry":{"type":"Point","coordinates":[4.873864,52.348328]},"properties":{"type":"charge","layer":"passenger","locationId":"53EEC194-47F1-402F-B7CF-AE0F1C23ADBC","name":"TNLP010884 - Anthonie van Dijckstraat 13, Amsterdam","address":"13 Anthonie van Dijckstraat","city":"Amsterdam","operatorName":"TotalEnergies","maxPowerKw":17,"isMegawatt":false,"status":"AVAILABLE","source":"ndw"}},{"type":"Feature","geometry":{"type":"Point","coordinates":[4.994948,52.30039]},"properties":{"type":"charge","layer":"passenger","locationId":"EEABFEB8-A726-4583-9747-DC8E424E230B","name":"TNLP010262 - Jacob Krüsestraat 19, Amsterdam","address":"19 Jacob Krüsestraat","city":"Amsterdam","operatorName":"TotalEnergies","maxPowerKw":17,"isMegawatt":false,"status":"AVAILABLE","source":"ndw"}},{"type":"Feature","geometry":{"type":"Point","coordinates":[4.956909,52.39798]},"properties":{"type":"charge","layer":"passenger","locationId":"71444FD9-9C29-4055-B1D7-4540145509CF","name":"TNLP010486 - Markengouw 430, Amsterdam","address":"430 Markengouw","city":"Amsterdam","operatorName":"TotalEnergies","maxPowerKw":17,"isMegawatt":false,"status":"AVAILABLE","source":"ndw"}},{"type":"Feature","geometry":{"type":"Point","coordinates":[4.884991,52.336504]},"properties":{"type":"charge","layer":"passenger","locationId":"9fa7992d-c3d8-4df9-a5a0-dce1505e8850","name":"EAZYCHARGE - Amsterdam","address":"Barbara Strozzilaan 101","city":"Amsterdam","operatorName":"Blink Charging","maxPowerKw":25,"isMegawatt":false,"status":"AVAILABLE","source":"ndw","priceKwh":0.62}},{"type":"Feature","geometry":{"type":"Point","coordinates":[4.897563,52.356576]},"properties":{"type":"charge","layer":"passenger","locationId":"530765fb74c246c5ab444a573fa62985","name":"Albert Cuypstraat - Markt 1072EA 10","address":"Albert Cuypstraat 10","city":"Amsterdam","operatorName":"","maxPowerKw":22,"isMegawatt":false,"status":"AVAILABLE","source":"ndw"}},{"type":"Feature","geometry":{"type":"Point","coordinates":[4.879573,52.356825]},"properties":{"type":"charge","layer":"passenger","locationId":"0F1E1985-06C6-440A-991D-38389AB23B15","name":"Q-Park Amsterdam Museumplein","address":"Van Baerlestraat 33B","city":"Amsterdam","operatorName":"Q-Park Netherlands","maxPowerKw":11,"isMegawatt":false,"status":"AVAILABLE","source":"ndw"}},{"type":"Feature","geometry":{"type":"Point","coordinates":[4.802245,52.360924]},"properties":{"type":"charge","layer":"passenger","locationId":"1009D378-4133-45CB-A4C5-0D37C82DD68F","name":"TNLP011365 - Blomwijckerpad 9, Amsterdam","address":"9 Blomwijckerpad","city":"Amsterdam","operatorName":"TotalEnergies","maxPowerKw":17,"isMegawatt":false,"status":"CHARGING","source":"ndw"}},{"type":"Feature","geometry":{"type":"Point","coordinates":[4.942085,52.314989]},"properties":{"type":"charge","layer":"passenger","locationId":"NLLOC024742","name":"NLD, Amsterdam, Burgemeester Stramanweg 130","address":"Burgemeester Stramanweg 130","city":"Amsterdam","operatorName":"Allego","maxPowerKw":22,"isMegawatt":false,"status":"AVAILABLE","source":"ndw","priceKwh":0.495}},{"type":"Feature","geometry":{"type":"Point","coordinates":[4.876921,52.35838]},"properties":{"type":"charge","layer":"passenger","locationId":"BECCB2E6-3C5C-4156-83CA-640CFDEA9340","name":"TNLP010100 - van Eeghenstraat 8, Amsterdam","address":"8 van Eeghenstraat","city":"Amsterdam","operatorName":"TotalEnergies","maxPowerKw":17,"isMegawatt":false,"status":"CHARGING","source":"ndw"}},{"type":"Feature","geometry":{"type":"Point","coordinates":[4.86784,52.34782]},"properties":{"type":"charge","layer":"passenger","locationId":"41A85169-4769-4005-A875-302161C01081","name":"TNLP010744 - Olympiaplein 53, Amsterdam","address":"53 Olympiaplein","city":"Amsterdam","operatorName":"TotalEnergies","maxPowerKw":17,"isMegawatt":false,"status":"AVAILABLE","source":"ndw"}},{"type":"Feature","geometry":{"type":"Point","coordinates":[5.039138,52.317314]},"properties":{"type":"charge","layer":"passenger","locationId":"BCEC37A1-FEE3-4C0C-8A40-AEEA4BADD10A","name":"TNLP011706 - Fort Abcoudestraat 30, Weesp","address":"30 Fort Abcoudestraat","city":"Weesp","operatorName":"TotalEnergies","maxPowerKw":17,"isMegawatt":false,"status":"AVAILABLE","source":"ndw"}},{"type":"Feature","geometry":{"type":"Point","coordinates":[4.910183,52.397745]},"properties":{"type":"charge","layer":"passenger","locationId":"NLENV663","name":"Amsterdam, Klaprozenweg 36B (Ivy Amsterdam)","address":"Klaprozenweg 36B","city":"Amsterdam","operatorName":"","maxPowerKw":11,"isMegawatt":false,"status":"AVAILABLE","source":"ndw","priceKwh":0.3}},{"type":"Feature","geometry":{"type":"Point","coordinates":[4.935351,52.347073]},"properties":{"type":"charge","layer":"passenger","locationId":"75df987b-be99-4810-84a5-49407a10f331","name":"TNLP011410 - Ingenhouszhof 4, Amsterdam","address":"4 Ingenhouszhof","city":"Amsterdam","operatorName":"TotalEnergies","maxPowerKw":17,"isMegawatt":false,"status":"CHARGING","source":"ndw"}},{"type":"Feature","geometry":{"type":"Point","coordinates":[4.931371,52.363594]},"properties":{"type":"charge","layer":"passenger","locationId":"A557946C-3FFE-4046-AE64-271315817F85","name":"TNLP011458 - Celebesstraat 38, Amsterdam","address":"38 Celebesstraat","city":"Amsterdam","operatorName":"TotalEnergies","maxPowerKw":17,"isMegawatt":false,"status":"UNAVAILABLE","source":"ndw"}},{"type":"Feature","geometry":{"type":"Point","coordinates":[4.890625,52.406876]},"properties":{"type":"charge","layer":"passenger","locationId":"3160948","name":"Laadnet Van Dam Machine Europe B.V.","address":"Displaystraat 2","city":"Amsterdam","operatorName":"Laadnet","maxPowerKw":22,"isMegawatt":false,"status":"AVAILABLE","source":"ndw"}},{"type":"Feature","geometry":{"type":"Point","coordinates":[4.876788,52.365337]},"properties":{"type":"charge","layer":"passenger","locationId":"eae860d4-1aa6-4062-b143-63eec151fda3","name":"TNLP010812 - De Genestetstraat 9, Amsterdam","address":"9 De Genestetstraat","city":"Amsterdam","operatorName":"TotalEnergies","maxPowerKw":17,"isMegawatt":false,"status":"AVAILABLE","source":"ndw"}},{"type":"Feature","geometry":{"type":"Point","coordinates":[4.821353,52.379808]},"properties":{"type":"charge","layer":"passenger","locationId":"8af77b640bf445acbf91344da4624132","name":"Plein 40 45 Amsterdam Markt 1063KP10","address":"Plein 40-45 10","city":"Amsterdam","operatorName":"","maxPowerKw":22,"isMegawatt":false,"status":"AVAILABLE","source":"ndw"}},{"type":"Feature","geometry":{"type":"Point","coordinates":[4.766989,52.356156]},"properties":{"type":"charge","layer":"passenger","locationId":"4175054","name":"Laadnet van As Print & Sign","address":"Maroastraat 8","city":"Amsterdam","operatorName":"Laadnet","maxPowerKw":22,"isMegawatt":false,"status":"AVAILABLE","source":"ndw"}},{"type":"Feature","geometry":{"type":"Point","coordinates":[4.839807,52.370223]},"properties":{"type":"charge","layer":"passenger","locationId":"b911cd0e3b8a418b95db","name":"Amsterdam OLVG locatie west Ambulancepost","address":"Jan Tooropstraat 160","city":"Amsterdam","operatorName":"Opcharge","maxPowerKw":11,"isMegawatt":false,"status":"CHARGING","source":"ndw","priceKwh":0.33}},{"type":"Feature","geometry":{"type":"Point","coordinates":[4.845362,52.379247]},"properties":{"type":"charge","layer":"passenger","locationId":"EA65FB16-C677-41CF-A7E4-3433E87692D6","name":"Q-Park Amsterdam Bos en Lommer","address":"Leeuwendalersweg 23B","city":"Amsterdam","operatorName":"Q-Park Netherlands","maxPowerKw":11,"isMegawatt":false,"status":"CHARGING","source":"ndw"}},{"type":"Feature","geometry":{"type":"Point","coordinates":[4.970874,52.324085]},"properties":{"type":"charge","layer":"passenger","locationId":"2E349161-94AF-431B-B4C8-FDF5029CFF9E","name":"Laadplein - TNLP010206 - Geldershoofd 727, Amsterdam","address":"727 Geldershoofd","city":"Amsterdam","operatorName":"TotalEnergies","maxPowerKw":17,"isMegawatt":false,"status":"AVAILABLE","source":"ndw"}},{"type":"Feature","geometry":{"type":"Point","coordinates":[4.900267,52.389055]},"properties":{"type":"charge","layer":"passenger","locationId":"825","name":"Shell Recharge ETCA Amsterdam","address":"Grasweg 31","city":"Amsterdam","operatorName":"Shell Recharge","maxPowerKw":300,"isMegawatt":false,"status":"AVAILABLE","source":"ndw","priceKwh":0.7025}},{"type":"Feature","geometry":{"type":"Point","coordinates":[4.88812,52.40834]},"properties":{"type":"charge","layer":"passenger","locationId":"797901C2-CAAC-4D2C-8546-9617E6DA4005","name":"Eneco eMobility Verfgroothandel Plug BV Oscar Aarden - Computerweg - Amsterdam","address":"Computerweg 51","city":"Amsterdam","operatorName":"Eneco","maxPowerKw":22,"isMegawatt":false,"status":"AVAILABLE","source":"ndw","priceKwh":0.32}},{"type":"Feature","geometry":{"type":"Point","coordinates":[4.851813,52.396053]},"properties":{"type":"charge","layer":"passenger","locationId":"91105488","name":"50five-S NL 19B06979","address":"Zekeringstraat 29","city":"Amsterdam","operatorName":"50five","maxPowerKw":22,"isMegawatt":false,"status":"AVAILABLE","source":"ndw"}},{"type":"Feature","geometry":{"type":"Point","coordinates":[4.7735,52.355706]},"properties":{"type":"charge","layer":"passenger","locationId":"64beb732-27b5-4f8a-8bdf-aa0dcd5a8fa2","name":"Fogostraat","address":"Fogostraat 8","city":"Amsterdam","operatorName":"Vattenfall InCharge","maxPowerKw":50,"isMegawatt":false,"status":"AVAILABLE","source":"ndw","priceKwh":0.46}},{"type":"Feature","geometry":{"type":"Point","coordinates":[4.968804,52.371063]},"properties":{"type":"charge","layer":"passenger","locationId":"82074809-EAA3-4582-921D-B41C30929F14","name":"TNLP010967 - Geertje Wielemaplein 1, Amsterdam","address":"1 Geertje Wielemaplein","city":"Amsterdam","operatorName":"TotalEnergies","maxPowerKw":17,"isMegawatt":false,"status":"AVAILABLE","source":"ndw"}},{"type":"Feature","geometry":{"type":"Point","coordinates":[4.915073,52.408361]},"properties":{"type":"charge","layer":"passenger","locationId":"NLLOC026359","name":"NLD, Amsterdam, Bezaanjachtplein 129","address":"Bezaanjachtplein 129","city":"Amsterdam","operatorName":"Allego","maxPowerKw":22,"isMegawatt":false,"status":"AVAILABLE","source":"ndw","priceKwh":0.495}},{"type":"Feature","geometry":{"type":"Point","coordinates":[4.910749,52.343952]},"properties":{"type":"charge","layer":"passenger","locationId":"5A9F7D2B-8202-4D6C-B342-ECDE26C92C68","name":"TNLP010875 - Trompenburgstraat 51, Amsterdam","address":"51 Trompenburgstraat","city":"Amsterdam","operatorName":"TotalEnergies","maxPowerKw":17,"isMegawatt":false,"status":"CHARGING","source":"ndw"}},{"type":"Feature","geometry":{"type":"Point","coordinates":[4.854701,52.336466]},"properties":{"type":"charge","layer":"passenger","locationId":"947e7e81291e41f8b3ddbf65dbb08ab8","name":"NL Asset Management l Amsterdam | Zuiderhof | Cofra Tarief","address":"Jachthavenweg 109","city":"Amsterdam","operatorName":"Opcharge","maxPowerKw":22,"isMegawatt":false,"status":"AVAILABLE","source":"ndw","priceKwh":0.21}},{"type":"Feature","geometry":{"type":"Point","coordinates":[4.876702,52.398948]},"properties":{"type":"charge","layer":"passenger","locationId":"OST20P0044_0003_9","name":"OST20P0044_0003_9","address":"Danzigerkade 15B","city":"Amsterdam","operatorName":"e-VOLTT","maxPowerKw":21,"isMegawatt":false,"status":"AVAILABLE","source":"ndw","priceKwh":0.32}},{"type":"Feature","geometry":{"type":"Point","coordinates":[4.876781,52.399258]},"properties":{"type":"charge","layer":"passenger","locationId":"OST20P0044_0014_0","name":"OST20P0044_0014_0","address":"Danzigerkade 15","city":"Amsterdam","operatorName":"e-VOLTT","maxPowerKw":21,"isMegawatt":false,"status":"AVAILABLE","source":"ndw","priceKwh":0.32}},{"type":"Feature","geometry":{"type":"Point","coordinates":[4.788611,52.349342]},"properties":{"type":"charge","layer":"passenger","locationId":"FA86D3D8-2B48-4EBB-ACA0-ECCF620A10D3","name":"TNLP010879 - Kroonweg 2, Amsterdam","address":"2 Kroonweg","city":"Amsterdam","operatorName":"TotalEnergies","maxPowerKw":17,"isMegawatt":false,"status":"AVAILABLE","source":"ndw"}},{"type":"Feature","geometry":{"type":"Point","coordinates":[5.05539,52.312716]},"properties":{"type":"charge","layer":"passenger","locationId":"6a4e3c0d2742f1f422720456","name":"Victor Groot 's station","address":"Lange Muiderweg 12a","city":"Weesp","operatorName":"E-Flux by Road","maxPowerKw":11,"isMegawatt":false,"status":"CHARGING","source":"ndw","priceKwh":0.48}},{"type":"Feature","geometry":{"type":"Point","coordinates":[4.836624,52.350136]},"properties":{"type":"charge","layer":"passenger","locationId":"88948110-63C0-4614-BA94-2D6337162741","name":"TNLP011372 - Maassluisstraat 152, Amsterdam","address":"152 Maassluisstraat","city":"Amsterdam","operatorName":"TotalEnergies","maxPowerKw":17,"isMegawatt":false,"status":"AVAILABLE","source":"ndw"}},{"type":"Feature","geometry":{"type":"Point","coordinates":[4.856763,52.382744]},"properties":{"type":"charge","layer":"passenger","locationId":"7DB73C8F-5526-49AB-B33E-3F7FDA0DFF9D","name":"TNLP011113 - Willem de Zwijgerlaan 360, Amsterdam","address":"360 Willem de Zwijgerlaan","city":"Amsterdam","operatorName":"TotalEnergies","maxPowerKw":17,"isMegawatt":false,"status":"AVAILABLE","source":"ndw"}},{"type":"Feature","geometry":{"type":"Point","coordinates":[4.83954,52.349785]},"properties":{"type":"charge","layer":"passenger","locationId":"AA88E730-52EF-4FF7-BDEE-BACA682CA5C5","name":"TNLP010748 - Overschiestraat 2, Amsterdam","address":"2 Overschiestraat","city":"Amsterdam","operatorName":"TotalEnergies","maxPowerKw":17,"isMegawatt":false,"status":"AVAILABLE","source":"ndw"}},{"type":"Feature","geometry":{"type":"Point","coordinates":[4.846731,52.3934]},"properties":{"type":"charge","layer":"passenger","locationId":"NLENV450","name":"Amsterdam, Kabelweg 39 - 47","address":"Kabelweg 39 - 47","city":"Amsterdam","operatorName":"","maxPowerKw":40,"isMegawatt":false,"status":"AVAILABLE","source":"ndw","priceKwh":0.5}},{"type":"Feature","geometry":{"type":"Point","coordinates":[4.906446,52.353152]},"properties":{"type":"charge","layer":"passenger","locationId":"670932a1c456c5001c43329f","name":"Amsteldijk Hotel Ontwikkeling B.V.","address":"Amsteldijk 67","city":"Amsterdam","operatorName":"Pluq","maxPowerKw":22,"isMegawatt":false,"status":"AVAILABLE","source":"ndw","priceKwh":0.42}},{"type":"Feature","geometry":{"type":"Point","coordinates":[4.951441,52.295827]},"properties":{"type":"charge","layer":"passenger","locationId":"91171255","name":"50five-S NL 03006976","address":"Paasheuvelweg 26","city":"Amsterdam-Zuidoost","operatorName":"50five","maxPowerKw":22,"isMegawatt":false,"status":"AVAILABLE","source":"ndw"}},{"type":"Feature","geometry":{"type":"Point","coordinates":[4.905005,52.406826]},"properties":{"type":"charge","layer":"passenger","locationId":"95FB2416-40D6-4D3B-8866-C8D8BE4FEA51","name":"TNLP011208 - Jonathanhof 1, Amsterdam","address":"1 Jonathanhof","city":"Amsterdam","operatorName":"TotalEnergies","maxPowerKw":17,"isMegawatt":false,"status":"AVAILABLE","source":"ndw"}},{"type":"Feature","geometry":{"type":"Point","coordinates":[4.865894,52.361717]},"properties":{"type":"charge","layer":"passenger","locationId":"75851F86-5B34-47DF-84E5-A40815FCBC77","name":"TNLP010959 - Brederodestraat 44, Amsterdam","address":"44 Brederodestraat","city":"Amsterdam","operatorName":"TotalEnergies","maxPowerKw":17,"isMegawatt":false,"status":"AVAILABLE","source":"ndw"}},{"type":"Feature","geometry":{"type":"Point","coordinates":[5.033677,52.311115]},"properties":{"type":"charge","layer":"passenger","locationId":"FC25C900-BDCD-461E-8EC2-5E497B07670A","name":"TNLP011593 - Kostverlorenstraat 887, Amsterdam","address":"887 Kostverlorenstraat","city":"Amsterdam","operatorName":"TotalEnergies","maxPowerKw":17,"isMegawatt":false,"status":"AVAILABLE","source":"ndw"}},{"type":"Feature","geometry":{"type":"Point","coordinates":[4.872093,52.337306]},"properties":{"type":"charge","layer":"passenger","locationId":"79858F0D-5164-4C6A-99AB-31E7FFDA4E1C","name":"Q-Park Amsterdam Mahler","address":"Aaron Coplandstraat 8","city":"Amsterdam","operatorName":"Q-Park Netherlands","maxPowerKw":11,"isMegawatt":false,"status":"AVAILABLE","source":"ndw"}},{"type":"Feature","geometry":{"type":"Point","coordinates":[4.902218,52.35103]},"properties":{"type":"charge","layer":"passenger","locationId":"A3B4A1B9-70D8-480F-ADDC-AEBAD590611A","name":"TNLP011459 - Mauvestraat 14, Amsterdam","address":"14 Mauvestraat","city":"Amsterdam","operatorName":"TotalEnergies","maxPowerKw":17,"isMegawatt":false,"status":"UNAVAILABLE","source":"ndw"}},{"type":"Feature","geometry":{"type":"Point","coordinates":[4.876781,52.399258]},"properties":{"type":"charge","layer":"passenger","locationId":"OST20P0044_0003_3","name":"OST20P0044_0003_3","address":"Danzigerkade 15","city":"Amsterdam","operatorName":"e-VOLTT","maxPowerKw":38,"isMegawatt":false,"status":"AVAILABLE","source":"ndw","priceKwh":0.32}},{"type":"Feature","geometry":{"type":"Point","coordinates":[4.901902,52.368018]},"properties":{"type":"charge","layer":"passenger","locationId":"NLLOC027739","name":"NLD, Amsterdam, Amstel 1 (Buiten)","address":"Amstel 1","city":"Amsterdam","operatorName":"Allego","maxPowerKw":22,"isMegawatt":false,"status":"AVAILABLE","source":"ndw","priceKwh":0.281}},{"type":"Feature","geometry":{"type":"Point","coordinates":[4.895873,52.341553]},"properties":{"type":"charge","layer":"passenger","locationId":"CC5D76A0-854A-4E17-AEC0-A920431599F5","name":"TNLP011481 - Uiterwaardenstraat 275, Amsterdam","address":"275 Uiterwaardenstraat","city":"Amsterdam","operatorName":"TotalEnergies","maxPowerKw":17,"isMegawatt":false,"status":"AVAILABLE","source":"ndw"}},{"type":"Feature","geometry":{"type":"Point","coordinates":[4.826487,52.4096]},"properties":{"type":"charge","layer":"passenger","locationId":"91108704","name":"50five-S NL 07105563","address":"Kompasweg 23","city":"Amsterdam","operatorName":"50five","maxPowerKw":11,"isMegawatt":false,"status":"AVAILABLE","source":"ndw"}},{"type":"Feature","geometry":{"type":"Point","coordinates":[4.788988,52.356617]},"properties":{"type":"charge","layer":"passenger","locationId":"03CDDAFF-AD36-4DEA-80DF-0E51CD435980","name":"TNLP010058 - Langswater 401, Amsterdam","address":"401 Langswater","city":"Amsterdam","operatorName":"TotalEnergies","maxPowerKw":17,"isMegawatt":false,"status":"AVAILABLE","source":"ndw"}},{"type":"Feature","geometry":{"type":"Point","coordinates":[4.927065,52.35559]},"properties":{"type":"charge","layer":"passenger","locationId":"1B056E0C-4AD0-4BF8-8F4C-C0463A57FA8B","name":"TNLP010009 - Transvaalstraat 18, Amsterdam","address":"18 Transvaalstraat","city":"Amsterdam","operatorName":"TotalEnergies","maxPowerKw":17,"isMegawatt":false,"status":"AVAILABLE","source":"ndw"}},{"type":"Feature","geometry":{"type":"Point","coordinates":[4.749969,52.405628]},"properties":{"type":"charge","layer":"passenger","locationId":"91109958","name":"50five-S NL 18B05302","address":"Beiraweg 5","city":"Amsterdam","operatorName":"50five","maxPowerKw":22,"isMegawatt":false,"status":"AVAILABLE","source":"ndw"}},{"type":"Feature","geometry":{"type":"Point","coordinates":[4.897489,52.342506]},"properties":{"type":"charge","layer":"passenger","locationId":"2E0FB104-30D0-42BC-9B00-B47C864BA9E0","name":"TNLP011016 - Uiterwaardenstraat 284, Amsterdam","address":"284 Uiterwaardenstraat","city":"Amsterdam","operatorName":"TotalEnergies","maxPowerKw":17,"isMegawatt":false,"status":"CHARGING","source":"ndw"}},{"type":"Feature","geometry":{"type":"Point","coordinates":[4.84076,52.356842]},"properties":{"type":"charge","layer":"passenger","locationId":"D3D6CEB1-140E-46FB-B23D-D5E9FBD85F2F","name":"TNLP011387 - Delflandlaan 4, Amsterdam","address":"4 Delflandlaan","city":"Amsterdam","operatorName":"TotalEnergies","maxPowerKw":17,"isMegawatt":false,"status":"AVAILABLE","source":"ndw"}},{"type":"Feature","geometry":{"type":"Point","coordinates":[4.878371,52.32713]},"properties":{"type":"charge","layer":"passenger","locationId":"06077801-C821-4A3D-916C-A70409F1B783","name":"TNLP010648 - Zeelandstraat 52, Amsterdam","address":"52 Zeelandstraat","city":"Amsterdam","operatorName":"TotalEnergies","maxPowerKw":17,"isMegawatt":false,"status":"AVAILABLE","source":"ndw"}},{"type":"Feature","geometry":{"type":"Point","coordinates":[4.916498,52.351875]},"properties":{"type":"charge","layer":"passenger","locationId":"EBAC8194-4053-490B-A1A8-5FAA370ED250","name":"TNLP011873 - Afrikanerplein 144, Amsterdam","address":"144 Afrikanerplein","city":"Amsterdam","operatorName":"TotalEnergies","maxPowerKw":17,"isMegawatt":false,"status":"CHARGING","source":"ndw"}},{"type":"Feature","geometry":{"type":"Point","coordinates":[4.874609,52.369172]},"properties":{"type":"charge","layer":"passenger","locationId":"91109825","name":"50five-S NL 03006124","address":"Professor E.M. Meijerslaan 1","city":"Amstelveen","operatorName":"50five","maxPowerKw":4,"isMegawatt":false,"status":"AVAILABLE","source":"ndw"}},{"type":"Feature","geometry":{"type":"Point","coordinates":[4.898287,52.33932]},"properties":{"type":"charge","layer":"passenger","locationId":"8C170A6A-9F19-47E1-BCF7-EECEC0CF6A6C","name":"TNLP010354 - Stichtstraat 25, Amsterdam","address":"25 Stichtstraat","city":"Amsterdam","operatorName":"TotalEnergies","maxPowerKw":17,"isMegawatt":false,"status":"AVAILABLE","source":"ndw"}},{"type":"Feature","geometry":{"type":"Point","coordinates":[4.892613,52.384099]},"properties":{"type":"charge","layer":"passenger","locationId":"91276783","name":"50five-S NL 18B04075","address":"Westerdoksdijk 165","city":"Amsterdam","operatorName":"50five","maxPowerKw":11,"isMegawatt":false,"status":"AVAILABLE","source":"ndw"}},{"type":"Feature","geometry":{"type":"Point","coordinates":[4.818157,52.337539]},"properties":{"type":"charge","layer":"passenger","locationId":"5acf097f-e0ca-458d-b992-f0e681bd3472","name":"bp pulse charging hub Oude Haagseweg #07","address":"Oude Haagseweg 18","city":"Amsterdam","operatorName":"bp pulse","maxPowerKw":150,"isMegawatt":false,"status":"AVAILABLE","source":"ndw","priceKwh":0.7}},{"type":"Feature","geometry":{"type":"Point","coordinates":[4.904728,52.364887]},"properties":{"type":"charge","layer":"passenger","locationId":"26FCA05A-687A-4197-8644-4DA8F228DBAB","name":"TNLP010825 - Nieuwe Keizersgracht 58, Amsterdam","address":"58 Nieuwe Keizersgracht","city":"Amsterdam","operatorName":"TotalEnergies","maxPowerKw":17,"isMegawatt":false,"status":"CHARGING","source":"ndw"}},{"type":"Feature","geometry":{"type":"Point","coordinates":[4.844328,52.339593]},"properties":{"type":"charge","layer":"passenger","locationId":"922583","name":"Sunrock Amsterdam","address":"Pilotenstraat 37","city":"Amsterdam","operatorName":"Optiload","maxPowerKw":11,"isMegawatt":false,"status":"AVAILABLE","source":"ndw","priceKwh":0.428}},{"type":"Feature","geometry":{"type":"Point","coordinates":[4.964473,52.32476]},"properties":{"type":"charge","layer":"passenger","locationId":"E92B7AD1-A14F-4940-BBC8-9B8B4B51EE1C","name":"TNLP010410 - Emanzana 11, Amsterdam","address":"11 Emanzana","city":"Amsterdam","operatorName":"TotalEnergies","maxPowerKw":17,"isMegawatt":false,"status":"CHARGING","source":"ndw"}},{"type":"Feature","geometry":{"type":"Point","coordinates":[4.876148,52.342785]},"properties":{"type":"charge","layer":"passenger","locationId":"60FC84A4-78C9-4A93-86C1-262500077551","name":"TNLP010781 - Catharina van Rennesstraat 1, Amsterdam","address":"1 Catharina van Rennesstraat","city":"Amsterdam","operatorName":"TotalEnergies","maxPowerKw":17,"isMegawatt":false,"status":"AVAILABLE","source":"ndw"}},{"type":"Feature","geometry":{"type":"Point","coordinates":[4.876295,52.400114]},"properties":{"type":"charge","layer":"passenger","locationId":"OST22P0060_0011_0","name":"OST22P0060_0011_0","address":"Danzigerkade 23","city":"Amsterdam","operatorName":"e-VOLTT","maxPowerKw":19,"isMegawatt":false,"status":"AVAILABLE","source":"ndw","priceKwh":0.6}},{"type":"Feature","geometry":{"type":"Point","coordinates":[4.870332,52.33491]},"properties":{"type":"charge","layer":"passenger","locationId":"911C1774-AD02-4690-8D4E-700492AE7819","name":"TNLP010751 - De Boelelaan 1065, Amsterdam","address":"1065 De Boelelaan","city":"Amsterdam","operatorName":"TotalEnergies","maxPowerKw":17,"isMegawatt":false,"status":"AVAILABLE","source":"ndw"}},{"type":"Feature","geometry":{"type":"Point","coordinates":[4.76132,52.35535]},"properties":{"type":"charge","layer":"passenger","locationId":"9B27315F-EDF3-4D30-BAB8-01C66D89A94A","name":"Eneco eMobility Lutkemeerweg 400 Amsterdam","address":"Lutkemeerweg 400","city":"Amsterdam","operatorName":"Eneco","maxPowerKw":22,"isMegawatt":false,"status":"AVAILABLE","source":"ndw","priceKwh":0.32}},{"type":"Feature","geometry":{"type":"Point","coordinates":[4.882473,52.363208]},"properties":{"type":"charge","layer":"passenger","locationId":"6925a0d5a74cdf3668ca11df","name":"Hirsch & Cie","address":"Leidsekade  107","city":"Amsterdam","operatorName":"E-Flux by Road","maxPowerKw":22,"isMegawatt":false,"status":"AVAILABLE","source":"ndw","priceKwh":0.58}},{"type":"Feature","geometry":{"type":"Point","coordinates":[4.790041,52.406205]},"properties":{"type":"charge","layer":"passenger","locationId":"021DA7C9-B591-4399-969C-E3F7F72A2921","name":"Eneco eMobility CRH - Struyk Verwo Infra - Amsterdam","address":"Amerikahavenweg 20","city":"Amsterdam","operatorName":"Eneco","maxPowerKw":22,"isMegawatt":false,"status":"AVAILABLE","source":"ndw","priceKwh":0.32}},{"type":"Feature","geometry":{"type":"Point","coordinates":[4.868821,52.344704]},"properties":{"type":"charge","layer":"passenger","locationId":"0e927359-ba81-47c1-9797-0f73f85ba0b3","name":"TNLP010039 - Watteaustraat 54, Amsterdam","address":"54 Watteaustraat","city":"Amsterdam","operatorName":"TotalEnergies","maxPowerKw":17,"isMegawatt":false,"status":"CHARGING","source":"ndw"}},{"type":"Feature","geometry":{"type":"Point","coordinates":[4.948575,52.306944]},"properties":{"type":"charge","layer":"passenger","locationId":"65fac913691e04001c2aed0d","name":"Bullewijck","address":"Hogehilweg 20","city":"Amsterdam","operatorName":"Pluq","maxPowerKw":22,"isMegawatt":false,"status":"AVAILABLE","source":"ndw","priceKwh":0.31}},{"type":"Feature","geometry":{"type":"Point","coordinates":[4.899879,52.367658]},"properties":{"type":"charge","layer":"passenger","locationId":"NLLOC020915","name":"NLD, Amsterdam, Amstel 1","address":"Amstel 1","city":"Amsterdam","operatorName":"Allego","maxPowerKw":22,"isMegawatt":false,"status":"AVAILABLE","source":"ndw","priceKwh":0.495}},{"type":"Feature","geometry":{"type":"Point","coordinates":[4.846379,52.38355]},"properties":{"type":"charge","layer":"passenger","locationId":"6266B73C-EF9F-4189-B525-D9554B5BD7C2","name":"TNLP010611 - Krelis Louwenstraat 23, Amsterdam","address":"23 Krelis Louwenstraat","city":"Amsterdam","operatorName":"TotalEnergies","maxPowerKw":17,"isMegawatt":false,"status":"AVAILABLE","source":"ndw"}},{"type":"Feature","geometry":{"type":"Point","coordinates":[4.88692,52.330395]},"properties":{"type":"charge","layer":"passenger","locationId":"CC59EA2B-8466-446A-ABC7-E17D294E71F0","name":"TNLP011877 - Drakenstein 2, Amsterdam","address":"2 Drakenstein","city":"Amsterdam","operatorName":"TotalEnergies","maxPowerKw":17,"isMegawatt":false,"status":"AVAILABLE","source":"ndw"}},{"type":"Feature","geometry":{"type":"Point","coordinates":[4.853203,52.37932]},"properties":{"type":"charge","layer":"passenger","locationId":"5EB5FC31-305B-4924-BE67-26639DBBC5D2","name":"TNLP011342 - Gloriantstraat 19 III, Amsterdam","address":"19 III Gloriantstraat","city":"Amsterdam","operatorName":"TotalEnergies","maxPowerKw":17,"isMegawatt":false,"status":"CHARGING","source":"ndw"}},{"type":"Feature","geometry":{"type":"Point","coordinates":[4.778992,52.391817]},"properties":{"type":"charge","layer":"passenger","locationId":"NLLOC002967","name":"Allego - Amsterdam NW Tijnmuiden A5","address":"Tijnmuiden 53","city":"Amsterdam","operatorName":"Allego","maxPowerKw":150,"isMegawatt":false,"status":"AVAILABLE","source":"ndw","priceKwh":0.655}},{"type":"Feature","geometry":{"type":"Point","coordinates":[4.830862,52.387754]},"properties":{"type":"charge","layer":"passenger","locationId":"91454713","name":"Van Leeuwen evb","address":"Naritaweg 225","city":"Amsterdam","operatorName":"Van Leeuwen","maxPowerKw":22,"isMegawatt":false,"status":"AVAILABLE","source":"ndw"}},{"type":"Feature","geometry":{"type":"Point","coordinates":[4.856785,52.362293]},"properties":{"type":"charge","layer":"passenger","locationId":"371FA8E8-D50F-4E73-85AC-F70FB06A860B","name":"TNLP011519 - Van Rensselaerstraat 8, Amsterdam","address":"8 Van Rensselaerstraat","city":"Amsterdam","operatorName":"TotalEnergies","maxPowerKw":17,"isMegawatt":false,"status":"AVAILABLE","source":"ndw"}},{"type":"Feature","geometry":{"type":"Point","coordinates":[4.925129,52.34239]},"properties":{"type":"charge","layer":"passenger","locationId":"A44C9277-8BB0-4A82-A8A0-B18F69E6AB44","name":"TNLP010957 - Celsiusstraat 21, Amsterdam","address":"21 Celsiusstraat","city":"Amsterdam","operatorName":"TotalEnergies","maxPowerKw":17,"isMegawatt":false,"status":"AVAILABLE","source":"ndw"}},{"type":"Feature","geometry":{"type":"Point","coordinates":[4.898657,52.366078]},"properties":{"type":"charge","layer":"passenger","locationId":"nl-7731","name":"Interparking The Bank","address":"Amstelstraat 12","city":"Amsterdam","operatorName":"Interparking Netherlands","maxPowerKw":11,"isMegawatt":false,"status":"AVAILABLE","source":"ndw"}},{"type":"Feature","geometry":{"type":"Point","coordinates":[4.866894,52.385063]},"properties":{"type":"charge","layer":"passenger","locationId":"61B07B5D-DA95-451C-B22A-479DFA52AC61","name":"TNLP010628 - Haarlemmerweg 313, Amsterdam","address":"313 Haarlemmerweg","city":"Amsterdam","operatorName":"TotalEnergies","maxPowerKw":17,"isMegawatt":false,"status":"AVAILABLE","source":"ndw"}},{"type":"Feature","geometry":{"type":"Point","coordinates":[4.93725,52.30403]},"properties":{"type":"charge","layer":"passenger","locationId":"3DE5DC14-04E5-48C5-B2EA-946F8AB33B32","name":"Eneco eMobility Hedin 3F B.V. Oud Stern 3F Ardea Amsterdam","address":"Klokkenbergweg 3-5","city":"Amsterdam","operatorName":"Eneco","maxPowerKw":50,"isMegawatt":false,"status":"AVAILABLE","source":"ndw","priceKwh":0.58}},{"type":"Feature","geometry":{"type":"Point","coordinates":[4.863475,52.348873]},"properties":{"type":"charge","layer":"passenger","locationId":"3EF6CDC6-5287-4E62-895A-418FD1F8C1E4","name":"TNLP011049 - Speerstraat 23, Amsterdam","address":"23 Speerstraat","city":"Amsterdam","operatorName":"TotalEnergies","maxPowerKw":17,"isMegawatt":false,"status":"AVAILABLE","source":"ndw"}},{"type":"Feature","geometry":{"type":"Point","coordinates":[4.901217,52.35411]},"properties":{"type":"charge","layer":"passenger","locationId":"7d1389bb-05cf-4872-a26e-409487f79ba0","name":"TNLP011862 - Sint Willibrordusstraat 71, Amsterdam","address":"71 Sint Willibrordusstraat","city":"Amsterdam","operatorName":"TotalEnergies","maxPowerKw":17,"isMegawatt":false,"status":"AVAILABLE","source":"ndw"}},{"type":"Feature","geometry":{"type":"Point","coordinates":[4.948388,52.304747]},"properties":{"type":"charge","layer":"passenger","locationId":"63087eb472705749ecd6a9c9","name":"Karsp laadpaal 3","address":"Karspeldreef 4","city":"Amsterdam","operatorName":"E-Flux by Road","maxPowerKw":22,"isMegawatt":false,"status":"UNAVAILABLE","source":"ndw","priceKwh":0.48}},{"type":"Feature","geometry":{"type":"Point","coordinates":[4.868549,52.381393]},"properties":{"type":"charge","layer":"passenger","locationId":"76FE3282-C2D6-4CE1-BD86-2C3392924710","name":"TNLP011073 - Van Bossestraat 28, Amsterdam","address":"28 Van Bossestraat","city":"Amsterdam","operatorName":"TotalEnergies","maxPowerKw":17,"isMegawatt":false,"status":"AVAILABLE","source":"ndw"}},{"type":"Feature","geometry":{"type":"Point","coordinates":[4.927811,52.357394]},"properties":{"type":"charge","layer":"passenger","locationId":"27B0FA85-C555-4B0D-B462-3439AA7FBA8D","name":"Q-Park Amsterdam Oostpoort","address":"Polderweg 92","city":"Amsterdam","operatorName":"Q-Park Netherlands","maxPowerKw":11,"isMegawatt":false,"status":"AVAILABLE","source":"ndw"}},{"type":"Feature","geometry":{"type":"Point","coordinates":[4.88326,52.420273]},"properties":{"type":"charge","layer":"passenger","locationId":"DDF800F6-0795-4711-850F-E02152EC731E","name":"TNLP010741 - Marskramerstraat 1, Amsterdam","address":"1 Marskramerstraat","city":"Amsterdam","operatorName":"TotalEnergies","maxPowerKw":17,"isMegawatt":false,"status":"AVAILABLE","source":"ndw"}},{"type":"Feature","geometry":{"type":"Point","coordinates":[4.917013,52.411083]},"properties":{"type":"charge","layer":"passenger","locationId":"9F9A0E6A-B4EA-4F60-97D9-81375196944E","name":"TNLP011419 - Westerlengte 65, Amsterdam","address":"65 Westerlengte","city":"Amsterdam","operatorName":"TotalEnergies","maxPowerKw":17,"isMegawatt":false,"status":"AVAILABLE","source":"ndw"}},{"type":"Feature","geometry":{"type":"Point","coordinates":[4.795821,52.350883]},"properties":{"type":"charge","layer":"passenger","locationId":"9EC28E0B-88FD-4C37-918B-40CF04E7D443","name":"TNLP011543 - Pieter Calandlaan 1073, Amsterdam","address":"1073 Pieter Calandlaan","city":"Amsterdam","operatorName":"TotalEnergies","maxPowerKw":17,"isMegawatt":false,"status":"AVAILABLE","source":"ndw"}},{"type":"Feature","geometry":{"type":"Point","coordinates":[4.943509,52.310464]},"properties":{"type":"charge","layer":"passenger","locationId":"691732094cddee498ad10fbc","name":"The Sharing Tower","address":"Haaksbergweg 4","city":"Amsterdam","operatorName":"E-Flux by Road","maxPowerKw":22,"isMegawatt":false,"status":"AVAILABLE","source":"ndw","priceKwh":0.58}},{"type":"Feature","geometry":{"type":"Point","coordinates":[4.872085,52.348213]},"properties":{"type":"charge","layer":"passenger","locationId":"176D862B-35D3-49AD-9732-A91D6276A17D","name":"TNLP010645 - Minervalaan 44, Amsterdam","address":"44 Minervalaan","city":"Amsterdam","operatorName":"TotalEnergies","maxPowerKw":17,"isMegawatt":false,"status":"AVAILABLE","source":"ndw"}},{"type":"Feature","geometry":{"type":"Point","coordinates":[4.874834,52.3363]},"properties":{"type":"charge","layer":"passenger","locationId":"58f00e49-a144-4cfb-ac93-cae2203e466d","name":"Q-Park Amsterdam Symphony","address":"Leo Smitstraat 4","city":"Amsterdam","operatorName":"Q-Park Netherlands","maxPowerKw":11,"isMegawatt":false,"status":"AVAILABLE","source":"ndw"}},{"type":"Feature","geometry":{"type":"Point","coordinates":[4.937652,52.312638]},"properties":{"type":"charge","layer":"passenger","locationId":"NLLOC027789","name":"NLD, P4 Villa Arena Amsterdam","address":"De Entree 7","city":"Amsterdam","operatorName":"Allego","maxPowerKw":22,"isMegawatt":false,"status":"AVAILABLE","source":"ndw","priceKwh":0.495}},{"type":"Feature","geometry":{"type":"Point","coordinates":[4.903468,52.399216]},"properties":{"type":"charge","layer":"passenger","locationId":"D8FC0675-C9C9-445C-A4B0-2A90BF34E4A4","name":"TNLP010975 - Maagdenpalmstraat 6, Amsterdam","address":"6 Maagdenpalmstraat","city":"Amsterdam","operatorName":"TotalEnergies","maxPowerKw":17,"isMegawatt":false,"status":"AVAILABLE","source":"ndw"}},{"type":"Feature","geometry":{"type":"Point","coordinates":[4.876781,52.399258]},"properties":{"type":"charge","layer":"passenger","locationId":"OST20P0044_0002_2","name":"OST20P0044_0002_2","address":"Danzigerkade 15","city":"Amsterdam","operatorName":"e-VOLTT","maxPowerKw":21,"isMegawatt":false,"status":"AVAILABLE","source":"ndw","priceKwh":0.32}},{"type":"Feature","geometry":{"type":"Point","coordinates":[4.881419,52.353077]},"properties":{"type":"charge","layer":"passenger","locationId":"3682956A-12E7-4309-ACA0-6E5E770B4DAD","name":"TNLP011040 - Bronckhorststraat 1, Amsterdam","address":"1 Bronckhorststraat","city":"Amsterdam","operatorName":"TotalEnergies","maxPowerKw":17,"isMegawatt":false,"status":"AVAILABLE","source":"ndw"}},{"type":"Feature","geometry":{"type":"Point","coordinates":[4.868243,52.36375]},"properties":{"type":"charge","layer":"passenger","locationId":"D786446F-5BC7-4DA2-8FC7-98AF7C13E943","name":"TNLP011176 - Arie Biemondstraat 103, Amsterdam","address":"103 Arie Biemondstraat","city":"Amsterdam","operatorName":"TotalEnergies","maxPowerKw":17,"isMegawatt":false,"status":"AVAILABLE","source":"ndw"}},{"type":"Feature","geometry":{"type":"Point","coordinates":[4.980483,52.322994]},"properties":{"type":"charge","layer":"passenger","locationId":"743C9A22-BA72-40F0-8149-ED2D62D9627E","name":"TNLP010802 - s-Gravendijkdreef 102, Amsterdam","address":"102 s-Gravendijkdreef","city":"Amsterdam","operatorName":"TotalEnergies","maxPowerKw":17,"isMegawatt":false,"status":"AVAILABLE","source":"ndw"}},{"type":"Feature","geometry":{"type":"Point","coordinates":[4.909199,52.34819]},"properties":{"type":"charge","layer":"passenger","locationId":"FA3A206B-F70B-43C4-A746-2EB361394750","name":"TNLP010769 - Holendrechtstraat 40, Amsterdam","address":"40 Holendrechtstraat","city":"Amsterdam","operatorName":"TotalEnergies","maxPowerKw":17,"isMegawatt":false,"status":"CHARGING","source":"ndw"}},{"type":"Feature","geometry":{"type":"Point","coordinates":[4.898282,52.356765]},"properties":{"type":"charge","layer":"passenger","locationId":"a82369cc5e46449a8c98520e05a9c600","name":"Albert Cuypstraat - Markt 1072CZ 08","address":"Albert Cuypstraat 8","city":"Amsterdam","operatorName":"","maxPowerKw":22,"isMegawatt":false,"status":"AVAILABLE","source":"ndw"}},{"type":"Feature","geometry":{"type":"Point","coordinates":[4.867245,52.349457]},"properties":{"type":"charge","layer":"passenger","locationId":"FC1B53AB-2653-4808-A18C-6FF6A2A968CF","name":"TNLP010972 - Olympiaplein 11, Amsterdam","address":"11 Olympiaplein","city":"Amsterdam","operatorName":"TotalEnergies","maxPowerKw":17,"isMegawatt":false,"status":"AVAILABLE","source":"ndw"}},{"type":"Feature","geometry":{"type":"Point","coordinates":[5.028556,52.31641]},"properties":{"type":"charge","layer":"passenger","locationId":"E06EA7C5-710D-446E-895B-7513EBB5E110","name":"TNLP011222 - Heemraadweg 122, Weesp","address":"122 Heemraadweg","city":"Weesp","operatorName":"TotalEnergies","maxPowerKw":17,"isMegawatt":false,"status":"AVAILABLE","source":"ndw"}},{"type":"Feature","geometry":{"type":"Point","coordinates":[4.861725,52.360134]},"properties":{"type":"charge","layer":"passenger","locationId":"bb5c19b7-eb47-438b-bd5f-aef996136e3e","name":"TNLP010085 - Eerste Helmersstraat 220, Amsterdam","address":"220 Eerste Helmersstraat","city":"Amsterdam","operatorName":"TotalEnergies","maxPowerKw":17,"isMegawatt":false,"status":"AVAILABLE","source":"ndw"}},{"type":"Feature","geometry":{"type":"Point","coordinates":[4.898905,52.357086]},"properties":{"type":"charge","layer":"passenger","locationId":"afcbda2635c244d29aefb62b9ce50bef","name":"Albert Cuypstraat - Markt 1072CP 03","address":"Albert Cuypstraat 03","city":"Amsterdam","operatorName":"","maxPowerKw":22,"isMegawatt":false,"status":"CHARGING","source":"ndw"}},{"type":"Feature","geometry":{"type":"Point","coordinates":[4.806174,52.366516]},"properties":{"type":"charge","layer":"passenger","locationId":"2776E9F7-2EF6-4F76-AC6C-B264E298EB03","name":"TNLP010314 - President Allendelaan 101, Amsterdam","address":"101 President Allendelaan","city":"Amsterdam","operatorName":"TotalEnergies","maxPowerKw":17,"isMegawatt":false,"status":"CHARGING","source":"ndw"}},{"type":"Feature","geometry":{"type":"Point","coordinates":[4.943599,52.35136]},"properties":{"type":"charge","layer":"passenger","locationId":"B45551B9-B14A-441B-BCFC-D5F876BAECEA","name":"TNLP011537 - Ohmstraat 12, Amsterdam","address":"12 Ohmstraat","city":"Amsterdam","operatorName":"TotalEnergies","maxPowerKw":17,"isMegawatt":false,"status":"UNAVAILABLE","source":"ndw"}},{"type":"Feature","geometry":{"type":"Point","coordinates":[4.919963,52.347766]},"properties":{"type":"charge","layer":"passenger","locationId":"797edfb3-3a8d-43f3-a416-3fbc31e63884","name":"Bertrand Russellstraat 13","address":"Bertrand Russellstraat 13","city":"Amsterdam","operatorName":"Vattenfall InCharge","maxPowerKw":22,"isMegawatt":false,"status":"AVAILABLE","source":"ndw","priceKwh":0.45}},{"type":"Feature","geometry":{"type":"Point","coordinates":[4.907204,52.360828]},"properties":{"type":"charge","layer":"passenger","locationId":"55480c3513414b8b9c73cac781948aed","name":"NL Asset Management l Amsterdam l Sarphati Plaza l Rhijnspoorplein","address":" Sarphatistraat 44","city":"Amsterdam","operatorName":"Opcharge","maxPowerKw":22,"isMegawatt":false,"status":"AVAILABLE","source":"ndw","priceKwh":0.48}},{"type":"Feature","geometry":{"type":"Point","coordinates":[4.88258,52.370834]},"properties":{"type":"charge","layer":"passenger","locationId":"3CF6947A-D7B8-41D8-996A-C6FFD3BFD012","name":"TNLP011244 - Prinsengracht 278, Amsterdam","address":"278 Prinsengracht","city":"Amsterdam","operatorName":"TotalEnergies","maxPowerKw":17,"isMegawatt":false,"status":"AVAILABLE","source":"ndw"}},{"type":"Feature","geometry":{"type":"Point","coordinates":[4.813427,52.349575]},"properties":{"type":"charge","layer":"passenger","locationId":"364EE80B-A709-4334-B1E6-316CD71D4212","name":"TNLP010568 - Houthalenstraat 73, Amsterdam","address":"73 Houthalenstraat","city":"Amsterdam","operatorName":"TotalEnergies","maxPowerKw":17,"isMegawatt":false,"status":"AVAILABLE","source":"ndw"}},{"type":"Feature","geometry":{"type":"Point","coordinates":[4.935152,52.360214]},"properties":{"type":"charge","layer":"passenger","locationId":"733B3102-B2E0-4D2C-BDF5-12D6AD0E054F","name":"TNLP010048 - Palembangstraat 20, Amsterdam","address":"20 Palembangstraat","city":"Amsterdam","operatorName":"TotalEnergies","maxPowerKw":17,"isMegawatt":false,"status":"AVAILABLE","source":"ndw"}},{"type":"Feature","geometry":{"type":"Point","coordinates":[4.930282,52.372933]},"properties":{"type":"charge","layer":"passenger","locationId":"20B0E554-73BA-4B5D-BBB5-2D8370A77AFD","name":"Q-park Amsterdam Oostenburgereiland","address":"Dijksgracht 0","city":"Amsterdam","operatorName":"Q-Park Netherlands","maxPowerKw":11,"isMegawatt":false,"status":"AVAILABLE","source":"ndw"}},{"type":"Feature","geometry":{"type":"Point","coordinates":[4.899248,52.357053]},"properties":{"type":"charge","layer":"passenger","locationId":"44c847fa5c484768b3a16cedd7dfa98d","name":"Albert Cuypstraat - Markt 1072CX 02","address":"Albert Cuypstraat 02","city":"Amsterdam","operatorName":"","maxPowerKw":22,"isMegawatt":false,"status":"AVAILABLE","source":"ndw"}},{"type":"Feature","geometry":{"type":"Point","coordinates":[4.92081,52.34669]},"properties":{"type":"charge","layer":"passenger","locationId":"60C8FF4F-6409-4F01-A0B9-CB770E5C1AD6","name":"Q-Park Amsterdam AMST","address":"Bertrand Russellstraat 1 E","city":"Amsterdam","operatorName":"Q-Park Netherlands","maxPowerKw":11,"isMegawatt":false,"status":"AVAILABLE","source":"ndw"}},{"type":"Feature","geometry":{"type":"Point","coordinates":[4.839785,52.37676]},"properties":{"type":"charge","layer":"passenger","locationId":"8697E55D-978F-4BBB-88A0-20D3997B5EF5","name":"TNLP010726 - Ernest Staesstraat 45, Amsterdam","address":"45 Ernest Staesstraat","city":"Amsterdam","operatorName":"TotalEnergies","maxPowerKw":17,"isMegawatt":false,"status":"AVAILABLE","source":"ndw"}},{"type":"Feature","geometry":{"type":"Point","coordinates":[4.944699,52.364815]},"properties":{"type":"charge","layer":"passenger","locationId":"E09F8202-7FA6-475F-9426-ABDC03797F2D","name":"TNLP010064 - Niasstraat 44, Amsterdam","address":"44 Niasstraat","city":"Amsterdam","operatorName":"TotalEnergies","maxPowerKw":17,"isMegawatt":false,"status":"AVAILABLE","source":"ndw"}},{"type":"Feature","geometry":{"type":"Point","coordinates":[4.832536,52.362907]},"properties":{"type":"charge","layer":"passenger","locationId":"A23E8C48-23B9-415F-8E44-F355FEB5E5A1","name":"TNLP010841 - Adriaan Kluitstraat 9, Amsterdam","address":"9 Adriaan Kluitstraat","city":"Amsterdam","operatorName":"TotalEnergies","maxPowerKw":17,"isMegawatt":false,"status":"CHARGING","source":"ndw"}},{"type":"Feature","geometry":{"type":"Point","coordinates":[4.893478,52.35169]},"properties":{"type":"charge","layer":"passenger","locationId":"F43BD1E6-A9C0-426B-8EA1-602807F2F474","name":"TNLP010515 - Rustenburgerstraat 343, Amsterdam","address":"343 Rustenburgerstraat","city":"Amsterdam","operatorName":"TotalEnergies","maxPowerKw":17,"isMegawatt":false,"status":"AVAILABLE","source":"ndw"}},{"type":"Feature","geometry":{"type":"Point","coordinates":[4.801397,52.374565]},"properties":{"type":"charge","layer":"passenger","locationId":"9A6ADD31-784E-4BEB-869B-514AB2136935","name":"TNLP011045 - Troelstralaan 287, Amsterdam","address":"287 Troelstralaan","city":"Amsterdam","operatorName":"TotalEnergies","maxPowerKw":17,"isMegawatt":false,"status":"AVAILABLE","source":"ndw"}},{"type":"Feature","geometry":{"type":"Point","coordinates":[4.867656,52.326904]},"properties":{"type":"charge","layer":"passenger","locationId":"EE4213B2-4B8B-40B9-819D-BDF8EAA2744B","name":"TNLP010819 - Radboud 20, Amsterdam","address":"20 Radboud","city":"Amsterdam","operatorName":"TotalEnergies","maxPowerKw":17,"isMegawatt":false,"status":"CHARGING","source":"ndw"}},{"type":"Feature","geometry":{"type":"Point","coordinates":[4.95207,52.31503]},"properties":{"type":"charge","layer":"passenger","locationId":"D347F1FB-7FD6-473B-B7E2-7D833BDBF2BB","name":"Eneco eMobility ING Bank NV - Maple","address":"Bijlmerdreef 109","city":"Amsterdam","operatorName":"Eneco","maxPowerKw":22,"isMegawatt":false,"status":"AVAILABLE","source":"ndw","priceKwh":0.3}},{"type":"Feature","geometry":{"type":"Point","coordinates":[5.036109,52.30342]},"properties":{"type":"charge","layer":"passenger","locationId":"91107668","name":"50five-S NL 04003353","address":"C.J. van Houtenlaan 36C","city":"Weesp","operatorName":"50five","maxPowerKw":11,"isMegawatt":false,"status":"AVAILABLE","source":"ndw"}},{"type":"Feature","geometry":{"type":"Point","coordinates":[4.920544,52.333863]},"properties":{"type":"charge","layer":"passenger","locationId":"ca34f55271ba48c2a2de85fe4214dc97","name":"Amsterdam- Nijkerk Dudok van Heelstraat 2 Kantoor","address":" Abram Dudok van Heelstraat 2","city":"Amsterdam","operatorName":"Opcharge","maxPowerKw":22,"isMegawatt":false,"status":"AVAILABLE","source":"ndw","priceKwh":0.49}},{"type":"Feature","geometry":{"type":"Point","coordinates":[4.854584,52.33709]},"properties":{"type":"charge","layer":"passenger","locationId":"OST20P0054_0004_0","name":"OST20P0054_0004_0","address":"Amstelveenseweg 500","city":"Amsterdam","operatorName":"e-VOLTT","maxPowerKw":38,"isMegawatt":false,"status":"AVAILABLE","source":"ndw","priceKwh":0.26}},{"type":"Feature","geometry":{"type":"Point","coordinates":[4.844929,52.345354]},"properties":{"type":"charge","layer":"passenger","locationId":"NLLOC027924","name":"Allego - Amsterdam Z Anthony Fokkerweg","address":"Anthony Fokkerweg 2","city":"Amsterdam","operatorName":"Allego","maxPowerKw":300,"isMegawatt":false,"status":"AVAILABLE","source":"ndw","priceKwh":0.655}},{"type":"Feature","geometry":{"type":"Point","coordinates":[4.954625,52.313428]},"properties":{"type":"charge","layer":"passenger","locationId":"A6BC99B4-21F4-4F08-8D1E-53FE93086A7A","name":"Q-Park Amsterdam Amsterdamse Poort P","address":"Bijlmerdreef 101","city":"Amsterdam","operatorName":"Q-Park Netherlands","maxPowerKw":11,"isMegawatt":false,"status":"AVAILABLE","source":"ndw"}},{"type":"Feature","geometry":{"type":"Point","coordinates":[4.893005,52.37163]},"properties":{"type":"charge","layer":"passenger","locationId":"NLLOC019755","name":"NLD, Amsterdam, Rokin 55","address":"Rokin 55","city":"Amsterdam","operatorName":"Allego","maxPowerKw":22,"isMegawatt":false,"status":"AVAILABLE","source":"ndw","priceKwh":0.495}},{"type":"Feature","geometry":{"type":"Point","coordinates":[4.892247,52.389015]},"properties":{"type":"charge","layer":"passenger","locationId":"1d94433cdb6a4435873b4ce5ac86e65f","name":"Westerdoksdijk W-1013BX-01","address":"Westerdoksdijk 705","city":"Amsterdam","operatorName":"","maxPowerKw":22,"isMegawatt":false,"status":"CHARGING","source":"ndw","priceKwh":0.62}},{"type":"Feature","geometry":{"type":"Point","coordinates":[4.837503,52.363074]},"properties":{"type":"charge","layer":"passenger","locationId":"66321d6fd4505d001d4a2f24","name":"August Allebeplein laadpaal 4","address":"August Allebeplein 265","city":"Amsterdam","operatorName":"E-Flux by Road","maxPowerKw":22,"isMegawatt":false,"status":"UNAVAILABLE","source":"ndw","priceKwh":0.33}},{"type":"Feature","geometry":{"type":"Point","coordinates":[4.886163,52.392809]},"properties":{"type":"charge","layer":"passenger","locationId":"91151203","name":"50five-S NL 18B15409","address":"Ponsteiger 390","city":"Amsterdam","operatorName":"50five","maxPowerKw":11,"isMegawatt":false,"status":"AVAILABLE","source":"ndw"}},{"type":"Feature","geometry":{"type":"Point","coordinates":[4.886739,52.349144]},"properties":{"type":"charge","layer":"passenger","locationId":"0412A148-D159-4330-89CC-80B378D64163","name":"TNLP010136 - Ruysdaelkade 265, Amsterdam","address":"265 Ruysdaelkade","city":"Amsterdam","operatorName":"TotalEnergies","maxPowerKw":17,"isMegawatt":false,"status":"AVAILABLE","source":"ndw"}},{"type":"Feature","geometry":{"type":"Point","coordinates":[4.885828,52.349711]},"properties":{"type":"charge","layer":"passenger","locationId":"862233F2-D4C6-417D-9621-08E45A82323C","name":"TNLP030022","address":"Hobbemakade 121","city":"Amsterdam","operatorName":"TotalEnergies","maxPowerKw":120,"isMegawatt":false,"status":"AVAILABLE","source":"ndw"}},{"type":"Feature","geometry":{"type":"Point","coordinates":[4.82585,52.34047]},"properties":{"type":"charge","layer":"passenger","locationId":"a5e0077b9e2744b7bd58","name":"NL Asset Management l Amsterdam l Johan Huizingalaan 400 l Deel 1","address":"David Ricardostraat 1","city":"Amsterdam","operatorName":"Opcharge","maxPowerKw":22,"isMegawatt":false,"status":"UNAVAILABLE","source":"ndw","priceKwh":0.49}},{"type":"Feature","geometry":{"type":"Point","coordinates":[4.871855,52.34466]},"properties":{"type":"charge","layer":"passenger","locationId":"553BDD80-C9C6-4938-9E9E-5DF8F4AE4BCC","name":"TNLP011685 - Stadionkade 20, Amsterdam","address":"20 Stadionkade","city":"Amsterdam","operatorName":"TotalEnergies","maxPowerKw":17,"isMegawatt":false,"status":"AVAILABLE","source":"ndw"}},{"type":"Feature","geometry":{"type":"Point","coordinates":[4.938763,52.376926]},"properties":{"type":"charge","layer":"passenger","locationId":"6BCFE879-6588-4807-AF5A-5EFFE1E09647","name":"TNLP011220 - KNSM-Laan 204, Amsterdam","address":"204 KNSM-Laan","city":"Amsterdam","operatorName":"TotalEnergies","maxPowerKw":17,"isMegawatt":false,"status":"AVAILABLE","source":"ndw"}},{"type":"Feature","geometry":{"type":"Point","coordinates":[4.873692,52.335628]},"properties":{"type":"charge","layer":"passenger","locationId":"116160d724234d0287f13a34e9e39cfa","name":"Zuidas Markt Amsterdam","address":"George Gershwinlaan 1","city":"Amsterdam","operatorName":"","maxPowerKw":22,"isMegawatt":false,"status":"CHARGING","source":"ndw"}},{"type":"Feature","geometry":{"type":"Point","coordinates":[4.852971,52.36013]},"properties":{"type":"charge","layer":"passenger","locationId":"F94D2C9E-303D-44CC-9600-A0366533AF46","name":"TNLP010149 - Hoofdweg 27, Amsterdam","address":"27 Hoofdweg","city":"Amsterdam","operatorName":"TotalEnergies","maxPowerKw":17,"isMegawatt":false,"status":"AVAILABLE","source":"ndw"}},{"type":"Feature","geometry":{"type":"Point","coordinates":[4.944777,52.365856]},"properties":{"type":"charge","layer":"passenger","locationId":"920F7C01-61F1-4DDB-9474-DD2E8E7398D1","name":"TNLP010063 - Kramatweg 2, Amsterdam","address":"2 Kramatweg","city":"Amsterdam","operatorName":"TotalEnergies","maxPowerKw":17,"isMegawatt":false,"status":"CHARGING","source":"ndw"}},{"type":"Feature","geometry":{"type":"Point","coordinates":[4.855346,52.407498]},"properties":{"type":"charge","layer":"passenger","locationId":"a49bb8bd943c45fda648","name":"Road Maintenance Support Coentunnel","address":"Petroleumhavenweg 4","city":"Amsterdam","operatorName":"NRG Mobility","maxPowerKw":11,"isMegawatt":false,"status":"AVAILABLE","source":"ndw","priceKwh":0.4}},{"type":"Feature","geometry":{"type":"Point","coordinates":[4.891982,52.35147]},"properties":{"type":"charge","layer":"passenger","locationId":"8DB7EA42-339A-4E3D-AD74-FAA50BF3E844","name":"TNLP011549 - Rustenburgerstraat 383, Amsterdam","address":"383 Rustenburgerstraat","city":"Amsterdam","operatorName":"TotalEnergies","maxPowerKw":17,"isMegawatt":false,"status":"AVAILABLE","source":"ndw"}},{"type":"Feature","geometry":{"type":"Point","coordinates":[4.802475,52.376465]},"properties":{"type":"charge","layer":"passenger","locationId":"C3CCC2B7-A2C8-4E70-BE9E-7F81ED1C1A9F","name":"TNLP010305 - Troelstralaan 80, Amsterdam","address":"80 Troelstralaan","city":"Amsterdam","operatorName":"TotalEnergies","maxPowerKw":17,"isMegawatt":false,"status":"AVAILABLE","source":"ndw"}},{"type":"Feature","geometry":{"type":"Point","coordinates":[4.78393,52.394874]},"properties":{"type":"charge","layer":"passenger","locationId":"4350730","name":"Laadnet Karhof Carr. Amsterdam BV","address":"Scharenburg 14b","city":"Amsterdam","operatorName":"Laadnet","maxPowerKw":22,"isMegawatt":false,"status":"UNAVAILABLE","source":"ndw"}},{"type":"Feature","geometry":{"type":"Point","coordinates":[4.890434,52.351276]},"properties":{"type":"charge","layer":"passenger","locationId":"EE254C02-FAD2-4B43-83DD-D75809A0D4FA","name":"TNLP010908 - Rustenburgerstraat 405, Amsterdam","address":"405 Rustenburgerstraat","city":"Amsterdam","operatorName":"TotalEnergies","maxPowerKw":14,"isMegawatt":false,"status":"AVAILABLE","source":"ndw"}},{"type":"Feature","geometry":{"type":"Point","coordinates":[4.850243,52.376465]},"properties":{"type":"charge","layer":"passenger","locationId":"1F3BDAED-B3C7-42DD-9CDF-551CD1D604ED","name":"TNLP010946 - Lanseloetstraat 4, Amsterdam","address":"4 Lanseloetstraat","city":"Amsterdam","operatorName":"TotalEnergies","maxPowerKw":17,"isMegawatt":false,"status":"AVAILABLE","source":"ndw"}},{"type":"Feature","geometry":{"type":"Point","coordinates":[4.971405,52.299995]},"properties":{"type":"charge","layer":"passenger","locationId":"B191DF28-CB76-43D6-8E4A-7B0EDE019537","name":"TNLP010603 - Mijndenhof 117, Amsterdam","address":"117 Mijndenhof","city":"Amsterdam","operatorName":"TotalEnergies","maxPowerKw":17,"isMegawatt":false,"status":"AVAILABLE","source":"ndw"}},{"type":"Feature","geometry":{"type":"Point","coordinates":[4.863636,52.374863]},"properties":{"type":"charge","layer":"passenger","locationId":"E14728D4-D42C-4A77-BD60-9F4B00052701","name":"TNLP010023 - Geuzenkade 84, Amsterdam","address":"84 Geuzenkade","city":"Amsterdam","operatorName":"TotalEnergies","maxPowerKw":17,"isMegawatt":false,"status":"AVAILABLE","source":"ndw"}},{"type":"Feature","geometry":{"type":"Point","coordinates":[4.876781,52.399258]},"properties":{"type":"charge","layer":"passenger","locationId":"OST20P0044_0002_1","name":"OST20P0044_0002_1","address":"Danzigerkade 15","city":"Amsterdam","operatorName":"e-VOLTT","maxPowerKw":21,"isMegawatt":false,"status":"AVAILABLE","source":"ndw","priceKwh":0.32}},{"type":"Feature","geometry":{"type":"Point","coordinates":[4.896229,52.358906]},"properties":{"type":"charge","layer":"passenger","locationId":"415036A7-8E84-441B-BCF0-444B1C71B208","name":"TNLP011077 - Nicolaas Witsenstraat 10, Amsterdam","address":"10 Nicolaas Witsenstraat","city":"Amsterdam","operatorName":"TotalEnergies","maxPowerKw":17,"isMegawatt":false,"status":"CHARGING","source":"ndw"}},{"type":"Feature","geometry":{"type":"Point","coordinates":[4.872706,52.33492]},"properties":{"type":"charge","layer":"passenger","locationId":"501A30AC-7A3F-4644-9923-F44DF07DD162","name":"TNLP010623 - De Boelelaan 849, Amsterdam","address":"849 De Boelelaan","city":"Amsterdam","operatorName":"TotalEnergies","maxPowerKw":17,"isMegawatt":false,"status":"AVAILABLE","source":"ndw"}},{"type":"Feature","geometry":{"type":"Point","coordinates":[4.866425,52.3642]},"properties":{"type":"charge","layer":"passenger","locationId":"825F3BEA-6275-4A05-8A4B-EC6F15E69BD4","name":"TNLP010909 - Nicolaas Beetsstraat 245, Amsterdam","address":"245 Nicolaas Beetsstraat","city":"Amsterdam","operatorName":"TotalEnergies","maxPowerKw":17,"isMegawatt":false,"status":"AVAILABLE","source":"ndw"}},{"type":"Feature","geometry":{"type":"Point","coordinates":[4.841336,52.381638]},"properties":{"type":"charge","layer":"passenger","locationId":"4923867c-36cb-41ff-b3c7-295165a7165b","name":"TNLP011875 - Wiltzanghlaan 85, Amsterdam","address":"85 Wiltzanghlaan","city":"Amsterdam","operatorName":"TotalEnergies","maxPowerKw":17,"isMegawatt":false,"status":"AVAILABLE","source":"ndw"}},{"type":"Feature","geometry":{"type":"Point","coordinates":[4.970541,52.302483]},"properties":{"type":"charge","layer":"passenger","locationId":"95C92478-EF86-4866-A36E-62C1C5B67A1D","name":"TNLP010165 - Mijehof 61, Amsterdam","address":"61 Mijehof","city":"Amsterdam","operatorName":"TotalEnergies","maxPowerKw":17,"isMegawatt":false,"status":"AVAILABLE","source":"ndw"}},{"type":"Feature","geometry":{"type":"Point","coordinates":[4.794425,52.401276]},"properties":{"type":"charge","layer":"passenger","locationId":"651fda6e9eff7100208bd5ff","name":"AEB (Hoofdkantoor) - Amsterdam","address":"Australiëhavenweg 21","city":"Amsterdam","operatorName":"Fleet Charge Services","maxPowerKw":11,"isMegawatt":false,"status":"AVAILABLE","source":"ndw","priceKwh":0.33}},{"type":"Feature","geometry":{"type":"Point","coordinates":[4.94672,52.310842]},"properties":{"type":"charge","layer":"passenger","locationId":"NLCPIL6810265","name":"EUROPLAZA CP6000","address":"56 Hoogoorddreef","city":"Amsterdam","operatorName":"ChargePoint","maxPowerKw":22,"isMegawatt":false,"status":"CHARGING","source":"ndw","priceKwh":0.57}},{"type":"Feature","geometry":{"type":"Point","coordinates":[4.878318,52.352707]},"properties":{"type":"charge","layer":"passenger","locationId":"8D5E20EF-CBAF-4D7E-9132-6E7E21990005","name":"TNLP010294 - Jacob Obrechtplein 9, Amsterdam","address":"9 Jacob Obrechtplein","city":"Amsterdam","operatorName":"TotalEnergies","maxPowerKw":17,"isMegawatt":false,"status":"AVAILABLE","source":"ndw"}},{"type":"Feature","geometry":{"type":"Point","coordinates":[4.815806,52.34605]},"properties":{"type":"charge","layer":"passenger","locationId":"00EB5C11-80CE-4E67-AA83-695A34A6D861","name":"TNLP011653 - Laan van Vlaanderen 134, Amsterdam","address":"134 Laan van Vlaanderen","city":"Amsterdam","operatorName":"TotalEnergies","maxPowerKw":17,"isMegawatt":false,"status":"AVAILABLE","source":"ndw"}},{"type":"Feature","geometry":{"type":"Point","coordinates":[4.94118,52.310243]},"properties":{"type":"charge","layer":"passenger","locationId":"NLLOC021201","name":"NLD, Amsterdam, De Entree 228","address":"De Entree 228","city":"Amsterdam","operatorName":"Allego","maxPowerKw":22,"isMegawatt":false,"status":"AVAILABLE","source":"ndw","priceKwh":0.495}},{"type":"Feature","geometry":{"type":"Point","coordinates":[4.885281,52.41151]},"properties":{"type":"charge","layer":"passenger","locationId":"5191BDA1-5A85-44AC-BF3D-EDB2881FF3F9","name":"TNLP010532 - Pegasusstraat 2, Amsterdam","address":"2 Pegasusstraat","city":"Amsterdam","operatorName":"TotalEnergies","maxPowerKw":17,"isMegawatt":false,"status":"AVAILABLE","source":"ndw"}},{"type":"Feature","geometry":{"type":"Point","coordinates":[5.050838,52.300674]},"properties":{"type":"charge","layer":"passenger","locationId":"5630B1FC-13DC-4425-AD77-C1F390C0C086","name":"TNLP011694 - Meester J.C. Bührmannlaan 31, Weesp","address":"31 Meester J.C. Bührmannlaan","city":"Weesp","operatorName":"TotalEnergies","maxPowerKw":17,"isMegawatt":false,"status":"CHARGING","source":"ndw"}},{"type":"Feature","geometry":{"type":"Point","coordinates":[4.89474,52.38467]},"properties":{"type":"charge","layer":"passenger","locationId":"012A77A8-1960-4E8C-8C00-5987F7798691","name":"Eneco eMobility Interparking - IJdok","address":"IJdok 33","city":"Amsterdam","operatorName":"Eneco","maxPowerKw":22,"isMegawatt":false,"status":"UNAVAILABLE","source":"ndw","priceKwh":0.48}},{"type":"Feature","geometry":{"type":"Point","coordinates":[4.796574,52.352654]},"properties":{"type":"charge","layer":"passenger","locationId":"EAC58D87-E6FB-4456-8B04-CC196E56A3DF","name":"TNLP010454 - J.S. Ruppertstraat 33, Amsterdam","address":"33 J.S. Ruppertstraat","city":"Amsterdam","operatorName":"TotalEnergies","maxPowerKw":17,"isMegawatt":false,"status":"AVAILABLE","source":"ndw"}},{"type":"Feature","geometry":{"type":"Point","coordinates":[5.037962,52.304401]},"properties":{"type":"charge","layer":"passenger","locationId":"614c356c94280a99f144b223","name":"Thuis","address":"C.J.van Houtenlaan 9","city":"Weesp","operatorName":"E-Flux by Road","maxPowerKw":17,"isMegawatt":false,"status":"AVAILABLE","source":"ndw","priceKwh":0.33}},{"type":"Feature","geometry":{"type":"Point","coordinates":[4.962473,52.297005]},"properties":{"type":"charge","layer":"passenger","locationId":"f1eb43ab-0fa6-4e2f-91c9-f14d37e2b513","name":"TNLP010894 - Opheusdenhof 171, Amsterdam","address":"171 Opheusdenhof","city":"Amsterdam","operatorName":"TotalEnergies","maxPowerKw":17,"isMegawatt":false,"status":"AVAILABLE","source":"ndw"}},{"type":"Feature","geometry":{"type":"Point","coordinates":[4.877091,52.370071]},"properties":{"type":"charge","layer":"passenger","locationId":"B8E3221F-19D8-4353-8BD4-5FDE5AEF487F","name":"Q-Park Amsterdam Europarking","address":"Marnixstraat 250","city":"Amsterdam","operatorName":"Q-Park Netherlands","maxPowerKw":11,"isMegawatt":false,"status":"AVAILABLE","source":"ndw"}},{"type":"Feature","geometry":{"type":"Point","coordinates":[4.95549,52.3128]},"properties":{"type":"charge","layer":"passenger","locationId":"7e36bd46-10c4-4380-b8f6-c2bfc3ae86eb","name":"TNLP011879 - Hoogoord 3, Amsterdam","address":"3 Hoogoord","city":"Amsterdam","operatorName":"TotalEnergies","maxPowerKw":17,"isMegawatt":false,"status":"CHARGING","source":"ndw"}},{"type":"Feature","geometry":{"type":"Point","coordinates":[4.829846,52.340746]},"properties":{"type":"charge","layer":"passenger","locationId":"4227373","name":"Laadnet IBM Nederland BV","address":"Johan Huizingalaan 765","city":"Amsterdam","operatorName":"Laadnet","maxPowerKw":22,"isMegawatt":false,"status":"AVAILABLE","source":"ndw"}},{"type":"Feature","geometry":{"type":"Point","coordinates":[4.907696,52.372402]},"properties":{"type":"charge","layer":"passenger","locationId":"22D52C85-C86A-44E7-8E03-E657F00D0FE7","name":"TNLP011486 - s-Gravenhekje 1, Amsterdam","address":"1 s-Gravenhekje","city":"Amsterdam","operatorName":"TotalEnergies","maxPowerKw":17,"isMegawatt":false,"status":"AVAILABLE","source":"ndw"}},{"type":"Feature","geometry":{"type":"Point","coordinates":[4.947655,52.323975]},"properties":{"type":"charge","layer":"passenger","locationId":"AF003489-B005-4D29-986F-995D544A6BD6","name":"TNLP010040 - Dostojevskisingel 137, Amsterdam","address":"137 Dostojevskisingel","city":"Amsterdam","operatorName":"TotalEnergies","maxPowerKw":17,"isMegawatt":false,"status":"AVAILABLE","source":"ndw"}},{"type":"Feature","geometry":{"type":"Point","coordinates":[4.925369,52.386511]},"properties":{"type":"charge","layer":"passenger","locationId":"1504742","name":"Laadnet Isero Amsterdam Hamerkwartier","address":"Johan van Hasseltweg 59","city":"Amsterdam","operatorName":"Laadnet","maxPowerKw":22,"isMegawatt":false,"status":"AVAILABLE","source":"ndw"}},{"type":"Feature","geometry":{"type":"Point","coordinates":[4.839677,52.374695]},"properties":{"type":"charge","layer":"passenger","locationId":"4d0d7dec-c8e9-4229-b4be-2a343d1dc01b","name":"TNLP011032 - Fanny Blankers-Koenlaan 18, Amsterdam","address":"18 Fanny Blankers-Koenlaan","city":"Amsterdam","operatorName":"TotalEnergies","maxPowerKw":17,"isMegawatt":false,"status":"AVAILABLE","source":"ndw"}},{"type":"Feature","geometry":{"type":"Point","coordinates":[4.871325,52.347263]},"properties":{"type":"charge","layer":"passenger","locationId":"fea23c18-5eb3-4da9-b649-c371cb392d11","name":"TNLP010236 - Michelangelostraat 65, Amsterdam","address":"65 Michelangelostraat","city":"Amsterdam","operatorName":"TotalEnergies","maxPowerKw":17,"isMegawatt":false,"status":"AVAILABLE","source":"ndw"}},{"type":"Feature","geometry":{"type":"Point","coordinates":[4.794646,52.361492]},"properties":{"type":"charge","layer":"passenger","locationId":"E423F947-040A-4B31-A0CB-6252852229C9","name":"TNLP010784 - Reimerswaalstraat 66, Amsterdam","address":"66 Reimerswaalstraat","city":"Amsterdam","operatorName":"TotalEnergies","maxPowerKw":17,"isMegawatt":false,"status":"AVAILABLE","source":"ndw"}},{"type":"Feature","geometry":{"type":"Point","coordinates":[4.956268,52.39325]},"properties":{"type":"charge","layer":"passenger","locationId":"7E80AEB9-F8A2-429B-A699-D55353FD3E89","name":"TNLP010344 - IJdoornlaan 261, Amsterdam","address":"261 IJdoornlaan","city":"Amsterdam","operatorName":"TotalEnergies","maxPowerKw":17,"isMegawatt":false,"status":"AVAILABLE","source":"ndw"}},{"type":"Feature","geometry":{"type":"Point","coordinates":[4.971807,52.309406]},"properties":{"type":"charge","layer":"passenger","locationId":"NLENV262","name":"Amsterdam, Gooise Kant 350 - Switi","address":"Gooise Kant 350","city":"Amsterdam","operatorName":"","maxPowerKw":11,"isMegawatt":false,"status":"AVAILABLE","source":"ndw","priceKwh":0.35}},{"type":"Feature","geometry":{"type":"Point","coordinates":[4.7881,52.3915]},"properties":{"type":"charge","layer":"passenger","locationId":"E92C4B29-1E58-4D07-AFFC-D64062C1A88B","name":"Eneco eMobility Verfgroothandel Plug B.V. - Bolstoen","address":"Bolstoen 8","city":"Amsterdam","operatorName":"Eneco","maxPowerKw":22,"isMegawatt":false,"status":"AVAILABLE","source":"ndw","priceKwh":0.32}},{"type":"Feature","geometry":{"type":"Point","coordinates":[4.926372,52.37948]},"properties":{"type":"charge","layer":"passenger","locationId":"79ECA1AB-6FED-410F-A3A2-C765EF5A0B1F","name":"TNLP011390 - Sumatrakade 1163, Amsterdam","address":"1163 Sumatrakade","city":"Amsterdam","operatorName":"TotalEnergies","maxPowerKw":17,"isMegawatt":false,"status":"AVAILABLE","source":"ndw"}},{"type":"Feature","geometry":{"type":"Point","coordinates":[4.995449,52.35547]},"properties":{"type":"charge","layer":"passenger","locationId":"953B0BDC-BD0F-40C3-BAEA-821FCCBFD7C5","name":"TNLP010954 - Diemerparklaan 15, Amsterdam","address":"15 Diemerparklaan","city":"Amsterdam","operatorName":"TotalEnergies","maxPowerKw":17,"isMegawatt":false,"status":"AVAILABLE","source":"ndw"}},{"type":"Feature","geometry":{"type":"Point","coordinates":[4.881971,52.390366]},"properties":{"type":"charge","layer":"passenger","locationId":"c9613515-6493-4a43-aa8b-9de94774698e","name":"TNLP011111 - Nova Zemblastraat 210, Amsterdam","address":"210 Nova Zemblastraat","city":"Amsterdam","operatorName":"TotalEnergies","maxPowerKw":17,"isMegawatt":false,"status":"AVAILABLE","source":"ndw"}},{"type":"Feature","geometry":{"type":"Point","coordinates":[4.942459,52.373913]},"properties":{"type":"charge","layer":"passenger","locationId":"d1a53a30-4f7f-41db-ba77-cb5f0df38db8","name":"TNLP010428 - Ertskade 151, Amsterdam","address":"151 Ertskade","city":"Amsterdam","operatorName":"TotalEnergies","maxPowerKw":17,"isMegawatt":false,"status":"AVAILABLE","source":"ndw"}},{"type":"Feature","geometry":{"type":"Point","coordinates":[4.871342,52.374813]},"properties":{"type":"charge","layer":"passenger","locationId":"58D40A76-B613-40BF-81A0-CE87630F9137","name":"TNLP010745 - Van Reigersbergenstraat 3, Amsterdam","address":"3 Van Reigersbergenstraat","city":"Amsterdam","operatorName":"TotalEnergies","maxPowerKw":17,"isMegawatt":false,"status":"CHARGING","source":"ndw"}},{"type":"Feature","geometry":{"type":"Point","coordinates":[4.894227,52.384732]},"properties":{"type":"charge","layer":"passenger","locationId":"nl-7730","name":"Interparking IJDock","address":"IJdok 33","city":"Amsterdam","operatorName":"Interparking Netherlands","maxPowerKw":11,"isMegawatt":false,"status":"AVAILABLE","source":"ndw"}},{"type":"Feature","geometry":{"type":"Point","coordinates":[4.872982,52.383938]},"properties":{"type":"charge","layer":"passenger","locationId":"340058B5-1241-47C0-839C-8B95689840AD","name":"TNLP010138 - Cliffordstraat 7, Amsterdam","address":"7 Cliffordstraat","city":"Amsterdam","operatorName":"TotalEnergies","maxPowerKw":17,"isMegawatt":false,"status":"AVAILABLE","source":"ndw"}},{"type":"Feature","geometry":{"type":"Point","coordinates":[4.877841,52.336849]},"properties":{"type":"charge","layer":"passenger","locationId":"9BA9A0CC-1C5A-44F7-9FC5-9E1914591B28","name":"Q-Park Amsterdam Valley","address":"Beethovenstraat 301","city":"Amsterdam","operatorName":"Q-Park Netherlands","maxPowerKw":11,"isMegawatt":false,"status":"AVAILABLE","source":"ndw"}},{"type":"Feature","geometry":{"type":"Point","coordinates":[4.893108,52.356598]},"properties":{"type":"charge","layer":"passenger","locationId":"04321B17-CA7F-492F-B81B-8EF53294E3F5","name":"TNLP010234 - Quellijnstraat 116, Amsterdam","address":"116 Quellijnstraat","city":"Amsterdam","operatorName":"TotalEnergies","maxPowerKw":17,"isMegawatt":false,"status":"AVAILABLE","source":"ndw"}},{"type":"Feature","geometry":{"type":"Point","coordinates":[5.049749,52.310477]},"properties":{"type":"charge","layer":"passenger","locationId":"89444013","name":"Van Leeuwen Nesland 1-5","address":"Nesland 1-5","city":"Weesp","operatorName":"Van Leeuwen","maxPowerKw":22,"isMegawatt":false,"status":"AVAILABLE","source":"ndw"}},{"type":"Feature","geometry":{"type":"Point","coordinates":[4.958245,52.395702]},"properties":{"type":"charge","layer":"passenger","locationId":"8AF4FA2F-B272-488F-BF65-B3E420115161","name":"TNLP010800 - Wieringerwaardstraat 50, Amsterdam","address":"50 Wieringerwaardstraat","city":"Amsterdam","operatorName":"TotalEnergies","maxPowerKw":17,"isMegawatt":false,"status":"AVAILABLE","source":"ndw"}},{"type":"Feature","geometry":{"type":"Point","coordinates":[4.909587,52.357616]},"properties":{"type":"charge","layer":"passenger","locationId":"9AF975A8-4478-4015-8452-3D96D134AC4E","name":"TNLP010112 - Wibautstraat 24, Amsterdam","address":"24 Wibautstraat","city":"Amsterdam","operatorName":"TotalEnergies","maxPowerKw":17,"isMegawatt":false,"status":"AVAILABLE","source":"ndw"}},{"type":"Feature","geometry":{"type":"Point","coordinates":[4.855232,52.361607]},"properties":{"type":"charge","layer":"passenger","locationId":"A8E0941F-190D-43B4-A002-D60089E19D5E","name":"TNLP010445 - Bonairestraat 61, Amsterdam","address":"61 Bonairestraat","city":"Amsterdam","operatorName":"TotalEnergies","maxPowerKw":17,"isMegawatt":false,"status":"CHARGING","source":"ndw"}},{"type":"Feature","geometry":{"type":"Point","coordinates":[4.792188,52.357067]},"properties":{"type":"charge","layer":"passenger","locationId":"ECD41BD7-5C84-4770-9B12-4B6E05986D9E","name":"TNLP011866 - Pakingehof 32, Amsterdam","address":"32 Pakingehof","city":"Amsterdam","operatorName":"TotalEnergies","maxPowerKw":17,"isMegawatt":false,"status":"AVAILABLE","source":"ndw"}},{"type":"Feature","geometry":{"type":"Point","coordinates":[4.90348,52.36905]},"properties":{"type":"charge","layer":"passenger","locationId":"70376178-9CDF-4688-A95A-DCC4CC7F55D2","name":"Q-Park Amsterdam Waterlooplein","address":"Valkenburgerstraat 238","city":"Amsterdam","operatorName":"Q-Park Netherlands","maxPowerKw":11,"isMegawatt":false,"status":"AVAILABLE","source":"ndw"}},{"type":"Feature","geometry":{"type":"Point","coordinates":[4.939444,52.353115]},"properties":{"type":"charge","layer":"passenger","locationId":"91140C25-9B59-40DF-A2D2-5AD64ED34771","name":"TNLP011501 - Radioweg 2, Amsterdam","address":"2 Radioweg","city":"Amsterdam","operatorName":"TotalEnergies","maxPowerKw":17,"isMegawatt":false,"status":"AVAILABLE","source":"ndw"}},{"type":"Feature","geometry":{"type":"Point","coordinates":[4.907657,52.343025]},"properties":{"type":"charge","layer":"passenger","locationId":"950BD1E2-A918-4521-A650-54ED7CD600E5","name":"TNLP010345 - Uiterwaardenstraat 98, Amsterdam","address":"98 Uiterwaardenstraat","city":"Amsterdam","operatorName":"TotalEnergies","maxPowerKw":17,"isMegawatt":false,"status":"CHARGING","source":"ndw"}},{"type":"Feature","geometry":{"type":"Point","coordinates":[4.85446,52.369198]},"properties":{"type":"charge","layer":"passenger","locationId":"0A39F9B6-CCA8-4857-8F9D-552D110FA133","name":"TNLP010783 - Vespuccistraat 1, Amsterdam","address":"1 Vespuccistraat","city":"Amsterdam","operatorName":"TotalEnergies","maxPowerKw":17,"isMegawatt":false,"status":"AVAILABLE","source":"ndw"}},{"type":"Feature","geometry":{"type":"Point","coordinates":[4.876596,52.378686]},"properties":{"type":"charge","layer":"passenger","locationId":"NLLOC027825","name":"NLD. Amsterdam Marnixgarage","address":"Frederik Hendrikplantsoen 25","city":"Amsterdam","operatorName":"Allego","maxPowerKw":22,"isMegawatt":false,"status":"AVAILABLE","source":"ndw","priceKwh":0.4}},{"type":"Feature","geometry":{"type":"Point","coordinates":[4.90967,52.38232]},"properties":{"type":"charge","layer":"passenger","locationId":"011E005A-2B2D-45E5-8D2B-E90D77208C86","name":"TNLP010456 - IJplein 90, Amsterdam","address":"90 IJplein","city":"Amsterdam","operatorName":"TotalEnergies","maxPowerKw":17,"isMegawatt":false,"status":"AVAILABLE","source":"ndw"}},{"type":"Feature","geometry":{"type":"Point","coordinates":[4.917488,52.394627]},"properties":{"type":"charge","layer":"passenger","locationId":"110669B6-59FE-43E6-9766-2815657E046E","name":"TNLP010727 - Hortensiastraat 4, Amsterdam","address":"4 Hortensiastraat","city":"Amsterdam","operatorName":"TotalEnergies","maxPowerKw":17,"isMegawatt":false,"status":"AVAILABLE","source":"ndw"}},{"type":"Feature","geometry":{"type":"Point","coordinates":[4.800372,52.352726]},"properties":{"type":"charge","layer":"passenger","locationId":"82629F94-D2D9-4E6D-82AF-E2864888E7F9","name":"TNLP011237 - Koos Vorrinkweg 43, Amsterdam","address":"43 Koos Vorrinkweg","city":"Amsterdam","operatorName":"TotalEnergies","maxPowerKw":17,"isMegawatt":false,"status":"AVAILABLE","source":"ndw"}},{"type":"Feature","geometry":{"type":"Point","coordinates":[4.824387,52.341006]},"properties":{"type":"charge","layer":"passenger","locationId":"90693770","name":"50five-S NL 08102878","address":"John M. Keynesplein 2","city":"Amsterdam","operatorName":"50five","maxPowerKw":22,"isMegawatt":false,"status":"AVAILABLE","source":"ndw"}},{"type":"Feature","geometry":{"type":"Point","coordinates":[4.871346,52.399734]},"properties":{"type":"charge","layer":"passenger","locationId":"4248188","name":"Laadnet Rijnboutt","address":"Moermanskkade 317","city":"Amsterdam","operatorName":"Laadnet","maxPowerKw":22,"isMegawatt":false,"status":"UNAVAILABLE","source":"ndw"}},{"type":"Feature","geometry":{"type":"Point","coordinates":[4.924835,52.388226]},"properties":{"type":"charge","layer":"passenger","locationId":"F5C0D743-C4D6-4C37-8D66-4E23A8507316","name":"TNLP011795 - Meeuwenlaan 273 273, Amsterdam","address":"273 273 Meeuwenlaan","city":"Amsterdam","operatorName":"TotalEnergies","maxPowerKw":17,"isMegawatt":false,"status":"AVAILABLE","source":"ndw"}},{"type":"Feature","geometry":{"type":"Point","coordinates":[5.049066,52.311607]},"properties":{"type":"charge","layer":"passenger","locationId":"67a49473fed19f9762ebefca","name":"Amstarr VvE beheer 's station","address":"Nijverheidslaan 3A15","city":"Weesp","operatorName":"E-Flux by Road","maxPowerKw":22,"isMegawatt":false,"status":"AVAILABLE","source":"ndw","priceKwh":1.03}},{"type":"Feature","geometry":{"type":"Point","coordinates":[4.91948,52.346347]},"properties":{"type":"charge","layer":"passenger","locationId":"59B1E873-E696-4F9F-B556-C8068413EB70","name":"Q-Park Amsterdam Amstel","address":"Julianaplein 1","city":"Amsterdam","operatorName":"Q-Park Netherlands","maxPowerKw":11,"isMegawatt":false,"status":"AVAILABLE","source":"ndw"}},{"type":"Feature","geometry":{"type":"Point","coordinates":[4.795576,52.37483]},"properties":{"type":"charge","layer":"passenger","locationId":"1EF83C2C-9B16-45F3-9601-9AA9A45E6E50","name":"TNLP011375 - Van Karnebeekstraat 75, Amsterdam","address":"75 Van Karnebeekstraat","city":"Amsterdam","operatorName":"TotalEnergies","maxPowerKw":17,"isMegawatt":false,"status":"AVAILABLE","source":"ndw"}},{"type":"Feature","geometry":{"type":"Point","coordinates":[4.876781,52.399258]},"properties":{"type":"charge","layer":"passenger","locationId":"OST20P0044_0003_1","name":"OST20P0044_0003_1","address":"Danzigerkade 15","city":"Amsterdam","operatorName":"e-VOLTT","maxPowerKw":21,"isMegawatt":false,"status":"AVAILABLE","source":"ndw","priceKwh":0.32}},{"type":"Feature","geometry":{"type":"Point","coordinates":[4.914189,52.357018]},"properties":{"type":"charge","layer":"passenger","locationId":"677BB97D-CD53-4DF2-87A2-E787184A0837","name":"TNLP011319 - Iepenweg 19, Amsterdam","address":"19 Iepenweg","city":"Amsterdam","operatorName":"TotalEnergies","maxPowerKw":17,"isMegawatt":false,"status":"AVAILABLE","source":"ndw"}},{"type":"Feature","geometry":{"type":"Point","coordinates":[4.892852,52.343327]},"properties":{"type":"charge","layer":"passenger","locationId":"3ebb7c9a-a36d-400c-a895-49cdaa385d51","name":"TNLP010469 - Zoomstraat 41, Amsterdam","address":"41 Zoomstraat","city":"Amsterdam","operatorName":"TotalEnergies","maxPowerKw":17,"isMegawatt":false,"status":"AVAILABLE","source":"ndw"}},{"type":"Feature","geometry":{"type":"Point","coordinates":[4.85108,52.38189]},"properties":{"type":"charge","layer":"passenger","locationId":"07D733F5-8185-471F-9036-E6DFEEEBE742","name":"TNLP010160 - Hertspieghelweg 86, Amsterdam","address":"86 Hertspieghelweg","city":"Amsterdam","operatorName":"TotalEnergies","maxPowerKw":17,"isMegawatt":false,"status":"AVAILABLE","source":"ndw"}},{"type":"Feature","geometry":{"type":"Point","coordinates":[4.910412,52.343246]},"properties":{"type":"charge","layer":"passenger","locationId":"1828ac10-0e6c-4c2e-9e0c-0828e5fe2776","name":"TNLP011035 - Reitdiepstraat 12 II, Amsterdam","address":"12 II Reitdiepstraat","city":"Amsterdam","operatorName":"TotalEnergies","maxPowerKw":17,"isMegawatt":false,"status":"AVAILABLE","source":"ndw"}},{"type":"Feature","geometry":{"type":"Point","coordinates":[5.053002,52.321805]},"properties":{"type":"charge","layer":"passenger","locationId":"3214878","name":"Laadnet Swaen4","address":"Swaenenvechtstraat 4","city":"Weesp","operatorName":"Laadnet","maxPowerKw":11,"isMegawatt":false,"status":"UNAVAILABLE","source":"ndw"}},{"type":"Feature","geometry":{"type":"Point","coordinates":[4.949948,52.322956]},"properties":{"type":"charge","layer":"passenger","locationId":"A0DC5DD5-FA07-4B44-A148-58A871104F10","name":"TNLP010081 - Dubbelink 11, Amsterdam","address":"11 Dubbelink","city":"Amsterdam","operatorName":"TotalEnergies","maxPowerKw":17,"isMegawatt":false,"status":"CHARGING","source":"ndw"}},{"type":"Feature","geometry":{"type":"Point","coordinates":[4.835966,52.367535]},"properties":{"type":"charge","layer":"passenger","locationId":"44D328BB-A2BB-4E4D-9668-F7841C927C74","name":"TNLP011293 - Karel Klinkenbergstraat 38, Amsterdam","address":"38 Karel Klinkenbergstraat","city":"Amsterdam","operatorName":"TotalEnergies","maxPowerKw":17,"isMegawatt":false,"status":"AVAILABLE","source":"ndw"}},{"type":"Feature","geometry":{"type":"Point","coordinates":[4.855033,52.37826]},"properties":{"type":"charge","layer":"passenger","locationId":"128AAC0B-9B05-4990-863D-EC398F1459F9","name":"TNLP011196 - Ferguutstraat 20, Amsterdam","address":"20 Ferguutstraat","city":"Amsterdam","operatorName":"TotalEnergies","maxPowerKw":17,"isMegawatt":false,"status":"AVAILABLE","source":"ndw"}},{"type":"Feature","geometry":{"type":"Point","coordinates":[4.875575,52.401635]},"properties":{"type":"charge","layer":"passenger","locationId":"91105955","name":"50five-S NL 04004421","address":"Danzigerkade 125","city":"Amsterdam","operatorName":"50five","maxPowerKw":7,"isMegawatt":false,"status":"AVAILABLE","source":"ndw"}},{"type":"Feature","geometry":{"type":"Point","coordinates":[4.93812,52.347176]},"properties":{"type":"charge","layer":"passenger","locationId":"3CAE2798-9326-41A0-9D79-4509E383A3AA","name":"TNLP011518 - Jennerstraat 35, Amsterdam","address":"35 Jennerstraat","city":"Amsterdam","operatorName":"TotalEnergies","maxPowerKw":17,"isMegawatt":false,"status":"AVAILABLE","source":"ndw"}},{"type":"Feature","geometry":{"type":"Point","coordinates":[4.929654,52.353916]},"properties":{"type":"charge","layer":"passenger","locationId":"3799466b-8592-438e-b48c-1ebe9fc69ae7","name":"TNLP010793 - Zacharias Jansestraat 1, Amsterdam","address":"1 Zacharias Jansestraat","city":"Amsterdam","operatorName":"TotalEnergies","maxPowerKw":17,"isMegawatt":false,"status":"AVAILABLE","source":"ndw"}},{"type":"Feature","geometry":{"type":"Point","coordinates":[4.94936,52.31363]},"properties":{"type":"charge","layer":"passenger","locationId":"28D1E943-229F-43EF-8EAD-4A936A1E77BA","name":"Eneco eMobility ING Bank NV Treasury, Foppingadreef 7, Amsterdam","address":"Foppingadreef 7","city":"Amsterdam Zuidoost","operatorName":"Eneco","maxPowerKw":22,"isMegawatt":false,"status":"AVAILABLE","source":"ndw","priceKwh":0.3}},{"type":"Feature","geometry":{"type":"Point","coordinates":[4.932629,52.407759]},"properties":{"type":"charge","layer":"passenger","locationId":"3588051","name":"Laadnet Aernout Pleket Voice Services","address":"G.J. Scheurleerweg 148","city":"Amsterdam","operatorName":"Laadnet","maxPowerKw":22,"isMegawatt":false,"status":"AVAILABLE","source":"ndw"}},{"type":"Feature","geometry":{"type":"Point","coordinates":[4.855906,52.380737]},"properties":{"type":"charge","layer":"passenger","locationId":"07E6146A-A570-4337-8FBF-DB80ACA6C09F","name":"TNLP011415 - Bestevâerstraat 271 B, Amsterdam","address":"271 B Bestevâerstraat","city":"Amsterdam","operatorName":"TotalEnergies","maxPowerKw":17,"isMegawatt":false,"status":"AVAILABLE","source":"ndw"}},{"type":"Feature","geometry":{"type":"Point","coordinates":[4.868441,52.369694]},"properties":{"type":"charge","layer":"passenger","locationId":"7ae144ac-fadb-48d8-8ab5-3998d3c266c7","name":"TNLP010143 - Bilderdijkkade 30, Amsterdam","address":"30 Bilderdijkkade","city":"Amsterdam","operatorName":"TotalEnergies","maxPowerKw":17,"isMegawatt":false,"status":"AVAILABLE","source":"ndw"}},{"type":"Feature","geometry":{"type":"Point","coordinates":[4.83156,52.388296]},"properties":{"type":"charge","layer":"passenger","locationId":"52892821-70EE-4B8B-AA25-ADB73E32E490","name":"Eneco eMobility PCH IFMS - Amsterdam","address":"Naritaweg 12","city":"Amsterdam","operatorName":"Eneco","maxPowerKw":22,"isMegawatt":false,"status":"AVAILABLE","source":"ndw","priceKwh":0.37}},{"type":"Feature","geometry":{"type":"Point","coordinates":[4.800714,52.375368]},"properties":{"type":"charge","layer":"passenger","locationId":"91013033","name":"50five-S NL 98833.0","address":"Kanaalweg 4","city":"Veenendaal","operatorName":"50five","maxPowerKw":11,"isMegawatt":false,"status":"AVAILABLE","source":"ndw"}},{"type":"Feature","geometry":{"type":"Point","coordinates":[4.849115,52.380234]},"properties":{"type":"charge","layer":"passenger","locationId":"725BFF96-9E4D-4EF6-B93E-135FC5DE3819","name":"TNLP010948 - Leeuwendalersweg 18, Amsterdam","address":"18 Leeuwendalersweg","city":"Amsterdam","operatorName":"TotalEnergies","maxPowerKw":17,"isMegawatt":false,"status":"AVAILABLE","source":"ndw"}},{"type":"Feature","geometry":{"type":"Point","coordinates":[4.843391,52.364624]},"properties":{"type":"charge","layer":"passenger","locationId":"696c9f58-8fa1-4774-8d8d-3aefa4e025db","name":"Laadplein - TNLP010215 - Staalmeesterslaan 85, Amsterdam","address":"85 Staalmeesterslaan","city":"Amsterdam","operatorName":"TotalEnergies","maxPowerKw":17,"isMegawatt":false,"status":"AVAILABLE","source":"ndw"}},{"type":"Feature","geometry":{"type":"Point","coordinates":[4.826067,52.341223]},"properties":{"type":"charge","layer":"passenger","locationId":"90384955","name":"50five Exploitatie Florisse Say","address":"John M. Keynesplein 1-27","city":"Amsterdam","operatorName":"50five","maxPowerKw":11,"isMegawatt":false,"status":"AVAILABLE","source":"ndw"}},{"type":"Feature","geometry":{"type":"Point","coordinates":[4.876781,52.399258]},"properties":{"type":"charge","layer":"passenger","locationId":"OST20P0044_0003_0","name":"OST20P0044_0003_0","address":"Danzigerkade 15","city":"Amsterdam","operatorName":"e-VOLTT","maxPowerKw":21,"isMegawatt":false,"status":"AVAILABLE","source":"ndw","priceKwh":0.32}},{"type":"Feature","geometry":{"type":"Point","coordinates":[4.876781,52.399258]},"properties":{"type":"charge","layer":"passenger","locationId":"OST20P0044_0003_2","name":"OST20P0044_0003_2","address":"Danzigerkade 15","city":"Amsterdam","operatorName":"e-VOLTT","maxPowerKw":21,"isMegawatt":false,"status":"AVAILABLE","source":"ndw","priceKwh":0.32}},{"type":"Feature","geometry":{"type":"Point","coordinates":[4.786153,52.39111]},"properties":{"type":"charge","layer":"passenger","locationId":"8C40CAEF-8BA4-44BF-B6FD-73E32714C972","name":"TNLP011210 - Pleimuiden 8 F, Amsterdam","address":"8 F Pleimuiden","city":"Amsterdam","operatorName":"TotalEnergies","maxPowerKw":17,"isMegawatt":false,"status":"AVAILABLE","source":"ndw"}},{"type":"Feature","geometry":{"type":"Point","coordinates":[4.791369,52.38189]},"properties":{"type":"charge","layer":"passenger","locationId":"86CF2D92-9EB0-4350-B458-402B0DFA3889","name":"TNLP010441 - L.J.M. Beelstraat 1, Amsterdam","address":"1 L.J.M. Beelstraat","city":"Amsterdam","operatorName":"TotalEnergies","maxPowerKw":17,"isMegawatt":false,"status":"AVAILABLE","source":"ndw"}},{"type":"Feature","geometry":{"type":"Point","coordinates":[4.858929,52.3797]},"properties":{"type":"charge","layer":"passenger","locationId":"6B54848B-0B94-4A1C-A033-CBF41838ED13","name":"TNLP011224 - Karel Doormanstraat 132, Amsterdam","address":"132 Karel Doormanstraat","city":"Amsterdam","operatorName":"TotalEnergies","maxPowerKw":17,"isMegawatt":false,"status":"CHARGING","source":"ndw"}},{"type":"Feature","geometry":{"type":"Point","coordinates":[4.954084,52.411379]},"properties":{"type":"charge","layer":"passenger","locationId":"1591067","name":"Laadnet BnB Zunderdorp","address":"Termietergouw 10","city":"Amsterdam","operatorName":"Laadnet","maxPowerKw":22,"isMegawatt":false,"status":"AVAILABLE","source":"ndw"}},{"type":"Feature","geometry":{"type":"Point","coordinates":[4.95373,52.30272]},"properties":{"type":"charge","layer":"passenger","locationId":"4E57E6A9-C64C-43C0-BD44-000EA7637EEF","name":"Eneco eMobility ING Bank HBP - Amsterdam","address":"Haarlerbergweg 13-19","city":"Amsterdam","operatorName":"Eneco","maxPowerKw":22,"isMegawatt":false,"status":"AVAILABLE","source":"ndw","priceKwh":0.3}},{"type":"Feature","geometry":{"type":"Point","coordinates":[4.875874,52.391434]},"properties":{"type":"charge","layer":"passenger","locationId":"01EF6878-0052-441C-A1AE-D8C3387E5C70","name":"TNLP010497 - Polanenstraat 331, Amsterdam","address":"331 Polanenstraat","city":"Amsterdam","operatorName":"TotalEnergies","maxPowerKw":17,"isMegawatt":false,"status":"AVAILABLE","source":"ndw"}},{"type":"Feature","geometry":{"type":"Point","coordinates":[4.894035,52.422256]},"properties":{"type":"charge","layer":"passenger","locationId":"05B94CF2-78E0-4A66-B262-4E793A23516C","name":"TNLP010230 - Schelvisch Hoofd 50, Amsterdam","address":"50 Schelvisch Hoofd","city":"Amsterdam","operatorName":"TotalEnergies","maxPowerKw":17,"isMegawatt":false,"status":"AVAILABLE","source":"ndw"}},{"type":"Feature","geometry":{"type":"Point","coordinates":[4.747237,52.41953]},"properties":{"type":"charge","layer":"passenger","locationId":"91230395","name":"50five-S NL 18B06423","address":"Westpoortweg 502","city":"Amsterdam","operatorName":"50five","maxPowerKw":11,"isMegawatt":false,"status":"AVAILABLE","source":"ndw"}},{"type":"Feature","geometry":{"type":"Point","coordinates":[4.94836,52.306331]},"properties":{"type":"charge","layer":"passenger","locationId":"91179661","name":"50five-S NL Amsterdam, Hogehilweg 12","address":"Hogehilweg 12","city":"Amsterdam","operatorName":"50five","maxPowerKw":11,"isMegawatt":false,"status":"AVAILABLE","source":"ndw"}},{"type":"Feature","geometry":{"type":"Point","coordinates":[4.880296,52.395767]},"properties":{"type":"charge","layer":"passenger","locationId":"39C6DD8C-D4B2-48C8-9EF6-A413F685C245","name":"TNLP011881 - Houthavenkade 101, Amsterdam","address":"101 Houthavenkade","city":"Amsterdam","operatorName":"TotalEnergies","maxPowerKw":17,"isMegawatt":false,"status":"AVAILABLE","source":"ndw"}},{"type":"Feature","geometry":{"type":"Point","coordinates":[4.89547,52.36317]},"properties":{"type":"charge","layer":"passenger","locationId":"83C0DB7E-7BB6-442E-93F2-C0A7D38443F0","name":"TNLP011682 - Keizersgracht 708, Amsterdam","address":"708 Keizersgracht","city":"Amsterdam","operatorName":"TotalEnergies","maxPowerKw":17,"isMegawatt":false,"status":"AVAILABLE","source":"ndw"}},{"type":"Feature","geometry":{"type":"Point","coordinates":[4.891315,52.35411]},"properties":{"type":"charge","layer":"passenger","locationId":"211FADBA-66D4-4ACE-AA95-BD75BB06F311","name":"TNLP011470 - Eerste Jan Steenstraat 92, Amsterdam","address":"92 Eerste Jan Steenstraat","city":"Amsterdam","operatorName":"TotalEnergies","maxPowerKw":17,"isMegawatt":false,"status":"AVAILABLE","source":"ndw"}},{"type":"Feature","geometry":{"type":"Point","coordinates":[4.907489,52.386913]},"properties":{"type":"charge","layer":"passenger","locationId":"27655FF2-C0FB-418D-B703-84BCE143E434","name":"TNLP010408 - Ranonkelkade 1, Amsterdam","address":"1 Ranonkelkade","city":"Amsterdam","operatorName":"TotalEnergies","maxPowerKw":17,"isMegawatt":false,"status":"AVAILABLE","source":"ndw"}},{"type":"Feature","geometry":{"type":"Point","coordinates":[4.798892,52.38362]},"properties":{"type":"charge","layer":"passenger","locationId":"59f1b02b-c30f-400b-952f-7d346b8a4158","name":"TNLP010291 - Pieter Postsingel 38, Amsterdam","address":"38 Pieter Postsingel","city":"Amsterdam","operatorName":"TotalEnergies","maxPowerKw":17,"isMegawatt":false,"status":"AVAILABLE","source":"ndw"}},{"type":"Feature","geometry":{"type":"Point","coordinates":[4.907599,52.358036]},"properties":{"type":"charge","layer":"passenger","locationId":"3082A85A-4D70-4EF6-B6C7-D03261BF194B","name":"TNLP011324 - Swammerdamstraat 33, Amsterdam","address":"33 Swammerdamstraat","city":"Amsterdam","operatorName":"TotalEnergies","maxPowerKw":17,"isMegawatt":false,"status":"AVAILABLE","source":"ndw"}},{"type":"Feature","geometry":{"type":"Point","coordinates":[4.93027,52.353231]},"properties":{"type":"charge","layer":"passenger","locationId":"EE2B9891-AD0A-43F9-A1E8-D825747E085E","name":"Eneco eMobility AHAM Vastgoed","address":"Middenweg 56 V","city":"Amsterdam","operatorName":"Eneco","maxPowerKw":11,"isMegawatt":false,"status":"AVAILABLE","source":"ndw","priceKwh":0.5}},{"type":"Feature","geometry":{"type":"Point","coordinates":[4.952818,52.297648]},"properties":{"type":"charge","layer":"passenger","locationId":"OST19P0084_0029_1","name":"OST19P0084_0029_1","address":"Paasheuvelweg 29","city":"Amsterdam","operatorName":"e-VOLTT","maxPowerKw":19,"isMegawatt":false,"status":"AVAILABLE","source":"ndw"}},{"type":"Feature","geometry":{"type":"Point","coordinates":[4.815921,52.353985]},"properties":{"type":"charge","layer":"passenger","locationId":"F9CD6FA0-7C5E-42A0-8AC4-C76CBD191998","name":"TNLP010278 - Dirk Wittehof 1, Amsterdam","address":"1 Dirk Wittehof","city":"Amsterdam","operatorName":"TotalEnergies","maxPowerKw":17,"isMegawatt":false,"status":"CHARGING","source":"ndw"}},{"type":"Feature","geometry":{"type":"Point","coordinates":[4.840823,52.349494]},"properties":{"type":"charge","layer":"passenger","locationId":"81AD50E6-2F9D-4515-966D-9C128DDD8B14","name":"Eneco eMobility Delflandplein 1A Amsterdam","address":"Delflandplein 1A","city":"Amsterdam","operatorName":"Eneco","maxPowerKw":22,"isMegawatt":false,"status":"UNAVAILABLE","source":"ndw","priceKwh":0.32}},{"type":"Feature","geometry":{"type":"Point","coordinates":[4.914493,52.334092]},"properties":{"type":"charge","layer":"passenger","locationId":"66cc93b2972639001c2800df","name":"Office - Roaming Tariff (Essentials)","address":"Joan Muyskensweg 14","city":"Amsterdam","operatorName":"E-Flux by Road","maxPowerKw":22,"isMegawatt":false,"status":"UNAVAILABLE","source":"ndw","priceKwh":0.53}},{"type":"Feature","geometry":{"type":"Point","coordinates":[4.872397,52.323406]},"properties":{"type":"charge","layer":"passenger","locationId":"636CA4B6-8796-42BF-AAEE-299A3D7E278D","name":"TNLP011504 - Bongart 9, Amsterdam","address":"9 Bongart","city":"Amsterdam","operatorName":"TotalEnergies","maxPowerKw":17,"isMegawatt":false,"status":"AVAILABLE","source":"ndw"}},{"type":"Feature","geometry":{"type":"Point","coordinates":[4.801898,52.365513]},"properties":{"type":"charge","layer":"passenger","locationId":"78615046-6A3F-4BB2-92A2-E2AAC06D82B2","name":"TNLP011185 - Ookmeerweg 55, Amsterdam","address":"55 Ookmeerweg","city":"Amsterdam","operatorName":"TotalEnergies","maxPowerKw":17,"isMegawatt":false,"status":"AVAILABLE","source":"ndw"}},{"type":"Feature","geometry":{"type":"Point","coordinates":[4.904072,52.388847]},"properties":{"type":"charge","layer":"passenger","locationId":"3718","name":"50five Exploitatie Kaap Noord","address":"Asterweg 17-19","city":"Amsterdam","operatorName":"50five","maxPowerKw":22,"isMegawatt":false,"status":"AVAILABLE","source":"ndw"}},{"type":"Feature","geometry":{"type":"Point","coordinates":[5.028699,52.31218]},"properties":{"type":"charge","layer":"passenger","locationId":"8363607D-A4CA-4614-A492-EFB254DC2B87","name":"TNLP011830 - Sinnigvelderstraat 385, Weesp","address":"385 Sinnigvelderstraat","city":"Weesp","operatorName":"TotalEnergies","maxPowerKw":17,"isMegawatt":false,"status":"AVAILABLE","source":"ndw"}},{"type":"Feature","geometry":{"type":"Point","coordinates":[4.880377,52.37468]},"properties":{"type":"charge","layer":"passenger","locationId":"89DFF277-4EA8-4957-9153-8566F392D661","name":"TNLP011129 - Bloemgracht 96, Amsterdam","address":"96 Bloemgracht","city":"Amsterdam","operatorName":"TotalEnergies","maxPowerKw":17,"isMegawatt":false,"status":"AVAILABLE","source":"ndw"}},{"type":"Feature","geometry":{"type":"Point","coordinates":[4.839871,52.347997]},"properties":{"type":"charge","layer":"passenger","locationId":"4246369","name":"Laadnet GGZ inGeest","address":"Overschiestraat 57","city":"Amsterdam","operatorName":"Laadnet","maxPowerKw":11,"isMegawatt":false,"status":"AVAILABLE","source":"ndw"}},{"type":"Feature","geometry":{"type":"Point","coordinates":[4.776893,52.390668]},"properties":{"type":"charge","layer":"passenger","locationId":"647dbd2afe6464001c6745c6","name":"Consolidated Links","address":"Vaalmuiden  6","city":"Amsterdam","operatorName":"E-Flux by Road","maxPowerKw":22,"isMegawatt":false,"status":"AVAILABLE","source":"ndw","priceKwh":0.58}},{"type":"Feature","geometry":{"type":"Point","coordinates":[4.858749,52.404869]},"properties":{"type":"charge","layer":"passenger","locationId":"91108601","name":"50five-S NL 18B04040","address":"Coenhavenweg 8","city":"Amsterdam","operatorName":"50five","maxPowerKw":11,"isMegawatt":false,"status":"AVAILABLE","source":"ndw"}},{"type":"Feature","geometry":{"type":"Point","coordinates":[4.897336,52.402435]},"properties":{"type":"charge","layer":"passenger","locationId":"A626F1FD-088D-4A02-9954-89C4ABA83E66","name":"TNLP010237 - Tt. Vasumweg 16, Amsterdam","address":"16 Tt. Vasumweg","city":"Amsterdam","operatorName":"TotalEnergies","maxPowerKw":17,"isMegawatt":false,"status":"CHARGING","source":"ndw"}},{"type":"Feature","geometry":{"type":"Point","coordinates":[4.783106,52.35544]},"properties":{"type":"charge","layer":"passenger","locationId":"D6FC92A2-82F5-4B5F-BC61-AEAC1C78F6DB","name":"TNLP011822 - Oude Meerhof 32, Amsterdam","address":"32 Oude Meerhof","city":"Amsterdam","operatorName":"TotalEnergies","maxPowerKw":17,"isMegawatt":false,"status":"AVAILABLE","source":"ndw"}},{"type":"Feature","geometry":{"type":"Point","coordinates":[4.904298,52.395655]},"properties":{"type":"charge","layer":"passenger","locationId":"91276792","name":"50five-S NL 07105578","address":"Johan van Hasseltkade 249","city":"Amsterdam","operatorName":"50five","maxPowerKw":11,"isMegawatt":false,"status":"AVAILABLE","source":"ndw"}},{"type":"Feature","geometry":{"type":"Point","coordinates":[4.875054,52.33348]},"properties":{"type":"charge","layer":"passenger","locationId":"E8009130-226C-4432-82CE-113EA199FEB1","name":"TNLP010885 - Schierstins 97, Amsterdam","address":"97 Schierstins","city":"Amsterdam","operatorName":"TotalEnergies","maxPowerKw":17,"isMegawatt":false,"status":"CHARGING","source":"ndw"}},{"type":"Feature","geometry":{"type":"Point","coordinates":[4.932162,52.358265]},"properties":{"type":"charge","layer":"passenger","locationId":"f851ad9e-d818-4810-a5c8-e0e7f9049461","name":"TNLP010961 - Polderweg 454, Amsterdam","address":"454 Polderweg","city":"Amsterdam","operatorName":"TotalEnergies","maxPowerKw":17,"isMegawatt":false,"status":"AVAILABLE","source":"ndw"}},{"type":"Feature","geometry":{"type":"Point","coordinates":[4.84509,52.40049]},"properties":{"type":"charge","layer":"passenger","locationId":"10A54F53-62DC-4BAB-985A-563BBC57066A","name":"Eneco eMobility Gyroscoopweg 90-92 Amsterdam","address":"Gyroscoopweg 90-92","city":"Amsterdam","operatorName":"Eneco","maxPowerKw":22,"isMegawatt":false,"status":"UNAVAILABLE","source":"ndw","priceKwh":0.57}},{"type":"Feature","geometry":{"type":"Point","coordinates":[4.852157,52.36321]},"properties":{"type":"charge","layer":"passenger","locationId":"66f1864a-103a-4c10-9b7c-f9006b62f803","name":"TNLP011179 - Postjeskade 71 A, Amsterdam","address":"71 A Postjeskade","city":"Amsterdam","operatorName":"TotalEnergies","maxPowerKw":17,"isMegawatt":false,"status":"AVAILABLE","source":"ndw"}},{"type":"Feature","geometry":{"type":"Point","coordinates":[5.0445476,52.312824]},"properties":{"type":"charge","layer":"passenger","locationId":"CBFCAFBC-2981-4FB4-93BB-D7481826EBE9","name":"Laadplein - Leeuwenveldseweg 5, Weesp","address":"5 Leeuwenveldseweg","city":"Weesp","operatorName":"TotalEnergies","maxPowerKw":17,"isMegawatt":false,"status":"UNAVAILABLE","source":"ndw"}},{"type":"Feature","geometry":{"type":"Point","coordinates":[4.839619,52.387426]},"properties":{"type":"charge","layer":"passenger","locationId":"921726","name":"Van Leeuwen laadpaal aristo","address":"Teleboulevard 100","city":"Amsterdam","operatorName":"Van Leeuwen","maxPowerKw":11,"isMegawatt":false,"status":"AVAILABLE","source":"ndw"}},{"type":"Feature","geometry":{"type":"Point","coordinates":[4.9801,52.31365]},"properties":{"type":"charge","layer":"passenger","locationId":"8A125ADE-4E75-4AB8-8702-11BDEB20FFB7","name":"Eneco eMobility ING Bank NV Headquarters, Frankemaheerd 2, Amsterdam-Zuidoost","address":"Frankemaheerd 2","city":"Amsterdam-Zuidoost","operatorName":"Eneco","maxPowerKw":22,"isMegawatt":false,"status":"AVAILABLE","source":"ndw","priceKwh":0.3}},{"type":"Feature","geometry":{"type":"Point","coordinates":[4.863125,52.32877]},"properties":{"type":"charge","layer":"passenger","locationId":"E60B7C8A-F770-4568-B935-4B71398250C9","name":"TNLP011108 - Egelenburg 103, Amsterdam","address":"103 Egelenburg","city":"Amsterdam","operatorName":"TotalEnergies","maxPowerKw":17,"isMegawatt":false,"status":"AVAILABLE","source":"ndw"}},{"type":"Feature","geometry":{"type":"Point","coordinates":[4.958079,52.31965]},"properties":{"type":"charge","layer":"passenger","locationId":"E0EEF883-D410-49CD-B373-A93C89630159","name":"TNLP010340 - Janusz Korczakstraat 30, Amsterdam","address":"30 Janusz Korczakstraat","city":"Amsterdam","operatorName":"TotalEnergies","maxPowerKw":17,"isMegawatt":false,"status":"AVAILABLE","source":"ndw"}},{"type":"Feature","geometry":{"type":"Point","coordinates":[4.873971,52.32394]},"properties":{"type":"charge","layer":"passenger","locationId":"0D280500-5E91-4AA2-8308-3FE02D06B912","name":"TNLP011193 - Walborg 2, Amsterdam","address":"2 Walborg","city":"Amsterdam","operatorName":"TotalEnergies","maxPowerKw":17,"isMegawatt":false,"status":"AVAILABLE","source":"ndw"}},{"type":"Feature","geometry":{"type":"Point","coordinates":[4.934654,52.364338]},"properties":{"type":"charge","layer":"passenger","locationId":"BEDD8117-B772-41D9-967A-B8AD83D2F252","name":"TNLP010763 - Madurastraat 71, Amsterdam","address":"71 Madurastraat","city":"Amsterdam","operatorName":"TotalEnergies","maxPowerKw":17,"isMegawatt":false,"status":"AVAILABLE","source":"ndw"}},{"type":"Feature","geometry":{"type":"Point","coordinates":[4.802257,52.358982]},"properties":{"type":"charge","layer":"passenger","locationId":"1EC992AC-CF1A-4F15-92F1-C30E0EC718B3","name":"TNLP011177 - M. Hanenbergstraat 30, Amsterdam","address":"30 M. Hanenbergstraat","city":"Amsterdam","operatorName":"TotalEnergies","maxPowerKw":17,"isMegawatt":false,"status":"AVAILABLE","source":"ndw"}},{"type":"Feature","geometry":{"type":"Point","coordinates":[4.91468,52.377764]},"properties":{"type":"charge","layer":"passenger","locationId":"NLLOC025964","name":"NLD, Amsterdam, Piet Heinkade 59","address":"Piet Heinkade 59","city":"Amsterdam","operatorName":"Allego","maxPowerKw":22,"isMegawatt":false,"status":"AVAILABLE","source":"ndw","priceKwh":0.495}},{"type":"Feature","geometry":{"type":"Point","coordinates":[4.904318,52.395866]},"properties":{"type":"charge","layer":"passenger","locationId":"91051724","name":"50five-S NL 07105604","address":"Ridderspoorweg 265","city":"Amsterdam","operatorName":"50five","maxPowerKw":11,"isMegawatt":false,"status":"AVAILABLE","source":"ndw"}},{"type":"Feature","geometry":{"type":"Point","coordinates":[4.837466,52.363064]},"properties":{"type":"charge","layer":"passenger","locationId":"6632129dc47f3b001cbe5130","name":"August Allebeplein laadpaal 1","address":"August Allebeplein  51","city":"Amsterdam","operatorName":"E-Flux by Road","maxPowerKw":22,"isMegawatt":false,"status":"UNAVAILABLE","source":"ndw","priceKwh":0.33}},{"type":"Feature","geometry":{"type":"Point","coordinates":[5.035788,52.309692]},"properties":{"type":"charge","layer":"passenger","locationId":"8C3757F7-4830-4CE6-A2F9-59C0823DDEB1","name":"TNLP011539 - Meidoornlaan 10, Weesp","address":"10 Meidoornlaan","city":"Weesp","operatorName":"TotalEnergies","maxPowerKw":17,"isMegawatt":false,"status":"CHARGING","source":"ndw"}},{"type":"Feature","geometry":{"type":"Point","coordinates":[4.792624,52.34809]},"properties":{"type":"charge","layer":"passenger","locationId":"9952D8A9-4A4C-419A-8E94-9C486C58243D","name":"TNLP010646 - Cycladenlaan 4, Amsterdam","address":"4 Cycladenlaan","city":"Amsterdam","operatorName":"TotalEnergies","maxPowerKw":17,"isMegawatt":false,"status":"AVAILABLE","source":"ndw"}},{"type":"Feature","geometry":{"type":"Point","coordinates":[4.876249,52.347443]},"properties":{"type":"charge","layer":"passenger","locationId":"88ddeef7-14f6-4cc4-b70e-a0c0067fd92b","name":"TNLP010290 - Cliostraat 9, Amsterdam","address":"9 Cliostraat","city":"Amsterdam","operatorName":"TotalEnergies","maxPowerKw":17,"isMegawatt":false,"status":"CHARGING","source":"ndw"}},{"type":"Feature","geometry":{"type":"Point","coordinates":[4.793924,52.35435]},"properties":{"type":"charge","layer":"passenger","locationId":"BF59FBF5-27F5-40CE-A12C-B5998DC6570F","name":"TNLP011469 - Rengerskerkestraat 104, Amsterdam","address":"104 Rengerskerkestraat","city":"Amsterdam","operatorName":"TotalEnergies","maxPowerKw":17,"isMegawatt":false,"status":"AVAILABLE","source":"ndw"}},{"type":"Feature","geometry":{"type":"Point","coordinates":[4.934058,52.359867]},"properties":{"type":"charge","layer":"passenger","locationId":"9C284AD8-F104-43CF-92C9-E5E9B15C708E","name":"TNLP011463 - Formosastraat 23, Amsterdam","address":"23 Formosastraat","city":"Amsterdam","operatorName":"TotalEnergies","maxPowerKw":17,"isMegawatt":false,"status":"AVAILABLE","source":"ndw"}},{"type":"Feature","geometry":{"type":"Point","coordinates":[4.93909,52.36254]},"properties":{"type":"charge","layer":"passenger","locationId":"008CAD5B-A23D-4599-9ACB-C2E18F30F87A","name":"TNLP011192 - Eerste Atjehstraat 170, Amsterdam","address":"170 Eerste Atjehstraat","city":"Amsterdam","operatorName":"TotalEnergies","maxPowerKw":17,"isMegawatt":false,"status":"CHARGING","source":"ndw"}},{"type":"Feature","geometry":{"type":"Point","coordinates":[4.83663,52.355033]},"properties":{"type":"charge","layer":"passenger","locationId":"91148704","name":"50five-S NL 07106816","address":"Kon. Wilhelminaplein 1082","city":"Amsterdam","operatorName":"50five","maxPowerKw":8,"isMegawatt":false,"status":"AVAILABLE","source":"ndw"}},{"type":"Feature","geometry":{"type":"Point","coordinates":[4.746261,52.419665]},"properties":{"type":"charge","layer":"passenger","locationId":"91231605","name":"50five-S NL 18B08409","address":"Westpoortweg 502","city":"Amsterdam","operatorName":"50five","maxPowerKw":11,"isMegawatt":false,"status":"AVAILABLE","source":"ndw"}},{"type":"Feature","geometry":{"type":"Point","coordinates":[4.926233,52.411625]},"properties":{"type":"charge","layer":"passenger","locationId":"E0013905-666E-4E8B-965E-34284B5584F5","name":"TNLP010747 - Masthof 2, Amsterdam","address":"2 Masthof","city":"Amsterdam","operatorName":"TotalEnergies","maxPowerKw":17,"isMegawatt":false,"status":"AVAILABLE","source":"ndw"}},{"type":"Feature","geometry":{"type":"Point","coordinates":[4.917148,52.345003]},"properties":{"type":"charge","layer":"passenger","locationId":"6448c7ab8883000012be498d","name":"Rembrandt Tower","address":"Amstelplein 1","city":"Amsterdam","operatorName":"E-Flux by Road","maxPowerKw":11,"isMegawatt":false,"status":"AVAILABLE","source":"ndw","priceKwh":0.53}},{"type":"Feature","geometry":{"type":"Point","coordinates":[4.941913,52.376396]},"properties":{"type":"charge","layer":"passenger","locationId":"F04FF4C3-4834-4E29-8371-0CD48EC64DD5","name":"TNLP011048 - Levantkade 167, Amsterdam","address":"167 Levantkade","city":"Amsterdam","operatorName":"TotalEnergies","maxPowerKw":17,"isMegawatt":false,"status":"AVAILABLE","source":"ndw"}},{"type":"Feature","geometry":{"type":"Point","coordinates":[4.936004,52.302465]},"properties":{"type":"charge","layer":"passenger","locationId":"67656fc4387b26bf6f4f8c33","name":"FVA (Amsterdam)","address":"Klokkenbergweg  15","city":"Amsterdam","operatorName":"Kia Nederland B.V.","maxPowerKw":40,"isMegawatt":false,"status":"AVAILABLE","source":"ndw","priceKwh":0.78}},{"type":"Feature","geometry":{"type":"Point","coordinates":[4.866347,52.405722]},"properties":{"type":"charge","layer":"passenger","locationId":"6669657d98b5b2001caa40ef","name":"Maja Stuwadoors Pier Azie 10","address":"Pier Azie  10","city":"Amsterdam","operatorName":"E-Flux by Road","maxPowerKw":11,"isMegawatt":false,"status":"AVAILABLE","source":"ndw","priceKwh":0.48}},{"type":"Feature","geometry":{"type":"Point","coordinates":[4.874377,52.35759]},"properties":{"type":"charge","layer":"passenger","locationId":"07e90e00-e10b-4056-ac48-22ac1346d7fb","name":"TNLP010300 - Jacob Obrechtstraat 7, Amsterdam","address":"7 Jacob Obrechtstraat","city":"Amsterdam","operatorName":"TotalEnergies","maxPowerKw":17,"isMegawatt":false,"status":"AVAILABLE","source":"ndw"}},{"type":"Feature","geometry":{"type":"Point","coordinates":[4.946753,52.301772]},"properties":{"type":"charge","layer":"passenger","locationId":"6878f62257368559524dd97a","name":"White Point Amsterdam","address":"Laarderhoogtweg 25","city":"Amsterdam","operatorName":"Pluq","maxPowerKw":22,"isMegawatt":false,"status":"AVAILABLE","source":"ndw","priceKwh":0.45}},{"type":"Feature","geometry":{"type":"Point","coordinates":[5.002315,52.352867]},"properties":{"type":"charge","layer":"passenger","locationId":"E5EFF70F-E135-43CD-A857-EB18F6C93941","name":"TNLP010989 - Eva Besnyöstraat 6, Amsterdam","address":"6 Eva Besnyöstraat","city":"Amsterdam","operatorName":"TotalEnergies","maxPowerKw":17,"isMegawatt":false,"status":"AVAILABLE","source":"ndw"}},{"type":"Feature","geometry":{"type":"Point","coordinates":[4.796418,52.355415]},"properties":{"type":"charge","layer":"passenger","locationId":"180C97A1-23A3-4A9E-AEB6-321D1AA8AB47","name":"TNLP010381 - Hertingenstraat 84, Amsterdam","address":"84 Hertingenstraat","city":"Amsterdam","operatorName":"TotalEnergies","maxPowerKw":17,"isMegawatt":false,"status":"AVAILABLE","source":"ndw"}},{"type":"Feature","geometry":{"type":"Point","coordinates":[4.889684,52.423347]},"properties":{"type":"charge","layer":"passenger","locationId":"33e7ebee-8b40-4865-95e9-b5729bdb4764","name":"Lidl Amsterdam- Zuideinde","address":"Zuideinde","city":"Amsterdam","operatorName":"Lidl","maxPowerKw":22,"isMegawatt":false,"status":"UNAVAILABLE","source":"ndw"}},{"type":"Feature","geometry":{"type":"Point","coordinates":[4.907917,52.394882]},"properties":{"type":"charge","layer":"passenger","locationId":"710BC494-158F-47AA-BD8E-CF05464CAA80","name":"TNLP010779 - Struisgrasstraat 21, Amsterdam","address":"21 Struisgrasstraat","city":"Amsterdam","operatorName":"TotalEnergies","maxPowerKw":17,"isMegawatt":false,"status":"AVAILABLE","source":"ndw"}},{"type":"Feature","geometry":{"type":"Point","coordinates":[4.868723,52.36571]},"properties":{"type":"charge","layer":"passenger","locationId":"D1D998E4-B3CE-40D0-8C39-CB4FC97313B5","name":"TNLP010181 - Borgerstraat 24, Amsterdam","address":"24 Borgerstraat","city":"Amsterdam","operatorName":"TotalEnergies","maxPowerKw":17,"isMegawatt":false,"status":"AVAILABLE","source":"ndw"}},{"type":"Feature","geometry":{"type":"Point","coordinates":[4.954047,52.370289]},"properties":{"type":"charge","layer":"passenger","locationId":"91106212","name":"50five-S NL 18B14546","address":"Cruquiusweg 111","city":"Amsterdam","operatorName":"50five","maxPowerKw":22,"isMegawatt":false,"status":"AVAILABLE","source":"ndw"}},{"type":"Feature","geometry":{"type":"Point","coordinates":[4.856865,52.383892]},"properties":{"type":"charge","layer":"passenger","locationId":"B1A7501C-7A73-4429-A315-3D4A48B8CF77","name":"TNLP011521 - Adolf van Nassaustraat 41, Amsterdam","address":"41 Adolf van Nassaustraat","city":"Amsterdam","operatorName":"TotalEnergies","maxPowerKw":17,"isMegawatt":false,"status":"AVAILABLE","source":"ndw"}},{"type":"Feature","geometry":{"type":"Point","coordinates":[4.893204,52.35897]},"properties":{"type":"charge","layer":"passenger","locationId":"987b9e0f-5572-4208-b91a-ed6faa5e50b9","name":"TNLP010920 - Den Texstraat 1, Amsterdam","address":"1 Den Texstraat","city":"Amsterdam","operatorName":"TotalEnergies","maxPowerKw":17,"isMegawatt":false,"status":"AVAILABLE","source":"ndw"}},{"type":"Feature","geometry":{"type":"Point","coordinates":[4.839962,52.366444]},"properties":{"type":"charge","layer":"passenger","locationId":"C35B4FF2-23CE-43F7-9D07-5BF1B4010F8F","name":"TNLP010514 - Johannes Hilverdinkstraat 2, Amsterdam","address":"2 Johannes Hilverdinkstraat","city":"Amsterdam","operatorName":"TotalEnergies","maxPowerKw":17,"isMegawatt":false,"status":"AVAILABLE","source":"ndw"}},{"type":"Feature","geometry":{"type":"Point","coordinates":[5.032227,52.315504]},"properties":{"type":"charge","layer":"passenger","locationId":"60c8baf1724d55259c7d1974","name":"Hjalmar de Visser's station","address":"Fanny Blankerskoenstraat 2","city":"Weesp","operatorName":"E-Flux by Road","maxPowerKw":22,"isMegawatt":false,"status":"AVAILABLE","source":"ndw","priceKwh":0.45}},{"type":"Feature","geometry":{"type":"Point","coordinates":[4.903782,52.357166]},"properties":{"type":"charge","layer":"passenger","locationId":"04cf6967-6c8e-4b76-bd39-eec8c8a61bad","name":"TNLP010420 - Tweede Jan Steenstraat 115 IV, Amsterdam","address":"115 IV Tweede Jan Steenstraat","city":"Amsterdam","operatorName":"TotalEnergies","maxPowerKw":17,"isMegawatt":false,"status":"CHARGING","source":"ndw"}},{"type":"Feature","geometry":{"type":"Point","coordinates":[4.979929,52.313904]},"properties":{"type":"charge","layer":"passenger","locationId":"25BFE35E-D515-4207-8671-C15ED3965C0B","name":"TNLP010090 - 2e Kekerstraat 25, Amsterdam","address":"25 2e Kekerstraat","city":"Amsterdam","operatorName":"TotalEnergies","maxPowerKw":17,"isMegawatt":false,"status":"AVAILABLE","source":"ndw"}},{"type":"Feature","geometry":{"type":"Point","coordinates":[5.039466,52.304754]},"properties":{"type":"charge","layer":"passenger","locationId":"91179971","name":"50five-S NL Weesp, Hugo De Grootlaan 30","address":"Hugo de Grootlaan 30","city":"Weesp","operatorName":"50five","maxPowerKw":11,"isMegawatt":false,"status":"AVAILABLE","source":"ndw"}},{"type":"Feature","geometry":{"type":"Point","coordinates":[4.787017,52.34636]},"properties":{"type":"charge","layer":"passenger","locationId":"F6697ADA-2ABD-4704-B141-60DB84059E1C","name":"TNLP011304 - Centimehof 7, Amsterdam","address":"7 Centimehof","city":"Amsterdam","operatorName":"TotalEnergies","maxPowerKw":17,"isMegawatt":false,"status":"AVAILABLE","source":"ndw"}},{"type":"Feature","geometry":{"type":"Point","coordinates":[5.047576,52.319219]},"properties":{"type":"charge","layer":"passenger","locationId":"6a27cd58fe530b8f97214b37","name":"Gouwparklaan 16 binnenterrein","address":"Gouwparklaan 16","city":"Weesp","operatorName":"E-Flux by Road","maxPowerKw":17,"isMegawatt":false,"status":"CHARGING","source":"ndw","priceKwh":0.73}},{"type":"Feature","geometry":{"type":"Point","coordinates":[4.817419,52.375237]},"properties":{"type":"charge","layer":"passenger","locationId":"3685D295-0F81-40AF-868E-37A7DC549D35","name":"TNLP011483 - Immanuel Kanthof 1, Amsterdam","address":"1 Immanuel Kanthof","city":"Amsterdam","operatorName":"TotalEnergies","maxPowerKw":17,"isMegawatt":false,"status":"UNAVAILABLE","source":"ndw"}},{"type":"Feature","geometry":{"type":"Point","coordinates":[4.965454,52.325457]},"properties":{"type":"charge","layer":"passenger","locationId":"91086291","name":"50five-S NL 03011776","address":"Egoli 95","city":"Amsterdam-Zuidoost","operatorName":"50five","maxPowerKw":5,"isMegawatt":false,"status":"AVAILABLE","source":"ndw"}},{"type":"Feature","geometry":{"type":"Point","coordinates":[4.886961,52.35043]},"properties":{"type":"charge","layer":"passenger","locationId":"112AAF95-DA73-4864-B309-71F84D261760","name":"TNLP011903 - Cornelis Trooststraat 2, Amsterdam","address":"2 Cornelis Trooststraat","city":"Amsterdam","operatorName":"TotalEnergies","maxPowerKw":17,"isMegawatt":false,"status":"AVAILABLE","source":"ndw"}},{"type":"Feature","geometry":{"type":"Point","coordinates":[4.901167,52.40586]},"properties":{"type":"charge","layer":"passenger","locationId":"977F2707-E829-43A3-9042-F4B7764008FC","name":"TNLP010326 - Boomgaardlaan 30, Amsterdam","address":"30 Boomgaardlaan","city":"Amsterdam","operatorName":"TotalEnergies","maxPowerKw":17,"isMegawatt":false,"status":"AVAILABLE","source":"ndw"}},{"type":"Feature","geometry":{"type":"Point","coordinates":[4.79693,52.357204]},"properties":{"type":"charge","layer":"passenger","locationId":"5E4C7174-24EB-4EA3-86E0-9E329009FCDF","name":"TNLP010176 - Evertsweertstraat 2, Amsterdam","address":"2 Evertsweertstraat","city":"Amsterdam","operatorName":"TotalEnergies","maxPowerKw":17,"isMegawatt":false,"status":"AVAILABLE","source":"ndw"}},{"type":"Feature","geometry":{"type":"Point","coordinates":[4.898307,52.405563]},"properties":{"type":"charge","layer":"passenger","locationId":"64150D19-AFC9-46F9-A6F0-681A099CAFC0","name":"TNLP010833 - Nageljongenstraat 199, Amsterdam","address":"199 Nageljongenstraat","city":"Amsterdam","operatorName":"TotalEnergies","maxPowerKw":17,"isMegawatt":false,"status":"AVAILABLE","source":"ndw"}},{"type":"Feature","geometry":{"type":"Point","coordinates":[4.965612,52.374397]},"properties":{"type":"charge","layer":"passenger","locationId":"065028FD-EAF8-41E0-A1D6-587C2DA9279C","name":"TNLP010911 - Faas Wilkesstraat 101, Amsterdam","address":"101 Faas Wilkesstraat","city":"Amsterdam","operatorName":"TotalEnergies","maxPowerKw":17,"isMegawatt":false,"status":"AVAILABLE","source":"ndw"}},{"type":"Feature","geometry":{"type":"Point","coordinates":[4.86301,52.343678]},"properties":{"type":"charge","layer":"passenger","locationId":"686D9FEB-A7CF-4623-8D6D-CFBC5895D9F8","name":"TNLP011021 - Donarstraat 7, Amsterdam","address":"7 Donarstraat","city":"Amsterdam","operatorName":"TotalEnergies","maxPowerKw":17,"isMegawatt":false,"status":"AVAILABLE","source":"ndw"}},{"type":"Feature","geometry":{"type":"Point","coordinates":[4.873826,52.395634]},"properties":{"type":"charge","layer":"passenger","locationId":"91170810","name":"50five-S NL 04002969","address":"Rigakade 20","city":"Amsterdam","operatorName":"50five","maxPowerKw":22,"isMegawatt":false,"status":"AVAILABLE","source":"ndw"}},{"type":"Feature","geometry":{"type":"Point","coordinates":[4.898958,52.356974]},"properties":{"type":"charge","layer":"passenger","locationId":"3584cc41f8ab4049a196e90c0fb29fa7","name":"Albert Cuypstraat - Markt 1072VX 04","address":"Albert Cuypstraat 04","city":"Amsterdam","operatorName":"","maxPowerKw":22,"isMegawatt":false,"status":"CHARGING","source":"ndw"}},{"type":"Feature","geometry":{"type":"Point","coordinates":[4.875945,52.397799]},"properties":{"type":"charge","layer":"passenger","locationId":"67122af1f713ae001c3dbd1a","name":"Minerva Parking","address":"Koivistokade 36","city":"Amsterdam","operatorName":"E-Flux by Road","maxPowerKw":22,"isMegawatt":false,"status":"AVAILABLE","source":"ndw","priceKwh":0.64}},{"type":"Feature","geometry":{"type":"Point","coordinates":[4.832337,52.392644]},"properties":{"type":"charge","layer":"passenger","locationId":"66bdcf18283d89001c3527c8","name":"APF-International - District West","address":"Basisweg 30-32","city":"Amsterdam","operatorName":"Pluq","maxPowerKw":22,"isMegawatt":false,"status":"AVAILABLE","source":"ndw","priceKwh":0.38}},{"type":"Feature","geometry":{"type":"Point","coordinates":[4.971694,52.316288]},"properties":{"type":"charge","layer":"passenger","locationId":"0495A22C-0364-47AD-8F01-8C168A9E0528","name":"TNLP010232 - Kormelinkweg 16, Amsterdam","address":"16 Kormelinkweg","city":"Amsterdam","operatorName":"TotalEnergies","maxPowerKw":17,"isMegawatt":false,"status":"AVAILABLE","source":"ndw"}},{"type":"Feature","geometry":{"type":"Point","coordinates":[4.970136,52.299576]},"properties":{"type":"charge","layer":"passenger","locationId":"23758C06-673E-4CE5-B346-3147C5AC92FD","name":"TNLP011654 - Mijndenhof 72, Amsterdam","address":"72 Mijndenhof","city":"Amsterdam","operatorName":"TotalEnergies","maxPowerKw":17,"isMegawatt":false,"status":"CHARGING","source":"ndw"}},{"type":"Feature","geometry":{"type":"Point","coordinates":[4.864385,52.372353]},"properties":{"type":"charge","layer":"passenger","locationId":"93349918-1A80-4A1F-BBA9-CEE7BB163DC4","name":"TNLP011559 - Adriaan van Bergenstraat 1, Amsterdam","address":"1 Adriaan van Bergenstraat","city":"Amsterdam","operatorName":"TotalEnergies","maxPowerKw":17,"isMegawatt":false,"status":"AVAILABLE","source":"ndw"}},{"type":"Feature","geometry":{"type":"Point","coordinates":[4.890718,52.34635]},"properties":{"type":"charge","layer":"passenger","locationId":"78e2e956-d796-4d54-b89c-59a1a83d0605","name":"TNLP010931 - Deurloostraat 45, Amsterdam","address":"45 Deurloostraat","city":"Amsterdam","operatorName":"TotalEnergies","maxPowerKw":17,"isMegawatt":false,"status":"CHARGING","source":"ndw"}},{"type":"Feature","geometry":{"type":"Point","coordinates":[4.875762,52.401251]},"properties":{"type":"charge","layer":"passenger","locationId":"91106646","name":"50five-S NL 04004418","address":"Danzigerkade 85","city":"Amsterdam","operatorName":"50five","maxPowerKw":7,"isMegawatt":false,"status":"AVAILABLE","source":"ndw"}},{"type":"Feature","geometry":{"type":"Point","coordinates":[4.869401,52.354298]},"properties":{"type":"charge","layer":"passenger","locationId":"3CEC71A2-402E-4F16-B43D-36EF1637539A","name":"TNLP011386 - Valeriusstraat 79, Amsterdam","address":"79 Valeriusstraat","city":"Amsterdam","operatorName":"TotalEnergies","maxPowerKw":17,"isMegawatt":false,"status":"AVAILABLE","source":"ndw"}},{"type":"Feature","geometry":{"type":"Point","coordinates":[4.860335,52.3619]},"properties":{"type":"charge","layer":"passenger","locationId":"CBBAB6E9-5C1D-4B60-921C-5B507824F4EB","name":"TNLP011020 - Pieter Langendijkstraat 1, Amsterdam","address":"1 Pieter Langendijkstraat","city":"Amsterdam","operatorName":"TotalEnergies","maxPowerKw":17,"isMegawatt":false,"status":"UNAVAILABLE","source":"ndw"}},{"type":"Feature","geometry":{"type":"Point","coordinates":[4.804267,52.34366]},"properties":{"type":"charge","layer":"passenger","locationId":"D64AAC7F-64D7-45AE-AE65-AF85E2A4CFF4","name":"TNLP011633 - Knokkestraat 41, Amsterdam","address":"41 Knokkestraat","city":"Amsterdam","operatorName":"TotalEnergies","maxPowerKw":17,"isMegawatt":false,"status":"AVAILABLE","source":"ndw"}},{"type":"Feature","geometry":{"type":"Point","coordinates":[4.844247,52.357265]},"properties":{"type":"charge","layer":"passenger","locationId":"91093687","name":"50five-S NL ICUEVE000504","address":"Hendrikje Stoffelsstraat 1","city":"Amsterdam","operatorName":"50five","maxPowerKw":11,"isMegawatt":false,"status":"UNAVAILABLE","source":"ndw"}},{"type":"Feature","geometry":{"type":"Point","coordinates":[4.85616,52.344612]},"properties":{"type":"charge","layer":"passenger","locationId":"91149176","name":"50five-S NL 04002386","address":"Stadionplein 6-18","city":"Amsterdam","operatorName":"50five","maxPowerKw":7,"isMegawatt":false,"status":"AVAILABLE","source":"ndw"}},{"type":"Feature","geometry":{"type":"Point","coordinates":[4.88545,52.3573]},"properties":{"type":"charge","layer":"passenger","locationId":"4DB2DB07-9566-48A1-B0E3-2C34F03BB5B2","name":"Eneco eMobility VvE de Hooch - Amsterdam","address":"Pieter de Hoochstraat 11","city":"Amsterdam","operatorName":"Eneco","maxPowerKw":22,"isMegawatt":false,"status":"AVAILABLE","source":"ndw","priceKwh":0.28}},{"type":"Feature","geometry":{"type":"Point","coordinates":[4.939188,52.37315]},"properties":{"type":"charge","layer":"passenger","locationId":"0C555E30-2217-4E3F-B385-29C9DB030E40","name":"TNLP010169 - C.J.K Van Aalststraat 49, Amsterdam","address":"49 C.J.K Van Aalststraat","city":"Amsterdam","operatorName":"TotalEnergies","maxPowerKw":17,"isMegawatt":false,"status":"CHARGING","source":"ndw"}},{"type":"Feature","geometry":{"type":"Point","coordinates":[4.788726,52.350727]},"properties":{"type":"charge","layer":"passenger","locationId":"21F75F11-83D1-49D4-B69D-64F29D6C2295","name":"TNLP011178 - Iwan Kantemanplein 18, Amsterdam","address":"18 Iwan Kantemanplein","city":"Amsterdam","operatorName":"TotalEnergies","maxPowerKw":17,"isMegawatt":false,"status":"AVAILABLE","source":"ndw"}},{"type":"Feature","geometry":{"type":"Point","coordinates":[4.89025,52.339401]},"properties":{"type":"charge","layer":"passenger","locationId":"630e1a1fc7825353c92aef3b","name":"RAI P1","address":"Europaplein 24","city":"Amsterdam","operatorName":"Heijmans","maxPowerKw":11,"isMegawatt":false,"status":"AVAILABLE","source":"ndw","priceKwh":0.49}},{"type":"Feature","geometry":{"type":"Point","coordinates":[4.881598,52.38849]},"properties":{"type":"charge","layer":"passenger","locationId":"59061A54-7FEC-40C8-AB23-5B6F6CCE58C8","name":"TNLP010553 - Martin Vlaarkade 123, Amsterdam","address":"123 Martin Vlaarkade","city":"Amsterdam","operatorName":"TotalEnergies","maxPowerKw":17,"isMegawatt":false,"status":"CHARGING","source":"ndw"}},{"type":"Feature","geometry":{"type":"Point","coordinates":[4.87333,52.33597]},"properties":{"type":"charge","layer":"passenger","locationId":"D3A00ED6-790C-4505-92A7-FAB56F17F4E9","name":"Eneco eMobility Maarsen Groep - Gerswin garage - Amsterdam","address":"George Gershwinlaan 67","city":"Amsterdam","operatorName":"Eneco","maxPowerKw":22,"isMegawatt":false,"status":"AVAILABLE","source":"ndw","priceKwh":0.6}},{"type":"Feature","geometry":{"type":"Point","coordinates":[4.925193,52.35574]},"properties":{"type":"charge","layer":"passenger","locationId":"640E69A0-CA76-417A-AF12-DF2A00B8AE9B","name":"TNLP010137 - Pretoriusstraat 39, Amsterdam","address":"39 Pretoriusstraat","city":"Amsterdam","operatorName":"TotalEnergies","maxPowerKw":17,"isMegawatt":false,"status":"AVAILABLE","source":"ndw"}},{"type":"Feature","geometry":{"type":"Point","coordinates":[4.950583,52.319855]},"properties":{"type":"charge","layer":"passenger","locationId":"6A1B7AA4-51A7-404E-9FD2-21DBE49E3DD5","name":"TNLP011344 - Demerarastraat 23, Amsterdam","address":"23 Demerarastraat","city":"Amsterdam","operatorName":"TotalEnergies","maxPowerKw":17,"isMegawatt":false,"status":"AVAILABLE","source":"ndw"}},{"type":"Feature","geometry":{"type":"Point","coordinates":[4.873372,52.333668]},"properties":{"type":"charge","layer":"passenger","locationId":"2D8026BE-38BD-4200-8531-5ECA6B9F24EE","name":"TNLP010838 - Wedderborg 70, Amsterdam","address":"70 Wedderborg","city":"Amsterdam","operatorName":"TotalEnergies","maxPowerKw":17,"isMegawatt":false,"status":"AVAILABLE","source":"ndw"}},{"type":"Feature","geometry":{"type":"Point","coordinates":[4.867798,52.35542]},"properties":{"type":"charge","layer":"passenger","locationId":"98BAE07B-82EB-454C-94AB-C9B37B0387C2","name":"TNLP010848 - Koningslaan 2, Amsterdam","address":"2 Koningslaan","city":"Amsterdam","operatorName":"TotalEnergies","maxPowerKw":17,"isMegawatt":false,"status":"AVAILABLE","source":"ndw"}},{"type":"Feature","geometry":{"type":"Point","coordinates":[4.804054,52.357582]},"properties":{"type":"charge","layer":"passenger","locationId":"7DF5760F-FA0A-4A1F-8011-709E5DD1E9E3","name":"TNLP010541 - Osdorpplein 522, Amsterdam","address":"522 Osdorpplein","city":"Amsterdam","operatorName":"TotalEnergies","maxPowerKw":17,"isMegawatt":false,"status":"AVAILABLE","source":"ndw"}},{"type":"Feature","geometry":{"type":"Point","coordinates":[4.856549,52.361176]},"properties":{"type":"charge","layer":"passenger","locationId":"9E448A23-A601-448E-8A6D-4F9003170B84","name":"TNLP010199 - Nepveustraat 27, Amsterdam","address":"27 Nepveustraat","city":"Amsterdam","operatorName":"TotalEnergies","maxPowerKw":17,"isMegawatt":false,"status":"AVAILABLE","source":"ndw"}},{"type":"Feature","geometry":{"type":"Point","coordinates":[4.95771,52.294839]},"properties":{"type":"charge","layer":"passenger","locationId":"6729ff18e4118e25f85db0d7","name":"Laadpunt P2B - Locatie AMC","address":"Meibergdreef 9","city":"Amsterdam","operatorName":"E-Flux by Road","maxPowerKw":11,"isMegawatt":false,"status":"CHARGING","source":"ndw","priceKwh":0.62}},{"type":"Feature","geometry":{"type":"Point","coordinates":[4.804622,52.382763]},"properties":{"type":"charge","layer":"passenger","locationId":"6133D0DE-F058-4117-8586-7EA763ADA09C","name":"TNLP010238 - Cornelis Roobolstraat 8, Amsterdam","address":"8 Cornelis Roobolstraat","city":"Amsterdam","operatorName":"TotalEnergies","maxPowerKw":17,"isMegawatt":false,"status":"AVAILABLE","source":"ndw"}},{"type":"Feature","geometry":{"type":"Point","coordinates":[4.886754,52.370865]},"properties":{"type":"charge","layer":"passenger","locationId":"BA21AF86-8FC7-47BC-8CBC-22DA75C57123","name":"TNLP010785 - Herengracht 278, Amsterdam","address":"278 Herengracht","city":"Amsterdam","operatorName":"TotalEnergies","maxPowerKw":17,"isMegawatt":false,"status":"CHARGING","source":"ndw"}},{"type":"Feature","geometry":{"type":"Point","coordinates":[4.839535,52.38021]},"properties":{"type":"charge","layer":"passenger","locationId":"91232013","name":"50five-S NL 07118212","address":"Berceusestraat 26","city":"Amsterdam","operatorName":"50five","maxPowerKw":11,"isMegawatt":false,"status":"CHARGING","source":"ndw"}},{"type":"Feature","geometry":{"type":"Point","coordinates":[4.983706,52.31983]},"properties":{"type":"charge","layer":"passenger","locationId":"D84A54FB-02CA-4B3F-96CC-5EDDAB2E170B","name":"TNLP010579 - s-Gravendijkdreef 317, Amsterdam","address":"317 s-Gravendijkdreef","city":"Amsterdam","operatorName":"TotalEnergies","maxPowerKw":17,"isMegawatt":false,"status":"AVAILABLE","source":"ndw"}},{"type":"Feature","geometry":{"type":"Point","coordinates":[4.871408,52.355453]},"properties":{"type":"charge","layer":"passenger","locationId":"DD338FCA-9F96-40C5-8B46-14ABA07902E1","name":"TNLP011901 - Van Breestraat 149, Amsterdam","address":"149 Van Breestraat","city":"Amsterdam","operatorName":"TotalEnergies","maxPowerKw":17,"isMegawatt":false,"status":"CHARGING","source":"ndw"}},{"type":"Feature","geometry":{"type":"Point","coordinates":[4.850424,52.372517]},"properties":{"type":"charge","layer":"passenger","locationId":"6C66D354-1FA5-4727-890B-90A5601B7ED7","name":"TNLP011508 - Shackletonstraat 48, Amsterdam","address":"48 Shackletonstraat","city":"Amsterdam","operatorName":"TotalEnergies","maxPowerKw":17,"isMegawatt":false,"status":"AVAILABLE","source":"ndw"}},{"type":"Feature","geometry":{"type":"Point","coordinates":[4.917564,52.344695]},"properties":{"type":"charge","layer":"passenger","locationId":"90181750","name":"50five Exploitatie Mondriaan Property 8 B.V. - mondriaantoren","address":"Amstelplein 6-92","city":"Amsterdam","operatorName":"50five","maxPowerKw":22,"isMegawatt":false,"status":"AVAILABLE","source":"ndw"}},{"type":"Feature","geometry":{"type":"Point","coordinates":[4.936529,52.303326]},"properties":{"type":"charge","layer":"passenger","locationId":"301730C3-CBA8-46EE-A64F-D15C8CE2E052","name":"Eneco eMobility A-Point - Klokkenbergweg 11 - Amsterdam","address":"Klokkenbergweg 11","city":"Amsterdam","operatorName":"Eneco","maxPowerKw":22,"isMegawatt":false,"status":"AVAILABLE","source":"ndw","priceKwh":0.32}},{"type":"Feature","geometry":{"type":"Point","coordinates":[4.812433,52.39995]},"properties":{"type":"charge","layer":"passenger","locationId":"3966435","name":"Laadnet Renewi Organics","address":"Sardiniëweg 3","city":"Amsterdam","operatorName":"Laadnet","maxPowerKw":22,"isMegawatt":false,"status":"AVAILABLE","source":"ndw"}},{"type":"Feature","geometry":{"type":"Point","coordinates":[4.89748,52.380667]},"properties":{"type":"charge","layer":"passenger","locationId":"D8DBCA2C-7DDB-436A-812D-E67A8BB4CA76","name":"TNLP030017","address":"De Ruijterkade 46","city":"Amsterdam","operatorName":"TotalEnergies","maxPowerKw":120,"isMegawatt":false,"status":"AVAILABLE","source":"ndw"}},{"type":"Feature","geometry":{"type":"Point","coordinates":[4.750095,52.404246]},"properties":{"type":"charge","layer":"passenger","locationId":"91107292","name":"50five-S NL 18B06393","address":"Beiraweg 5","city":"Amsterdam","operatorName":"50five","maxPowerKw":22,"isMegawatt":false,"status":"UNAVAILABLE","source":"ndw"}},{"type":"Feature","geometry":{"type":"Point","coordinates":[4.893642,52.413456]},"properties":{"type":"charge","layer":"passenger","locationId":"96A6C72A-68A7-4BB5-B1D6-C656D7762292","name":"TNLP010968 - Kometensingel 23, Amsterdam","address":"23 Kometensingel","city":"Amsterdam","operatorName":"TotalEnergies","maxPowerKw":17,"isMegawatt":false,"status":"AVAILABLE","source":"ndw"}},{"type":"Feature","geometry":{"type":"Point","coordinates":[4.877026,52.361412]},"properties":{"type":"charge","layer":"passenger","locationId":"E23529A9-A46F-46EB-A38C-4F4567E1F7F0","name":"TNLP010538 - Roemer Visscherstraat 30, Amsterdam","address":"30 Roemer Visscherstraat","city":"Amsterdam","operatorName":"TotalEnergies","maxPowerKw":17,"isMegawatt":false,"status":"CHARGING","source":"ndw"}},{"type":"Feature","geometry":{"type":"Point","coordinates":[4.84282,52.340676]},"properties":{"type":"charge","layer":"passenger","locationId":"91201167","name":"50five-S NL 04002368","address":"Anthony Fokkerweg 61","city":"Amsterdam","operatorName":"50five","maxPowerKw":7,"isMegawatt":false,"status":"UNAVAILABLE","source":"ndw"}},{"type":"Feature","geometry":{"type":"Point","coordinates":[4.89066,52.37317]},"properties":{"type":"charge","layer":"passenger","locationId":"64494F72-830A-4312-AE85-657C276CF9E2","name":"Eneco eMobility Broekhuis Opel Peugeot Fiat Citroën Harderwijk","address":"Lorentzstraat 17","city":"Harderwijk","operatorName":"Eneco","maxPowerKw":22,"isMegawatt":false,"status":"AVAILABLE","source":"ndw","priceKwh":0.45}},{"type":"Feature","geometry":{"type":"Point","coordinates":[4.941874,52.352047]},"properties":{"type":"charge","layer":"passenger","locationId":"9F9AC605-418F-4CC8-A74D-CAC71BC5ABF7","name":"TNLP010857 - Johannes van der Waalsstraat 42, Amsterdam","address":"42 Johannes van der Waalsstraat","city":"Amsterdam","operatorName":"TotalEnergies","maxPowerKw":17,"isMegawatt":false,"status":"AVAILABLE","source":"ndw"}},{"type":"Feature","geometry":{"type":"Point","coordinates":[4.878705,52.415825]},"properties":{"type":"charge","layer":"passenger","locationId":"C77EE06E-5486-43C3-B9B1-E0963720F1EC","name":"TNLP010342 - Eenhoornhof 17, Amsterdam","address":"17 Eenhoornhof","city":"Amsterdam","operatorName":"TotalEnergies","maxPowerKw":17,"isMegawatt":false,"status":"UNAVAILABLE","source":"ndw"}},{"type":"Feature","geometry":{"type":"Point","coordinates":[4.837466,52.363064]},"properties":{"type":"charge","layer":"passenger","locationId":"66321ca48e3b8d001c857ff6","name":"August Allebeplein laadpaal 2","address":"August Allebeplein 51","city":"Amsterdam","operatorName":"E-Flux by Road","maxPowerKw":22,"isMegawatt":false,"status":"AVAILABLE","source":"ndw","priceKwh":0.33}},{"type":"Feature","geometry":{"type":"Point","coordinates":[4.788418,52.390183]},"properties":{"type":"charge","layer":"passenger","locationId":"6572fc916b1af0001ce28073","name":"Perfect Vloerenonderhoud - Station","address":"Bolstoen  5C","city":"Amsterdam","operatorName":"Lanova Laadpalen","maxPowerKw":11,"isMegawatt":false,"status":"AVAILABLE","source":"ndw","priceKwh":0.58}},{"type":"Feature","geometry":{"type":"Point","coordinates":[4.874772,52.36675]},"properties":{"type":"charge","layer":"passenger","locationId":"CD82EF13-A3D9-48DE-82E3-0C2EE277C099","name":"TNLP010087 - Jacob van Lennepstraat 40, Amsterdam","address":"40 Jacob van Lennepstraat","city":"Amsterdam","operatorName":"TotalEnergies","maxPowerKw":17,"isMegawatt":false,"status":"AVAILABLE","source":"ndw"}},{"type":"Feature","geometry":{"type":"Point","coordinates":[4.941053,52.349705]},"properties":{"type":"charge","layer":"passenger","locationId":"39FA4FCC-61D5-4DDB-A1E1-818890F79DDC","name":"TNLP010057 - Linnaeusparkweg 228, Amsterdam","address":"228 Linnaeusparkweg","city":"Amsterdam","operatorName":"TotalEnergies","maxPowerKw":17,"isMegawatt":false,"status":"AVAILABLE","source":"ndw"}},{"type":"Feature","geometry":{"type":"Point","coordinates":[5.040576,52.311604]},"properties":{"type":"charge","layer":"passenger","locationId":"B482C810-3B88-4ED0-89E0-00B6B0ABF10F","name":"TNLP011468 - Rembrandt van Rijnstraat 31, Weesp","address":"31 Rembrandt van Rijnstraat","city":"Weesp","operatorName":"TotalEnergies","maxPowerKw":17,"isMegawatt":false,"status":"UNAVAILABLE","source":"ndw"}},{"type":"Feature","geometry":{"type":"Point","coordinates":[4.921751,52.358463]},"properties":{"type":"charge","layer":"passenger","locationId":"5FDD0CC0-DFA4-4C4D-BAB2-CDB49D6F763B","name":"TNLP010361 - Tweede Oosterparkstraat 209, Amsterdam","address":"209 Tweede Oosterparkstraat","city":"Amsterdam","operatorName":"TotalEnergies","maxPowerKw":17,"isMegawatt":false,"status":"CHARGING","source":"ndw"}},{"type":"Feature","geometry":{"type":"Point","coordinates":[4.936477,52.356243]},"properties":{"type":"charge","layer":"passenger","locationId":"4D5915FA-D833-4C19-B267-B0A2E3BE4976","name":"TNLP010401 - Newtonstraat 54, Amsterdam","address":"54 Newtonstraat","city":"Amsterdam","operatorName":"TotalEnergies","maxPowerKw":17,"isMegawatt":false,"status":"AVAILABLE","source":"ndw"}},{"type":"Feature","geometry":{"type":"Point","coordinates":[4.877143,52.392113]},"properties":{"type":"charge","layer":"passenger","locationId":"B386C08A-4E88-4A3B-B2E3-6C10F895C694","name":"TNLP010484 - Hemburgstraat 2, Amsterdam","address":"2 Hemburgstraat","city":"Amsterdam","operatorName":"TotalEnergies","maxPowerKw":17,"isMegawatt":false,"status":"AVAILABLE","source":"ndw"}},{"type":"Feature","geometry":{"type":"Point","coordinates":[4.910365,52.404976]},"properties":{"type":"charge","layer":"passenger","locationId":"97525A3D-336F-4EB2-8FA5-2FC47DCADAF8","name":"TNLP010947 - Banne Buikslootlaan 72, Amsterdam","address":"72 Banne Buikslootlaan","city":"Amsterdam","operatorName":"TotalEnergies","maxPowerKw":17,"isMegawatt":false,"status":"AVAILABLE","source":"ndw"}},{"type":"Feature","geometry":{"type":"Point","coordinates":[4.802542,52.35725]},"properties":{"type":"charge","layer":"passenger","locationId":"ED609C33-E4D8-41F0-BBF7-592850E8B69F","name":"TNLP011026 - Martini van Geffenstraat 28, Amsterdam","address":"28 Martini van Geffenstraat","city":"Amsterdam","operatorName":"TotalEnergies","maxPowerKw":17,"isMegawatt":false,"status":"CHARGING","source":"ndw"}},{"type":"Feature","geometry":{"type":"Point","coordinates":[4.837333,52.359356]},"properties":{"type":"charge","layer":"passenger","locationId":"22D8B9A0-0760-40D2-B083-C03EA9E6A8EE","name":"TNLP010348 - Johan Jongkindstraat 97, Amsterdam","address":"97 Johan Jongkindstraat","city":"Amsterdam","operatorName":"TotalEnergies","maxPowerKw":17,"isMegawatt":false,"status":"AVAILABLE","source":"ndw"}},{"type":"Feature","geometry":{"type":"Point","coordinates":[4.8015,52.36761]},"properties":{"type":"charge","layer":"passenger","locationId":"30c63033ccb04a7ea64224b9ee4cedc7","name":"KWS Depotlocatie Troelstalaan ","address":"Troelstalaan 1","city":"Amsterdam","operatorName":"NRG Mobility","maxPowerKw":11,"isMegawatt":false,"status":"AVAILABLE","source":"ndw","priceKwh":0.45}},{"type":"Feature","geometry":{"type":"Point","coordinates":[4.895124,52.342735]},"properties":{"type":"charge","layer":"passenger","locationId":"4C0E38DE-DF8E-4203-B21A-AA25D3AFCEDA","name":"TNLP010498 - Rooseveltlaan 228, Amsterdam","address":"228 Rooseveltlaan","city":"Amsterdam","operatorName":"TotalEnergies","maxPowerKw":17,"isMegawatt":false,"status":"AVAILABLE","source":"ndw"}},{"type":"Feature","geometry":{"type":"Point","coordinates":[4.907743,52.383098]},"properties":{"type":"charge","layer":"passenger","locationId":"62591f9e45eecf0bfc70fd6f","name":"W.V.D.S. Sixhaven","address":"Sixhavenweg 15","city":"Amsterdam","operatorName":"E-Flux by Road","maxPowerKw":22,"isMegawatt":false,"status":"AVAILABLE","source":"ndw","priceKwh":0.43}},{"type":"Feature","geometry":{"type":"Point","coordinates":[4.959107,52.356461]},"properties":{"type":"charge","layer":"passenger","locationId":"64ef29adbf470c001da83076","name":"KEN 300 Matrix FIVE","address":"Science Park 406","city":"Amsterdam","operatorName":"E-Flux by Road","maxPowerKw":22,"isMegawatt":false,"status":"AVAILABLE","source":"ndw","priceKwh":0.48}},{"type":"Feature","geometry":{"type":"Point","coordinates":[4.94462,52.39883]},"properties":{"type":"charge","layer":"passenger","locationId":"C4A5E305-A9F3-47CE-879E-1A100B8191AC","name":"TNLP011465 - Zilverplevierstraat 1, Amsterdam","address":"1 Zilverplevierstraat","city":"Amsterdam","operatorName":"TotalEnergies","maxPowerKw":17,"isMegawatt":false,"status":"AVAILABLE","source":"ndw"}},{"type":"Feature","geometry":{"type":"Point","coordinates":[4.875014,52.401867]},"properties":{"type":"charge","layer":"passenger","locationId":"91106146","name":"50five-S NL 03007109","address":"Danzigerkade 165","city":"Amsterdam","operatorName":"50five","maxPowerKw":4,"isMegawatt":false,"status":"AVAILABLE","source":"ndw"}},{"type":"Feature","geometry":{"type":"Point","coordinates":[4.876781,52.399258]},"properties":{"type":"charge","layer":"passenger","locationId":"OST20P0044_0002_0","name":"OST20P0044_0002_0","address":"Danzigerkade 15","city":"Amsterdam","operatorName":"e-VOLTT","maxPowerKw":21,"isMegawatt":false,"status":"AVAILABLE","source":"ndw","priceKwh":0.32}},{"type":"Feature","geometry":{"type":"Point","coordinates":[4.873067,52.396982]},"properties":{"type":"charge","layer":"passenger","locationId":"89179899","name":"Laadpaal24 Post House Real Estate BV","address":"Koivistokade 58","city":"Amsterdam","operatorName":"Laadpaal24","maxPowerKw":22,"isMegawatt":false,"status":"AVAILABLE","source":"ndw"}},{"type":"Feature","geometry":{"type":"Point","coordinates":[4.826969,52.387887]},"properties":{"type":"charge","layer":"passenger","locationId":"91232575","name":"50five-S NL 09102592","address":"Naritaweg 142","city":"Amsterdam","operatorName":"50five","maxPowerKw":11,"isMegawatt":false,"status":"AVAILABLE","source":"ndw"}},{"type":"Feature","geometry":{"type":"Point","coordinates":[4.875568,52.402086]},"properties":{"type":"charge","layer":"passenger","locationId":"91107591","name":"50five-S NL 04004461","address":"Danzigerkade 165","city":"Amsterdam","operatorName":"50five","maxPowerKw":7,"isMegawatt":false,"status":"UNAVAILABLE","source":"ndw"}},{"type":"Feature","geometry":{"type":"Point","coordinates":[5.040825,52.308517]},"properties":{"type":"charge","layer":"passenger","locationId":"F46A47F7-7529-4D6B-A86B-B88B21545BC0","name":"TNLP011887 - Achteromstraat 29, Weesp","address":"29 Achteromstraat","city":"Weesp","operatorName":"TotalEnergies","maxPowerKw":17,"isMegawatt":false,"status":"AVAILABLE","source":"ndw"}},{"type":"Feature","geometry":{"type":"Point","coordinates":[4.853449,52.335255]},"properties":{"type":"charge","layer":"passenger","locationId":"1683","name":"50five Exploitatie 1683","address":"Jachthavenweg 24","city":"Amsterdam","operatorName":"50five","maxPowerKw":11,"isMegawatt":false,"status":"AVAILABLE","source":"ndw"}},{"type":"Feature","geometry":{"type":"Point","coordinates":[4.825881,52.379253]},"properties":{"type":"charge","layer":"passenger","locationId":"01E34AAE-A15A-4FB0-928C-50A4EA78CF85","name":"TNLP011460 - Jan de Jonghstraat 11, Amsterdam","address":"11 Jan de Jonghstraat","city":"Amsterdam","operatorName":"TotalEnergies","maxPowerKw":17,"isMegawatt":false,"status":"AVAILABLE","source":"ndw"}},{"type":"Feature","geometry":{"type":"Point","coordinates":[4.87393,52.3556]},"properties":{"type":"charge","layer":"passenger","locationId":"1FEFBCEF-3B75-4114-9D81-E781BCD9069E","name":"Eneco eMobility Banstraat 5 D Amsterdam","address":"Banstraat 5 D","city":"Amsterdam","operatorName":"Eneco","maxPowerKw":22,"isMegawatt":false,"status":"AVAILABLE","source":"ndw","priceKwh":0.32}},{"type":"Feature","geometry":{"type":"Point","coordinates":[4.982251,52.36175]},"properties":{"type":"charge","layer":"passenger","locationId":"AF09D140-96F8-4C39-B50E-DBBABF6EE1F4","name":"TNLP010466 - IJburglaan 464, Amsterdam","address":"464 IJburglaan","city":"Amsterdam","operatorName":"TotalEnergies","maxPowerKw":17,"isMegawatt":false,"status":"AVAILABLE","source":"ndw"}},{"type":"Feature","geometry":{"type":"Point","coordinates":[4.890445,52.369183]},"properties":{"type":"charge","layer":"passenger","locationId":"91107186","name":"50five-S NL 08002535","address":"Klipperaak 101","city":"Bodegraven","operatorName":"50five","maxPowerKw":11,"isMegawatt":false,"status":"AVAILABLE","source":"ndw"}},{"type":"Feature","geometry":{"type":"Point","coordinates":[4.856551,52.357843]},"properties":{"type":"charge","layer":"passenger","locationId":"68828520cdb7fc2050b064f4","name":"Conscious Hotel Vondelpark B.V.","address":"Overtoom 519","city":"Amsterdam","operatorName":"Pluq","maxPowerKw":11,"isMegawatt":false,"status":"AVAILABLE","source":"ndw","priceKwh":0.4}},{"type":"Feature","geometry":{"type":"Point","coordinates":[4.916915,52.333553]},"properties":{"type":"charge","layer":"passenger","locationId":"91109673","name":"50five-S NL 03007654","address":"Willem Fenengastraat 17","city":"Amsterdam","operatorName":"50five","maxPowerKw":11,"isMegawatt":false,"status":"AVAILABLE","source":"ndw"}},{"type":"Feature","geometry":{"type":"Point","coordinates":[4.91264,52.36701]},"properties":{"type":"charge","layer":"passenger","locationId":"aa81c8454d1750b7207ee0ca21004615","name":"Plantage Kerklaan 38","address":"Plantage Kerklaan 38","city":"Amsterdam","operatorName":"Vattenfall InCharge","maxPowerKw":11,"isMegawatt":false,"status":"AVAILABLE","source":"ndw","priceKwh":0.89}},{"type":"Feature","geometry":{"type":"Point","coordinates":[4.8594,52.324326]},"properties":{"type":"charge","layer":"passenger","locationId":"76111DE3-E8C2-4435-AC3E-344E4396935C","name":"TNLP010288 - Bolestein 718, Amsterdam","address":"718 Bolestein","city":"Amsterdam","operatorName":"TotalEnergies","maxPowerKw":17,"isMegawatt":false,"status":"AVAILABLE","source":"ndw"}},{"type":"Feature","geometry":{"type":"Point","coordinates":[4.886641,52.38619]},"properties":{"type":"charge","layer":"passenger","locationId":"B78A8AF1-6953-4AEA-A13B-BA7ED767DD86","name":"TNLP011303 - Prinseneiland 65, Amsterdam","address":"65 Prinseneiland","city":"Amsterdam","operatorName":"TotalEnergies","maxPowerKw":17,"isMegawatt":false,"status":"AVAILABLE","source":"ndw"}},{"type":"Feature","geometry":{"type":"Point","coordinates":[5.044047,52.300964]},"properties":{"type":"charge","layer":"passenger","locationId":"FFECC7B6-A107-4088-B365-0AE111D5D7A2","name":"TNLP011569 - Rondeel 2, Weesp","address":"2 Rondeel","city":"Weesp","operatorName":"TotalEnergies","maxPowerKw":17,"isMegawatt":false,"status":"AVAILABLE","source":"ndw"}},{"type":"Feature","geometry":{"type":"Point","coordinates":[4.83812,52.37258]},"properties":{"type":"charge","layer":"passenger","locationId":"54FBB8FC-C0DD-4632-AEEA-D24CACC51216","name":"Eneco eMobility Jan Tooropstraat 649 Amsterdam","address":"Jan Tooropstraat 649","city":"Amsterdam","operatorName":"Eneco","maxPowerKw":22,"isMegawatt":false,"status":"AVAILABLE","source":"ndw","priceKwh":0.32}},{"type":"Feature","geometry":{"type":"Point","coordinates":[4.832408,52.3872]},"properties":{"type":"charge","layer":"passenger","locationId":"89603951","name":"Van Leeuwen Naritaweg 235","address":"Naritaweg 235","city":"Amsterdam","operatorName":"Van Leeuwen","maxPowerKw":22,"isMegawatt":false,"status":"AVAILABLE","source":"ndw"}},{"type":"Feature","geometry":{"type":"Point","coordinates":[4.876781,52.399258]},"properties":{"type":"charge","layer":"passenger","locationId":"OST20P0044_0014_5","name":"OST20P0044_0014_5","address":"Danzigerkade 15","city":"Amsterdam","operatorName":"e-VOLTT","maxPowerKw":21,"isMegawatt":false,"status":"AVAILABLE","source":"ndw","priceKwh":0.32}},{"type":"Feature","geometry":{"type":"Point","coordinates":[4.969147,52.370686]},"properties":{"type":"charge","layer":"passenger","locationId":"5F95EEDD-99E6-476E-BF36-B66020AE3586","name":"TNLP011011 - Leo Hornstraat 23, Amsterdam","address":"23 Leo Hornstraat","city":"Amsterdam","operatorName":"TotalEnergies","maxPowerKw":17,"isMegawatt":false,"status":"AVAILABLE","source":"ndw"}},{"type":"Feature","geometry":{"type":"Point","coordinates":[5.044641,52.31332]},"properties":{"type":"charge","layer":"passenger","locationId":"91109827","name":"50five-S NL 08103451","address":"Leeuwenveldseweg 12","city":"Weesp","operatorName":"50five","maxPowerKw":11,"isMegawatt":false,"status":"AVAILABLE","source":"ndw"}},{"type":"Feature","geometry":{"type":"Point","coordinates":[4.77619,52.38974]},"properties":{"type":"charge","layer":"passenger","locationId":"ALF-0006688","name":"ALF-0006688","address":"Banterij 2","city":"Amsterdam","operatorName":"e-VOLTT","maxPowerKw":38,"isMegawatt":false,"status":"AVAILABLE","source":"ndw","priceKwh":0.4321}},{"type":"Feature","geometry":{"type":"Point","coordinates":[4.889605,52.371694]},"properties":{"type":"charge","layer":"passenger","locationId":"91187193","name":"50five-S NL 08002546","address":"Spuistraat 201","city":"Amsterdam","operatorName":"50five","maxPowerKw":22,"isMegawatt":false,"status":"AVAILABLE","source":"ndw"}},{"type":"Feature","geometry":{"type":"Point","coordinates":[4.97982,52.360245]},"properties":{"type":"charge","layer":"passenger","locationId":"8CF340BA-58AE-4E87-BBA3-35D794210413","name":"TNLP011321 - James Bradleystraat 15, Amsterdam","address":"15 James Bradleystraat","city":"Amsterdam","operatorName":"TotalEnergies","maxPowerKw":17,"isMegawatt":false,"status":"AVAILABLE","source":"ndw"}},{"type":"Feature","geometry":{"type":"Point","coordinates":[4.87121,52.348373]},"properties":{"type":"charge","layer":"passenger","locationId":"9D8F7EB1-4C5B-45E7-AE5C-1571516353F5","name":"TNLP010182 - Michelangelostraat 37, Amsterdam","address":"37 Michelangelostraat","city":"Amsterdam","operatorName":"TotalEnergies","maxPowerKw":17,"isMegawatt":false,"status":"AVAILABLE","source":"ndw"}},{"type":"Feature","geometry":{"type":"Point","coordinates":[4.904209,52.356617]},"properties":{"type":"charge","layer":"passenger","locationId":"CDABFDAA-6726-4882-8B5F-BED6A1D1AC09","name":"TNLP011013 - Tweede Jan van der Heijdenstraat 103, Amsterdam","address":"103 Tweede Jan van der Heijdenstraat","city":"Amsterdam","operatorName":"TotalEnergies","maxPowerKw":17,"isMegawatt":false,"status":"AVAILABLE","source":"ndw"}},{"type":"Feature","geometry":{"type":"Point","coordinates":[5.041665,52.31157]},"properties":{"type":"charge","layer":"passenger","locationId":"E476F772-CCBD-4498-84BB-8D90072CB5C3","name":"TNLP009022 - Herensingel 142, Weesp","address":"142 Herensingel","city":"Weesp","operatorName":"TotalEnergies","maxPowerKw":17,"isMegawatt":false,"status":"UNAVAILABLE","source":"ndw"}},{"type":"Feature","geometry":{"type":"Point","coordinates":[4.946337,52.311024]},"properties":{"type":"charge","layer":"passenger","locationId":"NLCPIL6537045","name":"EUROPLAZA LAADPAAL 2","address":"56 Hoogoorddreef","city":"Amsterdam","operatorName":"ChargePoint","maxPowerKw":22,"isMegawatt":false,"status":"AVAILABLE","source":"ndw","priceKwh":0.57}},{"type":"Feature","geometry":{"type":"Point","coordinates":[4.872275,52.36421]},"properties":{"type":"charge","layer":"passenger","locationId":"b0463c5e-2741-459c-9d40-d7a967484754","name":"TNLP010749 - Tweede Constantijn Huygensstraat 4, Amsterdam","address":"4 Tweede Constantijn Huygensstraat","city":"Amsterdam","operatorName":"TotalEnergies","maxPowerKw":17,"isMegawatt":false,"status":"AVAILABLE","source":"ndw"}},{"type":"Feature","geometry":{"type":"Point","coordinates":[4.92418,52.408604]},"properties":{"type":"charge","layer":"passenger","locationId":"4FF79D5D-66BF-4CEA-8FFD-8DB8B51B4C22","name":"TNLP010572 - Voordewind 50, Amsterdam","address":"50 Voordewind","city":"Amsterdam","operatorName":"TotalEnergies","maxPowerKw":17,"isMegawatt":false,"status":"AVAILABLE","source":"ndw"}},{"type":"Feature","geometry":{"type":"Point","coordinates":[4.917468,52.348442]},"properties":{"type":"charge","layer":"passenger","locationId":"4174848","name":"Laadnet Het Financieele Dagblad","address":"Prins Bernhardplein 173","city":"Amsterdam","operatorName":"Laadnet","maxPowerKw":22,"isMegawatt":false,"status":"UNAVAILABLE","source":"ndw"}},{"type":"Feature","geometry":{"type":"Point","coordinates":[4.893644,52.407894]},"properties":{"type":"charge","layer":"passenger","locationId":"74F1A420-0F49-407B-84C2-47DDBE78E4F1","name":"TNLP010815 - Gutserstraat 29, Amsterdam","address":"29 Gutserstraat","city":"Amsterdam","operatorName":"TotalEnergies","maxPowerKw":17,"isMegawatt":false,"status":"AVAILABLE","source":"ndw"}},{"type":"Feature","geometry":{"type":"Point","coordinates":[4.801755,52.347588]},"properties":{"type":"charge","layer":"passenger","locationId":"02818D79-06DA-4065-8855-D3A25B10BF98","name":"TNLP011648 - Blankenbergestraat 3, Amsterdam","address":"3 Blankenbergestraat","city":"Amsterdam","operatorName":"TotalEnergies","maxPowerKw":17,"isMegawatt":false,"status":"AVAILABLE","source":"ndw"}},{"type":"Feature","geometry":{"type":"Point","coordinates":[4.915042,52.39734]},"properties":{"type":"charge","layer":"passenger","locationId":"1890FD42-AAF0-40C9-99ED-5337C98BC660","name":"TNLP010483 - Sneeuwbalstraat 15, Amsterdam","address":"15 Sneeuwbalstraat","city":"Amsterdam","operatorName":"TotalEnergies","maxPowerKw":17,"isMegawatt":false,"status":"AVAILABLE","source":"ndw"}},{"type":"Feature","geometry":{"type":"Point","coordinates":[4.869263,52.332554]},"properties":{"type":"charge","layer":"passenger","locationId":"156B90C1-E0F0-405B-A292-1DC65AC47AAE","name":"TNLP010584 - Buitenveldertselaan 27, Amsterdam","address":"27 Buitenveldertselaan","city":"Amsterdam","operatorName":"TotalEnergies","maxPowerKw":17,"isMegawatt":false,"status":"AVAILABLE","source":"ndw"}},{"type":"Feature","geometry":{"type":"Point","coordinates":[4.910331,52.368217]},"properties":{"type":"charge","layer":"passenger","locationId":"48C8CCE4-C634-47F9-B21D-974FD0CD5154","name":"TNLP011051 - Plantage Parklaan 21, Amsterdam","address":"21 Plantage Parklaan","city":"Amsterdam","operatorName":"TotalEnergies","maxPowerKw":17,"isMegawatt":false,"status":"CHARGING","source":"ndw"}},{"type":"Feature","geometry":{"type":"Point","coordinates":[4.883257,52.413864]},"properties":{"type":"charge","layer":"passenger","locationId":"7239071A-98B2-4F00-B3B2-C8F24621AB39","name":"TNLP010312 - Meteorenweg 221, Amsterdam","address":"221 Meteorenweg","city":"Amsterdam","operatorName":"TotalEnergies","maxPowerKw":17,"isMegawatt":false,"status":"AVAILABLE","source":"ndw"}},{"type":"Feature","geometry":{"type":"Point","coordinates":[4.90021,52.344585]},"properties":{"type":"charge","layer":"passenger","locationId":"79ADE4D0-8E98-4CEF-9ADD-6B9F6E6D2909","name":"TNLP010956 - Rooseveltlaan 76, Amsterdam","address":"76 Rooseveltlaan","city":"Amsterdam","operatorName":"TotalEnergies","maxPowerKw":17,"isMegawatt":false,"status":"AVAILABLE","source":"ndw"}},{"type":"Feature","geometry":{"type":"Point","coordinates":[4.924504,52.344234]},"properties":{"type":"charge","layer":"passenger","locationId":"6101FA66-9CD1-40E4-952B-38CBB412FC28","name":"TNLP010159 - Fahrenheitsingel 70, Amsterdam","address":"70 Fahrenheitsingel","city":"Amsterdam","operatorName":"TotalEnergies","maxPowerKw":17,"isMegawatt":false,"status":"UNAVAILABLE","source":"ndw"}},{"type":"Feature","geometry":{"type":"Point","coordinates":[4.921877,52.371628]},"properties":{"type":"charge","layer":"passenger","locationId":"BEE5AF2E-B64B-481D-8ACC-624196F55409","name":"TNLP010732 - Tweede Wittenburgerdwarsstraat 133, Amsterdam","address":"133 Tweede Wittenburgerdwarsstraat","city":"Amsterdam","operatorName":"TotalEnergies","maxPowerKw":17,"isMegawatt":false,"status":"AVAILABLE","source":"ndw"}},{"type":"Feature","geometry":{"type":"Point","coordinates":[4.921704,52.35258]},"properties":{"type":"charge","layer":"passenger","locationId":"FED7984A-A112-49C4-8471-0A3047C15C1A","name":"TNLP011226 - Transvaalkade 83, Amsterdam","address":"83 Transvaalkade","city":"Amsterdam","operatorName":"TotalEnergies","maxPowerKw":17,"isMegawatt":false,"status":"AVAILABLE","source":"ndw"}},{"type":"Feature","geometry":{"type":"Point","coordinates":[4.87817,52.348152]},"properties":{"type":"charge","layer":"passenger","locationId":"de8dcd9a-15f6-4fd3-b231-c8e7d839a305","name":"TNLP010591 - Schubertstraat 4, Amsterdam","address":"4 Schubertstraat","city":"Amsterdam","operatorName":"TotalEnergies","maxPowerKw":17,"isMegawatt":false,"status":"AVAILABLE","source":"ndw"}},{"type":"Feature","geometry":{"type":"Point","coordinates":[4.811375,52.37773]},"properties":{"type":"charge","layer":"passenger","locationId":"F5B6C423-C2B3-4A77-A760-97437B121D33","name":"TNLP010953 - Lodewijk van Deysselstraat 91, Amsterdam","address":"91 Lodewijk van Deysselstraat","city":"Amsterdam","operatorName":"TotalEnergies","maxPowerKw":17,"isMegawatt":false,"status":"UNAVAILABLE","source":"ndw"}},{"type":"Feature","geometry":{"type":"Point","coordinates":[4.912325,52.39978]},"properties":{"type":"charge","layer":"passenger","locationId":"98339F3B-EF88-4F29-90C2-D738C7B7C571","name":"TNLP010095 - Floraweg 167, Amsterdam","address":"167 Floraweg","city":"Amsterdam","operatorName":"TotalEnergies","maxPowerKw":17,"isMegawatt":false,"status":"AVAILABLE","source":"ndw"}},{"type":"Feature","geometry":{"type":"Point","coordinates":[4.868084,52.360466]},"properties":{"type":"charge","layer":"passenger","locationId":"796B88BC-AFD5-4985-BB1C-F407A822AB8C","name":"TNLP010032 - Gerard Brandtstraat 8, Amsterdam","address":"8 Gerard Brandtstraat","city":"Amsterdam","operatorName":"TotalEnergies","maxPowerKw":17,"isMegawatt":false,"status":"AVAILABLE","source":"ndw"}},{"type":"Feature","geometry":{"type":"Point","coordinates":[4.874605,52.349342]},"properties":{"type":"charge","layer":"passenger","locationId":"B4D7D49E-4A91-48A9-B555-1C91D4C5BD6C","name":"TNLP011348 - Memlingstraat 21, Amsterdam","address":"21 Memlingstraat","city":"Amsterdam","operatorName":"TotalEnergies","maxPowerKw":17,"isMegawatt":false,"status":"AVAILABLE","source":"ndw"}},{"type":"Feature","geometry":{"type":"Point","coordinates":[4.932638,52.39298]},"properties":{"type":"charge","layer":"passenger","locationId":"7FCC884C-D185-42C0-84CC-98DB4EFCD311","name":"TNLP011216 - Waddendijk 79, Amsterdam","address":"79 Waddendijk","city":"Amsterdam","operatorName":"TotalEnergies","maxPowerKw":17,"isMegawatt":false,"status":"AVAILABLE","source":"ndw"}},{"type":"Feature","geometry":{"type":"Point","coordinates":[4.853581,52.366802]},"properties":{"type":"charge","layer":"passenger","locationId":"86FEA45C-3E31-4A36-8C11-565102E5E5E7","name":"TNLP010052 - Hudsonstraat 83, Amsterdam","address":"83 Hudsonstraat","city":"Amsterdam","operatorName":"TotalEnergies","maxPowerKw":17,"isMegawatt":false,"status":"AVAILABLE","source":"ndw"}},{"type":"Feature","geometry":{"type":"Point","coordinates":[4.81067,52.372616]},"properties":{"type":"charge","layer":"passenger","locationId":"F82833FB-635C-4AF7-8BAE-9D0F6B42300D","name":"TNLP010910 - Wessel Gansfortstraat 20, Amsterdam","address":"20 Wessel Gansfortstraat","city":"Amsterdam","operatorName":"TotalEnergies","maxPowerKw":17,"isMegawatt":false,"status":"AVAILABLE","source":"ndw"}},{"type":"Feature","geometry":{"type":"Point","coordinates":[4.988708,52.321148]},"properties":{"type":"charge","layer":"passenger","locationId":"9B5BB4F9-F263-4C8D-82C1-2D5A7FFE0765","name":"TNLP011545 - Kantershof 141, Amsterdam","address":"141 Kantershof","city":"Amsterdam","operatorName":"TotalEnergies","maxPowerKw":17,"isMegawatt":false,"status":"AVAILABLE","source":"ndw"}},{"type":"Feature","geometry":{"type":"Point","coordinates":[4.795836,52.375313]},"properties":{"type":"charge","layer":"passenger","locationId":"A11246FA-24B6-40F9-A6C0-65F979C7A214","name":"TNLP010976 - Willem Kromhoutstraat 18, Amsterdam","address":"18 Willem Kromhoutstraat","city":"Amsterdam","operatorName":"TotalEnergies","maxPowerKw":17,"isMegawatt":false,"status":"AVAILABLE","source":"ndw"}},{"type":"Feature","geometry":{"type":"Point","coordinates":[4.817102,52.37338]},"properties":{"type":"charge","layer":"passenger","locationId":"0E4E3DF3-D965-4C1B-8995-1BADC6AF10F6","name":"TNLP010851 - Aristotelesstraat 19, Amsterdam","address":"19 Aristotelesstraat","city":"Amsterdam","operatorName":"TotalEnergies","maxPowerKw":17,"isMegawatt":false,"status":"CHARGING","source":"ndw"}},{"type":"Feature","geometry":{"type":"Point","coordinates":[4.812441,52.343086]},"properties":{"type":"charge","layer":"passenger","locationId":"aa1b01c5-9273-4185-a489-1d7645a1dd5b","name":"TNLP011130 - Sint-Truidenstraat 49, Amsterdam","address":"49 Sint-Truidenstraat","city":"Amsterdam","operatorName":"TotalEnergies","maxPowerKw":17,"isMegawatt":false,"status":"AVAILABLE","source":"ndw"}},{"type":"Feature","geometry":{"type":"Point","coordinates":[4.840784,52.360184]},"properties":{"type":"charge","layer":"passenger","locationId":"32F7D36D-A418-4635-9BAB-75A710648188","name":"TNLP011759 - Charles Leickertstraat 1 2, Amsterdam","address":"1 2 Charles Leickertstraat","city":"Amsterdam","operatorName":"TotalEnergies","maxPowerKw":17,"isMegawatt":false,"status":"UNAVAILABLE","source":"ndw"}},{"type":"Feature","geometry":{"type":"Point","coordinates":[4.92,52.34866]},"properties":{"type":"charge","layer":"passenger","locationId":"1FB1ED8A-A5D1-4826-A744-03CEC48E8165","name":"TNLP010822 - James Wattstraat 100, Amsterdam","address":"100 James Wattstraat","city":"Amsterdam","operatorName":"TotalEnergies","maxPowerKw":17,"isMegawatt":false,"status":"AVAILABLE","source":"ndw"}},{"type":"Feature","geometry":{"type":"Point","coordinates":[4.959029,52.356548]},"properties":{"type":"charge","layer":"passenger","locationId":"6537b930609582001c1e805d","name":"KEN 301 Matrix FIVE","address":"Science Park 406","city":"Amsterdam","operatorName":"E-Flux by Road","maxPowerKw":11,"isMegawatt":false,"status":"AVAILABLE","source":"ndw","priceKwh":0.48}},{"type":"Feature","geometry":{"type":"Point","coordinates":[4.915625,52.356068]},"properties":{"type":"charge","layer":"passenger","locationId":"5CFF6B61-00CA-4529-A551-455426FDC521","name":"TNLP010364 - Derde Oosterparkstraat 48, Amsterdam","address":"48 Derde Oosterparkstraat","city":"Amsterdam","operatorName":"TotalEnergies","maxPowerKw":17,"isMegawatt":false,"status":"AVAILABLE","source":"ndw"}},{"type":"Feature","geometry":{"type":"Point","coordinates":[4.837843,52.385685]},"properties":{"type":"charge","layer":"passenger","locationId":"698D9232-8AE9-409A-90B9-CDEA803D0073","name":"TNLP011821 - Arlandaweg 92, Amsterdam","address":"92 Arlandaweg","city":"Amsterdam","operatorName":"TotalEnergies","maxPowerKw":17,"isMegawatt":false,"status":"AVAILABLE","source":"ndw"}},{"type":"Feature","geometry":{"type":"Point","coordinates":[4.95771,52.294839]},"properties":{"type":"charge","layer":"passenger","locationId":"6729fe0c5b10c99a5c0d84ae","name":"Laadpunten P1 - Locatie AMC","address":"Meibergdreef 9","city":"Amsterdam","operatorName":"E-Flux by Road","maxPowerKw":11,"isMegawatt":false,"status":"AVAILABLE","source":"ndw","priceKwh":0.62}},{"type":"Feature","geometry":{"type":"Point","coordinates":[4.804805,52.37476]},"properties":{"type":"charge","layer":"passenger","locationId":"8EC03F28-382D-4755-A3A0-C16C45920B74","name":"TNLP010606 - Gillis Steltmanstraat 11, Amsterdam","address":"11 Gillis Steltmanstraat","city":"Amsterdam","operatorName":"TotalEnergies","maxPowerKw":17,"isMegawatt":false,"status":"AVAILABLE","source":"ndw"}},{"type":"Feature","geometry":{"type":"Point","coordinates":[4.901006,52.34104]},"properties":{"type":"charge","layer":"passenger","locationId":"DDFEC1D1-5750-47E3-94A8-F480701AB46B","name":"TNLP010765 - Moerdijkstraat 56, Amsterdam","address":"56 Moerdijkstraat","city":"Amsterdam","operatorName":"TotalEnergies","maxPowerKw":17,"isMegawatt":false,"status":"AVAILABLE","source":"ndw"}},{"type":"Feature","geometry":{"type":"Point","coordinates":[4.941162,52.311654]},"properties":{"type":"charge","layer":"passenger","locationId":"NLLOC027790","name":"NLD, P5 Villa Arena Amsterdam","address":"De Entree 7","city":"Amsterdam","operatorName":"Allego","maxPowerKw":22,"isMegawatt":false,"status":"AVAILABLE","source":"ndw","priceKwh":0.495}},{"type":"Feature","geometry":{"type":"Point","coordinates":[4.917013,52.39311]},"properties":{"type":"charge","layer":"passenger","locationId":"690BCA05-7570-44D6-88EA-5FC403E8E90B","name":"TNLP010499 - Ribesstraat 2, Amsterdam","address":"2 Ribesstraat","city":"Amsterdam","operatorName":"TotalEnergies","maxPowerKw":17,"isMegawatt":false,"status":"AVAILABLE","source":"ndw"}},{"type":"Feature","geometry":{"type":"Point","coordinates":[4.834794,52.385745]},"properties":{"type":"charge","layer":"passenger","locationId":"668567d9a580c9001cfcaf45","name":"Urban Lodge Hotel / Arlanda Hotelexploitatie","address":"Arlandaweg 10","city":"Amsterdam","operatorName":"Pluq","maxPowerKw":22,"isMegawatt":false,"status":"AVAILABLE","source":"ndw","priceKwh":0.35}},{"type":"Feature","geometry":{"type":"Point","coordinates":[4.934658,52.3631]},"properties":{"type":"charge","layer":"passenger","locationId":"FFAECF23-1133-4ABD-84B0-F865423246E1","name":"TNLP011036 - Balistraat 56, Amsterdam","address":"56 Balistraat","city":"Amsterdam","operatorName":"TotalEnergies","maxPowerKw":17,"isMegawatt":false,"status":"CHARGING","source":"ndw"}},{"type":"Feature","geometry":{"type":"Point","coordinates":[4.897966,52.394514]},"properties":{"type":"charge","layer":"passenger","locationId":"91105919","name":"50five-S NL 19B05802","address":"Leeuweriklaan 6","city":"Zeist","operatorName":"50five","maxPowerKw":14,"isMegawatt":false,"status":"AVAILABLE","source":"ndw"}},{"type":"Feature","geometry":{"type":"Point","coordinates":[4.944093,52.393295]},"properties":{"type":"charge","layer":"passenger","locationId":"BF6D0FB8-4A0B-4822-AB1B-B7A2BA8C5E4A","name":"TNLP011892 - Watergangseweg 25, Amsterdam","address":"25 Watergangseweg","city":"Amsterdam","operatorName":"TotalEnergies","maxPowerKw":17,"isMegawatt":false,"status":"AVAILABLE","source":"ndw"}},{"type":"Feature","geometry":{"type":"Point","coordinates":[4.869368,52.32766]},"properties":{"type":"charge","layer":"passenger","locationId":"A0BE9D66-B0EF-4E7C-A7D3-F5425E208BE3","name":"TNLP011405 - Van Nijenrodeweg 864, Amsterdam","address":"864 Van Nijenrodeweg","city":"Amsterdam","operatorName":"TotalEnergies","maxPowerKw":17,"isMegawatt":false,"status":"AVAILABLE","source":"ndw"}},{"type":"Feature","geometry":{"type":"Point","coordinates":[5.026949,52.30871]},"properties":{"type":"charge","layer":"passenger","locationId":"BA43EB0E-3656-4708-A2F8-72269F845231","name":"TNLP011367 - Aquamarin 18, Weesp","address":"18 Aquamarin","city":"Weesp","operatorName":"TotalEnergies","maxPowerKw":17,"isMegawatt":false,"status":"AVAILABLE","source":"ndw"}},{"type":"Feature","geometry":{"type":"Point","coordinates":[5.026727,52.313894]},"properties":{"type":"charge","layer":"passenger","locationId":"91109428","name":"50five-S NL 04002140","address":"Gemeenschapspolderweg 1","city":"Weesp","operatorName":"50five","maxPowerKw":7,"isMegawatt":false,"status":"AVAILABLE","source":"ndw"}},{"type":"Feature","geometry":{"type":"Point","coordinates":[4.909612,52.354576]},"properties":{"type":"charge","layer":"passenger","locationId":"DDE29747-1EBA-4F33-944F-F177FAF43113","name":"TNLP010752 - Burmanstraat 8, Amsterdam","address":"8 Burmanstraat","city":"Amsterdam","operatorName":"TotalEnergies","maxPowerKw":17,"isMegawatt":false,"status":"AVAILABLE","source":"ndw"}},{"type":"Feature","geometry":{"type":"Point","coordinates":[4.804301,52.353645]},"properties":{"type":"charge","layer":"passenger","locationId":"8CD34077-E5E2-4A9C-9269-3E207FA59A1D","name":"TNLP010585 - Professor J.H. Gunningstraat 53, Amsterdam","address":"53 Professor J.H. Gunningstraat","city":"Amsterdam","operatorName":"TotalEnergies","maxPowerKw":17,"isMegawatt":false,"status":"CHARGING","source":"ndw"}},{"type":"Feature","geometry":{"type":"Point","coordinates":[4.806419,52.379803]},"properties":{"type":"charge","layer":"passenger","locationId":"D89C6DC1-E32E-41C6-808A-E30E4C157006","name":"TNLP011218 - Dr. H. Colijnstraat 433, Amsterdam","address":"433 Dr. H. Colijnstraat","city":"Amsterdam","operatorName":"TotalEnergies","maxPowerKw":17,"isMegawatt":false,"status":"AVAILABLE","source":"ndw"}},{"type":"Feature","geometry":{"type":"Point","coordinates":[4.907862,52.365993]},"properties":{"type":"charge","layer":"passenger","locationId":"E87E5E7E-E985-486F-996C-7079BF59419B","name":"TNLP010172 - Hortusplantsoen 17, Amsterdam","address":"17 Hortusplantsoen","city":"Amsterdam","operatorName":"TotalEnergies","maxPowerKw":17,"isMegawatt":false,"status":"CHARGING","source":"ndw"}},{"type":"Feature","geometry":{"type":"Point","coordinates":[4.973128,52.322556]},"properties":{"type":"charge","layer":"passenger","locationId":"9F1D7533-F6C2-4B90-86FD-261D4C538910","name":"Laadplein - TNLP010211 - Bijlmerdreef 1288, Amsterdam","address":"1288 Bijlmerdreef","city":"Amsterdam","operatorName":"TotalEnergies","maxPowerKw":17,"isMegawatt":false,"status":"UNAVAILABLE","source":"ndw"}},{"type":"Feature","geometry":{"type":"Point","coordinates":[4.872789,52.381195]},"properties":{"type":"charge","layer":"passenger","locationId":"E30A493E-3A8D-4C68-BB5A-0970CC232AA8","name":"TNLP010963 - Eerste Keucheniusstraat 15, Amsterdam","address":"15 Eerste Keucheniusstraat","city":"Amsterdam","operatorName":"TotalEnergies","maxPowerKw":17,"isMegawatt":false,"status":"AVAILABLE","source":"ndw"}},{"type":"Feature","geometry":{"type":"Point","coordinates":[4.92427,52.378872]},"properties":{"type":"charge","layer":"passenger","locationId":"194FCC99-0B20-469E-BB52-0E4B2B9E7AA6","name":"TNLP010028 - Javakade 696, Amsterdam","address":"696 Javakade","city":"Amsterdam","operatorName":"TotalEnergies","maxPowerKw":17,"isMegawatt":false,"status":"AVAILABLE","source":"ndw"}},{"type":"Feature","geometry":{"type":"Point","coordinates":[4.83883,52.346118]},"properties":{"type":"charge","layer":"passenger","locationId":"3B38EF4D-7FAF-4712-B7C0-2CC928FE223E","name":"TNLP030014","address":"Overschiestraat 172","city":"Amsterdam","operatorName":"TotalEnergies","maxPowerKw":120,"isMegawatt":false,"status":"AVAILABLE","source":"ndw"}},{"type":"Feature","geometry":{"type":"Point","coordinates":[4.997755,52.3553]},"properties":{"type":"charge","layer":"passenger","locationId":"E75FF80D-D1DF-4D04-A2C6-3B8B39C07CEF","name":"TNLP010955 - Maria Austriastraat 618, Amsterdam","address":"618 Maria Austriastraat","city":"Amsterdam","operatorName":"TotalEnergies","maxPowerKw":17,"isMegawatt":false,"status":"AVAILABLE","source":"ndw"}},{"type":"Feature","geometry":{"type":"Point","coordinates":[4.877615,52.360176]},"properties":{"type":"charge","layer":"passenger","locationId":"77E25274-8B14-4BC4-99AA-ADB3EC31A034","name":"TNLP011325 - Vossiusstraat 53, Amsterdam","address":"53 Vossiusstraat","city":"Amsterdam","operatorName":"TotalEnergies","maxPowerKw":17,"isMegawatt":false,"status":"AVAILABLE","source":"ndw"}},{"type":"Feature","geometry":{"type":"Point","coordinates":[4.854566,52.383602]},"properties":{"type":"charge","layer":"passenger","locationId":"A6F81CFD-9D22-4C63-AA5A-72A3DE2B704D","name":"TNLP010985 - Solebaystraat 58, Amsterdam","address":"58 Solebaystraat","city":"Amsterdam","operatorName":"TotalEnergies","maxPowerKw":17,"isMegawatt":false,"status":"CHARGING","source":"ndw"}},{"type":"Feature","geometry":{"type":"Point","coordinates":[4.94674,52.31368]},"properties":{"type":"charge","layer":"passenger","locationId":"004B22E3-10D5-4827-8C74-AFD82A15C601","name":"Eneco eMobility ING Bank NV, Bijlmerdreef 24, Amsterdam","address":"Bijlmerdreef 24","city":"Amsterdam","operatorName":"Eneco","maxPowerKw":22,"isMegawatt":false,"status":"AVAILABLE","source":"ndw","priceKwh":0.3}},{"type":"Feature","geometry":{"type":"Point","coordinates":[4.894692,52.349243]},"properties":{"type":"charge","layer":"passenger","locationId":"32425","name":"XN001826 Amsterdam De Pijp","address":"2e V.d Helststraat 70","city":"Amsterdam","operatorName":"Spirii","maxPowerKw":38,"isMegawatt":false,"status":"AVAILABLE","source":"ndw","priceKwh":0.4}},{"type":"Feature","geometry":{"type":"Point","coordinates":[4.851738,52.37938]},"properties":{"type":"charge","layer":"passenger","locationId":"8e6e2c08-84c1-4191-948e-33b830758d0c","name":"TNLP010775 - Egidiusstraat 38, Amsterdam","address":"38 Egidiusstraat","city":"Amsterdam","operatorName":"TotalEnergies","maxPowerKw":17,"isMegawatt":false,"status":"AVAILABLE","source":"ndw"}},{"type":"Feature","geometry":{"type":"Point","coordinates":[4.74994,52.405564]},"properties":{"type":"charge","layer":"passenger","locationId":"91106155","name":"50five-S NL 18B05308","address":"Beiraweg 5","city":"Amsterdam","operatorName":"50five","maxPowerKw":22,"isMegawatt":false,"status":"CHARGING","source":"ndw"}},{"type":"Feature","geometry":{"type":"Point","coordinates":[4.812757,52.356007]},"properties":{"type":"charge","layer":"passenger","locationId":"0234e129-10af-41e4-ac62-4e8cbd1a12f1","name":"TNLP011257 - S.F. van Ossstraat 159, Amsterdam","address":"159 S.F. van Ossstraat","city":"Amsterdam","operatorName":"TotalEnergies","maxPowerKw":17,"isMegawatt":false,"status":"AVAILABLE","source":"ndw"}},{"type":"Feature","geometry":{"type":"Point","coordinates":[4.944111,52.32531]},"properties":{"type":"charge","layer":"passenger","locationId":"13B85551-C721-4C43-82AE-4AACFEE08B73","name":"TNLP010407 - Dalsteindreef 96, Amsterdam","address":"96 Dalsteindreef","city":"Amsterdam","operatorName":"TotalEnergies","maxPowerKw":17,"isMegawatt":false,"status":"AVAILABLE","source":"ndw"}},{"type":"Feature","geometry":{"type":"Point","coordinates":[4.845916,52.380096]},"properties":{"type":"charge","layer":"passenger","locationId":"90E70AD9-47AD-480C-8586-A6F066B21533","name":"TNLP011007 - Jephtastraat 32, Amsterdam","address":"32 Jephtastraat","city":"Amsterdam","operatorName":"TotalEnergies","maxPowerKw":17,"isMegawatt":false,"status":"AVAILABLE","source":"ndw"}},{"type":"Feature","geometry":{"type":"Point","coordinates":[4.849818,52.37121]},"properties":{"type":"charge","layer":"passenger","locationId":"2DDBF3F1-D389-459C-BC54-D809820D62A1","name":"TNLP011205 - Hoofdweg 336, Amsterdam","address":"336 Hoofdweg","city":"Amsterdam","operatorName":"TotalEnergies","maxPowerKw":17,"isMegawatt":false,"status":"AVAILABLE","source":"ndw"}},{"type":"Feature","geometry":{"type":"Point","coordinates":[4.946811,52.39391]},"properties":{"type":"charge","layer":"passenger","locationId":"550BA4BB-7CA0-4655-8061-D8FB1F98CC6C","name":"TNLP011610 - De Egmondenstraat 90, Amsterdam","address":"90 De Egmondenstraat","city":"Amsterdam","operatorName":"TotalEnergies","maxPowerKw":17,"isMegawatt":false,"status":"AVAILABLE","source":"ndw"}},{"type":"Feature","geometry":{"type":"Point","coordinates":[4.98985,52.298832]},"properties":{"type":"charge","layer":"passenger","locationId":"246B0FFB-885F-4F6C-A4E0-379C11B6390C","name":"TNLP011847 - Willem Gertenbachstraat 118, Amsterdam","address":"118 Willem Gertenbachstraat","city":"Amsterdam","operatorName":"TotalEnergies","maxPowerKw":17,"isMegawatt":false,"status":"AVAILABLE","source":"ndw"}},{"type":"Feature","geometry":{"type":"Point","coordinates":[5.023138,52.310204]},"properties":{"type":"charge","layer":"passenger","locationId":"05C9E5E4-8EED-4242-B518-FF72F0A9DCA3","name":"TNLP011267 - Aquamarin 83, Weesp","address":"83 Aquamarin","city":"Weesp","operatorName":"TotalEnergies","maxPowerKw":17,"isMegawatt":false,"status":"AVAILABLE","source":"ndw"}},{"type":"Feature","geometry":{"type":"Point","coordinates":[4.861633,52.359962]},"properties":{"type":"charge","layer":"passenger","locationId":"ad96c3f6-76e2-49a6-ae1c-328b85da54c2","name":"TNLP010917 - Pieter Langendijkstraat 47, Amsterdam","address":"47 Pieter Langendijkstraat","city":"Amsterdam","operatorName":"TotalEnergies","maxPowerKw":17,"isMegawatt":false,"status":"AVAILABLE","source":"ndw"}},{"type":"Feature","geometry":{"type":"Point","coordinates":[4.850602,52.396516]},"properties":{"type":"charge","layer":"passenger","locationId":"91284413","name":"50five-S NL 08101913","address":"Zekeringstraat 32","city":"Amsterdam","operatorName":"50five","maxPowerKw":22,"isMegawatt":false,"status":"AVAILABLE","source":"ndw"}},{"type":"Feature","geometry":{"type":"Point","coordinates":[4.794575,52.359062]},"properties":{"type":"charge","layer":"passenger","locationId":"C2665463-CBA3-47C3-8BEA-10FC60D6AB26","name":"TNLP010570 - Brisselkerkstraat 1, Amsterdam","address":"1 Brisselkerkstraat","city":"Amsterdam","operatorName":"TotalEnergies","maxPowerKw":17,"isMegawatt":false,"status":"CHARGING","source":"ndw"}},{"type":"Feature","geometry":{"type":"Point","coordinates":[4.891334,52.381393]},"properties":{"type":"charge","layer":"passenger","locationId":"f8a5472c-a248-45b3-9a6a-5bc03a09a47f","name":"TNLP010626 - Haarlemmer Houttuinen 43, Amsterdam","address":"43 Haarlemmer Houttuinen","city":"Amsterdam","operatorName":"TotalEnergies","maxPowerKw":17,"isMegawatt":false,"status":"CHARGING","source":"ndw"}},{"type":"Feature","geometry":{"type":"Point","coordinates":[4.860177,52.35415]},"properties":{"type":"charge","layer":"passenger","locationId":"11362009-C07D-47AD-ACF7-FFA3D24EE0A4","name":"TNLP010960 - Oranje Nassaulaan 24, Amsterdam","address":"24 Oranje Nassaulaan","city":"Amsterdam","operatorName":"TotalEnergies","maxPowerKw":17,"isMegawatt":false,"status":"AVAILABLE","source":"ndw"}},{"type":"Feature","geometry":{"type":"Point","coordinates":[4.794118,52.360546]},"properties":{"type":"charge","layer":"passenger","locationId":"3AA5A470-57D4-4E89-B9D7-B2868E5EF76F","name":"TNLP010425 - Osdorper Ban 763, Amsterdam","address":"763 Osdorper Ban","city":"Amsterdam","operatorName":"TotalEnergies","maxPowerKw":17,"isMegawatt":false,"status":"AVAILABLE","source":"ndw"}},{"type":"Feature","geometry":{"type":"Point","coordinates":[5.038077,52.318027]},"properties":{"type":"charge","layer":"passenger","locationId":"71D4DD7B-0BC0-4845-9025-009766027E5D","name":"TNLP011389 - Hinderdampad 2, Weesp","address":"2 Hinderdampad","city":"Weesp","operatorName":"TotalEnergies","maxPowerKw":17,"isMegawatt":false,"status":"AVAILABLE","source":"ndw"}},{"type":"Feature","geometry":{"type":"Point","coordinates":[4.87553,52.36178]},"properties":{"type":"charge","layer":"passenger","locationId":"57A0C3A4-422A-46B9-83C4-29841A295B93","name":"TNLP011202 - Vondelstraat 74, Amsterdam","address":"74 Vondelstraat","city":"Amsterdam","operatorName":"TotalEnergies","maxPowerKw":17,"isMegawatt":false,"status":"CHARGING","source":"ndw"}},{"type":"Feature","geometry":{"type":"Point","coordinates":[4.913735,52.35618]},"properties":{"type":"charge","layer":"passenger","locationId":"8A053983-8643-45A8-A4A6-1F2A89AEE9E3","name":"TNLP010141 - Tweede Oosterparkstraat 44, Amsterdam","address":"44 Tweede Oosterparkstraat","city":"Amsterdam","operatorName":"TotalEnergies","maxPowerKw":17,"isMegawatt":false,"status":"AVAILABLE","source":"ndw"}},{"type":"Feature","geometry":{"type":"Point","coordinates":[4.930685,52.398254]},"properties":{"type":"charge","layer":"passenger","locationId":"D2421FAA-5E2A-41AF-A5D7-D6003BB28D8C","name":"TNLP011411 - Loenermark 884, Amsterdam","address":"884 Loenermark","city":"Amsterdam","operatorName":"TotalEnergies","maxPowerKw":17,"isMegawatt":false,"status":"AVAILABLE","source":"ndw"}},{"type":"Feature","geometry":{"type":"Point","coordinates":[4.897666,52.419262]},"properties":{"type":"charge","layer":"passenger","locationId":"DE125B75-6232-4AF6-B15D-A1D114B62059","name":"TNLP010629 - Roseboom 2, Amsterdam","address":"2 Roseboom","city":"Amsterdam","operatorName":"TotalEnergies","maxPowerKw":17,"isMegawatt":false,"status":"AVAILABLE","source":"ndw"}},{"type":"Feature","geometry":{"type":"Point","coordinates":[4.857021,52.38028]},"properties":{"type":"charge","layer":"passenger","locationId":"16EE435A-0BE6-4EC8-90FE-ECF6F6723124","name":"TNLP010743 - Louise de Colignystraat 55, Amsterdam","address":"55 Louise de Colignystraat","city":"Amsterdam","operatorName":"TotalEnergies","maxPowerKw":17,"isMegawatt":false,"status":"AVAILABLE","source":"ndw"}},{"type":"Feature","geometry":{"type":"Point","coordinates":[4.836142,52.397572]},"properties":{"type":"charge","layer":"passenger","locationId":"3604064","name":"Laadnet Spliethoff","address":"Radarweg 36","city":"Amsterdam","operatorName":"Laadnet","maxPowerKw":22,"isMegawatt":false,"status":"AVAILABLE","source":"ndw"}},{"type":"Feature","geometry":{"type":"Point","coordinates":[4.876781,52.399258]},"properties":{"type":"charge","layer":"passenger","locationId":"OST20P0044_0003_7","name":"OST20P0044_0003_7","address":"Danzigerkade 15","city":"Amsterdam","operatorName":"e-VOLTT","maxPowerKw":38,"isMegawatt":false,"status":"AVAILABLE","source":"ndw","priceKwh":0.32}},{"type":"Feature","geometry":{"type":"Point","coordinates":[4.904014,52.385375]},"properties":{"type":"charge","layer":"passenger","locationId":"91179569","name":"50five-S NL Amsterdam, Bercylaan 305","address":"Bercylaan 305","city":"Amsterdam","operatorName":"50five","maxPowerKw":11,"isMegawatt":false,"status":"AVAILABLE","source":"ndw"}},{"type":"Feature","geometry":{"type":"Point","coordinates":[4.963141,52.319706]},"properties":{"type":"charge","layer":"passenger","locationId":"C987BCF5-3F66-4E9A-99E3-27546E59E94A","name":"TNLP010376 - Johanna Naberstraat 6, Amsterdam","address":"6 Johanna Naberstraat","city":"Amsterdam","operatorName":"TotalEnergies","maxPowerKw":17,"isMegawatt":false,"status":"AVAILABLE","source":"ndw"}},{"type":"Feature","geometry":{"type":"Point","coordinates":[4.898626,52.35697]},"properties":{"type":"charge","layer":"passenger","locationId":"5c5eb42b2a6c4e5db0635c6a8e5415f4","name":"Albert Cuypstraat - Markt 1072CR 05","address":"Albert Cuypstraat 05","city":"Amsterdam","operatorName":"","maxPowerKw":22,"isMegawatt":false,"status":"CHARGING","source":"ndw"}},{"type":"Feature","geometry":{"type":"Point","coordinates":[4.906112,52.341015]},"properties":{"type":"charge","layer":"passenger","locationId":"BEFA018F-C11E-48B9-9450-597F724AD8B6","name":"TNLP011487 - Kuinderstraat 54, Amsterdam","address":"54 Kuinderstraat","city":"Amsterdam","operatorName":"TotalEnergies","maxPowerKw":17,"isMegawatt":false,"status":"AVAILABLE","source":"ndw"}},{"type":"Feature","geometry":{"type":"Point","coordinates":[4.871952,52.374615]},"properties":{"type":"charge","layer":"passenger","locationId":"615C437F-0312-431C-B2C9-892A8444CDDF","name":"TNLP010942 - Van Houweningenstraat 3, Amsterdam","address":"3 Van Houweningenstraat","city":"Amsterdam","operatorName":"TotalEnergies","maxPowerKw":17,"isMegawatt":false,"status":"UNAVAILABLE","source":"ndw"}},{"type":"Feature","geometry":{"type":"Point","coordinates":[4.803804,52.355385]},"properties":{"type":"charge","layer":"passenger","locationId":"EC576F02-DB78-4CFD-AC77-DD0F41351E9B","name":"TNLP010633 - Inzet 29, Amsterdam","address":"29 Inzet","city":"Amsterdam","operatorName":"TotalEnergies","maxPowerKw":17,"isMegawatt":false,"status":"AVAILABLE","source":"ndw"}},{"type":"Feature","geometry":{"type":"Point","coordinates":[4.889262,52.351315]},"properties":{"type":"charge","layer":"passenger","locationId":"FD59F13F-07CC-4441-B21E-2EF1984E02DE","name":"TNLP010330 - Dusartstraat 52, Amsterdam","address":"52 Dusartstraat","city":"Amsterdam","operatorName":"TotalEnergies","maxPowerKw":17,"isMegawatt":false,"status":"AVAILABLE","source":"ndw"}},{"type":"Feature","geometry":{"type":"Point","coordinates":[4.85265,52.37814]},"properties":{"type":"charge","layer":"passenger","locationId":"D8D321AB-AD37-423A-AE3F-475A8FF8BD06","name":"TNLP011201 - Egidiusstraat 10, Amsterdam","address":"10 Egidiusstraat","city":"Amsterdam","operatorName":"TotalEnergies","maxPowerKw":17,"isMegawatt":false,"status":"UNAVAILABLE","source":"ndw"}},{"type":"Feature","geometry":{"type":"Point","coordinates":[4.959597,52.376183]},"properties":{"type":"charge","layer":"passenger","locationId":"3289390","name":"Laadnet Hogeschool Inholland Amsterdam","address":"Pina Bauschplein 4","city":"Amsterdam","operatorName":"Laadnet","maxPowerKw":22,"isMegawatt":false,"status":"AVAILABLE","source":"ndw"}},{"type":"Feature","geometry":{"type":"Point","coordinates":[4.785604,52.395698]},"properties":{"type":"charge","layer":"passenger","locationId":"3290429","name":"Laadnet Scharenburg laadpaal 1","address":"Scharenburg 14","city":"Amsterdam","operatorName":"Laadnet","maxPowerKw":22,"isMegawatt":false,"status":"AVAILABLE","source":"ndw"}},{"type":"Feature","geometry":{"type":"Point","coordinates":[4.89438,52.37273]},"properties":{"type":"charge","layer":"passenger","locationId":"F9A3EFA7-9D78-43DE-B22F-2786B5563BF4","name":"Eneco eMobility NH Grand Hotel Krasnapolsky - Dam 9 1012JS Amsterdam","address":"Dam 9","city":"Amsterdam","operatorName":"Eneco","maxPowerKw":22,"isMegawatt":false,"status":"AVAILABLE","source":"ndw","priceKwh":0.45}},{"type":"Feature","geometry":{"type":"Point","coordinates":[4.863575,52.379973]},"properties":{"type":"charge","layer":"passenger","locationId":"9fa9a512-2e27-44db-9689-33e052e8f4d0","name":"Jan van Galenstraat 4","address":"Jan van Galenstraat 4","city":"Amsterdam","operatorName":"Vattenfall InCharge","maxPowerKw":22,"isMegawatt":false,"status":"AVAILABLE","source":"ndw","priceKwh":0.38}},{"type":"Feature","geometry":{"type":"Point","coordinates":[4.90012,52.38694]},"properties":{"type":"charge","layer":"passenger","locationId":"4ACC5273-9457-47C7-9041-EE3D55B5DC6D","name":"Eneco eMobility VvE Overhoeksblok B - Overhoeksparklaan 168 Amsterdam","address":"Overhoeksparklaan 168","city":"Amsterdam","operatorName":"Eneco","maxPowerKw":22,"isMegawatt":false,"status":"AVAILABLE","source":"ndw","priceKwh":0.29}},{"type":"Feature","geometry":{"type":"Point","coordinates":[4.899052,52.35442]},"properties":{"type":"charge","layer":"passenger","locationId":"AFC95310-F9D7-4128-9501-D189A0E16671","name":"TNLP011066 - Sarphatipark 135, Amsterdam","address":"135 Sarphatipark","city":"Amsterdam","operatorName":"TotalEnergies","maxPowerKw":17,"isMegawatt":false,"status":"AVAILABLE","source":"ndw"}},{"type":"Feature","geometry":{"type":"Point","coordinates":[4.8201,52.34554]},"properties":{"type":"charge","layer":"passenger","locationId":"68164701-833D-487E-98CB-8DC484B5437E","name":"TNLP010434 - Borgloonstraat 20, Amsterdam","address":"20 Borgloonstraat","city":"Amsterdam","operatorName":"TotalEnergies","maxPowerKw":17,"isMegawatt":false,"status":"AVAILABLE","source":"ndw"}},{"type":"Feature","geometry":{"type":"Point","coordinates":[5.04054,52.316681]},"properties":{"type":"charge","layer":"passenger","locationId":"1B13CF8F-4B25-4E82-A1D2-BC44D74A002A","name":"Eneco eMobility Peterburgersingel 55 Weesp","address":"Peterburgersingel 55","city":"Weesp","operatorName":"Eneco","maxPowerKw":22,"isMegawatt":false,"status":"AVAILABLE","source":"ndw","priceKwh":0.32}},{"type":"Feature","geometry":{"type":"Point","coordinates":[4.951728,52.305097]},"properties":{"type":"charge","layer":"passenger","locationId":"68d25204994d2d471694b6e1","name":"Motta Vogelstruys Amsterdam B.V","address":"Hullenbergweg 278-308","city":"Amsterdam","operatorName":"Merin","maxPowerKw":22,"isMegawatt":false,"status":"AVAILABLE","source":"ndw","priceKwh":0.53}},{"type":"Feature","geometry":{"type":"Point","coordinates":[4.93822,52.30671]},"properties":{"type":"charge","layer":"passenger","locationId":"0EAB47F1-069A-4E35-A110-0D86F5A46B49","name":"Eneco eMobility Decoratelier Nationale Opera & Ballet","address":"Kollenbergweg 1","city":"Amsterdam","operatorName":"Eneco","maxPowerKw":22,"isMegawatt":false,"status":"AVAILABLE","source":"ndw","priceKwh":0.32}},{"type":"Feature","geometry":{"type":"Point","coordinates":[4.952431,52.2979]},"properties":{"type":"charge","layer":"passenger","locationId":"BBEE937B-2068-4B00-81F3-EAF7524AE305","name":"Eneco eMobility Hanab HQ","address":"Paasheuvelweg 31","city":"Amsterdam","operatorName":"Eneco","maxPowerKw":11,"isMegawatt":false,"status":"AVAILABLE","source":"ndw","priceKwh":0.33}},{"type":"Feature","geometry":{"type":"Point","coordinates":[4.891936,52.384518]},"properties":{"type":"charge","layer":"passenger","locationId":"89638626","name":"Van Leeuwen VOC COUR","address":"Winthontstraat 74","city":"Amsterdam","operatorName":"Van Leeuwen","maxPowerKw":11,"isMegawatt":false,"status":"AVAILABLE","source":"ndw"}},{"type":"Feature","geometry":{"type":"Point","coordinates":[4.954109,52.369885]},"properties":{"type":"charge","layer":"passenger","locationId":"68c131786cdfd2465813b583","name":"Dennenheuvel Cruquiusweg 109 Amsterdam","address":"Cruquiusweg 109","city":"Amstedam","operatorName":"Greenchoice B.V.","maxPowerKw":11,"isMegawatt":false,"status":"AVAILABLE","source":"ndw","priceKwh":0.53}},{"type":"Feature","geometry":{"type":"Point","coordinates":[4.977281,52.299774]},"properties":{"type":"charge","layer":"passenger","locationId":"542A301A-270B-4253-BAB2-21411E3CDA2E","name":"Laadplein - TNLP010213 - Pannerdenstraat 1, Amsterdam","address":"1 Pannerdenstraat","city":"Amsterdam","operatorName":"TotalEnergies","maxPowerKw":17,"isMegawatt":false,"status":"AVAILABLE","source":"ndw"}},{"type":"Feature","geometry":{"type":"Point","coordinates":[4.921537,52.334125]},"properties":{"type":"charge","layer":"passenger","locationId":"NLLOC004574","name":"NLD, Postillion Hotel Amsterdam","address":"Paul van Vlissingenstraat 8","city":"Amsterdam","operatorName":"Allego","maxPowerKw":22,"isMegawatt":false,"status":"AVAILABLE","source":"ndw","priceKwh":0.511}},{"type":"Feature","geometry":{"type":"Point","coordinates":[4.837896,52.364727]},"properties":{"type":"charge","layer":"passenger","locationId":"6459EE29-B9F0-4386-8BA0-F99064DCE6C5","name":"TNLP010343 - Jan Mankesstraat 16, Amsterdam","address":"16 Jan Mankesstraat","city":"Amsterdam","operatorName":"TotalEnergies","maxPowerKw":17,"isMegawatt":false,"status":"AVAILABLE","source":"ndw"}},{"type":"Feature","geometry":{"type":"Point","coordinates":[4.902243,52.383803]},"properties":{"type":"charge","layer":"passenger","locationId":"OST24P0014_0074_1","name":"OST24P0014_0074_1","address":"Overhoeksplein 1","city":"Amsterdam","operatorName":"IPCharging","maxPowerKw":30,"isMegawatt":false,"status":"AVAILABLE","source":"ndw","priceKwh":0.45}},{"type":"Feature","geometry":{"type":"Point","coordinates":[4.902897,52.392041]},"properties":{"type":"charge","layer":"passenger","locationId":"6929c24ac3bd020448ca1b37","name":"Yotel - Amsterdam","address":"Asterweg 33","city":"Amsterdam","operatorName":"Pluq","maxPowerKw":22,"isMegawatt":false,"status":"AVAILABLE","source":"ndw","priceKwh":0.4}},{"type":"Feature","geometry":{"type":"Point","coordinates":[4.85896,52.34943]},"properties":{"type":"charge","layer":"passenger","locationId":"955E0DA7-E1F9-4756-8DE1-B2E63DF04860","name":"TNLP010509 - Bertelmanplein 18, Amsterdam","address":"18 Bertelmanplein","city":"Amsterdam","operatorName":"TotalEnergies","maxPowerKw":17,"isMegawatt":false,"status":"AVAILABLE","source":"ndw"}},{"type":"Feature","geometry":{"type":"Point","coordinates":[4.94054,52.353985]},"properties":{"type":"charge","layer":"passenger","locationId":"AE9D185E-9B30-46D9-86C0-AE451BDE153F","name":"TNLP010188 - Galileïplantsoen 68, Amsterdam","address":"68 Galileïplantsoen","city":"Amsterdam","operatorName":"TotalEnergies","maxPowerKw":17,"isMegawatt":false,"status":"UNAVAILABLE","source":"ndw"}},{"type":"Feature","geometry":{"type":"Point","coordinates":[4.87995,52.349693]},"properties":{"type":"charge","layer":"passenger","locationId":"5FD15D98-515C-4E2D-8652-C14D9A08EC2D","name":"TNLP010053 - Bachstraat 2, Amsterdam","address":"2 Bachstraat","city":"Amsterdam","operatorName":"TotalEnergies","maxPowerKw":17,"isMegawatt":false,"status":"AVAILABLE","source":"ndw"}},{"type":"Feature","geometry":{"type":"Point","coordinates":[4.860027,52.376274]},"properties":{"type":"charge","layer":"passenger","locationId":"6F8CF5B7-1F76-4E7D-A26B-A200FC7C8F0E","name":"TNLP010260 - Coppelstockstraat 45, Amsterdam","address":"45 Coppelstockstraat","city":"Amsterdam","operatorName":"TotalEnergies","maxPowerKw":17,"isMegawatt":false,"status":"AVAILABLE","source":"ndw"}},{"type":"Feature","geometry":{"type":"Point","coordinates":[4.941994,52.36125]},"properties":{"type":"charge","layer":"passenger","locationId":"78807a38-50a0-4b21-96eb-237c6a2e065d","name":"TNLP010043 - Bataviastraat 18, Amsterdam","address":"18 Bataviastraat","city":"Amsterdam","operatorName":"TotalEnergies","maxPowerKw":17,"isMegawatt":false,"status":"CHARGING","source":"ndw"}},{"type":"Feature","geometry":{"type":"Point","coordinates":[4.82217,52.342837]},"properties":{"type":"charge","layer":"passenger","locationId":"91056450","name":"50five-S NL 07116289","address":"Ella Fitzgeraldstraat 10","city":"Amsterdam","operatorName":"50five","maxPowerKw":11,"isMegawatt":false,"status":"AVAILABLE","source":"ndw"}},{"type":"Feature","geometry":{"type":"Point","coordinates":[4.913859,52.38588]},"properties":{"type":"charge","layer":"passenger","locationId":"7A13A7CF-0106-4F46-AC19-D73A14A1B76F","name":"TNLP010478 - Adelaarsweg 59, Amsterdam","address":"59 Adelaarsweg","city":"Amsterdam","operatorName":"TotalEnergies","maxPowerKw":17,"isMegawatt":false,"status":"UNAVAILABLE","source":"ndw"}},{"type":"Feature","geometry":{"type":"Point","coordinates":[4.805463,52.38384]},"properties":{"type":"charge","layer":"passenger","locationId":"AFEF36A4-C7F4-4C72-8162-C8AE8253ED0A","name":"TNLP011823 - Jacob Cabeliaustraat 36, Amsterdam","address":"36 Jacob Cabeliaustraat","city":"Amsterdam","operatorName":"TotalEnergies","maxPowerKw":17,"isMegawatt":false,"status":"AVAILABLE","source":"ndw"}},{"type":"Feature","geometry":{"type":"Point","coordinates":[4.824593,52.417815]},"properties":{"type":"charge","layer":"passenger","locationId":"64591098da2896001285c8fc","name":"Dukdalf","address":"Dukdalfweg 60","city":"Amsterdam","operatorName":"E-Flux by Road","maxPowerKw":11,"isMegawatt":false,"status":"AVAILABLE","source":"ndw","priceKwh":0.38}},{"type":"Feature","geometry":{"type":"Point","coordinates":[4.901463,52.389671]},"properties":{"type":"charge","layer":"passenger","locationId":"91179929","name":"50five-S NL Shell ETCA, Underground Employee Parking","address":"Grasweg 31","city":"Amsterdam","operatorName":"50five","maxPowerKw":22,"isMegawatt":false,"status":"AVAILABLE","source":"ndw"}},{"type":"Feature","geometry":{"type":"Point","coordinates":[4.91823,52.36918]},"properties":{"type":"charge","layer":"passenger","locationId":"A693C058-9255-47FD-A78C-2B6240B93B04","name":"TNLP010440 - Nieuwevaart 218, Amsterdam","address":"218 Nieuwevaart","city":"Amsterdam","operatorName":"TotalEnergies","maxPowerKw":17,"isMegawatt":false,"status":"AVAILABLE","source":"ndw"}},{"type":"Feature","geometry":{"type":"Point","coordinates":[5.042582,52.306244]},"properties":{"type":"charge","layer":"passenger","locationId":"C5D2555A-A84C-4AEB-84A7-00EE71E3BA7E","name":"TNLP011023 - Oudegracht 65, Weesp","address":"65 Oudegracht","city":"Weesp","operatorName":"TotalEnergies","maxPowerKw":17,"isMegawatt":false,"status":"CHARGING","source":"ndw"}},{"type":"Feature","geometry":{"type":"Point","coordinates":[4.951636,52.298247]},"properties":{"type":"charge","layer":"passenger","locationId":"91197570","name":"50five-S NL 04000789","address":"Paasheuvelweg 42","city":"Amsterdam-Zuidoost","operatorName":"50five","maxPowerKw":7,"isMegawatt":false,"status":"UNAVAILABLE","source":"ndw"}},{"type":"Feature","geometry":{"type":"Point","coordinates":[4.88354,52.32736]},"properties":{"type":"charge","layer":"passenger","locationId":"DF5E66D0-23D5-494B-8FA2-A52F6170F4A0","name":"TNLP011003 - Henkenshage 1, Amsterdam","address":"1 Henkenshage","city":"Amsterdam","operatorName":"TotalEnergies","maxPowerKw":17,"isMegawatt":false,"status":"AVAILABLE","source":"ndw"}},{"type":"Feature","geometry":{"type":"Point","coordinates":[5.021942,52.307932]},"properties":{"type":"charge","layer":"passenger","locationId":"69046deaadb819d5e9e03804","name":"JUMO Nederland B.V.","address":"Rijnkade 18","city":"Weesp","operatorName":"E-Flux by Road","maxPowerKw":22,"isMegawatt":false,"status":"AVAILABLE","source":"ndw","priceKwh":0.38}},{"type":"Feature","geometry":{"type":"Point","coordinates":[4.90083,52.38707]},"properties":{"type":"charge","layer":"passenger","locationId":"5E1AF02F-B3BA-427C-B84A-AF461C9923B7","name":"Eneco eMobility VvE Overhoeksblok B - Spadinalaan 35 Amsterdam","address":"Spadinalaan 35","city":"Amsterdam","operatorName":"Eneco","maxPowerKw":22,"isMegawatt":false,"status":"AVAILABLE","source":"ndw","priceKwh":0.29}},{"type":"Feature","geometry":{"type":"Point","coordinates":[4.885213,52.391346]},"properties":{"type":"charge","layer":"passenger","locationId":"91105169","name":"50five-S NL 18B02608","address":"Pontsteiger 369","city":"Amsterdam","operatorName":"50five","maxPowerKw":11,"isMegawatt":false,"status":"CHARGING","source":"ndw"}},{"type":"Feature","geometry":{"type":"Point","coordinates":[4.90645,52.35153]},"properties":{"type":"charge","layer":"passenger","locationId":"1BC5E9CA-2245-4584-8BFB-0750F5DE8C6F","name":"TNLP010918 - Saffierstraat 31, Amsterdam","address":"31 Saffierstraat","city":"Amsterdam","operatorName":"TotalEnergies","maxPowerKw":17,"isMegawatt":false,"status":"AVAILABLE","source":"ndw"}},{"type":"Feature","geometry":{"type":"Point","coordinates":[4.836293,52.36763]},"properties":{"type":"charge","layer":"passenger","locationId":"1BE61C26-5DAE-4E80-AE91-35697C607210","name":"TNLP010337 - Karel Klinkenbergstraat 40, Amsterdam","address":"40 Karel Klinkenbergstraat","city":"Amsterdam","operatorName":"TotalEnergies","maxPowerKw":17,"isMegawatt":false,"status":"AVAILABLE","source":"ndw"}},{"type":"Feature","geometry":{"type":"Point","coordinates":[4.929516,52.392784]},"properties":{"type":"charge","layer":"passenger","locationId":"4A6B2FB6-FF31-42BD-AE64-717116E24A7D","name":"TNLP010826 - Voornestraat 23, Amsterdam","address":"23 Voornestraat","city":"Amsterdam","operatorName":"TotalEnergies","maxPowerKw":17,"isMegawatt":false,"status":"AVAILABLE","source":"ndw"}},{"type":"Feature","geometry":{"type":"Point","coordinates":[4.888005,52.404766]},"properties":{"type":"charge","layer":"passenger","locationId":"1408","name":"50five Exploitatie Kraanspoor","address":"Kraanspoor 12-58","city":"Amsterdam","operatorName":"50five","maxPowerKw":22,"isMegawatt":false,"status":"AVAILABLE","source":"ndw"}},{"type":"Feature","geometry":{"type":"Point","coordinates":[4.86215,52.366062]},"properties":{"type":"charge","layer":"passenger","locationId":"6C2DF1D5-88FE-43B7-81DE-A554F3B5BA16","name":"TNLP010777 - Bellamystraat 133, Amsterdam","address":"133 Bellamystraat","city":"Amsterdam","operatorName":"TotalEnergies","maxPowerKw":17,"isMegawatt":false,"status":"CHARGING","source":"ndw"}},{"type":"Feature","geometry":{"type":"Point","coordinates":[4.858083,52.373447]},"properties":{"type":"charge","layer":"passenger","locationId":"B63165DD-3464-4A5D-A3BF-9E6A2E7BE1EA","name":"TNLP010443 - Pieter van der Doesstraat 70, Amsterdam","address":"70 Pieter van der Doesstraat","city":"Amsterdam","operatorName":"TotalEnergies","maxPowerKw":17,"isMegawatt":false,"status":"AVAILABLE","source":"ndw"}},{"type":"Feature","geometry":{"type":"Point","coordinates":[4.860183,52.379887]},"properties":{"type":"charge","layer":"passenger","locationId":"7D6D9966-A12C-4E38-B07A-4A733E44BA02","name":"TNLP011191 - Anna van Burenstraat 21, Amsterdam","address":"21 Anna van Burenstraat","city":"Amsterdam","operatorName":"TotalEnergies","maxPowerKw":17,"isMegawatt":false,"status":"AVAILABLE","source":"ndw"}},{"type":"Feature","geometry":{"type":"Point","coordinates":[4.940334,52.306667]},"properties":{"type":"charge","layer":"passenger","locationId":"69f9f9580278b5c39371471d","name":"Sunshower BV","address":"Hoogoorddreef 63","city":"Amsterdam","operatorName":"E-Flux by Road","maxPowerKw":11,"isMegawatt":false,"status":"AVAILABLE","source":"ndw","priceKwh":0.53}},{"type":"Feature","geometry":{"type":"Point","coordinates":[4.847616,52.354244]},"properties":{"type":"charge","layer":"passenger","locationId":"A6EF3A85-117F-4BC7-A296-C7DE611DBBB1","name":"TNLP010156 - Vogelenzangstraat 34, Amsterdam","address":"34 Vogelenzangstraat","city":"Amsterdam","operatorName":"TotalEnergies","maxPowerKw":17,"isMegawatt":false,"status":"AVAILABLE","source":"ndw"}},{"type":"Feature","geometry":{"type":"Point","coordinates":[4.913662,52.36189]},"properties":{"type":"charge","layer":"passenger","locationId":"C12F4CA1-B66A-4533-9CCE-FEC547238336","name":"TNLP011135 - Spinozahof 118, Amsterdam","address":"118 Spinozahof","city":"Amsterdam","operatorName":"TotalEnergies","maxPowerKw":17,"isMegawatt":false,"status":"AVAILABLE","source":"ndw"}},{"type":"Feature","geometry":{"type":"Point","coordinates":[4.804121,52.377647]},"properties":{"type":"charge","layer":"passenger","locationId":"C1996486-7808-4FD1-89C2-EB40CAB7CE6C","name":"TNLP010636 - Dirk Sonoystraat 171, Amsterdam","address":"171 Dirk Sonoystraat","city":"Amsterdam","operatorName":"TotalEnergies","maxPowerKw":17,"isMegawatt":false,"status":"AVAILABLE","source":"ndw"}},{"type":"Feature","geometry":{"type":"Point","coordinates":[4.902991,52.40586]},"properties":{"type":"charge","layer":"passenger","locationId":"D5413476-17BB-4C3B-B8C4-DF9D66277583","name":"TNLP011047 - Tuinderijlaan 47, Amsterdam","address":"47 Tuinderijlaan","city":"Amsterdam","operatorName":"TotalEnergies","maxPowerKw":17,"isMegawatt":false,"status":"AVAILABLE","source":"ndw"}},{"type":"Feature","geometry":{"type":"Point","coordinates":[4.888687,52.351704]},"properties":{"type":"charge","layer":"passenger","locationId":"085B0F03-0C13-4E9F-8BAC-140C79A4FFA8","name":"TNLP010155 - Van Ostadestraat 58, Amsterdam","address":"58 Van Ostadestraat","city":"Amsterdam","operatorName":"TotalEnergies","maxPowerKw":17,"isMegawatt":false,"status":"AVAILABLE","source":"ndw"}},{"type":"Feature","geometry":{"type":"Point","coordinates":[4.93858,52.302042]},"properties":{"type":"charge","layer":"passenger","locationId":"91108319","name":"50five-S NL 19B03268","address":"Kuiperbergweg 14","city":"Amsterdam","operatorName":"50five","maxPowerKw":22,"isMegawatt":false,"status":"AVAILABLE","source":"ndw"}},{"type":"Feature","geometry":{"type":"Point","coordinates":[4.948593,52.296427]},"properties":{"type":"charge","layer":"passenger","locationId":"91106517","name":"50five-S NL 09101306","address":"Stekkenbergweg 4","city":"Amsterdam","operatorName":"50five","maxPowerKw":22,"isMegawatt":false,"status":"UNAVAILABLE","source":"ndw"}},{"type":"Feature","geometry":{"type":"Point","coordinates":[4.885661,52.393017]},"properties":{"type":"charge","layer":"passenger","locationId":"91107861","name":"50five-S NL 18B09519","address":"Pontsteiger 149","city":"Amsterdam","operatorName":"50five","maxPowerKw":11,"isMegawatt":false,"status":"AVAILABLE","source":"ndw"}},{"type":"Feature","geometry":{"type":"Point","coordinates":[5.004266,52.34809]},"properties":{"type":"charge","layer":"passenger","locationId":"2ABF3CE7-CA67-4A06-99B0-B63E371CD30A","name":"TNLP010881 - Nico Jessekade 99, Amsterdam","address":"99 Nico Jessekade","city":"Amsterdam","operatorName":"TotalEnergies","maxPowerKw":17,"isMegawatt":false,"status":"AVAILABLE","source":"ndw"}},{"type":"Feature","geometry":{"type":"Point","coordinates":[4.935042,52.305764]},"properties":{"type":"charge","layer":"passenger","locationId":"8997285D-3038-4016-9B49-6F0ACDB67EC3","name":"Eneco eMobility A-Point B.V. - Kollenbergweg 11 - Amsterdam","address":"Kollenbergweg 11","city":"Amsterdam","operatorName":"Eneco","maxPowerKw":150,"isMegawatt":false,"status":"AVAILABLE","source":"ndw","priceKwh":0.32}},{"type":"Feature","geometry":{"type":"Point","coordinates":[4.893478,52.343742]},"properties":{"type":"charge","layer":"passenger","locationId":"A7715E35-AEE8-4D96-85E0-808E85223DDD","name":"TNLP010490 - Dintelstraat 41, Amsterdam","address":"41 Dintelstraat","city":"Amsterdam","operatorName":"TotalEnergies","maxPowerKw":17,"isMegawatt":false,"status":"AVAILABLE","source":"ndw"}},{"type":"Feature","geometry":{"type":"Point","coordinates":[4.912609,52.35244]},"properties":{"type":"charge","layer":"passenger","locationId":"A1C041ED-2400-49DC-9B55-C62196C79073","name":"TNLP010460 - Graaf Florisstraat 16, Amsterdam","address":"16 Graaf Florisstraat","city":"Amsterdam","operatorName":"TotalEnergies","maxPowerKw":17,"isMegawatt":false,"status":"UNAVAILABLE","source":"ndw"}},{"type":"Feature","geometry":{"type":"Point","coordinates":[4.86202,52.34826]},"properties":{"type":"charge","layer":"passenger","locationId":"6C02084A-D134-4E73-961E-F8FCB4276336","name":"TNLP011001 - Olympiaweg 48, Amsterdam","address":"48 Olympiaweg","city":"Amsterdam","operatorName":"TotalEnergies","maxPowerKw":17,"isMegawatt":false,"status":"AVAILABLE","source":"ndw"}},{"type":"Feature","geometry":{"type":"Point","coordinates":[4.802071,52.355137]},"properties":{"type":"charge","layer":"passenger","locationId":"EB338A1F-3218-4AD8-8C67-E9F5B8793833","name":"TNLP010276 - Vertrouwen 12, Amsterdam","address":"12 Vertrouwen","city":"Amsterdam","operatorName":"TotalEnergies","maxPowerKw":17,"isMegawatt":false,"status":"AVAILABLE","source":"ndw"}},{"type":"Feature","geometry":{"type":"Point","coordinates":[4.902243,52.383803]},"properties":{"type":"charge","layer":"passenger","locationId":"OST24P0014_0074_4","name":"OST24P0014_0074_4","address":"Overhoeksplein 1","city":"Amsterdam","operatorName":"IPCharging","maxPowerKw":19,"isMegawatt":false,"status":"AVAILABLE","source":"ndw","priceKwh":0.45}},{"type":"Feature","geometry":{"type":"Point","coordinates":[4.864742,52.37333]},"properties":{"type":"charge","layer":"passenger","locationId":"BF6BB4F2-2908-4620-9624-5291967B79E3","name":"TNLP010543 - Geuzenstraat 98, Amsterdam","address":"98 Geuzenstraat","city":"Amsterdam","operatorName":"TotalEnergies","maxPowerKw":17,"isMegawatt":false,"status":"AVAILABLE","source":"ndw"}},{"type":"Feature","geometry":{"type":"Point","coordinates":[4.938003,52.30062]},"properties":{"type":"charge","layer":"passenger","locationId":"91121122","name":"50five-S NL 04002561","address":"Klokkenbergweg 35","city":"Amsterdam-Zuidoost","operatorName":"50five","maxPowerKw":7,"isMegawatt":false,"status":"AVAILABLE","source":"ndw"}},{"type":"Feature","geometry":{"type":"Point","coordinates":[4.859545,52.377403]},"properties":{"type":"charge","layer":"passenger","locationId":"9912AA38-939D-45D5-8CD2-B1C40FC37098","name":"TNLP010286 - De Rijpgracht 38, Amsterdam","address":"38 De Rijpgracht","city":"Amsterdam","operatorName":"TotalEnergies","maxPowerKw":17,"isMegawatt":false,"status":"AVAILABLE","source":"ndw"}},{"type":"Feature","geometry":{"type":"Point","coordinates":[4.871716,52.406087]},"properties":{"type":"charge","layer":"passenger","locationId":"91179534","name":"50five-S NL Amsterdam, Fosfaatweg 48","address":"Fosfaatweg 48","city":"Amsterdam","operatorName":"50five","maxPowerKw":11,"isMegawatt":false,"status":"AVAILABLE","source":"ndw"}},{"type":"Feature","geometry":{"type":"Point","coordinates":[4.872819,52.32581]},"properties":{"type":"charge","layer":"passenger","locationId":"44529eca-b4cf-423c-b94d-bb0599f65f7f","name":"TNLP010302 - Kastelenstraat 219, Amsterdam","address":"219 Kastelenstraat","city":"Amsterdam","operatorName":"TotalEnergies","maxPowerKw":17,"isMegawatt":false,"status":"AVAILABLE","source":"ndw"}},{"type":"Feature","geometry":{"type":"Point","coordinates":[4.870318,52.382435]},"properties":{"type":"charge","layer":"passenger","locationId":"5E451026-D0DA-43CA-BBCE-B2E4CB9F3DE7","name":"TNLP010792 - Van Hogendorpstraat 767, Amsterdam","address":"767 Van Hogendorpstraat","city":"Amsterdam","operatorName":"TotalEnergies","maxPowerKw":17,"isMegawatt":false,"status":"AVAILABLE","source":"ndw"}},{"type":"Feature","geometry":{"type":"Point","coordinates":[4.83666,52.348618]},"properties":{"type":"charge","layer":"passenger","locationId":"6CA0B5B7-15F7-4CC2-B6A6-91EC72F5F2A4","name":"TNLP011471 - Maassluisstraat 45, Amsterdam","address":"45 Maassluisstraat","city":"Amsterdam","operatorName":"TotalEnergies","maxPowerKw":17,"isMegawatt":false,"status":"CHARGING","source":"ndw"}},{"type":"Feature","geometry":{"type":"Point","coordinates":[4.988172,52.2951]},"properties":{"type":"charge","layer":"passenger","locationId":"B7F101D6-79DB-4144-AAAC-20FC7E258F4F","name":"TNLP011813 - Westbroekplein 21, Amsterdam","address":"21 Westbroekplein","city":"Amsterdam","operatorName":"TotalEnergies","maxPowerKw":17,"isMegawatt":false,"status":"AVAILABLE","source":"ndw"}},{"type":"Feature","geometry":{"type":"Point","coordinates":[4.95723,52.391094]},"properties":{"type":"charge","layer":"passenger","locationId":"F561738F-723D-45D2-B088-DC458A252C7D","name":"TNLP010835 - Spanderswoudstraat 111, Amsterdam","address":"111 Spanderswoudstraat","city":"Amsterdam","operatorName":"TotalEnergies","maxPowerKw":17,"isMegawatt":false,"status":"AVAILABLE","source":"ndw"}},{"type":"Feature","geometry":{"type":"Point","coordinates":[4.895288,52.343384]},"properties":{"type":"charge","layer":"passenger","locationId":"b5b16cd0-3f97-46c6-806d-43e3b99d4301","name":"TNLP011548 - Niersstraat 7, Amsterdam","address":"7 Niersstraat","city":"Amsterdam","operatorName":"TotalEnergies","maxPowerKw":17,"isMegawatt":false,"status":"CHARGING","source":"ndw"}},{"type":"Feature","geometry":{"type":"Point","coordinates":[4.96791,52.29165]},"properties":{"type":"charge","layer":"passenger","locationId":"66442061-9922-42AD-BEDD-A733C2C22AC3","name":"TNLP011388 - Tielstraat 1, Amsterdam","address":"1 Tielstraat","city":"Amsterdam","operatorName":"TotalEnergies","maxPowerKw":17,"isMegawatt":false,"status":"AVAILABLE","source":"ndw"}},{"type":"Feature","geometry":{"type":"Point","coordinates":[4.874449,52.365658]},"properties":{"type":"charge","layer":"passenger","locationId":"19621B51-35A0-442D-94E9-F589BE876222","name":"TNLP010044 - Jacob van Lennepkade 55, Amsterdam","address":"55 Jacob van Lennepkade","city":"Amsterdam","operatorName":"TotalEnergies","maxPowerKw":17,"isMegawatt":false,"status":"AVAILABLE","source":"ndw"}},{"type":"Feature","geometry":{"type":"Point","coordinates":[4.792908,52.416502]},"properties":{"type":"charge","layer":"passenger","locationId":"907010D6-2C31-4CE3-8C50-34800FD9B9D8","name":"Eneco eMobility Hitachi Construction Machinery NV - Sicilieweg - Amsterdam","address":"Sicilieweg 5","city":"Amsterdam","operatorName":"Eneco","maxPowerKw":11,"isMegawatt":false,"status":"AVAILABLE","source":"ndw","priceKwh":0.4}},{"type":"Feature","geometry":{"type":"Point","coordinates":[4.802684,52.35288]},"properties":{"type":"charge","layer":"passenger","locationId":"E092C960-036A-4341-867F-25998DB1F233","name":"TNLP011457 - Hoekenes 90, Amsterdam","address":"90 Hoekenes","city":"Amsterdam","operatorName":"TotalEnergies","maxPowerKw":17,"isMegawatt":false,"status":"AVAILABLE","source":"ndw"}},{"type":"Feature","geometry":{"type":"Point","coordinates":[4.915328,52.352875]},"properties":{"type":"charge","layer":"passenger","locationId":"6DBABFD4-D4B7-443E-96F7-A0610D9AE2AB","name":"TNLP010806 - Ben Viljoenstraat 2, Amsterdam","address":"2 Ben Viljoenstraat","city":"Amsterdam","operatorName":"TotalEnergies","maxPowerKw":17,"isMegawatt":false,"status":"AVAILABLE","source":"ndw"}},{"type":"Feature","geometry":{"type":"Point","coordinates":[4.910398,52.3889]},"properties":{"type":"charge","layer":"passenger","locationId":"F498FD28-1DBA-4332-BBF2-4F8E8D6C2D38","name":"TNLP010978 - Jac. P. Thijsseplein 25, Amsterdam","address":"25 Jac. P. Thijsseplein","city":"Amsterdam","operatorName":"TotalEnergies","maxPowerKw":17,"isMegawatt":false,"status":"UNAVAILABLE","source":"ndw"}},{"type":"Feature","geometry":{"type":"Point","coordinates":[4.913472,52.399143]},"properties":{"type":"charge","layer":"passenger","locationId":"7A658FB6-154B-4D27-9260-1B01DAF6DECD","name":"TNLP011034 - Korenbloemstraat 46, Amsterdam","address":"46 Korenbloemstraat","city":"Amsterdam","operatorName":"TotalEnergies","maxPowerKw":17,"isMegawatt":false,"status":"AVAILABLE","source":"ndw"}},{"type":"Feature","geometry":{"type":"Point","coordinates":[4.884465,52.384946]},"properties":{"type":"charge","layer":"passenger","locationId":"NLLOC021192","name":"NLD, Amsterdam, Haarlemmer Houttuinen 549","address":"Haarlemmer Houttuinen 549","city":"Amsterdam","operatorName":"Allego","maxPowerKw":22,"isMegawatt":false,"status":"AVAILABLE","source":"ndw","priceKwh":0.495}},{"type":"Feature","geometry":{"type":"Point","coordinates":[4.79929,52.39602]},"properties":{"type":"charge","layer":"passenger","locationId":"10E747C0-88F7-46CA-BA6E-A7F50F228B8F","name":"Eneco eMobility Galwin 3 Amsterdam","address":"Galwin 3","city":"Amsterdam","operatorName":"Eneco","maxPowerKw":22,"isMegawatt":false,"status":"AVAILABLE","source":"ndw","priceKwh":0.32}},{"type":"Feature","geometry":{"type":"Point","coordinates":[4.989049,52.291203]},"properties":{"type":"charge","layer":"passenger","locationId":"8DDB89BE-A183-4926-BDD3-7C6243B49E18","name":"TNLP010365 - Wethouder Tabakstraat 11, Amsterdam","address":"11 Wethouder Tabakstraat","city":"Amsterdam","operatorName":"TotalEnergies","maxPowerKw":17,"isMegawatt":false,"status":"AVAILABLE","source":"ndw"}},{"type":"Feature","geometry":{"type":"Point","coordinates":[4.864463,52.367725]},"properties":{"type":"charge","layer":"passenger","locationId":"0615A7D9-8D88-45A3-B5B0-4E8499C9117A","name":"TNLP010187 - Jan Hanzenstraat 106, Amsterdam","address":"106 Jan Hanzenstraat","city":"Amsterdam","operatorName":"TotalEnergies","maxPowerKw":17,"isMegawatt":false,"status":"AVAILABLE","source":"ndw"}},{"type":"Feature","geometry":{"type":"Point","coordinates":[4.876107,52.349064]},"properties":{"type":"charge","layer":"passenger","locationId":"394273BE-69E0-4132-979F-C9969C182E57","name":"TNLP010055 - Gerrit van der Veenstraat 84, Amsterdam","address":"84 Gerrit van der Veenstraat","city":"Amsterdam","operatorName":"TotalEnergies","maxPowerKw":17,"isMegawatt":false,"status":"CHARGING","source":"ndw"}},{"type":"Feature","geometry":{"type":"Point","coordinates":[4.907215,52.358093]},"properties":{"type":"charge","layer":"passenger","locationId":"D584ED58-1EF4-4F77-BF77-5E42F633EDC6","name":"TNLP010786 - Eerste Boerhaavestraat 14, Amsterdam","address":"14 Eerste Boerhaavestraat","city":"Amsterdam","operatorName":"TotalEnergies","maxPowerKw":17,"isMegawatt":false,"status":"AVAILABLE","source":"ndw"}},{"type":"Feature","geometry":{"type":"Point","coordinates":[4.897444,52.422836]},"properties":{"type":"charge","layer":"passenger","locationId":"6DBE4945-8809-4913-84EE-BE02CBBC5EA8","name":"TNLP010809 - Couhornerhoek 31, Amsterdam","address":"31 Couhornerhoek","city":"Amsterdam","operatorName":"TotalEnergies","maxPowerKw":17,"isMegawatt":false,"status":"UNAVAILABLE","source":"ndw"}},{"type":"Feature","geometry":{"type":"Point","coordinates":[4.877906,52.34639]},"properties":{"type":"charge","layer":"passenger","locationId":"74c710ef-aba9-442d-b802-1d6294550147","name":"TNLP010555 - Schubertstraat 29, Amsterdam","address":"29 Schubertstraat","city":"Amsterdam","operatorName":"TotalEnergies","maxPowerKw":17,"isMegawatt":false,"status":"CHARGING","source":"ndw"}},{"type":"Feature","geometry":{"type":"Point","coordinates":[4.865958,52.371857]},"properties":{"type":"charge","layer":"passenger","locationId":"70D08550-CEDE-45F7-9712-6F33C1E8DAC4","name":"TNLP011739 - Geuzenkade 21, Amsterdam","address":"21 Geuzenkade","city":"Amsterdam","operatorName":"TotalEnergies","maxPowerKw":17,"isMegawatt":false,"status":"CHARGING","source":"ndw"}},{"type":"Feature","geometry":{"type":"Point","coordinates":[4.934734,52.40658]},"properties":{"type":"charge","layer":"passenger","locationId":"C4731AD6-A77B-4C4E-B3AB-9ADB7B8308B4","name":"TNLP011211 - B. Merkelbachsingel 497, Amsterdam","address":"497 B. Merkelbachsingel","city":"Amsterdam","operatorName":"TotalEnergies","maxPowerKw":17,"isMegawatt":false,"status":"AVAILABLE","source":"ndw"}},{"type":"Feature","geometry":{"type":"Point","coordinates":[4.88864,52.346523]},"properties":{"type":"charge","layer":"passenger","locationId":"CE57F499-1975-433F-8999-92F5D992C88C","name":"TNLP010619 - Deurloostraat 90, Amsterdam","address":"90 Deurloostraat","city":"Amsterdam","operatorName":"TotalEnergies","maxPowerKw":17,"isMegawatt":false,"status":"CHARGING","source":"ndw"}},{"type":"Feature","geometry":{"type":"Point","coordinates":[4.883606,52.381134]},"properties":{"type":"charge","layer":"passenger","locationId":"B91D1E24-B59E-42EA-8BD6-5B58878B8D4F","name":"TNLP010610 - Willemsstraat 162, Amsterdam","address":"162 Willemsstraat","city":"Amsterdam","operatorName":"TotalEnergies","maxPowerKw":17,"isMegawatt":false,"status":"AVAILABLE","source":"ndw"}},{"type":"Feature","geometry":{"type":"Point","coordinates":[4.908598,52.3461]},"properties":{"type":"charge","layer":"passenger","locationId":"466DC2E3-A65E-4B41-9D23-55B85317C2AB","name":"TNLP010083 - Kromme Mijdrechtstraat 21, Amsterdam","address":"21 Kromme Mijdrechtstraat","city":"Amsterdam","operatorName":"TotalEnergies","maxPowerKw":17,"isMegawatt":false,"status":"CHARGING","source":"ndw"}},{"type":"Feature","geometry":{"type":"Point","coordinates":[4.861498,52.349377]},"properties":{"type":"charge","layer":"passenger","locationId":"BE03A32E-48EE-4BF7-9A3D-6CF1C022578E","name":"TNLP010400 - Olympiakade 19, Amsterdam","address":"19 Olympiakade","city":"Amsterdam","operatorName":"TotalEnergies","maxPowerKw":17,"isMegawatt":false,"status":"AVAILABLE","source":"ndw"}},{"type":"Feature","geometry":{"type":"Point","coordinates":[4.859499,52.404763]},"properties":{"type":"charge","layer":"passenger","locationId":"4174769","name":"Laadnet Eggerding BV","address":"Coenhavenweg 22","city":"Amsterdam","operatorName":"Laadnet","maxPowerKw":22,"isMegawatt":false,"status":"AVAILABLE","source":"ndw"}},{"type":"Feature","geometry":{"type":"Point","coordinates":[4.88792,52.336698]},"properties":{"type":"charge","layer":"passenger","locationId":"69afbdd5a59b7c858b2efef7","name":"Van der Valk - Zuidas Amsterdam - Charging Stations","address":"Tommaso Albinonistraat 200","city":"Amsterdam","operatorName":"Valk Energy","maxPowerKw":11,"isMegawatt":false,"status":"AVAILABLE","source":"ndw","priceKwh":0.59}},{"type":"Feature","geometry":{"type":"Point","coordinates":[4.870112,52.365353]},"properties":{"type":"charge","layer":"passenger","locationId":"F3213673-07E9-4062-AA25-4AE8A12B0FAD","name":"TNLP010919 - Tollensstraat 127, Amsterdam","address":"127 Tollensstraat","city":"Amsterdam","operatorName":"TotalEnergies","maxPowerKw":17,"isMegawatt":false,"status":"AVAILABLE","source":"ndw"}},{"type":"Feature","geometry":{"type":"Point","coordinates":[4.936911,52.341605]},"properties":{"type":"charge","layer":"passenger","locationId":"6502c6cf86e86d001c8bd60c","name":"De Nieuwe Ooster, begraafplaats en crematorium","address":"Rozenburglaan  5","city":"Amsterdam","operatorName":"E-Flux by Road","maxPowerKw":21,"isMegawatt":false,"status":"CHARGING","source":"ndw","priceKwh":0.38}},{"type":"Feature","geometry":{"type":"Point","coordinates":[4.889255,52.331135]},"properties":{"type":"charge","layer":"passenger","locationId":"D9D3B247-9F23-4D01-97F5-D9FF8FC90C94","name":"TNLP011731 - Weerdestein 19, Amsterdam","address":"19 Weerdestein","city":"Amsterdam","operatorName":"TotalEnergies","maxPowerKw":17,"isMegawatt":false,"status":"AVAILABLE","source":"ndw"}},{"type":"Feature","geometry":{"type":"Point","coordinates":[4.851572,52.36715]},"properties":{"type":"charge","layer":"passenger","locationId":"717B2F84-32DC-46BD-BB3D-AE1859176A41","name":"TNLP010119 - Van Spilbergenstraat 98, Amsterdam","address":"98 Van Spilbergenstraat","city":"Amsterdam","operatorName":"TotalEnergies","maxPowerKw":17,"isMegawatt":false,"status":"CHARGING","source":"ndw"}},{"type":"Feature","geometry":{"type":"Point","coordinates":[4.879389,52.41581]},"properties":{"type":"charge","layer":"passenger","locationId":"DF472C54-659F-4EED-8F96-68AA643D61B3","name":"TNLP010154 - Meteorenweg 250, Amsterdam","address":"250 Meteorenweg","city":"Amsterdam","operatorName":"TotalEnergies","maxPowerKw":17,"isMegawatt":false,"status":"AVAILABLE","source":"ndw"}},{"type":"Feature","geometry":{"type":"Point","coordinates":[4.915466,52.36087]},"properties":{"type":"charge","layer":"passenger","locationId":"337DE53B-A58F-4D21-B98A-B0E04CCFF5ED","name":"TNLP010462 - s-Gravesandestraat 92, Amsterdam","address":"92 s-Gravesandestraat","city":"Amsterdam","operatorName":"TotalEnergies","maxPowerKw":17,"isMegawatt":false,"status":"AVAILABLE","source":"ndw"}},{"type":"Feature","geometry":{"type":"Point","coordinates":[4.952058,52.304612]},"properties":{"type":"charge","layer":"passenger","locationId":"EDDD49FC-AF71-423E-B954-C85C92A0D90A","name":"Eneco eMobility Hullenbergweg 250 Amsterdam","address":"Hullenbergweg 250","city":"Amsterdam","operatorName":"Eneco","maxPowerKw":22,"isMegawatt":false,"status":"AVAILABLE","source":"ndw","priceKwh":0.32}},{"type":"Feature","geometry":{"type":"Point","coordinates":[4.818122,52.37639]},"properties":{"type":"charge","layer":"passenger","locationId":"1B670870-F960-4248-AF88-129383B7B2B2","name":"TNLP011269 - Jacques Perkstraat 11, Amsterdam","address":"11 Jacques Perkstraat","city":"Amsterdam","operatorName":"TotalEnergies","maxPowerKw":17,"isMegawatt":false,"status":"UNAVAILABLE","source":"ndw"}},{"type":"Feature","geometry":{"type":"Point","coordinates":[4.824952,52.341789]},"properties":{"type":"charge","layer":"passenger","locationId":"91149117","name":"50five-S NL 04001451","address":"John M. Keynesplein 2","city":"Amsterdam","operatorName":"50five","maxPowerKw":7,"isMegawatt":false,"status":"AVAILABLE","source":"ndw"}},{"type":"Feature","geometry":{"type":"Point","coordinates":[4.935429,52.364124]},"properties":{"type":"charge","layer":"passenger","locationId":"3B083354-0AA6-49F2-8F4B-81E945F5D0A8","name":"TNLP010047 - Sumatrastraat 21, Amsterdam","address":"21 Sumatrastraat","city":"Amsterdam","operatorName":"TotalEnergies","maxPowerKw":17,"isMegawatt":false,"status":"AVAILABLE","source":"ndw"}},{"type":"Feature","geometry":{"type":"Point","coordinates":[4.791618,52.343784]},"properties":{"type":"charge","layer":"passenger","locationId":"7C9280E8-BA11-456C-AE88-D6443F0E299A","name":"TNLP010077 - Sporadenlaan 91, Amsterdam","address":"91 Sporadenlaan","city":"Amsterdam","operatorName":"TotalEnergies","maxPowerKw":17,"isMegawatt":false,"status":"UNAVAILABLE","source":"ndw"}},{"type":"Feature","geometry":{"type":"Point","coordinates":[4.898041,52.37345]},"properties":{"type":"charge","layer":"passenger","locationId":"500DA11C-3D01-49B2-B9EC-84131DA7BAF3","name":"TNLP011385 - Herengracht 502, Amsterdam","address":"502 Herengracht","city":"Amsterdam","operatorName":"TotalEnergies","maxPowerKw":17,"isMegawatt":false,"status":"UNAVAILABLE","source":"ndw"}},{"type":"Feature","geometry":{"type":"Point","coordinates":[4.74716,52.419812]},"properties":{"type":"charge","layer":"passenger","locationId":"91228775","name":"50five-S NL 18B08384","address":"Westpoortweg 502","city":"Amsterdam","operatorName":"50five","maxPowerKw":11,"isMegawatt":false,"status":"AVAILABLE","source":"ndw"}},{"type":"Feature","geometry":{"type":"Point","coordinates":[4.843869,52.368306]},"properties":{"type":"charge","layer":"passenger","locationId":"60","name":"50five Exploitatie EHM Hotel Amsterdam Rembrandtpark B.V.","address":"Staalmeeesterslaan 410","city":"Amsterdam","operatorName":"50five","maxPowerKw":11,"isMegawatt":false,"status":"AVAILABLE","source":"ndw"}},{"type":"Feature","geometry":{"type":"Point","coordinates":[4.837035,52.391027]},"properties":{"type":"charge","layer":"passenger","locationId":"89274189","name":"Van Leeuwen 89274189","address":"Hanedastraat 2","city":"Amsterdam","operatorName":"Van Leeuwen","maxPowerKw":22,"isMegawatt":false,"status":"AVAILABLE","source":"ndw"}},{"type":"Feature","geometry":{"type":"Point","coordinates":[4.941987,52.309652]},"properties":{"type":"charge","layer":"passenger","locationId":"60e6c5c85cd294a23850506b","name":"Hoogoordreef 66A, Amsterdam (Holiday Inn)","address":"Hoogoorddreef 66A","city":"Amsterdam","operatorName":"E-Flux by Road","maxPowerKw":22,"isMegawatt":false,"status":"CHARGING","source":"ndw","priceKwh":0.43}},{"type":"Feature","geometry":{"type":"Point","coordinates":[4.997152,52.35773]},"properties":{"type":"charge","layer":"passenger","locationId":"91169839","name":"50five-S NL 07113772","address":"Paul Schuitemahof 21","city":"Amsterdam","operatorName":"50five","maxPowerKw":11,"isMegawatt":false,"status":"CHARGING","source":"ndw"}},{"type":"Feature","geometry":{"type":"Point","coordinates":[4.804477,52.346462]},"properties":{"type":"charge","layer":"passenger","locationId":"4029D247-EABD-46DA-B4E9-4F428EAE5034","name":"TNLP011095 - Lokerenstraat 20, Amsterdam","address":"20 Lokerenstraat","city":"Amsterdam","operatorName":"TotalEnergies","maxPowerKw":17,"isMegawatt":false,"status":"AVAILABLE","source":"ndw"}},{"type":"Feature","geometry":{"type":"Point","coordinates":[4.941693,52.319824]},"properties":{"type":"charge","layer":"passenger","locationId":"481BD238-E2A2-446B-AA5D-82B015C84EF1","name":"TNLP010240 - Boris Pasternakstraat 107, Amsterdam","address":"107 Boris Pasternakstraat","city":"Amsterdam","operatorName":"TotalEnergies","maxPowerKw":17,"isMegawatt":false,"status":"AVAILABLE","source":"ndw"}},{"type":"Feature","geometry":{"type":"Point","coordinates":[4.895554,52.377075]},"properties":{"type":"charge","layer":"passenger","locationId":"1533","name":"50five Kimpton De Witt Amsterdam","address":"Nieuwezijds Voorburgwal 5","city":"Amsterdam","operatorName":"50five","maxPowerKw":7,"isMegawatt":false,"status":"AVAILABLE","source":"ndw"}},{"type":"Feature","geometry":{"type":"Point","coordinates":[5.046318,52.298955]},"properties":{"type":"charge","layer":"passenger","locationId":"91056128","name":"50five-S NL 17B05023","address":"Reigersweide 17","city":"Weesp","operatorName":"50five","maxPowerKw":11,"isMegawatt":false,"status":"CHARGING","source":"ndw"}},{"type":"Feature","geometry":{"type":"Point","coordinates":[4.957646,52.394535]},"properties":{"type":"charge","layer":"passenger","locationId":"74923E78-4B61-49E1-BC30-65E405659EA4","name":"TNLP010613 - Balgzandstraat 125, Amsterdam","address":"125 Balgzandstraat","city":"Amsterdam","operatorName":"TotalEnergies","maxPowerKw":17,"isMegawatt":false,"status":"AVAILABLE","source":"ndw"}},{"type":"Feature","geometry":{"type":"Point","coordinates":[4.870655,52.345135]},"properties":{"type":"charge","layer":"passenger","locationId":"0DA22D69-5AE4-4601-947C-D9A040E57DFA","name":"TNLP010837 - Courbetstraat 9, Amsterdam","address":"9 Courbetstraat","city":"Amsterdam","operatorName":"TotalEnergies","maxPowerKw":17,"isMegawatt":false,"status":"AVAILABLE","source":"ndw"}},{"type":"Feature","geometry":{"type":"Point","coordinates":[4.941737,52.36506]},"properties":{"type":"charge","layer":"passenger","locationId":"E2045100-E12C-4BCF-AF68-02D906289819","name":"TNLP011402 - Niasstraat 37, Amsterdam","address":"37 Niasstraat","city":"Amsterdam","operatorName":"TotalEnergies","maxPowerKw":17,"isMegawatt":false,"status":"AVAILABLE","source":"ndw"}},{"type":"Feature","geometry":{"type":"Point","coordinates":[4.876438,52.342136]},"properties":{"type":"charge","layer":"passenger","locationId":"EB135DF1-D120-4D5E-B3C2-0C6CCFE3B2A3","name":"TNLP010549 - Beethovenstraat 186, Amsterdam","address":"186 Beethovenstraat","city":"Amsterdam","operatorName":"TotalEnergies","maxPowerKw":17,"isMegawatt":false,"status":"AVAILABLE","source":"ndw"}},{"type":"Feature","geometry":{"type":"Point","coordinates":[5.040046,52.321573]},"properties":{"type":"charge","layer":"passenger","locationId":"91059127","name":"50five-S NL PD12300006319","address":"Fort Rhijnauwenstraat 84","city":"Weesp","operatorName":"50five","maxPowerKw":5,"isMegawatt":false,"status":"UNAVAILABLE","source":"ndw"}},{"type":"Feature","geometry":{"type":"Point","coordinates":[5.004567,52.35]},"properties":{"type":"charge","layer":"passenger","locationId":"91089308","name":"50five-S NL 03006868","address":"Emmy Andriessestraat 34","city":"Amsterdam","operatorName":"50five","maxPowerKw":4,"isMegawatt":false,"status":"AVAILABLE","source":"ndw"}},{"type":"Feature","geometry":{"type":"Point","coordinates":[4.839743,52.356797]},"properties":{"type":"charge","layer":"passenger","locationId":"6138afee6e6fbe03aec59a86","name":"Schipluidenlaan (Amsterdam)","address":"Schipluidenlaan 4","city":"Amsterdam","operatorName":"E-Flux by Road","maxPowerKw":22,"isMegawatt":false,"status":"UNAVAILABLE","source":"ndw"}},{"type":"Feature","geometry":{"type":"Point","coordinates":[5.037675,52.318596]},"properties":{"type":"charge","layer":"passenger","locationId":"B6F24E48-9B04-4040-83B9-F8F620080494","name":"TNLP011479 - Fort Hinderdamstraat, 4, Weesp","address":"4 Fort Hinderdamstraat","city":"Weesp","operatorName":"TotalEnergies","maxPowerKw":17,"isMegawatt":false,"status":"AVAILABLE","source":"ndw"}},{"type":"Feature","geometry":{"type":"Point","coordinates":[4.886865,52.355496]},"properties":{"type":"charge","layer":"passenger","locationId":"68da8db200924e3fee9e8323","name":"Albert Cuyp Parkeergarage","address":"Ruysdealkade 100","city":"Amsterdam","operatorName":"E-Flux by Road","maxPowerKw":11,"isMegawatt":false,"status":"AVAILABLE","source":"ndw"}},{"type":"Feature","geometry":{"type":"Point","coordinates":[4.779666,52.383695]},"properties":{"type":"charge","layer":"passenger","locationId":"659d3bea896dbd001c9fb11e","name":"Henk Willem Spruit 's station","address":"Joris van den Berghweg 103","city":"Amsterdam","operatorName":"E-Flux by Road","maxPowerKw":11,"isMegawatt":false,"status":"AVAILABLE","source":"ndw","priceKwh":0.52}},{"type":"Feature","geometry":{"type":"Point","coordinates":[4.872748,52.381744]},"properties":{"type":"charge","layer":"passenger","locationId":"e31c2e63-f50a-4994-a4cf-23e5fc7fdd58","name":"TNLP010158 - Van Beuningenstraat 179, Amsterdam","address":"179 Van Beuningenstraat","city":"Amsterdam","operatorName":"TotalEnergies","maxPowerKw":17,"isMegawatt":false,"status":"AVAILABLE","source":"ndw"}},{"type":"Feature","geometry":{"type":"Point","coordinates":[4.90895,52.37641]},"properties":{"type":"charge","layer":"passenger","locationId":"36410286-9BF4-4A63-AD14-C0F24DF17EE4","name":"Eneco eMobility Garage Oosterdok","address":"Oosterdokstraat 150","city":"Amsterdam","operatorName":"Eneco","maxPowerKw":11,"isMegawatt":false,"status":"AVAILABLE","source":"ndw","priceKwh":0.45}},{"type":"Feature","geometry":{"type":"Point","coordinates":[4.767563,52.39551]},"properties":{"type":"charge","layer":"passenger","locationId":"27622C42-F409-4CBC-BF79-6C4C679245D0","name":"TNLP010943 - Heining 3, Amsterdam","address":"3 Heining","city":"Amsterdam","operatorName":"TotalEnergies","maxPowerKw":17,"isMegawatt":false,"status":"UNAVAILABLE","source":"ndw"}},{"type":"Feature","geometry":{"type":"Point","coordinates":[4.857388,52.344476]},"properties":{"type":"charge","layer":"passenger","locationId":"68e6380374df921abdf75245","name":"FH Super V.O.F. AH4107","address":"Stadionplein  115","city":"Amsterdam","operatorName":"E-Flux by Road","maxPowerKw":11,"isMegawatt":false,"status":"AVAILABLE","source":"ndw","priceKwh":0.58}},{"type":"Feature","geometry":{"type":"Point","coordinates":[4.900201,52.36246]},"properties":{"type":"charge","layer":"passenger","locationId":"24818FB7-AD4F-4B5E-9004-DD6E5747650C","name":"TNLP010554 - Prinsengracht 1091, Amsterdam","address":"1091 Prinsengracht","city":"Amsterdam","operatorName":"TotalEnergies","maxPowerKw":17,"isMegawatt":false,"status":"CHARGING","source":"ndw"}},{"type":"Feature","geometry":{"type":"Point","coordinates":[4.987465,52.31626]},"properties":{"type":"charge","layer":"passenger","locationId":"197B4465-E1B2-4181-A876-BBA4D07FE8C6","name":"TNLP010258 - Kouwenoordweg 27, Amsterdam","address":"27 Kouwenoordweg","city":"Amsterdam","operatorName":"TotalEnergies","maxPowerKw":17,"isMegawatt":false,"status":"AVAILABLE","source":"ndw"}},{"type":"Feature","geometry":{"type":"Point","coordinates":[5.047303,52.319302]},"properties":{"type":"charge","layer":"passenger","locationId":"69931e1b6b4f347928b4941d","name":"GPRL","address":"Gouwparklaan 12","city":"Weesp","operatorName":"E-Flux by Road","maxPowerKw":11,"isMegawatt":false,"status":"AVAILABLE","source":"ndw","priceKwh":0.58}},{"type":"Feature","geometry":{"type":"Point","coordinates":[5.023425,52.319408]},"properties":{"type":"charge","layer":"passenger","locationId":"91108282","name":"50five-S NL 09102663","address":"Zuiderzeelaan 83","city":"Weesp","operatorName":"50five","maxPowerKw":11,"isMegawatt":false,"status":"AVAILABLE","source":"ndw"}},{"type":"Feature","geometry":{"type":"Point","coordinates":[4.956473,52.299528]},"properties":{"type":"charge","layer":"passenger","locationId":"60b4d96bead98cb065094c47","name":"Trinity Buildings - Amsterdam","address":"Pietersbergweg 1","city":"Amsterdam","operatorName":"Fleet Charge Services","maxPowerKw":22,"isMegawatt":false,"status":"UNAVAILABLE","source":"ndw","priceKwh":0.52}},{"type":"Feature","geometry":{"type":"Point","coordinates":[4.862311,52.34948]},"properties":{"type":"charge","layer":"passenger","locationId":"47106821-92DD-4742-B4DF-E23944147646","name":"TNLP011780 - Speerstraat 1, Amsterdam","address":"1 Speerstraat","city":"Amsterdam","operatorName":"TotalEnergies","maxPowerKw":17,"isMegawatt":false,"status":"AVAILABLE","source":"ndw"}},{"type":"Feature","geometry":{"type":"Point","coordinates":[4.974392,52.29794]},"properties":{"type":"charge","layer":"passenger","locationId":"6407E31B-C3CD-4522-A378-B02C36F8096E","name":"TNLP011054 - Remmerdenplein 43, Amsterdam","address":"43 Remmerdenplein","city":"Amsterdam","operatorName":"TotalEnergies","maxPowerKw":17,"isMegawatt":false,"status":"CHARGING","source":"ndw"}},{"type":"Feature","geometry":{"type":"Point","coordinates":[4.875843,52.395403]},"properties":{"type":"charge","layer":"passenger","locationId":"648c31a9df2f5f001c816b5f","name":"Rigakade #1","address":"Rigakade 10","city":"Amsterdam","operatorName":"E-Flux by Road","maxPowerKw":22,"isMegawatt":false,"status":"AVAILABLE","source":"ndw","priceKwh":0.48}},{"type":"Feature","geometry":{"type":"Point","coordinates":[4.829635,52.361843]},"properties":{"type":"charge","layer":"passenger","locationId":"51980546-4493-4388-9841-071F82A6964B","name":"TNLP010630 - Justus Halbertsmastraat 10, Amsterdam","address":"10 Justus Halbertsmastraat","city":"Amsterdam","operatorName":"TotalEnergies","maxPowerKw":17,"isMegawatt":false,"status":"AVAILABLE","source":"ndw"}},{"type":"Feature","geometry":{"type":"Point","coordinates":[4.852366,52.353806]},"properties":{"type":"charge","layer":"passenger","locationId":"816432C4-3F44-4A43-8606-0DFB2B9A3661","name":"TNLP010854 - Jacob Marisstraat 3, Amsterdam","address":"3 Jacob Marisstraat","city":"Amsterdam","operatorName":"TotalEnergies","maxPowerKw":17,"isMegawatt":false,"status":"CHARGING","source":"ndw"}},{"type":"Feature","geometry":{"type":"Point","coordinates":[4.878492,52.3339]},"properties":{"type":"charge","layer":"passenger","locationId":"6480BE9B-ED43-4885-A5E2-022E8994F627","name":"TNLP010858 - Crackstate 37, Amsterdam","address":"37 Crackstate","city":"Amsterdam","operatorName":"TotalEnergies","maxPowerKw":17,"isMegawatt":false,"status":"AVAILABLE","source":"ndw"}},{"type":"Feature","geometry":{"type":"Point","coordinates":[4.85469,52.39615]},"properties":{"type":"charge","layer":"passenger","locationId":"68668bf50c7994678dc4df99","name":"Anders-IT POWER STATION","address":"zekeringstraat 17a","city":"amsterdam","operatorName":"E-Flux by Road","maxPowerKw":14,"isMegawatt":false,"status":"AVAILABLE","source":"ndw","priceKwh":0.83}},{"type":"Feature","geometry":{"type":"Point","coordinates":[5.035638,52.31908]},"properties":{"type":"charge","layer":"passenger","locationId":"E3331106-280B-46A8-A7A8-122894AB2369","name":"TNLP011533 - Fort Hinderdamstraat 26, Weesp","address":"26 Fort Hinderdamstraat","city":"Weesp","operatorName":"TotalEnergies","maxPowerKw":17,"isMegawatt":false,"status":"AVAILABLE","source":"ndw"}},{"type":"Feature","geometry":{"type":"Point","coordinates":[4.830239,52.349037]},"properties":{"type":"charge","layer":"passenger","locationId":"3783DCC2-95B9-468E-892E-BC49DC4E2AC3","name":"TNLP010811 - Elisabeth Boddaertstraat 40, Amsterdam","address":"40 Elisabeth Boddaertstraat","city":"Amsterdam","operatorName":"TotalEnergies","maxPowerKw":17,"isMegawatt":false,"status":"AVAILABLE","source":"ndw"}},{"type":"Feature","geometry":{"type":"Point","coordinates":[4.850915,52.366875]},"properties":{"type":"charge","layer":"passenger","locationId":"b2bf262d-3b77-4f51-a26f-8bff2d24621a","name":"TNLP010247 - Willem Schoutenstraat 49, Amsterdam","address":"49 Willem Schoutenstraat","city":"Amsterdam","operatorName":"TotalEnergies","maxPowerKw":17,"isMegawatt":false,"status":"AVAILABLE","source":"ndw"}},{"type":"Feature","geometry":{"type":"Point","coordinates":[4.948388,52.304747]},"properties":{"type":"charge","layer":"passenger","locationId":"63087f881830b9fd5a172981","name":"Karsp laadpaal 2","address":"Karspeldreef  4","city":"Amsterdam","operatorName":"E-Flux by Road","maxPowerKw":22,"isMegawatt":false,"status":"CHARGING","source":"ndw","priceKwh":0.48}},{"type":"Feature","geometry":{"type":"Point","coordinates":[4.970451,52.298992]},"properties":{"type":"charge","layer":"passenger","locationId":"C1E02B58-85DE-4B2F-9CEB-75F2D50EE257","name":"TNLP010298 - Mijndenhof 144, Amsterdam","address":"144 Mijndenhof","city":"Amsterdam","operatorName":"TotalEnergies","maxPowerKw":17,"isMegawatt":false,"status":"UNAVAILABLE","source":"ndw"}},{"type":"Feature","geometry":{"type":"Point","coordinates":[4.933264,52.355484]},"properties":{"type":"charge","layer":"passenger","locationId":"67FC16BC-DB3C-48B4-ABA4-7C42391289BC","name":"TNLP011313 - Pythagorasstraat 32, Amsterdam","address":"32 Pythagorasstraat","city":"Amsterdam","operatorName":"TotalEnergies","maxPowerKw":17,"isMegawatt":false,"status":"AVAILABLE","source":"ndw"}},{"type":"Feature","geometry":{"type":"Point","coordinates":[4.924775,52.35454]},"properties":{"type":"charge","layer":"passenger","locationId":"07347165-CD02-4BD7-8561-BAC6D9A6D9AD","name":"TNLP011874 - Transvaalstraat 87, Amsterdam","address":"87 Transvaalstraat","city":"Amsterdam","operatorName":"TotalEnergies","maxPowerKw":17,"isMegawatt":false,"status":"AVAILABLE","source":"ndw"}},{"type":"Feature","geometry":{"type":"Point","coordinates":[4.913816,52.407707]},"properties":{"type":"charge","layer":"passenger","locationId":"8971A75E-469B-4BBA-B925-CB5BC310BF57","name":"TNLP010297 - Banne Buikslootlaan 260, Amsterdam","address":"260 Banne Buikslootlaan","city":"Amsterdam","operatorName":"TotalEnergies","maxPowerKw":17,"isMegawatt":false,"status":"AVAILABLE","source":"ndw"}},{"type":"Feature","geometry":{"type":"Point","coordinates":[4.912661,52.38476]},"properties":{"type":"charge","layer":"passenger","locationId":"8FA4B91B-5361-4F79-A5A9-413A4FBD8C7C","name":"TNLP010913 - Reigerweg 1, Amsterdam","address":"1 Reigerweg","city":"Amsterdam","operatorName":"TotalEnergies","maxPowerKw":17,"isMegawatt":false,"status":"AVAILABLE","source":"ndw"}},{"type":"Feature","geometry":{"type":"Point","coordinates":[4.923216,52.40875]},"properties":{"type":"charge","layer":"passenger","locationId":"B3A27DF9-A7E7-4E39-991D-F92F7026B538","name":"TNLP010252 - Grootzeilhof 90, Amsterdam","address":"90 Grootzeilhof","city":"Amsterdam","operatorName":"TotalEnergies","maxPowerKw":17,"isMegawatt":false,"status":"AVAILABLE","source":"ndw"}},{"type":"Feature","geometry":{"type":"Point","coordinates":[4.884686,52.407906]},"properties":{"type":"charge","layer":"passenger","locationId":"B723245E-6571-432B-BB9B-891B461691B7","name":"TNLP011347 - tt. Melissaweg 10, Amsterdam","address":"10 tt. Melissaweg","city":"Amsterdam","operatorName":"TotalEnergies","maxPowerKw":17,"isMegawatt":false,"status":"AVAILABLE","source":"ndw"}},{"type":"Feature","geometry":{"type":"Point","coordinates":[4.783086,52.35007]},"properties":{"type":"charge","layer":"passenger","locationId":"ce4fe4a4-365c-4e42-9b32-9316e0bfc29b","name":"TNLP010768 - Inaristraat 228, Amsterdam","address":"228 Inaristraat","city":"Amsterdam","operatorName":"TotalEnergies","maxPowerKw":17,"isMegawatt":false,"status":"CHARGING","source":"ndw"}},{"type":"Feature","geometry":{"type":"Point","coordinates":[4.902425,52.356777]},"properties":{"type":"charge","layer":"passenger","locationId":"B92C9CB4-33AE-4FBB-976E-3AC92110B422","name":"TNLP010273 - Tweede Jan Steenstraat 91B, Amsterdam","address":"91B Tweede Jan Steenstraat","city":"Amsterdam","operatorName":"TotalEnergies","maxPowerKw":17,"isMegawatt":false,"status":"CHARGING","source":"ndw"}},{"type":"Feature","geometry":{"type":"Point","coordinates":[4.997181,52.298744]},"properties":{"type":"charge","layer":"passenger","locationId":"42F6AD69-10F4-466D-A925-4C72F1477F4C","name":"TNLP010571 - Hendrik Hosstraat 171, Amsterdam","address":"171 Hendrik Hosstraat","city":"Amsterdam","operatorName":"TotalEnergies","maxPowerKw":17,"isMegawatt":false,"status":"AVAILABLE","source":"ndw"}},{"type":"Feature","geometry":{"type":"Point","coordinates":[4.851645,52.384712]},"properties":{"type":"charge","layer":"passenger","locationId":"8A0D7DBC-2E15-46DB-B6F9-6DAAD2E0F247","name":"TNLP010823 - Van Gentstraat 62, Amsterdam","address":"62 Van Gentstraat","city":"Amsterdam","operatorName":"TotalEnergies","maxPowerKw":17,"isMegawatt":false,"status":"AVAILABLE","source":"ndw"}},{"type":"Feature","geometry":{"type":"Point","coordinates":[4.877234,52.388615]},"properties":{"type":"charge","layer":"passenger","locationId":"17D88EA4-8D0A-4818-8B73-B4386FFAEE61","name":"TNLP010525 - Wormerveerstraat 2, Amsterdam","address":"2 Wormerveerstraat","city":"Amsterdam","operatorName":"TotalEnergies","maxPowerKw":17,"isMegawatt":false,"status":"AVAILABLE","source":"ndw"}},{"type":"Feature","geometry":{"type":"Point","coordinates":[4.942865,52.394461]},"properties":{"type":"charge","layer":"passenger","locationId":"91231171","name":"50five-S NL 19B09306","address":"Hendrikje Stoffelstraat 60","city":"Amsterdam","operatorName":"50five","maxPowerKw":22,"isMegawatt":false,"status":"AVAILABLE","source":"ndw"}},{"type":"Feature","geometry":{"type":"Point","coordinates":[4.937204,52.34842]},"properties":{"type":"charge","layer":"passenger","locationId":"EC888EFC-97FB-495D-BB8F-343525ED4942","name":"TNLP010096 - Pasteurstraat 44, Amsterdam","address":"44 Pasteurstraat","city":"Amsterdam","operatorName":"TotalEnergies","maxPowerKw":17,"isMegawatt":false,"status":"AVAILABLE","source":"ndw"}},{"type":"Feature","geometry":{"type":"Point","coordinates":[4.906699,52.37125]},"properties":{"type":"charge","layer":"passenger","locationId":"729B2DE7-6410-4EF0-A054-139B93A0D5BA","name":"TNLP011221 - Nieuwe Uilenburgerstraat 10, Amsterdam","address":"10 Nieuwe Uilenburgerstraat","city":"Amsterdam","operatorName":"TotalEnergies","maxPowerKw":17,"isMegawatt":false,"status":"AVAILABLE","source":"ndw"}},{"type":"Feature","geometry":{"type":"Point","coordinates":[4.916556,52.360848]},"properties":{"type":"charge","layer":"passenger","locationId":"91105155","name":"50five-S NL 04000683","address":"s-Gravesandestraat 55","city":"Amsterdam","operatorName":"50five","maxPowerKw":7,"isMegawatt":false,"status":"CHARGING","source":"ndw"}},{"type":"Feature","geometry":{"type":"Point","coordinates":[4.874287,52.325157]},"properties":{"type":"charge","layer":"passenger","locationId":"115130D5-519D-4628-B275-E1DF98A70D20","name":"TNLP011475 - Sijlhoff 1, Amsterdam","address":"1 Sijlhoff","city":"Amsterdam","operatorName":"TotalEnergies","maxPowerKw":17,"isMegawatt":false,"status":"AVAILABLE","source":"ndw"}},{"type":"Feature","geometry":{"type":"Point","coordinates":[4.857327,52.382442]},"properties":{"type":"charge","layer":"passenger","locationId":"1323FFD9-323F-4F5B-8214-F768947A420B","name":"TNLP010516 - Willem de Zwijgerlaan 351, Amsterdam","address":"351 Willem de Zwijgerlaan","city":"Amsterdam","operatorName":"TotalEnergies","maxPowerKw":17,"isMegawatt":false,"status":"AVAILABLE","source":"ndw"}},{"type":"Feature","geometry":{"type":"Point","coordinates":[4.840317,52.36561]},"properties":{"type":"charge","layer":"passenger","locationId":"E2272B0A-BB22-4496-BE78-F1CB6D726886","name":"TNLP011092 - Derkinderenstraat 77, Amsterdam","address":"77 Derkinderenstraat","city":"Amsterdam","operatorName":"TotalEnergies","maxPowerKw":17,"isMegawatt":false,"status":"AVAILABLE","source":"ndw"}},{"type":"Feature","geometry":{"type":"Point","coordinates":[4.908426,52.34699]},"properties":{"type":"charge","layer":"passenger","locationId":"2A7D59FE-8633-4AB9-AD99-E47A18C96427","name":"TNLP010847 - Vrijheidslaan 46, Amsterdam","address":"46 Vrijheidslaan","city":"Amsterdam","operatorName":"TotalEnergies","maxPowerKw":17,"isMegawatt":false,"status":"AVAILABLE","source":"ndw"}},{"type":"Feature","geometry":{"type":"Point","coordinates":[4.938208,52.398197]},"properties":{"type":"charge","layer":"passenger","locationId":"NLLOC026357","name":"NLD, Amsterdam, Buikslotermeerplein 226","address":"Buikslotermeerplein 226","city":"Amsterdam","operatorName":"Allego","maxPowerKw":22,"isMegawatt":false,"status":"AVAILABLE","source":"ndw","priceKwh":0.495}},{"type":"Feature","geometry":{"type":"Point","coordinates":[4.89052,52.338525]},"properties":{"type":"charge","layer":"passenger","locationId":"630e1bc74ebb135cbae1e2fd","name":"Parkeergarage nhow hotel RAI","address":"Europaboulevard 2b","city":"Amsterdam","operatorName":"Heijmans","maxPowerKw":22,"isMegawatt":false,"status":"AVAILABLE","source":"ndw","priceKwh":0.49}},{"type":"Feature","geometry":{"type":"Point","coordinates":[4.873833,52.33172]},"properties":{"type":"charge","layer":"passenger","locationId":"18A6ACA4-A923-4BB7-A826-AA9D3DDD033A","name":"TNLP011184 - Loevestein 94, Amsterdam","address":"94 Loevestein","city":"Amsterdam","operatorName":"TotalEnergies","maxPowerKw":17,"isMegawatt":false,"status":"AVAILABLE","source":"ndw"}},{"type":"Feature","geometry":{"type":"Point","coordinates":[4.877784,52.37048]},"properties":{"type":"charge","layer":"passenger","locationId":"91171263","name":"50five-S NL 09101269","address":"Lauriergracht 121","city":"Amsterdam","operatorName":"50five","maxPowerKw":11,"isMegawatt":false,"status":"AVAILABLE","source":"ndw"}},{"type":"Feature","geometry":{"type":"Point","coordinates":[4.920391,52.373787]},"properties":{"type":"charge","layer":"passenger","locationId":"7411B041-4F34-46DD-BC23-0B13693449DA","name":"TNLP011337 - Kattenburgerstraat 198, Amsterdam","address":"198 Kattenburgerstraat","city":"Amsterdam","operatorName":"TotalEnergies","maxPowerKw":17,"isMegawatt":false,"status":"AVAILABLE","source":"ndw"}},{"type":"Feature","geometry":{"type":"Point","coordinates":[4.97011,52.29077]},"properties":{"type":"charge","layer":"passenger","locationId":"5802B5BB-93E9-477B-8F50-46FAB2D97B64","name":"TNLP010846 - Silvoldestraat 56, Amsterdam","address":"56 Silvoldestraat","city":"Amsterdam","operatorName":"TotalEnergies","maxPowerKw":17,"isMegawatt":false,"status":"AVAILABLE","source":"ndw"}},{"type":"Feature","geometry":{"type":"Point","coordinates":[4.856957,52.358932]},"properties":{"type":"charge","layer":"passenger","locationId":"e86a495a-ba87-498b-b82c-f76bf0efed5a","name":"TNLP010891 - Busken Huetstraat 4, Amsterdam","address":"4 Busken Huetstraat","city":"Amsterdam","operatorName":"TotalEnergies","maxPowerKw":17,"isMegawatt":false,"status":"CHARGING","source":"ndw"}},{"type":"Feature","geometry":{"type":"Point","coordinates":[4.887964,52.345005]},"properties":{"type":"charge","layer":"passenger","locationId":"5F0D4CB4-DBE7-4EDF-BC2F-5FC6887B9A25","name":"TNLP010773 - Volkerakstraat 48, Amsterdam","address":"48 Volkerakstraat","city":"Amsterdam","operatorName":"TotalEnergies","maxPowerKw":17,"isMegawatt":false,"status":"AVAILABLE","source":"ndw"}},{"type":"Feature","geometry":{"type":"Point","coordinates":[4.894833,52.347157]},"properties":{"type":"charge","layer":"passenger","locationId":"4A81A337-4A3F-4AA5-84EE-BD52BC720341","name":"TNLP011542 - Churchill-laan 136 III, Amsterdam","address":"136 III Churchill-laan","city":"Amsterdam","operatorName":"TotalEnergies","maxPowerKw":17,"isMegawatt":false,"status":"CHARGING","source":"ndw"}},{"type":"Feature","geometry":{"type":"Point","coordinates":[4.794045,52.353977]},"properties":{"type":"charge","layer":"passenger","locationId":"535EFEC3-4D0C-4276-B0CD-0B776D3D0B24","name":"TNLP011421 - Rengerskerkestraat 122, Amsterdam","address":"122 Rengerskerkestraat","city":"Amsterdam","operatorName":"TotalEnergies","maxPowerKw":17,"isMegawatt":false,"status":"AVAILABLE","source":"ndw"}},{"type":"Feature","geometry":{"type":"Point","coordinates":[4.906875,52.3409]},"properties":{"type":"charge","layer":"passenger","locationId":"f3d91e27-e3f8-4a3d-a997-5a4d98bff0ba","name":"TNLP010937 - President Kennedylaan 132, Amsterdam","address":"132 President Kennedylaan","city":"Amsterdam","operatorName":"TotalEnergies","maxPowerKw":17,"isMegawatt":false,"status":"AVAILABLE","source":"ndw"}},{"type":"Feature","geometry":{"type":"Point","coordinates":[4.873739,52.355324]},"properties":{"type":"charge","layer":"passenger","locationId":"57B18ADB-BC27-4783-801A-02CA32D95D98","name":"TNLP011173 - Banstraat 18, Amsterdam","address":"18 Banstraat","city":"Amsterdam","operatorName":"TotalEnergies","maxPowerKw":17,"isMegawatt":false,"status":"CHARGING","source":"ndw"}},{"type":"Feature","geometry":{"type":"Point","coordinates":[5.072279,52.286498]},"properties":{"type":"charge","layer":"passenger","locationId":"4174702","name":"Laadnet Koe-company","address":"Dammerweg 5C","city":"Weesp","operatorName":"Laadnet","maxPowerKw":22,"isMegawatt":false,"status":"AVAILABLE","source":"ndw"}},{"type":"Feature","geometry":{"type":"Point","coordinates":[4.851268,52.35309]},"properties":{"type":"charge","layer":"passenger","locationId":"A6A696CF-31FB-4806-8CDD-23322AF4A2FB","name":"TNLP010139 - Legmeerplein 12, Amsterdam","address":"12 Legmeerplein","city":"Amsterdam","operatorName":"TotalEnergies","maxPowerKw":17,"isMegawatt":false,"status":"AVAILABLE","source":"ndw"}},{"type":"Feature","geometry":{"type":"Point","coordinates":[4.865754,52.346645]},"properties":{"type":"charge","layer":"passenger","locationId":"1a9317c3-c66e-40fc-bf85-02ae07c07dad","name":"TNLP010767 - Olympiaplein 118, Amsterdam","address":"118 Olympiaplein","city":"Amsterdam","operatorName":"TotalEnergies","maxPowerKw":17,"isMegawatt":false,"status":"AVAILABLE","source":"ndw"}},{"type":"Feature","geometry":{"type":"Point","coordinates":[5.020765,52.316313]},"properties":{"type":"charge","layer":"passenger","locationId":"651fc5e850b53a002028709d","name":"Pako","address":"Flevolaan 25A","city":"Weesp","operatorName":"E-Flux by Road","maxPowerKw":22,"isMegawatt":false,"status":"UNAVAILABLE","source":"ndw","priceKwh":0.33}},{"type":"Feature","geometry":{"type":"Point","coordinates":[4.88973,52.35437]},"properties":{"type":"charge","layer":"passenger","locationId":"7F5BCB0E-787F-43A6-A4A6-22751AD9BF92","name":"TNLP010403 - Govert Flinckstraat 106, Amsterdam","address":"106 Govert Flinckstraat","city":"Amsterdam","operatorName":"TotalEnergies","maxPowerKw":17,"isMegawatt":false,"status":"AVAILABLE","source":"ndw"}},{"type":"Feature","geometry":{"type":"Point","coordinates":[4.977723,52.29246]},"properties":{"type":"charge","layer":"passenger","locationId":"BB53E247-FBEA-4D74-B65A-640AB2695A32","name":"TNLP011894 - Sommelsdijkstraat 1, Amsterdam","address":"1 Sommelsdijkstraat","city":"Amsterdam","operatorName":"TotalEnergies","maxPowerKw":17,"isMegawatt":false,"status":"AVAILABLE","source":"ndw"}},{"type":"Feature","geometry":{"type":"Point","coordinates":[4.946727,52.34245]},"properties":{"type":"charge","layer":"passenger","locationId":"66B14140-A1A1-4CFF-9A6F-E11F416DB9FD","name":"TNLP011351 - Brinkstraat 11, Amsterdam","address":"11 Brinkstraat","city":"Amsterdam","operatorName":"TotalEnergies","maxPowerKw":17,"isMegawatt":false,"status":"AVAILABLE","source":"ndw"}},{"type":"Feature","geometry":{"type":"Point","coordinates":[4.803179,52.35608]},"properties":{"type":"charge","layer":"passenger","locationId":"CDDEC729-E428-476E-A6DB-715B6A4BC70A","name":"TNLP010897 - Nieuwe Osdorpergracht 251, Amsterdam","address":"251 Nieuwe Osdorpergracht","city":"Amsterdam","operatorName":"TotalEnergies","maxPowerKw":17,"isMegawatt":false,"status":"AVAILABLE","source":"ndw"}},{"type":"Feature","geometry":{"type":"Point","coordinates":[4.921662,52.367172]},"properties":{"type":"charge","layer":"passenger","locationId":"E484C7F2-F915-4537-B639-B554E6AFE819","name":"TNLP010827 - Hoogte Kadijk 195, Amsterdam","address":"195 Hoogte Kadijk","city":"Amsterdam","operatorName":"TotalEnergies","maxPowerKw":17,"isMegawatt":false,"status":"AVAILABLE","source":"ndw"}},{"type":"Feature","geometry":{"type":"Point","coordinates":[4.857033,52.332672]},"properties":{"type":"charge","layer":"passenger","locationId":"1E41998F-E8DA-45E1-AB93-91CDDE15B7F4","name":"TNLP010738 - Amstelveenseweg 742, Amsterdam","address":"742 Amstelveenseweg","city":"Amsterdam","operatorName":"TotalEnergies","maxPowerKw":17,"isMegawatt":false,"status":"AVAILABLE","source":"ndw"}},{"type":"Feature","geometry":{"type":"Point","coordinates":[4.94696,52.374016]},"properties":{"type":"charge","layer":"passenger","locationId":"89DA0CAA-52F5-4180-8938-756C37BDEFFB","name":"TNLP010226 - Seinwachterstraat 59, Amsterdam","address":"59 Seinwachterstraat","city":"Amsterdam","operatorName":"TotalEnergies","maxPowerKw":17,"isMegawatt":false,"status":"AVAILABLE","source":"ndw"}},{"type":"Feature","geometry":{"type":"Point","coordinates":[4.898924,52.356438]},"properties":{"type":"charge","layer":"passenger","locationId":"89686ac5-ea9c-4cf3-8d0b-db8d3c1d5818","name":"TNLP011369 - Govert Flinckstraat 314, Amsterdam","address":"314 Govert Flinckstraat","city":"Amsterdam","operatorName":"TotalEnergies","maxPowerKw":17,"isMegawatt":false,"status":"CHARGING","source":"ndw"}},{"type":"Feature","geometry":{"type":"Point","coordinates":[4.873713,52.396798]},"properties":{"type":"charge","layer":"passenger","locationId":"91195678","name":"50five-S NL 18B01795","address":"Danzigerbocht 41","city":"Amsterdam","operatorName":"50five","maxPowerKw":11,"isMegawatt":false,"status":"UNAVAILABLE","source":"ndw"}},{"type":"Feature","geometry":{"type":"Point","coordinates":[4.890658,52.381775]},"properties":{"type":"charge","layer":"passenger","locationId":"9FA4333B-BA29-41D2-9EF1-2EA51B510595","name":"TNLP010194 - Haarlemmer Houttuinen 189, Amsterdam","address":"189 Haarlemmer Houttuinen","city":"Amsterdam","operatorName":"TotalEnergies","maxPowerKw":17,"isMegawatt":false,"status":"AVAILABLE","source":"ndw"}},{"type":"Feature","geometry":{"type":"Point","coordinates":[4.875114,52.401931]},"properties":{"type":"charge","layer":"passenger","locationId":"91148496","name":"50five-S NL 03007107","address":"Danzigerkade 165","city":"Amsterdam","operatorName":"50five","maxPowerKw":4,"isMegawatt":false,"status":"AVAILABLE","source":"ndw"}},{"type":"Feature","geometry":{"type":"Point","coordinates":[4.841421,52.37869]},"properties":{"type":"charge","layer":"passenger","locationId":"11EC39BD-9F8F-44BD-BC80-79777C41807B","name":"TNLP010624 - Akbarstraat 8, Amsterdam","address":"8 Akbarstraat","city":"Amsterdam","operatorName":"TotalEnergies","maxPowerKw":17,"isMegawatt":false,"status":"AVAILABLE","source":"ndw"}},{"type":"Feature","geometry":{"type":"Point","coordinates":[4.89192,52.385625]},"properties":{"type":"charge","layer":"passenger","locationId":"91314188","name":"50five-S NL Location","address":"Westerdok 634","city":"Amsterdam","operatorName":"50five","maxPowerKw":11,"isMegawatt":false,"status":"AVAILABLE","source":"ndw"}},{"type":"Feature","geometry":{"type":"Point","coordinates":[4.915556,52.403614]},"properties":{"type":"charge","layer":"passenger","locationId":"95e50e87-b168-4093-90e5-a467e61ca2e2","name":"TNLP010770 - Fluitschipstraat 3, Amsterdam","address":"3 Fluitschipstraat","city":"Amsterdam","operatorName":"TotalEnergies","maxPowerKw":17,"isMegawatt":false,"status":"AVAILABLE","source":"ndw"}},{"type":"Feature","geometry":{"type":"Point","coordinates":[5.039886,52.316494]},"properties":{"type":"charge","layer":"passenger","locationId":"8F95C0B7-5581-4F43-8A7F-05ACB34627BD","name":"TNLP011776 - Landscronerlaan 24, Weesp","address":"24 Landscronerlaan","city":"Weesp","operatorName":"TotalEnergies","maxPowerKw":17,"isMegawatt":false,"status":"AVAILABLE","source":"ndw"}},{"type":"Feature","geometry":{"type":"Point","coordinates":[4.817245,52.37415]},"properties":{"type":"charge","layer":"passenger","locationId":"9F7D9D69-64BB-4889-AE51-EB91591876DB","name":"TNLP011792 - Socratesstraat 7, Amsterdam","address":"7 Socratesstraat","city":"Amsterdam","operatorName":"TotalEnergies","maxPowerKw":17,"isMegawatt":false,"status":"UNAVAILABLE","source":"ndw"}},{"type":"Feature","geometry":{"type":"Point","coordinates":[4.859953,52.341994]},"properties":{"type":"charge","layer":"passenger","locationId":"2675469","name":"Laadnet Gerrit Rietveld Academie","address":"Fred. Roeskestraat 96","city":"Amsterdam","operatorName":"Laadnet","maxPowerKw":22,"isMegawatt":false,"status":"AVAILABLE","source":"ndw"}},{"type":"Feature","geometry":{"type":"Point","coordinates":[4.895762,52.361496]},"properties":{"type":"charge","layer":"passenger","locationId":"20C2CDA8-5AC6-4771-92FB-4A527BB17566","name":"TNLP011424 - Prinsengracht 746, Amsterdam","address":"746 Prinsengracht","city":"Amsterdam","operatorName":"TotalEnergies","maxPowerKw":17,"isMegawatt":false,"status":"UNAVAILABLE","source":"ndw"}},{"type":"Feature","geometry":{"type":"Point","coordinates":[4.998327,52.35223]},"properties":{"type":"charge","layer":"passenger","locationId":"7622CCCB-ACB4-4D4A-BA23-CEC862C9E255","name":"TNLP010430 - Zwanebloemlaan 304, Amsterdam","address":"304 Zwanebloemlaan","city":"Amsterdam","operatorName":"TotalEnergies","maxPowerKw":17,"isMegawatt":false,"status":"AVAILABLE","source":"ndw"}},{"type":"Feature","geometry":{"type":"Point","coordinates":[4.90921,52.34608]},"properties":{"type":"charge","layer":"passenger","locationId":"8D9F4224-C451-4BDE-8A54-3D9D7414C4E3","name":"TNLP010492 - Waverstraat 48, Amsterdam","address":"48 Waverstraat","city":"Amsterdam","operatorName":"TotalEnergies","maxPowerKw":17,"isMegawatt":false,"status":"AVAILABLE","source":"ndw"}},{"type":"Feature","geometry":{"type":"Point","coordinates":[4.916215,52.40451]},"properties":{"type":"charge","layer":"passenger","locationId":"D8BF0230-5DC4-4F78-8980-D080B17EF8C7","name":"TNLP010578 - Fregatstraat 3, Amsterdam","address":"3 Fregatstraat","city":"Amsterdam","operatorName":"TotalEnergies","maxPowerKw":17,"isMegawatt":false,"status":"AVAILABLE","source":"ndw"}},{"type":"Feature","geometry":{"type":"Point","coordinates":[4.97927,52.32655]},"properties":{"type":"charge","layer":"passenger","locationId":"37F15CC7-0FC1-47AA-B1E8-02F4CDEE343D","name":"TNLP010496 - Geerdinkhof 622, Amsterdam","address":"622 Geerdinkhof","city":"Amsterdam","operatorName":"TotalEnergies","maxPowerKw":17,"isMegawatt":false,"status":"AVAILABLE","source":"ndw"}},{"type":"Feature","geometry":{"type":"Point","coordinates":[4.876781,52.399258]},"properties":{"type":"charge","layer":"passenger","locationId":"OST20P0044_0014_2","name":"OST20P0044_0014_2","address":"Danzigerkade 15","city":"Amsterdam","operatorName":"e-VOLTT","maxPowerKw":21,"isMegawatt":false,"status":"AVAILABLE","source":"ndw","priceKwh":0.32}},{"type":"Feature","geometry":{"type":"Point","coordinates":[4.913612,52.37]},"properties":{"type":"charge","layer":"passenger","locationId":"38C1765C-33B6-46CE-BF73-AC80964D1E01","name":"TNLP011818 - Hoogte Kadijk 15, Amsterdam","address":"15 Hoogte Kadijk","city":"Amsterdam","operatorName":"TotalEnergies","maxPowerKw":17,"isMegawatt":false,"status":"AVAILABLE","source":"ndw"}},{"type":"Feature","geometry":{"type":"Point","coordinates":[4.949354,52.391743]},"properties":{"type":"charge","layer":"passenger","locationId":"8FCEE5A2-872D-4C23-98D7-E740DADD9D2A","name":"TNLP011907 - Watergangseweg 50, Amsterdam","address":"50 Watergangseweg","city":"Amsterdam","operatorName":"TotalEnergies","maxPowerKw":17,"isMegawatt":false,"status":"AVAILABLE","source":"ndw"}},{"type":"Feature","geometry":{"type":"Point","coordinates":[4.741111,52.415039]},"properties":{"type":"charge","layer":"passenger","locationId":"91106741","name":"50five-S NL 03010481","address":"Westpoortweg 480","city":"Amsterdam","operatorName":"50five","maxPowerKw":4,"isMegawatt":false,"status":"AVAILABLE","source":"ndw"}},{"type":"Feature","geometry":{"type":"Point","coordinates":[4.920958,52.404666]},"properties":{"type":"charge","layer":"passenger","locationId":"666187ff72acb4001c3f1930","name":"Stichting BovenIJ bezoekerslocatie","address":"Statenjachtstraat 1","city":"Amsterdam","operatorName":"Pluq","maxPowerKw":22,"isMegawatt":false,"status":"AVAILABLE","source":"ndw","priceKwh":0.42}},{"type":"Feature","geometry":{"type":"Point","coordinates":[4.854117,52.364773]},"properties":{"type":"charge","layer":"passenger","locationId":"790366E6-0AAC-420E-BCFB-D43A809F7681","name":"TNLP010134 - Hudsonstraat 11, Amsterdam","address":"11 Hudsonstraat","city":"Amsterdam","operatorName":"TotalEnergies","maxPowerKw":17,"isMegawatt":false,"status":"CHARGING","source":"ndw"}},{"type":"Feature","geometry":{"type":"Point","coordinates":[4.87865,52.354218]},"properties":{"type":"charge","layer":"passenger","locationId":"C9A5FF15-38E5-4C6C-991D-AF5FB02B1930","name":"TNLP010285 - Nicolaas Maesstraat 109, Amsterdam","address":"109 Nicolaas Maesstraat","city":"Amsterdam","operatorName":"TotalEnergies","maxPowerKw":17,"isMegawatt":false,"status":"UNAVAILABLE","source":"ndw"}},{"type":"Feature","geometry":{"type":"Point","coordinates":[4.824758,52.359524]},"properties":{"type":"charge","layer":"passenger","locationId":"7B3B5F84-E97C-4138-928B-2CE97AD6B2CB","name":"TNLP011902 - Everard van Reijdhof 2, Amsterdam","address":"2 Everard van Reijdhof","city":"Amsterdam","operatorName":"TotalEnergies","maxPowerKw":17,"isMegawatt":false,"status":"AVAILABLE","source":"ndw"}},{"type":"Feature","geometry":{"type":"Point","coordinates":[4.93162,52.35453]},"properties":{"type":"charge","layer":"passenger","locationId":"84BE091F-0CF0-47F4-ABE8-7FFECCA817B7","name":"TNLP010444 - Bredeweg 48, Amsterdam","address":"48 Bredeweg","city":"Amsterdam","operatorName":"TotalEnergies","maxPowerKw":17,"isMegawatt":false,"status":"CHARGING","source":"ndw"}},{"type":"Feature","geometry":{"type":"Point","coordinates":[4.874897,52.37938]},"properties":{"type":"charge","layer":"passenger","locationId":"85FF316D-1FAD-4EDA-8324-4789A7931A01","name":"TNLP010640 - Amaliastraat 2, Amsterdam","address":"2 Amaliastraat","city":"Amsterdam","operatorName":"TotalEnergies","maxPowerKw":17,"isMegawatt":false,"status":"AVAILABLE","source":"ndw"}},{"type":"Feature","geometry":{"type":"Point","coordinates":[4.873451,52.361435]},"properties":{"type":"charge","layer":"passenger","locationId":"878C7025-D89F-445F-B45B-85588DE862D7","name":"TNLP010580 - Vondelstraat 112, Amsterdam","address":"112 Vondelstraat","city":"Amsterdam","operatorName":"TotalEnergies","maxPowerKw":17,"isMegawatt":false,"status":"AVAILABLE","source":"ndw"}},{"type":"Feature","geometry":{"type":"Point","coordinates":[4.887798,52.34754]},"properties":{"type":"charge","layer":"passenger","locationId":"25A71C2B-22E8-466D-8D48-0D00DFA90AD1","name":"TNLP010915 - Churchill-laan 284, Amsterdam","address":"284 Churchill-laan","city":"Amsterdam","operatorName":"TotalEnergies","maxPowerKw":17,"isMegawatt":false,"status":"AVAILABLE","source":"ndw"}},{"type":"Feature","geometry":{"type":"Point","coordinates":[4.806525,52.344383]},"properties":{"type":"charge","layer":"passenger","locationId":"ED7B660F-3FB5-4345-88BC-46085F4DF0CB","name":"TNLP011204 - Willebroekstraat 17, Amsterdam","address":"17 Willebroekstraat","city":"Amsterdam","operatorName":"TotalEnergies","maxPowerKw":17,"isMegawatt":false,"status":"AVAILABLE","source":"ndw"}},{"type":"Feature","geometry":{"type":"Point","coordinates":[4.86105,52.3766]},"properties":{"type":"charge","layer":"passenger","locationId":"211cea18-c442-428b-8a98-af11e007e612","name":"TNLP010926 - Jan Haringstraat 15, Amsterdam","address":"15 Jan Haringstraat","city":"Amsterdam","operatorName":"TotalEnergies","maxPowerKw":17,"isMegawatt":false,"status":"CHARGING","source":"ndw"}},{"type":"Feature","geometry":{"type":"Point","coordinates":[4.776362,52.390484]},"properties":{"type":"charge","layer":"passenger","locationId":"FA3A0AD2-902D-4C32-AF05-58BC43AC5F4F","name":"TNLP011200 - Watervoort 18, Amsterdam","address":"18 Watervoort","city":"Amsterdam","operatorName":"TotalEnergies","maxPowerKw":17,"isMegawatt":false,"status":"AVAILABLE","source":"ndw"}},{"type":"Feature","geometry":{"type":"Point","coordinates":[4.888424,52.378365]},"properties":{"type":"charge","layer":"passenger","locationId":"3673dd1c-ed30-481d-9cbc-7cbcabda2a6a","name":"TNLP011845 - Keizersgracht 52, Amsterdam","address":"52 Keizersgracht","city":"Amsterdam","operatorName":"TotalEnergies","maxPowerKw":17,"isMegawatt":false,"status":"AVAILABLE","source":"ndw"}},{"type":"Feature","geometry":{"type":"Point","coordinates":[4.878544,52.361988]},"properties":{"type":"charge","layer":"passenger","locationId":"186F0BCC-D2B4-42D4-AC54-EDE5522CEC7C","name":"TNLP011243 - Tesselschadestraat 15, Amsterdam","address":"15 Tesselschadestraat","city":"Amsterdam","operatorName":"TotalEnergies","maxPowerKw":17,"isMegawatt":false,"status":"AVAILABLE","source":"ndw"}},{"type":"Feature","geometry":{"type":"Point","coordinates":[4.94861,52.305987]},"properties":{"type":"charge","layer":"passenger","locationId":"E0ADF479-CDB3-43DA-BDC6-65146A0309FD","name":"Eneco eMobility YER Nederland B.V. Amsterdam","address":"Hogehilweg 16","city":"Amsterdam","operatorName":"Eneco","maxPowerKw":22,"isMegawatt":false,"status":"AVAILABLE","source":"ndw","priceKwh":0.32}},{"type":"Feature","geometry":{"type":"Point","coordinates":[4.934184,52.392501]},"properties":{"type":"charge","layer":"passenger","locationId":"91194526","name":"50five-S NL 17B08324","address":"Meerpad 6A","city":"Amsterdam","operatorName":"50five","maxPowerKw":11,"isMegawatt":false,"status":"UNAVAILABLE","source":"ndw"}},{"type":"Feature","geometry":{"type":"Point","coordinates":[4.783661,52.346584]},"properties":{"type":"charge","layer":"passenger","locationId":"7F4B838B-3E34-481F-8327-79F00C8A88AF","name":"TNLP010271 - Dinarpromenade 9, Amsterdam","address":"9 Dinarpromenade","city":"Amsterdam","operatorName":"TotalEnergies","maxPowerKw":17,"isMegawatt":false,"status":"AVAILABLE","source":"ndw"}},{"type":"Feature","geometry":{"type":"Point","coordinates":[4.88096,52.35416]},"properties":{"type":"charge","layer":"passenger","locationId":"5801DBD8-E566-4CDB-871D-A21EA8B41FCC","name":"TNLP010004 - Frans van Mierisstraat 71, Amsterdam","address":"71 Frans van Mierisstraat","city":"Amsterdam","operatorName":"TotalEnergies","maxPowerKw":17,"isMegawatt":false,"status":"UNAVAILABLE","source":"ndw"}},{"type":"Feature","geometry":{"type":"Point","coordinates":[4.812949,52.346573]},"properties":{"type":"charge","layer":"passenger","locationId":"B7B43232-7388-4382-8F54-BA4189772B33","name":"TNLP010148 - Bocholtstraat 130, Amsterdam","address":"130 Bocholtstraat","city":"Amsterdam","operatorName":"TotalEnergies","maxPowerKw":17,"isMegawatt":false,"status":"AVAILABLE","source":"ndw"}},{"type":"Feature","geometry":{"type":"Point","coordinates":[4.857933,52.354233]},"properties":{"type":"charge","layer":"passenger","locationId":"B991EEC3-DD03-46DD-AE64-95B27C66C4E2","name":"TNLP010017 - Oranje Nassaulaan 48, Amsterdam","address":"48 Oranje Nassaulaan","city":"Amsterdam","operatorName":"TotalEnergies","maxPowerKw":17,"isMegawatt":false,"status":"AVAILABLE","source":"ndw"}},{"type":"Feature","geometry":{"type":"Point","coordinates":[4.861106,52.336117]},"properties":{"type":"charge","layer":"passenger","locationId":"91179591","name":"50five-S NL Amsterdam, Gustav Mahlerlaan 3004","address":"Gustav Mahlerlaan 3004","city":"Amsterdam","operatorName":"50five","maxPowerKw":22,"isMegawatt":false,"status":"AVAILABLE","source":"ndw"}},{"type":"Feature","geometry":{"type":"Point","coordinates":[4.875317,52.38375]},"properties":{"type":"charge","layer":"passenger","locationId":"1dd97150-4daa-4bab-9dad-4125c886237e","name":"TNLP011520 - Van Hogendorpstraat 56, Amsterdam","address":"56 Van Hogendorpstraat","city":"Amsterdam","operatorName":"TotalEnergies","maxPowerKw":17,"isMegawatt":false,"status":"AVAILABLE","source":"ndw"}},{"type":"Feature","geometry":{"type":"Point","coordinates":[5.029202,52.314853]},"properties":{"type":"charge","layer":"passenger","locationId":"91179972","name":"50five-S NL Weesp, Heemraadweg 1","address":"Heemraadweg 1","city":"Weesp","operatorName":"50five","maxPowerKw":11,"isMegawatt":false,"status":"AVAILABLE","source":"ndw"}},{"type":"Feature","geometry":{"type":"Point","coordinates":[5.041695,52.312653]},"properties":{"type":"charge","layer":"passenger","locationId":"F93DE86A-3D12-4E42-940D-137C83356FFF","name":"TNLP011275 - Sportparklaan 1, Weesp","address":"1 Sportparklaan","city":"Weesp","operatorName":"TotalEnergies","maxPowerKw":17,"isMegawatt":false,"status":"AVAILABLE","source":"ndw"}},{"type":"Feature","geometry":{"type":"Point","coordinates":[4.799419,52.379322]},"properties":{"type":"charge","layer":"passenger","locationId":"C3A67121-8260-4E1C-A2F8-50855062E4F7","name":"TNLP010336 - Sam van Houtenstraat 74, Amsterdam","address":"74 Sam van Houtenstraat","city":"Amsterdam","operatorName":"TotalEnergies","maxPowerKw":17,"isMegawatt":false,"status":"AVAILABLE","source":"ndw"}},{"type":"Feature","geometry":{"type":"Point","coordinates":[4.902243,52.383803]},"properties":{"type":"charge","layer":"passenger","locationId":"OST24P0014_0074_3","name":"OST24P0014_0074_3","address":"Overhoeksplein 1","city":"Amsterdam","operatorName":"IPCharging","maxPowerKw":30,"isMegawatt":false,"status":"AVAILABLE","source":"ndw","priceKwh":0.45}},{"type":"Feature","geometry":{"type":"Point","coordinates":[4.804388,52.39068]},"properties":{"type":"charge","layer":"passenger","locationId":"A7AD6819-FC1A-474A-A2B3-FFB4C75BCD24","name":"TNLP011466 - Sierenborch 10, Amsterdam","address":"10 Sierenborch","city":"Amsterdam","operatorName":"TotalEnergies","maxPowerKw":17,"isMegawatt":false,"status":"CHARGING","source":"ndw"}},{"type":"Feature","geometry":{"type":"Point","coordinates":[4.782381,52.34819]},"properties":{"type":"charge","layer":"passenger","locationId":"E5F0821E-0D3A-4469-B5D1-8AD6A05ED7D8","name":"TNLP011288 - Balatonmeerlaan 10, Amsterdam","address":"10 Balatonmeerlaan","city":"Amsterdam","operatorName":"TotalEnergies","maxPowerKw":17,"isMegawatt":false,"status":"AVAILABLE","source":"ndw"}},{"type":"Feature","geometry":{"type":"Point","coordinates":[4.944694,52.36799]},"properties":{"type":"charge","layer":"passenger","locationId":"0E7BD920-72EE-4987-B4CB-3FFDBB710ED8","name":"Laadplein - TNLP010204 - J.M. van der Meylaan 30, Amsterdam","address":"30 J.M. van der Meylaan","city":"Amsterdam","operatorName":"TotalEnergies","maxPowerKw":17,"isMegawatt":false,"status":"UNAVAILABLE","source":"ndw"}},{"type":"Feature","geometry":{"type":"Point","coordinates":[4.80733,52.345375]},"properties":{"type":"charge","layer":"passenger","locationId":"413091FA-A2EB-4810-B113-61155FCDD312","name":"TNLP010272 - Kempenlaan 22, Amsterdam","address":"22 Kempenlaan","city":"Amsterdam","operatorName":"TotalEnergies","maxPowerKw":17,"isMegawatt":false,"status":"AVAILABLE","source":"ndw"}},{"type":"Feature","geometry":{"type":"Point","coordinates":[4.98784,52.311043]},"properties":{"type":"charge","layer":"passenger","locationId":"90224133","name":"50five Exploitatie DC Groep BV","address":"Kromwijkdreef 11","city":"Amsterdam","operatorName":"50five","maxPowerKw":22,"isMegawatt":false,"status":"AVAILABLE","source":"ndw"}},{"type":"Feature","geometry":{"type":"Point","coordinates":[4.922439,52.35212]},"properties":{"type":"charge","layer":"passenger","locationId":"8E0CF044-0A6A-40FB-9F8E-1E66D028080C","name":"TNLP010921 - Nobelweg 1, Amsterdam","address":"1 Nobelweg","city":"Amsterdam","operatorName":"TotalEnergies","maxPowerKw":17,"isMegawatt":false,"status":"AVAILABLE","source":"ndw"}},{"type":"Feature","geometry":{"type":"Point","coordinates":[4.854003,52.368706]},"properties":{"type":"charge","layer":"passenger","locationId":"8F68DA33-9EC6-45FD-B44F-884DFA18DA65","name":"TNLP010382 - Baffinstraat 10, Amsterdam","address":"10 Baffinstraat","city":"Amsterdam","operatorName":"TotalEnergies","maxPowerKw":17,"isMegawatt":false,"status":"AVAILABLE","source":"ndw"}},{"type":"Feature","geometry":{"type":"Point","coordinates":[4.914008,52.40579]},"properties":{"type":"charge","layer":"passenger","locationId":"C4CE0F43-4D3B-48BA-8D79-ADC22CB94111","name":"TNLP010013 - Dekschuitstraat 138, Amsterdam","address":"138 Dekschuitstraat","city":"Amsterdam","operatorName":"TotalEnergies","maxPowerKw":17,"isMegawatt":false,"status":"CHARGING","source":"ndw"}},{"type":"Feature","geometry":{"type":"Point","coordinates":[4.895269,52.34222]},"properties":{"type":"charge","layer":"passenger","locationId":"461BD439-E7FB-437A-B014-81176564D6D1","name":"TNLP011186 - Rooseveltlaan 213, Amsterdam","address":"213 Rooseveltlaan","city":"Amsterdam","operatorName":"TotalEnergies","maxPowerKw":17,"isMegawatt":false,"status":"AVAILABLE","source":"ndw"}},{"type":"Feature","geometry":{"type":"Point","coordinates":[4.848665,52.370956]},"properties":{"type":"charge","layer":"passenger","locationId":"9A98C999-DCA4-45DD-AF00-C4AD9B496CA8","name":"TNLP010094 - Orteliusstraat 231, Amsterdam","address":"231 Orteliusstraat","city":"Amsterdam","operatorName":"TotalEnergies","maxPowerKw":17,"isMegawatt":false,"status":"AVAILABLE","source":"ndw"}},{"type":"Feature","geometry":{"type":"Point","coordinates":[4.840789,52.3614]},"properties":{"type":"charge","layer":"passenger","locationId":"6661DEAB-CB9C-4BAD-9355-3687966EE0AC","name":"TNLP010539 - Anton Waldorpstraat 1, Amsterdam","address":"1 Anton Waldorpstraat","city":"Amsterdam","operatorName":"TotalEnergies","maxPowerKw":17,"isMegawatt":false,"status":"UNAVAILABLE","source":"ndw"}},{"type":"Feature","geometry":{"type":"Point","coordinates":[4.833589,52.393465]},"properties":{"type":"charge","layer":"passenger","locationId":"6a69ae0d8e6159aa08de4bed","name":"District West Warehouse","address":"Basisweg 28","city":"Amsterdam","operatorName":"Pluq","maxPowerKw":22,"isMegawatt":false,"status":"UNAVAILABLE","source":"ndw","priceKwh":0.38}},{"type":"Feature","geometry":{"type":"Point","coordinates":[4.915363,52.34406]},"properties":{"type":"charge","layer":"passenger","locationId":"3D536671-B00D-4D0B-933E-1950B4D61280","name":"TNLP010573 - Omval 168, Amsterdam","address":"168 Omval","city":"Amsterdam","operatorName":"TotalEnergies","maxPowerKw":17,"isMegawatt":false,"status":"AVAILABLE","source":"ndw"}},{"type":"Feature","geometry":{"type":"Point","coordinates":[4.896103,52.40564]},"properties":{"type":"charge","layer":"passenger","locationId":"CE4704A4-119C-441C-9821-CE704F3C2036","name":"TNLP010916 - Krasseurstraat 193, Amsterdam","address":"193 Krasseurstraat","city":"Amsterdam","operatorName":"TotalEnergies","maxPowerKw":17,"isMegawatt":false,"status":"AVAILABLE","source":"ndw"}},{"type":"Feature","geometry":{"type":"Point","coordinates":[4.884338,52.386116]},"properties":{"type":"charge","layer":"passenger","locationId":"B420733C-A428-472A-8ADE-D0B442EFA21D","name":"TNLP010902 - Planciusstraat 63, Amsterdam","address":"63 Planciusstraat","city":"Amsterdam","operatorName":"TotalEnergies","maxPowerKw":17,"isMegawatt":false,"status":"AVAILABLE","source":"ndw"}},{"type":"Feature","geometry":{"type":"Point","coordinates":[4.862464,52.35862]},"properties":{"type":"charge","layer":"passenger","locationId":"1D616FA4-D5C0-4BD3-88F3-67C9F1929157","name":"TNLP011098 - Rijtuigenhof 48, Amsterdam","address":"48 Rijtuigenhof","city":"Amsterdam","operatorName":"TotalEnergies","maxPowerKw":17,"isMegawatt":false,"status":"AVAILABLE","source":"ndw"}},{"type":"Feature","geometry":{"type":"Point","coordinates":[4.837021,52.374555]},"properties":{"type":"charge","layer":"passenger","locationId":"69e73f2d4117e9f97117626e","name":"StuNest Spartaan","address":"Wim van Estlaan","city":"Amsterdam","operatorName":"Rockfield Real Estate","maxPowerKw":22,"isMegawatt":false,"status":"AVAILABLE","source":"ndw","priceKwh":0.39}},{"type":"Feature","geometry":{"type":"Point","coordinates":[4.927082,52.371249]},"properties":{"type":"charge","layer":"passenger","locationId":"NLLOC027931","name":"NLD, Amsterdam Jacob Bontiusplaats 11","address":"Jacob Bontiusplaats 11","city":"Amsterdam","operatorName":"Allego","maxPowerKw":22,"isMegawatt":false,"status":"AVAILABLE","source":"ndw","priceKwh":0.281}},{"type":"Feature","geometry":{"type":"Point","coordinates":[4.946645,52.297032]},"properties":{"type":"charge","layer":"passenger","locationId":"64ba2642c1201a001cee707d","name":"Praxis Amsterdam Zuid Oost","address":"Stekkenbergweg 1","city":"Amsterdam","operatorName":"Alva Charging Services","maxPowerKw":75,"isMegawatt":false,"status":"AVAILABLE","source":"ndw","priceKwh":0.668}},{"type":"Feature","geometry":{"type":"Point","coordinates":[4.839367,52.368645]},"properties":{"type":"charge","layer":"passenger","locationId":"EABEAB88-CB27-48D6-8421-BE18DBDC9864","name":"TNLP010755 - Jan Voermanstraat 60, Amsterdam","address":"60 Jan Voermanstraat","city":"Amsterdam","operatorName":"TotalEnergies","maxPowerKw":17,"isMegawatt":false,"status":"AVAILABLE","source":"ndw"}},{"type":"Feature","geometry":{"type":"Point","coordinates":[4.95949,52.295578]},"properties":{"type":"charge","layer":"passenger","locationId":"66d58891b1f83e001c8d8748","name":"Ronald McDonald Huis Emma Amsterdam","address":"Meibergdreef 11-A","city":"Amsterdam","operatorName":"Pluq","maxPowerKw":17,"isMegawatt":false,"status":"AVAILABLE","source":"ndw","priceKwh":0.45}},{"type":"Feature","geometry":{"type":"Point","coordinates":[5.017353,52.307484]},"properties":{"type":"charge","layer":"passenger","locationId":"FCD147FF-E2B0-4A81-BD7C-0E82341CB474","name":"TNLP011272 - Seizoenenhof 10, Amsterdam","address":"10 Seizoenenhof","city":"Amsterdam","operatorName":"TotalEnergies","maxPowerKw":17,"isMegawatt":false,"status":"AVAILABLE","source":"ndw"}},{"type":"Feature","geometry":{"type":"Point","coordinates":[4.874092,52.374584]},"properties":{"type":"charge","layer":"passenger","locationId":"bc1e3f9c-fbc7-41d7-9405-16e045597f73","name":"TNLP010969 - Van Oldenbarneveldtstraat 76, Amsterdam","address":"76 Van Oldenbarneveldtstraat","city":"Amsterdam","operatorName":"TotalEnergies","maxPowerKw":17,"isMegawatt":false,"status":"CHARGING","source":"ndw"}},{"type":"Feature","geometry":{"type":"Point","coordinates":[4.814893,52.377377]},"properties":{"type":"charge","layer":"passenger","locationId":"4B5030A9-C613-4A20-9869-B3E24A46543A","name":"TNLP010416 - Lodewijk van Deysselstraat 55, Amsterdam","address":"55 Lodewijk van Deysselstraat","city":"Amsterdam","operatorName":"TotalEnergies","maxPowerKw":17,"isMegawatt":false,"status":"AVAILABLE","source":"ndw"}},{"type":"Feature","geometry":{"type":"Point","coordinates":[4.937075,52.40303]},"properties":{"type":"charge","layer":"passenger","locationId":"8ECA336E-B3C4-4D28-A29B-DCA58CE19B70","name":"TNLP010295 - H. Cleyndertweg 423, Amsterdam","address":"423 H. Cleyndertweg","city":"Amsterdam","operatorName":"TotalEnergies","maxPowerKw":17,"isMegawatt":false,"status":"AVAILABLE","source":"ndw"}},{"type":"Feature","geometry":{"type":"Point","coordinates":[4.915251,52.39361]},"properties":{"type":"charge","layer":"passenger","locationId":"4ED61EAD-D939-4C13-AF09-5D8E22F56950","name":"TNLP010519 - Ribesstraat 22, Amsterdam","address":"22 Ribesstraat","city":"Amsterdam","operatorName":"TotalEnergies","maxPowerKw":17,"isMegawatt":false,"status":"AVAILABLE","source":"ndw"}},{"type":"Feature","geometry":{"type":"Point","coordinates":[4.902603,52.366833]},"properties":{"type":"charge","layer":"passenger","locationId":"709CF9CB-5C5F-4CD5-92B0-B23C330E3EF8","name":"TNLP010316 - Nieuwe Amstelstraat 65, Amsterdam","address":"65 Nieuwe Amstelstraat","city":"Amsterdam","operatorName":"TotalEnergies","maxPowerKw":17,"isMegawatt":false,"status":"AVAILABLE","source":"ndw"}},{"type":"Feature","geometry":{"type":"Point","coordinates":[5.038795,52.310223]},"properties":{"type":"charge","layer":"passenger","locationId":"6E9027BB-269F-48EF-88F8-C8AC850EFFC9","name":"TNLP011703 - Julianastraat 37, Weesp","address":"37 Julianastraat","city":"Weesp","operatorName":"TotalEnergies","maxPowerKw":17,"isMegawatt":false,"status":"AVAILABLE","source":"ndw"}},{"type":"Feature","geometry":{"type":"Point","coordinates":[4.888057,52.423195]},"properties":{"type":"charge","layer":"passenger","locationId":"5A80ED4A-3B44-4DE7-A525-E869F7696BAE","name":"TNLP010860 - Butskopweg 15, Amsterdam","address":"15 Butskopweg","city":"Amsterdam","operatorName":"TotalEnergies","maxPowerKw":17,"isMegawatt":false,"status":"AVAILABLE","source":"ndw"}},{"type":"Feature","geometry":{"type":"Point","coordinates":[4.849703,52.347744]},"properties":{"type":"charge","layer":"passenger","locationId":"5D869648-C53D-43C4-BED9-929B72971F7E","name":"TNLP010889 - Woubruggestraat 41, Amsterdam","address":"41 Woubruggestraat","city":"Amsterdam","operatorName":"TotalEnergies","maxPowerKw":17,"isMegawatt":false,"status":"CHARGING","source":"ndw"}},{"type":"Feature","geometry":{"type":"Point","coordinates":[5.040298,52.309418]},"properties":{"type":"charge","layer":"passenger","locationId":"73611BAE-3583-4FF5-8C0E-5948B4C85B10","name":"TNLP011661 - Kerklaan 9, Weesp","address":"9 Kerklaan","city":"Weesp","operatorName":"TotalEnergies","maxPowerKw":17,"isMegawatt":false,"status":"AVAILABLE","source":"ndw"}},{"type":"Feature","geometry":{"type":"Point","coordinates":[4.855848,52.36949]},"properties":{"type":"charge","layer":"passenger","locationId":"0D9C54A4-9251-4221-AC77-A776CDA75C29","name":"TNLP011039 - Marco Polostraat 184, Amsterdam","address":"184 Marco Polostraat","city":"Amsterdam","operatorName":"TotalEnergies","maxPowerKw":17,"isMegawatt":false,"status":"AVAILABLE","source":"ndw"}},{"type":"Feature","geometry":{"type":"Point","coordinates":[5.026667,52.311938]},"properties":{"type":"charge","layer":"passenger","locationId":"62347ec90ef989526bed24de","name":"Nodema BV","address":"Hogeweyselaan 77","city":"Weesp","operatorName":"E-Flux by Road","maxPowerKw":11,"isMegawatt":false,"status":"AVAILABLE","source":"ndw","priceKwh":0.48}},{"type":"Feature","geometry":{"type":"Point","coordinates":[4.976833,52.362678]},"properties":{"type":"charge","layer":"passenger","locationId":"66b5e619092681001cdaf23d","name":"S. Tekker 's station","address":"Pedro de Medinalaan 51","city":"Amsterdam","operatorName":"Company Reseller","maxPowerKw":22,"isMegawatt":false,"status":"UNAVAILABLE","source":"ndw"}},{"type":"Feature","geometry":{"type":"Point","coordinates":[4.908811,52.356533]},"properties":{"type":"charge","layer":"passenger","locationId":"B74EF8B9-88DD-4A65-8DCA-9E96A07776E1","name":"TNLP010547 - Blasiusstraat 35, Amsterdam","address":"35 Blasiusstraat","city":"Amsterdam","operatorName":"TotalEnergies","maxPowerKw":17,"isMegawatt":false,"status":"AVAILABLE","source":"ndw"}},{"type":"Feature","geometry":{"type":"Point","coordinates":[4.918601,52.372658]},"properties":{"type":"charge","layer":"passenger","locationId":"EC71A17A-A18C-47B5-9BBA-F361FB230F93","name":"TNLP010175 - Kattenburgerstraat 144, Amsterdam","address":"144 Kattenburgerstraat","city":"Amsterdam","operatorName":"TotalEnergies","maxPowerKw":17,"isMegawatt":false,"status":"AVAILABLE","source":"ndw"}},{"type":"Feature","geometry":{"type":"Point","coordinates":[4.995465,52.357735]},"properties":{"type":"charge","layer":"passenger","locationId":"771EAABF-F3BF-48E4-B472-BE707D21112E","name":"TNLP010840 - Erich Salomonstraat 239, Amsterdam","address":"239 Erich Salomonstraat","city":"Amsterdam","operatorName":"TotalEnergies","maxPowerKw":17,"isMegawatt":false,"status":"AVAILABLE","source":"ndw"}},{"type":"Feature","geometry":{"type":"Point","coordinates":[4.810315,52.354027]},"properties":{"type":"charge","layer":"passenger","locationId":"3A4204AC-92F0-4D09-89F0-2EC08ECE06BB","name":"TNLP010465 - Pieter Calandlaan 353, Amsterdam","address":"353 Pieter Calandlaan","city":"Amsterdam","operatorName":"TotalEnergies","maxPowerKw":17,"isMegawatt":false,"status":"AVAILABLE","source":"ndw"}},{"type":"Feature","geometry":{"type":"Point","coordinates":[4.965904,52.32611]},"properties":{"type":"charge","layer":"passenger","locationId":"92E9F3A2-EFC6-4264-97A2-21F4C839D0C1","name":"TNLP011027 - Eerstegeluk 68, Amsterdam","address":"68 Eerstegeluk","city":"Amsterdam","operatorName":"TotalEnergies","maxPowerKw":17,"isMegawatt":false,"status":"AVAILABLE","source":"ndw"}},{"type":"Feature","geometry":{"type":"Point","coordinates":[4.785887,52.356155]},"properties":{"type":"charge","layer":"passenger","locationId":"4393CA69-BAB1-4415-A2D5-7454950A1629","name":"TNLP010834 - Dijkgraafplein 44, Amsterdam","address":"44 Dijkgraafplein","city":"Amsterdam","operatorName":"TotalEnergies","maxPowerKw":17,"isMegawatt":false,"status":"CHARGING","source":"ndw"}},{"type":"Feature","geometry":{"type":"Point","coordinates":[4.867708,52.37546]},"properties":{"type":"charge","layer":"passenger","locationId":"C9325E6F-4446-4853-A5A5-B5A255A60852","name":"TNLP010362 - Marcantilaan 1, Amsterdam","address":"1 Marcantilaan","city":"Amsterdam","operatorName":"TotalEnergies","maxPowerKw":17,"isMegawatt":false,"status":"CHARGING","source":"ndw"}},{"type":"Feature","geometry":{"type":"Point","coordinates":[5.03632,52.3063]},"properties":{"type":"charge","layer":"passenger","locationId":"67253111-9203-4246-B913-6C03DDF9413B","name":"TNLP011910 - Talmastraat 40, Weesp","address":"40 Talmastraat","city":"Weesp","operatorName":"TotalEnergies","maxPowerKw":17,"isMegawatt":false,"status":"AVAILABLE","source":"ndw"}},{"type":"Feature","geometry":{"type":"Point","coordinates":[4.828583,52.350018]},"properties":{"type":"charge","layer":"passenger","locationId":"DDC21BAB-41D9-4C30-B64C-FB62344FFA26","name":"TNLP011820 - Wilhelmina Druckerstraat 27, Amsterdam","address":"27 Wilhelmina Druckerstraat","city":"Amsterdam","operatorName":"TotalEnergies","maxPowerKw":17,"isMegawatt":false,"status":"AVAILABLE","source":"ndw"}},{"type":"Feature","geometry":{"type":"Point","coordinates":[4.861806,52.374836]},"properties":{"type":"charge","layer":"passenger","locationId":"8DBCD5AF-CA54-4C1D-B0BF-CA30160CDBA5","name":"TNLP010471 - Reinier Claeszenstraat 118, Amsterdam","address":"118 Reinier Claeszenstraat","city":"Amsterdam","operatorName":"TotalEnergies","maxPowerKw":17,"isMegawatt":false,"status":"AVAILABLE","source":"ndw"}},{"type":"Feature","geometry":{"type":"Point","coordinates":[4.910349,52.348763]},"properties":{"type":"charge","layer":"passenger","locationId":"30A0EC6A-EE3D-44C3-BBB2-0F7DC05B9B45","name":"TNLP011865 - Amsteldijk 805, Amsterdam","address":"805 Amsteldijk","city":"Amsterdam","operatorName":"TotalEnergies","maxPowerKw":17,"isMegawatt":false,"status":"AVAILABLE","source":"ndw"}},{"type":"Feature","geometry":{"type":"Point","coordinates":[4.99773,52.35653]},"properties":{"type":"charge","layer":"passenger","locationId":"D9BC58C2-32CE-46D0-8D11-78C20AF3AD8E","name":"TNLP010453 - Erich Salomonstraat 332, Amsterdam","address":"332 Erich Salomonstraat","city":"Amsterdam","operatorName":"TotalEnergies","maxPowerKw":17,"isMegawatt":false,"status":"AVAILABLE","source":"ndw"}},{"type":"Feature","geometry":{"type":"Point","coordinates":[4.952361,52.296036]},"properties":{"type":"charge","layer":"passenger","locationId":"91108248","name":"50five-S NL 09101085","address":"Paasheuvelweg 28","city":"Amsterdam","operatorName":"50five","maxPowerKw":11,"isMegawatt":false,"status":"AVAILABLE","source":"ndw"}},{"type":"Feature","geometry":{"type":"Point","coordinates":[4.990116,52.29209]},"properties":{"type":"charge","layer":"passenger","locationId":"4E0DA007-CE33-4826-8910-B5148756E863","name":"TNLP010529 - Wethouder Serrurierstraat 90, Amsterdam","address":"90 Wethouder Serrurierstraat","city":"Amsterdam","operatorName":"TotalEnergies","maxPowerKw":17,"isMegawatt":false,"status":"AVAILABLE","source":"ndw"}},{"type":"Feature","geometry":{"type":"Point","coordinates":[4.856254,52.373814]},"properties":{"type":"charge","layer":"passenger","locationId":"E9FAEC9B-4216-4D10-AABA-4D780A199CB8","name":"TNLP010470 - Pieter van der Doesstraat 132, Amsterdam","address":"132 Pieter van der Doesstraat","city":"Amsterdam","operatorName":"TotalEnergies","maxPowerKw":17,"isMegawatt":false,"status":"AVAILABLE","source":"ndw"}},{"type":"Feature","geometry":{"type":"Point","coordinates":[4.857374,52.357998]},"properties":{"type":"charge","layer":"passenger","locationId":"CDFAFD2A-0D27-485A-830F-174B63CEEFDA","name":"TNLP011279 - Zocherstraat 2, Amsterdam","address":"2 Zocherstraat","city":"Amsterdam","operatorName":"TotalEnergies","maxPowerKw":17,"isMegawatt":false,"status":"CHARGING","source":"ndw"}},{"type":"Feature","geometry":{"type":"Point","coordinates":[4.812716,52.343006]},"properties":{"type":"charge","layer":"passenger","locationId":"EAE7BCA6-CC29-4655-898E-7E0C9D64F9EE","name":"TNLP011808 - Bastenakenstraat 1, Amsterdam","address":"1 Bastenakenstraat","city":"Amsterdam","operatorName":"TotalEnergies","maxPowerKw":17,"isMegawatt":false,"status":"AVAILABLE","source":"ndw"}},{"type":"Feature","geometry":{"type":"Point","coordinates":[4.781414,52.35882]},"properties":{"type":"charge","layer":"passenger","locationId":"2211476F-F8ED-4557-B8A2-59557541FF5C","name":"TNLP011042 - Hoogheemraadweg 2, Amsterdam","address":"2 Hoogheemraadweg","city":"Amsterdam","operatorName":"TotalEnergies","maxPowerKw":17,"isMegawatt":false,"status":"CHARGING","source":"ndw"}},{"type":"Feature","geometry":{"type":"Point","coordinates":[4.905838,52.36691]},"properties":{"type":"charge","layer":"passenger","locationId":"F134D1E4-11D4-419F-B432-71C8218451C4","name":"TNLP010426 - Jonas Daniel Meijerplein 27, Amsterdam","address":"27 Jonas Daniel Meijerplein","city":"Amsterdam","operatorName":"TotalEnergies","maxPowerKw":17,"isMegawatt":false,"status":"UNAVAILABLE","source":"ndw"}},{"type":"Feature","geometry":{"type":"Point","coordinates":[4.855035,52.371582]},"properties":{"type":"charge","layer":"passenger","locationId":"C22F7A88-D466-408E-BC03-E444C3D59F64","name":"TNLP010609 - Marco Polostraat 239, Amsterdam","address":"239 Marco Polostraat","city":"Amsterdam","operatorName":"TotalEnergies","maxPowerKw":17,"isMegawatt":false,"status":"CHARGING","source":"ndw"}},{"type":"Feature","geometry":{"type":"Point","coordinates":[4.862148,52.36225]},"properties":{"type":"charge","layer":"passenger","locationId":"E1FBABAA-598D-4149-A70B-448798355DC6","name":"TNLP010939 - Staringstraat 1, Amsterdam","address":"1 Staringstraat","city":"Amsterdam","operatorName":"TotalEnergies","maxPowerKw":17,"isMegawatt":false,"status":"AVAILABLE","source":"ndw"}},{"type":"Feature","geometry":{"type":"Point","coordinates":[4.878484,52.347668]},"properties":{"type":"charge","layer":"passenger","locationId":"82c1affb-4048-46bf-9f8b-c9aa9d27a8b6","name":"TNLP011206 - Chopinstraat 29, Amsterdam","address":"29 Chopinstraat","city":"Amsterdam","operatorName":"TotalEnergies","maxPowerKw":17,"isMegawatt":false,"status":"CHARGING","source":"ndw"}},{"type":"Feature","geometry":{"type":"Point","coordinates":[4.910746,52.352917]},"properties":{"type":"charge","layer":"passenger","locationId":"5164106B-1856-48B6-B07D-48BCEAB6C9AE","name":"TNLP010489 - Arubastraat 7, Amsterdam","address":"7 Arubastraat","city":"Amsterdam","operatorName":"TotalEnergies","maxPowerKw":17,"isMegawatt":false,"status":"CHARGING","source":"ndw"}},{"type":"Feature","geometry":{"type":"Point","coordinates":[4.900167,52.342674]},"properties":{"type":"charge","layer":"passenger","locationId":"9B572DE1-4FA5-47F8-81BB-0BE777BEB4B0","name":"TNLP010370 - Griftstraat 2, Amsterdam","address":"2 Griftstraat","city":"Amsterdam","operatorName":"TotalEnergies","maxPowerKw":17,"isMegawatt":false,"status":"AVAILABLE","source":"ndw"}},{"type":"Feature","geometry":{"type":"Point","coordinates":[4.917082,52.35454]},"properties":{"type":"charge","layer":"passenger","locationId":"7F03554D-8A00-4917-9B4D-FA70D98E7793","name":"TNLP010292 - Tugelaweg 91, Amsterdam","address":"91 Tugelaweg","city":"Amsterdam","operatorName":"TotalEnergies","maxPowerKw":17,"isMegawatt":false,"status":"CHARGING","source":"ndw"}},{"type":"Feature","geometry":{"type":"Point","coordinates":[4.95629,52.390694]},"properties":{"type":"charge","layer":"passenger","locationId":"B63A33DB-8A01-43A0-A195-0220F8F2DB03","name":"TNLP011785 - Naardermeerstraat 51, Amsterdam","address":"51 Naardermeerstraat","city":"Amsterdam","operatorName":"TotalEnergies","maxPowerKw":17,"isMegawatt":false,"status":"UNAVAILABLE","source":"ndw"}},{"type":"Feature","geometry":{"type":"Point","coordinates":[4.807473,52.411369]},"properties":{"type":"charge","layer":"passenger","locationId":"4265115","name":"Laadnet Timber Products Amsterdam","address":"Lipariweg 6","city":"Amsterdam","operatorName":"Laadnet","maxPowerKw":22,"isMegawatt":false,"status":"AVAILABLE","source":"ndw"}},{"type":"Feature","geometry":{"type":"Point","coordinates":[4.8644,52.367424]},"properties":{"type":"charge","layer":"passenger","locationId":"D9C7A474-DC1F-4DA2-9474-1481F43F6867","name":"TNLP011093 - Bellamydwarsstraat 10, Amsterdam","address":"10 Bellamydwarsstraat","city":"Amsterdam","operatorName":"TotalEnergies","maxPowerKw":17,"isMegawatt":false,"status":"CHARGING","source":"ndw"}},{"type":"Feature","geometry":{"type":"Point","coordinates":[4.792104,52.361734]},"properties":{"type":"charge","layer":"passenger","locationId":"91186170","name":"50five-S NL 18B08412","address":"Viveportenstraat 26","city":"Amsterdam","operatorName":"50five","maxPowerKw":11,"isMegawatt":false,"status":"AVAILABLE","source":"ndw"}},{"type":"Feature","geometry":{"type":"Point","coordinates":[5.036921,52.314045]},"properties":{"type":"charge","layer":"passenger","locationId":"e3b579f3-599b-407b-8cac-4f13829db835","name":"TNLP011620 - Jan Prinsstraat 42, Weesp","address":"42 Jan Prinsstraat","city":"Weesp","operatorName":"TotalEnergies","maxPowerKw":17,"isMegawatt":false,"status":"UNAVAILABLE","source":"ndw"}},{"type":"Feature","geometry":{"type":"Point","coordinates":[4.993309,52.295303]},"properties":{"type":"charge","layer":"passenger","locationId":"4905B703-6BEE-4C24-A1CA-A86E4B93BE29","name":"TNLP010998 - Wethouder van Wijckstraat 100, Amsterdam","address":"100 Wethouder van Wijckstraat","city":"Amsterdam","operatorName":"TotalEnergies","maxPowerKw":17,"isMegawatt":false,"status":"AVAILABLE","source":"ndw"}},{"type":"Feature","geometry":{"type":"Point","coordinates":[4.863204,52.34486]},"properties":{"type":"charge","layer":"passenger","locationId":"4ACFADC1-0F2A-4D9A-94B9-267F30422FBE","name":"TNLP010092 - Van Tuyll van Serooskerkenweg 16, Amsterdam","address":"16 Van Tuyll van Serooskerkenweg","city":"Amsterdam","operatorName":"TotalEnergies","maxPowerKw":17,"isMegawatt":false,"status":"AVAILABLE","source":"ndw"}},{"type":"Feature","geometry":{"type":"Point","coordinates":[4.884618,52.381287]},"properties":{"type":"charge","layer":"passenger","locationId":"DA9E9CAA-BA79-48F0-9C9E-10F9E97DD989","name":"TNLP010352 - Willemsstraat 30, Amsterdam","address":"30 Willemsstraat","city":"Amsterdam","operatorName":"TotalEnergies","maxPowerKw":17,"isMegawatt":false,"status":"AVAILABLE","source":"ndw"}},{"type":"Feature","geometry":{"type":"Point","coordinates":[4.851129,52.359367]},"properties":{"type":"charge","layer":"passenger","locationId":"F6EA67AD-B109-4C8D-898D-A2E181CA4461","name":"TNLP010120 - Antillenstraat 17, Amsterdam","address":"17 Antillenstraat","city":"Amsterdam","operatorName":"TotalEnergies","maxPowerKw":17,"isMegawatt":false,"status":"AVAILABLE","source":"ndw"}},{"type":"Feature","geometry":{"type":"Point","coordinates":[4.874784,52.384026]},"properties":{"type":"charge","layer":"passenger","locationId":"15960fc0-8f74-4c15-a320-1cda3faa444a","name":"TNLP011361 - Bentinckstraat 11 HS, Amsterdam","address":"11 HS Bentinckstraat","city":"Amsterdam","operatorName":"TotalEnergies","maxPowerKw":17,"isMegawatt":false,"status":"AVAILABLE","source":"ndw"}},{"type":"Feature","geometry":{"type":"Point","coordinates":[4.875095,52.3761]},"properties":{"type":"charge","layer":"passenger","locationId":"52DB6C41-1375-42BB-BACF-B920CFCA9C0A","name":"TNLP011294 - Van Oldenbarneveldtstraat 41, Amsterdam","address":"41 Van Oldenbarneveldtstraat","city":"Amsterdam","operatorName":"TotalEnergies","maxPowerKw":17,"isMegawatt":false,"status":"AVAILABLE","source":"ndw"}},{"type":"Feature","geometry":{"type":"Point","coordinates":[4.864958,52.34593]},"properties":{"type":"charge","layer":"passenger","locationId":"5401d7ce-1ec3-4f06-a51f-f79cb9fa40c7","name":"TNLP011400 - Hectorstraat 2, Amsterdam","address":"2 Hectorstraat","city":"Amsterdam","operatorName":"TotalEnergies","maxPowerKw":17,"isMegawatt":false,"status":"AVAILABLE","source":"ndw"}},{"type":"Feature","geometry":{"type":"Point","coordinates":[4.932084,52.370903]},"properties":{"type":"charge","layer":"passenger","locationId":"4200754","name":"Laadnet Gemeentelijk Vastgoed, gemeente Amsterdam","address":"Blankenstraat 402","city":"Amsterdam","operatorName":"Laadnet","maxPowerKw":22,"isMegawatt":false,"status":"AVAILABLE","source":"ndw"}},{"type":"Feature","geometry":{"type":"Point","coordinates":[4.874096,52.36555]},"properties":{"type":"charge","layer":"passenger","locationId":"CC2DC331-AB6C-4EB5-BF55-9F581C03B6F7","name":"TNLP010405 - Jacob van Lennepkade 65, Amsterdam","address":"65 Jacob van Lennepkade","city":"Amsterdam","operatorName":"TotalEnergies","maxPowerKw":17,"isMegawatt":false,"status":"AVAILABLE","source":"ndw"}},{"type":"Feature","geometry":{"type":"Point","coordinates":[4.896947,52.348946]},"properties":{"type":"charge","layer":"passenger","locationId":"D0ADC68A-F0C2-4F17-A86F-03C575FE22D4","name":"TNLP010612 - Van Helt Stocadestraat 35, Amsterdam","address":"35 Van Helt Stocadestraat","city":"Amsterdam","operatorName":"TotalEnergies","maxPowerKw":17,"isMegawatt":false,"status":"AVAILABLE","source":"ndw"}},{"type":"Feature","geometry":{"type":"Point","coordinates":[4.941812,52.32098]},"properties":{"type":"charge","layer":"passenger","locationId":"0D982F60-BB40-41F1-A0AE-E24BF5660EA2","name":"TNLP010501 - Andersensingel 80, Amsterdam","address":"80 Andersensingel","city":"Amsterdam","operatorName":"TotalEnergies","maxPowerKw":17,"isMegawatt":false,"status":"AVAILABLE","source":"ndw"}},{"type":"Feature","geometry":{"type":"Point","coordinates":[4.940983,52.33948]},"properties":{"type":"charge","layer":"passenger","locationId":"220A6115-9666-41CD-A329-7302EB505628","name":"TNLP010912 - Graanstraat 49, Amsterdam","address":"49 Graanstraat","city":"Amsterdam","operatorName":"TotalEnergies","maxPowerKw":17,"isMegawatt":false,"status":"AVAILABLE","source":"ndw"}},{"type":"Feature","geometry":{"type":"Point","coordinates":[4.889203,52.348076]},"properties":{"type":"charge","layer":"passenger","locationId":"ca42fc1a-d9b1-4cdc-9327-b0621b8335ee","name":"TNLP011110 - Amstelkade 166, Amsterdam","address":"166 Amstelkade","city":"Amsterdam","operatorName":"TotalEnergies","maxPowerKw":17,"isMegawatt":false,"status":"AVAILABLE","source":"ndw"}},{"type":"Feature","geometry":{"type":"Point","coordinates":[5.049644,52.30697]},"properties":{"type":"charge","layer":"passenger","locationId":"2A3722D9-C566-48CE-9538-3626758FE3CE","name":"TNLP011687 - 's-Gravelandseweg 2, Weesp","address":"2 's-Gravelandseweg","city":"Weesp","operatorName":"TotalEnergies","maxPowerKw":17,"isMegawatt":false,"status":"AVAILABLE","source":"ndw"}},{"type":"Feature","geometry":{"type":"Point","coordinates":[5.038964,52.318203]},"properties":{"type":"charge","layer":"passenger","locationId":"F3F565E4-A6F8-4309-BF86-4C8102C4872A","name":"TNLP011858 - Abcoudepad 2, Weesp","address":"2 Abcoudepad","city":"Weesp","operatorName":"TotalEnergies","maxPowerKw":17,"isMegawatt":false,"status":"CHARGING","source":"ndw"}},{"type":"Feature","geometry":{"type":"Point","coordinates":[4.949887,52.386944]},"properties":{"type":"charge","layer":"passenger","locationId":"3B0B9A63-BE82-44E8-A70B-692B64969B61","name":"TNLP010864 - Monnikendammerweg 21, Amsterdam","address":"21 Monnikendammerweg","city":"Amsterdam","operatorName":"TotalEnergies","maxPowerKw":17,"isMegawatt":false,"status":"AVAILABLE","source":"ndw"}},{"type":"Feature","geometry":{"type":"Point","coordinates":[4.94216,52.376675]},"properties":{"type":"charge","layer":"passenger","locationId":"6A7A5013-2C77-4197-9C62-EB171C5EA63C","name":"TNLP011345 - Levantplein 1, Amsterdam","address":"1 Levantplein","city":"Amsterdam","operatorName":"TotalEnergies","maxPowerKw":17,"isMegawatt":false,"status":"AVAILABLE","source":"ndw"}},{"type":"Feature","geometry":{"type":"Point","coordinates":[4.946934,52.32628]},"properties":{"type":"charge","layer":"passenger","locationId":"7EECBEC6-7F5F-44D1-9D84-9148001B822B","name":"TNLP010415 - Dalsteindreef 328, Amsterdam","address":"328 Dalsteindreef","city":"Amsterdam","operatorName":"TotalEnergies","maxPowerKw":17,"isMegawatt":false,"status":"AVAILABLE","source":"ndw"}},{"type":"Feature","geometry":{"type":"Point","coordinates":[4.832342,52.397342]},"properties":{"type":"charge","layer":"passenger","locationId":"91107733","name":"50five-S NL 09101208","address":"Valreep 13","city":"Amsterdam","operatorName":"50five","maxPowerKw":11,"isMegawatt":false,"status":"AVAILABLE","source":"ndw"}},{"type":"Feature","geometry":{"type":"Point","coordinates":[4.876781,52.399258]},"properties":{"type":"charge","layer":"passenger","locationId":"OST20P0044_0014_3","name":"OST20P0044_0014_3","address":"Danzigerkade 15","city":"Amsterdam","operatorName":"e-VOLTT","maxPowerKw":21,"isMegawatt":false,"status":"AVAILABLE","source":"ndw","priceKwh":0.32}},{"type":"Feature","geometry":{"type":"Point","coordinates":[4.78737,52.348423]},"properties":{"type":"charge","layer":"passenger","locationId":"6E966816-AF57-48A3-8464-99DA53C8B1AE","name":"TNLP010157 - Valutaboulevard 4, Amsterdam","address":"4 Valutaboulevard","city":"Amsterdam","operatorName":"TotalEnergies","maxPowerKw":17,"isMegawatt":false,"status":"CHARGING","source":"ndw"}},{"type":"Feature","geometry":{"type":"Point","coordinates":[4.893964,52.348799]},"properties":{"type":"charge","layer":"passenger","locationId":"f5a5f56c-2da0-4865-be6a-13f62aab3684","name":"Ferdinand Bolstraat 333","address":"Ferdinand Bolstraat 333","city":"Amsterdam","operatorName":"Vattenfall InCharge","maxPowerKw":22,"isMegawatt":false,"status":"AVAILABLE","source":"ndw","priceKwh":0.56}},{"type":"Feature","geometry":{"type":"Point","coordinates":[4.857749,52.343337]},"properties":{"type":"charge","layer":"passenger","locationId":"91275332","name":"50five-S NL ICUEVE000807","address":"Stadionplein 260","city":"Amsterdam","operatorName":"50five","maxPowerKw":11,"isMegawatt":false,"status":"UNAVAILABLE","source":"ndw"}},{"type":"Feature","geometry":{"type":"Point","coordinates":[4.851054,52.365906]},"properties":{"type":"charge","layer":"passenger","locationId":"A86BBF43-84B7-49A8-8864-BC55397AE0F7","name":"TNLP010357 - Orteliusstraat 63, Amsterdam","address":"63 Orteliusstraat","city":"Amsterdam","operatorName":"TotalEnergies","maxPowerKw":17,"isMegawatt":false,"status":"AVAILABLE","source":"ndw"}},{"type":"Feature","geometry":{"type":"Point","coordinates":[4.913817,52.407417]},"properties":{"type":"charge","layer":"passenger","locationId":"cb59ce3a-c40b-4119-83fb-d7ca8b0a2b87","name":"TNLP011842 - Statenjachtstraat 367, Amsterdam","address":"367 Statenjachtstraat","city":"Amsterdam","operatorName":"TotalEnergies","maxPowerKw":17,"isMegawatt":false,"status":"AVAILABLE","source":"ndw"}},{"type":"Feature","geometry":{"type":"Point","coordinates":[4.948858,52.307544]},"properties":{"type":"charge","layer":"passenger","locationId":"90178305","name":"50five Exploitatie Hogehilweg / aroundtown","address":"Hogehilweg 21","city":"Amsterdam","operatorName":"50five","maxPowerKw":11,"isMegawatt":false,"status":"AVAILABLE","source":"ndw"}},{"type":"Feature","geometry":{"type":"Point","coordinates":[4.966544,52.407394]},"properties":{"type":"charge","layer":"passenger","locationId":"C1248D04-DDD9-4BFC-A16A-38CD46706884","name":"TNLP010275 - Torenven 24, Amsterdam","address":"24 Torenven","city":"Amsterdam","operatorName":"TotalEnergies","maxPowerKw":17,"isMegawatt":false,"status":"AVAILABLE","source":"ndw"}},{"type":"Feature","geometry":{"type":"Point","coordinates":[4.959537,52.30007]},"properties":{"type":"charge","layer":"passenger","locationId":"04f6e32a-b9cb-47c0-af39-85a9a124f6ac","name":"TNLP010424 - Nieuwlandhof 184, Amsterdam","address":"184 Nieuwlandhof","city":"Amsterdam","operatorName":"TotalEnergies","maxPowerKw":17,"isMegawatt":false,"status":"AVAILABLE","source":"ndw"}},{"type":"Feature","geometry":{"type":"Point","coordinates":[4.870425,52.36502]},"properties":{"type":"charge","layer":"passenger","locationId":"C8308B4C-2839-4AA7-BA88-AEF538738FB3","name":"TNLP010760 - Tollensstraat 146, Amsterdam","address":"146 Tollensstraat","city":"Amsterdam","operatorName":"TotalEnergies","maxPowerKw":17,"isMegawatt":false,"status":"AVAILABLE","source":"ndw"}},{"type":"Feature","geometry":{"type":"Point","coordinates":[4.851103,52.36161]},"properties":{"type":"charge","layer":"passenger","locationId":"D445E5B1-9A3B-45A1-8252-B6187DAED86A","name":"TNLP010389 - Van Walbeeckstraat 62, Amsterdam","address":"62 Van Walbeeckstraat","city":"Amsterdam","operatorName":"TotalEnergies","maxPowerKw":17,"isMegawatt":false,"status":"AVAILABLE","source":"ndw"}},{"type":"Feature","geometry":{"type":"Point","coordinates":[4.994536,52.359493]},"properties":{"type":"charge","layer":"passenger","locationId":"D795C687-EB1E-4E2C-A269-F342F3F2588A","name":"TNLP011418 - Jean Desmetstraat 85, Amsterdam","address":"85 Jean Desmetstraat","city":"Amsterdam","operatorName":"TotalEnergies","maxPowerKw":17,"isMegawatt":false,"status":"AVAILABLE","source":"ndw"}},{"type":"Feature","geometry":{"type":"Point","coordinates":[4.82373,52.339563]},"properties":{"type":"charge","layer":"passenger","locationId":"55696427","name":"50five Exploitatie Adam Smith Perkeerdek","address":"Thomas R. Malthusstraat 3B","city":"Amsterdam","operatorName":"50five","maxPowerKw":11,"isMegawatt":false,"status":"AVAILABLE","source":"ndw"}},{"type":"Feature","geometry":{"type":"Point","coordinates":[4.823978,52.38815]},"properties":{"type":"charge","layer":"passenger","locationId":"89486448","name":"50five Exploitatie Naritaweg 106 - 120","address":"Naritaweg 106 - 120","city":"Amsterdam","operatorName":"50five","maxPowerKw":22,"isMegawatt":false,"status":"AVAILABLE","source":"ndw"}},{"type":"Feature","geometry":{"type":"Point","coordinates":[5.033506,52.319805]},"properties":{"type":"charge","layer":"passenger","locationId":"F9F27919-8E92-4F92-8937-746B7A0B512F","name":"TNLP011414 - Fort Uithoornstraat 15, Weesp","address":"15 Fort Uithoornstraat","city":"Weesp","operatorName":"TotalEnergies","maxPowerKw":17,"isMegawatt":false,"status":"AVAILABLE","source":"ndw"}},{"type":"Feature","geometry":{"type":"Point","coordinates":[4.869404,52.380688]},"properties":{"type":"charge","layer":"passenger","locationId":"FE64ED17-002A-4322-92A9-2DA4A297B1A1","name":"TNLP010986 - Tweede Keucheniusstraat 4, Amsterdam","address":"4 Tweede Keucheniusstraat","city":"Amsterdam","operatorName":"TotalEnergies","maxPowerKw":17,"isMegawatt":false,"status":"AVAILABLE","source":"ndw"}},{"type":"Feature","geometry":{"type":"Point","coordinates":[4.885556,52.38923]},"properties":{"type":"charge","layer":"passenger","locationId":"7C9BC807-3AF0-4ABC-8DC8-7C2D9C198F17","name":"TNLP010984 - Van Heemskerckstraat 37, Amsterdam","address":"37 Van Heemskerckstraat","city":"Amsterdam","operatorName":"TotalEnergies","maxPowerKw":17,"isMegawatt":false,"status":"AVAILABLE","source":"ndw"}},{"type":"Feature","geometry":{"type":"Point","coordinates":[4.876781,52.399258]},"properties":{"type":"charge","layer":"passenger","locationId":"OST20P0044_0014_6","name":"OST20P0044_0014_6","address":"Danzigerkade 15","city":"Amsterdam","operatorName":"e-VOLTT","maxPowerKw":21,"isMegawatt":false,"status":"AVAILABLE","source":"ndw","priceKwh":0.32}},{"type":"Feature","geometry":{"type":"Point","coordinates":[4.94475,52.338802]},"properties":{"type":"charge","layer":"passenger","locationId":"39B9EE2C-3711-4FF5-A564-2B1A9FB66626","name":"TNLP010068 - Oogststraat 1, Amsterdam","address":"1 Oogststraat","city":"Amsterdam","operatorName":"TotalEnergies","maxPowerKw":17,"isMegawatt":false,"status":"AVAILABLE","source":"ndw"}},{"type":"Feature","geometry":{"type":"Point","coordinates":[4.932982,52.393982]},"properties":{"type":"charge","layer":"passenger","locationId":"A8FA4C48-B863-4FFC-A80B-85079BC7AC3C","name":"TNLP010855 - Florence Nightingalestraat 2, Amsterdam","address":"2 Florence Nightingalestraat","city":"Amsterdam","operatorName":"TotalEnergies","maxPowerKw":17,"isMegawatt":false,"status":"AVAILABLE","source":"ndw"}},{"type":"Feature","geometry":{"type":"Point","coordinates":[4.91415,52.381294]},"properties":{"type":"charge","layer":"passenger","locationId":"ACB764D1-3F85-4DB4-816D-75D0E60C4A7D","name":"TNLP010753 - Gieterij 6, Amsterdam","address":"6 Gieterij","city":"Amsterdam","operatorName":"TotalEnergies","maxPowerKw":17,"isMegawatt":false,"status":"AVAILABLE","source":"ndw"}},{"type":"Feature","geometry":{"type":"Point","coordinates":[4.815986,52.37311]},"properties":{"type":"charge","layer":"passenger","locationId":"6C663E69-BE2F-4283-AE56-7C8B5D761AAE","name":"TNLP011070 - Plutarchusstraat 29, Amsterdam","address":"29 Plutarchusstraat","city":"Amsterdam","operatorName":"TotalEnergies","maxPowerKw":17,"isMegawatt":false,"status":"AVAILABLE","source":"ndw"}},{"type":"Feature","geometry":{"type":"Point","coordinates":[4.816481,52.337338]},"properties":{"type":"charge","layer":"passenger","locationId":"91109160","name":"50five-S NL 03007754","address":"Oude Haagseweg 20","city":"Amsterdam","operatorName":"50five","maxPowerKw":11,"isMegawatt":false,"status":"UNAVAILABLE","source":"ndw"}},{"type":"Feature","geometry":{"type":"Point","coordinates":[4.991697,52.361008]},"properties":{"type":"charge","layer":"passenger","locationId":"BF9ABA33-F1B4-4936-B28F-F7484CD36295","name":"TNLP011499 - Jean Desmetstraat 1, Amsterdam","address":"1 Jean Desmetstraat","city":"Amsterdam","operatorName":"TotalEnergies","maxPowerKw":17,"isMegawatt":false,"status":"AVAILABLE","source":"ndw"}},{"type":"Feature","geometry":{"type":"Point","coordinates":[4.857952,52.321808]},"properties":{"type":"charge","layer":"passenger","locationId":"5DB78549-FDA9-4F91-B52E-80F4B85ABFBE","name":"TNLP011249 - Kalfjeslaan 1, Amsterdam","address":"1 Kalfjeslaan","city":"Amsterdam","operatorName":"TotalEnergies","maxPowerKw":17,"isMegawatt":false,"status":"CHARGING","source":"ndw"}},{"type":"Feature","geometry":{"type":"Point","coordinates":[4.965105,52.375883]},"properties":{"type":"charge","layer":"passenger","locationId":"91186855","name":"50five-S NL 09101273","address":"John Blankensteinstraat 45","city":"Amsterdam","operatorName":"50five","maxPowerKw":11,"isMegawatt":false,"status":"AVAILABLE","source":"ndw"}},{"type":"Feature","geometry":{"type":"Point","coordinates":[4.863405,52.326546]},"properties":{"type":"charge","layer":"passenger","locationId":"09903B8B-8B7D-4181-B9A3-E5DCFC9D2C4B","name":"TNLP010304 - Soetendaal 62, Amsterdam","address":"62 Soetendaal","city":"Amsterdam","operatorName":"TotalEnergies","maxPowerKw":17,"isMegawatt":false,"status":"AVAILABLE","source":"ndw"}},{"type":"Feature","geometry":{"type":"Point","coordinates":[4.876359,52.354465]},"properties":{"type":"charge","layer":"passenger","locationId":"3A0E537B-A286-41EC-B969-C349D9F82600","name":"TNLP010235 - Jacob Obrechtstraat 56, Amsterdam","address":"56 Jacob Obrechtstraat","city":"Amsterdam","operatorName":"TotalEnergies","maxPowerKw":17,"isMegawatt":false,"status":"CHARGING","source":"ndw"}},{"type":"Feature","geometry":{"type":"Point","coordinates":[4.911249,52.403244]},"properties":{"type":"charge","layer":"passenger","locationId":"ADDB08E2-591B-4D6D-A650-54A736E2FD4B","name":"TNLP011056 - Schoenerstraat 30, Amsterdam","address":"30 Schoenerstraat","city":"Amsterdam","operatorName":"TotalEnergies","maxPowerKw":17,"isMegawatt":false,"status":"CHARGING","source":"ndw"}},{"type":"Feature","geometry":{"type":"Point","coordinates":[4.915113,52.386158]},"properties":{"type":"charge","layer":"passenger","locationId":"CF9B3EB1-9CFC-4504-B37E-6F1A989F5485","name":"TNLP011768 - Kraaienplein 28, Amsterdam","address":"28 Kraaienplein","city":"Amsterdam","operatorName":"TotalEnergies","maxPowerKw":17,"isMegawatt":false,"status":"AVAILABLE","source":"ndw"}},{"type":"Feature","geometry":{"type":"Point","coordinates":[4.939249,52.35084]},"properties":{"type":"charge","layer":"passenger","locationId":"D6406D0D-0E44-4FAC-A0C7-436A85FD39FF","name":"TNLP010735 - Linnaeusparkweg 189, Amsterdam","address":"189 Linnaeusparkweg","city":"Amsterdam","operatorName":"TotalEnergies","maxPowerKw":17,"isMegawatt":false,"status":"CHARGING","source":"ndw"}},{"type":"Feature","geometry":{"type":"Point","coordinates":[4.814117,52.353996]},"properties":{"type":"charge","layer":"passenger","locationId":"51F48BB7-4605-477D-AC13-ED8FF03E2CCF","name":"TNLP011498 - Boas en Judelshof 21, Amsterdam","address":"21 Boas en Judelshof","city":"Amsterdam","operatorName":"TotalEnergies","maxPowerKw":17,"isMegawatt":false,"status":"AVAILABLE","source":"ndw"}},{"type":"Feature","geometry":{"type":"Point","coordinates":[4.912214,52.38224]},"properties":{"type":"charge","layer":"passenger","locationId":"C2012CD6-5F4E-4368-8AF7-FD72760C962C","name":"TNLP011398 - IJplein 225, Amsterdam","address":"225 IJplein","city":"Amsterdam","operatorName":"TotalEnergies","maxPowerKw":17,"isMegawatt":false,"status":"AVAILABLE","source":"ndw"}},{"type":"Feature","geometry":{"type":"Point","coordinates":[4.993898,52.354218]},"properties":{"type":"charge","layer":"passenger","locationId":"60821F46-0FB2-4360-9749-0096AC9F41B2","name":"TNLP010380 - Diemerparklaan 11, Amsterdam","address":"11 Diemerparklaan","city":"Amsterdam","operatorName":"TotalEnergies","maxPowerKw":17,"isMegawatt":false,"status":"AVAILABLE","source":"ndw"}},{"type":"Feature","geometry":{"type":"Point","coordinates":[4.866793,52.35312]},"properties":{"type":"charge","layer":"passenger","locationId":"7256D83A-02E5-4034-9C7E-4A4E7E8E86A4","name":"TNLP010287 - Johannes Verhulststraat 196, Amsterdam","address":"196 Johannes Verhulststraat","city":"Amsterdam","operatorName":"TotalEnergies","maxPowerKw":17,"isMegawatt":false,"status":"AVAILABLE","source":"ndw"}},{"type":"Feature","geometry":{"type":"Point","coordinates":[4.936946,52.336177]},"properties":{"type":"charge","layer":"passenger","locationId":"60134859","name":"Van Leeuwen Gerose","address":"Wenckebachweg 200","city":"Amsterdam","operatorName":"Van Leeuwen","maxPowerKw":11,"isMegawatt":false,"status":"AVAILABLE","source":"ndw"}},{"type":"Feature","geometry":{"type":"Point","coordinates":[4.817529,52.377995]},"properties":{"type":"charge","layer":"passenger","locationId":"C3D65694-ECE3-490A-8A19-F2A1482B28D3","name":"TNLP010542 - Van Moerkerkenstraat 23, Amsterdam","address":"23 Van Moerkerkenstraat","city":"Amsterdam","operatorName":"TotalEnergies","maxPowerKw":17,"isMegawatt":false,"status":"AVAILABLE","source":"ndw"}},{"type":"Feature","geometry":{"type":"Point","coordinates":[4.900193,52.341187]},"properties":{"type":"charge","layer":"passenger","locationId":"C7148859-185F-490C-9836-636056391145","name":"TNLP011187 - Griftstraat 53, Amsterdam","address":"53 Griftstraat","city":"Amsterdam","operatorName":"TotalEnergies","maxPowerKw":17,"isMegawatt":false,"status":"AVAILABLE","source":"ndw"}},{"type":"Feature","geometry":{"type":"Point","coordinates":[4.925265,52.345166]},"properties":{"type":"charge","layer":"passenger","locationId":"6666f26e7c88be001c6276ed","name":"Hotel V Fizeaustraat B.V.","address":"Fizeaustraat 2","city":"Amsterdam","operatorName":"Pluq","maxPowerKw":17,"isMegawatt":false,"status":"AVAILABLE","source":"ndw","priceKwh":0.6}},{"type":"Feature","geometry":{"type":"Point","coordinates":[4.906691,52.40204]},"properties":{"type":"charge","layer":"passenger","locationId":"D610E123-769B-4213-943A-35FB6D75B1F7","name":"TNLP011778 - Buiksloterbreek 77, Amsterdam","address":"77 Buiksloterbreek","city":"Amsterdam","operatorName":"TotalEnergies","maxPowerKw":17,"isMegawatt":false,"status":"AVAILABLE","source":"ndw"}},{"type":"Feature","geometry":{"type":"Point","coordinates":[4.903657,52.40863]},"properties":{"type":"charge","layer":"passenger","locationId":"E11B3FFA-124B-4ACF-992D-CBF755D6E702","name":"TNLP011233 - Notarisappelstraat 12, Amsterdam","address":"12 Notarisappelstraat","city":"Amsterdam","operatorName":"TotalEnergies","maxPowerKw":17,"isMegawatt":false,"status":"AVAILABLE","source":"ndw"}},{"type":"Feature","geometry":{"type":"Point","coordinates":[4.906914,52.364254]},"properties":{"type":"charge","layer":"passenger","locationId":"6968c5407a2ca56b07ef6332","name":"Zoku Amsterdam parking","address":"Weesperstraat 105","city":"Amsterdam","operatorName":"E-Flux by Road","maxPowerKw":11,"isMegawatt":false,"status":"AVAILABLE","source":"ndw","priceKwh":0.43}},{"type":"Feature","geometry":{"type":"Point","coordinates":[4.929843,52.405395]},"properties":{"type":"charge","layer":"passenger","locationId":"68e78e7f2fa194be2a408792","name":"Landsdorp Charging Point","address":"N.Lansdorpstraat 1","city":"Amsterdam","operatorName":"E-Flux by Road","maxPowerKw":22,"isMegawatt":false,"status":"AVAILABLE","source":"ndw","priceKwh":0.43}},{"type":"Feature","geometry":{"type":"Point","coordinates":[4.879725,52.385273]},"properties":{"type":"charge","layer":"passenger","locationId":"3835f001-8829-4f2e-9bcb-4bea7a1fe1cb","name":"TNLP011439 - Haarlemmerweg 1, Amsterdam","address":"1 Haarlemmerweg","city":"Amsterdam","operatorName":"TotalEnergies","maxPowerKw":17,"isMegawatt":false,"status":"AVAILABLE","source":"ndw"}},{"type":"Feature","geometry":{"type":"Point","coordinates":[4.811123,52.415441]},"properties":{"type":"charge","layer":"passenger","locationId":"91179722","name":"50five-S NL Amsterdam, Capriweg 2","address":"Capriweg 2","city":"Amsterdam","operatorName":"50five","maxPowerKw":11,"isMegawatt":false,"status":"UNAVAILABLE","source":"ndw"}},{"type":"Feature","geometry":{"type":"Point","coordinates":[4.84855,52.340034]},"properties":{"type":"charge","layer":"passenger","locationId":"2A786934-8461-4969-AED6-BF94AFE4A25B","name":"TNLP010924 - Jachthavenweg 8, Amsterdam","address":"8 Jachthavenweg","city":"Amsterdam","operatorName":"TotalEnergies","maxPowerKw":17,"isMegawatt":false,"status":"AVAILABLE","source":"ndw"}},{"type":"Feature","geometry":{"type":"Point","coordinates":[4.8922,52.35224]},"properties":{"type":"charge","layer":"passenger","locationId":"e2ce9aa2-ed64-4d17-9a86-b57eba6c59ca","name":"TNLP011541 - Van Ostadestraat 130, Amsterdam","address":"130 Van Ostadestraat","city":"Amsterdam","operatorName":"TotalEnergies","maxPowerKw":17,"isMegawatt":false,"status":"CHARGING","source":"ndw"}},{"type":"Feature","geometry":{"type":"Point","coordinates":[4.858137,52.360207]},"properties":{"type":"charge","layer":"passenger","locationId":"3033076D-F88A-4FCB-985D-2329DB53C6C5","name":"TNLP010820 - Wilhelminastraat 213, Amsterdam","address":"213 Wilhelminastraat","city":"Amsterdam","operatorName":"TotalEnergies","maxPowerKw":17,"isMegawatt":false,"status":"AVAILABLE","source":"ndw"}},{"type":"Feature","geometry":{"type":"Point","coordinates":[4.912567,52.36187]},"properties":{"type":"charge","layer":"passenger","locationId":"43CD3668-0F8F-4C42-8991-4E4ECDB5484A","name":"TNLP011426 - Spinozastraat 63, Amsterdam","address":"63 Spinozastraat","city":"Amsterdam","operatorName":"TotalEnergies","maxPowerKw":17,"isMegawatt":false,"status":"AVAILABLE","source":"ndw"}},{"type":"Feature","geometry":{"type":"Point","coordinates":[4.907971,52.39105]},"properties":{"type":"charge","layer":"passenger","locationId":"261A636E-98C3-4900-A417-58E578FF7253","name":"TNLP011280 - Dovenetelstraat 36, Amsterdam","address":"36 Dovenetelstraat","city":"Amsterdam","operatorName":"TotalEnergies","maxPowerKw":17,"isMegawatt":false,"status":"CHARGING","source":"ndw"}},{"type":"Feature","geometry":{"type":"Point","coordinates":[4.918847,52.35235]},"properties":{"type":"charge","layer":"passenger","locationId":"6964fba1-b8ed-42bc-8289-f7ca42df901b","name":"TNLP011531 - De la Reijstraat 18, Amsterdam","address":"18 De la Reijstraat","city":"Amsterdam","operatorName":"TotalEnergies","maxPowerKw":17,"isMegawatt":false,"status":"AVAILABLE","source":"ndw"}},{"type":"Feature","geometry":{"type":"Point","coordinates":[4.873211,52.37032]},"properties":{"type":"charge","layer":"passenger","locationId":"8fe855dd-d3e5-42e6-82b6-89d798da8d22","name":"TNLP010649 - Da Costaplein 18, Amsterdam","address":"18 Da Costaplein","city":"Amsterdam","operatorName":"TotalEnergies","maxPowerKw":17,"isMegawatt":false,"status":"AVAILABLE","source":"ndw"}},{"type":"Feature","geometry":{"type":"Point","coordinates":[4.836956,52.368245]},"properties":{"type":"charge","layer":"passenger","locationId":"466FC245-215D-4C22-A150-00328124AC6A","name":"Eneco eMobility EVB-P1446103","address":"Jan Tooropstraat 138","city":"Amsterdam","operatorName":"Eneco","maxPowerKw":22,"isMegawatt":false,"status":"AVAILABLE","source":"ndw","priceKwh":0.32}},{"type":"Feature","geometry":{"type":"Point","coordinates":[4.930074,52.40132]},"properties":{"type":"charge","layer":"passenger","locationId":"6D15B720-E99F-4CF2-9BBF-7C9815E2EEF0","name":"Eneco eMobility De Sociale Maatschap - Amsterdam","address":"Elzenhagensingel 757","city":"Amsterdam","operatorName":"Eneco","maxPowerKw":11,"isMegawatt":false,"status":"AVAILABLE","source":"ndw","priceKwh":0.24}},{"type":"Feature","geometry":{"type":"Point","coordinates":[4.90124,52.352085]},"properties":{"type":"charge","layer":"passenger","locationId":"CCA208A6-4EA6-423D-B394-3286B529D433","name":"TNLP011290 - Toldwarsstraat 7V, Amsterdam","address":"7V Toldwarsstraat","city":"Amsterdam","operatorName":"TotalEnergies","maxPowerKw":17,"isMegawatt":false,"status":"AVAILABLE","source":"ndw"}},{"type":"Feature","geometry":{"type":"Point","coordinates":[4.847542,52.35175]},"properties":{"type":"charge","layer":"passenger","locationId":"D16380A7-E8CE-42E9-970A-AE2979427A4F","name":"TNLP010799 - Woestduinstraat 88, Amsterdam","address":"88 Woestduinstraat","city":"Amsterdam","operatorName":"TotalEnergies","maxPowerKw":17,"isMegawatt":false,"status":"AVAILABLE","source":"ndw"}},{"type":"Feature","geometry":{"type":"Point","coordinates":[4.851371,52.36478]},"properties":{"type":"charge","layer":"passenger","locationId":"33653D9F-F83D-4FF4-9728-D937B53FF705","name":"TNLP010375 - Orteliusstraat 10, Amsterdam","address":"10 Orteliusstraat","city":"Amsterdam","operatorName":"TotalEnergies","maxPowerKw":17,"isMegawatt":false,"status":"AVAILABLE","source":"ndw"}},{"type":"Feature","geometry":{"type":"Point","coordinates":[4.913363,52.39133]},"properties":{"type":"charge","layer":"passenger","locationId":"NLLOC025716","name":"NLD, Parkeerterrein Volewijkshof Amsterdam, 1031 AH","address":"Volewijkshof","city":"Amsterdam","operatorName":"Allego","maxPowerKw":22,"isMegawatt":false,"status":"AVAILABLE","source":"ndw","priceKwh":0.511}},{"type":"Feature","geometry":{"type":"Point","coordinates":[4.939072,52.306543]},"properties":{"type":"charge","layer":"passenger","locationId":"90266677","name":"Van Leeuwen RMMA-01 BV","address":"Hoogoorddreef 99","city":"Amsterdam","operatorName":"Van Leeuwen","maxPowerKw":11,"isMegawatt":false,"status":"AVAILABLE","source":"ndw"}},{"type":"Feature","geometry":{"type":"Point","coordinates":[4.87958,52.38373]},"properties":{"type":"charge","layer":"passenger","locationId":"3533FA46-CA00-44AA-A543-C1C05114B683","name":"TNLP010845 - De Wittenstraat 29, Amsterdam","address":"29 De Wittenstraat","city":"Amsterdam","operatorName":"TotalEnergies","maxPowerKw":17,"isMegawatt":false,"status":"AVAILABLE","source":"ndw"}},{"type":"Feature","geometry":{"type":"Point","coordinates":[4.884721,52.4066]},"properties":{"type":"charge","layer":"passenger","locationId":"EF08358A-27F0-469C-9AC1-2E299D2EF5BE","name":"Laadplein - TNLP010210 - tt. Melissaweg 47, Amsterdam","address":"47 tt. Melissaweg","city":"Amsterdam","operatorName":"TotalEnergies","maxPowerKw":17,"isMegawatt":false,"status":"AVAILABLE","source":"ndw"}},{"type":"Feature","geometry":{"type":"Point","coordinates":[4.854584,52.33709]},"properties":{"type":"charge","layer":"passenger","locationId":"OST20P0054_0004_4","name":"OST20P0054_0004_4","address":"Amstelveenseweg 500","city":"Amsterdam","operatorName":"e-VOLTT","maxPowerKw":38,"isMegawatt":false,"status":"AVAILABLE","source":"ndw","priceKwh":0.26}},{"type":"Feature","geometry":{"type":"Point","coordinates":[4.882313,52.381393]},"properties":{"type":"charge","layer":"passenger","locationId":"CBB7EB4A-9D29-471E-8876-37BB5DA676F3","name":"TNLP010303 - Palmstraat 91, Amsterdam","address":"91 Palmstraat","city":"Amsterdam","operatorName":"TotalEnergies","maxPowerKw":17,"isMegawatt":false,"status":"AVAILABLE","source":"ndw"}},{"type":"Feature","geometry":{"type":"Point","coordinates":[5.000375,52.354057]},"properties":{"type":"charge","layer":"passenger","locationId":"5DC8557F-40F7-4729-879A-653A5D75EBBA","name":"TNLP011507 - Maria Austriastraat 961, Amsterdam","address":"961 Maria Austriastraat","city":"Amsterdam","operatorName":"TotalEnergies","maxPowerKw":17,"isMegawatt":false,"status":"UNAVAILABLE","source":"ndw"}},{"type":"Feature","geometry":{"type":"Point","coordinates":[5.013105,52.34713]},"properties":{"type":"charge","layer":"passenger","locationId":"0E7AED0A-9ED8-4BA5-8A3C-1E43784CE995","name":"TNLP010863 - Eva Besnyöstraat 416, Amsterdam","address":"416 Eva Besnyöstraat","city":"Amsterdam","operatorName":"TotalEnergies","maxPowerKw":17,"isMegawatt":false,"status":"AVAILABLE","source":"ndw"}},{"type":"Feature","geometry":{"type":"Point","coordinates":[4.950033,52.311146]},"properties":{"type":"charge","layer":"passenger","locationId":"91179680","name":"50five-S NL Amsterdam, Hoorneboeg 1","address":"Hoorneboeg 1","city":"Amsterdam","operatorName":"50five","maxPowerKw":11,"isMegawatt":false,"status":"AVAILABLE","source":"ndw"}},{"type":"Feature","geometry":{"type":"Point","coordinates":[4.874685,52.413235]},"properties":{"type":"charge","layer":"passenger","locationId":"2653818","name":"Laadnet Flex office laadpaal 2","address":"Disketteweg 14","city":"Amsterdam","operatorName":"Laadnet","maxPowerKw":22,"isMegawatt":false,"status":"AVAILABLE","source":"ndw"}},{"type":"Feature","geometry":{"type":"Point","coordinates":[4.937238,52.360073]},"properties":{"type":"charge","layer":"passenger","locationId":"56bcb8a8-0566-458f-85d9-d4876f716a84","name":"TNLP010313 - Ambonplein 3, Amsterdam","address":"3 Ambonplein","city":"Amsterdam","operatorName":"TotalEnergies","maxPowerKw":17,"isMegawatt":false,"status":"AVAILABLE","source":"ndw"}},{"type":"Feature","geometry":{"type":"Point","coordinates":[4.876781,52.399258]},"properties":{"type":"charge","layer":"passenger","locationId":"OST20P0044_0002_8","name":"OST20P0044_0002_8","address":"Danzigerkade 15","city":"Amsterdam","operatorName":"e-VOLTT","maxPowerKw":21,"isMegawatt":false,"status":"AVAILABLE","source":"ndw","priceKwh":0.32}},{"type":"Feature","geometry":{"type":"Point","coordinates":[4.876781,52.399258]},"properties":{"type":"charge","layer":"passenger","locationId":"OST20P0044_0014_7","name":"OST20P0044_0014_7","address":"Danzigerkade 15","city":"Amsterdam","operatorName":"e-VOLTT","maxPowerKw":21,"isMegawatt":false,"status":"AVAILABLE","source":"ndw","priceKwh":0.32}},{"type":"Feature","geometry":{"type":"Point","coordinates":[4.852091,52.396826]},"properties":{"type":"charge","layer":"passenger","locationId":"91284272","name":"50five-S NL 09101264","address":"Zekeringstraat 32","city":"Amsterdam","operatorName":"50five","maxPowerKw":22,"isMegawatt":false,"status":"AVAILABLE","source":"ndw"}},{"type":"Feature","geometry":{"type":"Point","coordinates":[4.829656,52.37885]},"properties":{"type":"charge","layer":"passenger","locationId":"AB954F3B-DF45-4557-8857-2E03B71720C1","name":"TNLP010423 - Lex Althoffstraat 27, Amsterdam","address":"27 Lex Althoffstraat","city":"Amsterdam","operatorName":"TotalEnergies","maxPowerKw":17,"isMegawatt":false,"status":"AVAILABLE","source":"ndw"}},{"type":"Feature","geometry":{"type":"Point","coordinates":[4.927575,52.365257]},"properties":{"type":"charge","layer":"passenger","locationId":"4e2b62f7-0540-47df-a1ab-efdbaeba51d4","name":"TNLP010981 - Pieter Vlamingstraat 207, Amsterdam","address":"207 Pieter Vlamingstraat","city":"Amsterdam","operatorName":"TotalEnergies","maxPowerKw":17,"isMegawatt":false,"status":"CHARGING","source":"ndw"}},{"type":"Feature","geometry":{"type":"Point","coordinates":[4.877164,52.351174]},"properties":{"type":"charge","layer":"passenger","locationId":"15d6f5c0bb994d979e736a42383a8516","name":"Giedo van der Garde - Thuis","address":"Apollolaan 96","city":"Amsterdam","operatorName":"Opcharge","maxPowerKw":22,"isMegawatt":false,"status":"AVAILABLE","source":"ndw"}},{"type":"Feature","geometry":{"type":"Point","coordinates":[4.787598,52.35051]},"properties":{"type":"charge","layer":"passenger","locationId":"11C1CA0D-2943-4796-B1AC-30BC23B304D1","name":"TNLP010341 - Iwan Kantemanplein 60, Amsterdam","address":"60 Iwan Kantemanplein","city":"Amsterdam","operatorName":"TotalEnergies","maxPowerKw":17,"isMegawatt":false,"status":"AVAILABLE","source":"ndw"}},{"type":"Feature","geometry":{"type":"Point","coordinates":[4.786851,52.392265]},"properties":{"type":"charge","layer":"passenger","locationId":"1525311B-5B39-428E-9E67-A8DFAB316A46","name":"TNLP010935 - Abberdaan 172, Amsterdam","address":"172 Abberdaan","city":"Amsterdam","operatorName":"TotalEnergies","maxPowerKw":17,"isMegawatt":false,"status":"CHARGING","source":"ndw"}},{"type":"Feature","geometry":{"type":"Point","coordinates":[4.880978,52.35212]},"properties":{"type":"charge","layer":"passenger","locationId":"4BD017C1-1D28-4065-84AF-7EE779F1C68E","name":"TNLP010373 - Johan M. Coenenstraat 17, Amsterdam","address":"17 Johan M. Coenenstraat","city":"Amsterdam","operatorName":"TotalEnergies","maxPowerKw":17,"isMegawatt":false,"status":"CHARGING","source":"ndw"}},{"type":"Feature","geometry":{"type":"Point","coordinates":[4.982523,52.319103]},"properties":{"type":"charge","layer":"passenger","locationId":"2FBB56C3-121D-431E-A097-96F4D8CBBD78","name":"TNLP011336 - Dwergpalmstraat 7, Amsterdam","address":"7 Dwergpalmstraat","city":"Amsterdam","operatorName":"TotalEnergies","maxPowerKw":17,"isMegawatt":false,"status":"AVAILABLE","source":"ndw"}},{"type":"Feature","geometry":{"type":"Point","coordinates":[4.873625,52.3341]},"properties":{"type":"charge","layer":"passenger","locationId":"4D7A4F7D-FAEB-4375-B9D8-D68DE77B6C18","name":"TNLP011302 - Wedderborg 17, Amsterdam","address":"17 Wedderborg","city":"Amsterdam","operatorName":"TotalEnergies","maxPowerKw":17,"isMegawatt":false,"status":"AVAILABLE","source":"ndw"}},{"type":"Feature","geometry":{"type":"Point","coordinates":[4.794557,52.34686]},"properties":{"type":"charge","layer":"passenger","locationId":"5CF53637-AA2A-47A1-AEB9-D5C9A9BD75DA","name":"TNLP011277 - Sporadenlaan 3, Amsterdam","address":"3 Sporadenlaan","city":"Amsterdam","operatorName":"TotalEnergies","maxPowerKw":17,"isMegawatt":false,"status":"AVAILABLE","source":"ndw"}},{"type":"Feature","geometry":{"type":"Point","coordinates":[4.914019,52.408634]},"properties":{"type":"charge","layer":"passenger","locationId":"6EF3D6B4-959D-4AF2-9338-57BA925BD9C0","name":"TNLP011018 - Crabschuytstraat 3, Amsterdam","address":"3 Crabschuytstraat","city":"Amsterdam","operatorName":"TotalEnergies","maxPowerKw":17,"isMegawatt":false,"status":"CHARGING","source":"ndw"}},{"type":"Feature","geometry":{"type":"Point","coordinates":[4.95142,52.399914]},"properties":{"type":"charge","layer":"passenger","locationId":"A1E588C7-ECC1-442D-AD84-35DF1A99DF9D","name":"TNLP010020 - Jisperveldstraat 504, Amsterdam","address":"504 Jisperveldstraat","city":"Amsterdam","operatorName":"TotalEnergies","maxPowerKw":17,"isMegawatt":false,"status":"AVAILABLE","source":"ndw"}},{"type":"Feature","geometry":{"type":"Point","coordinates":[4.83009,52.4113]},"properties":{"type":"charge","layer":"passenger","locationId":"1A15D452-2430-4112-A76B-7BCFB5E9ED4A","name":"Eneco eMobility Koole Terminals B.V. - KTA - Amsterdam","address":"Octaanweg 8","city":"Amsterdam","operatorName":"Eneco","maxPowerKw":11,"isMegawatt":false,"status":"AVAILABLE","source":"ndw","priceKwh":0.32}},{"type":"Feature","geometry":{"type":"Point","coordinates":[4.781663,52.351303]},"properties":{"type":"charge","layer":"passenger","locationId":"B553F9CF-DA23-4DAD-9E0E-FF911E2FAFFF","name":"TNLP011511 - Ernst Cahnsingel 14, Amsterdam","address":"14 Ernst Cahnsingel","city":"Amsterdam","operatorName":"TotalEnergies","maxPowerKw":17,"isMegawatt":false,"status":"UNAVAILABLE","source":"ndw"}},{"type":"Feature","geometry":{"type":"Point","coordinates":[4.887599,52.34865]},"properties":{"type":"charge","layer":"passenger","locationId":"8AF5AB0E-3687-4291-A69E-9E375B9B0E93","name":"TNLP010021 - Jozef Israëlskade 9, Amsterdam","address":"9 Jozef Israëlskade","city":"Amsterdam","operatorName":"TotalEnergies","maxPowerKw":17,"isMegawatt":false,"status":"AVAILABLE","source":"ndw"}},{"type":"Feature","geometry":{"type":"Point","coordinates":[4.897156,52.356534]},"properties":{"type":"charge","layer":"passenger","locationId":"6f29c0770d874889a255f949405d265e","name":"Albert Cuypstraat - Markt 1072CP 01","address":"Albert Cuypstraat 01","city":"Amsterdam","operatorName":"","maxPowerKw":22,"isMegawatt":false,"status":"CHARGING","source":"ndw"}},{"type":"Feature","geometry":{"type":"Point","coordinates":[4.85524,52.345047]},"properties":{"type":"charge","layer":"passenger","locationId":"BB6C39FF-DD3B-4F9D-9080-D010821FEC13","name":"TNLP010887 - Laan der Hesperiden 62, Amsterdam","address":"62 Laan der Hesperiden","city":"Amsterdam","operatorName":"TotalEnergies","maxPowerKw":17,"isMegawatt":false,"status":"AVAILABLE","source":"ndw"}},{"type":"Feature","geometry":{"type":"Point","coordinates":[4.816135,52.349808]},"properties":{"type":"charge","layer":"passenger","locationId":"99998E18-BC68-41FC-B00B-7E780CB01D3A","name":"TNLP010320 - Laan van Vlaanderen 17, Amsterdam","address":"17 Laan van Vlaanderen","city":"Amsterdam","operatorName":"TotalEnergies","maxPowerKw":17,"isMegawatt":false,"status":"AVAILABLE","source":"ndw"}},{"type":"Feature","geometry":{"type":"Point","coordinates":[4.814433,52.343025]},"properties":{"type":"charge","layer":"passenger","locationId":"2423E2C5-2B3F-49E0-A9A6-FE4B5BC48C49","name":"TNLP011484 - Luiksingel 43, Amsterdam","address":"43 Luiksingel","city":"Amsterdam","operatorName":"TotalEnergies","maxPowerKw":17,"isMegawatt":false,"status":"AVAILABLE","source":"ndw"}},{"type":"Feature","geometry":{"type":"Point","coordinates":[4.875985,52.390167]},"properties":{"type":"charge","layer":"passenger","locationId":"51e0c036-13a9-435c-b936-7d054f8e76d3","name":"TNLP011238 - Spaarndammerplantsoen 8, Amsterdam","address":"8 Spaarndammerplantsoen","city":"Amsterdam","operatorName":"TotalEnergies","maxPowerKw":17,"isMegawatt":false,"status":"AVAILABLE","source":"ndw"}},{"type":"Feature","geometry":{"type":"Point","coordinates":[4.979728,52.315166]},"properties":{"type":"charge","layer":"passenger","locationId":"0791AD70-3C22-4FA7-8D55-B534F2662570","name":"TNLP010251 - 1e Kekerstraat 2, Amsterdam","address":"2 1e Kekerstraat","city":"Amsterdam","operatorName":"TotalEnergies","maxPowerKw":17,"isMegawatt":false,"status":"CHARGING","source":"ndw"}},{"type":"Feature","geometry":{"type":"Point","coordinates":[4.857097,52.360134]},"properties":{"type":"charge","layer":"passenger","locationId":"8FD04630-9832-4FC9-80F2-DE3780BD3651","name":"TNLP011096 - Derde Kostverlorenkade 18, Amsterdam","address":"18 Derde Kostverlorenkade","city":"Amsterdam","operatorName":"TotalEnergies","maxPowerKw":17,"isMegawatt":false,"status":"AVAILABLE","source":"ndw"}},{"type":"Feature","geometry":{"type":"Point","coordinates":[5.03233,52.315468]},"properties":{"type":"charge","layer":"passenger","locationId":"AA85D35B-79AA-4C18-AA34-4A587BA54C91","name":"TNLP011829 - Fanny Blankers-Koenstraat 2, Weesp","address":"2 Fanny Blankers-Koenstraat","city":"Weesp","operatorName":"TotalEnergies","maxPowerKw":17,"isMegawatt":false,"status":"AVAILABLE","source":"ndw"}},{"type":"Feature","geometry":{"type":"Point","coordinates":[4.91358,52.391884]},"properties":{"type":"charge","layer":"passenger","locationId":"D734828E-8FCF-4FD0-AAA9-F79D421D7592","name":"TNLP010974 - Mosveld 90, Amsterdam","address":"90 Mosveld","city":"Amsterdam","operatorName":"TotalEnergies","maxPowerKw":17,"isMegawatt":false,"status":"AVAILABLE","source":"ndw"}},{"type":"Feature","geometry":{"type":"Point","coordinates":[4.885262,52.391917]},"properties":{"type":"charge","layer":"passenger","locationId":"NLLOC019026","name":"NLD, Amsterdam, Pontsteiger 390","address":"Pontsteiger 390","city":"Amsterdam","operatorName":"Allego","maxPowerKw":11,"isMegawatt":false,"status":"AVAILABLE","source":"ndw","priceKwh":0.495}},{"type":"Feature","geometry":{"type":"Point","coordinates":[4.788334,52.35534]},"properties":{"type":"charge","layer":"passenger","locationId":"60142cb0-0523-4381-a133-702fc18d2af5","name":"TNLP010351 - Meentstraat 1, Amsterdam","address":"1 Meentstraat","city":"Amsterdam","operatorName":"TotalEnergies","maxPowerKw":17,"isMegawatt":false,"status":"CHARGING","source":"ndw"}},{"type":"Feature","geometry":{"type":"Point","coordinates":[4.978932,52.362644]},"properties":{"type":"charge","layer":"passenger","locationId":"3CB246FA-BE87-44C1-88AC-079CE277C8A6","name":"TNLP010455 - Francisco Faleirostraat 10, Amsterdam","address":"10 Francisco Faleirostraat","city":"Amsterdam","operatorName":"TotalEnergies","maxPowerKw":17,"isMegawatt":false,"status":"AVAILABLE","source":"ndw"}},{"type":"Feature","geometry":{"type":"Point","coordinates":[4.832408,52.37934]},"properties":{"type":"charge","layer":"passenger","locationId":"6b653f42-720f-4f46-a9d4-1a91592642b9","name":"TNLP010144 - Theodorus Dobbestraat 70, Amsterdam","address":"70 Theodorus Dobbestraat","city":"Amsterdam","operatorName":"TotalEnergies","maxPowerKw":17,"isMegawatt":false,"status":"AVAILABLE","source":"ndw"}},{"type":"Feature","geometry":{"type":"Point","coordinates":[4.867229,52.392917]},"properties":{"type":"charge","layer":"passenger","locationId":"58b0034916dd4f71ad7dd7a728946502","name":"KWS Depotlocatie Transformatorweg Amsterdam","address":"Transformatorweg TO 1","city":"Amsterdam","operatorName":"NRG Mobility","maxPowerKw":11,"isMegawatt":false,"status":"AVAILABLE","source":"ndw","priceKwh":0.45}},{"type":"Feature","geometry":{"type":"Point","coordinates":[4.88881,52.36991]},"properties":{"type":"charge","layer":"passenger","locationId":"E2A1871E-2DE9-453F-BC3B-4EA6A09D955D","name":"Eneco eMobility Hotel NH City Centre Amsterdam","address":"Spuistraat 288-292","city":"Amsterdam","operatorName":"Eneco","maxPowerKw":22,"isMegawatt":false,"status":"AVAILABLE","source":"ndw","priceKwh":0.45}},{"type":"Feature","geometry":{"type":"Point","coordinates":[4.805784,52.39652]},"properties":{"type":"charge","layer":"passenger","locationId":"4174919","name":"Laadnet Dynalogic Amsterdam","address":"Hornweg 64","city":"Amsterdam","operatorName":"Laadnet","maxPowerKw":22,"isMegawatt":false,"status":"AVAILABLE","source":"ndw"}},{"type":"Feature","geometry":{"type":"Point","coordinates":[4.850789,52.369502]},"properties":{"type":"charge","layer":"passenger","locationId":"NLLOC026445","name":"NLD, Amsterdam, Mercatorplein 2","address":"Mercatorplein 2","city":"Amsterdam","operatorName":"Allego","maxPowerKw":22,"isMegawatt":false,"status":"AVAILABLE","source":"ndw","priceKwh":0.495}},{"type":"Feature","geometry":{"type":"Point","coordinates":[4.854691,52.33639]},"properties":{"type":"charge","layer":"passenger","locationId":"1773391","name":"Laadnet Zuiderhof - Tribes","address":"Jachthavenweg 109","city":"Amsterdam","operatorName":"Laadnet","maxPowerKw":22,"isMegawatt":false,"status":"UNAVAILABLE","source":"ndw"}},{"type":"Feature","geometry":{"type":"Point","coordinates":[4.872107,52.373905]},"properties":{"type":"charge","layer":"passenger","locationId":"3403459D-80FE-475A-87FC-109389148C13","name":"TNLP010575 - Frederik Hendrikstraat 154, Amsterdam","address":"154 Frederik Hendrikstraat","city":"Amsterdam","operatorName":"TotalEnergies","maxPowerKw":17,"isMegawatt":false,"status":"AVAILABLE","source":"ndw"}},{"type":"Feature","geometry":{"type":"Point","coordinates":[4.859378,52.357677]},"properties":{"type":"charge","layer":"passenger","locationId":"3DF2022B-F890-4EFF-AA40-9BD427F78800","name":"TNLP010379 - Frederiksstraat 142, Amsterdam","address":"142 Frederiksstraat","city":"Amsterdam","operatorName":"TotalEnergies","maxPowerKw":17,"isMegawatt":false,"status":"AVAILABLE","source":"ndw"}},{"type":"Feature","geometry":{"type":"Point","coordinates":[4.850083,52.361916]},"properties":{"type":"charge","layer":"passenger","locationId":"1B72B985-0F6E-4DF8-99C0-26895BE3D82B","name":"TNLP011102 - Postjeskade 141, Amsterdam","address":"141 Postjeskade","city":"Amsterdam","operatorName":"TotalEnergies","maxPowerKw":17,"isMegawatt":false,"status":"AVAILABLE","source":"ndw"}},{"type":"Feature","geometry":{"type":"Point","coordinates":[4.853515,52.365665]},"properties":{"type":"charge","layer":"passenger","locationId":"363CE7B7-F04F-4753-909F-6A475A3AFF09","name":"TNLP010421 - Davisstraat 171, Amsterdam","address":"171 Davisstraat","city":"Amsterdam","operatorName":"TotalEnergies","maxPowerKw":17,"isMegawatt":false,"status":"AVAILABLE","source":"ndw"}},{"type":"Feature","geometry":{"type":"Point","coordinates":[4.896783,52.418297]},"properties":{"type":"charge","layer":"passenger","locationId":"37A08D39-915D-4C6D-9D9C-3B72D9654AE5","name":"TNLP011377 - Cornelis Roosstraat 27, Amsterdam","address":"27 Cornelis Roosstraat","city":"Amsterdam","operatorName":"TotalEnergies","maxPowerKw":17,"isMegawatt":false,"status":"AVAILABLE","source":"ndw"}},{"type":"Feature","geometry":{"type":"Point","coordinates":[4.79384,52.353836]},"properties":{"type":"charge","layer":"passenger","locationId":"39342A5E-F90E-4D72-AE97-565D8B351310","name":"TNLP011438 - Nierkerkestraat 45, Amsterdam","address":"45 Nierkerkestraat","city":"Amsterdam","operatorName":"TotalEnergies","maxPowerKw":17,"isMegawatt":false,"status":"AVAILABLE","source":"ndw"}},{"type":"Feature","geometry":{"type":"Point","coordinates":[4.742375,52.418888]},"properties":{"type":"charge","layer":"passenger","locationId":"91232821","name":"50five-S NL 18B11185","address":"Westpoortweg 502","city":"Amsterdam","operatorName":"50five","maxPowerKw":11,"isMegawatt":false,"status":"AVAILABLE","source":"ndw"}},{"type":"Feature","geometry":{"type":"Point","coordinates":[4.964462,52.295036]},"properties":{"type":"charge","layer":"passenger","locationId":"4FDC3B3D-2EDC-4E0E-8F92-5654DD08B752","name":"TNLP011100 - Ophemerthof 162, Amsterdam","address":"162 Ophemerthof","city":"Amsterdam","operatorName":"TotalEnergies","maxPowerKw":17,"isMegawatt":false,"status":"AVAILABLE","source":"ndw"}},{"type":"Feature","geometry":{"type":"Point","coordinates":[4.914715,52.34968]},"properties":{"type":"charge","layer":"passenger","locationId":"85340672-C3A4-4057-BFC2-452C346999BB","name":"TNLP010511 - Schollenbrugstraat 20, Amsterdam","address":"20 Schollenbrugstraat","city":"Amsterdam","operatorName":"TotalEnergies","maxPowerKw":17,"isMegawatt":false,"status":"AVAILABLE","source":"ndw"}},{"type":"Feature","geometry":{"type":"Point","coordinates":[4.817052,52.347874]},"properties":{"type":"charge","layer":"passenger","locationId":"A48D4FF0-ED8F-46AA-B936-834FB864BFD7","name":"TNLP011814 - Hechtelstraat 94, Amsterdam","address":"94 Hechtelstraat","city":"Amsterdam","operatorName":"TotalEnergies","maxPowerKw":17,"isMegawatt":false,"status":"CHARGING","source":"ndw"}},{"type":"Feature","geometry":{"type":"Point","coordinates":[5.04432,52.31383]},"properties":{"type":"charge","layer":"passenger","locationId":"ADF383CE-8159-41C8-9E7D-F5B719807AFB","name":"TNLP011915 - Frederica Zeijdelaarweg 1, Weesp","address":"1 Frederica Zeijdelaarweg","city":"Weesp","operatorName":"TotalEnergies","maxPowerKw":17,"isMegawatt":false,"status":"AVAILABLE","source":"ndw"}},{"type":"Feature","geometry":{"type":"Point","coordinates":[4.867323,52.330685]},"properties":{"type":"charge","layer":"passenger","locationId":"9A381296-739C-4D41-B981-ABBCC05F80E1","name":"TNLP011258 - Cannenburg 13, Amsterdam","address":"13 Cannenburg","city":"Amsterdam","operatorName":"TotalEnergies","maxPowerKw":17,"isMegawatt":false,"status":"AVAILABLE","source":"ndw"}},{"type":"Feature","geometry":{"type":"Point","coordinates":[5.021341,52.317442]},"properties":{"type":"charge","layer":"passenger","locationId":"OST23P0043_0045_0","name":"OST23P0043_0045_0","address":"Flevolaan 70","city":"Weesp","operatorName":"e-VOLTT","maxPowerKw":4,"isMegawatt":false,"status":"AVAILABLE","source":"ndw","priceKwh":0.45}},{"type":"Feature","geometry":{"type":"Point","coordinates":[4.86336,52.360203]},"properties":{"type":"charge","layer":"passenger","locationId":"3c80f06a-9287-4c03-beda-a988f2e909b5","name":"TNLP010844 - Staringstraat 46, Amsterdam","address":"46 Staringstraat","city":"Amsterdam","operatorName":"TotalEnergies","maxPowerKw":17,"isMegawatt":false,"status":"CHARGING","source":"ndw"}},{"type":"Feature","geometry":{"type":"Point","coordinates":[5.04315,52.29887]},"properties":{"type":"charge","layer":"passenger","locationId":"C74D6D2C-0AA7-4CA0-AF13-EE3692C9DC90","name":"TNLP011831 - Meester C. Kooimancentrum 17, Weesp","address":"17 Meester C. Kooimancentrum","city":"Weesp","operatorName":"TotalEnergies","maxPowerKw":17,"isMegawatt":false,"status":"AVAILABLE","source":"ndw"}},{"type":"Feature","geometry":{"type":"Point","coordinates":[4.851128,52.354824]},"properties":{"type":"charge","layer":"passenger","locationId":"C3C2FAB9-6864-45F5-B2BD-850408BB9C11","name":"TNLP011401 - Theophile de Bockstraat 13, Amsterdam","address":"13 Theophile de Bockstraat","city":"Amsterdam","operatorName":"TotalEnergies","maxPowerKw":17,"isMegawatt":false,"status":"CHARGING","source":"ndw"}},{"type":"Feature","geometry":{"type":"Point","coordinates":[4.921823,52.35496]},"properties":{"type":"charge","layer":"passenger","locationId":"2B4C92FC-ED0A-4C08-8FA2-D394E798D194","name":"TNLP010308 - Smitstraat 19, Amsterdam","address":"19 Smitstraat","city":"Amsterdam","operatorName":"TotalEnergies","maxPowerKw":17,"isMegawatt":false,"status":"AVAILABLE","source":"ndw"}},{"type":"Feature","geometry":{"type":"Point","coordinates":[4.838783,52.350098]},"properties":{"type":"charge","layer":"passenger","locationId":"F2E85CB9-23C5-48CE-8D3C-8CD108DCDFCE","name":"TNLP010787 - Rijswijkstraat 22, Amsterdam","address":"22 Rijswijkstraat","city":"Amsterdam","operatorName":"TotalEnergies","maxPowerKw":17,"isMegawatt":false,"status":"AVAILABLE","source":"ndw"}},{"type":"Feature","geometry":{"type":"Point","coordinates":[4.92168,52.41376]},"properties":{"type":"charge","layer":"passenger","locationId":"46a5bbcc-3bd5-4d73-96fe-d26cd9fb2655","name":"Laadplein - TNLP010218 - Vlaggemast 2, Amsterdam","address":"2 Vlaggemast","city":"Amsterdam","operatorName":"TotalEnergies","maxPowerKw":17,"isMegawatt":false,"status":"AVAILABLE","source":"ndw"}},{"type":"Feature","geometry":{"type":"Point","coordinates":[4.948705,52.324493]},"properties":{"type":"charge","layer":"passenger","locationId":"D805C1B4-B90B-4925-9C6E-5613E8213D99","name":"TNLP010046 - Daniël Defoelaan 204, Amsterdam","address":"204 Daniël Defoelaan","city":"Amsterdam","operatorName":"TotalEnergies","maxPowerKw":17,"isMegawatt":false,"status":"AVAILABLE","source":"ndw"}},{"type":"Feature","geometry":{"type":"Point","coordinates":[4.876781,52.399258]},"properties":{"type":"charge","layer":"passenger","locationId":"OST20P0044_0014_1","name":"OST20P0044_0014_1","address":"Danzigerkade 15","city":"Amsterdam","operatorName":"e-VOLTT","maxPowerKw":21,"isMegawatt":false,"status":"AVAILABLE","source":"ndw","priceKwh":0.32}},{"type":"Feature","geometry":{"type":"Point","coordinates":[5.045987,52.306957]},"properties":{"type":"charge","layer":"passenger","locationId":"55C474A1-0FA0-449E-826B-8C44BC4BAE9D","name":"TNLP011480 - Ossenmarkt 14, Weesp","address":"14 Ossenmarkt","city":"Weesp","operatorName":"TotalEnergies","maxPowerKw":17,"isMegawatt":false,"status":"CHARGING","source":"ndw"}},{"type":"Feature","geometry":{"type":"Point","coordinates":[4.953572,52.370386]},"properties":{"type":"charge","layer":"passenger","locationId":"91105198","name":"50five-S NL 18B14423","address":"Cruquiusweg 111-F","city":"Amsterdam","operatorName":"50five","maxPowerKw":11,"isMegawatt":false,"status":"AVAILABLE","source":"ndw"}},{"type":"Feature","geometry":{"type":"Point","coordinates":[4.839518,52.386846]},"properties":{"type":"charge","layer":"passenger","locationId":"65a8fbe5a7a21c001cf4cbee","name":"Hotel2Stay - Amsterdam","address":"Tempelhofstraat 2","city":"Amsterdam","operatorName":"Fleet Charge Services","maxPowerKw":11,"isMegawatt":false,"status":"AVAILABLE","source":"ndw","priceKwh":0.48}},{"type":"Feature","geometry":{"type":"Point","coordinates":[4.943418,52.31794]},"properties":{"type":"charge","layer":"passenger","locationId":"9651D2F9-494C-4A8B-8CCD-39F51AAE0737","name":"TNLP010433 - Boris Pasternakstraat 379, Amsterdam","address":"379 Boris Pasternakstraat","city":"Amsterdam","operatorName":"TotalEnergies","maxPowerKw":17,"isMegawatt":false,"status":"AVAILABLE","source":"ndw"}},{"type":"Feature","geometry":{"type":"Point","coordinates":[4.878564,52.411277]},"properties":{"type":"charge","layer":"passenger","locationId":"3705358","name":"Laadnet Vista Norte B.V.","address":"Tt. Vasumweg 170","city":"Amsterdam","operatorName":"Laadnet","maxPowerKw":22,"isMegawatt":false,"status":"AVAILABLE","source":"ndw"}},{"type":"Feature","geometry":{"type":"Point","coordinates":[4.941815,52.302711]},"properties":{"type":"charge","layer":"passenger","locationId":"673b226158130869309fd9bc","name":"Stadium Capital Startwell users","address":"Lemelerbergweg 31-2","city":"Amsterdam","operatorName":"Pluq","maxPowerKw":22,"isMegawatt":false,"status":"AVAILABLE","source":"ndw","priceKwh":0.4}},{"type":"Feature","geometry":{"type":"Point","coordinates":[4.951772,52.344229]},"properties":{"type":"charge","layer":"passenger","locationId":"91052466","name":"50five-S NL 17B29691","address":"Praterlaan 152","city":"Amsterdam","operatorName":"50five","maxPowerKw":10,"isMegawatt":false,"status":"AVAILABLE","source":"ndw"}},{"type":"Feature","geometry":{"type":"Point","coordinates":[4.86821,52.367608]},"properties":{"type":"charge","layer":"passenger","locationId":"NLLOC019760","name":"NLD, Amsterdam, Bellamyplein 51","address":"Bellamyplein 51","city":"Amsterdam","operatorName":"Allego","maxPowerKw":22,"isMegawatt":false,"status":"AVAILABLE","source":"ndw","priceKwh":0.495}},{"type":"Feature","geometry":{"type":"Point","coordinates":[4.790718,52.39101]},"properties":{"type":"charge","layer":"passenger","locationId":"E7C63EBD-B83F-4FA4-A15D-6D7696755912","name":"TNLP010566 - Jarmuiden 54, Amsterdam","address":"54 Jarmuiden","city":"Amsterdam","operatorName":"TotalEnergies","maxPowerKw":17,"isMegawatt":false,"status":"AVAILABLE","source":"ndw"}},{"type":"Feature","geometry":{"type":"Point","coordinates":[4.969575,52.37029]},"properties":{"type":"charge","layer":"passenger","locationId":"999b9d4f430a9cbf45d2158e8730d101","name":"Bob Haarmslaan 1","address":"Bob Haarmslaan 1","city":"Amsterdam","operatorName":"Vattenfall InCharge","maxPowerKw":11,"isMegawatt":false,"status":"AVAILABLE","source":"ndw","priceKwh":0.28}},{"type":"Feature","geometry":{"type":"Point","coordinates":[4.796518,52.34974]},"properties":{"type":"charge","layer":"passenger","locationId":"1F990897-DF4D-49D0-B857-35901089678B","name":"TNLP010933 - Klaas Katerstraat 115, Amsterdam","address":"115 Klaas Katerstraat","city":"Amsterdam","operatorName":"TotalEnergies","maxPowerKw":17,"isMegawatt":false,"status":"AVAILABLE","source":"ndw"}},{"type":"Feature","geometry":{"type":"Point","coordinates":[4.893398,52.370978]},"properties":{"type":"charge","layer":"passenger","locationId":"89301071","name":"Van Leeuwen Nes 76","address":"Nes 76","city":"Amsterdam","operatorName":"Van Leeuwen","maxPowerKw":11,"isMegawatt":false,"status":"AVAILABLE","source":"ndw"}},{"type":"Feature","geometry":{"type":"Point","coordinates":[4.888106,52.347603]},"properties":{"type":"charge","layer":"passenger","locationId":"3CD14597-9775-435C-9B4B-A50E2DD30804","name":"TNLP010928 - Slaakstraat 12, Amsterdam","address":"12 Slaakstraat","city":"Amsterdam","operatorName":"TotalEnergies","maxPowerKw":17,"isMegawatt":false,"status":"AVAILABLE","source":"ndw"}},{"type":"Feature","geometry":{"type":"Point","coordinates":[4.878078,52.354668]},"properties":{"type":"charge","layer":"passenger","locationId":"75874E92-3856-46BB-A576-105E7E55BBDF","name":"TNLP010598 - Hondecoeterstraat 8, Amsterdam","address":"8 Hondecoeterstraat","city":"Amsterdam","operatorName":"TotalEnergies","maxPowerKw":17,"isMegawatt":false,"status":"UNAVAILABLE","source":"ndw"}},{"type":"Feature","geometry":{"type":"Point","coordinates":[4.945974,52.394943]},"properties":{"type":"charge","layer":"passenger","locationId":"0540DFD3-7EE5-437B-AF65-B93B6D733D91","name":"TNLP010597 - Schoorlstraat 112, Amsterdam","address":"112 Schoorlstraat","city":"Amsterdam","operatorName":"TotalEnergies","maxPowerKw":17,"isMegawatt":false,"status":"CHARGING","source":"ndw"}},{"type":"Feature","geometry":{"type":"Point","coordinates":[4.862314,52.365273]},"properties":{"type":"charge","layer":"passenger","locationId":"0B9D5ED6-613F-459A-95D2-A894AA9FB6FA","name":"TNLP011089 - Jan Pieter Heijestraat 44, Amsterdam","address":"44 Jan Pieter Heijestraat","city":"Amsterdam","operatorName":"TotalEnergies","maxPowerKw":17,"isMegawatt":false,"status":"AVAILABLE","source":"ndw"}},{"type":"Feature","geometry":{"type":"Point","coordinates":[4.870853,52.378536]},"properties":{"type":"charge","layer":"passenger","locationId":"0bc50f0b-6b4a-452f-a1b8-ee3054c2f5ed","name":"TNLP010266 - Van Rappardstraat 1, Amsterdam","address":"1 Van Rappardstraat","city":"Amsterdam","operatorName":"TotalEnergies","maxPowerKw":17,"isMegawatt":false,"status":"AVAILABLE","source":"ndw"}},{"type":"Feature","geometry":{"type":"Point","coordinates":[4.92445,52.393784]},"properties":{"type":"charge","layer":"passenger","locationId":"0AE7D5BC-105B-483B-813D-4A8DB5BAB613","name":"TNLP010970 - Texelweg 93, Amsterdam","address":"93 Texelweg","city":"Amsterdam","operatorName":"TotalEnergies","maxPowerKw":17,"isMegawatt":false,"status":"AVAILABLE","source":"ndw"}},{"type":"Feature","geometry":{"type":"Point","coordinates":[4.87576,52.33267]},"properties":{"type":"charge","layer":"passenger","locationId":"5c4aa153-6339-4f3d-9acf-b3a1d78cd18e","name":"TNLP010994 - Willem van Weldammelaan 5, Amsterdam","address":"5 Willem van Weldammelaan","city":"Amsterdam","operatorName":"TotalEnergies","maxPowerKw":17,"isMegawatt":false,"status":"AVAILABLE","source":"ndw"}},{"type":"Feature","geometry":{"type":"Point","coordinates":[4.901823,52.389277]},"properties":{"type":"charge","layer":"passenger","locationId":"91179928","name":"50five-S NL Shell ETCA, Visitor Parking","address":"Grasweg 31","city":"Amsterdam","operatorName":"50five","maxPowerKw":22,"isMegawatt":false,"status":"AVAILABLE","source":"ndw"}},{"type":"Feature","geometry":{"type":"Point","coordinates":[4.79859,52.362343]},"properties":{"type":"charge","layer":"passenger","locationId":"AA903018-C059-4C4F-9042-C24993D63FE8","name":"TNLP010990 - Nieuwe Laan 127, Amsterdam","address":"127 Nieuwe Laan","city":"Amsterdam","operatorName":"TotalEnergies","maxPowerKw":17,"isMegawatt":false,"status":"CHARGING","source":"ndw"}},{"type":"Feature","geometry":{"type":"Point","coordinates":[4.849264,52.35214]},"properties":{"type":"charge","layer":"passenger","locationId":"AB508BDB-CAC3-4AEB-BD51-5737018FF365","name":"TNLP011229 - Hillegomstraat 1, Amsterdam","address":"1 Hillegomstraat","city":"Amsterdam","operatorName":"TotalEnergies","maxPowerKw":17,"isMegawatt":false,"status":"CHARGING","source":"ndw"}},{"type":"Feature","geometry":{"type":"Point","coordinates":[4.966202,52.324017]},"properties":{"type":"charge","layer":"passenger","locationId":"B6F4662D-866C-460D-9C54-0D9B10BAECB3","name":"TNLP010114 - Ethekwini 45, Amsterdam","address":"45 Ethekwini","city":"Amsterdam","operatorName":"TotalEnergies","maxPowerKw":17,"isMegawatt":false,"status":"AVAILABLE","source":"ndw"}},{"type":"Feature","geometry":{"type":"Point","coordinates":[4.907152,52.377114]},"properties":{"type":"charge","layer":"passenger","locationId":"3ee30f843f6b47d19eb8294b1a8c5d63","name":"TomTom BV","address":"De Ruiijterkade 154","city":"Amsterdam","operatorName":"MIP BV","maxPowerKw":22,"isMegawatt":false,"status":"AVAILABLE","source":"ndw","priceKwh":0.29}},{"type":"Feature","geometry":{"type":"Point","coordinates":[4.842073,52.352743]},"properties":{"type":"charge","layer":"passenger","locationId":"91179727","name":"50five-S NL Amsterdam, Koningin Wilhelminaplein 13","address":"Koningin Wilhelminaplein 13","city":"Amsterdam","operatorName":"50five","maxPowerKw":11,"isMegawatt":false,"status":"AVAILABLE","source":"ndw"}},{"type":"Feature","geometry":{"type":"Point","coordinates":[4.779946,52.390104]},"properties":{"type":"charge","layer":"passenger","locationId":"643f97624a0f07001234b24f","name":"Blom  Amsterdam 02","address":"Tijnmuiden 24","city":"Amsterdam","operatorName":"Lanova Laadpalen","maxPowerKw":11,"isMegawatt":false,"status":"AVAILABLE","source":"ndw","priceKwh":1.03}},{"type":"Feature","geometry":{"type":"Point","coordinates":[4.96705,52.301575]},"properties":{"type":"charge","layer":"passenger","locationId":"44263F3F-D5CF-4B38-BC85-90CD0C6EFA21","name":"TNLP010318 - Mijehof 114, Amsterdam","address":"114 Mijehof","city":"Amsterdam","operatorName":"TotalEnergies","maxPowerKw":17,"isMegawatt":false,"status":"AVAILABLE","source":"ndw"}},{"type":"Feature","geometry":{"type":"Point","coordinates":[4.994706,52.301144]},"properties":{"type":"charge","layer":"passenger","locationId":"0928D601-D100-4372-BADA-7FA3C4101D5F","name":"TNLP010524 - Jacob Krüsestraat 2, Amsterdam","address":"2 Jacob Krüsestraat","city":"Amsterdam","operatorName":"TotalEnergies","maxPowerKw":17,"isMegawatt":false,"status":"AVAILABLE","source":"ndw"}},{"type":"Feature","geometry":{"type":"Point","coordinates":[4.915177,52.332752]},"properties":{"type":"charge","layer":"passenger","locationId":"39437C89-7126-4CD8-9E96-E5FC57B524BB","name":"Eneco eMobility Joan Muyskenweg 22 Amsterdam","address":"Joan Muyskenweg 22","city":"Amsterdam","operatorName":"Eneco","maxPowerKw":22,"isMegawatt":false,"status":"UNAVAILABLE","source":"ndw","priceKwh":0.32}},{"type":"Feature","geometry":{"type":"Point","coordinates":[5.037141,52.31521]},"properties":{"type":"charge","layer":"passenger","locationId":"168DAEF3-2548-4D48-9FDD-8265E6C974D6","name":"TNLP011870 - Sportparklaan 261, Amsterdam","address":"261 Sportparklaan","city":"Amsterdam","operatorName":"TotalEnergies","maxPowerKw":17,"isMegawatt":false,"status":"AVAILABLE","source":"ndw"}},{"type":"Feature","geometry":{"type":"Point","coordinates":[4.855134,52.35895]},"properties":{"type":"charge","layer":"passenger","locationId":"19E4F4AF-181C-46EE-BD21-5BBF22B76FD5","name":"TNLP011088 - Paramaribostraat 1, Amsterdam","address":"1 Paramaribostraat","city":"Amsterdam","operatorName":"TotalEnergies","maxPowerKw":17,"isMegawatt":false,"status":"AVAILABLE","source":"ndw"}},{"type":"Feature","geometry":{"type":"Point","coordinates":[4.94722,52.30342]},"properties":{"type":"charge","layer":"passenger","locationId":"8EB32A58-AE42-4D3E-8901-F1ADB451B85E","name":"Eneco eMobility Hettenheuvelweg 8 Amsterdam","address":"Hettenheuvelweg 8","city":"Amsterdam","operatorName":"Eneco","maxPowerKw":22,"isMegawatt":false,"status":"AVAILABLE","source":"ndw","priceKwh":0.32}},{"type":"Feature","geometry":{"type":"Point","coordinates":[4.821593,52.378964]},"properties":{"type":"charge","layer":"passenger","locationId":"NLLOC027880","name":"NLD, Amsterdam, Plein '40-45","address":"Plein 40-45 1","city":"Amsterdam","operatorName":"Allego","maxPowerKw":22,"isMegawatt":false,"status":"CHARGING","source":"ndw","priceKwh":0.281}},{"type":"Feature","geometry":{"type":"Point","coordinates":[4.842839,52.37939]},"properties":{"type":"charge","layer":"passenger","locationId":"86c9cdbb-36be-4e38-8154-54e4ddf0dd49","name":"TNLP011442 - Jan van Schaffelaarplantsoen 33, Amsterdam","address":"33 Jan van Schaffelaarplantsoen","city":"Amsterdam","operatorName":"TotalEnergies","maxPowerKw":17,"isMegawatt":false,"status":"AVAILABLE","source":"ndw"}},{"type":"Feature","geometry":{"type":"Point","coordinates":[4.85668,52.36609]},"properties":{"type":"charge","layer":"passenger","locationId":"86de99e4-203d-4efd-9e54-e9602f0caaa2","name":"TNLP010124 - Marco Polostraat 36, Amsterdam","address":"36 Marco Polostraat","city":"Amsterdam","operatorName":"TotalEnergies","maxPowerKw":17,"isMegawatt":false,"status":"AVAILABLE","source":"ndw"}},{"type":"Feature","geometry":{"type":"Point","coordinates":[4.923002,52.40498]},"properties":{"type":"charge","layer":"passenger","locationId":"6661885082b2b2001c813d06","name":"Stichting BovenIJ Personeel","address":"Statenjachtstraat 1","city":"Amsterdam","operatorName":"Pluq","maxPowerKw":22,"isMegawatt":false,"status":"AVAILABLE","source":"ndw","priceKwh":0.4}},{"type":"Feature","geometry":{"type":"Point","coordinates":[4.871928,52.373848]},"properties":{"type":"charge","layer":"passenger","locationId":"AF188098-4E36-4B9B-8D8C-6D6E84543A0F","name":"TNLP011467 - Derde Hugo de Grootstraat 40, Amsterdam","address":"40 Derde Hugo de Grootstraat","city":"Amsterdam","operatorName":"TotalEnergies","maxPowerKw":17,"isMegawatt":false,"status":"AVAILABLE","source":"ndw"}},{"type":"Feature","geometry":{"type":"Point","coordinates":[4.870818,52.324577]},"properties":{"type":"charge","layer":"passenger","locationId":"CDEE2992-A3DB-454E-A244-21B5BE224072","name":"TNLP011068 - Van Boshuizenstraat 691, Amsterdam","address":"691 Van Boshuizenstraat","city":"Amsterdam","operatorName":"TotalEnergies","maxPowerKw":17,"isMegawatt":false,"status":"CHARGING","source":"ndw"}},{"type":"Feature","geometry":{"type":"Point","coordinates":[4.909681,52.363956]},"properties":{"type":"charge","layer":"passenger","locationId":"66607E37-C2A6-45BF-BE89-F6031F670AB8","name":"TNLP011517 - Nieuwe Prinsengracht 102, Amsterdam","address":"102 Nieuwe Prinsengracht","city":"Amsterdam","operatorName":"TotalEnergies","maxPowerKw":17,"isMegawatt":false,"status":"AVAILABLE","source":"ndw"}},{"type":"Feature","geometry":{"type":"Point","coordinates":[4.952818,52.297648]},"properties":{"type":"charge","layer":"passenger","locationId":"OST19P0084_0029_0","name":"OST19P0084_0029_0","address":"Paasheuvelweg 29","city":"Amsterdam","operatorName":"e-VOLTT","maxPowerKw":12,"isMegawatt":false,"status":"AVAILABLE","source":"ndw"}},{"type":"Feature","geometry":{"type":"Point","coordinates":[4.857188,52.36761]},"properties":{"type":"charge","layer":"passenger","locationId":"5B447076-13E0-47F6-840A-A1142C3D2988","name":"TNLP010372 - Admiralengracht 85, Amsterdam","address":"85 Admiralengracht","city":"Amsterdam","operatorName":"TotalEnergies","maxPowerKw":17,"isMegawatt":false,"status":"AVAILABLE","source":"ndw"}},{"type":"Feature","geometry":{"type":"Point","coordinates":[4.967196,52.3202]},"properties":{"type":"charge","layer":"passenger","locationId":"A747735A-5B6F-435A-9AD0-872AE6899FC6","name":"TNLP010265 - Bijlmerdreef 887, Amsterdam","address":"887 Bijlmerdreef","city":"Amsterdam","operatorName":"TotalEnergies","maxPowerKw":17,"isMegawatt":false,"status":"AVAILABLE","source":"ndw"}},{"type":"Feature","geometry":{"type":"Point","coordinates":[4.854584,52.33709]},"properties":{"type":"charge","layer":"passenger","locationId":"OST20P0054_0004_3","name":"OST20P0054_0004_3","address":"Amstelveenseweg 500","city":"Amsterdam","operatorName":"e-VOLTT","maxPowerKw":38,"isMegawatt":false,"status":"AVAILABLE","source":"ndw","priceKwh":0.26}},{"type":"Feature","geometry":{"type":"Point","coordinates":[4.834091,52.373104]},"properties":{"type":"charge","layer":"passenger","locationId":"A87F59D3-8AF2-45AF-9C5F-C95A24F63436","name":"TNLP010526 - Burgemeester Röellstraat 21, Amsterdam","address":"21 Burgemeester Röellstraat","city":"Amsterdam","operatorName":"TotalEnergies","maxPowerKw":17,"isMegawatt":false,"status":"AVAILABLE","source":"ndw"}},{"type":"Feature","geometry":{"type":"Point","coordinates":[4.875929,52.358936]},"properties":{"type":"charge","layer":"passenger","locationId":"B0331A71-B5FC-4070-B779-EACF4C26CA14","name":"TNLP010103 - Pieter Cornelisz Hooftstraat 173, Amsterdam","address":"173 Pieter Cornelisz Hooftstraat","city":"Amsterdam","operatorName":"TotalEnergies","maxPowerKw":17,"isMegawatt":false,"status":"CHARGING","source":"ndw"}},{"type":"Feature","geometry":{"type":"Point","coordinates":[4.780187,52.356426]},"properties":{"type":"charge","layer":"passenger","locationId":"C0D472DF-935C-4FEA-9F4C-66F92E7A5BD8","name":"TNLP011029 - Terpstraat 36, Amsterdam","address":"36 Terpstraat","city":"Amsterdam","operatorName":"TotalEnergies","maxPowerKw":17,"isMegawatt":false,"status":"AVAILABLE","source":"ndw"}},{"type":"Feature","geometry":{"type":"Point","coordinates":[5.043356,52.3079]},"properties":{"type":"charge","layer":"passenger","locationId":"07466F5F-FD14-4243-90AA-730BC76F3DCB","name":"TNLP011252 - Hoogstraat 22, Weesp","address":"22 Hoogstraat","city":"Weesp","operatorName":"TotalEnergies","maxPowerKw":17,"isMegawatt":false,"status":"AVAILABLE","source":"ndw"}},{"type":"Feature","geometry":{"type":"Point","coordinates":[4.905651,52.363194]},"properties":{"type":"charge","layer":"passenger","locationId":"BB4AB65D-BF95-4C2A-9D96-4CF953109923","name":"TNLP011335 - Nieuwe Prinsengracht 20, Amsterdam","address":"20 Nieuwe Prinsengracht","city":"Amsterdam","operatorName":"TotalEnergies","maxPowerKw":17,"isMegawatt":false,"status":"AVAILABLE","source":"ndw"}},{"type":"Feature","geometry":{"type":"Point","coordinates":[4.984422,52.291634]},"properties":{"type":"charge","layer":"passenger","locationId":"D3EEC667-67F4-4C52-A964-7ABA010DE99B","name":"TNLP011448 - Wethouder Driessenstraat 105, Amsterdam","address":"105 Wethouder Driessenstraat","city":"Amsterdam","operatorName":"TotalEnergies","maxPowerKw":17,"isMegawatt":false,"status":"AVAILABLE","source":"ndw"}},{"type":"Feature","geometry":{"type":"Point","coordinates":[4.912237,52.344833]},"properties":{"type":"charge","layer":"passenger","locationId":"15B5E21B-383A-4C6F-B7D8-B93B98B0DEE3","name":"TNLP010007 - Kromme Mijdrechtstraat 99, Amsterdam","address":"99 Kromme Mijdrechtstraat","city":"Amsterdam","operatorName":"TotalEnergies","maxPowerKw":17,"isMegawatt":false,"status":"CHARGING","source":"ndw"}},{"type":"Feature","geometry":{"type":"Point","coordinates":[4.868689,52.34519]},"properties":{"type":"charge","layer":"passenger","locationId":"A9A2719E-5545-4602-B7B7-937E3171AA1E","name":"TNLP011276 - Watteaustraat 44, Amsterdam","address":"44 Watteaustraat","city":"Amsterdam","operatorName":"TotalEnergies","maxPowerKw":17,"isMegawatt":false,"status":"CHARGING","source":"ndw"}},{"type":"Feature","geometry":{"type":"Point","coordinates":[4.902742,52.371235]},"properties":{"type":"charge","layer":"passenger","locationId":"AA4DF47D-D1DC-4AEA-BA3C-FFA815D9B221","name":"TNLP010801 - Korte Keizersstraat 10, Amsterdam","address":"10 Korte Keizersstraat","city":"Amsterdam","operatorName":"TotalEnergies","maxPowerKw":17,"isMegawatt":false,"status":"AVAILABLE","source":"ndw"}},{"type":"Feature","geometry":{"type":"Point","coordinates":[4.870055,52.370255]},"properties":{"type":"charge","layer":"passenger","locationId":"0B0A20F3-930D-4D17-8459-EF28AEEDC054","name":"TNLP010145 - Ter Haarstraat 12, Amsterdam","address":"12 Ter Haarstraat","city":"Amsterdam","operatorName":"TotalEnergies","maxPowerKw":17,"isMegawatt":false,"status":"AVAILABLE","source":"ndw"}},{"type":"Feature","geometry":{"type":"Point","coordinates":[4.928197,52.395206]},"properties":{"type":"charge","layer":"passenger","locationId":"0B620329-70ED-47EE-B8B5-DA320C743A6D","name":"TNLP010992 - Rode Kruisstraat 79, Amsterdam","address":"79 Rode Kruisstraat","city":"Amsterdam","operatorName":"TotalEnergies","maxPowerKw":17,"isMegawatt":false,"status":"AVAILABLE","source":"ndw"}},{"type":"Feature","geometry":{"type":"Point","coordinates":[5.050624,52.301544]},"properties":{"type":"charge","layer":"passenger","locationId":"7F364CF5-F817-44C5-AF27-D6C3A0EE1F43","name":"TNLP011619 - M. Dotingalaan 62, Weesp","address":"62 M. Dotingalaan","city":"Weesp","operatorName":"TotalEnergies","maxPowerKw":17,"isMegawatt":false,"status":"AVAILABLE","source":"ndw"}},{"type":"Feature","geometry":{"type":"Point","coordinates":[4.884697,52.376194]},"properties":{"type":"charge","layer":"passenger","locationId":"2E973130-CC87-4FB0-83BF-1F4AEFABBD41","name":"TNLP011126 - Prinsengracht 241, Amsterdam","address":"241 Prinsengracht","city":"Amsterdam","operatorName":"TotalEnergies","maxPowerKw":17,"isMegawatt":false,"status":"AVAILABLE","source":"ndw"}},{"type":"Feature","geometry":{"type":"Point","coordinates":[4.846462,52.385843]},"properties":{"type":"charge","layer":"passenger","locationId":"1276968","name":"Laadnet XO Hotels Park West","address":"Molenwerf 1","city":"Amsterdam","operatorName":"Laadnet","maxPowerKw":22,"isMegawatt":false,"status":"AVAILABLE","source":"ndw"}},{"type":"Feature","geometry":{"type":"Point","coordinates":[4.801051,52.356106]},"properties":{"type":"charge","layer":"passenger","locationId":"3d37696f-ac5d-4be9-9b44-afe72c7256d9","name":"TNLP010888 - Hoekenes 51B, Amsterdam","address":"51B Hoekenes","city":"Amsterdam","operatorName":"TotalEnergies","maxPowerKw":17,"isMegawatt":false,"status":"AVAILABLE","source":"ndw"}},{"type":"Feature","geometry":{"type":"Point","coordinates":[4.867362,52.3253]},"properties":{"type":"charge","layer":"passenger","locationId":"76F5652B-1FE6-42CB-9C15-4EADC8C83B70","name":"TNLP011320 - Rooswijck 74, Amsterdam","address":"74 Rooswijck","city":"Amsterdam","operatorName":"TotalEnergies","maxPowerKw":17,"isMegawatt":false,"status":"AVAILABLE","source":"ndw"}},{"type":"Feature","geometry":{"type":"Point","coordinates":[4.880744,52.396606]},"properties":{"type":"charge","layer":"passenger","locationId":"7736923C-D748-4C63-8967-13B47F9E8DD8","name":"TNLP011406 - Haparandadam 7, Amsterdam","address":"7 Haparandadam","city":"Amsterdam","operatorName":"TotalEnergies","maxPowerKw":17,"isMegawatt":false,"status":"AVAILABLE","source":"ndw"}},{"type":"Feature","geometry":{"type":"Point","coordinates":[4.874713,52.364582]},"properties":{"type":"charge","layer":"passenger","locationId":"A34FC6CE-DCC2-4732-8288-631AF2250AC6","name":"TNLP011437 - Derde Helmersstraat 88, Amsterdam","address":"88 Derde Helmersstraat","city":"Amsterdam","operatorName":"TotalEnergies","maxPowerKw":17,"isMegawatt":false,"status":"AVAILABLE","source":"ndw"}},{"type":"Feature","geometry":{"type":"Point","coordinates":[5.009343,52.3505]},"properties":{"type":"charge","layer":"passenger","locationId":"CA701E7F-71A7-49BF-BFFF-A47C4C801819","name":"TNLP011285 - Ben Meerendonkstraat 113, Amsterdam","address":"113 Ben Meerendonkstraat","city":"Amsterdam","operatorName":"TotalEnergies","maxPowerKw":17,"isMegawatt":false,"status":"AVAILABLE","source":"ndw"}},{"type":"Feature","geometry":{"type":"Point","coordinates":[4.881151,52.3553]},"properties":{"type":"charge","layer":"passenger","locationId":"D887C6CC-F40B-45B2-86CB-B25FC749137F","name":"TNLP011868 - Moreelsestraat 2, Amsterdam","address":"2 Moreelsestraat","city":"Amsterdam","operatorName":"TotalEnergies","maxPowerKw":17,"isMegawatt":false,"status":"AVAILABLE","source":"ndw"}},{"type":"Feature","geometry":{"type":"Point","coordinates":[4.755148,52.427316]},"properties":{"type":"charge","layer":"passenger","locationId":"4251393","name":"Laadnet Commodity Centre Netherlands B.V.","address":"Ruijgoordweg 140","city":"Amsterdam","operatorName":"Laadnet","maxPowerKw":22,"isMegawatt":false,"status":"AVAILABLE","source":"ndw"}},{"type":"Feature","geometry":{"type":"Point","coordinates":[4.84766,52.348682]},"properties":{"type":"charge","layer":"passenger","locationId":"c0449589-54c0-49fe-aa0a-35e594b9932c","name":"TNLP010832 - Sassenheimstraat 45, Amsterdam","address":"45 Sassenheimstraat","city":"Amsterdam","operatorName":"TotalEnergies","maxPowerKw":17,"isMegawatt":false,"status":"AVAILABLE","source":"ndw"}},{"type":"Feature","geometry":{"type":"Point","coordinates":[4.818836,52.343666]},"properties":{"type":"charge","layer":"passenger","locationId":"6CEFA796-606B-4BBC-BD5B-B84E12A1EBA4","name":"TNLP010620 - Demerhof 2, Amsterdam","address":"2 Demerhof","city":"Amsterdam","operatorName":"TotalEnergies","maxPowerKw":17,"isMegawatt":false,"status":"AVAILABLE","source":"ndw"}},{"type":"Feature","geometry":{"type":"Point","coordinates":[4.972942,52.31564]},"properties":{"type":"charge","layer":"passenger","locationId":"51B2D012-1114-49C2-8843-D3B28249E5FE","name":"TNLP010871 - Krommehoekstraat 12, Amsterdam","address":"12 Krommehoekstraat","city":"Amsterdam","operatorName":"TotalEnergies","maxPowerKw":17,"isMegawatt":false,"status":"AVAILABLE","source":"ndw"}},{"type":"Feature","geometry":{"type":"Point","coordinates":[4.857023,52.39031]},"properties":{"type":"charge","layer":"passenger","locationId":"31672651-1257-4B48-A274-942B9AC8EC45","name":"Eneco eMobility ProCoatings - Amsterdam","address":"Contactweg 30 D","city":"Amsterdam","operatorName":"Eneco","maxPowerKw":22,"isMegawatt":false,"status":"UNAVAILABLE","source":"ndw","priceKwh":0.32}},{"type":"Feature","geometry":{"type":"Point","coordinates":[4.852092,52.361706]},"properties":{"type":"charge","layer":"passenger","locationId":"40EB7209-1F5D-44A6-87A4-093ED3D36B38","name":"TNLP011214 - Curaçaostraat 88, Amsterdam","address":"88 Curaçaostraat","city":"Amsterdam","operatorName":"TotalEnergies","maxPowerKw":17,"isMegawatt":false,"status":"UNAVAILABLE","source":"ndw"}},{"type":"Feature","geometry":{"type":"Point","coordinates":[4.862987,52.344543]},"properties":{"type":"charge","layer":"passenger","locationId":"AB620352-4E0E-43E9-85CD-DBA95413E531","name":"TNLP010098 - Van Tuyll van Serooskerkenweg 27, Amsterdam","address":"27 Van Tuyll van Serooskerkenweg","city":"Amsterdam","operatorName":"TotalEnergies","maxPowerKw":17,"isMegawatt":false,"status":"AVAILABLE","source":"ndw"}},{"type":"Feature","geometry":{"type":"Point","coordinates":[4.809972,52.377865]},"properties":{"type":"charge","layer":"passenger","locationId":"3E43F233-18D5-4AAD-ACF3-291F21500914","name":"TNLP010269 - Lodewijk van Deysselstraat 107, Amsterdam","address":"107 Lodewijk van Deysselstraat","city":"Amsterdam","operatorName":"TotalEnergies","maxPowerKw":17,"isMegawatt":false,"status":"AVAILABLE","source":"ndw"}},{"type":"Feature","geometry":{"type":"Point","coordinates":[4.863549,52.323753]},"properties":{"type":"charge","layer":"passenger","locationId":"35B05F2A-2EC3-42A5-BBBD-C40DB511D31E","name":"TNLP010736 - Soetendaal 77, Amsterdam","address":"77 Soetendaal","city":"Amsterdam","operatorName":"TotalEnergies","maxPowerKw":17,"isMegawatt":false,"status":"AVAILABLE","source":"ndw"}},{"type":"Feature","geometry":{"type":"Point","coordinates":[4.903335,52.352245]},"properties":{"type":"charge","layer":"passenger","locationId":"DF0B08B2-CF62-447E-B868-1CBBA54E3022","name":"TNLP010060 - Tolstraat 91, Amsterdam","address":"91 Tolstraat","city":"Amsterdam","operatorName":"TotalEnergies","maxPowerKw":17,"isMegawatt":false,"status":"CHARGING","source":"ndw"}},{"type":"Feature","geometry":{"type":"Point","coordinates":[5.04538,52.3006]},"properties":{"type":"charge","layer":"passenger","locationId":"CAFA3F44-ED92-4D8E-9019-876CB391A1D8","name":"TNLP011904 - Bastionweg 12, Weesp","address":"12 Bastionweg","city":"Weesp","operatorName":"TotalEnergies","maxPowerKw":17,"isMegawatt":false,"status":"AVAILABLE","source":"ndw"}},{"type":"Feature","geometry":{"type":"Point","coordinates":[4.919229,52.377027]},"properties":{"type":"charge","layer":"passenger","locationId":"691b1f8303bd0ac031a832cc","name":"Funda Real Estate B.V.","address":"Piet Heinkade 167","city":"Amsterdam","operatorName":"E-Flux by Road","maxPowerKw":22,"isMegawatt":false,"status":"AVAILABLE","source":"ndw","priceKwh":0.53}},{"type":"Feature","geometry":{"type":"Point","coordinates":[5.082961,52.292343]},"properties":{"type":"charge","layer":"passenger","locationId":"91007037","name":"Van Leeuwen Provincie","address":"Uitermeer 1","city":"Weesp","operatorName":"Van Leeuwen","maxPowerKw":11,"isMegawatt":false,"status":"AVAILABLE","source":"ndw"}},{"type":"Feature","geometry":{"type":"Point","coordinates":[4.920663,52.335297]},"properties":{"type":"charge","layer":"passenger","locationId":"6e1007e4-7ac5-49f4-8b96-a4e7ca483963","name":"TNLP010487 - Daniël Goedkoopstraat 7, Amsterdam","address":"7 Daniël Goedkoopstraat","city":"Amsterdam","operatorName":"TotalEnergies","maxPowerKw":17,"isMegawatt":false,"status":"CHARGING","source":"ndw"}},{"type":"Feature","geometry":{"type":"Point","coordinates":[4.886865,52.355496]},"properties":{"type":"charge","layer":"passenger","locationId":"68da8db5b954b41febf22e17","name":"Albert Cuyp Parkeergarage","address":"Ruysdealkade 100","city":"Amsterdam","operatorName":"E-Flux by Road","maxPowerKw":11,"isMegawatt":false,"status":"AVAILABLE","source":"ndw","priceKwh":0.493}},{"type":"Feature","geometry":{"type":"Point","coordinates":[4.790879,52.361004]},"properties":{"type":"charge","layer":"passenger","locationId":"91109331","name":"50five-S NL 18B10003","address":"Viveportenstraat 35","city":"Amsterdam","operatorName":"50five","maxPowerKw":11,"isMegawatt":false,"status":"AVAILABLE","source":"ndw"}},{"type":"Feature","geometry":{"type":"Point","coordinates":[4.919229,52.377027]},"properties":{"type":"charge","layer":"passenger","locationId":"691b1fff874f477459023a3b","name":"Funda Real Estate B.V.","address":"Piet Heinkade 167","city":"Amsterdam","operatorName":"E-Flux by Road","maxPowerKw":11,"isMegawatt":false,"status":"AVAILABLE","source":"ndw","priceKwh":0.53}},{"type":"Feature","geometry":{"type":"Point","coordinates":[4.936953,52.351006]},"properties":{"type":"charge","layer":"passenger","locationId":"32EB66EE-2D13-46EB-859E-3920E1C858B4","name":"TNLP010110 - Fraunhoferstraat 22, Amsterdam","address":"22 Fraunhoferstraat","city":"Amsterdam","operatorName":"TotalEnergies","maxPowerKw":17,"isMegawatt":false,"status":"AVAILABLE","source":"ndw"}},{"type":"Feature","geometry":{"type":"Point","coordinates":[4.868926,52.392685]},"properties":{"type":"charge","layer":"passenger","locationId":"692d99d2173fce4dc0c55d72","name":"Westcord Art Hotel","address":"parkeergarage -1 Spaarndammerdijk 302","city":"Amsterdam","operatorName":"E-Flux by Road","maxPowerKw":22,"isMegawatt":false,"status":"AVAILABLE","source":"ndw","priceKwh":0.53}},{"type":"Feature","geometry":{"type":"Point","coordinates":[4.948388,52.304747]},"properties":{"type":"charge","layer":"passenger","locationId":"63201a4cc8ed738afc7aa5bf","name":"Karsp laadpaal 1","address":"Karspeldreef 4","city":"Amsterdam","operatorName":"E-Flux by Road","maxPowerKw":11,"isMegawatt":false,"status":"UNAVAILABLE","source":"ndw","priceKwh":0.48}},{"type":"Feature","geometry":{"type":"Point","coordinates":[4.874513,52.397583]},"properties":{"type":"charge","layer":"passenger","locationId":"91231663","name":"50five-S NL 09000256","address":"Danzigerbocht 41","city":"Amsterdam","operatorName":"50five","maxPowerKw":11,"isMegawatt":false,"status":"UNAVAILABLE","source":"ndw"}},{"type":"Feature","geometry":{"type":"Point","coordinates":[4.788945,52.348408]},"properties":{"type":"charge","layer":"passenger","locationId":"04633A58-ACE9-4694-9C91-5FA88136EEA1","name":"TNLP010852 - Pond Sterlinglaan 40, Amsterdam","address":"40 Pond Sterlinglaan","city":"Amsterdam","operatorName":"TotalEnergies","maxPowerKw":17,"isMegawatt":false,"status":"AVAILABLE","source":"ndw"}},{"type":"Feature","geometry":{"type":"Point","coordinates":[4.862833,52.365982]},"properties":{"type":"charge","layer":"passenger","locationId":"3CB83DE7-1C48-46B7-883B-6735FB9BB2C9","name":"TNLP010026 - Van Effenstraat 7, Amsterdam","address":"7 Van Effenstraat","city":"Amsterdam","operatorName":"TotalEnergies","maxPowerKw":17,"isMegawatt":false,"status":"AVAILABLE","source":"ndw"}},{"type":"Feature","geometry":{"type":"Point","coordinates":[4.93834,52.352688]},"properties":{"type":"charge","layer":"passenger","locationId":"44B2881C-28D7-443D-B426-828150839108","name":"TNLP010073 - Galileïplantsoen 20, Amsterdam","address":"20 Galileïplantsoen","city":"Amsterdam","operatorName":"TotalEnergies","maxPowerKw":17,"isMegawatt":false,"status":"AVAILABLE","source":"ndw"}},{"type":"Feature","geometry":{"type":"Point","coordinates":[4.800562,52.35131]},"properties":{"type":"charge","layer":"passenger","locationId":"7BD1B58E-1C47-464F-8E52-97E4AA82A234","name":"TNLP010904 - Jan Smitstraat 15, Amsterdam","address":"15 Jan Smitstraat","city":"Amsterdam","operatorName":"TotalEnergies","maxPowerKw":17,"isMegawatt":false,"status":"AVAILABLE","source":"ndw"}},{"type":"Feature","geometry":{"type":"Point","coordinates":[4.858007,52.367626]},"properties":{"type":"charge","layer":"passenger","locationId":"53008FA2-A49F-4C64-AD45-9A52F023A275","name":"TNLP011071 - Admiralengracht 84, Amsterdam","address":"84 Admiralengracht","city":"Amsterdam","operatorName":"TotalEnergies","maxPowerKw":17,"isMegawatt":false,"status":"AVAILABLE","source":"ndw"}},{"type":"Feature","geometry":{"type":"Point","coordinates":[4.83633,52.40426]},"properties":{"type":"charge","layer":"passenger","locationId":"5F2C8EBF-EF66-407C-BDAD-B30CBAABEB86","name":"Eneco eMobility Hedin Automotive 1M B.V. - Radarweg 8 - Amsterdam","address":"Radarweg 8","city":"Amsterdam","operatorName":"Eneco","maxPowerKw":11,"isMegawatt":false,"status":"AVAILABLE","source":"ndw","priceKwh":0.58}},{"type":"Feature","geometry":{"type":"Point","coordinates":[4.928722,52.355081]},"properties":{"type":"charge","layer":"passenger","locationId":"60ba102a28d15f517301c16d","name":"Middenweg 1, Kapelle","address":"Middenweg 1","city":"Kapelle","operatorName":"E-Flux by Road","maxPowerKw":22,"isMegawatt":false,"status":"AVAILABLE","source":"ndw","priceKwh":0.23}},{"type":"Feature","geometry":{"type":"Point","coordinates":[4.838675,52.35915]},"properties":{"type":"charge","layer":"passenger","locationId":"5C648EE6-2240-4D8B-8097-194075647672","name":"TNLP011105 - Johan Jongkindstraat 25, Amsterdam","address":"25 Johan Jongkindstraat","city":"Amsterdam","operatorName":"TotalEnergies","maxPowerKw":17,"isMegawatt":false,"status":"AVAILABLE","source":"ndw"}},{"type":"Feature","geometry":{"type":"Point","coordinates":[4.910787,52.355704]},"properties":{"type":"charge","layer":"passenger","locationId":"09AB270F-2A6E-4E09-B866-C6E032C6435D","name":"Eneco eMobility Wibautstraat 80-86 Amsterdam","address":"Wibautstraat 80-86","city":"Amsterdam","operatorName":"Eneco","maxPowerKw":22,"isMegawatt":false,"status":"AVAILABLE","source":"ndw","priceKwh":0.32}},{"type":"Feature","geometry":{"type":"Point","coordinates":[4.870644,52.3739]},"properties":{"type":"charge","layer":"passenger","locationId":"0EB6F652-A45B-4DB8-8546-7399533B2E43","name":"TNLP010880 - Van Reigersbergenstraat 39, Amsterdam","address":"39 Van Reigersbergenstraat","city":"Amsterdam","operatorName":"TotalEnergies","maxPowerKw":17,"isMegawatt":false,"status":"CHARGING","source":"ndw"}},{"type":"Feature","geometry":{"type":"Point","coordinates":[4.965619,52.30391]},"properties":{"type":"charge","layer":"passenger","locationId":"6B04302C-A2E1-4161-92A5-FAFD224C1B7D","name":"TNLP011454 - Maldenhof 128, Amsterdam","address":"128 Maldenhof","city":"Amsterdam","operatorName":"TotalEnergies","maxPowerKw":17,"isMegawatt":false,"status":"AVAILABLE","source":"ndw"}},{"type":"Feature","geometry":{"type":"Point","coordinates":[4.949185,52.34084]},"properties":{"type":"charge","layer":"passenger","locationId":"3DD934C9-1459-4F2B-B7EB-84789CEC57AB","name":"TNLP010442 - Sikkelstraat 7A, Amsterdam","address":"7A Sikkelstraat","city":"Amsterdam","operatorName":"TotalEnergies","maxPowerKw":17,"isMegawatt":false,"status":"AVAILABLE","source":"ndw"}},{"type":"Feature","geometry":{"type":"Point","coordinates":[5.035937,52.307455]},"properties":{"type":"charge","layer":"passenger","locationId":"91051470","name":"50five-S NL PD22300002585","address":"Pr. Irenelaan 72","city":"Amsterdam","operatorName":"50five","maxPowerKw":3,"isMegawatt":false,"status":"UNAVAILABLE","source":"ndw"}},{"type":"Feature","geometry":{"type":"Point","coordinates":[4.837466,52.363064]},"properties":{"type":"charge","layer":"passenger","locationId":"66321cfb1d3119001ccd926c","name":"August Allebeplein laadpaal 3","address":"August Allebeplein 51","city":"AB","operatorName":"E-Flux by Road","maxPowerKw":22,"isMegawatt":false,"status":"AVAILABLE","source":"ndw","priceKwh":0.33}},{"type":"Feature","geometry":{"type":"Point","coordinates":[4.949196,52.401318]},"properties":{"type":"charge","layer":"passenger","locationId":"7CC724EC-560C-409D-B916-24C2853026AA","name":"TNLP010522 - Elpermeer 6, Amsterdam","address":"6 Elpermeer","city":"Amsterdam","operatorName":"TotalEnergies","maxPowerKw":17,"isMegawatt":false,"status":"AVAILABLE","source":"ndw"}},{"type":"Feature","geometry":{"type":"Point","coordinates":[4.860391,52.372166]},"properties":{"type":"charge","layer":"passenger","locationId":"7D7D3644-06AF-443A-9524-740318679FFF","name":"TNLP010018 - Maarten Harpertszoon Trompstraat 11, Amsterdam","address":"11 Maarten Harpertszoon Trompstraat","city":"Amsterdam","operatorName":"TotalEnergies","maxPowerKw":17,"isMegawatt":false,"status":"AVAILABLE","source":"ndw"}},{"type":"Feature","geometry":{"type":"Point","coordinates":[4.782309,52.368322]},"properties":{"type":"charge","layer":"passenger","locationId":"6924349b52c5e00f92125055","name":"Osdorperweg 580","address":"Osdorperweg  580","city":"Amsterdam","operatorName":"E-Flux by Road","maxPowerKw":22,"isMegawatt":false,"status":"AVAILABLE","source":"ndw","priceKwh":0.56}},{"type":"Feature","geometry":{"type":"Point","coordinates":[4.74717,52.420321]},"properties":{"type":"charge","layer":"passenger","locationId":"91228717","name":"50five-S NL 18B02912","address":"Westpoortweg 502","city":"Amsterdam","operatorName":"50five","maxPowerKw":11,"isMegawatt":false,"status":"AVAILABLE","source":"ndw"}},{"type":"Feature","geometry":{"type":"Point","coordinates":[4.975296,52.323698]},"properties":{"type":"charge","layer":"passenger","locationId":"NLLOC027034","name":"NLD, Amsterdam, Gouden Leeuw 100","address":"Gouden Leeuw 100","city":"Amsterdam","operatorName":"Allego","maxPowerKw":22,"isMegawatt":false,"status":"CHARGING","source":"ndw","priceKwh":0.495}},{"type":"Feature","geometry":{"type":"Point","coordinates":[4.878699,52.356693]},"properties":{"type":"charge","layer":"passenger","locationId":"a04908e8-12b8-4f68-88a9-27b52572e419","name":"TNLP011106 - Alexander Boersstraat 2, Amsterdam","address":"2 Alexander Boersstraat","city":"Amsterdam","operatorName":"TotalEnergies","maxPowerKw":17,"isMegawatt":false,"status":"AVAILABLE","source":"ndw"}},{"type":"Feature","geometry":{"type":"Point","coordinates":[4.892463,52.423023]},"properties":{"type":"charge","layer":"passenger","locationId":"BE15E2DC-1A25-4351-8F6E-C7F1377BBE47","name":"TNLP010803 - Dijkbraak 3, Amsterdam","address":"3 Dijkbraak","city":"Amsterdam","operatorName":"TotalEnergies","maxPowerKw":17,"isMegawatt":false,"status":"AVAILABLE","source":"ndw"}},{"type":"Feature","geometry":{"type":"Point","coordinates":[4.805407,52.34869]},"properties":{"type":"charge","layer":"passenger","locationId":"aff3e6d9-799b-4446-9a0f-8990b232b38a","name":"TNLP010019 - Vorselaarstraat 72, Amsterdam","address":"72 Vorselaarstraat","city":"Amsterdam","operatorName":"TotalEnergies","maxPowerKw":17,"isMegawatt":false,"status":"AVAILABLE","source":"ndw"}},{"type":"Feature","geometry":{"type":"Point","coordinates":[4.828666,52.384163]},"properties":{"type":"charge","layer":"passenger","locationId":"099F200C-0515-470A-85BB-DE5715ABCDE9","name":"TNLP011843 - Louis Naarstigstraat 20, Amsterdam","address":"20 Louis Naarstigstraat","city":"Amsterdam","operatorName":"TotalEnergies","maxPowerKw":17,"isMegawatt":false,"status":"AVAILABLE","source":"ndw"}},{"type":"Feature","geometry":{"type":"Point","coordinates":[4.795879,52.379707]},"properties":{"type":"charge","layer":"passenger","locationId":"B769AA9E-FDBF-49B2-A58B-D4A43F5D34A6","name":"TNLP011806 - Marchanthof 98, Amsterdam","address":"98 Marchanthof","city":"Amsterdam","operatorName":"TotalEnergies","maxPowerKw":17,"isMegawatt":false,"status":"AVAILABLE","source":"ndw"}},{"type":"Feature","geometry":{"type":"Point","coordinates":[4.887126,52.35427]},"properties":{"type":"charge","layer":"passenger","locationId":"DD1AF8E9-0FB4-49C9-8B53-009773E3D0F6","name":"TNLP010281 - Ruysdaelkade 123, Amsterdam","address":"123 Ruysdaelkade","city":"Amsterdam","operatorName":"TotalEnergies","maxPowerKw":17,"isMegawatt":false,"status":"AVAILABLE","source":"ndw"}},{"type":"Feature","geometry":{"type":"Point","coordinates":[4.873021,52.337029]},"properties":{"type":"charge","layer":"passenger","locationId":"91314800","name":"50five-S NL Location","address":"Gustav Mahlerplein 50","city":"Amsterdam","operatorName":"50five","maxPowerKw":11,"isMegawatt":false,"status":"AVAILABLE","source":"ndw"}},{"type":"Feature","geometry":{"type":"Point","coordinates":[4.854673,52.394272]},"properties":{"type":"charge","layer":"passenger","locationId":"E40A4586-0024-41B0-865F-5D4FAC613E3B","name":"Eneco eMobility Royal HaskoningDHV Amsterdam","address":"Contactweg 47","city":"Amsterdam","operatorName":"Eneco","maxPowerKw":11,"isMegawatt":false,"status":"AVAILABLE","source":"ndw","priceKwh":0.3}},{"type":"Feature","geometry":{"type":"Point","coordinates":[4.980035,52.29734]},"properties":{"type":"charge","layer":"passenger","locationId":"9CD5BF12-201D-4D23-A5A7-131E1F412D8F","name":"TNLP010764 - Parkhof 47, Amsterdam","address":"47 Parkhof","city":"Amsterdam","operatorName":"TotalEnergies","maxPowerKw":17,"isMegawatt":false,"status":"AVAILABLE","source":"ndw"}},{"type":"Feature","geometry":{"type":"Point","coordinates":[5.041248,52.30575]},"properties":{"type":"charge","layer":"passenger","locationId":"AB6C3291-51B6-496B-83B8-5F087CBF6CA1","name":"TNLP011339 - Achtergracht 86 a, Weesp","address":"86 a Achtergracht","city":"Weesp","operatorName":"TotalEnergies","maxPowerKw":17,"isMegawatt":false,"status":"CHARGING","source":"ndw"}},{"type":"Feature","geometry":{"type":"Point","coordinates":[4.851611,52.35347]},"properties":{"type":"charge","layer":"passenger","locationId":"7ef77214-e552-455c-8aea-f11a017eaea2","name":"TNLP011181 - Weissenbruchstraat 1, Amsterdam","address":"1 Weissenbruchstraat","city":"Amsterdam","operatorName":"TotalEnergies","maxPowerKw":17,"isMegawatt":false,"status":"AVAILABLE","source":"ndw"}},{"type":"Feature","geometry":{"type":"Point","coordinates":[4.79302,52.345417]},"properties":{"type":"charge","layer":"passenger","locationId":"38D7E6C2-40E2-40AD-9683-9C6ACA270DA9","name":"TNLP010873 - Sporadenlaan 42, Amsterdam","address":"42 Sporadenlaan","city":"Amsterdam","operatorName":"TotalEnergies","maxPowerKw":17,"isMegawatt":false,"status":"AVAILABLE","source":"ndw"}},{"type":"Feature","geometry":{"type":"Point","coordinates":[4.906568,52.35773]},"properties":{"type":"charge","layer":"passenger","locationId":"D9538516-143F-4E90-81C3-E3F0FEFD124A","name":"TNLP010614 - Weesperzijde 19, Amsterdam","address":"19 Weesperzijde","city":"Amsterdam","operatorName":"TotalEnergies","maxPowerKw":17,"isMegawatt":false,"status":"CHARGING","source":"ndw"}},{"type":"Feature","geometry":{"type":"Point","coordinates":[4.841885,52.387256]},"properties":{"type":"charge","layer":"passenger","locationId":"55891354","name":"50five Intrum","address":"Telepoortboulevard 136-142","city":"Amsterdam","operatorName":"50five","maxPowerKw":22,"isMegawatt":false,"status":"AVAILABLE","source":"ndw"}},{"type":"Feature","geometry":{"type":"Point","coordinates":[4.846907,52.35084]},"properties":{"type":"charge","layer":"passenger","locationId":"F07D2A57-E702-4188-B8FF-7F8CAC1682D6","name":"TNLP010126 - Piet Gijzenbrugstraat 5, Amsterdam","address":"5 Piet Gijzenbrugstraat","city":"Amsterdam","operatorName":"TotalEnergies","maxPowerKw":17,"isMegawatt":false,"status":"CHARGING","source":"ndw"}},{"type":"Feature","geometry":{"type":"Point","coordinates":[4.874706,52.384968]},"properties":{"type":"charge","layer":"passenger","locationId":"3C9F5840-E798-4AE1-B146-23A77301ED9E","name":"TNLP010488 - Joan Melchior Kemperstraat 38, Amsterdam","address":"38 Joan Melchior Kemperstraat","city":"Amsterdam","operatorName":"TotalEnergies","maxPowerKw":17,"isMegawatt":false,"status":"AVAILABLE","source":"ndw"}},{"type":"Feature","geometry":{"type":"Point","coordinates":[4.863533,52.374016]},"properties":{"type":"charge","layer":"passenger","locationId":"F29677DF-2BA7-4AC2-8AE9-2C7E6500E8BF","name":"TNLP010893 - Willem de Zwijgerlaan 126, Amsterdam","address":"126 Willem de Zwijgerlaan","city":"Amsterdam","operatorName":"TotalEnergies","maxPowerKw":17,"isMegawatt":false,"status":"AVAILABLE","source":"ndw"}},{"type":"Feature","geometry":{"type":"Point","coordinates":[4.948179,52.368747]},"properties":{"type":"charge","layer":"passenger","locationId":"614af774ffa08627fe14bb00","name":"ParkingYou Zeeburgerkade","address":"Wijnsilostraat 2","city":"Amsterdam","operatorName":"E-Flux by Road","maxPowerKw":22,"isMegawatt":false,"status":"AVAILABLE","source":"ndw","priceKwh":0.37}},{"type":"Feature","geometry":{"type":"Point","coordinates":[4.898273,52.35957]},"properties":{"type":"charge","layer":"passenger","locationId":"68fce813-1bbf-4674-8b7d-ab74205fe201","name":"TNLP010338 - Weteringschans 275, Amsterdam","address":"275 Weteringschans","city":"Amsterdam","operatorName":"TotalEnergies","maxPowerKw":17,"isMegawatt":false,"status":"AVAILABLE","source":"ndw"}},{"type":"Feature","geometry":{"type":"Point","coordinates":[4.996554,52.356243]},"properties":{"type":"charge","layer":"passenger","locationId":"8174de83-2740-4fe6-a689-90de11b0733f","name":"TNLP010363 - Diemerparklaan 27, Amsterdam","address":"27 Diemerparklaan","city":"Amsterdam","operatorName":"TotalEnergies","maxPowerKw":17,"isMegawatt":false,"status":"AVAILABLE","source":"ndw"}},{"type":"Feature","geometry":{"type":"Point","coordinates":[4.898128,52.416162]},"properties":{"type":"charge","layer":"passenger","locationId":"91064723","name":"50five-S NL 07107545","address":"Landsmeerderdijk 4","city":"Amsterdam","operatorName":"50five","maxPowerKw":5,"isMegawatt":false,"status":"AVAILABLE","source":"ndw"}},{"type":"Feature","geometry":{"type":"Point","coordinates":[4.953864,52.370395]},"properties":{"type":"charge","layer":"passenger","locationId":"91106396","name":"50five-S NL 18B14258","address":"Cruquiusweg 111-F","city":"Amsterdam","operatorName":"50five","maxPowerKw":11,"isMegawatt":false,"status":"AVAILABLE","source":"ndw"}},{"type":"Feature","geometry":{"type":"Point","coordinates":[4.8766,52.399707]},"properties":{"type":"charge","layer":"passenger","locationId":"C8CF8053-3C56-4528-89DF-316C59808C5C","name":"Eneco eMobility Cocon Vastgoed Management B.V. - Amsterdam","address":"Danzigerkade 17","city":"Amsterdam","operatorName":"Eneco","maxPowerKw":11,"isMegawatt":false,"status":"AVAILABLE","source":"ndw","priceKwh":0.25}},{"type":"Feature","geometry":{"type":"Point","coordinates":[4.80251,52.364418]},"properties":{"type":"charge","layer":"passenger","locationId":"66fb8821-589e-4357-b51b-eb2727346dd6","name":"Laadplein - TNLP010212 - Boutenburg 2, Amsterdam","address":"2 Boutenburg","city":"Amsterdam","operatorName":"TotalEnergies","maxPowerKw":17,"isMegawatt":false,"status":"AVAILABLE","source":"ndw"}},{"type":"Feature","geometry":{"type":"Point","coordinates":[4.866999,52.32545]},"properties":{"type":"charge","layer":"passenger","locationId":"9CA90AFB-84EB-4F61-9D61-25DF51D35888","name":"TNLP010214S - Rooswijck 5, Amsterdam","address":"5 Rooswijck","city":"Amsterdam","operatorName":"TotalEnergies","maxPowerKw":17,"isMegawatt":false,"status":"UNAVAILABLE","source":"ndw"}},{"type":"Feature","geometry":{"type":"Point","coordinates":[5.039274,52.304337]},"properties":{"type":"charge","layer":"passenger","locationId":"8BCB445C-2B9F-450B-A137-5CE950C82185","name":"TNLP011368 - Hugo de Grootlaan 23, Weesp","address":"23 Hugo de Grootlaan","city":"Weesp","operatorName":"TotalEnergies","maxPowerKw":17,"isMegawatt":false,"status":"AVAILABLE","source":"ndw"}},{"type":"Feature","geometry":{"type":"Point","coordinates":[4.917801,52.371951]},"properties":{"type":"charge","layer":"passenger","locationId":"NLLOC027161","name":"NLD, Amsterdam, Kat­ten­bur­ger­straat 50-52","address":"Kat­ten­bur­ger­straat 50-52","city":"Amsterdam","operatorName":"Allego","maxPowerKw":22,"isMegawatt":false,"status":"AVAILABLE","source":"ndw","priceKwh":0.495}},{"type":"Feature","geometry":{"type":"Point","coordinates":[4.90312,52.35422]},"properties":{"type":"charge","layer":"passenger","locationId":"11859a07-9235-49f6-8c16-299656456fc7","name":"TNLP010979 - Van Ostadestraat 339, Amsterdam","address":"339 Van Ostadestraat","city":"Amsterdam","operatorName":"TotalEnergies","maxPowerKw":17,"isMegawatt":false,"status":"CHARGING","source":"ndw"}},{"type":"Feature","geometry":{"type":"Point","coordinates":[4.858858,52.345547]},"properties":{"type":"charge","layer":"passenger","locationId":"e5ab07fb-8b8c-45bc-8722-30e7670cff82","name":"TNLP011851 - Stadionweg 324, Amsterdam","address":"324 Stadionweg","city":"Amsterdam","operatorName":"TotalEnergies","maxPowerKw":17,"isMegawatt":false,"status":"AVAILABLE","source":"ndw"}},{"type":"Feature","geometry":{"type":"Point","coordinates":[4.852572,52.408338]},"properties":{"type":"charge","layer":"passenger","locationId":"C6BCD023-0BF4-4931-9CAD-7042599E25B0","name":"Eneco eMobility KWS Infra Riebeeckhavenweg","address":"Jan van Riebeeckhavenweg 5-7","city":"Amsterdam","operatorName":"Eneco","maxPowerKw":22,"isMegawatt":false,"status":"AVAILABLE","source":"ndw","priceKwh":0.33}},{"type":"Feature","geometry":{"type":"Point","coordinates":[4.92407,52.369102]},"properties":{"type":"charge","layer":"passenger","locationId":"9bde5d5d-0ef1-4c14-b9ab-873282b416af","name":"TNLP010010 - Compagniestraat 56, Amsterdam","address":"56 Compagniestraat","city":"Amsterdam","operatorName":"TotalEnergies","maxPowerKw":17,"isMegawatt":false,"status":"AVAILABLE","source":"ndw"}},{"type":"Feature","geometry":{"type":"Point","coordinates":[4.914437,52.333321]},"properties":{"type":"charge","layer":"passenger","locationId":"NLLOC003182","name":"NLD, Joan Muyskenweg 20, 1096 CJ Amsterdam","address":"Joan Muyskenweg 20","city":"Amsterdam","operatorName":"Allego","maxPowerKw":22,"isMegawatt":false,"status":"AVAILABLE","source":"ndw","priceKwh":0.511}},{"type":"Feature","geometry":{"type":"Point","coordinates":[4.90405,52.34231]},"properties":{"type":"charge","layer":"passenger","locationId":"21880AD7-91E4-4C83-8F10-A59B00874680","name":"TNLP010163 - Kribbestraat 3, Amsterdam","address":"3 Kribbestraat","city":"Amsterdam","operatorName":"TotalEnergies","maxPowerKw":17,"isMegawatt":false,"status":"AVAILABLE","source":"ndw"}},{"type":"Feature","geometry":{"type":"Point","coordinates":[4.863073,52.350994]},"properties":{"type":"charge","layer":"passenger","locationId":"123ea9c2-a71f-49cf-a96a-55e97f73585d","name":"TNLP010386 - Okeghemstraat 28, Amsterdam","address":"28 Okeghemstraat","city":"Amsterdam","operatorName":"TotalEnergies","maxPowerKw":17,"isMegawatt":false,"status":"AVAILABLE","source":"ndw"}},{"type":"Feature","geometry":{"type":"Point","coordinates":[5.04,52.30198]},"properties":{"type":"charge","layer":"passenger","locationId":"DDBEF51B-806C-4AE6-8C88-3C5AB25EF8E1","name":"TNLP011362 - De Vennen 22, Weesp","address":"22 De Vennen","city":"Weesp","operatorName":"TotalEnergies","maxPowerKw":17,"isMegawatt":false,"status":"CHARGING","source":"ndw"}},{"type":"Feature","geometry":{"type":"Point","coordinates":[4.956744,52.314854]},"properties":{"type":"charge","layer":"passenger","locationId":"d240252b70074019b72ab431bd1a1224","name":"Bouwplaats Dura Vermeer Anton de Komplein 190","address":"Anton de Komplein 190","city":"Amsterdam","operatorName":"NRG Group","maxPowerKw":22,"isMegawatt":false,"status":"AVAILABLE","source":"ndw","priceKwh":0.35}},{"type":"Feature","geometry":{"type":"Point","coordinates":[4.898849,52.351227]},"properties":{"type":"charge","layer":"passenger","locationId":"61C03688-84BB-4784-B747-E9E1D9B294CF","name":"TNLP010025 - Lutmastraat 101, Amsterdam","address":"101 Lutmastraat","city":"Amsterdam","operatorName":"TotalEnergies","maxPowerKw":17,"isMegawatt":false,"status":"AVAILABLE","source":"ndw"}},{"type":"Feature","geometry":{"type":"Point","coordinates":[4.905328,52.39284]},"properties":{"type":"charge","layer":"passenger","locationId":"680B88ED-08B7-4403-9BEC-DEA60EC8C20F","name":"TNLP011513 - Distelweg 85, Amsterdam","address":"85 Distelweg","city":"Amsterdam","operatorName":"TotalEnergies","maxPowerKw":17,"isMegawatt":false,"status":"AVAILABLE","source":"ndw"}},{"type":"Feature","geometry":{"type":"Point","coordinates":[4.809228,52.39002]},"properties":{"type":"charge","layer":"passenger","locationId":"NLLOC027843","name":"NLD, Amsterdam, Theemsweg 28","address":"Theemsweg 28","city":"Amsterdam","operatorName":"Allego","maxPowerKw":22,"isMegawatt":false,"status":"CHARGING","source":"ndw","priceKwh":0.281}},{"type":"Feature","geometry":{"type":"Point","coordinates":[4.867524,52.328285]},"properties":{"type":"charge","layer":"passenger","locationId":"11C139C5-7C88-474E-8E4C-334358DAC570","name":"TNLP011893 - Assumburg 73, Amsterdam","address":"73 Assumburg","city":"Amsterdam","operatorName":"TotalEnergies","maxPowerKw":17,"isMegawatt":false,"status":"CHARGING","source":"ndw"}},{"type":"Feature","geometry":{"type":"Point","coordinates":[4.779662,52.391125]},"properties":{"type":"charge","layer":"passenger","locationId":"6D9155E0-21B5-470B-AC86-5EB0213EA3CC","name":"TNLP011292 - Tijnmuiden 18, Amsterdam","address":"18 Tijnmuiden","city":"Amsterdam","operatorName":"TotalEnergies","maxPowerKw":17,"isMegawatt":false,"status":"CHARGING","source":"ndw"}},{"type":"Feature","geometry":{"type":"Point","coordinates":[4.853241,52.345406]},"properties":{"type":"charge","layer":"passenger","locationId":"6E04B70B-C11B-4C48-8EFF-387A8E0E4C7B","name":"TNLP011015 - Artemisstraat 102, Amsterdam","address":"102 Artemisstraat","city":"Amsterdam","operatorName":"TotalEnergies","maxPowerKw":17,"isMegawatt":false,"status":"AVAILABLE","source":"ndw"}},{"type":"Feature","geometry":{"type":"Point","coordinates":[4.934104,52.407176]},"properties":{"type":"charge","layer":"passenger","locationId":"91058859","name":"50five-S NL 03008003","address":"C. Kruyswijkstraat 42","city":"Amsterdam","operatorName":"50five","maxPowerKw":11,"isMegawatt":false,"status":"AVAILABLE","source":"ndw"}},{"type":"Feature","geometry":{"type":"Point","coordinates":[4.999364,52.355312]},"properties":{"type":"charge","layer":"passenger","locationId":"6FD30643-1BC8-44F1-8711-2CE78339299E","name":"TNLP011373 - Kiekstraat 151, Amsterdam","address":"151 Kiekstraat","city":"Amsterdam","operatorName":"TotalEnergies","maxPowerKw":17,"isMegawatt":false,"status":"CHARGING","source":"ndw"}},{"type":"Feature","geometry":{"type":"Point","coordinates":[4.948388,52.304747]},"properties":{"type":"charge","layer":"passenger","locationId":"633e961df5393b37bda0b34b","name":"Karsp: Leaseplan","address":"Karspeldreef  4","city":"Amsterdam","operatorName":"E-Flux by Road","maxPowerKw":22,"isMegawatt":false,"status":"AVAILABLE","source":"ndw","priceKwh":0.48}},{"type":"Feature","geometry":{"type":"Point","coordinates":[5.03512,52.30808]},"properties":{"type":"charge","layer":"passenger","locationId":"75617F7E-2788-4676-92D6-AE453C7AD135","name":"TNLP011572 - Buitenveer 35, Weesp","address":"35 Buitenveer","city":"Weesp","operatorName":"TotalEnergies","maxPowerKw":17,"isMegawatt":false,"status":"AVAILABLE","source":"ndw"}},{"type":"Feature","geometry":{"type":"Point","coordinates":[4.896841,52.34517]},"properties":{"type":"charge","layer":"passenger","locationId":"636E51EA-6AA8-4E1E-B798-1FAEFE53B3A8","name":"TNLP010062 - Biesboschstraat 54, Amsterdam","address":"54 Biesboschstraat","city":"Amsterdam","operatorName":"TotalEnergies","maxPowerKw":17,"isMegawatt":false,"status":"AVAILABLE","source":"ndw"}},{"type":"Feature","geometry":{"type":"Point","coordinates":[4.897917,52.343754]},"properties":{"type":"charge","layer":"passenger","locationId":"902F1CE0-5615-4B78-866B-FFB0A5679C4D","name":"TNLP011315 - Rooseveltlaan 152 III, Amsterdam","address":"152 III Rooseveltlaan","city":"Amsterdam","operatorName":"TotalEnergies","maxPowerKw":17,"isMegawatt":false,"status":"AVAILABLE","source":"ndw"}},{"type":"Feature","geometry":{"type":"Point","coordinates":[4.876781,52.399258]},"properties":{"type":"charge","layer":"passenger","locationId":"OST20P0044_0003_8","name":"OST20P0044_0003_8","address":"Danzigerkade 15","city":"Amsterdam","operatorName":"e-VOLTT","maxPowerKw":21,"isMegawatt":false,"status":"AVAILABLE","source":"ndw","priceKwh":0.32}},{"type":"Feature","geometry":{"type":"Point","coordinates":[4.915027,52.35539]},"properties":{"type":"charge","layer":"passenger","locationId":"C49F56F9-BC57-4BE6-B8B1-F0AE1BD11482","name":"TNLP010089 - Vrolikstraat 217, Amsterdam","address":"217 Vrolikstraat","city":"Amsterdam","operatorName":"TotalEnergies","maxPowerKw":17,"isMegawatt":false,"status":"CHARGING","source":"ndw"}},{"type":"Feature","geometry":{"type":"Point","coordinates":[4.939226,52.36324]},"properties":{"type":"charge","layer":"passenger","locationId":"D36C9D8C-30EC-4AC1-ACA2-5908D55831D7","name":"TNLP011359 - Balistraat 141, Amsterdam","address":"141 Balistraat","city":"Amsterdam","operatorName":"TotalEnergies","maxPowerKw":17,"isMegawatt":false,"status":"AVAILABLE","source":"ndw"}},{"type":"Feature","geometry":{"type":"Point","coordinates":[4.882832,52.359761]},"properties":{"type":"charge","layer":"passenger","locationId":"2084993","name":"Laadnet Royal Coster Diamonds","address":"Paulus Potterstraat 2","city":"Amsterdam","operatorName":"Laadnet","maxPowerKw":22,"isMegawatt":false,"status":"AVAILABLE","source":"ndw"}},{"type":"Feature","geometry":{"type":"Point","coordinates":[4.877701,52.358074]},"properties":{"type":"charge","layer":"passenger","locationId":"036BD2C8-E407-4FEE-B941-34D03A6EFA19","name":"TNLP010249 - Alexander Boersstraat 25, Amsterdam","address":"25 Alexander Boersstraat","city":"Amsterdam","operatorName":"TotalEnergies","maxPowerKw":17,"isMegawatt":false,"status":"AVAILABLE","source":"ndw"}},{"type":"Feature","geometry":{"type":"Point","coordinates":[4.874865,52.363934]},"properties":{"type":"charge","layer":"passenger","locationId":"4d5b7c54-8db7-4cbe-9490-a6f5bbe25d23","name":"TNLP010310 - Tweede Helmersstraat 99, Amsterdam","address":"99 Tweede Helmersstraat","city":"Amsterdam","operatorName":"TotalEnergies","maxPowerKw":17,"isMegawatt":false,"status":"AVAILABLE","source":"ndw"}},{"type":"Feature","geometry":{"type":"Point","coordinates":[4.918782,52.385765]},"properties":{"type":"charge","layer":"passenger","locationId":"4B52E338-9CFB-4DE2-87A8-1F4AC0E82C97","name":"TNLP011331 - Ganzenweg 2, Amsterdam","address":"2 Ganzenweg","city":"Amsterdam","operatorName":"TotalEnergies","maxPowerKw":17,"isMegawatt":false,"status":"AVAILABLE","source":"ndw"}},{"type":"Feature","geometry":{"type":"Point","coordinates":[4.871874,52.384167]},"properties":{"type":"charge","layer":"passenger","locationId":"6c49583f-b86d-472a-83ca-4046ae1dc4d2","name":"TNLP010067 - Groen van Prinstererstraat 15, Amsterdam","address":"15 Groen van Prinstererstraat","city":"Amsterdam","operatorName":"TotalEnergies","maxPowerKw":17,"isMegawatt":false,"status":"AVAILABLE","source":"ndw"}},{"type":"Feature","geometry":{"type":"Point","coordinates":[4.880459,52.329823]},"properties":{"type":"charge","layer":"passenger","locationId":"72EF668D-8BD8-4EC4-91A9-D73F4474E76E","name":"TNLP010270 - Geervliet 235, Amsterdam","address":"235 Geervliet","city":"Amsterdam","operatorName":"TotalEnergies","maxPowerKw":17,"isMegawatt":false,"status":"AVAILABLE","source":"ndw"}},{"type":"Feature","geometry":{"type":"Point","coordinates":[4.868547,52.355503]},"properties":{"type":"charge","layer":"passenger","locationId":"8DCCAA65-CD9F-41D6-A092-110F3A191314","name":"TNLP010008 - Willemsparkweg 210, Amsterdam","address":"210 Willemsparkweg","city":"Amsterdam","operatorName":"TotalEnergies","maxPowerKw":17,"isMegawatt":false,"status":"AVAILABLE","source":"ndw"}},{"type":"Feature","geometry":{"type":"Point","coordinates":[4.921083,52.364456]},"properties":{"type":"charge","layer":"passenger","locationId":"9DE4CF4B-DCA9-4100-9FFB-C6AF43B36B0D","name":"TNLP010315 - Kazernestraat 2, Amsterdam","address":"2 Kazernestraat","city":"Amsterdam","operatorName":"TotalEnergies","maxPowerKw":17,"isMegawatt":false,"status":"CHARGING","source":"ndw"}},{"type":"Feature","geometry":{"type":"Point","coordinates":[4.915853,52.3627]},"properties":{"type":"charge","layer":"passenger","locationId":"672e0f96-177b-4535-9667-96801cfa5379","name":"TNLP011172 - Sarphatistraat 213, Amsterdam","address":"213 Sarphatistraat","city":"Amsterdam","operatorName":"TotalEnergies","maxPowerKw":17,"isMegawatt":false,"status":"AVAILABLE","source":"ndw"}},{"type":"Feature","geometry":{"type":"Point","coordinates":[4.915178,52.369434]},"properties":{"type":"charge","layer":"passenger","locationId":"6FA85525-80D2-4C0F-A77F-288181ACE204","name":"TNLP010898 - Hoogte Kadijk 86, Amsterdam","address":"86 Hoogte Kadijk","city":"Amsterdam","operatorName":"TotalEnergies","maxPowerKw":17,"isMegawatt":false,"status":"UNAVAILABLE","source":"ndw"}},{"type":"Feature","geometry":{"type":"Point","coordinates":[4.804049,52.373856]},"properties":{"type":"charge","layer":"passenger","locationId":"FD3E18C9-BF62-4249-8E89-052514E9697D","name":"TNLP010882 - Homme Hettingastraat 31, Amsterdam","address":"31 Homme Hettingastraat","city":"Amsterdam","operatorName":"TotalEnergies","maxPowerKw":17,"isMegawatt":false,"status":"AVAILABLE","source":"ndw"}},{"type":"Feature","geometry":{"type":"Point","coordinates":[4.909889,52.36146]},"properties":{"type":"charge","layer":"passenger","locationId":"cb646d0f-0961-4fef-8342-32a6ab03bd27","name":"TNLP011897 - Sarphatistraat 80, Amsterdam","address":"80 Sarphatistraat","city":"Amsterdam","operatorName":"TotalEnergies","maxPowerKw":17,"isMegawatt":false,"status":"AVAILABLE","source":"ndw"}},{"type":"Feature","geometry":{"type":"Point","coordinates":[4.87291,52.378254]},"properties":{"type":"charge","layer":"passenger","locationId":"fbf3d995-d3cb-4886-9a31-37e49d3248b4","name":"TNLP010632 - Zaagmolenstraat 32, Amsterdam","address":"32 Zaagmolenstraat","city":"Amsterdam","operatorName":"TotalEnergies","maxPowerKw":17,"isMegawatt":false,"status":"AVAILABLE","source":"ndw"}},{"type":"Feature","geometry":{"type":"Point","coordinates":[5.040416,52.29994]},"properties":{"type":"charge","layer":"passenger","locationId":"DB25813B-932C-4A95-B200-B10204087BCA","name":"TNLP011378 - G.J. Wiefferingdreef 11, Weesp","address":"11 G.J. Wiefferingdreef","city":"Weesp","operatorName":"TotalEnergies","maxPowerKw":17,"isMegawatt":false,"status":"AVAILABLE","source":"ndw"}},{"type":"Feature","geometry":{"type":"Point","coordinates":[4.917931,52.364067]},"properties":{"type":"charge","layer":"passenger","locationId":"E4BA7CF1-070A-4D6F-B67F-2B790F2DA9F5","name":"TNLP011332 - Plantage Muidergracht 163, Amsterdam","address":"163 Plantage Muidergracht","city":"Amsterdam","operatorName":"TotalEnergies","maxPowerKw":17,"isMegawatt":false,"status":"AVAILABLE","source":"ndw"}},{"type":"Feature","geometry":{"type":"Point","coordinates":[4.942567,52.37126]},"properties":{"type":"charge","layer":"passenger","locationId":"cfacc52b-ca22-4992-b2e2-4b161078d138","name":"TNLP011317 - Feike de Boerlaan 150, Amsterdam","address":"150 Feike de Boerlaan","city":"Amsterdam","operatorName":"TotalEnergies","maxPowerKw":17,"isMegawatt":false,"status":"AVAILABLE","source":"ndw"}},{"type":"Feature","geometry":{"type":"Point","coordinates":[4.850579,52.38395]},"properties":{"type":"charge","layer":"passenger","locationId":"EFE8319D-35FE-45FC-9671-12FA4D892C0F","name":"TNLP010412 - Doggersbankstraat 2, Amsterdam","address":"2 Doggersbankstraat","city":"Amsterdam","operatorName":"TotalEnergies","maxPowerKw":17,"isMegawatt":false,"status":"AVAILABLE","source":"ndw"}},{"type":"Feature","geometry":{"type":"Point","coordinates":[4.926247,52.353374]},"properties":{"type":"charge","layer":"passenger","locationId":"414CDC76-3BE3-46F4-AE8F-F4EE0CACB950","name":"TNLP010583 - Simon Stevinstraat 40, Amsterdam","address":"40 Simon Stevinstraat","city":"Amsterdam","operatorName":"TotalEnergies","maxPowerKw":17,"isMegawatt":false,"status":"AVAILABLE","source":"ndw"}},{"type":"Feature","geometry":{"type":"Point","coordinates":[4.90499,52.34356]},"properties":{"type":"charge","layer":"passenger","locationId":"F5B98078-D94F-44E1-8898-7DCFA9B58A9B","name":"TNLP010254 - Hunzestraat 22, Amsterdam","address":"22 Hunzestraat","city":"Amsterdam","operatorName":"TotalEnergies","maxPowerKw":17,"isMegawatt":false,"status":"AVAILABLE","source":"ndw"}},{"type":"Feature","geometry":{"type":"Point","coordinates":[4.78784,52.347347]},"properties":{"type":"charge","layer":"passenger","locationId":"F98B7061-6D82-441B-9504-7F7734CE2C25","name":"TNLP011262 - Pond Sterlinglaan 64, Amsterdam","address":"64 Pond Sterlinglaan","city":"Amsterdam","operatorName":"TotalEnergies","maxPowerKw":17,"isMegawatt":false,"status":"AVAILABLE","source":"ndw"}},{"type":"Feature","geometry":{"type":"Point","coordinates":[4.886026,52.3319]},"properties":{"type":"charge","layer":"passenger","locationId":"E98B841D-655F-4E80-9FB4-6190EC1DBBBB","name":"TNLP011793 - Dikninge 81, Amsterdam","address":"81 Dikninge","city":"Amsterdam","operatorName":"TotalEnergies","maxPowerKw":17,"isMegawatt":false,"status":"AVAILABLE","source":"ndw"}},{"type":"Feature","geometry":{"type":"Point","coordinates":[4.870051,52.368412]},"properties":{"type":"charge","layer":"passenger","locationId":"FE5B2622-06E3-4300-9238-075E4937AE8A","name":"TNLP011189 - Bilderdijkkade 27, Amsterdam","address":"27 Bilderdijkkade","city":"Amsterdam","operatorName":"TotalEnergies","maxPowerKw":17,"isMegawatt":false,"status":"AVAILABLE","source":"ndw"}},{"type":"Feature","geometry":{"type":"Point","coordinates":[4.883751,52.356064]},"properties":{"type":"charge","layer":"passenger","locationId":"A10043C4-6E6A-4956-A8F4-3B38469A5A5F","name":"TNLP010360 - Johannes Vermeerstraat 26, Amsterdam","address":"26 Johannes Vermeerstraat","city":"Amsterdam","operatorName":"TotalEnergies","maxPowerKw":17,"isMegawatt":false,"status":"AVAILABLE","source":"ndw"}},{"type":"Feature","geometry":{"type":"Point","coordinates":[4.79498,52.400076]},"properties":{"type":"charge","layer":"passenger","locationId":"6756f907fd4fcd58c455c5a1","name":"Australiehavenweg 116, Amsterdam","address":"Australiehavenweg 116","city":"Amsterdam","operatorName":"Alva Charging Services","maxPowerKw":50,"isMegawatt":false,"status":"AVAILABLE","source":"ndw","priceKwh":0.66}},{"type":"Feature","geometry":{"type":"Point","coordinates":[4.922601,52.369076]},"properties":{"type":"charge","layer":"passenger","locationId":"3a87de25-2eec-49f1-84e8-5ee39d79ab11","name":"Laadplein - TNLP010207 - Oostenburgervoorstraat 2, Amsterdam","address":"2 Oostenburgervoorstraat","city":"Amsterdam","operatorName":"TotalEnergies","maxPowerKw":17,"isMegawatt":false,"status":"AVAILABLE","source":"ndw"}},{"type":"Feature","geometry":{"type":"Point","coordinates":[4.892399,52.386193]},"properties":{"type":"charge","layer":"passenger","locationId":"91314193","name":"50five-S NL Location","address":"Westerdok 800","city":"Amsterdam","operatorName":"50five","maxPowerKw":11,"isMegawatt":false,"status":"AVAILABLE","source":"ndw"}},{"type":"Feature","geometry":{"type":"Point","coordinates":[4.836126,52.35118]},"properties":{"type":"charge","layer":"passenger","locationId":"61103586","name":"50five Exploitatie Maassluisstraat openbaar laadpunt voor kantoor Mun","address":"Maassluisstraat 2","city":"Amsterdam","operatorName":"50five","maxPowerKw":22,"isMegawatt":false,"status":"AVAILABLE","source":"ndw"}},{"type":"Feature","geometry":{"type":"Point","coordinates":[4.912404,52.405445]},"properties":{"type":"charge","layer":"passenger","locationId":"f0ba7ae7-8b09-4e2f-bab4-ef920e9a6979","name":"TNLP011381 - Lichterstraat 69, Amsterdam","address":"69 Lichterstraat","city":"Amsterdam","operatorName":"TotalEnergies","maxPowerKw":17,"isMegawatt":false,"status":"AVAILABLE","source":"ndw"}},{"type":"Feature","geometry":{"type":"Point","coordinates":[4.892928,52.35076]},"properties":{"type":"charge","layer":"passenger","locationId":"81ec1350-dbbd-49f3-b87e-83a31abc302d","name":"TNLP010280 - Karel du Jardinstraat 4, Amsterdam","address":"4 Karel du Jardinstraat","city":"Amsterdam","operatorName":"TotalEnergies","maxPowerKw":17,"isMegawatt":false,"status":"AVAILABLE","source":"ndw"}},{"type":"Feature","geometry":{"type":"Point","coordinates":[4.886565,52.345924]},"properties":{"type":"charge","layer":"passenger","locationId":"0530522C-22E4-401B-A589-8E212FC463EA","name":"TNLP011425 - Haringvlietstraat 16, Amsterdam","address":"16 Haringvlietstraat","city":"Amsterdam","operatorName":"TotalEnergies","maxPowerKw":17,"isMegawatt":false,"status":"AVAILABLE","source":"ndw"}},{"type":"Feature","geometry":{"type":"Point","coordinates":[4.784933,52.34688]},"properties":{"type":"charge","layer":"passenger","locationId":"72D3B34A-4796-4604-9EDA-A73759D9A0CB","name":"TNLP011005 - Marksingel 2, Amsterdam","address":"2 Marksingel","city":"Amsterdam","operatorName":"TotalEnergies","maxPowerKw":17,"isMegawatt":false,"status":"AVAILABLE","source":"ndw"}},{"type":"Feature","geometry":{"type":"Point","coordinates":[4.891046,52.373167]},"properties":{"type":"charge","layer":"passenger","locationId":"91179521","name":"50five-S NL Amsterdam, Nieuwezijds Voorburgwal 147","address":"Nieuwezijds Voorburgwal 147","city":"Amsterdam","operatorName":"50five","maxPowerKw":11,"isMegawatt":false,"status":"AVAILABLE","source":"ndw"}},{"type":"Feature","geometry":{"type":"Point","coordinates":[4.935561,52.397755]},"properties":{"type":"charge","layer":"passenger","locationId":"54306E30-4A50-4A46-896A-EF5FDEFF354D","name":"TNLP011629 - Het Breed 741, Amsterdam","address":"741 Het Breed","city":"Amsterdam","operatorName":"TotalEnergies","maxPowerKw":17,"isMegawatt":false,"status":"UNAVAILABLE","source":"ndw"}},{"type":"Feature","geometry":{"type":"Point","coordinates":[4.968442,52.373006]},"properties":{"type":"charge","layer":"passenger","locationId":"90384738","name":"Van Leeuwen VvE Terrazza","address":"Faas Wilkestraat","city":"Amsterdam","operatorName":"Van Leeuwen","maxPowerKw":22,"isMegawatt":false,"status":"AVAILABLE","source":"ndw"}},{"type":"Feature","geometry":{"type":"Point","coordinates":[4.968239,52.315964]},"properties":{"type":"charge","layer":"passenger","locationId":"EBB352FE-8A88-47C9-939A-67E4F7FB26BE","name":"TNLP010323 - Kolfschotenstraat 290, Amsterdam","address":"290 Kolfschotenstraat","city":"Amsterdam","operatorName":"TotalEnergies","maxPowerKw":17,"isMegawatt":false,"status":"AVAILABLE","source":"ndw"}},{"type":"Feature","geometry":{"type":"Point","coordinates":[4.948831,52.306644]},"properties":{"type":"charge","layer":"passenger","locationId":"697218676b14d2cddf2deb4c","name":"Hogehilweg 24","address":"Hogehilweg 24","city":"Amsterdam","operatorName":"Merin","maxPowerKw":22,"isMegawatt":false,"status":"AVAILABLE","source":"ndw","priceKwh":0.53}},{"type":"Feature","geometry":{"type":"Point","coordinates":[4.912282,52.406605]},"properties":{"type":"charge","layer":"passenger","locationId":"acea7bd1-cc44-4613-ac95-8737236baa5f","name":"TNLP010417 - Banne Buikslootlaan 170, Amsterdam","address":"170 Banne Buikslootlaan","city":"Amsterdam","operatorName":"TotalEnergies","maxPowerKw":17,"isMegawatt":false,"status":"AVAILABLE","source":"ndw"}},{"type":"Feature","geometry":{"type":"Point","coordinates":[4.878956,52.38539]},"properties":{"type":"charge","layer":"passenger","locationId":"f6a6e46d-2795-439a-bb79-a2c7257bdfdf","name":"TNLP010328 - Van Beuningenstraat 1, Amsterdam","address":"1 Van Beuningenstraat","city":"Amsterdam","operatorName":"TotalEnergies","maxPowerKw":17,"isMegawatt":false,"status":"AVAILABLE","source":"ndw"}},{"type":"Feature","geometry":{"type":"Point","coordinates":[4.804882,52.34153]},"properties":{"type":"charge","layer":"passenger","locationId":"6a0c5d52a9a101460847dc3f","name":"Top Valet","address":"Sloterweg  1052","city":"Amsterdam","operatorName":"E-Flux by Road","maxPowerKw":14,"isMegawatt":false,"status":"AVAILABLE","source":"ndw","priceKwh":0.42}},{"type":"Feature","geometry":{"type":"Point","coordinates":[4.952022,52.296227]},"properties":{"type":"charge","layer":"passenger","locationId":"91106090","name":"50five-S NL 08100415","address":"Paasheuvelweg 28","city":"Amsterdam","operatorName":"50five","maxPowerKw":11,"isMegawatt":false,"status":"AVAILABLE","source":"ndw"}},{"type":"Feature","geometry":{"type":"Point","coordinates":[4.880049,52.326667]},"properties":{"type":"charge","layer":"passenger","locationId":"13BFF756-D944-4614-8409-E2C534575A41","name":"Eneco eMobility Hotel NH Amsterdam Zuid","address":"Van Leijenberghlaan 221","city":"Amsterdam","operatorName":"Eneco","maxPowerKw":22,"isMegawatt":false,"status":"AVAILABLE","source":"ndw","priceKwh":0.45}},{"type":"Feature","geometry":{"type":"Point","coordinates":[4.969751,52.370281]},"properties":{"type":"charge","layer":"passenger","locationId":"a4fde435-24c0-4a91-a40b-3db6cac6584a","name":"Bob Haarmslaan 1","address":"Bob Haarmslaan 1","city":"Amsterdam","operatorName":"Vattenfall InCharge","maxPowerKw":11,"isMegawatt":false,"status":"CHARGING","source":"ndw","priceKwh":0.28}},{"type":"Feature","geometry":{"type":"Point","coordinates":[4.968667,52.304848]},"properties":{"type":"charge","layer":"passenger","locationId":"90A58AEF-B60C-48A1-942B-86A68909EB82","name":"TNLP010590 - Maldenhof 209, Amsterdam","address":"209 Maldenhof","city":"Amsterdam","operatorName":"TotalEnergies","maxPowerKw":17,"isMegawatt":false,"status":"UNAVAILABLE","source":"ndw"}},{"type":"Feature","geometry":{"type":"Point","coordinates":[4.901853,52.345173]},"properties":{"type":"charge","layer":"passenger","locationId":"218abf70-42c0-4500-857d-a404eb7f2997","name":"TNLP010413 - Rooseveltlaan 30, Amsterdam","address":"30 Rooseveltlaan","city":"Amsterdam","operatorName":"TotalEnergies","maxPowerKw":17,"isMegawatt":false,"status":"AVAILABLE","source":"ndw"}},{"type":"Feature","geometry":{"type":"Point","coordinates":[4.903278,52.356228]},"properties":{"type":"charge","layer":"passenger","locationId":"6bfaa093-fd79-4b2f-86b8-c11af79df131","name":"TNLP010383 - Tweede Jan van der Heijdenstraat 72, Amsterdam","address":"72 Tweede Jan van der Heijdenstraat","city":"Amsterdam","operatorName":"TotalEnergies","maxPowerKw":17,"isMegawatt":false,"status":"CHARGING","source":"ndw"}},{"type":"Feature","geometry":{"type":"Point","coordinates":[4.977667,52.324616]},"properties":{"type":"charge","layer":"passenger","locationId":"NLLOC027035","name":"NLD, Amsterdam, Groenhoven 100","address":"Groenhoven 100","city":"Amsterdam","operatorName":"Allego","maxPowerKw":22,"isMegawatt":false,"status":"AVAILABLE","source":"ndw","priceKwh":0.495}},{"type":"Feature","geometry":{"type":"Point","coordinates":[4.950934,52.304313]},"properties":{"type":"charge","layer":"passenger","locationId":"1264416","name":"Laadnet Hotel Levell Amsterdam","address":"Hullenbergweg 353","city":"Amsterdam","operatorName":"Laadnet","maxPowerKw":22,"isMegawatt":false,"status":"AVAILABLE","source":"ndw"}},{"type":"Feature","geometry":{"type":"Point","coordinates":[4.876846,52.379944]},"properties":{"type":"charge","layer":"passenger","locationId":"64EB0381-F533-444B-AEC7-D3C0515E1981","name":"TNLP010397 - Lodewijk Tripstraat 4, Amsterdam","address":"4 Lodewijk Tripstraat","city":"Amsterdam","operatorName":"TotalEnergies","maxPowerKw":17,"isMegawatt":false,"status":"CHARGING","source":"ndw"}},{"type":"Feature","geometry":{"type":"Point","coordinates":[4.876781,52.399258]},"properties":{"type":"charge","layer":"passenger","locationId":"OST20P0044_0003_6","name":"OST20P0044_0003_6","address":"Danzigerkade 15","city":"Amsterdam","operatorName":"e-VOLTT","maxPowerKw":21,"isMegawatt":false,"status":"AVAILABLE","source":"ndw","priceKwh":0.32}},{"type":"Feature","geometry":{"type":"Point","coordinates":[4.876781,52.399258]},"properties":{"type":"charge","layer":"passenger","locationId":"OST20P0044_0014_4","name":"OST20P0044_0014_4","address":"Danzigerkade 15","city":"Amsterdam","operatorName":"e-VOLTT","maxPowerKw":21,"isMegawatt":false,"status":"AVAILABLE","source":"ndw","priceKwh":0.32}},{"type":"Feature","geometry":{"type":"Point","coordinates":[4.923536,52.343105]},"properties":{"type":"charge","layer":"passenger","locationId":"e59bc91b-2897-4edb-92b9-d830f52bc7ac","name":"TNLP010080 - Torricellistraat 7, Amsterdam","address":"7 Torricellistraat","city":"Amsterdam","operatorName":"TotalEnergies","maxPowerKw":17,"isMegawatt":false,"status":"AVAILABLE","source":"ndw"}},{"type":"Feature","geometry":{"type":"Point","coordinates":[4.885037,52.371227]},"properties":{"type":"charge","layer":"passenger","locationId":"91230158","name":"50five-S NL ICUEVE900465","address":"Ekkersrijt 8825","city":"Son","operatorName":"50five","maxPowerKw":11,"isMegawatt":false,"status":"UNAVAILABLE","source":"ndw"}},{"type":"Feature","geometry":{"type":"Point","coordinates":[4.897393,52.345886]},"properties":{"type":"charge","layer":"passenger","locationId":"eacb3a3f-767a-4884-8fe8-843fc1971a14","name":"TNLP010005 - Jekerstraat 45, Amsterdam","address":"45 Jekerstraat","city":"Amsterdam","operatorName":"TotalEnergies","maxPowerKw":17,"isMegawatt":false,"status":"AVAILABLE","source":"ndw"}},{"type":"Feature","geometry":{"type":"Point","coordinates":[4.942156,52.370647]},"properties":{"type":"charge","layer":"passenger","locationId":"7d31587d-b5db-4c89-9a55-966c197fc0f7","name":"TNLP010853 - Borneokade 163, Amsterdam","address":"163 Borneokade","city":"Amsterdam","operatorName":"TotalEnergies","maxPowerKw":17,"isMegawatt":false,"status":"CHARGING","source":"ndw"}},{"type":"Feature","geometry":{"type":"Point","coordinates":[4.895214,52.352676]},"properties":{"type":"charge","layer":"passenger","locationId":"7C0DAC38-2D86-4EA8-BEA3-3BDBAAF58B7E","name":"TNLP010347 - Van Ostadestraat 149, Amsterdam","address":"149 Van Ostadestraat","city":"Amsterdam","operatorName":"TotalEnergies","maxPowerKw":17,"isMegawatt":false,"status":"AVAILABLE","source":"ndw"}},{"type":"Feature","geometry":{"type":"Point","coordinates":[4.899042,52.405956]},"properties":{"type":"charge","layer":"passenger","locationId":"6932120E-1C82-413A-B175-AFB237D12BA8","name":"TNLP010104 - Tuigerstraat 1, Amsterdam","address":"1 Tuigerstraat","city":"Amsterdam","operatorName":"TotalEnergies","maxPowerKw":17,"isMegawatt":false,"status":"AVAILABLE","source":"ndw"}},{"type":"Feature","geometry":{"type":"Point","coordinates":[4.858176,52.380203]},"properties":{"type":"charge","layer":"passenger","locationId":"B25EF751-3566-491B-859A-819561FFB07E","name":"TNLP010971 - Charlotte de Bourbonstraat 29, Amsterdam","address":"29 Charlotte de Bourbonstraat","city":"Amsterdam","operatorName":"TotalEnergies","maxPowerKw":17,"isMegawatt":false,"status":"UNAVAILABLE","source":"ndw"}},{"type":"Feature","geometry":{"type":"Point","coordinates":[5.007894,52.351276]},"properties":{"type":"charge","layer":"passenger","locationId":"B8EA0A8B-EE9B-41A1-8F6B-A1EC32C8F02D","name":"TNLP011374 - Ben van Meerendonkstraat 65, Amsterdam","address":"65 Ben van Meerendonkstraat","city":"Amsterdam","operatorName":"TotalEnergies","maxPowerKw":17,"isMegawatt":false,"status":"AVAILABLE","source":"ndw"}},{"type":"Feature","geometry":{"type":"Point","coordinates":[5.02478,52.31007]},"properties":{"type":"charge","layer":"passenger","locationId":"E48FD039-D895-42A0-8E1E-C12EF667042C","name":"TNLP011668 - Aquamarin 66, Weesp","address":"66 Aquamarin","city":"Weesp","operatorName":"TotalEnergies","maxPowerKw":17,"isMegawatt":false,"status":"AVAILABLE","source":"ndw"}},{"type":"Feature","geometry":{"type":"Point","coordinates":[4.890163,52.388996]},"properties":{"type":"charge","layer":"passenger","locationId":"E56EEA3A-4044-49AB-A546-EAD6CA8EF4AD","name":"TNLP011296 - Barentszplein 77, Amsterdam","address":"77 Barentszplein","city":"Amsterdam","operatorName":"TotalEnergies","maxPowerKw":17,"isMegawatt":false,"status":"AVAILABLE","source":"ndw"}},{"type":"Feature","geometry":{"type":"Point","coordinates":[4.924738,52.373356]},"properties":{"type":"charge","layer":"passenger","locationId":"1B127076-930A-45F7-B637-06CAC524254B","name":"TNLP010450 - Windroosplein 77, Amsterdam","address":"77 Windroosplein","city":"Amsterdam","operatorName":"TotalEnergies","maxPowerKw":17,"isMegawatt":false,"status":"AVAILABLE","source":"ndw"}},{"type":"Feature","geometry":{"type":"Point","coordinates":[4.828207,52.3756]},"properties":{"type":"charge","layer":"passenger","locationId":"11C0B494-2720-44DB-B9B0-C2A5D32062EC","name":"TNLP010115 - Louis Couperusstraat 87, Amsterdam","address":"87 Louis Couperusstraat","city":"Amsterdam","operatorName":"TotalEnergies","maxPowerKw":17,"isMegawatt":false,"status":"AVAILABLE","source":"ndw"}},{"type":"Feature","geometry":{"type":"Point","coordinates":[4.92031,52.355488]},"properties":{"type":"charge","layer":"passenger","locationId":"13F1392F-2842-496C-B385-EE5E9742C13C","name":"TNLP010907 - Spitskopstraat 2, Amsterdam","address":"2 Spitskopstraat","city":"Amsterdam","operatorName":"TotalEnergies","maxPowerKw":17,"isMegawatt":false,"status":"AVAILABLE","source":"ndw"}},{"type":"Feature","geometry":{"type":"Point","coordinates":[4.992655,52.358162]},"properties":{"type":"charge","layer":"passenger","locationId":"305FDB63-B5BF-46D5-B20A-C9C27686ECC2","name":"TNLP011203 - Maria Austriastraat 1, Amsterdam","address":"1 Maria Austriastraat","city":"Amsterdam","operatorName":"TotalEnergies","maxPowerKw":17,"isMegawatt":false,"status":"AVAILABLE","source":"ndw"}},{"type":"Feature","geometry":{"type":"Point","coordinates":[4.899929,52.4227]},"properties":{"type":"charge","layer":"passenger","locationId":"37A77080-D431-4186-B094-4CAE735A62A9","name":"TNLP010411 - Pieter A. van Heijningestraat 85, Amsterdam","address":"85 Pieter A. van Heijningestraat","city":"Amsterdam","operatorName":"TotalEnergies","maxPowerKw":17,"isMegawatt":false,"status":"AVAILABLE","source":"ndw"}},{"type":"Feature","geometry":{"type":"Point","coordinates":[4.908227,52.34441]},"properties":{"type":"charge","layer":"passenger","locationId":"7C93C859-3DA7-4F23-A847-C8685595822C","name":"TNLP011067 - Gaaspstraat 31, Amsterdam","address":"31 Gaaspstraat","city":"Amsterdam","operatorName":"TotalEnergies","maxPowerKw":17,"isMegawatt":false,"status":"AVAILABLE","source":"ndw"}},{"type":"Feature","geometry":{"type":"Point","coordinates":[4.872887,52.382374]},"properties":{"type":"charge","layer":"passenger","locationId":"8AA6DE71-4048-4ABD-B72A-0B4F15A0344D","name":"TNLP011314 - Van Boetzelaerstraat 35 II, Amsterdam","address":"35 II Van Boetzelaerstraat","city":"Amsterdam","operatorName":"TotalEnergies","maxPowerKw":17,"isMegawatt":false,"status":"AVAILABLE","source":"ndw"}},{"type":"Feature","geometry":{"type":"Point","coordinates":[4.973147,52.292175]},"properties":{"type":"charge","layer":"passenger","locationId":"388727EB-7975-4CB4-ABF8-50E9567B4C26","name":"TNLP010951 - Slikkerveerstraat 5, Amsterdam","address":"5 Slikkerveerstraat","city":"Amsterdam","operatorName":"TotalEnergies","maxPowerKw":17,"isMegawatt":false,"status":"AVAILABLE","source":"ndw"}},{"type":"Feature","geometry":{"type":"Point","coordinates":[4.902245,52.357567]},"properties":{"type":"charge","layer":"passenger","locationId":"B3FFEF2F-BA17-427C-B5A9-1CA1CEA530BA","name":"TNLP010366 - Hemonystraat 21, Amsterdam","address":"21 Hemonystraat","city":"Amsterdam","operatorName":"TotalEnergies","maxPowerKw":17,"isMegawatt":false,"status":"CHARGING","source":"ndw"}},{"type":"Feature","geometry":{"type":"Point","coordinates":[4.967284,52.37079]},"properties":{"type":"charge","layer":"passenger","locationId":"4C10A135-C49D-4487-969F-753BDCBCB1C0","name":"TNLP011666 - Kees Broekmanstraat 534, Amsterdam","address":"534 Kees Broekmanstraat","city":"Amsterdam","operatorName":"TotalEnergies","maxPowerKw":17,"isMegawatt":false,"status":"CHARGING","source":"ndw"}},{"type":"Feature","geometry":{"type":"Point","coordinates":[4.861728,52.368526]},"properties":{"type":"charge","layer":"passenger","locationId":"c26f8be0-136f-4e89-89ef-5d748cfd032c","name":"TNLP010140 - Chasséstraat 42, Amsterdam","address":"42 Chasséstraat","city":"Amsterdam","operatorName":"TotalEnergies","maxPowerKw":17,"isMegawatt":false,"status":"AVAILABLE","source":"ndw"}},{"type":"Feature","geometry":{"type":"Point","coordinates":[4.819536,52.375286]},"properties":{"type":"charge","layer":"passenger","locationId":"C54FB3C0-8B69-4956-90E4-0787ABA305AB","name":"TNLP010740 - Dom H. van der Laanstraat 50, Amsterdam","address":"50 Dom H. van der Laanstraat","city":"Amsterdam","operatorName":"TotalEnergies","maxPowerKw":17,"isMegawatt":false,"status":"AVAILABLE","source":"ndw"}},{"type":"Feature","geometry":{"type":"Point","coordinates":[4.850249,52.349045]},"properties":{"type":"charge","layer":"passenger","locationId":"DBAEEE93-CD62-411F-B9D3-7D5F11D0314D","name":"TNLP011241 - Kromme Leimuidenstraat 2, Amsterdam","address":"2 Kromme Leimuidenstraat","city":"Amsterdam","operatorName":"TotalEnergies","maxPowerKw":17,"isMegawatt":false,"status":"AVAILABLE","source":"ndw"}},{"type":"Feature","geometry":{"type":"Point","coordinates":[5.01615,52.304203]},"properties":{"type":"charge","layer":"passenger","locationId":"427F6BAF-FA84-4426-8E95-8F9F50E5018A","name":"TNLP011444 - Burgemeester Bletzstraat 1F, Amsterdam","address":"1F Burgemeester Bletzstraat","city":"Amsterdam","operatorName":"TotalEnergies","maxPowerKw":17,"isMegawatt":false,"status":"UNAVAILABLE","source":"ndw"}},{"type":"Feature","geometry":{"type":"Point","coordinates":[4.914713,52.387897]},"properties":{"type":"charge","layer":"passenger","locationId":"18CC1509-D2A2-403E-82AB-D98F3FA21B48","name":"TNLP010458 - Buiksloterweg 95, Amsterdam","address":"95 Buiksloterweg","city":"Amsterdam","operatorName":"TotalEnergies","maxPowerKw":17,"isMegawatt":false,"status":"AVAILABLE","source":"ndw"}},{"type":"Feature","geometry":{"type":"Point","coordinates":[4.881261,52.359695]},"properties":{"type":"charge","layer":"passenger","locationId":"B1064C1E-3D99-4D39-8813-34B83D79A14F","name":"TNLP010082 - Jan Luijkenstraat 11, Amsterdam","address":"11 Jan Luijkenstraat","city":"Amsterdam","operatorName":"TotalEnergies","maxPowerKw":17,"isMegawatt":false,"status":"CHARGING","source":"ndw"}},{"type":"Feature","geometry":{"type":"Point","coordinates":[4.95534,52.3183]},"properties":{"type":"charge","layer":"passenger","locationId":"8F1F1324-A136-4C42-B099-CFDFAB56EB2E","name":"TNLP010562 - Raoul Wallenbergstraat 37, Amsterdam","address":"37 Raoul Wallenbergstraat","city":"Amsterdam","operatorName":"TotalEnergies","maxPowerKw":17,"isMegawatt":false,"status":"CHARGING","source":"ndw"}},{"type":"Feature","geometry":{"type":"Point","coordinates":[4.89076,52.408974]},"properties":{"type":"charge","layer":"passenger","locationId":"C37D50BD-3FFC-4363-9575-0D34A9D9F8F2","name":"TNLP010438 - Meteorensingel 76, Amsterdam","address":"76 Meteorensingel","city":"Amsterdam","operatorName":"TotalEnergies","maxPowerKw":17,"isMegawatt":false,"status":"CHARGING","source":"ndw"}},{"type":"Feature","geometry":{"type":"Point","coordinates":[4.805151,52.344368]},"properties":{"type":"charge","layer":"passenger","locationId":"99C3768E-0251-484D-A60C-6B149D117EC1","name":"TNLP010054 - Willebroekstraat 62, Amsterdam","address":"62 Willebroekstraat","city":"Amsterdam","operatorName":"TotalEnergies","maxPowerKw":17,"isMegawatt":false,"status":"AVAILABLE","source":"ndw"}},{"type":"Feature","geometry":{"type":"Point","coordinates":[4.973969,52.292904]},"properties":{"type":"charge","layer":"passenger","locationId":"94610FF6-6481-4320-9897-D1E0150235D6","name":"TNLP011647 - Terletstraat 58, Amsterdam","address":"58 Terletstraat","city":"Amsterdam","operatorName":"TotalEnergies","maxPowerKw":17,"isMegawatt":false,"status":"AVAILABLE","source":"ndw"}},{"type":"Feature","geometry":{"type":"Point","coordinates":[4.808727,52.3485]},"properties":{"type":"charge","layer":"passenger","locationId":"9696F4D8-CADD-4477-90B6-62ECDD0BF29D","name":"TNLP011299 - Turnhoutplantsoen 168, Amsterdam","address":"168 Turnhoutplantsoen","city":"Amsterdam","operatorName":"TotalEnergies","maxPowerKw":17,"isMegawatt":false,"status":"AVAILABLE","source":"ndw"}},{"type":"Feature","geometry":{"type":"Point","coordinates":[4.876781,52.399258]},"properties":{"type":"charge","layer":"passenger","locationId":"OST20P0044_0002_6","name":"OST20P0044_0002_6","address":"Danzigerkade 15","city":"Amsterdam","operatorName":"e-VOLTT","maxPowerKw":21,"isMegawatt":false,"status":"AVAILABLE","source":"ndw","priceKwh":0.32}},{"type":"Feature","geometry":{"type":"Point","coordinates":[4.891621,52.415405]},"properties":{"type":"charge","layer":"passenger","locationId":"A153D489-7BE4-4A4C-A329-A76C30530F19","name":"TNLP010896 - Kometensingel 88, Amsterdam","address":"88 Kometensingel","city":"Amsterdam","operatorName":"TotalEnergies","maxPowerKw":17,"isMegawatt":false,"status":"AVAILABLE","source":"ndw"}},{"type":"Feature","geometry":{"type":"Point","coordinates":[4.876224,52.355484]},"properties":{"type":"charge","layer":"passenger","locationId":"ADCF2831-BFDF-4F53-B383-527648BB6884","name":"TNLP011535 - Johannes Verhulststraat 29, Amsterdam","address":"29 Johannes Verhulststraat","city":"Amsterdam","operatorName":"TotalEnergies","maxPowerKw":17,"isMegawatt":false,"status":"CHARGING","source":"ndw"}},{"type":"Feature","geometry":{"type":"Point","coordinates":[4.875232,52.356075]},"properties":{"type":"charge","layer":"passenger","locationId":"B3045405-45C9-4C54-8486-F1010699CF5D","name":"TNLP010106 - Jacob Obrechtstraat 26, Amsterdam","address":"26 Jacob Obrechtstraat","city":"Amsterdam","operatorName":"TotalEnergies","maxPowerKw":17,"isMegawatt":false,"status":"CHARGING","source":"ndw"}},{"type":"Feature","geometry":{"type":"Point","coordinates":[4.904815,52.37465]},"properties":{"type":"charge","layer":"passenger","locationId":"BC07F61E-1983-4A95-94FF-063EEDAD76C7","name":"TNLP010599 - Prins Hendrikkade 510 A, Amsterdam","address":"510 A Prins Hendrikkade","city":"Amsterdam","operatorName":"TotalEnergies","maxPowerKw":17,"isMegawatt":false,"status":"AVAILABLE","source":"ndw"}},{"type":"Feature","geometry":{"type":"Point","coordinates":[4.940699,52.362415]},"properties":{"type":"charge","layer":"passenger","locationId":"CAEB04F3-A434-4CE7-8C7D-55A940238A0E","name":"TNLP011225 - Ceramplein 36, Amsterdam","address":"36 Ceramplein","city":"Amsterdam","operatorName":"TotalEnergies","maxPowerKw":17,"isMegawatt":false,"status":"AVAILABLE","source":"ndw"}},{"type":"Feature","geometry":{"type":"Point","coordinates":[5.034334,52.318398]},"properties":{"type":"charge","layer":"passenger","locationId":"7DBC3625-DAF3-48A1-BE0A-21B7F2CF6104","name":"TNLP011783 - Landscronerlaan 97, Weesp","address":"97 Landscronerlaan","city":"Weesp","operatorName":"TotalEnergies","maxPowerKw":17,"isMegawatt":false,"status":"AVAILABLE","source":"ndw"}},{"type":"Feature","geometry":{"type":"Point","coordinates":[4.774481,52.351692]},"properties":{"type":"charge","layer":"passenger","locationId":"DD308EE3-7909-4E82-9010-DFBBC8316546","name":"TNLP010431 - Brenner 47, Amsterdam","address":"47 Brenner","city":"Amsterdam","operatorName":"TotalEnergies","maxPowerKw":17,"isMegawatt":false,"status":"CHARGING","source":"ndw"}},{"type":"Feature","geometry":{"type":"Point","coordinates":[4.94035,52.349854]},"properties":{"type":"charge","layer":"passenger","locationId":"DEB30085-81DE-4B6C-B8AB-3649629F34C4","name":"TNLP010813 - Curiestraat 2, Amsterdam","address":"2 Curiestraat","city":"Amsterdam","operatorName":"TotalEnergies","maxPowerKw":17,"isMegawatt":false,"status":"UNAVAILABLE","source":"ndw"}},{"type":"Feature","geometry":{"type":"Point","coordinates":[4.876608,52.37725]},"properties":{"type":"charge","layer":"passenger","locationId":"5BA398A2-8066-4076-A564-657303AA76D6","name":"TNLP010233 - Van Oldenbarneveldtplein 1, Amsterdam","address":"1 Van Oldenbarneveldtplein","city":"Amsterdam","operatorName":"TotalEnergies","maxPowerKw":17,"isMegawatt":false,"status":"AVAILABLE","source":"ndw"}},{"type":"Feature","geometry":{"type":"Point","coordinates":[4.923992,52.379723]},"properties":{"type":"charge","layer":"passenger","locationId":"B318FB28-B7D9-418A-98FA-59D010E7727B","name":"TNLP010125 - Sumatrakade 1435, Amsterdam","address":"1435 Sumatrakade","city":"Amsterdam","operatorName":"TotalEnergies","maxPowerKw":17,"isMegawatt":false,"status":"AVAILABLE","source":"ndw"}},{"type":"Feature","geometry":{"type":"Point","coordinates":[4.861961,52.36407]},"properties":{"type":"charge","layer":"passenger","locationId":"2d792953-ce0d-482d-983e-d4dae9f5f24b","name":"TNLP010329 - Borgerstraat 212, Amsterdam","address":"212 Borgerstraat","city":"Amsterdam","operatorName":"TotalEnergies","maxPowerKw":17,"isMegawatt":false,"status":"CHARGING","source":"ndw"}},{"type":"Feature","geometry":{"type":"Point","coordinates":[4.896285,52.344967]},"properties":{"type":"charge","layer":"passenger","locationId":"300C9F87-0228-4016-BA1C-556B01CFA221","name":"TNLP011282 - Biesboschstraat 73, Amsterdam","address":"73 Biesboschstraat","city":"Amsterdam","operatorName":"TotalEnergies","maxPowerKw":17,"isMegawatt":false,"status":"AVAILABLE","source":"ndw"}},{"type":"Feature","geometry":{"type":"Point","coordinates":[4.880668,52.38772]},"properties":{"type":"charge","layer":"passenger","locationId":"3345756A-5039-439A-85D0-18665BD9D109","name":"TNLP010746 - Spaarndammerstraat 11, Amsterdam","address":"11 Spaarndammerstraat","city":"Amsterdam","operatorName":"TotalEnergies","maxPowerKw":17,"isMegawatt":false,"status":"AVAILABLE","source":"ndw"}},{"type":"Feature","geometry":{"type":"Point","coordinates":[4.852919,52.353832]},"properties":{"type":"charge","layer":"passenger","locationId":"4C7E7F0F-BD04-4BE5-8E48-D9FD783E82C2","name":"TNLP010537 - Sloterkade 79, Amsterdam","address":"79 Sloterkade","city":"Amsterdam","operatorName":"TotalEnergies","maxPowerKw":17,"isMegawatt":false,"status":"AVAILABLE","source":"ndw"}},{"type":"Feature","geometry":{"type":"Point","coordinates":[4.89728,52.34297]},"properties":{"type":"charge","layer":"passenger","locationId":"4a679517-b5cc-47d3-95aa-f59d7cf55384","name":"TNLP010558 - Rooseveltlaan 181, Amsterdam","address":"181 Rooseveltlaan","city":"Amsterdam","operatorName":"TotalEnergies","maxPowerKw":17,"isMegawatt":false,"status":"AVAILABLE","source":"ndw"}},{"type":"Feature","geometry":{"type":"Point","coordinates":[4.857633,52.35904]},"properties":{"type":"charge","layer":"passenger","locationId":"7fede466-ee54-44a0-b43f-b1f414990328","name":"TNLP010762 - J.J. Cremerplein 39, Amsterdam","address":"39 J.J. Cremerplein","city":"Amsterdam","operatorName":"TotalEnergies","maxPowerKw":17,"isMegawatt":false,"status":"AVAILABLE","source":"ndw"}},{"type":"Feature","geometry":{"type":"Point","coordinates":[4.897074,52.340214]},"properties":{"type":"charge","layer":"passenger","locationId":"63ece9e6c100c3001285430b","name":"Douwes & Van der Sluis Beheer B.V.","address":"Baroniestraat, hoek veluwelaan 2","city":"Amsterdam","operatorName":"E-Flux by Road","maxPowerKw":121,"isMegawatt":false,"status":"AVAILABLE","source":"ndw","priceKwh":0.53}},{"type":"Feature","geometry":{"type":"Point","coordinates":[4.946369,52.33976]},"properties":{"type":"charge","layer":"passenger","locationId":"696508AB-83B8-4E86-B870-294E866D4D49","name":"TNLP010229 - Zuivelplein 9, Amsterdam","address":"9 Zuivelplein","city":"Amsterdam","operatorName":"TotalEnergies","maxPowerKw":17,"isMegawatt":false,"status":"AVAILABLE","source":"ndw"}},{"type":"Feature","geometry":{"type":"Point","coordinates":[4.94854,52.387592]},"properties":{"type":"charge","layer":"passenger","locationId":"E63F4455-4D6C-42FD-8267-3D4E6DD4FE15","name":"TNLP011297 - Wognumerplantsoen 2, Amsterdam","address":"2 Wognumerplantsoen","city":"Amsterdam","operatorName":"TotalEnergies","maxPowerKw":17,"isMegawatt":false,"status":"UNAVAILABLE","source":"ndw"}},{"type":"Feature","geometry":{"type":"Point","coordinates":[4.871909,52.332333]},"properties":{"type":"charge","layer":"passenger","locationId":"617039AB-C9AD-4902-97B2-1EADC2103F68","name":"TNLP011195 - Wijenburg 90, Amsterdam","address":"90 Wijenburg","city":"Amsterdam","operatorName":"TotalEnergies","maxPowerKw":17,"isMegawatt":false,"status":"AVAILABLE","source":"ndw"}},{"type":"Feature","geometry":{"type":"Point","coordinates":[4.894627,52.34364]},"properties":{"type":"charge","layer":"passenger","locationId":"8877A96D-D199-47DB-A7A9-175F5E61AC12","name":"TNLP010733 - Molenbeekstraat 35, Amsterdam","address":"35 Molenbeekstraat","city":"Amsterdam","operatorName":"TotalEnergies","maxPowerKw":17,"isMegawatt":false,"status":"AVAILABLE","source":"ndw"}},{"type":"Feature","geometry":{"type":"Point","coordinates":[4.997647,52.298756]},"properties":{"type":"charge","layer":"passenger","locationId":"8FBD484A-1F2F-4183-A96F-70F076B1721A","name":"TNLP011371 - Hendrik Hosstraat 82, Amsterdam","address":"82 Hendrik Hosstraat","city":"Amsterdam","operatorName":"TotalEnergies","maxPowerKw":17,"isMegawatt":false,"status":"AVAILABLE","source":"ndw"}},{"type":"Feature","geometry":{"type":"Point","coordinates":[4.872166,52.39115]},"properties":{"type":"charge","layer":"passenger","locationId":"DCDAD652-5BDF-4C85-B00B-0EBD80409959","name":"TNLP011082 - Zaanhof 52, Amsterdam","address":"52 Zaanhof","city":"Amsterdam","operatorName":"TotalEnergies","maxPowerKw":17,"isMegawatt":false,"status":"AVAILABLE","source":"ndw"}},{"type":"Feature","geometry":{"type":"Point","coordinates":[4.907179,52.342823]},"properties":{"type":"charge","layer":"passenger","locationId":"800F6CF5-677C-4BF7-BD20-BBF26282E5EA","name":"TNLP011473 - Bilderdijkkade 44, Amsterdam","address":"44 Bilderdijkkade","city":"Amsterdam","operatorName":"TotalEnergies","maxPowerKw":17,"isMegawatt":false,"status":"AVAILABLE","source":"ndw"}},{"type":"Feature","geometry":{"type":"Point","coordinates":[4.863092,52.350494]},"properties":{"type":"charge","layer":"passenger","locationId":"0C1A99D4-11D0-4D41-87A2-4F279A870EAD","name":"TNLP010117 - Pieter Lastmankade 29, Amsterdam","address":"29 Pieter Lastmankade","city":"Amsterdam","operatorName":"TotalEnergies","maxPowerKw":17,"isMegawatt":false,"status":"AVAILABLE","source":"ndw"}},{"type":"Feature","geometry":{"type":"Point","coordinates":[4.887035,52.369682]},"properties":{"type":"charge","layer":"passenger","locationId":"4C5CF4B2-0308-4BB0-B83F-F2AE8F5F9A15","name":"TNLP011002 - Herengracht 345, Amsterdam","address":"345 Herengracht","city":"Amsterdam","operatorName":"TotalEnergies","maxPowerKw":17,"isMegawatt":false,"status":"AVAILABLE","source":"ndw"}},{"type":"Feature","geometry":{"type":"Point","coordinates":[4.785462,52.35567]},"properties":{"type":"charge","layer":"passenger","locationId":"4ED638D1-D188-436F-8C56-F841B3DD83C3","name":"TNLP010076 - Dijkgraafplein 363, Amsterdam","address":"363 Dijkgraafplein","city":"Amsterdam","operatorName":"TotalEnergies","maxPowerKw":17,"isMegawatt":false,"status":"UNAVAILABLE","source":"ndw"}},{"type":"Feature","geometry":{"type":"Point","coordinates":[4.856493,52.366425]},"properties":{"type":"charge","layer":"passenger","locationId":"7101C0EF-C2B5-4327-B36E-00B998E57238","name":"TNLP010127 - Marco Polostraat 45, Amsterdam","address":"45 Marco Polostraat","city":"Amsterdam","operatorName":"TotalEnergies","maxPowerKw":17,"isMegawatt":false,"status":"CHARGING","source":"ndw"}},{"type":"Feature","geometry":{"type":"Point","coordinates":[4.890856,52.36521]},"properties":{"type":"charge","layer":"passenger","locationId":"D768CFA8-D724-442B-BF19-8963E799270F","name":"Eneco eMobility Cocon vastgoed Management B.V.","address":"Herengracht 468","city":"Amsterdam","operatorName":"Eneco","maxPowerKw":11,"isMegawatt":false,"status":"AVAILABLE","source":"ndw","priceKwh":0.25}},{"type":"Feature","geometry":{"type":"Point","coordinates":[4.910546,52.363297]},"properties":{"type":"charge","layer":"passenger","locationId":"C0152A80-0498-422F-A9D0-4AB002EE19B7","name":"TNLP011334 - Roetersstraat 18, Amsterdam","address":"18 Roetersstraat","city":"Amsterdam","operatorName":"TotalEnergies","maxPowerKw":17,"isMegawatt":false,"status":"AVAILABLE","source":"ndw"}},{"type":"Feature","geometry":{"type":"Point","coordinates":[4.903335,52.358192]},"properties":{"type":"charge","layer":"passenger","locationId":"3966876","name":"Laadnet GF367","address":"Govert Flinckstraat 367","city":"Amsterdam","operatorName":"Laadnet","maxPowerKw":22,"isMegawatt":false,"status":"AVAILABLE","source":"ndw"}},{"type":"Feature","geometry":{"type":"Point","coordinates":[4.980017,52.312702]},"properties":{"type":"charge","layer":"passenger","locationId":"B803864B-0EB1-46E5-972D-FDE4EAED5CE7","name":"TNLP010962 - 3e Kekerstraat 63, Amsterdam","address":"63 3e Kekerstraat","city":"Amsterdam","operatorName":"TotalEnergies","maxPowerKw":17,"isMegawatt":false,"status":"AVAILABLE","source":"ndw"}},{"type":"Feature","geometry":{"type":"Point","coordinates":[4.942543,52.40027]},"properties":{"type":"charge","layer":"passenger","locationId":"BFFA6338-D125-4B26-B7C9-9FB678E373BF","name":"TNLP011840 - Zilverberg 68, Amsterdam","address":"68 Zilverberg","city":"Amsterdam","operatorName":"TotalEnergies","maxPowerKw":17,"isMegawatt":false,"status":"UNAVAILABLE","source":"ndw"}},{"type":"Feature","geometry":{"type":"Point","coordinates":[4.888987,52.37018]},"properties":{"type":"charge","layer":"passenger","locationId":"CE6AA93C-BC94-41CF-BD3E-BCBCFF440DBC","name":"TNLP011240 - Spuistraat 274 III, Amsterdam","address":"274 III Spuistraat","city":"Amsterdam","operatorName":"TotalEnergies","maxPowerKw":17,"isMegawatt":false,"status":"AVAILABLE","source":"ndw"}},{"type":"Feature","geometry":{"type":"Point","coordinates":[4.8744,52.346725]},"properties":{"type":"charge","layer":"passenger","locationId":"53425C4B-BC84-4B10-94C1-B92FF5C6F74B","name":"TNLP010045 - Stadionweg 71, Amsterdam","address":"71 Stadionweg","city":"Amsterdam","operatorName":"TotalEnergies","maxPowerKw":17,"isMegawatt":false,"status":"CHARGING","source":"ndw"}},{"type":"Feature","geometry":{"type":"Point","coordinates":[4.875782,52.327038]},"properties":{"type":"charge","layer":"passenger","locationId":"E355BEE9-C28A-46FE-996E-7AF3F5FF5CA2","name":"TNLP010782 - Zeelandstraat 2, Amsterdam","address":"2 Zeelandstraat","city":"Amsterdam","operatorName":"TotalEnergies","maxPowerKw":17,"isMegawatt":false,"status":"AVAILABLE","source":"ndw"}},{"type":"Feature","geometry":{"type":"Point","coordinates":[5.040807,52.300583]},"properties":{"type":"charge","layer":"passenger","locationId":"FB9F303A-988A-4E57-ABA1-27EDB637B71D","name":"TNLP011857 - Gasthuisland 13, Weesp","address":"13 Gasthuisland","city":"Weesp","operatorName":"TotalEnergies","maxPowerKw":17,"isMegawatt":false,"status":"AVAILABLE","source":"ndw"}},{"type":"Feature","geometry":{"type":"Point","coordinates":[4.859714,52.3508]},"properties":{"type":"charge","layer":"passenger","locationId":"f292c95c-b54b-4da8-af31-a69777ec90bd","name":"TNLP010914 - Des Présstraat 8, Amsterdam","address":"8 Des Présstraat","city":"Amsterdam","operatorName":"TotalEnergies","maxPowerKw":17,"isMegawatt":false,"status":"AVAILABLE","source":"ndw"}},{"type":"Feature","geometry":{"type":"Point","coordinates":[4.916962,52.357067]},"properties":{"type":"charge","layer":"passenger","locationId":"4600f497-445e-4428-9d30-390ede519bc3","name":"TNLP011063 - Tweede Oosterparkstraat 102, Amsterdam","address":"102 Tweede Oosterparkstraat","city":"Amsterdam","operatorName":"TotalEnergies","maxPowerKw":17,"isMegawatt":false,"status":"AVAILABLE","source":"ndw"}},{"type":"Feature","geometry":{"type":"Point","coordinates":[4.897801,52.347137]},"properties":{"type":"charge","layer":"passenger","locationId":"10F760D1-914F-44FF-B052-B716F91E4B63","name":"TNLP010242 - Schipbeekstraat 40, Amsterdam","address":"40 Schipbeekstraat","city":"Amsterdam","operatorName":"TotalEnergies","maxPowerKw":17,"isMegawatt":false,"status":"AVAILABLE","source":"ndw"}},{"type":"Feature","geometry":{"type":"Point","coordinates":[5.045835,52.298584]},"properties":{"type":"charge","layer":"passenger","locationId":"30A3E3B2-5995-4328-ABBC-A7DE0C0FE570","name":"TNLP011916 - Reigersweide 11, Weesp","address":"11 Reigersweide","city":"Weesp","operatorName":"TotalEnergies","maxPowerKw":17,"isMegawatt":false,"status":"AVAILABLE","source":"ndw"}},{"type":"Feature","geometry":{"type":"Point","coordinates":[4.828311,52.356503]},"properties":{"type":"charge","layer":"passenger","locationId":"451770AD-D770-42EF-8077-6976AF59B170","name":"TNLP010929 - Fijnje van Salverdastraat 10, Amsterdam","address":"10 Fijnje van Salverdastraat","city":"Amsterdam","operatorName":"TotalEnergies","maxPowerKw":17,"isMegawatt":false,"status":"AVAILABLE","source":"ndw"}},{"type":"Feature","geometry":{"type":"Point","coordinates":[4.82883,52.36569]},"properties":{"type":"charge","layer":"passenger","locationId":"746D4CC4-8DEB-4CFA-88AD-B1B659964952","name":"TNLP011006 - Bonnefantenstraat 4, Amsterdam","address":"4 Bonnefantenstraat","city":"Amsterdam","operatorName":"TotalEnergies","maxPowerKw":17,"isMegawatt":false,"status":"AVAILABLE","source":"ndw"}},{"type":"Feature","geometry":{"type":"Point","coordinates":[4.817388,52.381027]},"properties":{"type":"charge","layer":"passenger","locationId":"82AA08EA-4EF8-409D-83E2-5FBDFC62E6FB","name":"TNLP011574 - Jan de Louterstraat 71, Amsterdam","address":"71 Jan de Louterstraat","city":"Amsterdam","operatorName":"TotalEnergies","maxPowerKw":17,"isMegawatt":false,"status":"AVAILABLE","source":"ndw"}},{"type":"Feature","geometry":{"type":"Point","coordinates":[4.892689,52.34255]},"properties":{"type":"charge","layer":"passenger","locationId":"920E9BD5-8EE3-4A2C-B24C-992FAF45A94F","name":"TNLP011170 - Niersstraat 64, Amsterdam","address":"64 Niersstraat","city":"Amsterdam","operatorName":"TotalEnergies","maxPowerKw":17,"isMegawatt":false,"status":"AVAILABLE","source":"ndw"}},{"type":"Feature","geometry":{"type":"Point","coordinates":[4.900261,52.386505]},"properties":{"type":"charge","layer":"passenger","locationId":"9BB2FCA1-C9BA-4953-BB16-8DD1119CD36F","name":"TNLP010135 - Spadinalaan 30, Amsterdam","address":"30 Spadinalaan","city":"Amsterdam","operatorName":"TotalEnergies","maxPowerKw":17,"isMegawatt":false,"status":"AVAILABLE","source":"ndw"}},{"type":"Feature","geometry":{"type":"Point","coordinates":[4.950627,52.39358]},"properties":{"type":"charge","layer":"passenger","locationId":"9DCEEAD8-E7B5-4302-BD24-9BF5442AB288","name":"TNLP011263 - Groetstraat 110, Amsterdam","address":"110 Groetstraat","city":"Amsterdam","operatorName":"TotalEnergies","maxPowerKw":17,"isMegawatt":false,"status":"AVAILABLE","source":"ndw"}},{"type":"Feature","geometry":{"type":"Point","coordinates":[4.961224,52.3943]},"properties":{"type":"charge","layer":"passenger","locationId":"9E4B326F-2EDA-4460-86FB-6B1C5578E153","name":"TNLP011497 - Waalenburgsingel 228, Amsterdam","address":"228 Waalenburgsingel","city":"Amsterdam","operatorName":"TotalEnergies","maxPowerKw":17,"isMegawatt":false,"status":"AVAILABLE","source":"ndw"}},{"type":"Feature","geometry":{"type":"Point","coordinates":[4.792195,52.36016]},"properties":{"type":"charge","layer":"passenger","locationId":"9F40D93F-DD30-4D8C-8DD4-95C88B8DB23F","name":"TNLP011171 - Osdorper Ban 837, Amsterdam","address":"837 Osdorper Ban","city":"Amsterdam","operatorName":"TotalEnergies","maxPowerKw":17,"isMegawatt":false,"status":"AVAILABLE","source":"ndw"}},{"type":"Feature","geometry":{"type":"Point","coordinates":[4.785763,52.38175]},"properties":{"type":"charge","layer":"passenger","locationId":"ADBC942E-C64C-4DCB-86F9-DDE8454965DE","name":"TNLP011522 - Tom Schreursweg 10, Amsterdam","address":"10 Tom Schreursweg","city":"Amsterdam","operatorName":"TotalEnergies","maxPowerKw":17,"isMegawatt":false,"status":"AVAILABLE","source":"ndw"}},{"type":"Feature","geometry":{"type":"Point","coordinates":[4.862729,52.358948]},"properties":{"type":"charge","layer":"passenger","locationId":"A8881DD5-610D-4855-90EA-D4D4D4330DD0","name":"TNLP010177 - Rijtuigenhof 79, Amsterdam","address":"79 Rijtuigenhof","city":"Amsterdam","operatorName":"TotalEnergies","maxPowerKw":17,"isMegawatt":false,"status":"CHARGING","source":"ndw"}},{"type":"Feature","geometry":{"type":"Point","coordinates":[4.774605,52.425]},"properties":{"type":"charge","layer":"passenger","locationId":"48b81a68b326485c868e0b86f07ce7c2","name":"Voorbij Prefab BV","address":"Siciliëweg 61","city":"Amsterdam","operatorName":"Smart Grid Monitor","maxPowerKw":22,"isMegawatt":false,"status":"AVAILABLE","source":"ndw","priceKwh":0.58}},{"type":"Feature","geometry":{"type":"Point","coordinates":[4.8054,52.37318]},"properties":{"type":"charge","layer":"passenger","locationId":"293BDF61-9D5A-4BDB-BF91-8E72A56E6037","name":"TNLP011453 - Jacob Tilstraat 8, Amsterdam","address":"8 Jacob Tilstraat","city":"Amsterdam","operatorName":"TotalEnergies","maxPowerKw":17,"isMegawatt":false,"status":"AVAILABLE","source":"ndw"}},{"type":"Feature","geometry":{"type":"Point","coordinates":[4.833123,52.359222]},"properties":{"type":"charge","layer":"passenger","locationId":"2B09E633-A41D-4EF3-9A90-770790E0307D","name":"TNLP011230 - Comeniusstraat 1, Amsterdam","address":"1 Comeniusstraat","city":"Amsterdam","operatorName":"TotalEnergies","maxPowerKw":17,"isMegawatt":false,"status":"AVAILABLE","source":"ndw"}},{"type":"Feature","geometry":{"type":"Point","coordinates":[4.843911,52.351154]},"properties":{"type":"charge","layer":"passenger","locationId":"CB33B7E5-3C89-4E38-9BD6-63C872989530","name":"TNLP011811 - Poeldijkstraat 4, Amsterdam","address":"4 Poeldijkstraat","city":"Amsterdam","operatorName":"TotalEnergies","maxPowerKw":17,"isMegawatt":false,"status":"AVAILABLE","source":"ndw"}},{"type":"Feature","geometry":{"type":"Point","coordinates":[5.038487,52.313]},"properties":{"type":"charge","layer":"passenger","locationId":"A862637F-404D-4050-A7F4-CB3EBAB3E2C0","name":"TNLP011807 - Willem de Mérodestraat 2, Weesp","address":"2 Willem de Mérodestraat","city":"Weesp","operatorName":"TotalEnergies","maxPowerKw":17,"isMegawatt":false,"status":"CHARGING","source":"ndw"}},{"type":"Feature","geometry":{"type":"Point","coordinates":[4.936017,52.365635]},"properties":{"type":"charge","layer":"passenger","locationId":"C15FA051-FD1D-4BFB-9C3C-6E03BA93CE05","name":"TNLP010794 - Timorstraat 5, Amsterdam","address":"5 Timorstraat","city":"Amsterdam","operatorName":"TotalEnergies","maxPowerKw":17,"isMegawatt":false,"status":"AVAILABLE","source":"ndw"}},{"type":"Feature","geometry":{"type":"Point","coordinates":[4.876588,52.356354]},"properties":{"type":"charge","layer":"passenger","locationId":"FD307C32-D556-4000-8D8C-29C1A686A463","name":"TNLP010239 - Palestrinastraat 14, Amsterdam","address":"14 Palestrinastraat","city":"Amsterdam","operatorName":"TotalEnergies","maxPowerKw":17,"isMegawatt":false,"status":"CHARGING","source":"ndw"}},{"type":"Feature","geometry":{"type":"Point","coordinates":[4.805771,52.37824]},"properties":{"type":"charge","layer":"passenger","locationId":"E9AAE5B9-03AC-4199-9BA5-FEFBECFF47A0","name":"TNLP011890 - Dirk Sonoystraat 7, Amsterdam","address":"7 Dirk Sonoystraat","city":"Amsterdam","operatorName":"TotalEnergies","maxPowerKw":17,"isMegawatt":false,"status":"AVAILABLE","source":"ndw"}},{"type":"Feature","geometry":{"type":"Point","coordinates":[4.76989,52.351566]},"properties":{"type":"charge","layer":"passenger","locationId":"EC7E6B9F-A4CC-4A7E-9098-DB3DE07E90DB","name":"TNLP010830 - Schotse Hooglanden 78, Amsterdam","address":"78 Schotse Hooglanden","city":"Amsterdam","operatorName":"TotalEnergies","maxPowerKw":17,"isMegawatt":false,"status":"AVAILABLE","source":"ndw"}},{"type":"Feature","geometry":{"type":"Point","coordinates":[4.801568,52.352016]},"properties":{"type":"charge","layer":"passenger","locationId":"43386D2D-43B2-4E9E-A819-219192405236","name":"TNLP010776 - H. Gerhardstraat 6, Amsterdam","address":"6 H. Gerhardstraat","city":"Amsterdam","operatorName":"TotalEnergies","maxPowerKw":17,"isMegawatt":false,"status":"AVAILABLE","source":"ndw"}},{"type":"Feature","geometry":{"type":"Point","coordinates":[4.795725,52.341488]},"properties":{"type":"charge","layer":"passenger","locationId":"70034B28-6259-4A1A-9FBF-CDF264E6DCA2","name":"TNLP011084 - Sloterweg 1291, Amsterdam","address":"1291 Sloterweg","city":"Amsterdam","operatorName":"TotalEnergies","maxPowerKw":17,"isMegawatt":false,"status":"AVAILABLE","source":"ndw"}},{"type":"Feature","geometry":{"type":"Point","coordinates":[4.85372,52.362125]},"properties":{"type":"charge","layer":"passenger","locationId":"9934E3D8-3599-4BCB-B42E-417782BD05D6","name":"TNLP010535 - Marowijnestraat 13 II, Amsterdam","address":"13 II Marowijnestraat","city":"Amsterdam","operatorName":"TotalEnergies","maxPowerKw":17,"isMegawatt":false,"status":"AVAILABLE","source":"ndw"}},{"type":"Feature","geometry":{"type":"Point","coordinates":[4.841186,52.376083]},"properties":{"type":"charge","layer":"passenger","locationId":"5b207f3e-2dca-491a-b2ef-6a15a8491d60","name":"TNLP010399 - Jacob van Arteveldestraat 5, Amsterdam","address":"5 Jacob van Arteveldestraat","city":"Amsterdam","operatorName":"TotalEnergies","maxPowerKw":17,"isMegawatt":false,"status":"AVAILABLE","source":"ndw"}},{"type":"Feature","geometry":{"type":"Point","coordinates":[4.88524,52.378845]},"properties":{"type":"charge","layer":"passenger","locationId":"ed460f96-27af-4b2e-a39c-a7b37c4d411e","name":"TNLP010814 - Westerstraat 36, Amsterdam","address":"36 Westerstraat","city":"Amsterdam","operatorName":"TotalEnergies","maxPowerKw":17,"isMegawatt":false,"status":"CHARGING","source":"ndw"}},{"type":"Feature","geometry":{"type":"Point","coordinates":[4.901041,52.360523]},"properties":{"type":"charge","layer":"passenger","locationId":"B329937D-F482-4100-93BA-9A0B19B0ED20","name":"TNLP010042 - Frederiksplein 45, Amsterdam","address":"45 Frederiksplein","city":"Amsterdam","operatorName":"TotalEnergies","maxPowerKw":17,"isMegawatt":false,"status":"UNAVAILABLE","source":"ndw"}},{"type":"Feature","geometry":{"type":"Point","coordinates":[4.907628,52.41482]},"properties":{"type":"charge","layer":"passenger","locationId":"B4E6DBEE-60F7-4036-984A-290F537D126E","name":"TNLP011099 - Kadoelenweg 292, Amsterdam","address":"292 Kadoelenweg","city":"Amsterdam","operatorName":"TotalEnergies","maxPowerKw":17,"isMegawatt":false,"status":"AVAILABLE","source":"ndw"}},{"type":"Feature","geometry":{"type":"Point","coordinates":[4.902831,52.419346]},"properties":{"type":"charge","layer":"passenger","locationId":"DDD566B0-07AE-46B5-B8A8-9F1142FA3C0A","name":"TNLP011009 - Stentorstraat 51 HS, Amsterdam","address":"51 HS Stentorstraat","city":"Amsterdam","operatorName":"TotalEnergies","maxPowerKw":17,"isMegawatt":false,"status":"AVAILABLE","source":"ndw"}},{"type":"Feature","geometry":{"type":"Point","coordinates":[4.799843,52.37441]},"properties":{"type":"charge","layer":"passenger","locationId":"E783AFCC-9E9A-4DE3-A1E1-9D23328183F6","name":"TNLP011194 - Van Karnebeekstraat 3, Amsterdam","address":"3 Van Karnebeekstraat","city":"Amsterdam","operatorName":"TotalEnergies","maxPowerKw":17,"isMegawatt":false,"status":"AVAILABLE","source":"ndw"}},{"type":"Feature","geometry":{"type":"Point","coordinates":[4.941869,52.363937]},"properties":{"type":"charge","layer":"passenger","locationId":"c33aaa25-9289-42de-8d02-c1a9da7e104b","name":"TNLP010867 - Gorontalostraat 211, Amsterdam","address":"211 Gorontalostraat","city":"Amsterdam","operatorName":"TotalEnergies","maxPowerKw":17,"isMegawatt":false,"status":"AVAILABLE","source":"ndw"}},{"type":"Feature","geometry":{"type":"Point","coordinates":[4.861305,52.36391]},"properties":{"type":"charge","layer":"passenger","locationId":"8b177f43-5b9a-4c23-8c4e-74f4ee5b9b7f","name":"TNLP010977 - Borgerstraat 226, Amsterdam","address":"226 Borgerstraat","city":"Amsterdam","operatorName":"TotalEnergies","maxPowerKw":17,"isMegawatt":false,"status":"AVAILABLE","source":"ndw"}},{"type":"Feature","geometry":{"type":"Point","coordinates":[4.845737,52.374825]},"properties":{"type":"charge","layer":"passenger","locationId":"8a4689bb-1e1e-4d1f-a8a0-bcf39bfe4694","name":"TNLP010427 - Robert Scottstraat 50, Amsterdam","address":"50 Robert Scottstraat","city":"Amsterdam","operatorName":"TotalEnergies","maxPowerKw":17,"isMegawatt":false,"status":"AVAILABLE","source":"ndw"}},{"type":"Feature","geometry":{"type":"Point","coordinates":[4.920088,52.414482]},"properties":{"type":"charge","layer":"passenger","locationId":"0751F187-462B-4CF5-B6EC-7C350B9BE085","name":"TNLP010029 - Achtersteven 26, Amsterdam","address":"26 Achtersteven","city":"Amsterdam","operatorName":"TotalEnergies","maxPowerKw":17,"isMegawatt":false,"status":"CHARGING","source":"ndw"}},{"type":"Feature","geometry":{"type":"Point","coordinates":[4.943237,52.376648]},"properties":{"type":"charge","layer":"passenger","locationId":"33A72234-A2F2-480B-B1FA-DBBCE941C3A9","name":"TNLP011232 - Levantplein 56, Amsterdam","address":"56 Levantplein","city":"Amsterdam","operatorName":"TotalEnergies","maxPowerKw":17,"isMegawatt":false,"status":"AVAILABLE","source":"ndw"}},{"type":"Feature","geometry":{"type":"Point","coordinates":[4.853208,52.36841]},"properties":{"type":"charge","layer":"passenger","locationId":"54902791-97cd-4dd6-a9aa-70424a09a8ed","name":"TNLP010739 - Baffinstraat 28, Amsterdam","address":"28 Baffinstraat","city":"Amsterdam","operatorName":"TotalEnergies","maxPowerKw":17,"isMegawatt":false,"status":"UNAVAILABLE","source":"ndw"}},{"type":"Feature","geometry":{"type":"Point","coordinates":[4.943951,52.377197]},"properties":{"type":"charge","layer":"passenger","locationId":"54CCE483-919B-4B48-86ED-2097FB5F172A","name":"TNLP010788 - KNSM-laan 683, Amsterdam","address":"683 KNSM-laan","city":"Amsterdam","operatorName":"TotalEnergies","maxPowerKw":17,"isMegawatt":false,"status":"AVAILABLE","source":"ndw"}},{"type":"Feature","geometry":{"type":"Point","coordinates":[4.800233,52.35765]},"properties":{"type":"charge","layer":"passenger","locationId":"216AB62C-BFED-401C-B779-F07726B77A3C","name":"TNLP010105 - Hoekenes 30, Amsterdam","address":"30 Hoekenes","city":"Amsterdam","operatorName":"TotalEnergies","maxPowerKw":17,"isMegawatt":false,"status":"CHARGING","source":"ndw"}},{"type":"Feature","geometry":{"type":"Point","coordinates":[4.916677,52.353287]},"properties":{"type":"charge","layer":"passenger","locationId":"6a9ee909-cd34-4901-9acb-1a1d98fddb7a","name":"TNLP011436 - President Brandstraat 326, Amsterdam","address":"326 President Brandstraat","city":"Amsterdam","operatorName":"TotalEnergies","maxPowerKw":17,"isMegawatt":false,"status":"AVAILABLE","source":"ndw"}},{"type":"Feature","geometry":{"type":"Point","coordinates":[4.920931,52.373862]},"properties":{"type":"charge","layer":"passenger","locationId":"NLLOC027160","name":"NLD, Amsterdam, Kat­ten­bur­ger­straat 302-304","address":"Kat­ten­bur­ger­straat 302-304","city":"Amsterdam","operatorName":"Allego","maxPowerKw":22,"isMegawatt":false,"status":"UNAVAILABLE","source":"ndw","priceKwh":0.495}},{"type":"Feature","geometry":{"type":"Point","coordinates":[4.868039,52.347275]},"properties":{"type":"charge","layer":"passenger","locationId":"3b5a20ad-963d-4117-a411-824d8be176b5","name":"TNLP010836 - Olympiaplein 71, Amsterdam","address":"71 Olympiaplein","city":"Amsterdam","operatorName":"TotalEnergies","maxPowerKw":17,"isMegawatt":false,"status":"CHARGING","source":"ndw"}},{"type":"Feature","geometry":{"type":"Point","coordinates":[4.853503,52.39279]},"properties":{"type":"charge","layer":"passenger","locationId":"D699A200-73E8-4E73-AD76-5199115AA176","name":"TNLP010856 - Elektronstraat 12, Amsterdam","address":"12 Elektronstraat","city":"Amsterdam","operatorName":"TotalEnergies","maxPowerKw":17,"isMegawatt":false,"status":"AVAILABLE","source":"ndw"}},{"type":"Feature","geometry":{"type":"Point","coordinates":[4.932787,52.336217]},"properties":{"type":"charge","layer":"passenger","locationId":"670cc2fd24e796001c2e163f","name":"PPC Amsterdam","address":"H.J.E Wenckebachweg 131","city":"Amsterdam","operatorName":"E-Flux by Road","maxPowerKw":44,"isMegawatt":false,"status":"AVAILABLE","source":"ndw","priceKwh":0.54}},{"type":"Feature","geometry":{"type":"Point","coordinates":[4.931308,52.39212]},"properties":{"type":"charge","layer":"passenger","locationId":"F1360B0D-2409-4E5E-858B-062663F17C2D","name":"TNLP010870 - Hoekschewaardweg 182, Amsterdam","address":"182 Hoekschewaardweg","city":"Amsterdam","operatorName":"TotalEnergies","maxPowerKw":17,"isMegawatt":false,"status":"AVAILABLE","source":"ndw"}},{"type":"Feature","geometry":{"type":"Point","coordinates":[4.916855,52.349401]},"properties":{"type":"charge","layer":"passenger","locationId":"NLLOC027922","name":"Allego - Amsterdam O Pauwenpad","address":"Pauwenpad 1","city":"Amsterdam","operatorName":"Allego","maxPowerKw":200,"isMegawatt":false,"status":"AVAILABLE","source":"ndw","priceKwh":0.655}},{"type":"Feature","geometry":{"type":"Point","coordinates":[4.822581,52.354156]},"properties":{"type":"charge","layer":"passenger","locationId":"3AD3AE87-BD0F-4586-9C12-739371BDDC20","name":"TNLP010608 - Louis Bouwmeesterstraat 50, Amsterdam","address":"50 Louis Bouwmeesterstraat","city":"Amsterdam","operatorName":"TotalEnergies","maxPowerKw":17,"isMegawatt":false,"status":"AVAILABLE","source":"ndw"}},{"type":"Feature","geometry":{"type":"Point","coordinates":[4.941932,52.40471]},"properties":{"type":"charge","layer":"passenger","locationId":"78CC65CA-E6F0-40DB-97AD-9DFD22A4A384","name":"TNLP011030 - Amerbos 459, Amsterdam","address":"459 Amerbos","city":"Amsterdam","operatorName":"TotalEnergies","maxPowerKw":17,"isMegawatt":false,"status":"AVAILABLE","source":"ndw"}},{"type":"Feature","geometry":{"type":"Point","coordinates":[4.91344,52.357624]},"properties":{"type":"charge","layer":"passenger","locationId":"CF225FAD-F223-436D-B92C-E3E453FCD6C3","name":"TNLP010988 - Blasiusstraat 174, Amsterdam","address":"174 Blasiusstraat","city":"Amsterdam","operatorName":"TotalEnergies","maxPowerKw":17,"isMegawatt":false,"status":"AVAILABLE","source":"ndw"}},{"type":"Feature","geometry":{"type":"Point","coordinates":[4.90676,52.346252]},"properties":{"type":"charge","layer":"passenger","locationId":"a659ca9d-69ff-4ffa-ad19-fe41f009dbba","name":"TNLP010731 - Vrijheidslaan 69, Amsterdam","address":"69 Vrijheidslaan","city":"Amsterdam","operatorName":"TotalEnergies","maxPowerKw":17,"isMegawatt":false,"status":"AVAILABLE","source":"ndw"}},{"type":"Feature","geometry":{"type":"Point","coordinates":[4.877861,52.32444]},"properties":{"type":"charge","layer":"passenger","locationId":"035BF7CF-D8CE-46CC-87B6-7A110249548F","name":"TNLP011118 - Reimersbeek 1, Amsterdam","address":"1 Reimersbeek","city":"Amsterdam","operatorName":"TotalEnergies","maxPowerKw":17,"isMegawatt":false,"status":"AVAILABLE","source":"ndw"}},{"type":"Feature","geometry":{"type":"Point","coordinates":[5.040046,52.321574]},"properties":{"type":"charge","layer":"passenger","locationId":"69d942d2114eaac000aa7e28","name":"Lolo2","address":"Fort rhijnaunwenstraat  84","city":"Weesp","operatorName":"E-Flux by Road","maxPowerKw":22,"isMegawatt":false,"status":"AVAILABLE","source":"ndw","priceKwh":1.01}},{"type":"Feature","geometry":{"type":"Point","coordinates":[4.878283,52.34949]},"properties":{"type":"charge","layer":"passenger","locationId":"4AC600DF-0AB0-4E35-839F-CFE9B28D5FB6","name":"TNLP011260 - Corellistraat 23-1, Amsterdam","address":"23-1 Corellistraat","city":"Amsterdam","operatorName":"TotalEnergies","maxPowerKw":17,"isMegawatt":false,"status":"AVAILABLE","source":"ndw"}},{"type":"Feature","geometry":{"type":"Point","coordinates":[4.863672,52.34711]},"properties":{"type":"charge","layer":"passenger","locationId":"9D6E0D6D-E1D1-400D-B7A2-CEE4AE60DA35","name":"TNLP010581 - Hygiëaplein 50, Amsterdam","address":"50 Hygiëaplein","city":"Amsterdam","operatorName":"TotalEnergies","maxPowerKw":17,"isMegawatt":false,"status":"AVAILABLE","source":"ndw"}},{"type":"Feature","geometry":{"type":"Point","coordinates":[4.931845,52.36485]},"properties":{"type":"charge","layer":"passenger","locationId":"3E4F5266-4112-4374-9948-7C8AF5C7DAAA","name":"TNLP011355 - Bankastraat 1, Amsterdam","address":"1 Bankastraat","city":"Amsterdam","operatorName":"TotalEnergies","maxPowerKw":17,"isMegawatt":false,"status":"AVAILABLE","source":"ndw"}},{"type":"Feature","geometry":{"type":"Point","coordinates":[4.821437,52.392774]},"properties":{"type":"charge","layer":"passenger","locationId":"682c854dcf3af297d6fd41fc","name":"Vakwijs - Amsterdam","address":"Basisweg 50A","city":"Amsterdam","operatorName":"Alva Charging Services","maxPowerKw":22,"isMegawatt":false,"status":"AVAILABLE","source":"ndw","priceKwh":0.44}},{"type":"Feature","geometry":{"type":"Point","coordinates":[4.854351,52.350372]},"properties":{"type":"charge","layer":"passenger","locationId":"5d4531c5-388d-48b2-b887-e3fb9197f368","name":"TNLP010859 - Baarsstraat 12, Amsterdam","address":"12 Baarsstraat","city":"Amsterdam","operatorName":"TotalEnergies","maxPowerKw":17,"isMegawatt":false,"status":"AVAILABLE","source":"ndw"}},{"type":"Feature","geometry":{"type":"Point","coordinates":[4.947237,52.390373]},"properties":{"type":"charge","layer":"passenger","locationId":"075EA64F-C48F-44BF-8D09-CE99937ACF3F","name":"TNLP011083 - Wijdenesserstraat 24, Amsterdam","address":"24 Wijdenesserstraat","city":"Amsterdam","operatorName":"TotalEnergies","maxPowerKw":17,"isMegawatt":false,"status":"AVAILABLE","source":"ndw"}},{"type":"Feature","geometry":{"type":"Point","coordinates":[4.901034,52.35194]},"properties":{"type":"charge","layer":"passenger","locationId":"5882B068-E150-451A-8745-E9D648873855","name":"TNLP010339 - Toldwarsstraat 14, Amsterdam","address":"14 Toldwarsstraat","city":"Amsterdam","operatorName":"TotalEnergies","maxPowerKw":17,"isMegawatt":false,"status":"AVAILABLE","source":"ndw"}},{"type":"Feature","geometry":{"type":"Point","coordinates":[4.865751,52.328278]},"properties":{"type":"charge","layer":"passenger","locationId":"8E1C3DDF-E187-4B5F-BAE1-1EC0DBA1771C","name":"TNLP011675 - Nijenburg 2, Amsterdam","address":"2 Nijenburg","city":"Amsterdam","operatorName":"TotalEnergies","maxPowerKw":17,"isMegawatt":false,"status":"AVAILABLE","source":"ndw"}},{"type":"Feature","geometry":{"type":"Point","coordinates":[4.905691,52.35202]},"properties":{"type":"charge","layer":"passenger","locationId":"CB310D04-2236-4299-ABC7-4CF98310F4B4","name":"TNLP011008 - Diamantstraat 15, Amsterdam","address":"15 Diamantstraat","city":"Amsterdam","operatorName":"TotalEnergies","maxPowerKw":17,"isMegawatt":false,"status":"AVAILABLE","source":"ndw"}},{"type":"Feature","geometry":{"type":"Point","coordinates":[4.894219,52.363747]},"properties":{"type":"charge","layer":"passenger","locationId":"3dac59e9-9aa0-4da1-bf4f-92accaba6b5a","name":"TNLP011649 - Keizersgracht 631, Amsterdam","address":"631 Keizersgracht","city":"Amsterdam","operatorName":"TotalEnergies","maxPowerKw":17,"isMegawatt":false,"status":"AVAILABLE","source":"ndw"}},{"type":"Feature","geometry":{"type":"Point","coordinates":[4.829232,52.348297]},"properties":{"type":"charge","layer":"passenger","locationId":"4E4E11FF-95EF-4275-AA84-DD68C81B871A","name":"TNLP010625 - Henri Dunantstraat 127, Amsterdam","address":"127 Henri Dunantstraat","city":"Amsterdam","operatorName":"TotalEnergies","maxPowerKw":17,"isMegawatt":false,"status":"AVAILABLE","source":"ndw"}},{"type":"Feature","geometry":{"type":"Point","coordinates":[4.957999,52.392277]},"properties":{"type":"charge","layer":"passenger","locationId":"08BB4E48-E3C6-4570-8B9D-89DBDD408A64","name":"TNLP011500 - Volendammerweg 172, Amsterdam","address":"172 Volendammerweg","city":"Amsterdam","operatorName":"TotalEnergies","maxPowerKw":17,"isMegawatt":false,"status":"UNAVAILABLE","source":"ndw"}},{"type":"Feature","geometry":{"type":"Point","coordinates":[4.874594,52.338446]},"properties":{"type":"charge","layer":"passenger","locationId":"b890569c9bb2493bbe956440c322b337","name":"Bouwcombinatie Nieuw Zuid","address":"Beethovenstraat 335","city":"Amsterdam","operatorName":"NRG Mobility","maxPowerKw":11,"isMegawatt":false,"status":"UNAVAILABLE","source":"ndw","priceKwh":0.44}},{"type":"Feature","geometry":{"type":"Point","coordinates":[4.822005,52.375706]},"properties":{"type":"charge","layer":"passenger","locationId":"251BE008-ED76-4D82-AF31-28132EE662B7","name":"TNLP010772 - Willem Kloosstraat 3, Amsterdam","address":"3 Willem Kloosstraat","city":"Amsterdam","operatorName":"TotalEnergies","maxPowerKw":17,"isMegawatt":false,"status":"AVAILABLE","source":"ndw"}},{"type":"Feature","geometry":{"type":"Point","coordinates":[4.924616,52.36609]},"properties":{"type":"charge","layer":"passenger","locationId":"7B53451F-4328-415A-8A9D-CA081DD00341","name":"TNLP010171 - Ingenieur Jakoba Mulderplein 59, Amsterdam","address":"59 Ingenieur Jakoba Mulderplein","city":"Amsterdam","operatorName":"TotalEnergies","maxPowerKw":17,"isMegawatt":false,"status":"AVAILABLE","source":"ndw"}},{"type":"Feature","geometry":{"type":"Point","coordinates":[4.897271,52.346107]},"properties":{"type":"charge","layer":"passenger","locationId":"7D2093E4-6E08-425E-BB7B-DCC0E4284EF7","name":"TNLP010395 - Jekerstraat 66, Amsterdam","address":"66 Jekerstraat","city":"Amsterdam","operatorName":"TotalEnergies","maxPowerKw":17,"isMegawatt":false,"status":"AVAILABLE","source":"ndw"}},{"type":"Feature","geometry":{"type":"Point","coordinates":[5.038794,52.30731]},"properties":{"type":"charge","layer":"passenger","locationId":"B8B5E418-B3CB-4250-B384-1C8F797E5A9B","name":"TNLP011912 - Achtergracht 34, Weesp","address":"34 Achtergracht","city":"Weesp","operatorName":"TotalEnergies","maxPowerKw":17,"isMegawatt":false,"status":"AVAILABLE","source":"ndw"}},{"type":"Feature","geometry":{"type":"Point","coordinates":[4.941728,52.302619]},"properties":{"type":"charge","layer":"passenger","locationId":"672e0f258e940b023377ef4f","name":"Stadium Capital Lemelerbergweg","address":"Lemelerbergweg 31-1","city":"Amsterdam","operatorName":"Pluq","maxPowerKw":22,"isMegawatt":false,"status":"AVAILABLE","source":"ndw","priceKwh":0.36}},{"type":"Feature","geometry":{"type":"Point","coordinates":[4.917548,52.352592]},"properties":{"type":"charge","layer":"passenger","locationId":"BFF503B8-3AB4-43F9-94C6-6968133B9DB5","name":"TNLP010131 - Afrikanerplein 17, Amsterdam","address":"17 Afrikanerplein","city":"Amsterdam","operatorName":"TotalEnergies","maxPowerKw":17,"isMegawatt":false,"status":"AVAILABLE","source":"ndw"}},{"type":"Feature","geometry":{"type":"Point","coordinates":[4.969862,52.295128]},"properties":{"type":"charge","layer":"passenger","locationId":"C6122DDF-999F-468A-A69C-83AA597E8803","name":"TNLP010521 - Randwijkhof 69, Amsterdam","address":"69 Randwijkhof","city":"Amsterdam","operatorName":"TotalEnergies","maxPowerKw":17,"isMegawatt":false,"status":"AVAILABLE","source":"ndw"}},{"type":"Feature","geometry":{"type":"Point","coordinates":[4.929173,52.404274]},"properties":{"type":"charge","layer":"passenger","locationId":"C78C1B22-0ACF-412B-A52F-A5D48913FA76","name":"Laadplein - TNLP010217 - G.J. Scheurleerweg 15, Amsterdam","address":"15 G.J. Scheurleerweg","city":"Amsterdam","operatorName":"TotalEnergies","maxPowerKw":17,"isMegawatt":false,"status":"AVAILABLE","source":"ndw"}},{"type":"Feature","geometry":{"type":"Point","coordinates":[4.980133,52.322533]},"properties":{"type":"charge","layer":"passenger","locationId":"CF6700DE-9B24-4B20-9D56-B5D736E22AB7","name":"TNLP010030 - Gaandeweg 71, Amsterdam","address":"71 Gaandeweg","city":"Amsterdam","operatorName":"TotalEnergies","maxPowerKw":17,"isMegawatt":false,"status":"AVAILABLE","source":"ndw"}},{"type":"Feature","geometry":{"type":"Point","coordinates":[5.058034,52.297867]},"properties":{"type":"charge","layer":"passenger","locationId":"011DB8A0-2AEF-4420-A310-3C5032A09949","name":"TNLP011600 - Utrechtseweg 110A, Weesp","address":"110A Utrechtseweg","city":"Weesp","operatorName":"TotalEnergies","maxPowerKw":17,"isMegawatt":false,"status":"AVAILABLE","source":"ndw"}},{"type":"Feature","geometry":{"type":"Point","coordinates":[4.854729,52.35933]},"properties":{"type":"charge","layer":"passenger","locationId":"01C4B719-7F1A-4C1B-8017-60AB03BA7FE7","name":"TNLP010256 - Paramariboplein 2, Amsterdam","address":"2 Paramariboplein","city":"Amsterdam","operatorName":"TotalEnergies","maxPowerKw":17,"isMegawatt":false,"status":"AVAILABLE","source":"ndw"}},{"type":"Feature","geometry":{"type":"Point","coordinates":[4.944455,52.4004]},"properties":{"type":"charge","layer":"passenger","locationId":"021EC2AB-3275-4AC6-BC6A-5D2756FC1148","name":"TNLP010818 - Savelbos 1, Amsterdam","address":"1 Savelbos","city":"Amsterdam","operatorName":"TotalEnergies","maxPowerKw":17,"isMegawatt":false,"status":"AVAILABLE","source":"ndw"}},{"type":"Feature","geometry":{"type":"Point","coordinates":[4.911373,52.392222]},"properties":{"type":"charge","layer":"passenger","locationId":"028AC12F-4408-4827-A262-910604781248","name":"Eneco eMobility Hotel NH Amsterdam Noord","address":"Distelkade 21","city":"Amsterdam","operatorName":"Eneco","maxPowerKw":22,"isMegawatt":false,"status":"AVAILABLE","source":"ndw","priceKwh":0.45}},{"type":"Feature","geometry":{"type":"Point","coordinates":[4.887938,52.339461]},"properties":{"type":"charge","layer":"passenger","locationId":"630e1a8246f57b6f4f50cc06","name":"RAI P4","address":"Europaplein 24","city":"Amsterdam","operatorName":"Heijmans","maxPowerKw":11,"isMegawatt":false,"status":"AVAILABLE","source":"ndw","priceKwh":0.49}},{"type":"Feature","geometry":{"type":"Point","coordinates":[4.9454,52.32088]},"properties":{"type":"charge","layer":"passenger","locationId":"0920E3EB-F69F-4384-8881-65EDC48EA3BA","name":"TNLP010268 - Bernard Shawsingel 180, Amsterdam","address":"180 Bernard Shawsingel","city":"Amsterdam","operatorName":"TotalEnergies","maxPowerKw":17,"isMegawatt":false,"status":"AVAILABLE","source":"ndw"}},{"type":"Feature","geometry":{"type":"Point","coordinates":[4.865344,52.341277]},"properties":{"type":"charge","layer":"passenger","locationId":"11f0fc800b9c4482a55ef81fa0b4a702","name":"J.P. van Eesteren Fred. Roeskestr","address":"Fred. Roeskestraat 73","city":"Amsterdam","operatorName":"NRG Mobility","maxPowerKw":11,"isMegawatt":false,"status":"UNAVAILABLE","source":"ndw","priceKwh":0.6}},{"type":"Feature","geometry":{"type":"Point","coordinates":[4.779461,52.399734]},"properties":{"type":"charge","layer":"passenger","locationId":"50CD57DB-BAE5-4209-B2CA-D769A1B3C981","name":"Eneco eMobility KWS Amsterdam Utrecht - Aziëhavenweg 21 - Amsterdam","address":"Aziëhavenweg 21","city":"Amsterdam","operatorName":"Eneco","maxPowerKw":150,"isMegawatt":false,"status":"UNAVAILABLE","source":"ndw","priceKwh":0.33}},{"type":"Feature","geometry":{"type":"Point","coordinates":[4.941251,52.398677]},"properties":{"type":"charge","layer":"passenger","locationId":"NLLOC027665","name":"Allego - Slufter 151 Amsterdam","address":"Slufter 151","city":"Amsterdam","operatorName":"Allego","maxPowerKw":50,"isMegawatt":false,"status":"CHARGING","source":"ndw","priceKwh":0.655}},{"type":"Feature","geometry":{"type":"Point","coordinates":[4.876781,52.399258]},"properties":{"type":"charge","layer":"passenger","locationId":"OST20P0044_0002_4","name":"OST20P0044_0002_4","address":"Danzigerkade 15","city":"Amsterdam","operatorName":"e-VOLTT","maxPowerKw":21,"isMegawatt":false,"status":"AVAILABLE","source":"ndw","priceKwh":0.32}},{"type":"Feature","geometry":{"type":"Point","coordinates":[4.877028,52.399036]},"properties":{"type":"charge","layer":"passenger","locationId":"OST20P0044_0002_7","name":"OST20P0044_0002_7","address":"Danzigerkade 15","city":"Amsterdam","operatorName":"e-VOLTT","maxPowerKw":21,"isMegawatt":false,"status":"AVAILABLE","source":"ndw","priceKwh":0.32}},{"type":"Feature","geometry":{"type":"Point","coordinates":[4.931309,52.354218]},"properties":{"type":"charge","layer":"passenger","locationId":"2669DB16-8C25-4879-90C0-F65BB22DE923","name":"TNLP010899 - Hogeweg 9, Amsterdam","address":"9 Hogeweg","city":"Amsterdam","operatorName":"TotalEnergies","maxPowerKw":17,"isMegawatt":false,"status":"AVAILABLE","source":"ndw"}},{"type":"Feature","geometry":{"type":"Point","coordinates":[4.94211,52.35947]},"properties":{"type":"charge","layer":"passenger","locationId":"b767ba3f-9b9d-4d52-841f-19eddea54519","name":"Laadplein - TNLP011329 - Sumatraplantsoen 38, Amsterdam","address":"38 Sumatraplantsoen","city":"Amsterdam","operatorName":"TotalEnergies","maxPowerKw":17,"isMegawatt":false,"status":"AVAILABLE","source":"ndw"}},{"type":"Feature","geometry":{"type":"Point","coordinates":[5.014126,52.349831]},"properties":{"type":"charge","layer":"passenger","locationId":"NLENV636","name":"Amsterdam, Nydia Ecurystraat 6C","address":"Nydia Ecurystraat 6C","city":"Amsterdam","operatorName":"","maxPowerKw":11,"isMegawatt":false,"status":"AVAILABLE","source":"ndw","priceKwh":0.5}},{"type":"Feature","geometry":{"type":"Point","coordinates":[5.05205,52.30197]},"properties":{"type":"charge","layer":"passenger","locationId":"49E9A281-0C5A-486C-BC8C-B8EAABF33810","name":"TNLP011515 - M. Dotingalaan 117, Weesp","address":"117 M. Dotingalaan","city":"Weesp","operatorName":"TotalEnergies","maxPowerKw":17,"isMegawatt":false,"status":"AVAILABLE","source":"ndw"}},{"type":"Feature","geometry":{"type":"Point","coordinates":[4.794921,52.38256]},"properties":{"type":"charge","layer":"passenger","locationId":"579436C0-AA5D-4B78-979B-53B33E83F953","name":"TNLP010798 - Adriaan Dorsmanstraat 67, Amsterdam","address":"67 Adriaan Dorsmanstraat","city":"Amsterdam","operatorName":"TotalEnergies","maxPowerKw":17,"isMegawatt":false,"status":"AVAILABLE","source":"ndw"}},{"type":"Feature","geometry":{"type":"Point","coordinates":[5.046506,52.3059]},"properties":{"type":"charge","layer":"passenger","locationId":"5F7A3DC8-DD0B-4B57-A489-737EC2D160BB","name":"TNLP011246 - Hoogstraat 70a, Weesp","address":"70a Hoogstraat","city":"Weesp","operatorName":"TotalEnergies","maxPowerKw":17,"isMegawatt":false,"status":"CHARGING","source":"ndw"}},{"type":"Feature","geometry":{"type":"Point","coordinates":[4.83693,52.345726]},"properties":{"type":"charge","layer":"passenger","locationId":"91149165","name":"50five-S NL 07101609","address":"Henk Sneevlietweg 2","city":"Amsterdam","operatorName":"50five","maxPowerKw":4,"isMegawatt":false,"status":"AVAILABLE","source":"ndw"}},{"type":"Feature","geometry":{"type":"Point","coordinates":[4.839116,52.36199]},"properties":{"type":"charge","layer":"passenger","locationId":"6C49E4AF-5921-4FBD-AB09-535B2D1E4B5E","name":"TNLP010895 - Suze Robertsonstraat 115, Amsterdam","address":"115 Suze Robertsonstraat","city":"Amsterdam","operatorName":"TotalEnergies","maxPowerKw":17,"isMegawatt":false,"status":"AVAILABLE","source":"ndw"}},{"type":"Feature","geometry":{"type":"Point","coordinates":[4.933652,52.365597]},"properties":{"type":"charge","layer":"passenger","locationId":"adf8f0a4-d624-4343-ad12-0c006a5dd30a","name":"TNLP010161 - Borneostraat 1, Amsterdam","address":"1 Borneostraat","city":"Amsterdam","operatorName":"TotalEnergies","maxPowerKw":17,"isMegawatt":false,"status":"AVAILABLE","source":"ndw"}},{"type":"Feature","geometry":{"type":"Point","coordinates":[4.867516,52.355854]},"properties":{"type":"charge","layer":"passenger","locationId":"6D67E814-FE99-410F-ACC2-0658D90FE3EF","name":"TNLP010647 - Koninginneweg 4, Amsterdam","address":"4 Koninginneweg","city":"Amsterdam","operatorName":"TotalEnergies","maxPowerKw":17,"isMegawatt":false,"status":"AVAILABLE","source":"ndw"}},{"type":"Feature","geometry":{"type":"Point","coordinates":[4.91062,52.35599]},"properties":{"type":"charge","layer":"passenger","locationId":"5502B612-3069-405B-AD77-5A42AD277DB8","name":"Eneco eMobility Wibautstraat 64 Amsterdam","address":"Wibautstraat 64","city":"Amsterdam","operatorName":"Eneco","maxPowerKw":22,"isMegawatt":false,"status":"AVAILABLE","source":"ndw","priceKwh":0.32}},{"type":"Feature","geometry":{"type":"Point","coordinates":[4.847649,52.352894]},"properties":{"type":"charge","layer":"passenger","locationId":"90c3fc77-6207-49c4-a110-d3b36945adc8","name":"TNLP010108 - Bennebroekstraat 26, Amsterdam","address":"26 Bennebroekstraat","city":"Amsterdam","operatorName":"TotalEnergies","maxPowerKw":17,"isMegawatt":false,"status":"CHARGING","source":"ndw"}},{"type":"Feature","geometry":{"type":"Point","coordinates":[4.875645,52.35729]},"properties":{"type":"charge","layer":"passenger","locationId":"958619CD-0B77-4662-A6A4-6EF920F4084B","name":"TNLP010356 - Willemsparkweg 59, Amsterdam","address":"59 Willemsparkweg","city":"Amsterdam","operatorName":"TotalEnergies","maxPowerKw":17,"isMegawatt":false,"status":"UNAVAILABLE","source":"ndw"}},{"type":"Feature","geometry":{"type":"Point","coordinates":[4.86335,52.374798]},"properties":{"type":"charge","layer":"passenger","locationId":"A649D909-F49F-4F63-B552-79D6EBD888E6","name":"TNLP011242 - Geuzenkade 87, Amsterdam","address":"87 Geuzenkade","city":"Amsterdam","operatorName":"TotalEnergies","maxPowerKw":17,"isMegawatt":false,"status":"CHARGING","source":"ndw"}},{"type":"Feature","geometry":{"type":"Point","coordinates":[4.799536,52.38093]},"properties":{"type":"charge","layer":"passenger","locationId":"CA25E085-ADED-4F42-A76B-08969E058903","name":"TNLP011404 - Jan de Greefstraat 31, Amsterdam","address":"31 Jan de Greefstraat","city":"Amsterdam","operatorName":"TotalEnergies","maxPowerKw":17,"isMegawatt":false,"status":"AVAILABLE","source":"ndw"}},{"type":"Feature","geometry":{"type":"Point","coordinates":[4.882179,52.32463]},"properties":{"type":"charge","layer":"passenger","locationId":"DA461994-2084-49CF-9C16-C114190D43E8","name":"TNLP011836 - Holtmeulen 1, Amsterdam","address":"1 Holtmeulen","city":"Amsterdam","operatorName":"TotalEnergies","maxPowerKw":17,"isMegawatt":false,"status":"AVAILABLE","source":"ndw"}},{"type":"Feature","geometry":{"type":"Point","coordinates":[4.866525,52.36627]},"properties":{"type":"charge","layer":"passenger","locationId":"EA0FCCB4-843C-4807-87DA-E1C49285C3F0","name":"TNLP010024 - Hasebroekstraat 15, Amsterdam","address":"15 Hasebroekstraat","city":"Amsterdam","operatorName":"TotalEnergies","maxPowerKw":17,"isMegawatt":false,"status":"AVAILABLE","source":"ndw"}},{"type":"Feature","geometry":{"type":"Point","coordinates":[4.815885,52.343178]},"properties":{"type":"charge","layer":"passenger","locationId":"F0B13AB1-E5D2-475D-A564-8DF64E5539B1","name":"TNLP010892 - Kortenakenstraat 40, Amsterdam","address":"40 Kortenakenstraat","city":"Amsterdam","operatorName":"TotalEnergies","maxPowerKw":17,"isMegawatt":false,"status":"AVAILABLE","source":"ndw"}},{"type":"Feature","geometry":{"type":"Point","coordinates":[4.788082,52.358295]},"properties":{"type":"charge","layer":"passenger","locationId":"F107128C-8323-4C30-B95E-B7E53146F26F","name":"TNLP011059 - Langswater 667, Amsterdam","address":"667 Langswater","city":"Amsterdam","operatorName":"TotalEnergies","maxPowerKw":17,"isMegawatt":false,"status":"AVAILABLE","source":"ndw"}},{"type":"Feature","geometry":{"type":"Point","coordinates":[4.832378,52.348133]},"properties":{"type":"charge","layer":"passenger","locationId":"5ba7d145-12af-4425-8626-efe44a1a4759","name":"TNLP010385 - Ottho Heldringstraat 37, Amsterdam","address":"37 Ottho Heldringstraat","city":"Amsterdam","operatorName":"TotalEnergies","maxPowerKw":17,"isMegawatt":false,"status":"AVAILABLE","source":"ndw"}},{"type":"Feature","geometry":{"type":"Point","coordinates":[4.900606,52.408348]},"properties":{"type":"charge","layer":"passenger","locationId":"F65446A2-7FB5-4E62-A079-42F012D97791","name":"TNLP011680 - Moestuinlaan 7, Amsterdam","address":"7 Moestuinlaan","city":"Amsterdam","operatorName":"TotalEnergies","maxPowerKw":17,"isMegawatt":false,"status":"AVAILABLE","source":"ndw"}},{"type":"Feature","geometry":{"type":"Point","coordinates":[4.889989,52.349655]},"properties":{"type":"charge","layer":"passenger","locationId":"F705D7D5-9D7E-4C46-B4CC-A925B58674CA","name":"TNLP011555 - Van Hilligaertstraat 208, Amsterdam","address":"208 Van Hilligaertstraat","city":"Amsterdam","operatorName":"TotalEnergies","maxPowerKw":17,"isMegawatt":false,"status":"AVAILABLE","source":"ndw"}},{"type":"Feature","geometry":{"type":"Point","coordinates":[4.858668,52.34917]},"properties":{"type":"charge","layer":"passenger","locationId":"0d0f1be1-af3a-4e9d-80dc-ae2ac29b57c3","name":"TNLP011489 - Bertelmanplein 78, Amsterdam","address":"78 Bertelmanplein","city":"Amsterdam","operatorName":"TotalEnergies","maxPowerKw":17,"isMegawatt":false,"status":"AVAILABLE","source":"ndw"}},{"type":"Feature","geometry":{"type":"Point","coordinates":[4.86908,52.35372]},"properties":{"type":"charge","layer":"passenger","locationId":"5f800af1-e054-44f1-b7e7-5bdb1ffc5455","name":"TNLP010797 - Johannes Verhulststraat 156, Amsterdam","address":"156 Johannes Verhulststraat","city":"Amsterdam","operatorName":"TotalEnergies","maxPowerKw":17,"isMegawatt":false,"status":"AVAILABLE","source":"ndw"}},{"type":"Feature","geometry":{"type":"Point","coordinates":[4.790952,52.392293]},"properties":{"type":"charge","layer":"passenger","locationId":"NLCPIL6825915","name":"FOURCE BV JARMUIDEN 3","address":"60 Jarmuiden","city":"Amsterdam","operatorName":"ChargePoint","maxPowerKw":22,"isMegawatt":false,"status":"AVAILABLE","source":"ndw","priceKwh":0.5}},{"type":"Feature","geometry":{"type":"Point","coordinates":[4.948877,52.296189]},"properties":{"type":"charge","layer":"passenger","locationId":"91105671","name":"50five-S NL 19B05239","address":"Stekkenbergweg 4","city":"Amsterdam","operatorName":"50five","maxPowerKw":11,"isMegawatt":false,"status":"UNAVAILABLE","source":"ndw"}},{"type":"Feature","geometry":{"type":"Point","coordinates":[4.936156,52.302728]},"properties":{"type":"charge","layer":"passenger","locationId":"62a08ca435d56b2e44b5c72d","name":"Renault Nieuwendijk Amsterdam DC Snellader2 * 75 KWH","address":"Klokkenbergweg 13","city":"Amsterdam","operatorName":"Renault","maxPowerKw":88,"isMegawatt":false,"status":"AVAILABLE","source":"ndw","priceKwh":0.82}},{"type":"Feature","geometry":{"type":"Point","coordinates":[4.847643,52.389595]},"properties":{"type":"charge","layer":"passenger","locationId":"662D30F7-5F21-45B3-8FE5-6DF6B5063A66","name":"TNLP010980 - Kabelweg 22, Amsterdam","address":"22 Kabelweg","city":"Amsterdam","operatorName":"TotalEnergies","maxPowerKw":17,"isMegawatt":false,"status":"AVAILABLE","source":"ndw"}},{"type":"Feature","geometry":{"type":"Point","coordinates":[5.038543,52.314533]},"properties":{"type":"charge","layer":"passenger","locationId":"7ADCA933-4F63-4EB3-BE0A-4C48DACD9F3B","name":"TNLP011882 - Sportparklaan 169, Weesp","address":"169 Sportparklaan","city":"Weesp","operatorName":"TotalEnergies","maxPowerKw":17,"isMegawatt":false,"status":"AVAILABLE","source":"ndw"}},{"type":"Feature","geometry":{"type":"Point","coordinates":[4.939247,52.310534]},"properties":{"type":"charge","layer":"passenger","locationId":"NLLOC027778","name":"NLD, Amsterdam, De Entree 300","address":"De Entree 300","city":"Amsterdam","operatorName":"Allego","maxPowerKw":22,"isMegawatt":false,"status":"AVAILABLE","source":"ndw","priceKwh":0.281}},{"type":"Feature","geometry":{"type":"Point","coordinates":[4.873458,52.36274]},"properties":{"type":"charge","layer":"passenger","locationId":"8524e9a1-d114-46a8-b1f8-bf0b0c7499fa","name":"TNLP010152 - Tweede Constantijn Huygensstraat 61, Amsterdam","address":"61 Tweede Constantijn Huygensstraat","city":"Amsterdam","operatorName":"TotalEnergies","maxPowerKw":17,"isMegawatt":false,"status":"CHARGING","source":"ndw"}},{"type":"Feature","geometry":{"type":"Point","coordinates":[4.969662,52.370278]},"properties":{"type":"charge","layer":"passenger","locationId":"ec8f45e606a98ede10b4b37e6fad783c","name":"Bob Haarmslaan","address":"Bob Haarmslaan","city":"Amsterdam","operatorName":"Vattenfall InCharge","maxPowerKw":11,"isMegawatt":false,"status":"CHARGING","source":"ndw","priceKwh":0.28}},{"type":"Feature","geometry":{"type":"Point","coordinates":[4.946813,52.326379]},"properties":{"type":"charge","layer":"passenger","locationId":"NLLOC027929","name":"Allego - Amsterdam ZO Dalsteindreef","address":"Dalsteindreef 328","city":"Amsterdam","operatorName":"Allego","maxPowerKw":150,"isMegawatt":false,"status":"AVAILABLE","source":"ndw","priceKwh":0.655}},{"type":"Feature","geometry":{"type":"Point","coordinates":[4.849565,52.352493]},"properties":{"type":"charge","layer":"passenger","locationId":"2B5E193C-C679-47CE-B719-E7E0579531E9","name":"TNLP010102 - Warmondstraat 175, Amsterdam","address":"175 Warmondstraat","city":"Amsterdam","operatorName":"TotalEnergies","maxPowerKw":17,"isMegawatt":false,"status":"CHARGING","source":"ndw"}},{"type":"Feature","geometry":{"type":"Point","coordinates":[4.884233,52.33061]},"properties":{"type":"charge","layer":"passenger","locationId":"A714EA1A-7561-4E67-A5F5-CC8F7EBEBFA9","name":"TNLP010952 - Sijpestein 1, Amsterdam","address":"1 Sijpestein","city":"Amsterdam","operatorName":"TotalEnergies","maxPowerKw":17,"isMegawatt":false,"status":"AVAILABLE","source":"ndw"}},{"type":"Feature","geometry":{"type":"Point","coordinates":[4.847176,52.354244]},"properties":{"type":"charge","layer":"passenger","locationId":"98367693-7818-4D31-95AF-2EDA0C5967C6","name":"TNLP010244 - Vogelenzangstraat 44, Amsterdam","address":"44 Vogelenzangstraat","city":"Amsterdam","operatorName":"TotalEnergies","maxPowerKw":17,"isMegawatt":false,"status":"AVAILABLE","source":"ndw"}},{"type":"Feature","geometry":{"type":"Point","coordinates":[4.851021,52.365376]},"properties":{"type":"charge","layer":"passenger","locationId":"26BCDEAE-C572-430D-B67D-4B1FF6F4AE8B","name":"TNLP010406 - Van Middellandtstraat 2, Amsterdam","address":"2 Van Middellandtstraat","city":"Amsterdam","operatorName":"TotalEnergies","maxPowerKw":17,"isMegawatt":false,"status":"CHARGING","source":"ndw"}},{"type":"Feature","geometry":{"type":"Point","coordinates":[4.96764,52.29284]},"properties":{"type":"charge","layer":"passenger","locationId":"280A243A-B340-47D6-9E23-A25EA5FB115E","name":"TNLP010479 - Tuilstraat 20, Amsterdam","address":"20 Tuilstraat","city":"Amsterdam","operatorName":"TotalEnergies","maxPowerKw":17,"isMegawatt":false,"status":"AVAILABLE","source":"ndw"}},{"type":"Feature","geometry":{"type":"Point","coordinates":[4.885819,52.377995]},"properties":{"type":"charge","layer":"passenger","locationId":"109c81c1-aa7f-4b51-a3ae-6f0a03b5b1cd","name":"TNLP011142 - Prinsengracht 54, Amsterdam","address":"54 Prinsengracht","city":"Amsterdam","operatorName":"TotalEnergies","maxPowerKw":17,"isMegawatt":false,"status":"CHARGING","source":"ndw"}},{"type":"Feature","geometry":{"type":"Point","coordinates":[4.979859,52.362766]},"properties":{"type":"charge","layer":"passenger","locationId":"219f89f0-82d7-4f1b-a8f7-3464b65199bc","name":"TNLP010734 - Jan Olphert Vaillantlaan 1, Amsterdam","address":"1 Jan Olphert Vaillantlaan","city":"Amsterdam","operatorName":"TotalEnergies","maxPowerKw":17,"isMegawatt":false,"status":"AVAILABLE","source":"ndw"}},{"type":"Feature","geometry":{"type":"Point","coordinates":[4.927302,52.39979]},"properties":{"type":"charge","layer":"passenger","locationId":"2BC5B7DB-964A-4E90-B6DA-D0FE5A8DE984","name":"TNLP010130 - J.H. Hisgenpad 261, Amsterdam","address":"261 J.H. Hisgenpad","city":"Amsterdam","operatorName":"TotalEnergies","maxPowerKw":17,"isMegawatt":false,"status":"AVAILABLE","source":"ndw"}},{"type":"Feature","geometry":{"type":"Point","coordinates":[4.889632,52.359264]},"properties":{"type":"charge","layer":"passenger","locationId":"5AE44E08-158C-4185-BB1B-CCE46B019684","name":"TNLP010750 - Eerste Weteringplantsoen 40, Amsterdam","address":"40 Eerste Weteringplantsoen","city":"Amsterdam","operatorName":"TotalEnergies","maxPowerKw":17,"isMegawatt":false,"status":"AVAILABLE","source":"ndw"}},{"type":"Feature","geometry":{"type":"Point","coordinates":[4.898962,52.3475]},"properties":{"type":"charge","layer":"passenger","locationId":"C3941B2E-6529-4CA8-A70A-47FC8965EA8E","name":"TNLP011817 - IJselstraat 91, Amsterdam","address":"91 IJselstraat","city":"Amsterdam","operatorName":"TotalEnergies","maxPowerKw":17,"isMegawatt":false,"status":"AVAILABLE","source":"ndw"}},{"type":"Feature","geometry":{"type":"Point","coordinates":[4.995896,52.29721]},"properties":{"type":"charge","layer":"passenger","locationId":"7B9E4050-D465-4615-B325-A5C4488C2CB9","name":"TNLP010945 - Jan Nautahof 2, Amsterdam","address":"2 Jan Nautahof","city":"Amsterdam","operatorName":"TotalEnergies","maxPowerKw":17,"isMegawatt":false,"status":"AVAILABLE","source":"ndw"}},{"type":"Feature","geometry":{"type":"Point","coordinates":[4.911222,52.346367]},"properties":{"type":"charge","layer":"passenger","locationId":"BA218531-9D88-4F6A-BE4F-F7BA0266C96A","name":"TNLP011219 - Waverstraat 2, Amsterdam","address":"2 Waverstraat","city":"Amsterdam","operatorName":"TotalEnergies","maxPowerKw":17,"isMegawatt":false,"status":"AVAILABLE","source":"ndw"}},{"type":"Feature","geometry":{"type":"Point","coordinates":[4.894497,52.41546]},"properties":{"type":"charge","layer":"passenger","locationId":"D8BDAB9D-E41F-4803-9BEC-646346721C1E","name":"TNLP010861 - Kometensingel 52, Amsterdam","address":"52 Kometensingel","city":"Amsterdam","operatorName":"TotalEnergies","maxPowerKw":17,"isMegawatt":false,"status":"AVAILABLE","source":"ndw"}},{"type":"Feature","geometry":{"type":"Point","coordinates":[4.953492,52.296496]},"properties":{"type":"charge","layer":"passenger","locationId":"62971898","name":"Laadpaal24 Wacker Biotech B.V.","address":"Paasheuvelweg 30","city":"Amsterdam Zuidoost","operatorName":"Laadpaal24","maxPowerKw":17,"isMegawatt":false,"status":"AVAILABLE","source":"ndw"}},{"type":"Feature","geometry":{"type":"Point","coordinates":[5.029201,52.31515]},"properties":{"type":"charge","layer":"passenger","locationId":"8c11451a-f679-445a-b467-4e7b307b48a6","name":"TNLP011774 - Heemraadweg 101, Weesp","address":"101 Heemraadweg","city":"Weesp","operatorName":"TotalEnergies","maxPowerKw":17,"isMegawatt":false,"status":"UNAVAILABLE","source":"ndw"}},{"type":"Feature","geometry":{"type":"Point","coordinates":[4.824373,52.339701]},"properties":{"type":"charge","layer":"passenger","locationId":"88901297","name":"50five Exploitatie A'dam Smith Expereo","address":"Thomas R. Malthusstraat 3B","city":"Amsterdam","operatorName":"50five","maxPowerKw":22,"isMegawatt":false,"status":"AVAILABLE","source":"ndw"}},{"type":"Feature","geometry":{"type":"Point","coordinates":[4.870387,52.325764]},"properties":{"type":"charge","layer":"passenger","locationId":"c47bede7-7c41-4fc7-ac28-b27cfa9db793","name":"TNLP010865 - Kastelenstraat 273, Amsterdam","address":"273 Kastelenstraat","city":"Amsterdam","operatorName":"TotalEnergies","maxPowerKw":17,"isMegawatt":false,"status":"CHARGING","source":"ndw"}},{"type":"Feature","geometry":{"type":"Point","coordinates":[4.968139,52.297497]},"properties":{"type":"charge","layer":"passenger","locationId":"52D87BB4-378C-4488-83C9-ACAC9DD3FA7E","name":"TNLP011333 - Millingenhof 32, Amsterdam","address":"32 Millingenhof","city":"Amsterdam","operatorName":"TotalEnergies","maxPowerKw":17,"isMegawatt":false,"status":"AVAILABLE","source":"ndw"}},{"type":"Feature","geometry":{"type":"Point","coordinates":[4.961658,52.298153]},"properties":{"type":"charge","layer":"passenger","locationId":"66B6DE20-31B8-46BF-BE2D-319B6A63CE57","name":"TNLP010491 - Ochtenhof 95, Amsterdam","address":"95 Ochtenhof","city":"Amsterdam","operatorName":"TotalEnergies","maxPowerKw":17,"isMegawatt":false,"status":"CHARGING","source":"ndw"}},{"type":"Feature","geometry":{"type":"Point","coordinates":[4.869027,52.38217]},"properties":{"type":"charge","layer":"passenger","locationId":"d5742510-059f-4d45-b7b2-1c3e4f3f6e79","name":"TNLP010494 - De Kempenaerstraat 2, Amsterdam","address":"2 De Kempenaerstraat","city":"Amsterdam","operatorName":"TotalEnergies","maxPowerKw":17,"isMegawatt":false,"status":"AVAILABLE","source":"ndw"}},{"type":"Feature","geometry":{"type":"Point","coordinates":[4.920345,52.38739]},"properties":{"type":"charge","layer":"passenger","locationId":"76071CE1-B730-4B4E-B961-4BD6110CCE8B","name":"TNLP011079 - Kwartelstraat 6, Amsterdam","address":"6 Kwartelstraat","city":"Amsterdam","operatorName":"TotalEnergies","maxPowerKw":17,"isMegawatt":false,"status":"AVAILABLE","source":"ndw"}},{"type":"Feature","geometry":{"type":"Point","coordinates":[4.878125,52.382942]},"properties":{"type":"charge","layer":"passenger","locationId":"7C4C15F9-3373-4E39-9345-2C4559B15D37","name":"TNLP010758 - De Wittenstraat 100, Amsterdam","address":"100 De Wittenstraat","city":"Amsterdam","operatorName":"TotalEnergies","maxPowerKw":17,"isMegawatt":false,"status":"AVAILABLE","source":"ndw"}},{"type":"Feature","geometry":{"type":"Point","coordinates":[4.918839,52.40684]},"properties":{"type":"charge","layer":"passenger","locationId":"a4571ccd-f6a9-42e8-8f58-81146c0859ef","name":"TNLP010527 - Banneplein 1, Amsterdam","address":"1 Banneplein","city":"Amsterdam","operatorName":"TotalEnergies","maxPowerKw":17,"isMegawatt":false,"status":"AVAILABLE","source":"ndw"}},{"type":"Feature","geometry":{"type":"Point","coordinates":[4.847688,52.349777]},"properties":{"type":"charge","layer":"passenger","locationId":"918652a2-51af-4c56-af1e-11834c006060","name":"TNLP010250 - Woestduinstraat 151 HS, Amsterdam","address":"151 HS Woestduinstraat","city":"Amsterdam","operatorName":"TotalEnergies","maxPowerKw":17,"isMegawatt":false,"status":"AVAILABLE","source":"ndw"}},{"type":"Feature","geometry":{"type":"Point","coordinates":[5.011472,52.347208]},"properties":{"type":"charge","layer":"passenger","locationId":"91092542","name":"50five-S NL 07001037","address":"Kees Schererhof 11","city":"Amsterdam","operatorName":"50five","maxPowerKw":11,"isMegawatt":false,"status":"AVAILABLE","source":"ndw"}},{"type":"Feature","geometry":{"type":"Point","coordinates":[4.853235,52.345144]},"properties":{"type":"charge","layer":"passenger","locationId":"91147696","name":"50five-S NL 03013043","address":"Artemisstraat 112","city":"Amsterdam","operatorName":"50five","maxPowerKw":11,"isMegawatt":false,"status":"AVAILABLE","source":"ndw"}},{"type":"Feature","geometry":{"type":"Point","coordinates":[4.890979,52.365648]},"properties":{"type":"charge","layer":"passenger","locationId":"91148730","name":"50five-S NL 09001611","address":"Klipperaak 101","city":"Bodegraven","operatorName":"50five","maxPowerKw":11,"isMegawatt":false,"status":"AVAILABLE","source":"ndw"}},{"type":"Feature","geometry":{"type":"Point","coordinates":[4.94905,52.388145]},"properties":{"type":"charge","layer":"passenger","locationId":"B5F71B1C-7871-40A6-950D-7621B6D54B74","name":"TNLP010550 - Monnikendammerweg 35, Amsterdam","address":"35 Monnikendammerweg","city":"Amsterdam","operatorName":"TotalEnergies","maxPowerKw":17,"isMegawatt":false,"status":"AVAILABLE","source":"ndw"}},{"type":"Feature","geometry":{"type":"Point","coordinates":[4.910437,52.35618]},"properties":{"type":"charge","layer":"passenger","locationId":"B9B7D0FB-CC9D-4263-8450-F15553ACFBD2","name":"TNLP010757 - Eerste Oosterparkstraat 105, Amsterdam","address":"105 Eerste Oosterparkstraat","city":"Amsterdam","operatorName":"TotalEnergies","maxPowerKw":17,"isMegawatt":false,"status":"AVAILABLE","source":"ndw"}},{"type":"Feature","geometry":{"type":"Point","coordinates":[4.864002,52.394778]},"properties":{"type":"charge","layer":"passenger","locationId":"89254119","name":"Van Leeuwen Nieuwe Hemweg 50","address":"Nieuwe Hemweg 50","city":"Amsterdam","operatorName":"Van Leeuwen","maxPowerKw":22,"isMegawatt":false,"status":"AVAILABLE","source":"ndw"}},{"type":"Feature","geometry":{"type":"Point","coordinates":[4.848074,52.37242]},"properties":{"type":"charge","layer":"passenger","locationId":"D3705A17-3CF7-4E1E-9A7F-AB0FD1E1C4FB","name":"TNLP011060 - Orteliusstraat 282, Amsterdam","address":"282 Orteliusstraat","city":"Amsterdam","operatorName":"TotalEnergies","maxPowerKw":17,"isMegawatt":false,"status":"AVAILABLE","source":"ndw"}},{"type":"Feature","geometry":{"type":"Point","coordinates":[4.923094,52.407764]},"properties":{"type":"charge","layer":"passenger","locationId":"D7B0DE27-85A7-4F7F-813D-BF05216F0DB2","name":"TNLP011740 - Oosterlengte 2, Amsterdam","address":"2 Oosterlengte","city":"Amsterdam","operatorName":"TotalEnergies","maxPowerKw":17,"isMegawatt":false,"status":"AVAILABLE","source":"ndw"}},{"type":"Feature","geometry":{"type":"Point","coordinates":[4.918654,52.377212]},"properties":{"type":"charge","layer":"passenger","locationId":"91299188","name":"50five-S NL Location","address":"Vriesseveem","city":"Amsterdam","operatorName":"50five","maxPowerKw":11,"isMegawatt":false,"status":"UNAVAILABLE","source":"ndw"}},{"type":"Feature","geometry":{"type":"Point","coordinates":[4.933679,52.35559]},"properties":{"type":"charge","layer":"passenger","locationId":"E0D5398A-962A-4F8E-B3C4-E59137B413E1","name":"TNLP010843 - Hogeweg 47, Amsterdam","address":"47 Hogeweg","city":"Amsterdam","operatorName":"TotalEnergies","maxPowerKw":17,"isMegawatt":false,"status":"CHARGING","source":"ndw"}},{"type":"Feature","geometry":{"type":"Point","coordinates":[4.949361,52.372303]},"properties":{"type":"charge","layer":"passenger","locationId":"E3879653-E677-4A63-B7FA-67768738E280","name":"TNLP010195, TNLP010296 - Scheepstimmermanstraat 57, Amsterdam","address":"57 Scheepstimmermanstraat","city":"Amsterdam","operatorName":"TotalEnergies","maxPowerKw":17,"isMegawatt":false,"status":"AVAILABLE","source":"ndw"}},{"type":"Feature","geometry":{"type":"Point","coordinates":[4.849677,52.357265]},"properties":{"type":"charge","layer":"passenger","locationId":"d51b21b6-3acc-4d9e-ae25-4973d619b578","name":"TNLP010829 - Andreas Schelfhoutstraat 65, Amsterdam","address":"65 Andreas Schelfhoutstraat","city":"Amsterdam","operatorName":"TotalEnergies","maxPowerKw":17,"isMegawatt":false,"status":"AVAILABLE","source":"ndw"}},{"type":"Feature","geometry":{"type":"Point","coordinates":[4.963415,52.32355]},"properties":{"type":"charge","layer":"passenger","locationId":"EFFAED7F-FE2A-46AB-B349-4D98F3D8E95F","name":"TNLP010146 - Emfuleni 26, Amsterdam","address":"26 Emfuleni","city":"Amsterdam","operatorName":"TotalEnergies","maxPowerKw":17,"isMegawatt":false,"status":"CHARGING","source":"ndw"}},{"type":"Feature","geometry":{"type":"Point","coordinates":[4.874436,52.35452]},"properties":{"type":"charge","layer":"passenger","locationId":"3789E285-5571-4410-83FE-B1A1AF666FED","name":"TNLP011085 - Banstraat 30, Amsterdam","address":"30 Banstraat","city":"Amsterdam","operatorName":"TotalEnergies","maxPowerKw":17,"isMegawatt":false,"status":"AVAILABLE","source":"ndw"}},{"type":"Feature","geometry":{"type":"Point","coordinates":[4.920915,52.35063]},"properties":{"type":"charge","layer":"passenger","locationId":"6645D378-9E94-4382-8F2E-9CB5C8B07392","name":"TNLP010099 - George Westinghousestraat 2, Amsterdam","address":"2 George Westinghousestraat","city":"Amsterdam","operatorName":"TotalEnergies","maxPowerKw":17,"isMegawatt":false,"status":"AVAILABLE","source":"ndw"}},{"type":"Feature","geometry":{"type":"Point","coordinates":[4.852091,52.38042]},"properties":{"type":"charge","layer":"passenger","locationId":"A5132431-548D-4148-B0B3-E308786661D0","name":"TNLP011898 - Hertspieghelweg 18 III, Amsterdam","address":"18 III Hertspieghelweg","city":"Amsterdam","operatorName":"TotalEnergies","maxPowerKw":17,"isMegawatt":false,"status":"UNAVAILABLE","source":"ndw"}},{"type":"Feature","geometry":{"type":"Point","coordinates":[4.80642,52.355846]},"properties":{"type":"charge","layer":"passenger","locationId":"FDE9A9E8-B057-4027-BC32-973B5EA5EB25","name":"TNLP011408 - Overleg 21, Amsterdam","address":"21 Overleg","city":"Amsterdam","operatorName":"TotalEnergies","maxPowerKw":17,"isMegawatt":false,"status":"AVAILABLE","source":"ndw"}},{"type":"Feature","geometry":{"type":"Point","coordinates":[4.876153,52.358643]},"properties":{"type":"charge","layer":"passenger","locationId":"CF9801F5-B572-4286-9A06-15DE765FF929","name":"TNLP010168 - Van Eeghenlaan 12, Amsterdam","address":"12 Van Eeghenlaan","city":"Amsterdam","operatorName":"TotalEnergies","maxPowerKw":17,"isMegawatt":false,"status":"AVAILABLE","source":"ndw"}},{"type":"Feature","geometry":{"type":"Point","coordinates":[4.924325,52.351303]},"properties":{"type":"charge","layer":"passenger","locationId":"E84448F8-870B-46D8-83E9-3D1AF07AEDAA","name":"TNLP011590 - James Wattstraat 62, Amsterdam","address":"62 James Wattstraat","city":"Amsterdam","operatorName":"TotalEnergies","maxPowerKw":17,"isMegawatt":false,"status":"AVAILABLE","source":"ndw"}},{"type":"Feature","geometry":{"type":"Point","coordinates":[4.852454,52.37318]},"properties":{"type":"charge","layer":"passenger","locationId":"00c10e56-7295-474e-a4fd-7851e8862fee","name":"TNLP010949 - Vespuccistraat 117, Amsterdam","address":"117 Vespuccistraat","city":"Amsterdam","operatorName":"TotalEnergies","maxPowerKw":17,"isMegawatt":false,"status":"AVAILABLE","source":"ndw"}},{"type":"Feature","geometry":{"type":"Point","coordinates":[4.847029,52.379436]},"properties":{"type":"charge","layer":"passenger","locationId":"FB5E9083-A33B-41DD-B3F7-BD3E9FF2A154","name":"TNLP010941 - Gulden Winckelplantsoen 42, Amsterdam","address":"42 Gulden Winckelplantsoen","city":"Amsterdam","operatorName":"TotalEnergies","maxPowerKw":17,"isMegawatt":false,"status":"CHARGING","source":"ndw"}},{"type":"Feature","geometry":{"type":"Point","coordinates":[4.794903,52.353577]},"properties":{"type":"charge","layer":"passenger","locationId":"08B406A6-37A8-465A-9EF6-0CB67DD7F9D3","name":"TNLP010267 - Plantage Doklaan 6, Amsterdam","address":"6 Plantage Doklaan","city":"Amsterdam","operatorName":"TotalEnergies","maxPowerKw":17,"isMegawatt":false,"status":"AVAILABLE","source":"ndw"}},{"type":"Feature","geometry":{"type":"Point","coordinates":[4.835919,52.366577]},"properties":{"type":"charge","layer":"passenger","locationId":"2F3548E1-BCB2-410A-A8C6-0FAADA747C58","name":"TNLP011074 - Karel Klinkenbergstraat 1, Amsterdam","address":"1 Karel Klinkenbergstraat","city":"Amsterdam","operatorName":"TotalEnergies","maxPowerKw":17,"isMegawatt":false,"status":"AVAILABLE","source":"ndw"}},{"type":"Feature","geometry":{"type":"Point","coordinates":[4.880841,52.325752]},"properties":{"type":"charge","layer":"passenger","locationId":"6152ECEB-796E-4746-B985-ADD08E0874D0","name":"TNLP011250 - Kanteel 104, Amsterdam","address":"104 Kanteel","city":"Amsterdam","operatorName":"TotalEnergies","maxPowerKw":17,"isMegawatt":false,"status":"AVAILABLE","source":"ndw"}},{"type":"Feature","geometry":{"type":"Point","coordinates":[4.871512,52.354248]},"properties":{"type":"charge","layer":"passenger","locationId":"28c54102-e021-45dc-b51b-e1012a1dbd33","name":"TNLP010309 - Johannes Verhulststraat 107, Amsterdam","address":"107 Johannes Verhulststraat","city":"Amsterdam","operatorName":"TotalEnergies","maxPowerKw":17,"isMegawatt":false,"status":"CHARGING","source":"ndw"}},{"type":"Feature","geometry":{"type":"Point","coordinates":[4.88557,52.391727]},"properties":{"type":"charge","layer":"passenger","locationId":"2B014D8C-73D2-4E9E-AEF2-10DAB40EDD2A","name":"TNLP010791 - Pontsteiger 318, Amsterdam","address":"318 Pontsteiger","city":"Amsterdam","operatorName":"TotalEnergies","maxPowerKw":17,"isMegawatt":false,"status":"AVAILABLE","source":"ndw"}},{"type":"Feature","geometry":{"type":"Point","coordinates":[4.920672,52.358807]},"properties":{"type":"charge","layer":"passenger","locationId":"B3B374C3-4668-42F2-8181-27423B79CECA","name":"TNLP011080 - Oosterpark 46, Amsterdam","address":"46 Oosterpark","city":"Amsterdam","operatorName":"TotalEnergies","maxPowerKw":17,"isMegawatt":false,"status":"CHARGING","source":"ndw"}},{"type":"Feature","geometry":{"type":"Point","coordinates":[4.852814,52.38362]},"properties":{"type":"charge","layer":"passenger","locationId":"2845617a-430f-480a-8ce3-61ec8b4c45f1","name":"TNLP010059 - Gibraltarstraat 22, Amsterdam","address":"22 Gibraltarstraat","city":"Amsterdam","operatorName":"TotalEnergies","maxPowerKw":17,"isMegawatt":false,"status":"AVAILABLE","source":"ndw"}},{"type":"Feature","geometry":{"type":"Point","coordinates":[4.840342,52.350113]},"properties":{"type":"charge","layer":"passenger","locationId":"CCF1D6FF-305C-45C6-97D4-58B0DF3F5A61","name":"TNLP011909 - Rijswijkstraat 9, Amsterdam","address":"9 Rijswijkstraat","city":"Amsterdam","operatorName":"TotalEnergies","maxPowerKw":17,"isMegawatt":false,"status":"AVAILABLE","source":"ndw"}},{"type":"Feature","geometry":{"type":"Point","coordinates":[5.008421,52.34667]},"properties":{"type":"charge","layer":"passenger","locationId":"053f86b9-4b51-4328-9c7a-96d41adb9200","name":"TNLP011434 - Jan Vrijmanstraat 208, Amsterdam","address":"208 Jan Vrijmanstraat","city":"Amsterdam","operatorName":"TotalEnergies","maxPowerKw":17,"isMegawatt":false,"status":"AVAILABLE","source":"ndw"}},{"type":"Feature","geometry":{"type":"Point","coordinates":[4.832715,52.356476]},"properties":{"type":"charge","layer":"passenger","locationId":"54665430-7779-4126-88CC-B2A6800427A6","name":"TNLP010850 - Pieter Calandlaan 2, Amsterdam","address":"2 Pieter Calandlaan","city":"Amsterdam","operatorName":"TotalEnergies","maxPowerKw":17,"isMegawatt":false,"status":"AVAILABLE","source":"ndw"}},{"type":"Feature","geometry":{"type":"Point","coordinates":[4.847542,52.351418]},"properties":{"type":"charge","layer":"passenger","locationId":"667F8B1D-32A5-4155-9B08-FC1D1E014CEA","name":"TNLP011456 - Woestduinstraat 92, Amsterdam","address":"92 Woestduinstraat","city":"Amsterdam","operatorName":"TotalEnergies","maxPowerKw":17,"isMegawatt":false,"status":"AVAILABLE","source":"ndw"}},{"type":"Feature","geometry":{"type":"Point","coordinates":[4.81984,52.3497]},"properties":{"type":"charge","layer":"passenger","locationId":"A2CA206A-C49E-4477-8331-ADECBA559A5F","name":"TNLP011704 - Dilsenstraat 18, Amsterdam","address":"18 Dilsenstraat","city":"Amsterdam","operatorName":"TotalEnergies","maxPowerKw":17,"isMegawatt":false,"status":"CHARGING","source":"ndw"}},{"type":"Feature","geometry":{"type":"Point","coordinates":[4.936233,52.354683]},"properties":{"type":"charge","layer":"passenger","locationId":"22EA758A-15DE-4419-827D-DAB2B1265DAB","name":"TNLP011024 - Meester P.N. Arntzeniusweg 71, Amsterdam","address":"71 Meester P.N. Arntzeniusweg","city":"Amsterdam","operatorName":"TotalEnergies","maxPowerKw":17,"isMegawatt":false,"status":"AVAILABLE","source":"ndw"}},{"type":"Feature","geometry":{"type":"Point","coordinates":[4.952076,52.368767]},"properties":{"type":"charge","layer":"passenger","locationId":"1001704E-9D7D-4F73-BDA8-91341DA8F097","name":"TNLP010331 - Bottelarijstraat 291, Amsterdam","address":"291 Bottelarijstraat","city":"Amsterdam","operatorName":"TotalEnergies","maxPowerKw":17,"isMegawatt":false,"status":"AVAILABLE","source":"ndw"}},{"type":"Feature","geometry":{"type":"Point","coordinates":[4.873062,52.391495]},"properties":{"type":"charge","layer":"passenger","locationId":"348c0068-df16-4676-be1a-41d2bf31454a","name":"TNLP010253 - Oostzaanstraat 125, Amsterdam","address":"125 Oostzaanstraat","city":"Amsterdam","operatorName":"TotalEnergies","maxPowerKw":17,"isMegawatt":false,"status":"AVAILABLE","source":"ndw"}},{"type":"Feature","geometry":{"type":"Point","coordinates":[4.916702,52.356472]},"properties":{"type":"charge","layer":"passenger","locationId":"ED41F792-8DF5-486B-ADFA-B9A6E459EC12","name":"TNLP010396 - Derde Oosterparkstraat 82, Amsterdam","address":"82 Derde Oosterparkstraat","city":"Amsterdam","operatorName":"TotalEnergies","maxPowerKw":17,"isMegawatt":false,"status":"AVAILABLE","source":"ndw"}},{"type":"Feature","geometry":{"type":"Point","coordinates":[4.94938,52.325775]},"properties":{"type":"charge","layer":"passenger","locationId":"04FF73A5-E677-4015-B555-DA474B4956C1","name":"TNLP010551 - Dantestraat 184, Amsterdam","address":"184 Dantestraat","city":"Amsterdam","operatorName":"TotalEnergies","maxPowerKw":17,"isMegawatt":false,"status":"AVAILABLE","source":"ndw"}},{"type":"Feature","geometry":{"type":"Point","coordinates":[4.936784,52.348656]},"properties":{"type":"charge","layer":"passenger","locationId":"a613fa78-a64e-4861-8115-48cd7a4c4e4b","name":"TNLP010038 - Pasteurstraat 40, Amsterdam","address":"40 Pasteurstraat","city":"Amsterdam","operatorName":"TotalEnergies","maxPowerKw":17,"isMegawatt":false,"status":"AVAILABLE","source":"ndw"}},{"type":"Feature","geometry":{"type":"Point","coordinates":[4.922052,52.346558]},"properties":{"type":"charge","layer":"passenger","locationId":"3A65318E-C593-4B99-B1AE-BD26953F3F55","name":"TNLP011428 - Bart de Ligtstraat 64, Amsterdam","address":"64 Bart de Ligtstraat","city":"Amsterdam","operatorName":"TotalEnergies","maxPowerKw":17,"isMegawatt":false,"status":"AVAILABLE","source":"ndw"}},{"type":"Feature","geometry":{"type":"Point","coordinates":[4.917883,52.406536]},"properties":{"type":"charge","layer":"passenger","locationId":"425F0969-5BCA-461D-9D39-9D7EF5531A52","name":"TNLP011318 - Banneplein 120, Amsterdam","address":"120 Banneplein","city":"Amsterdam","operatorName":"TotalEnergies","maxPowerKw":17,"isMegawatt":false,"status":"AVAILABLE","source":"ndw"}},{"type":"Feature","geometry":{"type":"Point","coordinates":[4.828465,52.354507]},"properties":{"type":"charge","layer":"passenger","locationId":"558B9CD1-F91A-488D-8197-1A42D3C97262","name":"TNLP010795 - Ward Bingleystraat 85, Amsterdam","address":"85 Ward Bingleystraat","city":"Amsterdam","operatorName":"TotalEnergies","maxPowerKw":17,"isMegawatt":false,"status":"AVAILABLE","source":"ndw"}},{"type":"Feature","geometry":{"type":"Point","coordinates":[4.828022,52.379993]},"properties":{"type":"charge","layer":"passenger","locationId":"32422","name":"XN001742 Amsterdam Vlugtlaan","address":"Burg. de Vlugtlaan 121","city":"Amsterdam","operatorName":"Spirii","maxPowerKw":38,"isMegawatt":false,"status":"AVAILABLE","source":"ndw","priceKwh":0.4}},{"type":"Feature","geometry":{"type":"Point","coordinates":[4.804392,52.342796]},"properties":{"type":"charge","layer":"passenger","locationId":"FA9D019F-2F54-455B-9332-9494DDE1A850","name":"TNLP011069 - Knokkestraat 67, Amsterdam","address":"67 Knokkestraat","city":"Amsterdam","operatorName":"TotalEnergies","maxPowerKw":17,"isMegawatt":false,"status":"AVAILABLE","source":"ndw"}},{"type":"Feature","geometry":{"type":"Point","coordinates":[4.877662,52.377293]},"properties":{"type":"charge","layer":"passenger","locationId":"08283773-7CA7-43E0-95B4-0863A4D37A29","name":"TNLP011391 - Marnixkade 80, Amsterdam","address":"80 Marnixkade","city":"Amsterdam","operatorName":"TotalEnergies","maxPowerKw":17,"isMegawatt":false,"status":"AVAILABLE","source":"ndw"}},{"type":"Feature","geometry":{"type":"Point","coordinates":[4.936436,52.354282]},"properties":{"type":"charge","layer":"passenger","locationId":"00f130b2-37f8-4c8f-8753-e8b6af10a676","name":"TNLP011000 - Copernicusstraat 23, Amsterdam","address":"23 Copernicusstraat","city":"Amsterdam","operatorName":"TotalEnergies","maxPowerKw":17,"isMegawatt":false,"status":"UNAVAILABLE","source":"ndw"}},{"type":"Feature","geometry":{"type":"Point","coordinates":[4.91228,52.367317]},"properties":{"type":"charge","layer":"passenger","locationId":"590DE1E4-3664-4BF4-9C57-633473E3BD3A","name":"TNLP011784 - Henri Polaklaan 42, Amsterdam","address":"42 Henri Polaklaan","city":"Amsterdam","operatorName":"TotalEnergies","maxPowerKw":17,"isMegawatt":false,"status":"AVAILABLE","source":"ndw"}},{"type":"Feature","geometry":{"type":"Point","coordinates":[4.88601,52.330765]},"properties":{"type":"charge","layer":"passenger","locationId":"670C357A-4220-4F1A-A364-BCC88A77C693","name":"TNLP011253 - Nedersticht 39, Amsterdam","address":"39 Nedersticht","city":"Amsterdam","operatorName":"TotalEnergies","maxPowerKw":17,"isMegawatt":false,"status":"AVAILABLE","source":"ndw"}},{"type":"Feature","geometry":{"type":"Point","coordinates":[4.860129,52.347363]},"properties":{"type":"charge","layer":"passenger","locationId":"7746420D-7566-4A8A-BFCD-6A11B1F23F27","name":"TNLP010321 - Sportstraat 15, Amsterdam","address":"15 Sportstraat","city":"Amsterdam","operatorName":"TotalEnergies","maxPowerKw":17,"isMegawatt":false,"status":"AVAILABLE","source":"ndw"}},{"type":"Feature","geometry":{"type":"Point","coordinates":[5.037337,52.30793]},"properties":{"type":"charge","layer":"passenger","locationId":"75F1C890-58F3-495B-8D4E-4F2E4B2AA416","name":"TNLP011914 - Singel 1, Weesp","address":"1 Singel","city":"Weesp","operatorName":"TotalEnergies","maxPowerKw":17,"isMegawatt":false,"status":"AVAILABLE","source":"ndw"}},{"type":"Feature","geometry":{"type":"Point","coordinates":[4.850157,52.359997]},"properties":{"type":"charge","layer":"passenger","locationId":"BE556F02-A1C2-4970-B093-3A741B99E8BF","name":"TNLP010101 - Postjeskade 199, Amsterdam","address":"199 Postjeskade","city":"Amsterdam","operatorName":"TotalEnergies","maxPowerKw":17,"isMegawatt":false,"status":"AVAILABLE","source":"ndw"}},{"type":"Feature","geometry":{"type":"Point","coordinates":[4.88279,52.37984]},"properties":{"type":"charge","layer":"passenger","locationId":"5af957c4-897f-436a-b1bf-b904764eb0ff","name":"TNLP010325 - Lindengracht 191, Amsterdam","address":"191 Lindengracht","city":"Amsterdam","operatorName":"TotalEnergies","maxPowerKw":17,"isMegawatt":false,"status":"CHARGING","source":"ndw"}},{"type":"Feature","geometry":{"type":"Point","coordinates":[4.869146,52.36867]},"properties":{"type":"charge","layer":"passenger","locationId":"0ADC9BD1-FF45-4137-B7C4-A3309CD531CF","name":"TNLP010965 - Bilderdijkkade 48, Amsterdam","address":"48 Bilderdijkkade","city":"Amsterdam","operatorName":"TotalEnergies","maxPowerKw":17,"isMegawatt":false,"status":"AVAILABLE","source":"ndw"}},{"type":"Feature","geometry":{"type":"Point","coordinates":[4.915891,52.403152]},"properties":{"type":"charge","layer":"passenger","locationId":"D127E06B-AD34-4645-BFAB-23A690DC20C1","name":"TNLP011213 - Schepenlaan 15, Amsterdam","address":"15 Schepenlaan","city":"Amsterdam","operatorName":"TotalEnergies","maxPowerKw":17,"isMegawatt":false,"status":"CHARGING","source":"ndw"}},{"type":"Feature","geometry":{"type":"Point","coordinates":[5.004752,52.348427]},"properties":{"type":"charge","layer":"passenger","locationId":"14e7e564-c1ce-4696-80df-a172192d998e","name":"TNLP011231 - Jaap Speyerstraat 167, Amsterdam","address":"167 Jaap Speyerstraat","city":"Amsterdam","operatorName":"TotalEnergies","maxPowerKw":17,"isMegawatt":false,"status":"AVAILABLE","source":"ndw"}},{"type":"Feature","geometry":{"type":"Point","coordinates":[4.916245,52.410442]},"properties":{"type":"charge","layer":"passenger","locationId":"8B042630-6701-438B-B055-4E883EB5872E","name":"TNLP010548 - Voorsteven 105, Amsterdam","address":"105 Voorsteven","city":"Amsterdam","operatorName":"TotalEnergies","maxPowerKw":17,"isMegawatt":false,"status":"AVAILABLE","source":"ndw"}},{"type":"Feature","geometry":{"type":"Point","coordinates":[5.038004,52.29984]},"properties":{"type":"charge","layer":"passenger","locationId":"255E5040-7135-480D-8BD5-06E4CAFAF57C","name":"TNLP011796 - Waardijnstraat 25, Weesp","address":"25 Waardijnstraat","city":"Weesp","operatorName":"TotalEnergies","maxPowerKw":17,"isMegawatt":false,"status":"AVAILABLE","source":"ndw"}},{"type":"Feature","geometry":{"type":"Point","coordinates":[4.803904,52.365852]},"properties":{"type":"charge","layer":"passenger","locationId":"94184C5E-8C40-413E-84C7-EEB88D29DFF5","name":"TNLP010147 - Meer en Vaart 2, Amsterdam","address":"2 Meer en Vaart","city":"Amsterdam","operatorName":"TotalEnergies","maxPowerKw":17,"isMegawatt":false,"status":"AVAILABLE","source":"ndw"}},{"type":"Feature","geometry":{"type":"Point","coordinates":[4.983646,52.31407]},"properties":{"type":"charge","layer":"passenger","locationId":"98259161-72F7-4CA2-A380-8A7FCF3E28F2","name":"TNLP010997 - Klieverinkweg 1, Amsterdam","address":"1 Klieverinkweg","city":"Amsterdam","operatorName":"TotalEnergies","maxPowerKw":17,"isMegawatt":false,"status":"AVAILABLE","source":"ndw"}},{"type":"Feature","geometry":{"type":"Point","coordinates":[4.951743,52.396]},"properties":{"type":"charge","layer":"passenger","locationId":"813CEC26-7CFA-4D6E-98EF-639AC694C010","name":"TNLP011010 - Duinlustpad 2, Amsterdam","address":"2 Duinlustpad","city":"Amsterdam","operatorName":"TotalEnergies","maxPowerKw":17,"isMegawatt":false,"status":"AVAILABLE","source":"ndw"}},{"type":"Feature","geometry":{"type":"Point","coordinates":[4.94368,52.29606]},"properties":{"type":"charge","layer":"passenger","locationId":"1538115","name":"Laadnet Gripwise b.v.","address":"Schepenbergweg 16","city":"Amsterdam","operatorName":"Laadnet","maxPowerKw":11,"isMegawatt":false,"status":"AVAILABLE","source":"ndw"}},{"type":"Feature","geometry":{"type":"Point","coordinates":[4.897469,52.356708]},"properties":{"type":"charge","layer":"passenger","locationId":"6cf354d0670e4bae80fe82c490d2f53e","name":"Albert Cuypstraat - Markt 1072CS 9","address":"Albert Cuypstraat 9","city":"Amsterdam","operatorName":"","maxPowerKw":22,"isMegawatt":false,"status":"AVAILABLE","source":"ndw"}},{"type":"Feature","geometry":{"type":"Point","coordinates":[4.939153,52.358685]},"properties":{"type":"charge","layer":"passenger","locationId":"C154945E-27BC-4DFB-9615-E283C8EDD689","name":"TNLP010817 - Ombilinstraat 1, Amsterdam","address":"1 Ombilinstraat","city":"Amsterdam","operatorName":"TotalEnergies","maxPowerKw":17,"isMegawatt":false,"status":"AVAILABLE","source":"ndw"}},{"type":"Feature","geometry":{"type":"Point","coordinates":[4.856055,52.38388]},"properties":{"type":"charge","layer":"passenger","locationId":"33AA17E9-2DA4-4B5A-AAEA-DEF02F049625","name":"TNLP011062 - Bos en Lommerweg 33, Amsterdam","address":"33 Bos en Lommerweg","city":"Amsterdam","operatorName":"TotalEnergies","maxPowerKw":17,"isMegawatt":false,"status":"AVAILABLE","source":"ndw"}},{"type":"Feature","geometry":{"type":"Point","coordinates":[4.798196,52.352226]},"properties":{"type":"charge","layer":"passenger","locationId":"4D41350A-0F8C-4496-9056-517218B736FC","name":"Laadplein - TNLP010219 - Willem Heselaarsstraat 22, Amsterdam","address":"22 Willem Heselaarsstraat","city":"Amsterdam","operatorName":"TotalEnergies","maxPowerKw":17,"isMegawatt":false,"status":"AVAILABLE","source":"ndw"}},{"type":"Feature","geometry":{"type":"Point","coordinates":[4.881986,52.388855]},"properties":{"type":"charge","layer":"passenger","locationId":"C7E676BE-3C69-4073-87E0-C1071BF05ED6","name":"TNLP011556 - Van Noordtkade 136, Amsterdam","address":"136 Van Noordtkade","city":"Amsterdam","operatorName":"TotalEnergies","maxPowerKw":17,"isMegawatt":false,"status":"CHARGING","source":"ndw"}},{"type":"Feature","geometry":{"type":"Point","coordinates":[4.796864,52.392278]},"properties":{"type":"charge","layer":"passenger","locationId":"NLLOC027934","name":"Allego - Hornbach Amsterdam A5","address":"Berchvliet 14","city":"Amsterdam","operatorName":"Allego","maxPowerKw":22,"isMegawatt":false,"status":"AVAILABLE","source":"ndw","priceKwh":0.511}},{"type":"Feature","geometry":{"type":"Point","coordinates":[4.906804,52.35903]},"properties":{"type":"charge","layer":"passenger","locationId":"B11252C1-3BDA-4D56-BBB3-4F8C81EBE455","name":"TNLP010932 - Mauritsstraat 40, Amsterdam","address":"40 Mauritsstraat","city":"Amsterdam","operatorName":"TotalEnergies","maxPowerKw":17,"isMegawatt":false,"status":"AVAILABLE","source":"ndw"}},{"type":"Feature","geometry":{"type":"Point","coordinates":[4.846291,52.384747]},"properties":{"type":"charge","layer":"passenger","locationId":"31aa2c5e-f35c-48ef-91e1-9df94cb2af36","name":"Laadplein - TNLP010205 - Admiraal de Ruijterweg 545, Amsterdam","address":"545 Admiraal de Ruijterweg","city":"Amsterdam","operatorName":"TotalEnergies","maxPowerKw":17,"isMegawatt":false,"status":"AVAILABLE","source":"ndw"}},{"type":"Feature","geometry":{"type":"Point","coordinates":[4.850436,52.359753]},"properties":{"type":"charge","layer":"passenger","locationId":"1B9F29AF-47D5-4AC9-AB7A-AD92CA23B83C","name":"TNLP011215 - Antillenstraat 42, Amsterdam","address":"42 Antillenstraat","city":"Amsterdam","operatorName":"TotalEnergies","maxPowerKw":17,"isMegawatt":false,"status":"AVAILABLE","source":"ndw"}},{"type":"Feature","geometry":{"type":"Point","coordinates":[4.935157,52.407597]},"properties":{"type":"charge","layer":"passenger","locationId":"4A60D59F-D84A-4D9F-97A9-EB39F3E90ED6","name":"TNLP010333 - H. Stolleplantsoen 25, Amsterdam","address":"25 H. Stolleplantsoen","city":"Amsterdam","operatorName":"TotalEnergies","maxPowerKw":17,"isMegawatt":false,"status":"UNAVAILABLE","source":"ndw"}},{"type":"Feature","geometry":{"type":"Point","coordinates":[4.884455,52.417007]},"properties":{"type":"charge","layer":"passenger","locationId":"47361EF5-625A-4AA4-9AD9-E6E30FE9C1DB","name":"TNLP010246 - Kermispad 95, Amsterdam","address":"95 Kermispad","city":"Amsterdam","operatorName":"TotalEnergies","maxPowerKw":17,"isMegawatt":false,"status":"AVAILABLE","source":"ndw"}},{"type":"Feature","geometry":{"type":"Point","coordinates":[4.813811,52.354694]},"properties":{"type":"charge","layer":"passenger","locationId":"0FA906B8-DE95-437C-8646-EF068221F36F","name":"TNLP010358 - Pieter Calandlaan 191, Amsterdam","address":"191 Pieter Calandlaan","city":"Amsterdam","operatorName":"TotalEnergies","maxPowerKw":17,"isMegawatt":false,"status":"CHARGING","source":"ndw"}},{"type":"Feature","geometry":{"type":"Point","coordinates":[4.850675,52.371506]},"properties":{"type":"charge","layer":"passenger","locationId":"761a2347-9e3c-4521-a50e-7054eeb60a02","name":"TNLP010523 - Mercatorstraat 34, Amsterdam","address":"34 Mercatorstraat","city":"Amsterdam","operatorName":"TotalEnergies","maxPowerKw":17,"isMegawatt":false,"status":"AVAILABLE","source":"ndw"}},{"type":"Feature","geometry":{"type":"Point","coordinates":[4.896339,52.42179]},"properties":{"type":"charge","layer":"passenger","locationId":"159FE84A-6FFC-4E13-B006-827E71A9AE39","name":"TNLP011107 - Lange Vonder 211, Amsterdam","address":"211 Lange Vonder","city":"Amsterdam","operatorName":"TotalEnergies","maxPowerKw":17,"isMegawatt":false,"status":"AVAILABLE","source":"ndw"}},{"type":"Feature","geometry":{"type":"Point","coordinates":[4.849461,52.371437]},"properties":{"type":"charge","layer":"passenger","locationId":"8d9e945f-c4ef-4119-84e7-e91ffb93732d","name":"TNLP011435 - Hoofdweg 363, Amsterdam","address":"363 Hoofdweg","city":"Amsterdam","operatorName":"TotalEnergies","maxPowerKw":17,"isMegawatt":false,"status":"AVAILABLE","source":"ndw"}},{"type":"Feature","geometry":{"type":"Point","coordinates":[5.00242,52.349075]},"properties":{"type":"charge","layer":"passenger","locationId":"15CFF209-0FF9-4B97-A955-68BFB97D83DE","name":"TNLP010621 - Nico Jessekade 69, Amsterdam","address":"69 Nico Jessekade","city":"Amsterdam","operatorName":"TotalEnergies","maxPowerKw":17,"isMegawatt":false,"status":"AVAILABLE","source":"ndw"}},{"type":"Feature","geometry":{"type":"Point","coordinates":[4.942717,52.340263]},"properties":{"type":"charge","layer":"passenger","locationId":"D6E2FE4C-4985-4B78-A3DC-917A69FE04BF","name":"TNLP010966 - Brink 24, Amsterdam","address":"24 Brink","city":"Amsterdam","operatorName":"TotalEnergies","maxPowerKw":17,"isMegawatt":false,"status":"AVAILABLE","source":"ndw"}},{"type":"Feature","geometry":{"type":"Point","coordinates":[4.809439,52.344303]},"properties":{"type":"charge","layer":"passenger","locationId":"1EC4DBF3-6D2D-4295-8CC1-534578636A79","name":"TNLP010999 - Grimbergenstraat 19, Amsterdam","address":"19 Grimbergenstraat","city":"Amsterdam","operatorName":"TotalEnergies","maxPowerKw":17,"isMegawatt":false,"status":"AVAILABLE","source":"ndw"}},{"type":"Feature","geometry":{"type":"Point","coordinates":[5.039748,52.313915]},"properties":{"type":"charge","layer":"passenger","locationId":"40074879-84B0-4FEF-BEA4-BFC3A9D23E7D","name":"TNLP011349 - Sportparklaan 93, Weesp","address":"93 Sportparklaan","city":"Weesp","operatorName":"TotalEnergies","maxPowerKw":17,"isMegawatt":false,"status":"AVAILABLE","source":"ndw"}},{"type":"Feature","geometry":{"type":"Point","coordinates":[4.926798,52.352818]},"properties":{"type":"charge","layer":"passenger","locationId":"66C60E19-4254-4BCE-821C-DC31CC4FF2AD","name":"TNLP010227 - Willem Beukelsstraat 24, Amsterdam","address":"24 Willem Beukelsstraat","city":"Amsterdam","operatorName":"TotalEnergies","maxPowerKw":17,"isMegawatt":false,"status":"CHARGING","source":"ndw"}},{"type":"Feature","geometry":{"type":"Point","coordinates":[4.972333,52.297497]},"properties":{"type":"charge","layer":"passenger","locationId":"4F9CD9AF-478E-4625-AC8E-83F48951F9BC","name":"TNLP010582 - Rhenenhof 73, Amsterdam","address":"73 Rhenenhof","city":"Amsterdam","operatorName":"TotalEnergies","maxPowerKw":17,"isMegawatt":false,"status":"AVAILABLE","source":"ndw"}},{"type":"Feature","geometry":{"type":"Point","coordinates":[4.801438,52.383278]},"properties":{"type":"charge","layer":"passenger","locationId":"F1B74217-3BC3-421E-A02F-EA3551D91685","name":"TNLP010192 - Abraham Kuyperstraat 1, Amsterdam","address":"1 Abraham Kuyperstraat","city":"Amsterdam","operatorName":"TotalEnergies","maxPowerKw":17,"isMegawatt":false,"status":"AVAILABLE","source":"ndw"}},{"type":"Feature","geometry":{"type":"Point","coordinates":[4.868818,52.34963]},"properties":{"type":"charge","layer":"passenger","locationId":"674AD09E-8FE0-460C-A6BA-BECA78EE6965","name":"TNLP010987 - Titiaanstraat 23, Amsterdam","address":"23 Titiaanstraat","city":"Amsterdam","operatorName":"TotalEnergies","maxPowerKw":17,"isMegawatt":false,"status":"AVAILABLE","source":"ndw"}},{"type":"Feature","geometry":{"type":"Point","coordinates":[4.87166,52.38379]},"properties":{"type":"charge","layer":"passenger","locationId":"FB34CA7C-B291-4632-898D-9BAF40B581BD","name":"TNLP010359 - Cliffordstraat 34, Amsterdam","address":"34 Cliffordstraat","city":"Amsterdam","operatorName":"TotalEnergies","maxPowerKw":17,"isMegawatt":false,"status":"AVAILABLE","source":"ndw"}},{"type":"Feature","geometry":{"type":"Point","coordinates":[4.877002,52.388905]},"properties":{"type":"charge","layer":"passenger","locationId":"0CA486F1-D9C7-45EF-B3AE-C5BB88317229","name":"TNLP011058 - Wormerveerstraat 3, Amsterdam","address":"3 Wormerveerstraat","city":"Amsterdam","operatorName":"TotalEnergies","maxPowerKw":17,"isMegawatt":false,"status":"AVAILABLE","source":"ndw"}},{"type":"Feature","geometry":{"type":"Point","coordinates":[4.923141,52.347878]},"properties":{"type":"charge","layer":"passenger","locationId":"0D1ADBF0-E9D9-424B-929F-D4E4464504FD","name":"TNLP010016 - Schagerlaan 3, Amsterdam","address":"3 Schagerlaan","city":"Amsterdam","operatorName":"TotalEnergies","maxPowerKw":17,"isMegawatt":false,"status":"AVAILABLE","source":"ndw"}},{"type":"Feature","geometry":{"type":"Point","coordinates":[4.901544,52.345627]},"properties":{"type":"charge","layer":"passenger","locationId":"5A19BF13-5F06-4022-A6B9-14659F7DB7B2","name":"TNLP010074 - Merwedeplein 11, Amsterdam","address":"11 Merwedeplein","city":"Amsterdam","operatorName":"TotalEnergies","maxPowerKw":17,"isMegawatt":false,"status":"AVAILABLE","source":"ndw"}},{"type":"Feature","geometry":{"type":"Point","coordinates":[4.868835,52.345993]},"properties":{"type":"charge","layer":"passenger","locationId":"3F7E9604-145F-46F4-AB58-2B4995C1B027","name":"TNLP010387 - Milletstraat 60, Amsterdam","address":"60 Milletstraat","city":"Amsterdam","operatorName":"TotalEnergies","maxPowerKw":17,"isMegawatt":false,"status":"AVAILABLE","source":"ndw"}},{"type":"Feature","geometry":{"type":"Point","coordinates":[4.94349,52.363083]},"properties":{"type":"charge","layer":"passenger","locationId":"70E57A81-8C5B-47C1-AF6F-5137615A4E3F","name":"TNLP010071 - Soembawastraat 88, Amsterdam","address":"88 Soembawastraat","city":"Amsterdam","operatorName":"TotalEnergies","maxPowerKw":17,"isMegawatt":false,"status":"AVAILABLE","source":"ndw"}},{"type":"Feature","geometry":{"type":"Point","coordinates":[4.900938,52.420437]},"properties":{"type":"charge","layer":"passenger","locationId":"39F9B0DF-2DC0-4121-B81C-83DA25930637","name":"TNLP011789 - Keratellastraat 24, Amsterdam","address":"24 Keratellastraat","city":"Amsterdam","operatorName":"TotalEnergies","maxPowerKw":17,"isMegawatt":false,"status":"AVAILABLE","source":"ndw"}},{"type":"Feature","geometry":{"type":"Point","coordinates":[4.883713,52.355778]},"properties":{"type":"charge","layer":"passenger","locationId":"CE11CBE2-18DA-4E8C-A983-CFF1C8B82D3C","name":"TNLP010831 - Johannes Vermeerstraat 28, Amsterdam","address":"28 Johannes Vermeerstraat","city":"Amsterdam","operatorName":"TotalEnergies","maxPowerKw":17,"isMegawatt":false,"status":"AVAILABLE","source":"ndw"}},{"type":"Feature","geometry":{"type":"Point","coordinates":[4.933906,52.337815]},"properties":{"type":"charge","layer":"passenger","locationId":"90241618","name":"Van Leeuwen Duivendrechtsekade 80B","address":"Duivendrechtsekade 80B","city":"Amsterdam","operatorName":"Van Leeuwen","maxPowerKw":11,"isMegawatt":false,"status":"AVAILABLE","source":"ndw"}},{"type":"Feature","geometry":{"type":"Point","coordinates":[4.853558,52.352566]},"properties":{"type":"charge","layer":"passenger","locationId":"8CF8F4AC-1ADE-420F-B31F-8AA2BEFEA10C","name":"TNLP011341 - Derde Schinkelstraat 41, Amsterdam","address":"41 Derde Schinkelstraat","city":"Amsterdam","operatorName":"TotalEnergies","maxPowerKw":17,"isMegawatt":false,"status":"AVAILABLE","source":"ndw"}},{"type":"Feature","geometry":{"type":"Point","coordinates":[4.830219,52.38185]},"properties":{"type":"charge","layer":"passenger","locationId":"92069FA5-4730-45BF-A26F-5292C93239D6","name":"TNLP010255 - Nico Snijdersstraat 19, Amsterdam","address":"19 Nico Snijdersstraat","city":"Amsterdam","operatorName":"TotalEnergies","maxPowerKw":17,"isMegawatt":false,"status":"AVAILABLE","source":"ndw"}},{"type":"Feature","geometry":{"type":"Point","coordinates":[4.968419,52.3127]},"properties":{"type":"charge","layer":"passenger","locationId":"9625DF2F-C64C-4DD1-BD4F-29E63D3C896F","name":"TNLP011409 - Gooise Kant 163, Amsterdam","address":"163 Gooise Kant","city":"Amsterdam","operatorName":"TotalEnergies","maxPowerKw":17,"isMegawatt":false,"status":"AVAILABLE","source":"ndw"}},{"type":"Feature","geometry":{"type":"Point","coordinates":[4.878248,52.3624]},"properties":{"type":"charge","layer":"passenger","locationId":"1A8FC3AD-1314-45A1-8465-0448427DBC21","name":"TNLP011867 - Vondelstraat 13, Amsterdam","address":"13 Vondelstraat","city":"Amsterdam","operatorName":"TotalEnergies","maxPowerKw":17,"isMegawatt":false,"status":"AVAILABLE","source":"ndw"}},{"type":"Feature","geometry":{"type":"Point","coordinates":[4.911116,52.370296]},"properties":{"type":"charge","layer":"passenger","locationId":"F80AAB60-0B1F-44F5-B120-F3C95031452A","name":"TNLP011379 - Rapenburgerplein 2, Amsterdam","address":"2 Rapenburgerplein","city":"Amsterdam","operatorName":"TotalEnergies","maxPowerKw":17,"isMegawatt":false,"status":"AVAILABLE","source":"ndw"}},{"type":"Feature","geometry":{"type":"Point","coordinates":[4.877496,52.35873]},"properties":{"type":"charge","layer":"passenger","locationId":"f6dde21b-21ac-4d97-b6e9-60ea5457bdb5","name":"TNLP011235 - Alexander Boersstraat 54, Amsterdam","address":"54 Alexander Boersstraat","city":"Amsterdam","operatorName":"TotalEnergies","maxPowerKw":17,"isMegawatt":false,"status":"AVAILABLE","source":"ndw"}},{"type":"Feature","geometry":{"type":"Point","coordinates":[4.847927,52.37532]},"properties":{"type":"charge","layer":"passenger","locationId":"B183ACF4-0B39-444C-BFE9-8DED8D9B574A","name":"TNLP010810 - Erasmusgracht 11, Amsterdam","address":"11 Erasmusgracht","city":"Amsterdam","operatorName":"TotalEnergies","maxPowerKw":17,"isMegawatt":false,"status":"AVAILABLE","source":"ndw"}},{"type":"Feature","geometry":{"type":"Point","coordinates":[4.923843,52.363274]},"properties":{"type":"charge","layer":"passenger","locationId":"B1F3D781-BA96-4C0D-8830-1E88FC98CC89","name":"TNLP010118 - Commelinstraat 1, Amsterdam","address":"1 Commelinstraat","city":"Amsterdam","operatorName":"TotalEnergies","maxPowerKw":17,"isMegawatt":false,"status":"UNAVAILABLE","source":"ndw"}},{"type":"Feature","geometry":{"type":"Point","coordinates":[4.929667,52.346607]},"properties":{"type":"charge","layer":"passenger","locationId":"B802AD1B-0DEE-4202-8BAD-20753A606183","name":"TNLP011597 - Darwinplantsoen 4, Amsterdam","address":"4 Darwinplantsoen","city":"Amsterdam","operatorName":"TotalEnergies","maxPowerKw":17,"isMegawatt":false,"status":"AVAILABLE","source":"ndw"}},{"type":"Feature","geometry":{"type":"Point","coordinates":[4.859194,52.378693]},"properties":{"type":"charge","layer":"passenger","locationId":"B8509CDB-38A3-4296-A858-E43B1022B397","name":"TNLP010890 - Gerard Callenburgstraat 41, Amsterdam","address":"41 Gerard Callenburgstraat","city":"Amsterdam","operatorName":"TotalEnergies","maxPowerKw":17,"isMegawatt":false,"status":"AVAILABLE","source":"ndw"}},{"type":"Feature","geometry":{"type":"Point","coordinates":[4.980696,52.361996]},"properties":{"type":"charge","layer":"passenger","locationId":"0382AE79-EC60-447E-AB04-49C383339EE8","name":"TNLP010284 - Cornelis Zillesenlaan 64, Amsterdam","address":"64 Cornelis Zillesenlaan","city":"Amsterdam","operatorName":"TotalEnergies","maxPowerKw":17,"isMegawatt":false,"status":"UNAVAILABLE","source":"ndw"}},{"type":"Feature","geometry":{"type":"Point","coordinates":[4.944498,52.317932]},"properties":{"type":"charge","layer":"passenger","locationId":"51ED2B6C-BF4A-457D-BE1E-DE7EFA2A6B01","name":"TNLP010862 - Berthold Brechtstraat 693, Amsterdam","address":"693 Berthold Brechtstraat","city":"Amsterdam","operatorName":"TotalEnergies","maxPowerKw":17,"isMegawatt":false,"status":"AVAILABLE","source":"ndw"}},{"type":"Feature","geometry":{"type":"Point","coordinates":[4.861843,52.337125]},"properties":{"type":"charge","layer":"passenger","locationId":"91179744","name":"50five-S NL Amsterdam, Gustav Mahlerlaan 2970","address":"Gustav Mahlerlaan 2970","city":"Amsterdam","operatorName":"50five","maxPowerKw":11,"isMegawatt":false,"status":"AVAILABLE","source":"ndw"}},{"type":"Feature","geometry":{"type":"Point","coordinates":[4.893661,52.353218]},"properties":{"type":"charge","layer":"passenger","locationId":"B96A3B1E-65C7-4594-A2DF-D65B960BDD7C","name":"TNLP011175 - Ceintuurbaan 147, Amsterdam","address":"147 Ceintuurbaan","city":"Amsterdam","operatorName":"TotalEnergies","maxPowerKw":17,"isMegawatt":false,"status":"AVAILABLE","source":"ndw"}},{"type":"Feature","geometry":{"type":"Point","coordinates":[4.91169,52.342426]},"properties":{"type":"charge","layer":"passenger","locationId":"9599D383-11FD-46FB-8877-659D492E2F67","name":"TNLP010737 - Uiterwaardenstraat 17, Amsterdam","address":"17 Uiterwaardenstraat","city":"Amsterdam","operatorName":"TotalEnergies","maxPowerKw":17,"isMegawatt":false,"status":"AVAILABLE","source":"ndw"}},{"type":"Feature","geometry":{"type":"Point","coordinates":[4.851844,52.3726]},"properties":{"type":"charge","layer":"passenger","locationId":"48943BCD-D580-43E8-90F6-DC7D1B45A4DA","name":"TNLP010097 - James Cookstraat 41, Amsterdam","address":"41 James Cookstraat","city":"Amsterdam","operatorName":"TotalEnergies","maxPowerKw":17,"isMegawatt":false,"status":"AVAILABLE","source":"ndw"}},{"type":"Feature","geometry":{"type":"Point","coordinates":[4.946112,52.318672]},"properties":{"type":"charge","layer":"passenger","locationId":"218F12EC-F224-4572-8F20-06CDEBF3F567","name":"TNLP010544 - Barbusselaan 407, Amsterdam","address":"407 Barbusselaan","city":"Amsterdam","operatorName":"TotalEnergies","maxPowerKw":17,"isMegawatt":false,"status":"AVAILABLE","source":"ndw"}},{"type":"Feature","geometry":{"type":"Point","coordinates":[4.90284,52.408546]},"properties":{"type":"charge","layer":"passenger","locationId":"E2ACA14E-DA94-49BC-A794-A6AD9B527BB7","name":"TNLP011087 - Vijgepeerpad 1, Amsterdam","address":"1 Vijgepeerpad","city":"Amsterdam","operatorName":"TotalEnergies","maxPowerKw":17,"isMegawatt":false,"status":"AVAILABLE","source":"ndw"}},{"type":"Feature","geometry":{"type":"Point","coordinates":[4.905426,52.419746]},"properties":{"type":"charge","layer":"passenger","locationId":"E409B9D0-AB63-45E2-AF8D-E674A5662066","name":"TNLP011028 - Stentorstraat 36, Amsterdam","address":"36 Stentorstraat","city":"Amsterdam","operatorName":"TotalEnergies","maxPowerKw":17,"isMegawatt":false,"status":"AVAILABLE","source":"ndw"}},{"type":"Feature","geometry":{"type":"Point","coordinates":[4.905902,52.347477]},"properties":{"type":"charge","layer":"passenger","locationId":"430A6B11-8D8D-4810-B798-AC80E74BF74C","name":"TNLP010635 - Vechtstraat 49, Amsterdam","address":"49 Vechtstraat","city":"Amsterdam","operatorName":"TotalEnergies","maxPowerKw":17,"isMegawatt":false,"status":"AVAILABLE","source":"ndw"}},{"type":"Feature","geometry":{"type":"Point","coordinates":[4.941895,52.363686]},"properties":{"type":"charge","layer":"passenger","locationId":"F1EABF28-43FE-4FEA-9D34-B9555E601EF2","name":"TNLP011247 - Gorontalostraat 233, Amsterdam","address":"233 Gorontalostraat","city":"Amsterdam","operatorName":"TotalEnergies","maxPowerKw":17,"isMegawatt":false,"status":"CHARGING","source":"ndw"}},{"type":"Feature","geometry":{"type":"Point","coordinates":[4.904323,52.354687]},"properties":{"type":"charge","layer":"passenger","locationId":"89A7F484-A746-411E-8251-2DDF86413921","name":"TNLP010510 - Sint Willibrordusdwarsstraat 6, Amsterdam","address":"6 Sint Willibrordusdwarsstraat","city":"Amsterdam","operatorName":"TotalEnergies","maxPowerKw":17,"isMegawatt":false,"status":"CHARGING","source":"ndw"}},{"type":"Feature","geometry":{"type":"Point","coordinates":[4.877235,52.325874]},"properties":{"type":"charge","layer":"passenger","locationId":"9EB6754E-4D52-4D13-A2B4-0D0D7B4BAAB6","name":"TNLP010869 - Kastelenstraat 137, Amsterdam","address":"137 Kastelenstraat","city":"Amsterdam","operatorName":"TotalEnergies","maxPowerKw":17,"isMegawatt":false,"status":"AVAILABLE","source":"ndw"}},{"type":"Feature","geometry":{"type":"Point","coordinates":[4.964516,52.372128]},"properties":{"type":"charge","layer":"passenger","locationId":"A3F446AB-BE55-474A-9F26-E7CE26690AA5","name":"TNLP011477 - Kees Broekmanstraat 124, Amsterdam","address":"124 Kees Broekmanstraat","city":"Amsterdam","operatorName":"TotalEnergies","maxPowerKw":17,"isMegawatt":false,"status":"AVAILABLE","source":"ndw"}},{"type":"Feature","geometry":{"type":"Point","coordinates":[4.858794,52.35156]},"properties":{"type":"charge","layer":"passenger","locationId":"CDBADF39-216A-4992-807A-DAD82FBC95AA","name":"TNLP010015 - Valeriusstraat 266, Amsterdam","address":"266 Valeriusstraat","city":"Amsterdam","operatorName":"TotalEnergies","maxPowerKw":17,"isMegawatt":false,"status":"AVAILABLE","source":"ndw"}},{"type":"Feature","geometry":{"type":"Point","coordinates":[4.872077,52.383453]},"properties":{"type":"charge","layer":"passenger","locationId":"c026e731-40ba-4105-8c8a-cd2e23ab0a89","name":"TNLP010151 - Groen van Prinstererstraat 46, Amsterdam","address":"46 Groen van Prinstererstraat","city":"Amsterdam","operatorName":"TotalEnergies","maxPowerKw":17,"isMegawatt":false,"status":"AVAILABLE","source":"ndw"}},{"type":"Feature","geometry":{"type":"Point","coordinates":[4.992227,52.29056]},"properties":{"type":"charge","layer":"passenger","locationId":"a5c0a60c-a612-40f6-891b-f398aa8628c6","name":"TNLP010903 - Wethouder Wierdelsstraat 118, Amsterdam","address":"118 Wethouder Wierdelsstraat","city":"Amsterdam","operatorName":"TotalEnergies","maxPowerKw":17,"isMegawatt":false,"status":"CHARGING","source":"ndw"}},{"type":"Feature","geometry":{"type":"Point","coordinates":[4.857388,52.344476]},"properties":{"type":"charge","layer":"passenger","locationId":"68e6385acc3cda99bbcc2f49","name":"FH Super V.O.F. AH4107","address":"Stadionplein 115","city":"Amsterdam","operatorName":"E-Flux by Road","maxPowerKw":11,"isMegawatt":false,"status":"CHARGING","source":"ndw","priceKwh":0.58}},{"type":"Feature","geometry":{"type":"Point","coordinates":[4.864516,52.35296]},"properties":{"type":"charge","layer":"passenger","locationId":"91D41EC5-9205-4084-911B-633F5B206E4C","name":"TNLP011046 - Valeriusstraat 174, Amsterdam","address":"174 Valeriusstraat","city":"Amsterdam","operatorName":"TotalEnergies","maxPowerKw":17,"isMegawatt":false,"status":"CHARGING","source":"ndw"}},{"type":"Feature","geometry":{"type":"Point","coordinates":[4.880843,52.348686]},"properties":{"type":"charge","layer":"passenger","locationId":"35F05995-5ED9-43F3-9076-2CA12A2C12C1","name":"TNLP011112 - Händelstraat 21, Amsterdam","address":"21 Händelstraat","city":"Amsterdam","operatorName":"TotalEnergies","maxPowerKw":17,"isMegawatt":false,"status":"AVAILABLE","source":"ndw"}},{"type":"Feature","geometry":{"type":"Point","coordinates":[4.955412,52.393865]},"properties":{"type":"charge","layer":"passenger","locationId":"NLLOC027636","name":"Allego - Beverwijkstraat 3 Amsterdam","address":"Beverwijkstraat 3","city":"Amsterdam","operatorName":"Allego","maxPowerKw":50,"isMegawatt":false,"status":"AVAILABLE","source":"ndw","priceKwh":0.655}},{"type":"Feature","geometry":{"type":"Point","coordinates":[4.82716,52.38385]},"properties":{"type":"charge","layer":"passenger","locationId":"B413E1AA-CD29-4893-8796-A432B7F317E0","name":"TNLP011283 - Burgemeester Eliasstraat 76, Amsterdam","address":"76 Burgemeester Eliasstraat","city":"Amsterdam","operatorName":"TotalEnergies","maxPowerKw":17,"isMegawatt":false,"status":"AVAILABLE","source":"ndw"}},{"type":"Feature","geometry":{"type":"Point","coordinates":[4.950243,52.398415]},"properties":{"type":"charge","layer":"passenger","locationId":"D251CFDB-07BD-46FC-9A1C-0B2C1F47EDB0","name":"TNLP011305 - Jisperveldstraat 288, Amsterdam","address":"288 Jisperveldstraat","city":"Amsterdam","operatorName":"TotalEnergies","maxPowerKw":17,"isMegawatt":false,"status":"AVAILABLE","source":"ndw"}},{"type":"Feature","geometry":{"type":"Point","coordinates":[4.877696,52.365456]},"properties":{"type":"charge","layer":"passenger","locationId":"25FAB883-E294-4AB8-B25E-B1858B9F8C8F","name":"TNLP010248 - Derde Helmersstraat 12, Amsterdam","address":"12 Derde Helmersstraat","city":"Amsterdam","operatorName":"TotalEnergies","maxPowerKw":17,"isMegawatt":false,"status":"AVAILABLE","source":"ndw"}},{"type":"Feature","geometry":{"type":"Point","coordinates":[5.033558,52.318913]},"properties":{"type":"charge","layer":"passenger","locationId":"A60275B1-AC82-4406-80A0-0672A9772E73","name":"TNLP011358 - Fort Heemstedestraat 5, Weesp","address":"5 Fort Heemstedestraat","city":"Weesp","operatorName":"TotalEnergies","maxPowerKw":17,"isMegawatt":false,"status":"AVAILABLE","source":"ndw"}},{"type":"Feature","geometry":{"type":"Point","coordinates":[4.873145,52.3818]},"properties":{"type":"charge","layer":"passenger","locationId":"4a9f4e63-c59b-4314-a994-a78f27ca9b96","name":"TNLP011485 - Van Beuningenstraat 177, Amsterdam","address":"177 Van Beuningenstraat","city":"Amsterdam","operatorName":"TotalEnergies","maxPowerKw":17,"isMegawatt":false,"status":"AVAILABLE","source":"ndw"}},{"type":"Feature","geometry":{"type":"Point","coordinates":[4.867908,52.38219]},"properties":{"type":"charge","layer":"passenger","locationId":"18F56B92-D349-48DC-AF16-B5FBCBC15543","name":"TNLP011014 - Waterpoortweg 447, Amsterdam","address":"447 Waterpoortweg","city":"Amsterdam","operatorName":"TotalEnergies","maxPowerKw":17,"isMegawatt":false,"status":"AVAILABLE","source":"ndw"}},{"type":"Feature","geometry":{"type":"Point","coordinates":[4.877424,52.366016]},"properties":{"type":"charge","layer":"passenger","locationId":"2E9655BA-6600-4FCA-ADE5-82987BA8E4E4","name":"TNLP011472 - Bosboom Toussaintstraat 2, Amsterdam","address":"2 Bosboom Toussaintstraat","city":"Amsterdam","operatorName":"TotalEnergies","maxPowerKw":17,"isMegawatt":false,"status":"AVAILABLE","source":"ndw"}},{"type":"Feature","geometry":{"type":"Point","coordinates":[4.866856,52.34181]},"properties":{"type":"charge","layer":"passenger","locationId":"35F1D030-3053-4CE9-B4C7-B571880C1889","name":"TNLP010392 - Dirk Schäferstraat 27, Amsterdam","address":"27 Dirk Schäferstraat","city":"Amsterdam","operatorName":"TotalEnergies","maxPowerKw":17,"isMegawatt":false,"status":"AVAILABLE","source":"ndw"}},{"type":"Feature","geometry":{"type":"Point","coordinates":[4.869224,52.368138]},"properties":{"type":"charge","layer":"passenger","locationId":"6979bdd1148b0c28f394c205","name":"Kwintijn 2 permit holders (NOT PUBLIC)","address":"Bilderdijkkade 50","city":"Amsterdam","operatorName":"E-Flux by Road","maxPowerKw":22,"isMegawatt":false,"status":"AVAILABLE","source":"ndw","priceKwh":0.2699}},{"type":"Feature","geometry":{"type":"Point","coordinates":[4.896674,52.364796]},"properties":{"type":"charge","layer":"passenger","locationId":"80F62EF0-4451-465C-9C2A-38CE30950E3B","name":"TNLP010866 - Herengracht 546, Amsterdam","address":"546 Herengracht","city":"Amsterdam","operatorName":"TotalEnergies","maxPowerKw":17,"isMegawatt":false,"status":"AVAILABLE","source":"ndw"}},{"type":"Feature","geometry":{"type":"Point","coordinates":[4.83336,52.37609]},"properties":{"type":"charge","layer":"passenger","locationId":"2FD25401-6896-4D3F-AC5E-E5AEAB8AEEE2","name":"TNLP011592 - Burgemeester van de Pollstraat 595, Amsterdam","address":"595 Burgemeester van de Pollstraat","city":"Amsterdam","operatorName":"TotalEnergies","maxPowerKw":17,"isMegawatt":false,"status":"AVAILABLE","source":"ndw"}},{"type":"Feature","geometry":{"type":"Point","coordinates":[4.833014,52.37911]},"properties":{"type":"charge","layer":"passenger","locationId":"ED4F091E-4978-44E4-8509-F32169F32A69","name":"TNLP010317 - Reina Prinsen Geerligsstraat 2, Amsterdam","address":"2 Reina Prinsen Geerligsstraat","city":"Amsterdam","operatorName":"TotalEnergies","maxPowerKw":17,"isMegawatt":false,"status":"AVAILABLE","source":"ndw"}},{"type":"Feature","geometry":{"type":"Point","coordinates":[5.00854,52.34822]},"properties":{"type":"charge","layer":"passenger","locationId":"2542e366-9597-42db-9e57-b347c1980366","name":"TNLP010178 - Fritz Dietrich Kahlenbergstraat 52, Amsterdam","address":"52 Fritz Dietrich Kahlenbergstraat","city":"Amsterdam","operatorName":"TotalEnergies","maxPowerKw":17,"isMegawatt":false,"status":"AVAILABLE","source":"ndw"}},{"type":"Feature","geometry":{"type":"Point","coordinates":[4.886006,52.377617]},"properties":{"type":"charge","layer":"passenger","locationId":"5EF7D8B8-8F8D-4C97-B5E7-29AE547196B5","name":"TNLP010923 - Prinsengracht 193, Amsterdam","address":"193 Prinsengracht","city":"Amsterdam","operatorName":"TotalEnergies","maxPowerKw":17,"isMegawatt":false,"status":"AVAILABLE","source":"ndw"}},{"type":"Feature","geometry":{"type":"Point","coordinates":[4.914759,52.354717]},"properties":{"type":"charge","layer":"passenger","locationId":"658D52E5-8CA0-4E29-848C-44AA34BE1246","name":"TNLP010299 - Olmenweg 2, Amsterdam","address":"2 Olmenweg","city":"Amsterdam","operatorName":"TotalEnergies","maxPowerKw":17,"isMegawatt":false,"status":"UNAVAILABLE","source":"ndw"}},{"type":"Feature","geometry":{"type":"Point","coordinates":[4.784617,52.355747]},"properties":{"type":"charge","layer":"passenger","locationId":"4A1C8E33-BA2A-47F0-A27B-5A0471C75E96","name":"TNLP010944 - Kwelderweg 10, Amsterdam","address":"10 Kwelderweg","city":"Amsterdam","operatorName":"TotalEnergies","maxPowerKw":17,"isMegawatt":false,"status":"AVAILABLE","source":"ndw"}},{"type":"Feature","geometry":{"type":"Point","coordinates":[4.929146,52.408607]},"properties":{"type":"charge","layer":"passenger","locationId":"6342632f-525f-44ed-9971-0cbd33044715","name":"TNLP011052 - Diopter 170, Amsterdam","address":"170 Diopter","city":"Amsterdam","operatorName":"TotalEnergies","maxPowerKw":17,"isMegawatt":false,"status":"AVAILABLE","source":"ndw"}},{"type":"Feature","geometry":{"type":"Point","coordinates":[4.938783,52.377125]},"properties":{"type":"charge","layer":"passenger","locationId":"848BA28C-7A65-47F7-BB0A-D7A61F90ED38","name":"TNLP010129 - KNSM-Laan 109, Amsterdam","address":"109 KNSM-Laan","city":"Amsterdam","operatorName":"TotalEnergies","maxPowerKw":17,"isMegawatt":false,"status":"AVAILABLE","source":"ndw"}},{"type":"Feature","geometry":{"type":"Point","coordinates":[5.032334,52.31238]},"properties":{"type":"charge","layer":"passenger","locationId":"5A32CC8A-759A-49FD-8392-E4964BF90304","name":"TNLP011441 - Lageweyselaan 2E, Weesp","address":"2E Lageweyselaan","city":"Weesp","operatorName":"TotalEnergies","maxPowerKw":17,"isMegawatt":false,"status":"CHARGING","source":"ndw"}},{"type":"Feature","geometry":{"type":"Point","coordinates":[4.884727,52.35792]},"properties":{"type":"charge","layer":"passenger","locationId":"18A65D98-3E63-4DCE-89F4-6956991DBBB5","name":"TNLP010457 - Honthorststraat 19, Amsterdam","address":"19 Honthorststraat","city":"Amsterdam","operatorName":"TotalEnergies","maxPowerKw":17,"isMegawatt":false,"status":"AVAILABLE","source":"ndw"}},{"type":"Feature","geometry":{"type":"Point","coordinates":[5.037273,52.313084]},"properties":{"type":"charge","layer":"passenger","locationId":"2f31ba47-dcf4-4c1c-9d65-3143b91e983a","name":"TNLP011180 - Jan Campertplein 2, Amsterdam","address":"2 Jan Campertplein","city":"Amsterdam","operatorName":"TotalEnergies","maxPowerKw":17,"isMegawatt":false,"status":"AVAILABLE","source":"ndw"}},{"type":"Feature","geometry":{"type":"Point","coordinates":[4.945512,52.357693]},"properties":{"type":"charge","layer":"passenger","locationId":"DA47AF38-8CEE-49B4-89CE-F5D81FD6E0FB","name":"TNLP011307 - Carolina MacGillavrylaan 99, Amsterdam","address":"99 Carolina MacGillavrylaan","city":"Amsterdam","operatorName":"TotalEnergies","maxPowerKw":17,"isMegawatt":false,"status":"AVAILABLE","source":"ndw"}},{"type":"Feature","geometry":{"type":"Point","coordinates":[5.037228,52.30834]},"properties":{"type":"charge","layer":"passenger","locationId":"EF960356-D9FE-4B7A-83D3-D3263A9034EF","name":"TNLP011478 - Buitenveer 52, Weesp","address":"52 Buitenveer","city":"Weesp","operatorName":"TotalEnergies","maxPowerKw":17,"isMegawatt":false,"status":"AVAILABLE","source":"ndw"}},{"type":"Feature","geometry":{"type":"Point","coordinates":[4.927027,52.35305]},"properties":{"type":"charge","layer":"passenger","locationId":"4E1F8215-DE8B-486E-80F4-33B6DDDB056C","name":"TNLP010557 - Willem Beukelsstraat 35, Amsterdam","address":"35 Willem Beukelsstraat","city":"Amsterdam","operatorName":"TotalEnergies","maxPowerKw":17,"isMegawatt":false,"status":"AVAILABLE","source":"ndw"}},{"type":"Feature","geometry":{"type":"Point","coordinates":[4.841346,52.367462]},"properties":{"type":"charge","layer":"passenger","locationId":"6567673C-78CE-4DA4-95DE-9BA86E78F2C6","name":"TNLP010311 - Alma Tademastraat 62, Amsterdam","address":"62 Alma Tademastraat","city":"Amsterdam","operatorName":"TotalEnergies","maxPowerKw":17,"isMegawatt":false,"status":"AVAILABLE","source":"ndw"}},{"type":"Feature","geometry":{"type":"Point","coordinates":[4.856992,52.331966]},"properties":{"type":"charge","layer":"passenger","locationId":"796B49C2-0DBA-4B2F-964B-FAFCD1697946","name":"TNLP011323 - Amstelveenseweg 758, Amsterdam","address":"758 Amstelveenseweg","city":"Amsterdam","operatorName":"TotalEnergies","maxPowerKw":17,"isMegawatt":false,"status":"AVAILABLE","source":"ndw"}},{"type":"Feature","geometry":{"type":"Point","coordinates":[4.862132,52.372868]},"properties":{"type":"charge","layer":"passenger","locationId":"B1A48D9E-78BF-42D0-B3C6-3F0F143B445E","name":"TNLP011330 - Reinier Claeszenstraat 27, Amsterdam","address":"27 Reinier Claeszenstraat","city":"Amsterdam","operatorName":"TotalEnergies","maxPowerKw":17,"isMegawatt":false,"status":"AVAILABLE","source":"ndw"}},{"type":"Feature","geometry":{"type":"Point","coordinates":[4.827854,52.362106]},"properties":{"type":"charge","layer":"passenger","locationId":"6E345191-0930-4C5B-8688-DE71B61D2280","name":"TNLP010778 - Nicolaas Japiksestraat 45, Amsterdam","address":"45 Nicolaas Japiksestraat","city":"Amsterdam","operatorName":"TotalEnergies","maxPowerKw":17,"isMegawatt":false,"status":"AVAILABLE","source":"ndw"}},{"type":"Feature","geometry":{"type":"Point","coordinates":[4.868262,52.375572]},"properties":{"type":"charge","layer":"passenger","locationId":"B6245036-731A-4B38-9707-0DAA9592B661","name":"TNLP010109 - Marcantilaan 25, Amsterdam","address":"25 Marcantilaan","city":"Amsterdam","operatorName":"TotalEnergies","maxPowerKw":17,"isMegawatt":false,"status":"AVAILABLE","source":"ndw"}},{"type":"Feature","geometry":{"type":"Point","coordinates":[4.908777,52.38932]},"properties":{"type":"charge","layer":"passenger","locationId":"a52b790a-fffa-42ea-945c-a535554bbc44","name":"TNLP011837 - Heimansweg 29, Amsterdam","address":"29 Heimansweg","city":"Amsterdam","operatorName":"TotalEnergies","maxPowerKw":17,"isMegawatt":false,"status":"AVAILABLE","source":"ndw"}},{"type":"Feature","geometry":{"type":"Point","coordinates":[4.938716,52.354527]},"properties":{"type":"charge","layer":"passenger","locationId":"bab07c3b-92e8-4b56-8fe0-77cfbbbc565a","name":"TNLP011433 - Johann Keplerstraat 61, Amsterdam","address":"61 Johann Keplerstraat","city":"Amsterdam","operatorName":"TotalEnergies","maxPowerKw":17,"isMegawatt":false,"status":"AVAILABLE","source":"ndw"}},{"type":"Feature","geometry":{"type":"Point","coordinates":[4.875442,52.32752]},"properties":{"type":"charge","layer":"passenger","locationId":"5C5E8F79-B61A-4845-BD6B-2928526AC893","name":"TNLP011044 - Backershagen 1, Amsterdam","address":"1 Backershagen","city":"Amsterdam","operatorName":"TotalEnergies","maxPowerKw":17,"isMegawatt":false,"status":"AVAILABLE","source":"ndw"}},{"type":"Feature","geometry":{"type":"Point","coordinates":[4.869359,52.379807]},"properties":{"type":"charge","layer":"passenger","locationId":"63C2C458-D9D6-4E60-B699-B484AD8E6FD6","name":"TNLP011482 - Schaepmanstraat 220, Amsterdam","address":"220 Schaepmanstraat","city":"Amsterdam","operatorName":"TotalEnergies","maxPowerKw":17,"isMegawatt":false,"status":"AVAILABLE","source":"ndw"}},{"type":"Feature","geometry":{"type":"Point","coordinates":[4.915269,52.390751]},"properties":{"type":"charge","layer":"passenger","locationId":"NLLOC019670","name":"Allego - Amsterdam NO Winkelcentrum Mosveld","address":"Volewijkshof 1","city":"Amsterdam","operatorName":"Allego","maxPowerKw":150,"isMegawatt":false,"status":"AVAILABLE","source":"ndw","priceKwh":0.655}},{"type":"Feature","geometry":{"type":"Point","coordinates":[4.800154,52.375576]},"properties":{"type":"charge","layer":"passenger","locationId":"8D552404-4ACD-41C0-846E-FFE62336FF6B","name":"TNLP011197 - Nolensstraat 5, Amsterdam","address":"5 Nolensstraat","city":"Amsterdam","operatorName":"TotalEnergies","maxPowerKw":17,"isMegawatt":false,"status":"AVAILABLE","source":"ndw"}},{"type":"Feature","geometry":{"type":"Point","coordinates":[4.857655,52.351196]},"properties":{"type":"charge","layer":"passenger","locationId":"26157413-d550-49c6-840b-b3f713863e7e","name":"TNLP010180 - Valeriusstraat 249, Amsterdam","address":"249 Valeriusstraat","city":"Amsterdam","operatorName":"TotalEnergies","maxPowerKw":17,"isMegawatt":false,"status":"AVAILABLE","source":"ndw"}},{"type":"Feature","geometry":{"type":"Point","coordinates":[4.857238,52.36984]},"properties":{"type":"charge","layer":"passenger","locationId":"9390437B-6D37-4C2F-A0AF-325FAFC62D53","name":"TNLP011264 - Admiralengracht 154, Amsterdam","address":"154 Admiralengracht","city":"Amsterdam","operatorName":"TotalEnergies","maxPowerKw":17,"isMegawatt":false,"status":"AVAILABLE","source":"ndw"}},{"type":"Feature","geometry":{"type":"Point","coordinates":[4.804853,52.360023]},"properties":{"type":"charge","layer":"passenger","locationId":"96453da3-6495-45e1-b8c5-1b7fcce9d5ae","name":"TNLP010639 - Osdorpplein 251, Amsterdam","address":"251 Osdorpplein","city":"Amsterdam","operatorName":"TotalEnergies","maxPowerKw":17,"isMegawatt":false,"status":"CHARGING","source":"ndw"}},{"type":"Feature","geometry":{"type":"Point","coordinates":[4.831236,52.353966]},"properties":{"type":"charge","layer":"passenger","locationId":"FB95236C-8F8B-44FD-94D4-9CA8565BAE9F","name":"TNLP010872 - Theodorus Majofskistraat 21, Amsterdam","address":"21 Theodorus Majofskistraat","city":"Amsterdam","operatorName":"TotalEnergies","maxPowerKw":17,"isMegawatt":false,"status":"AVAILABLE","source":"ndw"}},{"type":"Feature","geometry":{"type":"Point","coordinates":[5.048497,52.313423]},"properties":{"type":"charge","layer":"passenger","locationId":"FD06A5AF-58BF-4075-8BC4-D36C3C9E0939","name":"TNLP011679 - Korte Muiderweg 25, Weesp","address":"25 Korte Muiderweg","city":"Weesp","operatorName":"TotalEnergies","maxPowerKw":17,"isMegawatt":false,"status":"AVAILABLE","source":"ndw"}},{"type":"Feature","geometry":{"type":"Point","coordinates":[4.889139,52.345722]},"properties":{"type":"charge","layer":"passenger","locationId":"8d4544df-415a-413f-9a62-faaad9be60ed","name":"TNLP011376 - Eendrachtstraat 1, Amsterdam","address":"1 Eendrachtstraat","city":"Amsterdam","operatorName":"TotalEnergies","maxPowerKw":17,"isMegawatt":false,"status":"UNAVAILABLE","source":"ndw"}},{"type":"Feature","geometry":{"type":"Point","coordinates":[4.886411,52.327343]},"properties":{"type":"charge","layer":"passenger","locationId":"A79FF3BC-19BA-406E-B3F1-ED52A890F8B2","name":"TNLP010353 - Wamberg 85, Amsterdam","address":"85 Wamberg","city":"Amsterdam","operatorName":"TotalEnergies","maxPowerKw":17,"isMegawatt":false,"status":"AVAILABLE","source":"ndw"}},{"type":"Feature","geometry":{"type":"Point","coordinates":[4.75024,52.406604]},"properties":{"type":"charge","layer":"passenger","locationId":"66275c64cb1450001c6bfec4","name":"NXT 50five - Amsterdam - Beiraweg 3 - DC","address":"Beiraweg 3","city":"Amsterdam","operatorName":"NXT50Five","maxPowerKw":320,"isMegawatt":false,"status":"UNAVAILABLE","source":"ndw","priceKwh":0.4}},{"type":"Feature","geometry":{"type":"Point","coordinates":[4.870378,52.352905]},"properties":{"type":"charge","layer":"passenger","locationId":"0bb97040-e449-40b9-adce-514709f3b03b","name":"TNLP010307 - Emmastraat 33, Amsterdam","address":"33 Emmastraat","city":"Amsterdam","operatorName":"TotalEnergies","maxPowerKw":17,"isMegawatt":false,"status":"AVAILABLE","source":"ndw"}},{"type":"Feature","geometry":{"type":"Point","coordinates":[4.867828,52.368874]},"properties":{"type":"charge","layer":"passenger","locationId":"ffcb1724-8042-4fd7-88ad-665cbdd13725","name":"TNLP010153 - Elisabeth Wolffstraat 82, Amsterdam","address":"82 Elisabeth Wolffstraat","city":"Amsterdam","operatorName":"TotalEnergies","maxPowerKw":17,"isMegawatt":false,"status":"CHARGING","source":"ndw"}},{"type":"Feature","geometry":{"type":"Point","coordinates":[4.890763,52.41327]},"properties":{"type":"charge","layer":"passenger","locationId":"45137D94-DD81-446A-B2CD-17EA8F031109","name":"TNLP011012 - Zonneplein 21, Amsterdam","address":"21 Zonneplein","city":"Amsterdam","operatorName":"TotalEnergies","maxPowerKw":17,"isMegawatt":false,"status":"AVAILABLE","source":"ndw"}},{"type":"Feature","geometry":{"type":"Point","coordinates":[4.873944,52.373325]},"properties":{"type":"charge","layer":"passenger","locationId":"A373A4F5-F935-4999-BB53-A25DEDB4A80B","name":"TNLP010616 - Hugo de Grootkade 20, Amsterdam","address":"20 Hugo de Grootkade","city":"Amsterdam","operatorName":"TotalEnergies","maxPowerKw":17,"isMegawatt":false,"status":"AVAILABLE","source":"ndw"}},{"type":"Feature","geometry":{"type":"Point","coordinates":[4.875407,52.36517]},"properties":{"type":"charge","layer":"passenger","locationId":"F2E9CFDD-5E63-4591-B8D4-57EDDC884737","name":"TNLP010906 - Alberdingk Thijmstraat 5, Amsterdam","address":"5 Alberdingk Thijmstraat","city":"Amsterdam","operatorName":"TotalEnergies","maxPowerKw":17,"isMegawatt":false,"status":"AVAILABLE","source":"ndw"}},{"type":"Feature","geometry":{"type":"Point","coordinates":[4.965944,52.321064]},"properties":{"type":"charge","layer":"passenger","locationId":"30ED8F11-97B7-418A-A8A5-7CE2DD26F816","name":"TNLP010876 - Nilda Pintostraat 8, Amsterdam","address":"8 Nilda Pintostraat","city":"Amsterdam","operatorName":"TotalEnergies","maxPowerKw":17,"isMegawatt":false,"status":"AVAILABLE","source":"ndw"}},{"type":"Feature","geometry":{"type":"Point","coordinates":[4.881485,52.393738]},"properties":{"type":"charge","layer":"passenger","locationId":"f59f8872-608e-4e32-b131-b0f5ec38d8e9","name":"TNLP011430 - Revaleiland 404, Amsterdam","address":"404 Revaleiland","city":"Amsterdam","operatorName":"TotalEnergies","maxPowerKw":17,"isMegawatt":false,"status":"AVAILABLE","source":"ndw"}},{"type":"Feature","geometry":{"type":"Point","coordinates":[5.041236,52.316853]},"properties":{"type":"charge","layer":"passenger","locationId":"DA182A51-5A24-4101-A495-7533579B2B53","name":"TNLP011854 - Fort Abcoudestraat 8, Weesp","address":"8 Fort Abcoudestraat","city":"Weesp","operatorName":"TotalEnergies","maxPowerKw":17,"isMegawatt":false,"status":"CHARGING","source":"ndw"}},{"type":"Feature","geometry":{"type":"Point","coordinates":[4.871702,52.326756]},"properties":{"type":"charge","layer":"passenger","locationId":"E68C7D16-D2B7-4BB6-A1B3-34D67AD29C71","name":"TNLP010901 - Zuid Hollandstraat 2, Amsterdam","address":"2 Zuid Hollandstraat","city":"Amsterdam","operatorName":"TotalEnergies","maxPowerKw":17,"isMegawatt":false,"status":"AVAILABLE","source":"ndw"}},{"type":"Feature","geometry":{"type":"Point","coordinates":[4.925694,52.361668]},"properties":{"type":"charge","layer":"passenger","locationId":"AFB4C9EC-7DB1-4F87-B4A6-564BB3EAF788","name":"TNLP011190 - Tweede van Swindenstraat 17, Amsterdam","address":"17 Tweede van Swindenstraat","city":"Amsterdam","operatorName":"TotalEnergies","maxPowerKw":17,"isMegawatt":false,"status":"UNAVAILABLE","source":"ndw"}},{"type":"Feature","geometry":{"type":"Point","coordinates":[4.91435,52.39692]},"properties":{"type":"charge","layer":"passenger","locationId":"70710016-EB7D-4147-BB7B-BE858B498A68","name":"TNLP011076 - Sneeuwbalstraat 3, Amsterdam","address":"3 Sneeuwbalstraat","city":"Amsterdam","operatorName":"TotalEnergies","maxPowerKw":17,"isMegawatt":false,"status":"AVAILABLE","source":"ndw"}},{"type":"Feature","geometry":{"type":"Point","coordinates":[4.869553,52.362015]},"properties":{"type":"charge","layer":"passenger","locationId":"9D651BB0-FB46-44C7-B2BE-B77C864B058E","name":"TNLP010378 - Eerste Helmersstraat 159, Amsterdam","address":"159 Eerste Helmersstraat","city":"Amsterdam","operatorName":"TotalEnergies","maxPowerKw":17,"isMegawatt":false,"status":"AVAILABLE","source":"ndw"}},{"type":"Feature","geometry":{"type":"Point","coordinates":[4.938716,52.35026]},"properties":{"type":"charge","layer":"passenger","locationId":"B4E9A80F-8E87-44FD-ADE1-28FF399E884F","name":"TNLP010808 - Helmholtzstraat 32, Amsterdam","address":"32 Helmholtzstraat","city":"Amsterdam","operatorName":"TotalEnergies","maxPowerKw":17,"isMegawatt":false,"status":"AVAILABLE","source":"ndw"}},{"type":"Feature","geometry":{"type":"Point","coordinates":[4.860381,52.37238]},"properties":{"type":"charge","layer":"passenger","locationId":"8a9c0c04-1fa5-43f5-af39-855b33caf9be","name":"TNLP010565 - Bestevâerstraat 2, Amsterdam","address":"2 Bestevâerstraat","city":"Amsterdam","operatorName":"TotalEnergies","maxPowerKw":17,"isMegawatt":false,"status":"AVAILABLE","source":"ndw"}},{"type":"Feature","geometry":{"type":"Point","coordinates":[4.85827,52.366142]},"properties":{"type":"charge","layer":"passenger","locationId":"7074DCBB-4EB8-4849-A6DE-6BD409312C31","name":"TNLP010245 - Admiralengracht 38, Amsterdam","address":"38 Admiralengracht","city":"Amsterdam","operatorName":"TotalEnergies","maxPowerKw":17,"isMegawatt":false,"status":"AVAILABLE","source":"ndw"}},{"type":"Feature","geometry":{"type":"Point","coordinates":[4.921127,52.35396]},"properties":{"type":"charge","layer":"passenger","locationId":"6E554CF3-0CE7-45B3-B551-A8137DD2DBA9","name":"TNLP011399 - Majubastraat 26, Amsterdam","address":"26 Majubastraat","city":"Amsterdam","operatorName":"TotalEnergies","maxPowerKw":17,"isMegawatt":false,"status":"AVAILABLE","source":"ndw"}},{"type":"Feature","geometry":{"type":"Point","coordinates":[5.0382953,52.316803]},"properties":{"type":"charge","layer":"passenger","locationId":"9441BEEC-0829-4A39-A9BA-B73BB71B8D75","name":"TNLP010839 - Landscronerlaan 38, Weesp","address":"38 Landscronerlaan","city":"Weesp","operatorName":"TotalEnergies","maxPowerKw":17,"isMegawatt":false,"status":"UNAVAILABLE","source":"ndw"}},{"type":"Feature","geometry":{"type":"Point","coordinates":[4.88242,52.326096]},"properties":{"type":"charge","layer":"passenger","locationId":"70AE87BE-13E4-48E1-9940-901056FA04E0","name":"TNLP010162 - Kastelenstraat 73, Amsterdam","address":"73 Kastelenstraat","city":"Amsterdam","operatorName":"TotalEnergies","maxPowerKw":17,"isMegawatt":false,"status":"AVAILABLE","source":"ndw"}},{"type":"Feature","geometry":{"type":"Point","coordinates":[4.916752,52.368996]},"properties":{"type":"charge","layer":"passenger","locationId":"D36C5295-95D4-40E3-84DE-31C14264B787","name":"TNLP011198 - Buiten Kadijken 2, Amsterdam","address":"2 Buiten Kadijken","city":"Amsterdam","operatorName":"TotalEnergies","maxPowerKw":17,"isMegawatt":false,"status":"AVAILABLE","source":"ndw"}},{"type":"Feature","geometry":{"type":"Point","coordinates":[4.805774,52.36456]},"properties":{"type":"charge","layer":"passenger","locationId":"50ea7836-86e3-4d21-bc51-7c73ba24c58a","name":"Laadplein - TNLP010209 - Oeverpad 281, Amsterdam","address":"281 Oeverpad","city":"Amsterdam","operatorName":"TotalEnergies","maxPowerKw":17,"isMegawatt":false,"status":"AVAILABLE","source":"ndw"}},{"type":"Feature","geometry":{"type":"Point","coordinates":[4.912441,52.359413]},"properties":{"type":"charge","layer":"passenger","locationId":"4909DA82-9CBD-4BDE-854D-13DDF15BCE29","name":"TNLP011343 - Boerhaaveplein 6, Amsterdam","address":"6 Boerhaaveplein","city":"Amsterdam","operatorName":"TotalEnergies","maxPowerKw":17,"isMegawatt":false,"status":"AVAILABLE","source":"ndw"}},{"type":"Feature","geometry":{"type":"Point","coordinates":[4.928232,52.353317]},"properties":{"type":"charge","layer":"passenger","locationId":"73a0bd7b-3524-4ce3-94d2-0924934def34","name":"TNLP011750 - Cornelis Drebbelstraat 25, Amsterdam","address":"25 Cornelis Drebbelstraat","city":"Amsterdam","operatorName":"TotalEnergies","maxPowerKw":17,"isMegawatt":false,"status":"AVAILABLE","source":"ndw"}},{"type":"Feature","geometry":{"type":"Point","coordinates":[4.828491,52.362823]},"properties":{"type":"charge","layer":"passenger","locationId":"AE49BC07-B8DE-4D94-B595-6CD3055F00FB","name":"TNLP011274 - Hemsterhuisstraat 77, Amsterdam","address":"77 Hemsterhuisstraat","city":"Amsterdam","operatorName":"TotalEnergies","maxPowerKw":17,"isMegawatt":false,"status":"AVAILABLE","source":"ndw"}},{"type":"Feature","geometry":{"type":"Point","coordinates":[4.899568,52.34018]},"properties":{"type":"charge","layer":"passenger","locationId":"D48E80B7-F0F0-4A70-8A00-6EA5243F2ACD","name":"TNLP010930 - President Kennedylaan 681, Amsterdam","address":"681 President Kennedylaan","city":"Amsterdam","operatorName":"TotalEnergies","maxPowerKw":17,"isMegawatt":false,"status":"AVAILABLE","source":"ndw"}},{"type":"Feature","geometry":{"type":"Point","coordinates":[5.008819,52.351902]},"properties":{"type":"charge","layer":"passenger","locationId":"D721CD34-B672-47AB-A1B1-F6C95F8A1840","name":"TNLP010874 - Marius Meijboomstraat 1, Amsterdam","address":"1 Marius Meijboomstraat","city":"Amsterdam","operatorName":"TotalEnergies","maxPowerKw":17,"isMegawatt":false,"status":"AVAILABLE","source":"ndw"}},{"type":"Feature","geometry":{"type":"Point","coordinates":[4.932695,52.396107]},"properties":{"type":"charge","layer":"passenger","locationId":"C37B527A-9283-4D0A-A894-AA49F1EDDED9","name":"TNLP010349 - Bovenover 2, Amsterdam","address":"2 Bovenover","city":"Amsterdam","operatorName":"TotalEnergies","maxPowerKw":17,"isMegawatt":false,"status":"AVAILABLE","source":"ndw"}},{"type":"Feature","geometry":{"type":"Point","coordinates":[4.797278,52.37969]},"properties":{"type":"charge","layer":"passenger","locationId":"44095C80-DA62-4372-A33A-707ACB226958","name":"TNLP010485 - Marchanthof 48, Amsterdam","address":"48 Marchanthof","city":"Amsterdam","operatorName":"TotalEnergies","maxPowerKw":17,"isMegawatt":false,"status":"AVAILABLE","source":"ndw"}},{"type":"Feature","geometry":{"type":"Point","coordinates":[4.884926,52.422318]},"properties":{"type":"charge","layer":"passenger","locationId":"A400673C-1EBE-47E7-9EC0-BA9493F4B422","name":"TNLP010900 - Dwergvinvisstraat 13, Amsterdam","address":"13 Dwergvinvisstraat","city":"Amsterdam","operatorName":"TotalEnergies","maxPowerKw":17,"isMegawatt":false,"status":"AVAILABLE","source":"ndw"}},{"type":"Feature","geometry":{"type":"Point","coordinates":[4.853714,52.392561]},"properties":{"type":"charge","layer":"passenger","locationId":"728237EB-DDAA-4C95-BD16-C4950EEBF683","name":"TNLP030021","address":"Transformatorweg 28","city":"Amsterdam","operatorName":"TotalEnergies","maxPowerKw":120,"isMegawatt":false,"status":"AVAILABLE","source":"ndw"}},{"type":"Feature","geometry":{"type":"Point","coordinates":[4.860901,52.349697]},"properties":{"type":"charge","layer":"passenger","locationId":"18fd7fd6-d2e0-4bc0-a81a-df90b492b042","name":"TNLP011295 - Pieter Lastmankade 43, Amsterdam","address":"43 Pieter Lastmankade","city":"Amsterdam","operatorName":"TotalEnergies","maxPowerKw":17,"isMegawatt":false,"status":"AVAILABLE","source":"ndw"}},{"type":"Feature","geometry":{"type":"Point","coordinates":[4.890376,52.4118]},"properties":{"type":"charge","layer":"passenger","locationId":"7A5F2E21-3FFC-405A-BBE1-9DE4737290AE","name":"TNLP010594 - Castorplein 19, Amsterdam","address":"19 Castorplein","city":"Amsterdam","operatorName":"TotalEnergies","maxPowerKw":17,"isMegawatt":false,"status":"AVAILABLE","source":"ndw"}},{"type":"Feature","geometry":{"type":"Point","coordinates":[4.948716,52.394543]},"properties":{"type":"charge","layer":"passenger","locationId":"BCB831B7-0194-4706-A961-C9F09CE08F49","name":"TNLP010088 - De Egmondenstraat 165, Amsterdam","address":"165 De Egmondenstraat","city":"Amsterdam","operatorName":"TotalEnergies","maxPowerKw":17,"isMegawatt":false,"status":"AVAILABLE","source":"ndw"}},{"type":"Feature","geometry":{"type":"Point","coordinates":[4.877687,52.34016]},"properties":{"type":"charge","layer":"passenger","locationId":"ceb8915f-ae6f-4287-9684-8e709896f145","name":"Christian Neefestraat 2","address":"Christian Neefestraat 2","city":"Amsterdam","operatorName":"Vattenfall InCharge","maxPowerKw":22,"isMegawatt":false,"status":"AVAILABLE","source":"ndw","priceKwh":0.41}},{"type":"Feature","geometry":{"type":"Point","coordinates":[4.910622,52.34282]},"properties":{"type":"charge","layer":"passenger","locationId":"5F23B7BE-673B-4432-86ED-2B9AD216A1F0","name":"TNLP011255 - Reitdiepstraat 15, Amsterdam","address":"15 Reitdiepstraat","city":"Amsterdam","operatorName":"TotalEnergies","maxPowerKw":17,"isMegawatt":false,"status":"AVAILABLE","source":"ndw"}},{"type":"Feature","geometry":{"type":"Point","coordinates":[4.863311,52.354248]},"properties":{"type":"charge","layer":"passenger","locationId":"8EB644BE-FB26-46A8-AE05-0776844ABA46","name":"Laadplein - TNLP011350 - Emmaplein 3, Amsterdam","address":"3 Emmaplein","city":"Amsterdam","operatorName":"TotalEnergies","maxPowerKw":17,"isMegawatt":false,"status":"CHARGING","source":"ndw"}},{"type":"Feature","geometry":{"type":"Point","coordinates":[4.796396,52.38095]},"properties":{"type":"charge","layer":"passenger","locationId":"ADA20C18-1C3F-4ECD-8EA5-5CDEB78D46B6","name":"TNLP011717 - Abraham van der Hartstraat 15, Amsterdam","address":"15 Abraham van der Hartstraat","city":"Amsterdam","operatorName":"TotalEnergies","maxPowerKw":17,"isMegawatt":false,"status":"CHARGING","source":"ndw"}},{"type":"Feature","geometry":{"type":"Point","coordinates":[4.844616,52.374573]},"properties":{"type":"charge","layer":"passenger","locationId":"0E675AB8-90F7-40CD-BD15-00F842008F27","name":"TNLP011078 - Amundsenweg 12, Amsterdam","address":"12 Amundsenweg","city":"Amsterdam","operatorName":"TotalEnergies","maxPowerKw":17,"isMegawatt":false,"status":"AVAILABLE","source":"ndw"}},{"type":"Feature","geometry":{"type":"Point","coordinates":[4.96087,52.39253]},"properties":{"type":"charge","layer":"passenger","locationId":"CBB3E8E4-DE73-481B-8A2A-AD05A2BE6478","name":"TNLP010436 - Markengouw 127, Amsterdam","address":"127 Markengouw","city":"Amsterdam","operatorName":"TotalEnergies","maxPowerKw":17,"isMegawatt":false,"status":"AVAILABLE","source":"ndw"}},{"type":"Feature","geometry":{"type":"Point","coordinates":[4.856249,52.346092]},"properties":{"type":"charge","layer":"passenger","locationId":"7C6C999C-6958-443B-9517-699B244E7E08","name":"TNLP010133 - Eosstraat 118, Amsterdam","address":"118 Eosstraat","city":"Amsterdam","operatorName":"TotalEnergies","maxPowerKw":17,"isMegawatt":false,"status":"CHARGING","source":"ndw"}},{"type":"Feature","geometry":{"type":"Point","coordinates":[4.999394,52.35789]},"properties":{"type":"charge","layer":"passenger","locationId":"DB0621F2-4369-4E09-86D5-658F9E4CB3DF","name":"TNLP011212 - Bert Haanstrakade 370, Amsterdam","address":"370 Bert Haanstrakade","city":"Amsterdam","operatorName":"TotalEnergies","maxPowerKw":17,"isMegawatt":false,"status":"AVAILABLE","source":"ndw"}},{"type":"Feature","geometry":{"type":"Point","coordinates":[4.891678,52.38536]},"properties":{"type":"charge","layer":"passenger","locationId":"4E86EB24-41DE-42C5-80B6-C63ED3335893","name":"TNLP010422 - Westerdok 49, Amsterdam","address":"49 Westerdok","city":"Amsterdam","operatorName":"TotalEnergies","maxPowerKw":17,"isMegawatt":false,"status":"CHARGING","source":"ndw"}},{"type":"Feature","geometry":{"type":"Point","coordinates":[4.788535,52.357456]},"properties":{"type":"charge","layer":"passenger","locationId":"7BB3DB77-4298-46C2-9088-ADCFCAE19782","name":"TNLP011075 - Langswater 534, Amsterdam","address":"534 Langswater","city":"Amsterdam","operatorName":"TotalEnergies","maxPowerKw":17,"isMegawatt":false,"status":"AVAILABLE","source":"ndw"}},{"type":"Feature","geometry":{"type":"Point","coordinates":[4.850329,52.36542]},"properties":{"type":"charge","layer":"passenger","locationId":"A0495BB8-6A4D-4B7D-BF9F-37D71090A26E","name":"TNLP011017 - Orteliuskade 6 III, Amsterdam","address":"6 III Orteliuskade","city":"Amsterdam","operatorName":"TotalEnergies","maxPowerKw":17,"isMegawatt":false,"status":"CHARGING","source":"ndw"}},{"type":"Feature","geometry":{"type":"Point","coordinates":[4.862802,52.351856]},"properties":{"type":"charge","layer":"passenger","locationId":"A56FDF22-4079-4DEA-AF45-692D51DFA04D","name":"TNLP011407 - Okeghemstraat 16, Amsterdam","address":"16 Okeghemstraat","city":"Amsterdam","operatorName":"TotalEnergies","maxPowerKw":17,"isMegawatt":false,"status":"CHARGING","source":"ndw"}},{"type":"Feature","geometry":{"type":"Point","coordinates":[4.957408,52.320576]},"properties":{"type":"charge","layer":"passenger","locationId":"1D28A1B3-46B8-4142-A222-B0663C26F15E","name":"TNLP011532 - Florijn 30A, Amsterdam","address":"30A Florijn","city":"Amsterdam","operatorName":"TotalEnergies","maxPowerKw":17,"isMegawatt":false,"status":"AVAILABLE","source":"ndw"}},{"type":"Feature","geometry":{"type":"Point","coordinates":[4.926219,52.363045]},"properties":{"type":"charge","layer":"passenger","locationId":"558967AF-FA8C-4EC6-A289-B9C645E38787","name":"TNLP011510 - Wagenaarstraat 222, Amsterdam","address":"222 Wagenaarstraat","city":"Amsterdam","operatorName":"TotalEnergies","maxPowerKw":17,"isMegawatt":false,"status":"AVAILABLE","source":"ndw"}},{"type":"Feature","geometry":{"type":"Point","coordinates":[4.866708,52.370804]},"properties":{"type":"charge","layer":"passenger","locationId":"89B6AA12-062B-4CCE-AB96-FD584B673E8F","name":"TNLP010185 - Elisabeth Wolffstraat 19, Amsterdam","address":"19 Elisabeth Wolffstraat","city":"Amsterdam","operatorName":"TotalEnergies","maxPowerKw":17,"isMegawatt":false,"status":"AVAILABLE","source":"ndw"}},{"type":"Feature","geometry":{"type":"Point","coordinates":[4.856415,52.344839]},"properties":{"type":"charge","layer":"passenger","locationId":"91274815","name":"50five-S NL 04001818","address":"Stadionplein 6-18","city":"Amsterdam","operatorName":"50five","maxPowerKw":7,"isMegawatt":false,"status":"AVAILABLE","source":"ndw"}},{"type":"Feature","geometry":{"type":"Point","coordinates":[4.94301,52.39115]},"properties":{"type":"charge","layer":"passenger","locationId":"D14C11B6-D8DB-42D9-B67E-AF6F1C451819","name":"TNLP011363 - Purmerplein 2, Amsterdam","address":"2 Purmerplein","city":"Amsterdam","operatorName":"TotalEnergies","maxPowerKw":17,"isMegawatt":false,"status":"CHARGING","source":"ndw"}},{"type":"Feature","geometry":{"type":"Point","coordinates":[4.944241,52.320717]},"properties":{"type":"charge","layer":"passenger","locationId":"02b58930-46b5-4c0a-9ce0-b831ffceecbf","name":"TNLP010409 - Barbusselaan 143, Amsterdam","address":"143 Barbusselaan","city":"Amsterdam","operatorName":"TotalEnergies","maxPowerKw":17,"isMegawatt":false,"status":"AVAILABLE","source":"ndw"}},{"type":"Feature","geometry":{"type":"Point","coordinates":[4.861733,52.369526]},"properties":{"type":"charge","layer":"passenger","locationId":"2A91A413-349D-4EBA-A772-3F636E6DEF0D","name":"TNLP010934 - Chasséstraat 60, Amsterdam","address":"60 Chasséstraat","city":"Amsterdam","operatorName":"TotalEnergies","maxPowerKw":17,"isMegawatt":false,"status":"AVAILABLE","source":"ndw"}},{"type":"Feature","geometry":{"type":"Point","coordinates":[4.875366,52.355404]},"properties":{"type":"charge","layer":"passenger","locationId":"45503A91-BF8B-4F6C-B42A-AB4B92ED9824","name":"TNLP010602 - Johannes Verhulststraat 34, Amsterdam","address":"34 Johannes Verhulststraat","city":"Amsterdam","operatorName":"TotalEnergies","maxPowerKw":17,"isMegawatt":false,"status":"AVAILABLE","source":"ndw"}},{"type":"Feature","geometry":{"type":"Point","coordinates":[4.91844,52.3557]},"properties":{"type":"charge","layer":"passenger","locationId":"B38D3455-B6C5-4DBF-B4C9-26F693F7F1CC","name":"TNLP010789 - Populierenweg 32, Amsterdam","address":"32 Populierenweg","city":"Amsterdam","operatorName":"TotalEnergies","maxPowerKw":17,"isMegawatt":false,"status":"AVAILABLE","source":"ndw"}},{"type":"Feature","geometry":{"type":"Point","coordinates":[4.84766,52.373116]},"properties":{"type":"charge","layer":"passenger","locationId":"84069F4F-345B-44F6-9B0A-AEEACB89B239","name":"TNLP010228 - Orteliusstraat 302, Amsterdam","address":"302 Orteliusstraat","city":"Amsterdam","operatorName":"TotalEnergies","maxPowerKw":17,"isMegawatt":false,"status":"AVAILABLE","source":"ndw"}},{"type":"Feature","geometry":{"type":"Point","coordinates":[4.866199,52.365005]},"properties":{"type":"charge","layer":"passenger","locationId":"5E9F9F0E-8D3E-43CB-B799-A48E247112CD","name":"TNLP010574 - Borgerstraat 103, Amsterdam","address":"103 Borgerstraat","city":"Amsterdam","operatorName":"TotalEnergies","maxPowerKw":17,"isMegawatt":false,"status":"AVAILABLE","source":"ndw"}},{"type":"Feature","geometry":{"type":"Point","coordinates":[4.862546,52.35233]},"properties":{"type":"charge","layer":"passenger","locationId":"02D9DBF6-9453-48F8-A519-879F55E43799","name":"TNLP011509 - Okeghemstraat 2 III, Amsterdam","address":"2 III Okeghemstraat","city":"Amsterdam","operatorName":"TotalEnergies","maxPowerKw":17,"isMegawatt":false,"status":"AVAILABLE","source":"ndw"}},{"type":"Feature","geometry":{"type":"Point","coordinates":[4.975788,52.312325]},"properties":{"type":"charge","layer":"passenger","locationId":"0BCEC8D7-8D5F-4039-AE6B-049DBC483960","name":"TNLP011432 - Kelbergen 124, Amsterdam","address":"124 Kelbergen","city":"Amsterdam","operatorName":"TotalEnergies","maxPowerKw":17,"isMegawatt":false,"status":"AVAILABLE","source":"ndw"}},{"type":"Feature","geometry":{"type":"Point","coordinates":[4.932655,52.34911]},"properties":{"type":"charge","layer":"passenger","locationId":"17B0232D-ABAE-48CD-9EFA-B2AAF822B6D7","name":"TNLP011353 - Hugo de Vrieslaan 53, Amsterdam","address":"53 Hugo de Vrieslaan","city":"Amsterdam","operatorName":"TotalEnergies","maxPowerKw":17,"isMegawatt":false,"status":"AVAILABLE","source":"ndw"}},{"type":"Feature","geometry":{"type":"Point","coordinates":[4.853478,52.3595]},"properties":{"type":"charge","layer":"passenger","locationId":"b7d793e3-4d37-423d-9d0c-07854d1e7ed1","name":"TNLP010132 - Hoofdweg 12, Amsterdam","address":"12 Hoofdweg","city":"Amsterdam","operatorName":"TotalEnergies","maxPowerKw":17,"isMegawatt":false,"status":"AVAILABLE","source":"ndw"}},{"type":"Feature","geometry":{"type":"Point","coordinates":[4.872154,52.33453]},"properties":{"type":"charge","layer":"passenger","locationId":"6587eb37-d033-4365-a6c1-d9d45d194f2b","name":"Laadplein - TNLP011514 - Ennemaborg 1, Amsterdam","address":"1 Ennemaborg","city":"Amsterdam","operatorName":"TotalEnergies","maxPowerKw":17,"isMegawatt":false,"status":"AVAILABLE","source":"ndw"}},{"type":"Feature","geometry":{"type":"Point","coordinates":[4.916746,52.36366]},"properties":{"type":"charge","layer":"passenger","locationId":"2685BB67-6E63-4980-BD83-6214ADE8CFBF","name":"TNLP010996 - Plantage Muidergracht 137, Amsterdam","address":"137 Plantage Muidergracht","city":"Amsterdam","operatorName":"TotalEnergies","maxPowerKw":17,"isMegawatt":false,"status":"AVAILABLE","source":"ndw"}},{"type":"Feature","geometry":{"type":"Point","coordinates":[4.866415,52.344776]},"properties":{"type":"charge","layer":"passenger","locationId":"924a6575-3509-430c-8b51-3f2ce4907fd0","name":"TNLP010993 - Patroclosstraat 17, Amsterdam","address":"17 Patroclosstraat","city":"Amsterdam","operatorName":"TotalEnergies","maxPowerKw":17,"isMegawatt":false,"status":"AVAILABLE","source":"ndw"}},{"type":"Feature","geometry":{"type":"Point","coordinates":[4.864584,52.372543]},"properties":{"type":"charge","layer":"passenger","locationId":"279A01BB-EA06-481C-9792-3ED4818E7D5D","name":"TNLP010301 - Geuzenstraat 59, Amsterdam","address":"59 Geuzenstraat","city":"Amsterdam","operatorName":"TotalEnergies","maxPowerKw":17,"isMegawatt":false,"status":"AVAILABLE","source":"ndw"}},{"type":"Feature","geometry":{"type":"Point","coordinates":[4.800188,52.364185]},"properties":{"type":"charge","layer":"passenger","locationId":"2E673738-C4FE-458D-9F30-58EAF1BBFDD4","name":"TNLP011834 - Reinveen 28, Amsterdam","address":"28 Reinveen","city":"Amsterdam","operatorName":"TotalEnergies","maxPowerKw":17,"isMegawatt":false,"status":"AVAILABLE","source":"ndw"}},{"type":"Feature","geometry":{"type":"Point","coordinates":[4.870007,52.37994]},"properties":{"type":"charge","layer":"passenger","locationId":"3CAD49B7-FF29-421D-8598-03469556E0AB","name":"TNLP010938 - De Kempenaerstraat 44, Amsterdam","address":"44 De Kempenaerstraat","city":"Amsterdam","operatorName":"TotalEnergies","maxPowerKw":17,"isMegawatt":false,"status":"AVAILABLE","source":"ndw"}},{"type":"Feature","geometry":{"type":"Point","coordinates":[4.849898,52.368412]},"properties":{"type":"charge","layer":"passenger","locationId":"3F140752-23FC-48B4-A7F0-A97DC88268FC","name":"TNLP010391 - Orteliusstraat 149, Amsterdam","address":"149 Orteliusstraat","city":"Amsterdam","operatorName":"TotalEnergies","maxPowerKw":17,"isMegawatt":false,"status":"AVAILABLE","source":"ndw"}},{"type":"Feature","geometry":{"type":"Point","coordinates":[4.789763,52.378853]},"properties":{"type":"charge","layer":"passenger","locationId":"46092845-180D-4C71-9265-57FC51C7B4B6","name":"TNLP010419 - J.G. Suurhoffstraat 14, Amsterdam","address":"14 J.G. Suurhoffstraat","city":"Amsterdam","operatorName":"TotalEnergies","maxPowerKw":17,"isMegawatt":false,"status":"AVAILABLE","source":"ndw"}},{"type":"Feature","geometry":{"type":"Point","coordinates":[4.919404,52.355194]},"properties":{"type":"charge","layer":"passenger","locationId":"8DB5FCE2-5DFB-492F-B8D3-5975652471BB","name":"TNLP011236 - Maritzstraat 2, Amsterdam","address":"2 Maritzstraat","city":"Amsterdam","operatorName":"TotalEnergies","maxPowerKw":17,"isMegawatt":false,"status":"CHARGING","source":"ndw"}},{"type":"Feature","geometry":{"type":"Point","coordinates":[4.924689,52.39155]},"properties":{"type":"charge","layer":"passenger","locationId":"5094246E-378D-40AB-A063-4C12A2916E2D","name":"TNLP010617 - Leeuwarderweg 26, Amsterdam","address":"26 Leeuwarderweg","city":"Amsterdam","operatorName":"TotalEnergies","maxPowerKw":17,"isMegawatt":false,"status":"AVAILABLE","source":"ndw"}},{"type":"Feature","geometry":{"type":"Point","coordinates":[4.82638,52.3635]},"properties":{"type":"charge","layer":"passenger","locationId":"9141A800-5F61-42B5-8C48-973F55D92170","name":"TNLP011038 - Ubbo Emmiushof 16, Amsterdam","address":"16 Ubbo Emmiushof","city":"Amsterdam","operatorName":"TotalEnergies","maxPowerKw":17,"isMegawatt":false,"status":"AVAILABLE","source":"ndw"}},{"type":"Feature","geometry":{"type":"Point","coordinates":[4.966604,52.374035]},"properties":{"type":"charge","layer":"passenger","locationId":"B4363AB6-5E48-4453-BDB9-6AE4D97D98FA","name":"TNLP010346 - Faas Wilkesstraat 123a, Amsterdam","address":"123a Faas Wilkesstraat","city":"Amsterdam","operatorName":"TotalEnergies","maxPowerKw":17,"isMegawatt":false,"status":"AVAILABLE","source":"ndw"}},{"type":"Feature","geometry":{"type":"Point","coordinates":[4.947262,52.402393]},"properties":{"type":"charge","layer":"passenger","locationId":"E62464DB-BBE8-41FC-83B2-E216ED4DD2DA","name":"TNLP010569 - Elpermeer 251, Amsterdam","address":"251 Elpermeer","city":"Amsterdam","operatorName":"TotalEnergies","maxPowerKw":17,"isMegawatt":false,"status":"AVAILABLE","source":"ndw"}},{"type":"Feature","geometry":{"type":"Point","coordinates":[4.835853,52.352436]},"properties":{"type":"charge","layer":"passenger","locationId":"7475573C-8DA1-4843-8532-DF2674EAD014","name":"TNLP010167 - Wittgensteinlaan 209, Amsterdam","address":"209 Wittgensteinlaan","city":"Amsterdam","operatorName":"TotalEnergies","maxPowerKw":17,"isMegawatt":false,"status":"AVAILABLE","source":"ndw"}},{"type":"Feature","geometry":{"type":"Point","coordinates":[4.801918,52.37363]},"properties":{"type":"charge","layer":"passenger","locationId":"027B4170-00E6-46D0-9450-1ED42146F24D","name":"TNLP010940 - Jacob Tilstraat 47, Amsterdam","address":"47 Jacob Tilstraat","city":"Amsterdam","operatorName":"TotalEnergies","maxPowerKw":17,"isMegawatt":false,"status":"AVAILABLE","source":"ndw"}},{"type":"Feature","geometry":{"type":"Point","coordinates":[4.82077,52.372658]},"properties":{"type":"charge","layer":"passenger","locationId":"810F604F-8AE7-417E-8168-6545F0C2EF5C","name":"TNLP010335 - H.T. Zwiersplantsoen 35, Amsterdam","address":"35 H.T. Zwiersplantsoen","city":"Amsterdam","operatorName":"TotalEnergies","maxPowerKw":17,"isMegawatt":false,"status":"AVAILABLE","source":"ndw"}},{"type":"Feature","geometry":{"type":"Point","coordinates":[4.850534,52.350723]},"properties":{"type":"charge","layer":"passenger","locationId":"32939F2E-12B4-48D5-8B31-9BC1C098FABF","name":"TNLP010368 - Leimuidenstraat 5, Amsterdam","address":"5 Leimuidenstraat","city":"Amsterdam","operatorName":"TotalEnergies","maxPowerKw":17,"isMegawatt":false,"status":"AVAILABLE","source":"ndw"}},{"type":"Feature","geometry":{"type":"Point","coordinates":[4.885104,52.386406]},"properties":{"type":"charge","layer":"passenger","locationId":"F1F74553-7AF7-4950-84BF-D03BB389C779","name":"TNLP010034 - Eerste Breeuwersstraat 30, Amsterdam","address":"30 Eerste Breeuwersstraat","city":"Amsterdam","operatorName":"TotalEnergies","maxPowerKw":17,"isMegawatt":false,"status":"AVAILABLE","source":"ndw"}},{"type":"Feature","geometry":{"type":"Point","coordinates":[4.893598,52.36494]},"properties":{"type":"charge","layer":"passenger","locationId":"93238790-7D4E-4584-B191-CF6EC6600647","name":"TNLP011512 - Oudezijds Voorburgwal 99, Amsterdam","address":"99 Oudezijds Voorburgwal","city":"Amsterdam","operatorName":"TotalEnergies","maxPowerKw":17,"isMegawatt":false,"status":"AVAILABLE","source":"ndw"}},{"type":"Feature","geometry":{"type":"Point","coordinates":[4.823092,52.357033]},"properties":{"type":"charge","layer":"passenger","locationId":"9B692E66-B2A1-4C89-A33E-415C66AE4C3A","name":"TNLP010122 - Anske Lammingastraat 6, Amsterdam","address":"6 Anske Lammingastraat","city":"Amsterdam","operatorName":"TotalEnergies","maxPowerKw":17,"isMegawatt":false,"status":"AVAILABLE","source":"ndw"}},{"type":"Feature","geometry":{"type":"Point","coordinates":[4.86182,52.36873]},"properties":{"type":"charge","layer":"passenger","locationId":"a3cc69b9-0cfd-45fd-9614-36c5fc830072","name":"TNLP011422 - Van Kinsbergenstraat 26, Amsterdam","address":"26 Van Kinsbergenstraat","city":"Amsterdam","operatorName":"TotalEnergies","maxPowerKw":17,"isMegawatt":false,"status":"CHARGING","source":"ndw"}},{"type":"Feature","geometry":{"type":"Point","coordinates":[4.871177,52.35702]},"properties":{"type":"charge","layer":"passenger","locationId":"3C85799D-FE89-4963-BF4B-92D5F9146C0F","name":"TNLP010393 - Van Eeghenstraat 86, Amsterdam","address":"86 Van Eeghenstraat","city":"Amsterdam","operatorName":"TotalEnergies","maxPowerKw":17,"isMegawatt":false,"status":"AVAILABLE","source":"ndw"}},{"type":"Feature","geometry":{"type":"Point","coordinates":[4.961741,52.321278]},"properties":{"type":"charge","layer":"passenger","locationId":"00E1B5AB-43B5-4EEB-BB47-FE044765BB39","name":"TNLP010618 - Joke Smitstraat 2, Amsterdam","address":"2 Joke Smitstraat","city":"Amsterdam","operatorName":"TotalEnergies","maxPowerKw":17,"isMegawatt":false,"status":"AVAILABLE","source":"ndw"}},{"type":"Feature","geometry":{"type":"Point","coordinates":[4.916498,52.400177]},"properties":{"type":"charge","layer":"passenger","locationId":"54829679-A613-4FE8-A1EA-41DAF6EE7D46","name":"TNLP011298 - Floraweg 82, Amsterdam","address":"82 Floraweg","city":"Amsterdam","operatorName":"TotalEnergies","maxPowerKw":17,"isMegawatt":false,"status":"AVAILABLE","source":"ndw"}},{"type":"Feature","geometry":{"type":"Point","coordinates":[4.871832,52.38102]},"properties":{"type":"charge","layer":"passenger","locationId":"6511138D-FDEE-4A25-8454-DCAADBF64AD6","name":"TNLP010093 - Eerste Keucheniusstraat 167, Amsterdam","address":"167 Eerste Keucheniusstraat","city":"Amsterdam","operatorName":"TotalEnergies","maxPowerKw":17,"isMegawatt":false,"status":"AVAILABLE","source":"ndw"}},{"type":"Feature","geometry":{"type":"Point","coordinates":[4.923935,52.368366]},"properties":{"type":"charge","layer":"passenger","locationId":"EEE0DC34-2FA2-47D9-A910-5F2807B47DC7","name":"TNLP010173 - Admiraliteitstraat 25, Amsterdam","address":"25 Admiraliteitstraat","city":"Amsterdam","operatorName":"TotalEnergies","maxPowerKw":17,"isMegawatt":false,"status":"AVAILABLE","source":"ndw"}},{"type":"Feature","geometry":{"type":"Point","coordinates":[4.921328,52.370148]},"properties":{"type":"charge","layer":"passenger","locationId":"5A6F3D13-28A4-456D-98DD-86D1C9A8B4E9","name":"TNLP010041 - Waaigat 36, Amsterdam","address":"36 Waaigat","city":"Amsterdam","operatorName":"TotalEnergies","maxPowerKw":17,"isMegawatt":false,"status":"UNAVAILABLE","source":"ndw"}},{"type":"Feature","geometry":{"type":"Point","coordinates":[4.876025,52.34769]},"properties":{"type":"charge","layer":"passenger","locationId":"A5B04C7B-7655-4C8C-A755-012F2D570E0A","name":"TNLP010091 - Albrecht Dürerstraat 43, Amsterdam","address":"43 Albrecht Dürerstraat","city":"Amsterdam","operatorName":"TotalEnergies","maxPowerKw":17,"isMegawatt":false,"status":"AVAILABLE","source":"ndw"}},{"type":"Feature","geometry":{"type":"Point","coordinates":[4.991124,52.300076]},"properties":{"type":"charge","layer":"passenger","locationId":"CF4F6CD7-1E6C-4AA8-812F-470AB29EEEF0","name":"TNLP010982 - Helena Kuipers-Rietberghof 70, Amsterdam","address":"70 Helena Kuipers-Rietberghof","city":"Amsterdam","operatorName":"TotalEnergies","maxPowerKw":17,"isMegawatt":false,"status":"AVAILABLE","source":"ndw"}},{"type":"Feature","geometry":{"type":"Point","coordinates":[4.912587,52.359165]},"properties":{"type":"charge","layer":"passenger","locationId":"BA35AA7E-7DC6-4B6C-8E1C-E3596DF3CEB5","name":"TNLP010468 - Camperstraat 10, Amsterdam","address":"10 Camperstraat","city":"Amsterdam","operatorName":"TotalEnergies","maxPowerKw":17,"isMegawatt":false,"status":"AVAILABLE","source":"ndw"}},{"type":"Feature","geometry":{"type":"Point","coordinates":[4.891428,52.383682]},"properties":{"type":"charge","layer":"passenger","locationId":"EF0E7FBE-0A1F-486A-B097-5AA0A44B7691","name":"TNLP011506 - Westerdok 4, Amsterdam","address":"4 Westerdok","city":"Amsterdam","operatorName":"TotalEnergies","maxPowerKw":17,"isMegawatt":false,"status":"CHARGING","source":"ndw"}},{"type":"Feature","geometry":{"type":"Point","coordinates":[4.989868,52.297092]},"properties":{"type":"charge","layer":"passenger","locationId":"D4C651A5-B654-418F-BEDF-F8778D3F3F43","name":"TNLP010512 - Siebren van der Baanhof 36, Amsterdam","address":"36 Siebren van der Baanhof","city":"Amsterdam","operatorName":"TotalEnergies","maxPowerKw":17,"isMegawatt":false,"status":"AVAILABLE","source":"ndw"}},{"type":"Feature","geometry":{"type":"Point","coordinates":[4.881731,52.378003]},"properties":{"type":"charge","layer":"passenger","locationId":"1B7D3C7B-99F4-4B11-A2BE-5960A4F630FB","name":"TNLP010051","address":"Westerstraat 187","city":"Amsterdam","operatorName":"TotalEnergies","maxPowerKw":17,"isMegawatt":false,"status":"AVAILABLE","source":"ndw"}},{"type":"Feature","geometry":{"type":"Point","coordinates":[4.888682,52.389503]},"properties":{"type":"charge","layer":"passenger","locationId":"E503160D-FF0C-4B9A-A587-F397B49A76D0","name":"TNLP010324 - Roggeveenstraat 1, Amsterdam","address":"1 Roggeveenstraat","city":"Amsterdam","operatorName":"TotalEnergies","maxPowerKw":17,"isMegawatt":false,"status":"AVAILABLE","source":"ndw"}},{"type":"Feature","geometry":{"type":"Point","coordinates":[4.898633,52.369747]},"properties":{"type":"charge","layer":"passenger","locationId":"3CCE8A9A-2C8C-439D-800E-3F159F7BA3C7","name":"TNLP011259 - Raamgracht 10, Amsterdam","address":"10 Raamgracht","city":"Amsterdam","operatorName":"TotalEnergies","maxPowerKw":17,"isMegawatt":false,"status":"CHARGING","source":"ndw"}},{"type":"Feature","geometry":{"type":"Point","coordinates":[4.913908,52.34716]},"properties":{"type":"charge","layer":"passenger","locationId":"F9C179E3-2607-4734-BCFB-4A658C1C830A","name":"TNLP010274 - Weesperzijde 159, Amsterdam","address":"159 Weesperzijde","city":"Amsterdam","operatorName":"TotalEnergies","maxPowerKw":17,"isMegawatt":false,"status":"AVAILABLE","source":"ndw"}},{"type":"Feature","geometry":{"type":"Point","coordinates":[4.929416,52.372251]},"properties":{"type":"charge","layer":"passenger","locationId":"2410","name":"50five Exploitatie INIT (6e verdieping)","address":"Jacobus Bonatiusplaats 9","city":"Amsterdam","operatorName":"50five","maxPowerKw":11,"isMegawatt":false,"status":"AVAILABLE","source":"ndw"}},{"type":"Feature","geometry":{"type":"Point","coordinates":[4.901472,52.36374]},"properties":{"type":"charge","layer":"passenger","locationId":"14AC56CB-71B5-4601-AA98-BA104103B50E","name":"TNLP011281 - Amstel 252, Amsterdam","address":"252 Amstel","city":"Amsterdam","operatorName":"TotalEnergies","maxPowerKw":17,"isMegawatt":false,"status":"AVAILABLE","source":"ndw"}},{"type":"Feature","geometry":{"type":"Point","coordinates":[4.832086,52.35748]},"properties":{"type":"charge","layer":"passenger","locationId":"7329B3EA-FD2F-4BFB-B091-529FD2C5DD3D","name":"TNLP010279 - Cornelis Lelylaan 57, Amsterdam","address":"57 Cornelis Lelylaan","city":"Amsterdam","operatorName":"TotalEnergies","maxPowerKw":17,"isMegawatt":false,"status":"AVAILABLE","source":"ndw"}},{"type":"Feature","geometry":{"type":"Point","coordinates":[4.959945,52.393787]},"properties":{"type":"charge","layer":"passenger","locationId":"892AD317-9BCD-4A1F-A280-74EA56134EA3","name":"TNLP011788 - Markengouw 175, Amsterdam","address":"175 Markengouw","city":"Amsterdam","operatorName":"TotalEnergies","maxPowerKw":17,"isMegawatt":false,"status":"AVAILABLE","source":"ndw"}},{"type":"Feature","geometry":{"type":"Point","coordinates":[4.868311,52.36226]},"properties":{"type":"charge","layer":"passenger","locationId":"8F2FCF53-FCFF-497B-A8EE-3B017C1AAF50","name":"TNLP011758 - Jeltje de Bosch Kemperpad 202, Amsterdam","address":"202 Jeltje de Bosch Kemperpad","city":"Amsterdam","operatorName":"TotalEnergies","maxPowerKw":17,"isMegawatt":false,"status":"AVAILABLE","source":"ndw"}},{"type":"Feature","geometry":{"type":"Point","coordinates":[4.837503,52.363074]},"properties":{"type":"charge","layer":"passenger","locationId":"66321dc4fd924b001c0c9f46","name":"August Allebeplein laadpaal 5","address":"August Allebeplein 265","city":"Amsterdam","operatorName":"E-Flux by Road","maxPowerKw":22,"isMegawatt":false,"status":"AVAILABLE","source":"ndw","priceKwh":0.33}},{"type":"Feature","geometry":{"type":"Point","coordinates":[4.776893,52.390668]},"properties":{"type":"charge","layer":"passenger","locationId":"647dbdfafe6464001c677753","name":"Consolidated Rechts","address":"Vaalmuiden  6","city":"Amsterdam","operatorName":"E-Flux by Road","maxPowerKw":22,"isMegawatt":false,"status":"AVAILABLE","source":"ndw","priceKwh":0.58}},{"type":"Feature","geometry":{"type":"Point","coordinates":[4.928004,52.35732]},"properties":{"type":"charge","layer":"passenger","locationId":"91110242","name":"50five-S NL 04004264","address":"Polderweg 92","city":"Amsterdam","operatorName":"50five","maxPowerKw":7,"isMegawatt":false,"status":"AVAILABLE","source":"ndw"}},{"type":"Feature","geometry":{"type":"Point","coordinates":[4.855271,52.35414]},"properties":{"type":"charge","layer":"passenger","locationId":"933073d9-14ff-4d17-b767-39a65793609f","name":"TNLP010556 - Eerste Schinkelstraat 2, Amsterdam","address":"2 Eerste Schinkelstraat","city":"Amsterdam","operatorName":"TotalEnergies","maxPowerKw":17,"isMegawatt":false,"status":"AVAILABLE","source":"ndw"}},{"type":"Feature","geometry":{"type":"Point","coordinates":[4.894679,52.34517]},"properties":{"type":"charge","layer":"passenger","locationId":"6a678bab-c648-4778-98a1-537cb76c4f31","name":"TNLP010473 - Geulstraat 4, Amsterdam","address":"4 Geulstraat","city":"Amsterdam","operatorName":"TotalEnergies","maxPowerKw":17,"isMegawatt":false,"status":"CHARGING","source":"ndw"}},{"type":"Feature","geometry":{"type":"Point","coordinates":[4.944712,52.340675]},"properties":{"type":"charge","layer":"passenger","locationId":"533aad5a-3b12-4c36-b328-487ae0db5112","name":"TNLP010006 - Veeteeltstraat 104, Amsterdam","address":"104 Veeteeltstraat","city":"Amsterdam","operatorName":"TotalEnergies","maxPowerKw":17,"isMegawatt":false,"status":"UNAVAILABLE","source":"ndw"}},{"type":"Feature","geometry":{"type":"Point","coordinates":[4.943516,52.310673]},"properties":{"type":"charge","layer":"passenger","locationId":"60732721","name":"50five Exploitatie Oliphant Amsterdam","address":"Haaksbergweg 4 - 98","city":"Amsterdam","operatorName":"50five","maxPowerKw":22,"isMegawatt":false,"status":"AVAILABLE","source":"ndw"}},{"type":"Feature","geometry":{"type":"Point","coordinates":[4.843519,52.357591]},"properties":{"type":"charge","layer":"passenger","locationId":"91232981","name":"50five-S NL 18B09928","address":"Hendrikje Stoffelsstraat 60","city":"Amsterdam","operatorName":"50five","maxPowerKw":22,"isMegawatt":false,"status":"AVAILABLE","source":"ndw"}},{"type":"Feature","geometry":{"type":"Point","coordinates":[4.828952,52.343071]},"properties":{"type":"charge","layer":"passenger","locationId":"64003630","name":"Van Leeuwen B. Amsterdam PWC - Johan Huzingalaan 763a","address":"Johan Huizingalaan 763a","city":"Amsterdam","operatorName":"Van Leeuwen","maxPowerKw":22,"isMegawatt":false,"status":"AVAILABLE","source":"ndw"}},{"type":"Feature","geometry":{"type":"Point","coordinates":[4.977547,52.31266]},"properties":{"type":"charge","layer":"passenger","locationId":"2E98B232-1E94-48F8-AC69-5EFBFD6C3CE6","name":"TNLP010816 - Krombekstraat 214, Amsterdam","address":"214 Krombekstraat","city":"Amsterdam","operatorName":"TotalEnergies","maxPowerKw":17,"isMegawatt":false,"status":"AVAILABLE","source":"ndw"}},{"type":"Feature","geometry":{"type":"Point","coordinates":[4.828837,52.373474]},"properties":{"type":"charge","layer":"passenger","locationId":"0865FCFB-7B18-4EBF-B4D6-2E82A11E322C","name":"Laadplein - TNLP011291 - Burgemeester Hogguerstraat 795, Amsterdam","address":"795 Burgemeester Hogguerstraat","city":"Amsterdam","operatorName":"TotalEnergies","maxPowerKw":17,"isMegawatt":false,"status":"AVAILABLE","source":"ndw"}},{"type":"Feature","geometry":{"type":"Point","coordinates":[4.929517,52.355644]},"properties":{"type":"charge","layer":"passenger","locationId":"149F7BE7-6E7C-4B4B-AACF-5B051A7F7C55","name":"TNLP011248 - Linnaeuskade 12, Amsterdam","address":"12 Linnaeuskade","city":"Amsterdam","operatorName":"TotalEnergies","maxPowerKw":17,"isMegawatt":false,"status":"AVAILABLE","source":"ndw"}},{"type":"Feature","geometry":{"type":"Point","coordinates":[4.907786,52.352367]},"properties":{"type":"charge","layer":"passenger","locationId":"3ea11957-ce1c-4244-aecf-bb8f8af05267","name":"TNLP011086 - Lutmastraat 271, Amsterdam","address":"271 Lutmastraat","city":"Amsterdam","operatorName":"TotalEnergies","maxPowerKw":17,"isMegawatt":false,"status":"AVAILABLE","source":"ndw"}},{"type":"Feature","geometry":{"type":"Point","coordinates":[4.837138,52.348564]},"properties":{"type":"charge","layer":"passenger","locationId":"a2141ff0-412c-4137-b2de-f62eb8dd3105","name":"TNLP010607 - Voorburgstraat 374, Amsterdam","address":"374 Voorburgstraat","city":"Amsterdam","operatorName":"TotalEnergies","maxPowerKw":17,"isMegawatt":false,"status":"UNAVAILABLE","source":"ndw"}},{"type":"Feature","geometry":{"type":"Point","coordinates":[4.878032,52.39066]},"properties":{"type":"charge","layer":"passenger","locationId":"1C1EAEFA-B101-483C-9882-DA9E0DC2A9A3","name":"TNLP010123 - Knollendamstraat 2, Amsterdam","address":"2 Knollendamstraat","city":"Amsterdam","operatorName":"TotalEnergies","maxPowerKw":17,"isMegawatt":false,"status":"CHARGING","source":"ndw"}},{"type":"Feature","geometry":{"type":"Point","coordinates":[4.870833,52.346077]},"properties":{"type":"charge","layer":"passenger","locationId":"08f07d94-a20a-481a-bf33-fe55fd654523","name":"TNLP010027 - Milletstraat 10, Amsterdam","address":"10 Milletstraat","city":"Amsterdam","operatorName":"TotalEnergies","maxPowerKw":17,"isMegawatt":false,"status":"AVAILABLE","source":"ndw"}},{"type":"Feature","geometry":{"type":"Point","coordinates":[4.940941,52.37303]},"properties":{"type":"charge","layer":"passenger","locationId":"1F5563FA-7E6B-4FA6-9230-AEB5DC263EF3","name":"TNLP010184 - D.L. Hudigstraat 5, Amsterdam","address":"5 D.L. Hudigstraat","city":"Amsterdam","operatorName":"TotalEnergies","maxPowerKw":17,"isMegawatt":false,"status":"CHARGING","source":"ndw"}},{"type":"Feature","geometry":{"type":"Point","coordinates":[4.790456,52.35477]},"properties":{"type":"charge","layer":"passenger","locationId":"299F545E-95C5-4E1F-97ED-CFF9797A77A0","name":"TNLP010983 - Langswater 136, Amsterdam","address":"136 Langswater","city":"Amsterdam","operatorName":"TotalEnergies","maxPowerKw":17,"isMegawatt":false,"status":"AVAILABLE","source":"ndw"}},{"type":"Feature","geometry":{"type":"Point","coordinates":[4.858083,52.352615]},"properties":{"type":"charge","layer":"passenger","locationId":"37EBCAE8-2E18-4DD3-BAC6-DAF680FB1E2D","name":"TNLP010766 - Sophialaan 22, Amsterdam","address":"22 Sophialaan","city":"Amsterdam","operatorName":"TotalEnergies","maxPowerKw":17,"isMegawatt":false,"status":"CHARGING","source":"ndw"}},{"type":"Feature","geometry":{"type":"Point","coordinates":[4.925997,52.358387]},"properties":{"type":"charge","layer":"passenger","locationId":"5C2D13E9-D107-47AA-BD6A-7242A5135862","name":"TNLP011273 - Vrolikstraat 300, Amsterdam","address":"300 Vrolikstraat","city":"Amsterdam","operatorName":"TotalEnergies","maxPowerKw":17,"isMegawatt":false,"status":"UNAVAILABLE","source":"ndw"}},{"type":"Feature","geometry":{"type":"Point","coordinates":[4.862737,52.362072]},"properties":{"type":"charge","layer":"passenger","locationId":"5F46B17F-FA97-4A29-B90E-E719FB8B6A36","name":"TNLP010950 - Kanaalstraat 102, Amsterdam","address":"102 Kanaalstraat","city":"Amsterdam","operatorName":"TotalEnergies","maxPowerKw":17,"isMegawatt":false,"status":"AVAILABLE","source":"ndw"}},{"type":"Feature","geometry":{"type":"Point","coordinates":[4.88877,52.3663]},"properties":{"type":"charge","layer":"passenger","locationId":"4D61E80D-034E-4EC8-8F1E-FDFA464AE9A4","name":"TNLP011423 - Herengracht 442, Amsterdam","address":"442 Herengracht","city":"Amsterdam","operatorName":"TotalEnergies","maxPowerKw":17,"isMegawatt":false,"status":"AVAILABLE","source":"ndw"}},{"type":"Feature","geometry":{"type":"Point","coordinates":[5.044968,52.31109]},"properties":{"type":"charge","layer":"passenger","locationId":"54635486-6894-4BA4-AFB4-F1EA395189AC","name":"TNLP011705 - Stationsplein 5, Weesp","address":"5 Stationsplein","city":"Weesp","operatorName":"TotalEnergies","maxPowerKw":17,"isMegawatt":false,"status":"AVAILABLE","source":"ndw"}},{"type":"Feature","geometry":{"type":"Point","coordinates":[4.873957,52.347424]},"properties":{"type":"charge","layer":"passenger","locationId":"9C8E8F57-7D0E-47FE-8813-CF80049A89D2","name":"TNLP011420 - Cliostraat 48, Amsterdam","address":"48 Cliostraat","city":"Amsterdam","operatorName":"TotalEnergies","maxPowerKw":17,"isMegawatt":false,"status":"AVAILABLE","source":"ndw"}},{"type":"Feature","geometry":{"type":"Point","coordinates":[4.791237,52.37851]},"properties":{"type":"charge","layer":"passenger","locationId":"5C0DAFBB-6B7D-43FA-8B36-94AC80270507","name":"TNLP010451 - Bruins Slotstraat 1, Amsterdam","address":"1 Bruins Slotstraat","city":"Amsterdam","operatorName":"TotalEnergies","maxPowerKw":17,"isMegawatt":false,"status":"AVAILABLE","source":"ndw"}},{"type":"Feature","geometry":{"type":"Point","coordinates":[4.992284,52.355446]},"properties":{"type":"charge","layer":"passenger","locationId":"C0640865-7C7C-4A61-969E-6E673C9A0F0C","name":"TNLP010033 - Zwanebloemlaan 72, Amsterdam","address":"72 Zwanebloemlaan","city":"Amsterdam","operatorName":"TotalEnergies","maxPowerKw":17,"isMegawatt":false,"status":"AVAILABLE","source":"ndw"}},{"type":"Feature","geometry":{"type":"Point","coordinates":[4.897176,52.37278]},"properties":{"type":"charge","layer":"passenger","locationId":"F621156F-C460-4E33-8ECA-8DB52C4014BC","name":"TNLP011131 - Oudezijds Voorburgwal 131, Amsterdam","address":"131 Oudezijds Voorburgwal","city":"Amsterdam","operatorName":"TotalEnergies","maxPowerKw":17,"isMegawatt":false,"status":"AVAILABLE","source":"ndw"}},{"type":"Feature","geometry":{"type":"Point","coordinates":[4.849794,52.382004]},"properties":{"type":"charge","layer":"passenger","locationId":"b3896e6d-26f5-49f0-9da7-05834fb8ec2f","name":"Laadplein - TNLP010202 - Sara Burgerhartstraat 1, Amsterdam","address":"1 Sara Burgerhartstraat","city":"Amsterdam","operatorName":"TotalEnergies","maxPowerKw":17,"isMegawatt":false,"status":"AVAILABLE","source":"ndw"}},{"type":"Feature","geometry":{"type":"Point","coordinates":[4.867815,52.370586]},"properties":{"type":"charge","layer":"passenger","locationId":"8824E0AB-2062-4FAD-82E4-439A71484435","name":"TNLP011268 - Bilderdijkkade 20, Amsterdam","address":"20 Bilderdijkkade","city":"Amsterdam","operatorName":"TotalEnergies","maxPowerKw":17,"isMegawatt":false,"status":"AVAILABLE","source":"ndw"}},{"type":"Feature","geometry":{"type":"Point","coordinates":[4.810071,52.374676]},"properties":{"type":"charge","layer":"passenger","locationId":"9D651303-3EEB-4CAE-9304-505D5878F931","name":"TNLP010334 - Henri Bergsonstraat 5, Amsterdam","address":"5 Henri Bergsonstraat","city":"Amsterdam","operatorName":"TotalEnergies","maxPowerKw":17,"isMegawatt":false,"status":"AVAILABLE","source":"ndw"}},{"type":"Feature","geometry":{"type":"Point","coordinates":[4.85254,52.38091]},"properties":{"type":"charge","layer":"passenger","locationId":"9FE8266F-06C0-4D44-8839-84A35D021F7E","name":"TNLP011188 - Hertspieghelweg 36, Amsterdam","address":"36 Hertspieghelweg","city":"Amsterdam","operatorName":"TotalEnergies","maxPowerKw":17,"isMegawatt":false,"status":"AVAILABLE","source":"ndw"}},{"type":"Feature","geometry":{"type":"Point","coordinates":[4.903642,52.374786]},"properties":{"type":"charge","layer":"passenger","locationId":"AB5C53A1-7DE3-4DB4-B1D3-F1165D150542","name":"TNLP010257 - Binnenkant 1, Amsterdam","address":"1 Binnenkant","city":"Amsterdam","operatorName":"TotalEnergies","maxPowerKw":17,"isMegawatt":false,"status":"AVAILABLE","source":"ndw"}},{"type":"Feature","geometry":{"type":"Point","coordinates":[4.847717,52.392703]},"properties":{"type":"charge","layer":"passenger","locationId":"65aa958de4f2c4001c229c9d","name":"Equity Estate - Quarter Plaza","address":"Transformatorweg  74-104","city":"Amsterdam","operatorName":"E-Flux by Road","maxPowerKw":21,"isMegawatt":false,"status":"AVAILABLE","source":"ndw","priceKwh":0.4985}},{"type":"Feature","geometry":{"type":"Point","coordinates":[4.875841,52.35301]},"properties":{"type":"charge","layer":"passenger","locationId":"F2410BE1-77B7-4381-813F-3A0FD3B9AEDE","name":"TNLP010577 - Frans van Mierisstraat 136, Amsterdam","address":"136 Frans van Mierisstraat","city":"Amsterdam","operatorName":"TotalEnergies","maxPowerKw":17,"isMegawatt":false,"status":"CHARGING","source":"ndw"}},{"type":"Feature","geometry":{"type":"Point","coordinates":[4.847325,52.35713]},"properties":{"type":"charge","layer":"passenger","locationId":"F40895E7-9EA1-4328-8652-9B1A419D3DF3","name":"TNLP010728 - Saskia van Uijlenburgkade 170, Amsterdam","address":"170 Saskia van Uijlenburgkade","city":"Amsterdam","operatorName":"TotalEnergies","maxPowerKw":17,"isMegawatt":false,"status":"AVAILABLE","source":"ndw"}},{"type":"Feature","geometry":{"type":"Point","coordinates":[4.893612,52.376854]},"properties":{"type":"charge","layer":"passenger","locationId":"94374988-39ba-4695-bc84-3f3ea4ef49d7","name":"TNLP010461 - Spuistraat 17, Amsterdam","address":"17 Spuistraat","city":"Amsterdam","operatorName":"TotalEnergies","maxPowerKw":17,"isMegawatt":false,"status":"AVAILABLE","source":"ndw"}},{"type":"Feature","geometry":{"type":"Point","coordinates":[4.849541,52.353607]},"properties":{"type":"charge","layer":"passenger","locationId":"04a9ee47-2b8f-400a-86e5-7b0ef0b9832f","name":"TNLP010374 - Warmondstraat 139, Amsterdam","address":"139 Warmondstraat","city":"Amsterdam","operatorName":"TotalEnergies","maxPowerKw":17,"isMegawatt":false,"status":"UNAVAILABLE","source":"ndw"}},{"type":"Feature","geometry":{"type":"Point","coordinates":[4.923087,52.387398]},"properties":{"type":"charge","layer":"passenger","locationId":"068B70D2-17D4-4096-B038-71692916C4DB","name":"TNLP010936 - Albatrospad 1, Amsterdam","address":"1 Albatrospad","city":"Amsterdam","operatorName":"TotalEnergies","maxPowerKw":17,"isMegawatt":false,"status":"CHARGING","source":"ndw"}},{"type":"Feature","geometry":{"type":"Point","coordinates":[4.887532,52.361423]},"properties":{"type":"charge","layer":"passenger","locationId":"31A716DC-994E-4148-9429-96A1E2E1D9FA","name":"TNLP011138 - Lijnbaansgracht 289, Amsterdam","address":"289 Lijnbaansgracht","city":"Amsterdam","operatorName":"TotalEnergies","maxPowerKw":17,"isMegawatt":false,"status":"AVAILABLE","source":"ndw"}},{"type":"Feature","geometry":{"type":"Point","coordinates":[4.873581,52.38352]},"properties":{"type":"charge","layer":"passenger","locationId":"37504eea-fbd6-4bb2-b631-adbb869c4011","name":"TNLP011495 - Bentinckstraat 43 HS, Amsterdam","address":"43 HS Bentinckstraat","city":"Amsterdam","operatorName":"TotalEnergies","maxPowerKw":17,"isMegawatt":false,"status":"AVAILABLE","source":"ndw"}},{"type":"Feature","geometry":{"type":"Point","coordinates":[4.946003,52.3519]},"properties":{"type":"charge","layer":"passenger","locationId":"7D9FBB39-B3EC-400B-A802-BA37D3E56641","name":"TNLP010072 - Max Planckstraat 23, Amsterdam","address":"23 Max Planckstraat","city":"Amsterdam","operatorName":"TotalEnergies","maxPowerKw":17,"isMegawatt":false,"status":"AVAILABLE","source":"ndw"}},{"type":"Feature","geometry":{"type":"Point","coordinates":[4.863533,52.32748]},"properties":{"type":"charge","layer":"passenger","locationId":"97D2A90F-7DDC-4A6E-8910-EA83D10E1F95","name":"TNLP011360 - Soetendaal 2, Amsterdam","address":"2 Soetendaal","city":"Amsterdam","operatorName":"TotalEnergies","maxPowerKw":17,"isMegawatt":false,"status":"AVAILABLE","source":"ndw"}},{"type":"Feature","geometry":{"type":"Point","coordinates":[4.856576,52.339275]},"properties":{"type":"charge","layer":"passenger","locationId":"NLENV210l","name":"Amsterdam, Burgerweeshuispad 201 - Uber Tripolis","address":"Burgerweeshuispad 201","city":"Amsterdam","operatorName":"","maxPowerKw":11,"isMegawatt":false,"status":"AVAILABLE","source":"ndw","priceKwh":0.45}},{"type":"Feature","geometry":{"type":"Point","coordinates":[4.856576,52.339275]},"properties":{"type":"charge","layer":"passenger","locationId":"NLENV210m","name":"Amsterdam, Burgerweeshuispad 201 - T100 Tripolis","address":"Burgerweeshuispad 201","city":"Amsterdam","operatorName":"","maxPowerKw":11,"isMegawatt":false,"status":"AVAILABLE","source":"ndw","priceKwh":0.45}},{"type":"Feature","geometry":{"type":"Point","coordinates":[4.893055,52.346207]},"properties":{"type":"charge","layer":"passenger","locationId":"2ADBEE55-2F07-42F5-B78C-A950AC8CACDE","name":"TNLP010259 - Deurloostraat 29, Amsterdam","address":"29 Deurloostraat","city":"Amsterdam","operatorName":"TotalEnergies","maxPowerKw":17,"isMegawatt":false,"status":"AVAILABLE","source":"ndw"}},{"type":"Feature","geometry":{"type":"Point","coordinates":[4.886848,52.352737]},"properties":{"type":"charge","layer":"passenger","locationId":"5326626b-ce01-4c6a-bdfa-851f7693e150","name":"TNLP010886 - Ruysdaelkade 173, Amsterdam","address":"173 Ruysdaelkade","city":"Amsterdam","operatorName":"TotalEnergies","maxPowerKw":17,"isMegawatt":false,"status":"CHARGING","source":"ndw"}},{"type":"Feature","geometry":{"type":"Point","coordinates":[4.918021,52.369984]},"properties":{"type":"charge","layer":"passenger","locationId":"d7ee80e8-9a36-48dd-a311-fb60d1007ec1","name":"TNLP010170 - Wittenburgergracht 6, Amsterdam","address":"6 Wittenburgergracht","city":"Amsterdam","operatorName":"TotalEnergies","maxPowerKw":17,"isMegawatt":false,"status":"CHARGING","source":"ndw"}},{"type":"Feature","geometry":{"type":"Point","coordinates":[4.874078,52.378304]},"properties":{"type":"charge","layer":"passenger","locationId":"409627D7-76F4-4AB3-97CC-4FA5B30C19D3","name":"TNLP010868 - Rombout Hogerbeetsstraat 10, Amsterdam","address":"10 Rombout Hogerbeetsstraat","city":"Amsterdam","operatorName":"TotalEnergies","maxPowerKw":17,"isMegawatt":false,"status":"AVAILABLE","source":"ndw"}},{"type":"Feature","geometry":{"type":"Point","coordinates":[4.927553,52.353466]},"properties":{"type":"charge","layer":"passenger","locationId":"ae5f769c-b713-4681-99df-9e71691a7de0","name":"TNLP010780 - Wakkerstraat 22, Amsterdam","address":"22 Wakkerstraat","city":"Amsterdam","operatorName":"TotalEnergies","maxPowerKw":17,"isMegawatt":false,"status":"CHARGING","source":"ndw"}},{"type":"Feature","geometry":{"type":"Point","coordinates":[4.935509,52.356014]},"properties":{"type":"charge","layer":"passenger","locationId":"67069496-2E04-4B84-B220-580C3C276007","name":"TNLP011109 - Ptolemaeusstraat 10, Amsterdam","address":"10 Ptolemaeusstraat","city":"Amsterdam","operatorName":"TotalEnergies","maxPowerKw":17,"isMegawatt":false,"status":"AVAILABLE","source":"ndw"}},{"type":"Feature","geometry":{"type":"Point","coordinates":[4.93571,52.3704]},"properties":{"type":"charge","layer":"passenger","locationId":"A8C7E33D-0B10-42BB-93B0-7AB58F2F10FA","name":"TNLP010927 - Dirk Vreekenstraat 137, Amsterdam","address":"137 Dirk Vreekenstraat","city":"Amsterdam","operatorName":"TotalEnergies","maxPowerKw":17,"isMegawatt":false,"status":"AVAILABLE","source":"ndw"}},{"type":"Feature","geometry":{"type":"Point","coordinates":[4.867482,52.361347]},"properties":{"type":"charge","layer":"passenger","locationId":"D2C085B1-77C4-4F30-9363-945980BDB3B0","name":"TNLP011449 - Gerard Brandtstraat 2, Amsterdam","address":"2 Gerard Brandtstraat","city":"Amsterdam","operatorName":"TotalEnergies","maxPowerKw":17,"isMegawatt":false,"status":"CHARGING","source":"ndw"}},{"type":"Feature","geometry":{"type":"Point","coordinates":[4.902243,52.383803]},"properties":{"type":"charge","layer":"passenger","locationId":"OST24P0014_0074_0","name":"OST24P0014_0074_0","address":"Overhoeksplein 1","city":"Amsterdam","operatorName":"IPCharging","maxPowerKw":30,"isMegawatt":false,"status":"AVAILABLE","source":"ndw","priceKwh":0.45}},{"type":"Feature","geometry":{"type":"Point","coordinates":[4.86039,52.36145]},"properties":{"type":"charge","layer":"passenger","locationId":"E85017FC-4567-4EA4-A5EA-5D77DC2920C9","name":"TNLP011097 - Kanaalstraat 140, Amsterdam","address":"140 Kanaalstraat","city":"Amsterdam","operatorName":"TotalEnergies","maxPowerKw":17,"isMegawatt":false,"status":"AVAILABLE","source":"ndw"}},{"type":"Feature","geometry":{"type":"Point","coordinates":[4.814962,52.34783]},"properties":{"type":"charge","layer":"passenger","locationId":"13523A0B-F522-4228-A2B7-E51B14395987","name":"TNLP011850 - Zutendaalstraat 48, Amsterdam","address":"48 Zutendaalstraat","city":"Amsterdam","operatorName":"TotalEnergies","maxPowerKw":17,"isMegawatt":false,"status":"AVAILABLE","source":"ndw"}},{"type":"Feature","geometry":{"type":"Point","coordinates":[4.875575,52.364956]},"properties":{"type":"charge","layer":"passenger","locationId":"5fb45397-418f-421c-a5cf-7373eb36270d","name":"TNLP010877 - Alberdingk Thijmstraat 9, Amsterdam","address":"9 Alberdingk Thijmstraat","city":"Amsterdam","operatorName":"TotalEnergies","maxPowerKw":17,"isMegawatt":false,"status":"CHARGING","source":"ndw"}},{"type":"Feature","geometry":{"type":"Point","coordinates":[5.027431,52.31135]},"properties":{"type":"charge","layer":"passenger","locationId":"a4472041-96e4-4fc5-9d57-cca3a8d7f7db","name":"TNLP011451 - Hogeweyselaan 73, Weesp","address":"73 Hogeweyselaan","city":"Weesp","operatorName":"TotalEnergies","maxPowerKw":17,"isMegawatt":false,"status":"AVAILABLE","source":"ndw"}},{"type":"Feature","geometry":{"type":"Point","coordinates":[4.873074,52.384865]},"properties":{"type":"charge","layer":"passenger","locationId":"04c8749b-fa46-4edf-87c4-68a0a5dd54e3","name":"TNLP010186 - Joan Melchior Kemperstraat 57, Amsterdam","address":"57 Joan Melchior Kemperstraat","city":"Amsterdam","operatorName":"TotalEnergies","maxPowerKw":17,"isMegawatt":false,"status":"AVAILABLE","source":"ndw"}},{"type":"Feature","geometry":{"type":"Point","coordinates":[4.876691,52.380203]},"properties":{"type":"charge","layer":"passenger","locationId":"f1c7b84e-bfdc-4028-970d-b91e2cfe2fdb","name":"TNLP010805 - Lodewijk Tripstraat 8, Amsterdam","address":"8 Lodewijk Tripstraat","city":"Amsterdam","operatorName":"TotalEnergies","maxPowerKw":17,"isMegawatt":false,"status":"AVAILABLE","source":"ndw"}},{"type":"Feature","geometry":{"type":"Point","coordinates":[5.009903,52.348984]},"properties":{"type":"charge","layer":"passenger","locationId":"39fd1ca8-423a-405d-b993-33eedff78658","name":"TNLP010493 - Eva Besnyöstraat 577, Amsterdam","address":"577 Eva Besnyöstraat","city":"Amsterdam","operatorName":"TotalEnergies","maxPowerKw":17,"isMegawatt":false,"status":"AVAILABLE","source":"ndw"}},{"type":"Feature","geometry":{"type":"Point","coordinates":[4.785199,52.35586]},"properties":{"type":"charge","layer":"passenger","locationId":"cbbe2254-3499-41e9-bf8d-49bdface75bb","name":"TNLP011174 - Dijkgraafplein 407, Amsterdam","address":"407 Dijkgraafplein","city":"Amsterdam","operatorName":"TotalEnergies","maxPowerKw":17,"isMegawatt":false,"status":"AVAILABLE","source":"ndw"}},{"type":"Feature","geometry":{"type":"Point","coordinates":[4.94881,52.369172]},"properties":{"type":"charge","layer":"passenger","locationId":"91179653","name":"50five-S NL Amsterdam, Zeeburgerkade 1184","address":"Zeeburgerkade 1184","city":"Amsterdam","operatorName":"50five","maxPowerKw":22,"isMegawatt":false,"status":"AVAILABLE","source":"ndw"}},{"type":"Feature","geometry":{"type":"Point","coordinates":[4.849357,52.354923]},"properties":{"type":"charge","layer":"passenger","locationId":"c560b6ef-0a8a-4bd9-bee2-84a8e123cde8","name":"TNLP010414 - Theophile de Bockstraat 37, Amsterdam","address":"37 Theophile de Bockstraat","city":"Amsterdam","operatorName":"TotalEnergies","maxPowerKw":17,"isMegawatt":false,"status":"CHARGING","source":"ndw"}},{"type":"Feature","geometry":{"type":"Point","coordinates":[4.872912,52.363274]},"properties":{"type":"charge","layer":"passenger","locationId":"7f90dd64-fe9f-416b-88bf-9b376ac30af1","name":"TNLP010641 - Tweede Constantijn Huygensstraat 34, Amsterdam","address":"34 Tweede Constantijn Huygensstraat","city":"Amsterdam","operatorName":"TotalEnergies","maxPowerKw":17,"isMegawatt":false,"status":"CHARGING","source":"ndw"}},{"type":"Feature","geometry":{"type":"Point","coordinates":[5.026555,52.309875]},"properties":{"type":"charge","layer":"passenger","locationId":"468CDDD3-AEC2-4D92-93A9-6266E05FFC53","name":"TNLP011669 - Aquamarin 43, Weesp","address":"43 Aquamarin","city":"Weesp","operatorName":"TotalEnergies","maxPowerKw":17,"isMegawatt":false,"status":"AVAILABLE","source":"ndw"}},{"type":"Feature","geometry":{"type":"Point","coordinates":[4.994725,52.298935]},"properties":{"type":"charge","layer":"passenger","locationId":"4CEB83AB-2A1B-446C-9D5B-C1B8BEFFC52F","name":"TNLP011491 - Jacob Krüsestraat 71, Amsterdam","address":"71 Jacob Krüsestraat","city":"Amsterdam","operatorName":"TotalEnergies","maxPowerKw":17,"isMegawatt":false,"status":"AVAILABLE","source":"ndw"}},{"type":"Feature","geometry":{"type":"Point","coordinates":[4.849719,52.3556]},"properties":{"type":"charge","layer":"passenger","locationId":"63BC68AC-78E1-47D8-A065-00120C2D732A","name":"TNLP011540 - Albert Neuhuysstraat 40, Amsterdam","address":"40 Albert Neuhuysstraat","city":"Amsterdam","operatorName":"TotalEnergies","maxPowerKw":17,"isMegawatt":false,"status":"AVAILABLE","source":"ndw"}},{"type":"Feature","geometry":{"type":"Point","coordinates":[4.876813,52.333504]},"properties":{"type":"charge","layer":"passenger","locationId":"A316EC41-A351-44AB-9545-83412F42D3BE","name":"TNLP010631 - Frieslandstraat 127, Amsterdam","address":"127 Frieslandstraat","city":"Amsterdam","operatorName":"TotalEnergies","maxPowerKw":17,"isMegawatt":false,"status":"AVAILABLE","source":"ndw"}},{"type":"Feature","geometry":{"type":"Point","coordinates":[4.876781,52.399258]},"properties":{"type":"charge","layer":"passenger","locationId":"OST20P0044_0003_4","name":"OST20P0044_0003_4","address":"Danzigerkade 15","city":"Amsterdam","operatorName":"e-VOLTT","maxPowerKw":21,"isMegawatt":false,"status":"AVAILABLE","source":"ndw","priceKwh":0.32}},{"type":"Feature","geometry":{"type":"Point","coordinates":[4.927801,52.394188]},"properties":{"type":"charge","layer":"passenger","locationId":"BF7E4252-BEE4-4B10-8CD8-C43883077C3B","name":"TNLP011429 - Waddendijk 24, Amsterdam","address":"24 Waddendijk","city":"Amsterdam","operatorName":"TotalEnergies","maxPowerKw":17,"isMegawatt":false,"status":"AVAILABLE","source":"ndw"}},{"type":"Feature","geometry":{"type":"Point","coordinates":[4.848025,52.379982]},"properties":{"type":"charge","layer":"passenger","locationId":"C50037DB-F8E5-4949-B2D3-5CB65DDE984F","name":"TNLP010306 - Granidastraat 1, Amsterdam","address":"1 Granidastraat","city":"Amsterdam","operatorName":"TotalEnergies","maxPowerKw":17,"isMegawatt":false,"status":"CHARGING","source":"ndw"}},{"type":"Feature","geometry":{"type":"Point","coordinates":[4.794425,52.401276]},"properties":{"type":"charge","layer":"passenger","locationId":"655c7116081194001cd42adc","name":"AEB (SI) - Amsterdam","address":"Australiëhavenweg 21","city":"Amsterdam","operatorName":"Fleet Charge Services","maxPowerKw":22,"isMegawatt":false,"status":"AVAILABLE","source":"ndw","priceKwh":0.33}},{"type":"Feature","geometry":{"type":"Point","coordinates":[4.858396,52.35083]},"properties":{"type":"charge","layer":"passenger","locationId":"D82984E3-B3B7-470A-B056-90EA1C85FBC9","name":"TNLP010546 - Lomanstraat 85, Amsterdam","address":"85 Lomanstraat","city":"Amsterdam","operatorName":"TotalEnergies","maxPowerKw":17,"isMegawatt":false,"status":"AVAILABLE","source":"ndw"}},{"type":"Feature","geometry":{"type":"Point","coordinates":[4.904339,52.352432]},"properties":{"type":"charge","layer":"passenger","locationId":"00B864B6-639C-4216-98AE-55217FCF0443","name":"TNLP010350 - Tolstraat 113, Amsterdam","address":"113 Tolstraat","city":"Amsterdam","operatorName":"TotalEnergies","maxPowerKw":17,"isMegawatt":false,"status":"AVAILABLE","source":"ndw"}},{"type":"Feature","geometry":{"type":"Point","coordinates":[4.93721,52.36453]},"properties":{"type":"charge","layer":"passenger","locationId":"0953208B-8EC3-41A2-B2E2-51FF45468F1B","name":"TNLP010164 - Borneostraat 23, Amsterdam","address":"23 Borneostraat","city":"Amsterdam","operatorName":"TotalEnergies","maxPowerKw":17,"isMegawatt":false,"status":"AVAILABLE","source":"ndw"}},{"type":"Feature","geometry":{"type":"Point","coordinates":[4.878188,52.364353]},"properties":{"type":"charge","layer":"passenger","locationId":"1A6B8717-7E35-4B5B-9963-D38C1A7B7EC5","name":"TNLP011057 - Eerste Helmersstraat 2, Amsterdam","address":"2 Eerste Helmersstraat","city":"Amsterdam","operatorName":"TotalEnergies","maxPowerKw":17,"isMegawatt":false,"status":"CHARGING","source":"ndw"}},{"type":"Feature","geometry":{"type":"Point","coordinates":[4.922686,52.357525]},"properties":{"type":"charge","layer":"passenger","locationId":"1AE9531C-7192-4AF2-9712-ED38077F9560","name":"TNLP010012 - Vrolikstraat 423, Amsterdam","address":"423 Vrolikstraat","city":"Amsterdam","operatorName":"TotalEnergies","maxPowerKw":17,"isMegawatt":false,"status":"AVAILABLE","source":"ndw"}},{"type":"Feature","geometry":{"type":"Point","coordinates":[4.900448,52.356213]},"properties":{"type":"charge","layer":"passenger","locationId":"56448736-BE9D-4427-9008-9238534A0316","name":"TNLP011516 - Van Woustraat 45 HS, Amsterdam","address":"45 HS Van Woustraat","city":"Amsterdam","operatorName":"TotalEnergies","maxPowerKw":17,"isMegawatt":false,"status":"AVAILABLE","source":"ndw"}},{"type":"Feature","geometry":{"type":"Point","coordinates":[4.903119,52.352757]},"properties":{"type":"charge","layer":"passenger","locationId":"5CAF0275-D5A8-4085-B2BE-B6A97B488B81","name":"TNLP010377 - Pieter Aertszstraat 2, Amsterdam","address":"2 Pieter Aertszstraat","city":"Amsterdam","operatorName":"TotalEnergies","maxPowerKw":17,"isMegawatt":false,"status":"AVAILABLE","source":"ndw"}},{"type":"Feature","geometry":{"type":"Point","coordinates":[4.848565,52.35419]},"properties":{"type":"charge","layer":"passenger","locationId":"679F5D03-30B7-43E6-961B-8797816A46B4","name":"TNLP010128 - Groenendaalstraat 4, Amsterdam","address":"4 Groenendaalstraat","city":"Amsterdam","operatorName":"TotalEnergies","maxPowerKw":17,"isMegawatt":false,"status":"AVAILABLE","source":"ndw"}},{"type":"Feature","geometry":{"type":"Point","coordinates":[4.892051,52.377254]},"properties":{"type":"charge","layer":"passenger","locationId":"8BE0FCF4-2EC3-4211-9CA4-62A1B493481D","name":"TNLP011841 - Singel 76, Amsterdam","address":"76 Singel","city":"Amsterdam","operatorName":"TotalEnergies","maxPowerKw":17,"isMegawatt":false,"status":"CHARGING","source":"ndw"}},{"type":"Feature","geometry":{"type":"Point","coordinates":[5.028191,52.312733]},"properties":{"type":"charge","layer":"passenger","locationId":"C4A0397C-8F0E-4472-91E3-5B7472A2C9FB","name":"TNLP011529 - Sinnigvelderstraat 421, Weesp","address":"421 Sinnigvelderstraat","city":"Weesp","operatorName":"TotalEnergies","maxPowerKw":17,"isMegawatt":false,"status":"AVAILABLE","source":"ndw"}},{"type":"Feature","geometry":{"type":"Point","coordinates":[4.882623,52.41348]},"properties":{"type":"charge","layer":"passenger","locationId":"CEDF589C-E5DC-409A-8B9C-5C782FC8CA85","name":"TNLP011611 - Vegastraat 218, Amsterdam","address":"218 Vegastraat","city":"Amsterdam","operatorName":"TotalEnergies","maxPowerKw":17,"isMegawatt":false,"status":"AVAILABLE","source":"ndw"}},{"type":"Feature","geometry":{"type":"Point","coordinates":[4.787287,52.35336]},"properties":{"type":"charge","layer":"passenger","locationId":"e6dce41c-7ccf-4630-8a10-ed34464b7e16","name":"TNLP011004 - Korte Water 252, Amsterdam","address":"252 Korte Water","city":"Amsterdam","operatorName":"TotalEnergies","maxPowerKw":17,"isMegawatt":false,"status":"AVAILABLE","source":"ndw"}},{"type":"Feature","geometry":{"type":"Point","coordinates":[4.858214,52.323201]},"properties":{"type":"charge","layer":"passenger","locationId":"4182","name":"50five Exploitatie Regus","address":"Cuserstraat 93","city":"Amsterdam","operatorName":"50five","maxPowerKw":11,"isMegawatt":false,"status":"AVAILABLE","source":"ndw"}},{"type":"Feature","geometry":{"type":"Point","coordinates":[5.017079,52.351238]},"properties":{"type":"charge","layer":"passenger","locationId":"666c358253e295001cf6c171","name":"kris kozijn 's station","address":"pierre laufferstraat 1","city":"amsterdam","operatorName":"E-Flux by Road","maxPowerKw":11,"isMegawatt":false,"status":"AVAILABLE","source":"ndw","priceKwh":0.68}},{"type":"Feature","geometry":{"type":"Point","coordinates":[4.902164,52.357777]},"properties":{"type":"charge","layer":"passenger","locationId":"0dfd8261-77f6-42cb-8649-297f6abd95f9","name":"TNLP010069 - Hemonystraat 13, Amsterdam","address":"13 Hemonystraat","city":"Amsterdam","operatorName":"TotalEnergies","maxPowerKw":17,"isMegawatt":false,"status":"AVAILABLE","source":"ndw"}},{"type":"Feature","geometry":{"type":"Point","coordinates":[4.886198,52.334398]},"properties":{"type":"charge","layer":"passenger","locationId":"NLENV318","name":"Amsterdam, Boelelaan 7","address":"De Boelelaan 7","city":"Amsterdam","operatorName":"","maxPowerKw":11,"isMegawatt":false,"status":"AVAILABLE","source":"ndw","priceKwh":0.5}},{"type":"Feature","geometry":{"type":"Point","coordinates":[4.8436,52.357015]},"properties":{"type":"charge","layer":"passenger","locationId":"91121186","name":"50five-S NL ICUEVE000576","address":"Hendrikje Stoffelsstraat 1","city":"Amsterdam","operatorName":"50five","maxPowerKw":11,"isMegawatt":false,"status":"UNAVAILABLE","source":"ndw"}},{"type":"Feature","geometry":{"type":"Point","coordinates":[4.820912,52.386056]},"properties":{"type":"charge","layer":"passenger","locationId":"91146504","name":"50five-S NL 09000591","address":"Seineweg 2","city":"Amsterdam","operatorName":"50five","maxPowerKw":22,"isMegawatt":false,"status":"AVAILABLE","source":"ndw"}},{"type":"Feature","geometry":{"type":"Point","coordinates":[4.835579,52.40223]},"properties":{"type":"charge","layer":"passenger","locationId":"91179701","name":"50five-S NL Amsterdam, Radarweg 16","address":"Radarweg 16","city":"Amsterdam","operatorName":"50five","maxPowerKw":11,"isMegawatt":false,"status":"AVAILABLE","source":"ndw"}},{"type":"Feature","geometry":{"type":"Point","coordinates":[4.906914,52.364246]},"properties":{"type":"charge","layer":"passenger","locationId":"6968c5d7f84719da2a242604","name":"Zoku Amsterdam parking","address":"Weesperstraat 105","city":"Amsterdam","operatorName":"E-Flux by Road","maxPowerKw":11,"isMegawatt":false,"status":"AVAILABLE","source":"ndw","priceKwh":0.43}},{"type":"Feature","geometry":{"type":"Point","coordinates":[5.032309,52.315536]},"properties":{"type":"charge","layer":"passenger","locationId":"9e451735-583d-4ba1-a2e7-ad9bb74b79f4","name":"TNLP011591 - Fanny Blankers-Koenstraat 2, Weesp","address":"2 Fanny Blankers-Koenstraat","city":"Weesp","operatorName":"TotalEnergies","maxPowerKw":17,"isMegawatt":false,"status":"AVAILABLE","source":"ndw"}},{"type":"Feature","geometry":{"type":"Point","coordinates":[4.831582,52.37599]},"properties":{"type":"charge","layer":"passenger","locationId":"048BECC0-C83D-4D85-B322-87599CFAA6C3","name":"TNLP011207 - Aart van der Leeuwstraat 29, Amsterdam","address":"29 Aart van der Leeuwstraat","city":"Amsterdam","operatorName":"TotalEnergies","maxPowerKw":17,"isMegawatt":false,"status":"AVAILABLE","source":"ndw"}},{"type":"Feature","geometry":{"type":"Point","coordinates":[4.871868,52.362617]},"properties":{"type":"charge","layer":"passenger","locationId":"09FA7540-3C41-44CE-ABEC-B4D35BD91185","name":"TNLP011053 - Eerste Helmersstraat 107, Amsterdam","address":"107 Eerste Helmersstraat","city":"Amsterdam","operatorName":"TotalEnergies","maxPowerKw":17,"isMegawatt":false,"status":"CHARGING","source":"ndw"}},{"type":"Feature","geometry":{"type":"Point","coordinates":[4.907163,52.364506]},"properties":{"type":"charge","layer":"passenger","locationId":"ad9545f4-bcad-44b0-a26e-1ebb44185a08","name":"TNLP010191 - Nieuwe Kerkstraat 105, Amsterdam","address":"105 Nieuwe Kerkstraat","city":"Amsterdam","operatorName":"TotalEnergies","maxPowerKw":17,"isMegawatt":false,"status":"AVAILABLE","source":"ndw"}},{"type":"Feature","geometry":{"type":"Point","coordinates":[4.861396,52.352154]},"properties":{"type":"charge","layer":"passenger","locationId":"4303E909-0A6C-4A78-BCDE-F395460D445B","name":"TNLP010576 - Valeriusstraat 171, Amsterdam","address":"171 Valeriusstraat","city":"Amsterdam","operatorName":"TotalEnergies","maxPowerKw":17,"isMegawatt":false,"status":"AVAILABLE","source":"ndw"}},{"type":"Feature","geometry":{"type":"Point","coordinates":[4.928829,52.360172]},"properties":{"type":"charge","layer":"passenger","locationId":"4CC67803-DDEB-422F-A17F-9F0DC34F09D3","name":"TNLP010958 - Domselaerstraat 126, Amsterdam","address":"126 Domselaerstraat","city":"Amsterdam","operatorName":"TotalEnergies","maxPowerKw":17,"isMegawatt":false,"status":"AVAILABLE","source":"ndw"}},{"type":"Feature","geometry":{"type":"Point","coordinates":[4.903532,52.347828]},"properties":{"type":"charge","layer":"passenger","locationId":"9A692B1F-1DC7-469E-B850-EB621460C121","name":"TNLP010995 - Berkelstraat 21, Amsterdam","address":"21 Berkelstraat","city":"Amsterdam","operatorName":"TotalEnergies","maxPowerKw":17,"isMegawatt":false,"status":"AVAILABLE","source":"ndw"}},{"type":"Feature","geometry":{"type":"Point","coordinates":[4.905227,52.395252]},"properties":{"type":"charge","layer":"passenger","locationId":"B0F90AA5-0A55-4070-8EB6-30AE728FC6E9","name":"TNLP011251 - Johan van Hasseltkade 202, Amsterdam","address":"202 Johan van Hasseltkade","city":"Amsterdam","operatorName":"TotalEnergies","maxPowerKw":17,"isMegawatt":false,"status":"AVAILABLE","source":"ndw"}},{"type":"Feature","geometry":{"type":"Point","coordinates":[4.907927,52.34293]},"properties":{"type":"charge","layer":"passenger","locationId":"CEFF668C-1EA6-4AA1-A385-875F2D571947","name":"TNLP010011 - Uiterwaardenstraat 77, Amsterdam","address":"77 Uiterwaardenstraat","city":"Amsterdam","operatorName":"TotalEnergies","maxPowerKw":17,"isMegawatt":false,"status":"CHARGING","source":"ndw"}},{"type":"Feature","geometry":{"type":"Point","coordinates":[4.932167,52.365288]},"properties":{"type":"charge","layer":"passenger","locationId":"EF7D3B3F-C2E0-4311-BB01-4F901FFD5C56","name":"TNLP010964 - Delistraat 8, Amsterdam","address":"8 Delistraat","city":"Amsterdam","operatorName":"TotalEnergies","maxPowerKw":17,"isMegawatt":false,"status":"AVAILABLE","source":"ndw"}},{"type":"Feature","geometry":{"type":"Point","coordinates":[4.932227,52.405041]},"properties":{"type":"charge","layer":"passenger","locationId":"91055213","name":"50five-S NL 07106905","address":"Elzenhagensingel 11","city":"Amsterdam","operatorName":"50five","maxPowerKw":11,"isMegawatt":false,"status":"AVAILABLE","source":"ndw"}},{"type":"Feature","geometry":{"type":"Point","coordinates":[5.04421,52.297188]},"properties":{"type":"charge","layer":"passenger","locationId":"8194B368-93C7-47EA-8BC2-D56884EEA90A","name":"TNLP011183 - Meeuwenveld 7, Weesp","address":"7 Meeuwenveld","city":"Weesp","operatorName":"TotalEnergies","maxPowerKw":17,"isMegawatt":false,"status":"AVAILABLE","source":"ndw"}},{"type":"Feature","geometry":{"type":"Point","coordinates":[4.944009,52.351753]},"properties":{"type":"charge","layer":"passenger","locationId":"A1319EC7-4EB7-445B-8BD0-2139C849CCDE","name":"TNLP010166 - Marconistraat 9, Amsterdam","address":"9 Marconistraat","city":"Amsterdam","operatorName":"TotalEnergies","maxPowerKw":17,"isMegawatt":false,"status":"AVAILABLE","source":"ndw"}},{"type":"Feature","geometry":{"type":"Point","coordinates":[4.8981,52.346558]},"properties":{"type":"charge","layer":"passenger","locationId":"E00D2E7D-DAE5-467E-A49A-8FB83E131A1D","name":"TNLP011849 - Churchill-laan 63, Amsterdam","address":"63 Churchill-laan","city":"Amsterdam","operatorName":"TotalEnergies","maxPowerKw":17,"isMegawatt":false,"status":"AVAILABLE","source":"ndw"}},{"type":"Feature","geometry":{"type":"Point","coordinates":[4.827215,52.365276]},"properties":{"type":"charge","layer":"passenger","locationId":"c707e9fe-a2b4-4bcc-b4ba-f88badf4e5f4","name":"TNLP010183 - Boymansweg 13, Amsterdam","address":"13 Boymansweg","city":"Amsterdam","operatorName":"TotalEnergies","maxPowerKw":17,"isMegawatt":false,"status":"AVAILABLE","source":"ndw"}},{"type":"Feature","geometry":{"type":"Point","coordinates":[4.917949,52.332723]},"properties":{"type":"charge","layer":"passenger","locationId":"59114665","name":"50five Exploitatie Leonardo Hotel Amsterdam","address":"Paul van Vlissingenstraat 24","city":"Amsterdam","operatorName":"50five","maxPowerKw":11,"isMegawatt":false,"status":"AVAILABLE","source":"ndw"}},{"type":"Feature","geometry":{"type":"Point","coordinates":[4.946155,52.306294]},"properties":{"type":"charge","layer":"passenger","locationId":"91179535","name":"50five-S NL Amsterdam, Hogehilweg 4","address":"Hogehilweg 4","city":"Amsterdam","operatorName":"50five","maxPowerKw":11,"isMegawatt":false,"status":"AVAILABLE","source":"ndw"}},{"type":"Feature","geometry":{"type":"Point","coordinates":[4.746886,52.420589]},"properties":{"type":"charge","layer":"passenger","locationId":"91232170","name":"50five-S NL 19B01454","address":"Westpoortweg 502","city":"Amsterdam","operatorName":"50five","maxPowerKw":22,"isMegawatt":false,"status":"AVAILABLE","source":"ndw"}},{"type":"Feature","geometry":{"type":"Point","coordinates":[5.045149,52.307846]},"properties":{"type":"charge","layer":"passenger","locationId":"ef625834-e955-40e9-bd07-a6a6d6865677","name":"TNLP011309 - Ossenmarkt 43, Weesp","address":"43 Ossenmarkt","city":"Weesp","operatorName":"TotalEnergies","maxPowerKw":17,"isMegawatt":false,"status":"UNAVAILABLE","source":"ndw"}},{"type":"Feature","geometry":{"type":"Point","coordinates":[4.951195,52.305025]},"properties":{"type":"charge","layer":"passenger","locationId":"91228943","name":"50five-S NL ICUEVE000575","address":"Hullenbergweg 278","city":"Amsterdam-Zuidoost","operatorName":"50five","maxPowerKw":4,"isMegawatt":false,"status":"UNAVAILABLE","source":"ndw"}},{"type":"Feature","geometry":{"type":"Point","coordinates":[4.892032,52.386138]},"properties":{"type":"charge","layer":"passenger","locationId":"91314202","name":"50five-S NL Location","address":"Westerdok 756","city":"Amsterdam","operatorName":"50five","maxPowerKw":11,"isMegawatt":false,"status":"AVAILABLE","source":"ndw"}},{"type":"Feature","geometry":{"type":"Point","coordinates":[4.955854,52.32028]},"properties":{"type":"charge","layer":"passenger","locationId":"3965982A-F4A9-415E-8B2E-4E1A1F7DEE4C","name":"TNLP011228 - Nadezjda Mandelstamstraat 34, Amsterdam","address":"34 Nadezjda Mandelstamstraat","city":"Amsterdam","operatorName":"TotalEnergies","maxPowerKw":17,"isMegawatt":false,"status":"AVAILABLE","source":"ndw"}},{"type":"Feature","geometry":{"type":"Point","coordinates":[4.964989,52.31606]},"properties":{"type":"charge","layer":"passenger","locationId":"727D6377-A805-479F-BE7E-AA5C505E688A","name":"TNLP010231 - Gooise Kant 14, Amsterdam","address":"14 Gooise Kant","city":"Amsterdam","operatorName":"TotalEnergies","maxPowerKw":17,"isMegawatt":false,"status":"AVAILABLE","source":"ndw"}},{"type":"Feature","geometry":{"type":"Point","coordinates":[4.897929,52.350365]},"properties":{"type":"charge","layer":"passenger","locationId":"CBC93E76-4BA2-4965-977D-8920B4A62F76","name":"TNLP011256 - Willem Passtoorsstraat 139, Amsterdam","address":"139 Willem Passtoorsstraat","city":"Amsterdam","operatorName":"TotalEnergies","maxPowerKw":17,"isMegawatt":false,"status":"AVAILABLE","source":"ndw"}},{"type":"Feature","geometry":{"type":"Point","coordinates":[4.96203,52.393055]},"properties":{"type":"charge","layer":"passenger","locationId":"7ADB1F1E-4F2E-4320-BD11-6223FC73A3D3","name":"TNLP010189 - Waalenburgsingel 190, Amsterdam","address":"190 Waalenburgsingel","city":"Amsterdam","operatorName":"TotalEnergies","maxPowerKw":17,"isMegawatt":false,"status":"AVAILABLE","source":"ndw"}},{"type":"Feature","geometry":{"type":"Point","coordinates":[4.855417,52.36506]},"properties":{"type":"charge","layer":"passenger","locationId":"B3A0E58C-7CFE-4C3A-8015-1A550938AC21","name":"TNLP010116 - Columbusplein 41, Amsterdam","address":"41 Columbusplein","city":"Amsterdam","operatorName":"TotalEnergies","maxPowerKw":17,"isMegawatt":false,"status":"AVAILABLE","source":"ndw"}},{"type":"Feature","geometry":{"type":"Point","coordinates":[4.936114,52.362762]},"properties":{"type":"charge","layer":"passenger","locationId":"e8bf5cdb-3635-42e2-a703-a0c2de70f98d","name":"TNLP011493 - Sumatrastraat 61, Amsterdam","address":"61 Sumatrastraat","city":"Amsterdam","operatorName":"TotalEnergies","maxPowerKw":17,"isMegawatt":false,"status":"AVAILABLE","source":"ndw"}},{"type":"Feature","geometry":{"type":"Point","coordinates":[4.808716,52.354996]},"properties":{"type":"charge","layer":"passenger","locationId":"f5d3de05-9057-448f-8364-f19dbfd630da","name":"Laadplein - TNLP011103 - Opmerkzaam 93, Amsterdam","address":"93 Opmerkzaam","city":"Amsterdam","operatorName":"TotalEnergies","maxPowerKw":17,"isMegawatt":false,"status":"AVAILABLE","source":"ndw"}},{"type":"Feature","geometry":{"type":"Point","coordinates":[4.938069,52.371086]},"properties":{"type":"charge","layer":"passenger","locationId":"C95A9C34-0337-40D2-8475-6BC51D00E33B","name":"TNLP010452 - Borneolaan 390, Amsterdam","address":"390 Borneolaan","city":"Amsterdam","operatorName":"TotalEnergies","maxPowerKw":17,"isMegawatt":false,"status":"AVAILABLE","source":"ndw"}},{"type":"Feature","geometry":{"type":"Point","coordinates":[4.824073,52.339538]},"properties":{"type":"charge","layer":"passenger","locationId":"55831","name":"50five Exploitatie Knab","address":"Thomas R. Malthusstraat 3B","city":"Amsterdam","operatorName":"50five","maxPowerKw":22,"isMegawatt":false,"status":"AVAILABLE","source":"ndw"}},{"type":"Feature","geometry":{"type":"Point","coordinates":[5.072142,52.295718]},"properties":{"type":"charge","layer":"passenger","locationId":"643663adb20217001263aaea","name":"Stoeterij frá Skoti","address":"Horn 25a","city":"Weesp","operatorName":"E-Flux by Road","maxPowerKw":11,"isMegawatt":false,"status":"AVAILABLE","source":"ndw","priceKwh":0.48}},{"type":"Feature","geometry":{"type":"Point","coordinates":[4.918255,52.377063]},"properties":{"type":"charge","layer":"passenger","locationId":"91276007","name":"50five-S NL 03000588","address":"Vriesseveem 9","city":"Amsterdam","operatorName":"50five","maxPowerKw":11,"isMegawatt":false,"status":"UNAVAILABLE","source":"ndw"}},{"type":"Feature","geometry":{"type":"Point","coordinates":[4.871308,52.36555]},"properties":{"type":"charge","layer":"passenger","locationId":"8BC74D38-56BF-4BFA-BEF6-247ECEBD910F","name":"TNLP010796 - Bilderdijkkade 700, Amsterdam","address":"700 Bilderdijkkade","city":"Amsterdam","operatorName":"TotalEnergies","maxPowerKw":17,"isMegawatt":false,"status":"AVAILABLE","source":"ndw"}},{"type":"Feature","geometry":{"type":"Point","coordinates":[4.862854,52.36125]},"properties":{"type":"charge","layer":"passenger","locationId":"B0AACC3C-4520-4300-AF25-76E03D4DC7B6","name":"TNLP010179 - Staringstraat 17, Amsterdam","address":"17 Staringstraat","city":"Amsterdam","operatorName":"TotalEnergies","maxPowerKw":17,"isMegawatt":false,"status":"AVAILABLE","source":"ndw"}},{"type":"Feature","geometry":{"type":"Point","coordinates":[4.853204,52.371197]},"properties":{"type":"charge","layer":"passenger","locationId":"EC4A4FCD-8C8E-475E-95ED-2924A8C9A827","name":"TNLP010111 - Jan Maijenstraat 1, Amsterdam","address":"1 Jan Maijenstraat","city":"Amsterdam","operatorName":"TotalEnergies","maxPowerKw":17,"isMegawatt":false,"status":"AVAILABLE","source":"ndw"}},{"type":"Feature","geometry":{"type":"Point","coordinates":[4.872504,52.369633]},"properties":{"type":"charge","layer":"passenger","locationId":"F28334C0-20F2-4041-A5F9-8AE1C9AB16BD","name":"TNLP011104 - Da Costakade 93, Amsterdam","address":"93 Da Costakade","city":"Amsterdam","operatorName":"TotalEnergies","maxPowerKw":17,"isMegawatt":false,"status":"CHARGING","source":"ndw"}},{"type":"Feature","geometry":{"type":"Point","coordinates":[5.042898,52.300087]},"properties":{"type":"charge","layer":"passenger","locationId":"08B0BC2C-8F58-488C-9780-D061194EB690","name":"TNLP011327 - De Hofstee 1, Weesp","address":"1 De Hofstee","city":"Weesp","operatorName":"TotalEnergies","maxPowerKw":17,"isMegawatt":false,"status":"UNAVAILABLE","source":"ndw"}},{"type":"Feature","geometry":{"type":"Point","coordinates":[4.879153,52.348347]},"properties":{"type":"charge","layer":"passenger","locationId":"0B5E8D4C-7375-41AF-A911-1A3D69A53CE5","name":"TNLP010327 - Brahmsstraat 4, Amsterdam","address":"4 Brahmsstraat","city":"Amsterdam","operatorName":"TotalEnergies","maxPowerKw":17,"isMegawatt":false,"status":"AVAILABLE","source":"ndw"}},{"type":"Feature","geometry":{"type":"Point","coordinates":[4.873105,52.32679]},"properties":{"type":"charge","layer":"passenger","locationId":"2B5DC7CC-DBB6-46C6-B3B3-DDDBC051943A","name":"TNLP010513 - Koxhorn 1, Amsterdam","address":"1 Koxhorn","city":"Amsterdam","operatorName":"TotalEnergies","maxPowerKw":17,"isMegawatt":false,"status":"CHARGING","source":"ndw"}},{"type":"Feature","geometry":{"type":"Point","coordinates":[4.888857,52.350655]},"properties":{"type":"charge","layer":"passenger","locationId":"51DBDADF-1C09-4722-987C-165ABA5764CE","name":"TNLP011550 - Dusartstraat 64 III, Amsterdam","address":"64 III Dusartstraat","city":"Amsterdam","operatorName":"TotalEnergies","maxPowerKw":17,"isMegawatt":false,"status":"AVAILABLE","source":"ndw"}},{"type":"Feature","geometry":{"type":"Point","coordinates":[4.811148,52.383682]},"properties":{"type":"charge","layer":"passenger","locationId":"5EEBE0FD-00EF-40C5-BBCC-C62DF8448EA0","name":"TNLP011869 - Suze Groenewegplantsoen 10, Amsterdam","address":"10 Suze Groenewegplantsoen","city":"Amsterdam","operatorName":"TotalEnergies","maxPowerKw":17,"isMegawatt":false,"status":"AVAILABLE","source":"ndw"}},{"type":"Feature","geometry":{"type":"Point","coordinates":[4.913678,52.360428]},"properties":{"type":"charge","layer":"passenger","locationId":"083689f8-2c83-4328-a658-7e1e086ba930","name":"TNLP011383 - Mary Zeldenruststraat 44, Amsterdam","address":"44 Mary Zeldenruststraat","city":"Amsterdam","operatorName":"TotalEnergies","maxPowerKw":17,"isMegawatt":false,"status":"CHARGING","source":"ndw"}},{"type":"Feature","geometry":{"type":"Point","coordinates":[5.0416718,52.31826]},"properties":{"type":"charge","layer":"passenger","locationId":"86E5A84B-3A4E-441F-B113-C5F69979C7DF","name":"TNLP011667 - Muiderslotlaan 4, Weesp","address":"4 Muiderslotlaan","city":"Weesp","operatorName":"TotalEnergies","maxPowerKw":17,"isMegawatt":false,"status":"CHARGING","source":"ndw"}},{"type":"Feature","geometry":{"type":"Point","coordinates":[4.916959,52.364304]},"properties":{"type":"charge","layer":"passenger","locationId":"AB53407E-2824-4526-A5D3-33AB928B1F58","name":"TNLP010459 - Plantage Badlaan 24, Amsterdam","address":"24 Plantage Badlaan","city":"Amsterdam","operatorName":"TotalEnergies","maxPowerKw":17,"isMegawatt":false,"status":"AVAILABLE","source":"ndw"}},{"type":"Feature","geometry":{"type":"Point","coordinates":[4.848509,52.34949]},"properties":{"type":"charge","layer":"passenger","locationId":"B4306ABC-6EC1-4B02-AE65-1F11B66396EF","name":"TNLP010037 - Rietwijkerstraat 41, Amsterdam","address":"41 Rietwijkerstraat","city":"Amsterdam","operatorName":"TotalEnergies","maxPowerKw":17,"isMegawatt":false,"status":"AVAILABLE","source":"ndw"}},{"type":"Feature","geometry":{"type":"Point","coordinates":[4.87289,52.367996]},"properties":{"type":"charge","layer":"passenger","locationId":"B3408214-CF36-4390-B401-B39D9B537AF4","name":"TNLP010807 - Da Costakade 160, Amsterdam","address":"160 Da Costakade","city":"Amsterdam","operatorName":"TotalEnergies","maxPowerKw":17,"isMegawatt":false,"status":"AVAILABLE","source":"ndw"}},{"type":"Feature","geometry":{"type":"Point","coordinates":[4.911269,52.359978]},"properties":{"type":"charge","layer":"passenger","locationId":"02DF80E8-4303-4D34-961F-5DB75E5F9F5D","name":"TNLP010174 - Andreas Bonnstraat 6, Amsterdam","address":"6 Andreas Bonnstraat","city":"Amsterdam","operatorName":"TotalEnergies","maxPowerKw":17,"isMegawatt":false,"status":"AVAILABLE","source":"ndw"}},{"type":"Feature","geometry":{"type":"Point","coordinates":[4.776571,52.352882]},"properties":{"type":"charge","layer":"passenger","locationId":"33EA8AE9-AA09-4826-9213-8A17EA9DF2CD","name":"TNLP011065 - Akersingel 107, Amsterdam","address":"107 Akersingel","city":"Amsterdam","operatorName":"TotalEnergies","maxPowerKw":17,"isMegawatt":false,"status":"AVAILABLE","source":"ndw"}},{"type":"Feature","geometry":{"type":"Point","coordinates":[5.048681,52.30374]},"properties":{"type":"charge","layer":"passenger","locationId":"5D86E548-5B33-4B21-BC02-BD9E7DCE62B7","name":"TNLP011885 - H.J. Hoflandlaan 1, Weesp","address":"1 H.J. Hoflandlaan","city":"Weesp","operatorName":"TotalEnergies","maxPowerKw":17,"isMegawatt":false,"status":"CHARGING","source":"ndw"}},{"type":"Feature","geometry":{"type":"Point","coordinates":[4.969698,52.321533]},"properties":{"type":"charge","layer":"passenger","locationId":"ADE9F042-9C74-445A-8556-23EBE389C56B","name":"Laadplein - TNLP011571 - Bijlmerdreef 1134, Amsterdam","address":"1134 Bijlmerdreef","city":"Amsterdam","operatorName":"TotalEnergies","maxPowerKw":17,"isMegawatt":false,"status":"UNAVAILABLE","source":"ndw"}},{"type":"Feature","geometry":{"type":"Point","coordinates":[4.772837,52.35124]},"properties":{"type":"charge","layer":"passenger","locationId":"B17FD84A-B6ED-4B17-9EAB-7677F8C58E68","name":"TNLP011064 - Le Tourmalet 38, Amsterdam","address":"38 Le Tourmalet","city":"Amsterdam","operatorName":"TotalEnergies","maxPowerKw":17,"isMegawatt":false,"status":"AVAILABLE","source":"ndw"}},{"type":"Feature","geometry":{"type":"Point","coordinates":[4.789687,52.348938]},"properties":{"type":"charge","layer":"passenger","locationId":"EEE4E3DD-2C8D-4015-9380-0679C61A2F39","name":"TNLP011316 - Pond Sterlinglaan 25, Amsterdam","address":"25 Pond Sterlinglaan","city":"Amsterdam","operatorName":"TotalEnergies","maxPowerKw":17,"isMegawatt":false,"status":"AVAILABLE","source":"ndw"}},{"type":"Feature","geometry":{"type":"Point","coordinates":[4.993476,52.39244]},"properties":{"type":"charge","layer":"passenger","locationId":"c9529ff1-b5d1-4c05-805d-e357745b3bad","name":"TNLP010293 - Dorpsweg Ransdorp 45, Amsterdam","address":"45 Dorpsweg Ransdorp","city":"Amsterdam","operatorName":"TotalEnergies","maxPowerKw":17,"isMegawatt":false,"status":"AVAILABLE","source":"ndw"}},{"type":"Feature","geometry":{"type":"Point","coordinates":[4.879184,52.36392]},"properties":{"type":"charge","layer":"passenger","locationId":"NLENV616","name":"Amsterdam, Stadhouderskade 1 (VGE)","address":"Stadhouderskade 1","city":"Amsterdam","operatorName":"","maxPowerKw":11,"isMegawatt":false,"status":"AVAILABLE","source":"ndw","priceKwh":0.5}},{"type":"Feature","geometry":{"type":"Point","coordinates":[4.88547,52.391806]},"properties":{"type":"charge","layer":"passenger","locationId":"91084876","name":"50five-S NL 18B09498","address":"Pontsteiger 149","city":"Amsterdam","operatorName":"50five","maxPowerKw":11,"isMegawatt":false,"status":"AVAILABLE","source":"ndw"}},{"type":"Feature","geometry":{"type":"Point","coordinates":[4.857045,52.35237]},"properties":{"type":"charge","layer":"passenger","locationId":"650a9c8a-a509-4726-85fd-957ef07ed5f3","name":"TNLP010540 - Sophialaan 49, Amsterdam","address":"49 Sophialaan","city":"Amsterdam","operatorName":"TotalEnergies","maxPowerKw":17,"isMegawatt":false,"status":"AVAILABLE","source":"ndw"}},{"type":"Feature","geometry":{"type":"Point","coordinates":[4.856576,52.339275]},"properties":{"type":"charge","layer":"passenger","locationId":"NLENV210k","name":"Amsterdam, Burgerweeshuispad 201 - DBBW Tripolis","address":"Burgerweeshuispad 201","city":"Amsterdam","operatorName":"","maxPowerKw":11,"isMegawatt":false,"status":"AVAILABLE","source":"ndw","priceKwh":0.45}},{"type":"Feature","geometry":{"type":"Point","coordinates":[4.899564,52.403187]},"properties":{"type":"charge","layer":"passenger","locationId":"351D50A4-5C32-4CCF-9D3D-E6AF437A561F","name":"TNLP010332 - Ponserstraat 1, Amsterdam","address":"1 Ponserstraat","city":"Amsterdam","operatorName":"TotalEnergies","maxPowerKw":17,"isMegawatt":false,"status":"AVAILABLE","source":"ndw"}},{"type":"Feature","geometry":{"type":"Point","coordinates":[4.867955,52.368332]},"properties":{"type":"charge","layer":"passenger","locationId":"64F1821C-5554-40F6-8408-95548E349B05","name":"TNLP010439 - Bellamyplein 2, Amsterdam","address":"2 Bellamyplein","city":"Amsterdam","operatorName":"TotalEnergies","maxPowerKw":17,"isMegawatt":false,"status":"AVAILABLE","source":"ndw"}},{"type":"Feature","geometry":{"type":"Point","coordinates":[4.856576,52.339275]},"properties":{"type":"charge","layer":"passenger","locationId":"NLENV210","name":"Amsterdam, Burgerweeshuispad 201 - DBBW client Tripolis","address":"Burgerweeshuispad 201","city":"Amsterdam","operatorName":"","maxPowerKw":11,"isMegawatt":false,"status":"AVAILABLE","source":"ndw"}},{"type":"Feature","geometry":{"type":"Point","coordinates":[4.897855,52.35181]},"properties":{"type":"charge","layer":"passenger","locationId":"CC6E2EAF-D005-44D1-82BA-8A0460EEC176","name":"TNLP010563 - Henrick de Keijserplein 5, Amsterdam","address":"5 Henrick de Keijserplein","city":"Amsterdam","operatorName":"TotalEnergies","maxPowerKw":17,"isMegawatt":false,"status":"AVAILABLE","source":"ndw"}},{"type":"Feature","geometry":{"type":"Point","coordinates":[4.90193,52.34321]},"properties":{"type":"charge","layer":"passenger","locationId":"E36E2D0C-034E-4B68-B88D-94479BA9172C","name":"TNLP011839 - Waalstraat 118, Amsterdam","address":"118 Waalstraat","city":"Amsterdam","operatorName":"TotalEnergies","maxPowerKw":17,"isMegawatt":false,"status":"AVAILABLE","source":"ndw"}},{"type":"Feature","geometry":{"type":"Point","coordinates":[4.872477,52.348675]},"properties":{"type":"charge","layer":"passenger","locationId":"d9a74277-a7db-47ab-b0aa-b2ac8bce48a0","name":"TNLP010756 - Minervalaan 33, Amsterdam","address":"33 Minervalaan","city":"Amsterdam","operatorName":"TotalEnergies","maxPowerKw":17,"isMegawatt":false,"status":"UNAVAILABLE","source":"ndw"}},{"type":"Feature","geometry":{"type":"Point","coordinates":[4.986065,52.363846]},"properties":{"type":"charge","layer":"passenger","locationId":"438b0289-84fb-4c54-a700-e094b9278749","name":"TNLP010596 - Brigantijnkade 76, Amsterdam","address":"76 Brigantijnkade","city":"Amsterdam","operatorName":"TotalEnergies","maxPowerKw":17,"isMegawatt":false,"status":"AVAILABLE","source":"ndw"}},{"type":"Feature","geometry":{"type":"Point","coordinates":[4.916035,52.360831]},"properties":{"type":"charge","layer":"passenger","locationId":"91122012","name":"50five-S NL 04003998","address":"s-Gravesandestraat 55","city":"Amsterdam","operatorName":"50five","maxPowerKw":7,"isMegawatt":false,"status":"AVAILABLE","source":"ndw"}},{"type":"Feature","geometry":{"type":"Point","coordinates":[4.932252,52.400756]},"properties":{"type":"charge","layer":"passenger","locationId":"NLENV530","name":"Amsterdam, Buikslotermeerplein 1600","address":"Buikslotermeerplein 1600","city":"Amsterdam","operatorName":"","maxPowerKw":11,"isMegawatt":false,"status":"AVAILABLE","source":"ndw","priceKwh":0.5}},{"type":"Feature","geometry":{"type":"Point","coordinates":[4.86169,52.37761]},"properties":{"type":"charge","layer":"passenger","locationId":"DFB74BCB-0353-4C57-A9D7-5C1BB6ED7804","name":"TNLP011650 - De Rijpgracht 12, Amsterdam","address":"12 De Rijpgracht","city":"Amsterdam","operatorName":"TotalEnergies","maxPowerKw":17,"isMegawatt":false,"status":"UNAVAILABLE","source":"ndw"}},{"type":"Feature","geometry":{"type":"Point","coordinates":[4.838475,52.355156]},"properties":{"type":"charge","layer":"passenger","locationId":"NLENV224","name":"Amsterdam, Kon. Wilhelminapln 10 - OKU House De Ranitz","address":"Koningin Wilhelminaplein","city":"Amsterdam","operatorName":"","maxPowerKw":11,"isMegawatt":false,"status":"AVAILABLE","source":"ndw","priceKwh":0.5}},{"type":"Feature","geometry":{"type":"Point","coordinates":[4.95771,52.294839]},"properties":{"type":"charge","layer":"passenger","locationId":"6729fea8e4118e25f85d7056","name":"Laadpunt P2A - Locatie AMC","address":"Meibergdreef 9","city":"Amsterdam","operatorName":"E-Flux by Road","maxPowerKw":11,"isMegawatt":false,"status":"CHARGING","source":"ndw","priceKwh":0.62}},{"type":"Feature","geometry":{"type":"Point","coordinates":[4.876781,52.399258]},"properties":{"type":"charge","layer":"passenger","locationId":"OST20P0044_0002_3","name":"OST20P0044_0002_3","address":"Danzigerkade 15","city":"Amsterdam","operatorName":"e-VOLTT","maxPowerKw":21,"isMegawatt":false,"status":"AVAILABLE","source":"ndw","priceKwh":0.32}},{"type":"Feature","geometry":{"type":"Point","coordinates":[4.876781,52.399258]},"properties":{"type":"charge","layer":"passenger","locationId":"OST20P0044_0002_5","name":"OST20P0044_0002_5","address":"Danzigerkade 15","city":"Amsterdam","operatorName":"e-VOLTT","maxPowerKw":21,"isMegawatt":false,"status":"AVAILABLE","source":"ndw","priceKwh":0.32}},{"type":"Feature","geometry":{"type":"Point","coordinates":[5.021341,52.317442]},"properties":{"type":"charge","layer":"passenger","locationId":"OST23P0043_0045_1","name":"OST23P0043_0045_1","address":"Flevolaan 70","city":"Weesp","operatorName":"e-VOLTT","maxPowerKw":9,"isMegawatt":false,"status":"UNAVAILABLE","source":"ndw","priceKwh":0.45}},{"type":"Feature","geometry":{"type":"Point","coordinates":[4.876781,52.399258]},"properties":{"type":"charge","layer":"passenger","locationId":"OST20P0044_0003_5","name":"OST20P0044_0003_5","address":"Danzigerkade 15","city":"Amsterdam","operatorName":"e-VOLTT","maxPowerKw":21,"isMegawatt":false,"status":"AVAILABLE","source":"ndw","priceKwh":0.32}},{"type":"Feature","geometry":{"type":"Point","coordinates":[4.945832,52.377052]},"properties":{"type":"charge","layer":"passenger","locationId":"1b7b9d75-0b5f-4d9a-938a-48847bc2c50e","name":"TNLP011022 - KNSM-Laan 708, Amsterdam","address":"708 KNSM-Laan","city":"Amsterdam","operatorName":"TotalEnergies","maxPowerKw":17,"isMegawatt":false,"status":"CHARGING","source":"ndw"}},{"type":"Feature","geometry":{"type":"Point","coordinates":[4.906971,52.363142]},"properties":{"type":"charge","layer":"passenger","locationId":"NLENV301","name":"Amsterdam, Weesperstraat 113 (VGE)","address":"Weesperstraat 113","city":"Amsterdam","operatorName":"","maxPowerKw":11,"isMegawatt":false,"status":"AVAILABLE","source":"ndw","priceKwh":0.5}},{"type":"Feature","geometry":{"type":"Point","coordinates":[4.889486,52.334268]},"properties":{"type":"charge","layer":"passenger","locationId":"NLLOC003242","name":"Allego - Amsterdam Z Europaboulevard A10","address":"Europaboulevard 10","city":"Amsterdam","operatorName":"Allego","maxPowerKw":150,"isMegawatt":false,"status":"AVAILABLE","source":"ndw","priceKwh":0.655}},{"type":"Feature","geometry":{"type":"Point","coordinates":[4.858417,52.35139]},"properties":{"type":"charge","layer":"passenger","locationId":"1f57b1a8-8460-4b43-beda-ebe2c1329683","name":"TNLP010472 - Valeriusstraat 233, Amsterdam","address":"233 Valeriusstraat","city":"Amsterdam","operatorName":"TotalEnergies","maxPowerKw":17,"isMegawatt":false,"status":"CHARGING","source":"ndw"}},{"type":"Feature","geometry":{"type":"Point","coordinates":[4.8777,52.33721]},"properties":{"type":"charge","layer":"passenger","locationId":"NLENV229","name":"Amsterdam, Beethovenstraat 301 - Valley (VGE)","address":"Beethovenstraat 301","city":"Amsterdam","operatorName":"","maxPowerKw":11,"isMegawatt":false,"status":"AVAILABLE","source":"ndw","priceKwh":0.5}},{"type":"Feature","geometry":{"type":"Point","coordinates":[4.91163,52.41531]},"properties":{"type":"charge","layer":"passenger","locationId":"a85c6ccc-3616-487a-b07b-eda1a387960f","name":"IJdoornlaan 2001","address":"IJdoornlaan 2001","city":"Amsterdam","operatorName":"Vattenfall InCharge","maxPowerKw":50,"isMegawatt":false,"status":"AVAILABLE","source":"ndw","priceKwh":0.46}},{"type":"Feature","geometry":{"type":"Point","coordinates":[4.945501,52.292076]},"properties":{"type":"charge","layer":"freight","locationId":"50106","name":"Fastned Tafelbergweg","address":"Tafelbergweg 4","city":"Amsterdam","operatorName":"Fastned","maxPowerKw":400,"isMegawatt":false,"status":"AVAILABLE","source":"ndw","priceKwh":0.6364,"freightKind":"hpc","freightReason":"power"}},{"type":"Feature","geometry":{"type":"Point","coordinates":[4.800124,52.396173]},"properties":{"type":"charge","layer":"freight","locationId":"5225","name":"Shell Recharge NL7402 - Shell Westpoort Truck only","address":"Galwin 6","city":"Amsterdam","operatorName":"Shell Recharge","maxPowerKw":400,"isMegawatt":false,"status":"AVAILABLE","source":"ndw","priceKwh":0.7025,"freightKind":"dedicated","freightReason":"truck-name"}},{"type":"Feature","geometry":{"type":"Point","coordinates":[4.982887,52.313339]},"properties":{"type":"charge","layer":"freight","locationId":"32411","name":"Circle K Kromwijkdreef","address":"Kromwijkdreef 20b","city":"Amsterdam","operatorName":"Spirii","maxPowerKw":400,"isMegawatt":false,"status":"AVAILABLE","source":"ndw","priceKwh":0.65,"freightKind":"hpc","freightReason":"power"}},{"type":"Feature","geometry":{"type":"Point","coordinates":[4.91264,52.416629]},"properties":{"type":"charge","layer":"freight","locationId":"32429","name":"Circle K Amsterdam inz Kadoelen","address":"Vorticellaweg 2","city":"Amsterdam","operatorName":"Spirii","maxPowerKw":400,"isMegawatt":false,"status":"AVAILABLE","source":"ndw","priceKwh":0.65,"freightKind":"hpc","freightReason":"power"}},{"type":"Feature","geometry":{"type":"Point","coordinates":[4.769162,52.354505]},"properties":{"type":"charge","layer":"freight","locationId":"619f67ae2e354c0134ce45b7","name":"Shell Recharge Zwart","address":"Ookmeerweg  501","city":"Amsterdam","operatorName":"E-Flux by Road","maxPowerKw":400,"isMegawatt":false,"status":"AVAILABLE","source":"ndw","priceKwh":0.68,"freightKind":"hpc","freightReason":"power"}},{"type":"Feature","geometry":{"type":"Point","coordinates":[4.970372,52.36919]},"properties":{"type":"charge","layer":"freight","locationId":"65d339483adc28001cd1a6ee","name":"Esso Vissers Kriterion Amsterdam","address":"IJburglaan 11","city":"Amsterdam","operatorName":"Tanx","maxPowerKw":396,"isMegawatt":false,"status":"AVAILABLE","source":"ndw","priceKwh":0.6,"freightKind":"hpc","freightReason":"power"}},{"type":"Feature","geometry":{"type":"Point","coordinates":[5.042201,52.313835]},"properties":{"type":"charge","layer":"freight","locationId":"32417","name":"Circle K Weesp inz Leeuwenveld","address":"Leeuwenveldseweg 21","city":"Weesp","operatorName":"Spirii","maxPowerKw":400,"isMegawatt":false,"status":"AVAILABLE","source":"ndw","priceKwh":0.65,"freightKind":"hpc","freightReason":"power"}},{"type":"Feature","geometry":{"type":"MultiPolygon","coordinates":[[[[4.996894734040293,52.31764256996235],[4.997424569346034,52.31673592276079],[4.99709006746162,52.31445586359224],[4.997296853530035,52.31419581149418],[4.9974551440503925,52.31424634084367],[4.997859321189485,52.31397907370968],[4.998078172317928,52.31403507374317],[5.016132661646647,52.324512315232774],[5.016652236538308,52.32298709457632],[5.017931828680572,52.32319253674697],[5.0184229869146115,52.324339102093475],[5.017272262923238,52.33018688927281],[5.021586338408945,52.33086251188457],[5.028951837851461,52.330769837766844],[5.039793747340447,52.32902710731444],[5.043951325787655,52.327960385014784],[5.044800400498257,52.327473429082296],[5.044394067673489,52.32714905507881],[5.0455938391220645,52.326767986301014],[5.049065461324712,52.32699180203861],[5.058210149765638,52.32481708706859],[5.061512685330142,52.32367492604879],[5.061107820229572,52.32210571900269],[5.06151824136393,52.32180090816271],[5.060124985577163,52.32107171315009],[5.056740895026393,52.3195996522162],[5.059091981203738,52.317052537104615],[5.0580339693094665,52.31668348430676],[5.058339146919169,52.31631751766534],[5.062535309001393,52.31764224536322],[5.0632973108173855,52.31821076568683],[5.065258603981683,52.319181738818266],[5.065720025241951,52.32048183268481],[5.064686044930218,52.32200614641833],[5.06932483821824,52.32167645539682],[5.075392954892287,52.31914542459575],[5.091652466395229,52.31464417300192],[5.093075985925564,52.314150510884545],[5.092106225141394,52.31302356378968],[5.094617989955107,52.31242658174499],[5.100566309792176,52.31029662887611],[5.096482121312358,52.307292832790374],[5.095770381882435,52.303761994017435],[5.096793089803948,52.30043691376159],[5.098942949461796,52.298696881172674],[5.1019712614299015,52.29780445106102],[5.106265797857436,52.29833630983711],[5.107673843912598,52.297291866045136],[5.106064537722699,52.29466875385411],[5.102918135462399,52.2944679726021],[5.099353413974422,52.29280377904769],[5.09847296917741,52.29163642908213],[5.098714428810059,52.29057398562952],[5.104645500272596,52.28538496161624],[5.104297492723237,52.28325552090361],[5.10281584793027,52.28238386099985],[5.1020871990468,52.281704036322566],[5.102065276271631,52.27989115698849],[5.087703523569711,52.28168524729907],[5.08461484293295,52.279407837760644],[5.077081216417788,52.27797695285002],[5.064875124082567,52.27826569155866],[5.063811689940872,52.278577417768304],[5.065324656243586,52.27965968869839],[5.06388474215798,52.27997600419981],[5.064411586114435,52.28073794177315],[5.065857687424273,52.2805376685407],[5.065862524468313,52.28114021960486],[5.065470656891869,52.28519848026473],[5.064791039174213,52.28508086775846],[5.063424976851938,52.28705542888389],[5.059539425442354,52.28932044472288],[5.052737130330969,52.28650856336099],[5.0504193156029125,52.2878630030508],[5.042777672527396,52.28248848470782],[5.040741252551458,52.28387536945126],[5.039520327162669,52.283263648211985],[5.0332114353480035,52.286258437335015],[5.030527391122696,52.28848750609616],[5.024380568474632,52.28135780220263],[5.02282541677103,52.282150783716745],[5.021866138297645,52.2826536195479],[5.021542170961115,52.302457121846565],[5.017701310313531,52.30271575576456],[5.016173159699203,52.303143149213355],[5.014263557680055,52.30367718715807],[5.012718695774712,52.30358440446725],[5.007950911732124,52.30154883322607],[5.0052637559257045,52.29839311952958],[5.003764070553211,52.29834077599172],[5.003244681600137,52.29639659621353],[5.003238907835259,52.29601822738203],[5.001850207621342,52.29587906721807],[5.001756835409493,52.2927728651477],[4.997474308976086,52.28911867895273],[4.983504882311181,52.29036845220841],[4.971850061196005,52.28436866166406],[4.971838525575415,52.284361035452314],[4.9703713077372695,52.28348776000829],[4.967575565108171,52.27956199494303],[4.965800914043409,52.280649231591816],[4.962631470552065,52.28029168231659],[4.961052750350602,52.27817456275634],[4.956570658271682,52.278666008678314],[4.955239692764816,52.27830526050004],[4.953873226382125,52.28003062734135],[4.943197588652943,52.29235727098842],[4.939242724551777,52.2969398445651],[4.930255583140229,52.30642998931887],[4.9294149712173825,52.30782911699581],[4.929908070199647,52.30810390189853],[4.929327547924224,52.30853231344379],[4.929425024807702,52.308627560149695],[4.930325526573013,52.3091883944654],[4.930064487144147,52.309340197491004],[4.934136944997807,52.31190368872158],[4.936111570473455,52.312580912455346],[4.9352283230081895,52.31388895366615],[4.937773455580069,52.31476454997858],[4.938723139764865,52.31509124511812],[4.938451195504998,52.31565499930609],[4.938040835659308,52.3165056644274],[4.939829603875118,52.317119753947075],[4.940330705385187,52.318302466758304],[4.939584017757913,52.31911993660947],[4.940205996720136,52.319333225524744],[4.9402214899179615,52.31933853920307],[4.941042076575707,52.31961995062975],[4.939926166118134,52.321936154340186],[4.937618319680967,52.323299527711065],[4.937960266131281,52.32412249439308],[4.938528178525034,52.32419737928821],[4.939151485696418,52.324666295191186],[4.940495768433459,52.32567755633216],[4.9418741787272085,52.326153026824535],[4.9447153803244115,52.32712985173148],[4.947657847250122,52.32813841424942],[4.948119757855344,52.32762963457013],[4.952674810773805,52.322644198181244],[4.956710696175857,52.32403094329588],[4.95675057830976,52.324044791122695],[4.967540264633463,52.327757742395576],[4.97027315274498,52.32617996206996],[4.97047266035933,52.326288154602736],[4.9706635803588695,52.3263831971803],[4.975306156785085,52.33056182657678],[4.977135287910449,52.330642931563524],[4.977736052159866,52.331026731194505],[4.980110101962624,52.330906598379386],[4.983945700357753,52.33066936937267],[4.98618094423099,52.329719998877515],[4.9896026769172135,52.3275478955995],[4.991670742112256,52.32443787205818],[4.996894734040293,52.31764256996235]]],[[[4.99939841771926,52.34625549091611],[4.998337146051391,52.34846189585472],[5.004964280934094,52.34614366793726],[5.007526839690385,52.34441970853901],[5.005132484636377,52.34417098515181],[4.99939841771926,52.34625549091611]]],[[[5.001552092109194,52.36682285741267],[5.014525177256275,52.36797147217223],[5.012749832820143,52.36729379418077],[5.001995379592446,52.36627991066634],[5.001552092109194,52.36682285741267]]],[[[5.0125388986966914,52.372390462259695],[5.012975481040186,52.37300025529483],[5.013234694601051,52.37308877560686],[5.014562815312386,52.372956621594994],[5.0147860687161305,52.372615622425556],[5.014470179435576,52.37175768561334],[5.014066182323983,52.37165855124084],[5.013218477991266,52.37166921694074],[5.0125388986966914,52.372390462259695]]],[[[4.809938924768416,52.42302437888131],[4.826606003019188,52.420921197186544],[4.827723025330919,52.42078428199142],[4.842637291585746,52.41879872664509],[4.8560773410033695,52.41666236341405],[4.859857047540775,52.42047390168223],[4.857828691768407,52.42398418320322],[4.857946923483983,52.42471732257576],[4.862210540358119,52.42856239478249],[4.8627014386216185,52.42959951412249],[4.862804365584229,52.42962279819954],[4.862676803188224,52.42994154690644],[4.864186488891788,52.43026442194055],[4.864205799671077,52.43037481254206],[4.865013098737878,52.43054949690412],[4.865256381325581,52.430543585115586],[4.865969826729935,52.43067889713135],[4.869543461537141,52.42984668284368],[4.871460917134531,52.43010151021296],[4.873205851124093,52.429549422647405],[4.8736208521436675,52.428465018195205],[4.8765728678669635,52.42622813886904],[4.878992773038774,52.42569654038449],[4.881647017004864,52.42566435102761],[4.886861490143003,52.42556256706853],[4.8876837578322085,52.425585702954244],[4.888141922896721,52.42561827363092],[4.892682553386325,52.42542388285991],[4.89873898216289,52.42446153426868],[4.898740285909736,52.42448995854876],[4.905690754341815,52.422130063731395],[4.907452364431148,52.421256820589775],[4.90807338951081,52.421102271877295],[4.907961432117143,52.42087385692225],[4.9086760396189,52.42071521834535],[4.90965954067273,52.42024943003019],[4.9142998647346365,52.41849709010695],[4.9156618982438385,52.41857074358201],[4.9204494968488905,52.416607183865985],[4.922744899063687,52.415529830493604],[4.9307150129136765,52.411607709407676],[4.9351414144885855,52.41203989526141],[4.942645885919704,52.4138600988103],[4.944778962918252,52.41501829757923],[4.947787666041382,52.421562367297405],[4.948806251768378,52.42146447061062],[4.9496819265950505,52.42198366854083],[4.951480444456404,52.421929866056686],[4.951721086234403,52.422507139381665],[4.9513393021366845,52.42322863946255],[4.952328259501258,52.42352369399785],[4.953558285529057,52.42225675109598],[4.955776174100895,52.42243204814072],[4.956004332208751,52.421960453302425],[4.973318808274188,52.42279742323811],[4.976237273782326,52.42402608310717],[4.982635402065783,52.426762370349714],[4.9871004462233515,52.422841765331675],[4.989099127372002,52.42330657135635],[4.990404509735187,52.424518363653426],[4.990487924166759,52.425429936975554],[4.995577014088879,52.42547128224323],[5.000291728626658,52.425406778584865],[5.018203971107407,52.41905957334087],[5.021144614419857,52.42105483783113],[5.028356152358436,52.4194164365282],[5.029726632742484,52.41770683290621],[5.030043626592635,52.4156435117637],[5.032933037651278,52.416462859195185],[5.035236903598149,52.41825099655722],[5.0401079615224305,52.41730725654916],[5.049175945359275,52.415129273860636],[5.065411341923559,52.41723943109709],[5.06826231836466,52.41655808392892],[5.067268465576878,52.41342211248366],[5.0576328788186515,52.414816443027874],[5.052209324217181,52.41318099540109],[5.046253498914335,52.40673336606853],[5.037477168435981,52.40425203054228],[5.03131055990667,52.40068258954364],[5.0293069886944055,52.398498114082365],[5.024877015909454,52.38794780829108],[5.01893623383053,52.38650260406112],[5.017483960258073,52.38452944064997],[5.016161880063607,52.384241045112816],[5.014198435074796,52.38457260948615],[5.012971850807114,52.38423948609842],[5.013069085221076,52.383479654304324],[5.010851049543205,52.38306147642178],[5.0112321744558574,52.38216046873363],[5.012998933323921,52.38231844232628],[5.013496926288934,52.38183422522733],[5.013566162226945,52.378679403084135],[5.01168023442758,52.373632495655805],[5.008482212501759,52.37257166515333],[5.001329517592819,52.3752252463457],[4.999924817497495,52.37830995926273],[4.998729971871156,52.37871765493069],[4.994101481919272,52.377621912634076],[4.993573701266331,52.37830126059715],[4.998018237955759,52.379493964225205],[4.998101957938438,52.37941086826162],[4.998430249846508,52.37950544388265],[4.9982831065993825,52.379794973614096],[4.991881359219206,52.377990605187186],[4.9913316478870655,52.3777506925219],[4.991712479488337,52.377449803269],[4.99178082749713,52.377253981426236],[4.991758502389523,52.37720074947648],[4.991420622686344,52.37721261680035],[4.989662842463561,52.37759734335915],[4.983763950535211,52.374032914243706],[4.981648285974509,52.373462661741],[4.980146340520903,52.373700540176756],[4.978499556297705,52.375765677138666],[4.974615446342367,52.37895511835804],[4.973964954564643,52.37944219377235],[4.974117950141349,52.3787336503967],[4.974357047556694,52.37411378297838],[4.974070951035607,52.37193706675834],[4.980316661331435,52.36904971962144],[4.978727406579049,52.3687324104833],[4.973662234594718,52.368572895668706],[4.973286597904548,52.36756150421648],[4.976856366064634,52.365266411234565],[4.9809173592385125,52.36329799902085],[4.98355289035985,52.364385711154625],[4.983515236305888,52.364725162792695],[4.9838625651722595,52.36475136205484],[4.983925625601298,52.36453953362598],[4.984738858878258,52.36487513593559],[4.984223340779159,52.3652180159563],[4.984690430774014,52.365672993034444],[4.990775632284606,52.36377119468641],[4.990623733304199,52.3636507806248],[4.990238360308985,52.36378724735942],[4.989080614672387,52.362964753183356],[4.989392675341219,52.36279067135882],[4.98660894333481,52.36081681105202],[4.98580079420749,52.36123900743783],[4.985397179709118,52.360917071477715],[4.9862954254185246,52.3604292755577],[4.986171204637802,52.36031877025577],[4.986627194796597,52.36008351980836],[4.987083391594237,52.35986209313116],[4.987390513333546,52.35996522805759],[4.987697189555244,52.359785942171115],[4.992076559759813,52.36165808406263],[4.997145393522805,52.35936455320418],[5.005756699244512,52.35481080501977],[5.006132671703012,52.355057157373764],[5.00658640813471,52.35481911497021],[5.006242489063787,52.354553867297234],[5.009516074802332,52.35325538171678],[5.013552734406274,52.35454528830955],[5.0137803468640145,52.3551255202944],[5.014033117879591,52.35517863289247],[5.014403477238297,52.35481711461947],[5.015248286947506,52.355087035911104],[5.019821127024256,52.356325766930226],[5.020418905816567,52.35647179463794],[5.020508356103826,52.35609730991784],[5.0211254178981335,52.355467869589596],[5.021251547180144,52.354101860536964],[5.020595821217062,52.35386867574285],[5.018258210347968,52.35378207505863],[5.017179160913251,52.35400922924713],[5.01650127524153,52.353675279926776],[5.019102295162128,52.35038211735746],[5.018806817058866,52.349885913661886],[5.015147100690384,52.348611958166515],[5.015511456469355,52.34795044221207],[5.015147673995268,52.34782864413889],[5.015293605536972,52.34763377109576],[5.015118003700797,52.347433523868126],[5.014776914407689,52.34784105653663],[5.014329086392785,52.34780817068455],[5.014159361882105,52.347564411464674],[5.014570083130889,52.34706964528064],[5.009087486771474,52.345037037639635],[5.003626441324797,52.347808327278365],[4.998793662442423,52.35079753962738],[4.999191810640336,52.35107748061477],[4.999083688459122,52.35113569608015],[4.999012914660847,52.351172652272915],[4.997558384949564,52.3503065305092],[4.991876360065162,52.35288205616325],[4.989314765470719,52.35471714389878],[4.99019882566405,52.354930335091204],[4.9867204142419785,52.35663964918471],[4.986523385516704,52.35800359567714],[4.987368934438354,52.3581642100558],[4.989027622654828,52.35730037742837],[4.989433508891718,52.3573768844186],[4.989900514433358,52.35712957713327],[4.99002824440454,52.357214611222865],[4.988133243455929,52.358240176365605],[4.988195537226886,52.3586405793496],[4.986097612191831,52.35979326284171],[4.9847145081122655,52.360328025745616],[4.980460357908242,52.35856603404074],[4.9794301250454875,52.359478902922646],[4.979732926601673,52.359640354890665],[4.978419312498109,52.36082284886294],[4.977167598374113,52.36031426287753],[4.976200939843721,52.36108714772948],[4.975393243377501,52.36077056846873],[4.974214563867077,52.36183099443178],[4.977687329204491,52.364261415914626],[4.976385984865788,52.364995740321056],[4.974355986786961,52.36581139993985],[4.971649998141117,52.364898204234485],[4.970358599538921,52.363276780498495],[4.9689505351082826,52.3608549051621],[4.974104826873665,52.360685851658815],[4.974154849113191,52.3580491810424],[4.975170032729762,52.35721325674522],[4.984381755945296,52.35811119005623],[4.985742969398233,52.35762657982945],[4.985128192551326,52.35537145969678],[4.991427982432914,52.35242373565167],[4.9943960099247615,52.35003036514009],[4.995790933430892,52.34981088967717],[4.996998490961727,52.34869492887387],[4.998394601803935,52.346346221832974],[5.002535632068064,52.344115423975246],[5.005812863302989,52.34355549342749],[5.010639395776504,52.3441012610909],[5.012303318408372,52.34384643799024],[5.0122571764207855,52.34380127611778],[5.009067418981604,52.34189155061917],[5.004161138140434,52.342577646390396],[4.999319605280254,52.3415364617522],[4.99834211098455,52.34201145432753],[4.989911509967188,52.34646084631841],[4.983802734955567,52.34971003701147],[4.980361288807645,52.35154424100777],[4.976708149432128,52.353491984545045],[4.972479643820476,52.355456440907005],[4.9695937716506355,52.35610176568543],[4.969312794618649,52.35561031610119],[4.969500510893287,52.355576996279034],[4.9695214058787975,52.3554982660028],[4.968873128613061,52.355153734472296],[4.966238875160494,52.3541638558781],[4.965856136395225,52.35465124446453],[4.964537534221084,52.35277328174519],[4.960427586892412,52.34793597949167],[4.960376313848473,52.34788582837356],[4.956359775404378,52.34368011397219],[4.956266986209952,52.34358696005464],[4.952730077900426,52.34015874037741],[4.952498313117899,52.340006851495986],[4.949700477843318,52.338727562921925],[4.949859310548102,52.33852835308899],[4.943747482854476,52.33674100865955],[4.943797507366373,52.336712480351565],[4.943004994220423,52.33657448597255],[4.942596181608506,52.33652121711086],[4.94172031582258,52.33640709411869],[4.941704731922781,52.3355329797437],[4.939673809735732,52.33560764276444],[4.9365108771327355,52.33459209566644],[4.935622926563798,52.335514059351645],[4.9342198769328975,52.33549611368895],[4.92849256784552,52.33655491379855],[4.926769212888678,52.335964683285276],[4.926941286132301,52.3357766913271],[4.9257726242765845,52.335372823960974],[4.925361960556219,52.33538148400147],[4.924945356617045,52.33538289687096],[4.9237645602961075,52.335442774007255],[4.922549756589058,52.33308430222793],[4.917482582992052,52.33153663466334],[4.912931075454717,52.33051052924533],[4.913264919586988,52.32840107626706],[4.913264938456311,52.32840095770433],[4.913591877239767,52.3263332423586],[4.913880686298998,52.324551668828335],[4.911099576480926,52.32409813343437],[4.91033357435127,52.32356646110548],[4.911342760622607,52.32288426461024],[4.910806478060496,52.32188317198948],[4.914280895391874,52.32040812790464],[4.912375025803687,52.31824816978083],[4.90913472257084,52.31825335673702],[4.907839989393826,52.31950500193102],[4.902531825411115,52.321324500137585],[4.898280078924382,52.32164412037654],[4.896291139808407,52.322420005096866],[4.89515791270785,52.3224065084667],[4.894915115418664,52.32242125419541],[4.8930078117358,52.322369668626386],[4.882176518107963,52.32216419164449],[4.878117132838045,52.32209239769438],[4.878106870481032,52.32209221603622],[4.869354509271267,52.32193684818114],[4.869143280993633,52.321933050322166],[4.869141732401486,52.32193302377007],[4.861485192516031,52.3218028436442],[4.857641142592565,52.32173656820602],[4.85759982795628,52.32142191588317],[4.856754537859513,52.32141348358024],[4.856466106942343,52.321765060075634],[4.856334027736575,52.321762382530224],[4.856390665783193,52.32493052843481],[4.856523040095824,52.32941414623517],[4.855942089336031,52.33025539600282],[4.847987086767925,52.33056705415223],[4.847623136468603,52.330071453737126],[4.845111586163631,52.32973486258326],[4.843960546256077,52.33021867404135],[4.840475295502448,52.32957654623587],[4.83947608181141,52.32914589608289],[4.839404889431591,52.32735956540344],[4.825178425742356,52.325731251179135],[4.818752187798921,52.32556050286256],[4.817121129149457,52.32692535834391],[4.81640365401841,52.32740605487086],[4.803047726585973,52.33303298119191],[4.798796528109875,52.334800414741096],[4.79821566978616,52.3350419410639],[4.797325692119152,52.33559667666483],[4.791101543702349,52.341500406078524],[4.78080397760941,52.34584639262617],[4.773295796565222,52.34892181142162],[4.767392004152676,52.35126878585877],[4.755683059838876,52.35615026081174],[4.754836377862259,52.35790754781817],[4.755880084766037,52.36180772251506],[4.757836302271469,52.36871832242755],[4.758473738095446,52.371093347281715],[4.758379623832573,52.37401548400951],[4.756717116022964,52.37783793448848],[4.757255690303847,52.3779786909069],[4.75912394867539,52.37932941255933],[4.759077247368544,52.38094084875086],[4.75895188172015,52.384117720432926],[4.758512680436996,52.387193984674276],[4.758307510137688,52.387895301321386],[4.7582977317294795,52.38794881284865],[4.75785680660934,52.39658758422758],[4.757481272631896,52.39688292043053],[4.728758226044917,52.40071145301527],[4.738566178693907,52.42922283355206],[4.739207509864497,52.431063954001914],[4.750084795164417,52.429636693682454],[4.753204562109355,52.42924105200529],[4.764755486855397,52.427777764144366],[4.767537272166605,52.42849826827925],[4.783479751810193,52.42641354962286],[4.809938924768416,52.42302437888131]],[[4.959555425115057,52.366461431255864],[4.958222071578882,52.3661690800995],[4.958259103866963,52.366011689884125],[4.958310993994199,52.36580693806555],[4.961077240307161,52.36599289045022],[4.962300652230902,52.36470065498354],[4.962270150776245,52.36420181370407],[4.961324801458974,52.36368207425618],[4.9683461094517805,52.36095483113407],[4.9697398271282065,52.36352677179464],[4.970212967485921,52.364884235523405],[4.968428018970634,52.366734068372374],[4.9698865883148935,52.368214449346794],[4.969159258358493,52.36861800740403],[4.962300541746379,52.3685669473387],[4.958007864605579,52.36842633228813],[4.958175756437439,52.36686798213677],[4.959686531586654,52.36714254164937],[4.959555425115057,52.366461431255864]],[[4.961318717315953,52.38166304793207],[4.961182003464495,52.38156307186132],[4.9616355362381785,52.38134634279197],[4.9616221781287635,52.38131850136074],[4.961218955252123,52.38148524134519],[4.96115242707677,52.38141470507581],[4.961078694282372,52.38133324351281],[4.96140377993028,52.381167352852735],[4.961371603703884,52.38115140990057],[4.960881528102594,52.38135411510407],[4.960741129582004,52.38123414568279],[4.96084743721724,52.38118475209058],[4.960841321426368,52.381157415682374],[4.960296278293953,52.38138968050901],[4.960198370558005,52.38131035209685],[4.960374413128312,52.381234005590635],[4.959965005160335,52.380968195149286],[4.959592150780744,52.38093251215797],[4.95899118339446,52.38106845514934],[4.958863765760926,52.38095895162041],[4.959137992476722,52.3808420797931],[4.958757206325211,52.380609062146],[4.961866501764208,52.379783501517934],[4.96174186648469,52.37960942122176],[4.958834393116444,52.380377703261715],[4.958704642152482,52.38016291861968],[4.961631994425043,52.37938766396707],[4.961388167231619,52.37905740411847],[4.961148152998628,52.37912707604382],[4.96125300043419,52.379284791197655],[4.9599642346578205,52.379643717726395],[4.959859536233547,52.37946970733424],[4.964783304202789,52.37683929841982],[4.972245933683924,52.37291764946402],[4.973631406095393,52.372176813199225],[4.973939542159814,52.37433576253265],[4.9734551279395,52.37837150958767],[4.972838345847604,52.37982557112959],[4.969386545541641,52.37926712723854],[4.968603268463179,52.379321011312534],[4.963294562664785,52.38358586109539],[4.961163936326852,52.38180280654002],[4.961502506533877,52.381653136508184],[4.961451823514217,52.381605418605865],[4.961318717315953,52.38166304793207]]]]},"properties":{"type":"boundary","gemeente":"Amsterdam","code":"GM0363"}}]}