{"type":"FeatureCollection","metadata":{"gemeente":"Dijk en Waard","slug":"dijk-en-waard","code":"GM1980","generated_at":"2026-08-08T12:05:52.020Z","total_passenger":375,"total_freight":1,"bounds":[4.728852593218037,52.632678294144576,4.899879617009194,52.73141131118753],"operators":["50five","DAEN Mobility","E-Flux by Road","Eneco","Laadnet","NXT Charging Solutions","NXT50Five","Tango electric","TotalEnergies","Ubitricity","Van Leeuwen","Vattenfall InCharge","bp pulse"]},"features":[{"type":"Feature","geometry":{"type":"Point","coordinates":[4.798689,52.674376]},"properties":{"type":"charge","layer":"passenger","locationId":"91109693","name":"50five-S NL 18B01214","address":"Dulleweg 43","city":"Broek op Langedijk","operatorName":"50five","maxPowerKw":7,"isMegawatt":false,"status":"AVAILABLE","source":"ndw"}},{"type":"Feature","geometry":{"type":"Point","coordinates":[4.849198,52.664608]},"properties":{"type":"charge","layer":"passenger","locationId":"0602DD9B-59A8-446D-9926-837D5763563D","name":"TNLP009546 - Beukenlaan 1, Heerhugowaard","address":"1 Beukenlaan","city":"Heerhugowaard","operatorName":"TotalEnergies","maxPowerKw":15,"isMegawatt":false,"status":"CHARGING","source":"ndw"}},{"type":"Feature","geometry":{"type":"Point","coordinates":[4.816639,52.7004]},"properties":{"type":"charge","layer":"passenger","locationId":"ED822BB1-C186-41E5-B2E5-17D302F8F740","name":"PP004061 - Dokter Wilminkstraat 3, Noord-Scharwoude","address":"3 Dokter Wilminkstraat","city":"Noord-Scharwoude","operatorName":"TotalEnergies","maxPowerKw":15,"isMegawatt":false,"status":"AVAILABLE","source":"ndw"}},{"type":"Feature","geometry":{"type":"Point","coordinates":[4.830838,52.65353]},"properties":{"type":"charge","layer":"passenger","locationId":"4F5C70BB-CEA4-4EE1-A1BB-B65F25F35E54","name":"TNLP008372 - Gouwe 122, Heerhugowaard","address":"122 Gouwe","city":"Heerhugowaard","operatorName":"TotalEnergies","maxPowerKw":14,"isMegawatt":false,"status":"AVAILABLE","source":"ndw"}},{"type":"Feature","geometry":{"type":"Point","coordinates":[4.817577,52.647518]},"properties":{"type":"charge","layer":"passenger","locationId":"7b726d0d94341b9f7221bf2f7b977e18","name":"Steigerdijk 44","address":"Steigerdijk 44","city":"Heerhugowaard","operatorName":"Vattenfall InCharge","maxPowerKw":11,"isMegawatt":false,"status":"AVAILABLE","source":"ndw","priceKwh":0.2805}},{"type":"Feature","geometry":{"type":"Point","coordinates":[4.82842,52.664247]},"properties":{"type":"charge","layer":"passenger","locationId":"0088f94e-83da-4639-9a16-a0278141c560","name":"bp pulse Middenwaard","address":"Zuidtangent 1","city":"Heerhugowaard","operatorName":"bp pulse","maxPowerKw":150,"isMegawatt":false,"status":"CHARGING","source":"ndw","priceKwh":0.7}},{"type":"Feature","geometry":{"type":"Point","coordinates":[4.804419,52.645714]},"properties":{"type":"charge","layer":"passenger","locationId":"DD73481C-F253-47C6-8179-C9D94A656344","name":"TNLP006592 - Hemelboog Binnen 31, Heerhugowaard","address":"31 Hemelboog Binnen","city":"Heerhugowaard","operatorName":"TotalEnergies","maxPowerKw":17,"isMegawatt":false,"status":"UNAVAILABLE","source":"ndw"}},{"type":"Feature","geometry":{"type":"Point","coordinates":[4.8027,52.6707]},"properties":{"type":"charge","layer":"passenger","locationId":"8F195F3B-35B9-4643-9391-80A423C6432A","name":"TNLP008621 - Dijk 46, Broek op Langedijk","address":"46 Dijk","city":"Broek op Langedijk","operatorName":"TotalEnergies","maxPowerKw":14,"isMegawatt":false,"status":"UNAVAILABLE","source":"ndw"}},{"type":"Feature","geometry":{"type":"Point","coordinates":[4.833104,52.69397]},"properties":{"type":"charge","layer":"passenger","locationId":"91108360","name":"50five-S NL 18B01151","address":"Newtonstraat 35","city":"Heerhugowaard","operatorName":"50five","maxPowerKw":11,"isMegawatt":false,"status":"AVAILABLE","source":"ndw"}},{"type":"Feature","geometry":{"type":"Point","coordinates":[4.858292,52.675514]},"properties":{"type":"charge","layer":"passenger","locationId":"30D34471-7275-4637-B79E-9B4C952CFA64","name":"PP002588 - C. Fabritiuspark 4, Heerhugowaard","address":"4 C. Fabritiuspark","city":"Heerhugowaard","operatorName":"TotalEnergies","maxPowerKw":13,"isMegawatt":false,"status":"UNAVAILABLE","source":"ndw"}},{"type":"Feature","geometry":{"type":"Point","coordinates":[4.806485,52.677261]},"properties":{"type":"charge","layer":"passenger","locationId":"91232988","name":"50five-S NL PD22300000339","address":"Dorpsstraat 65A","city":"Broek op Langedijk","operatorName":"50five","maxPowerKw":4,"isMegawatt":false,"status":"AVAILABLE","source":"ndw"}},{"type":"Feature","geometry":{"type":"Point","coordinates":[4.852425,52.678787]},"properties":{"type":"charge","layer":"passenger","locationId":"5941A2C0-1170-4656-92FB-EBEAA74B2636","name":"TNLP006242 - Hercules Segherslaan 41, Heerhugowaard","address":"41 Hercules Segherslaan","city":"Heerhugowaard","operatorName":"TotalEnergies","maxPowerKw":17,"isMegawatt":false,"status":"UNAVAILABLE","source":"ndw"}},{"type":"Feature","geometry":{"type":"Point","coordinates":[4.801188,52.6773]},"properties":{"type":"charge","layer":"passenger","locationId":"6852cd9a0c05ea671cabccae","name":"Statedijk 11","address":"Statedijk 1","city":"Broek op Langedijk","operatorName":"E-Flux by Road","maxPowerKw":22,"isMegawatt":false,"status":"AVAILABLE","source":"ndw","priceKwh":0.53}},{"type":"Feature","geometry":{"type":"Point","coordinates":[4.81222,52.65493]},"properties":{"type":"charge","layer":"passenger","locationId":"200","name":"Shell Recharge NL Zwarte Kaaiman 40","address":"Zwarte Kaaiman 40","city":"Heerhugowaard","operatorName":"Ubitricity","maxPowerKw":11,"isMegawatt":false,"status":"AVAILABLE","source":"ndw","priceKwh":0.392}},{"type":"Feature","geometry":{"type":"Point","coordinates":[4.835459,52.653084]},"properties":{"type":"charge","layer":"passenger","locationId":"716AA208-0038-492B-BB16-6BF66F50D2B1","name":"TNLP008434 - Schaapskuilmeer 1, Heerhugowaard","address":"1 Schaapskuilmeer","city":"Heerhugowaard","operatorName":"TotalEnergies","maxPowerKw":14,"isMegawatt":false,"status":"CHARGING","source":"ndw"}},{"type":"Feature","geometry":{"type":"Point","coordinates":[4.80544,52.64926]},"properties":{"type":"charge","layer":"passenger","locationId":"94","name":"Shell Recharge NL Zonnevlam 1","address":"Zonnevlam 1","city":"Heerhugowaard","operatorName":"Ubitricity","maxPowerKw":11,"isMegawatt":false,"status":"AVAILABLE","source":"ndw","priceKwh":0.392}},{"type":"Feature","geometry":{"type":"Point","coordinates":[4.8061433,52.6993277]},"properties":{"type":"charge","layer":"passenger","locationId":"2342","name":"Shell Recharge NL Weidemolen 22","address":"Weidemolen 22","city":"Noord-Scharwoude","operatorName":"Ubitricity","maxPowerKw":22,"isMegawatt":false,"status":"AVAILABLE","source":"ndw","priceKwh":0.267}},{"type":"Feature","geometry":{"type":"Point","coordinates":[4.834048,52.66039]},"properties":{"type":"charge","layer":"passenger","locationId":"15A3819A-5B50-4950-9F89-7A593625DB46","name":"TNLP008502 - Grotmolen 6, Heerhugowaard","address":"6 Grotmolen","city":"Heerhugowaard","operatorName":"TotalEnergies","maxPowerKw":14,"isMegawatt":false,"status":"AVAILABLE","source":"ndw"}},{"type":"Feature","geometry":{"type":"Point","coordinates":[4.8103288,52.6468298]},"properties":{"type":"charge","layer":"passenger","locationId":"1888","name":"Shell Recharge NL Hemelboog Binnen 155","address":"Hemelboog Binnen 155","city":"Heerhugowaard","operatorName":"Ubitricity","maxPowerKw":22,"isMegawatt":false,"status":"AVAILABLE","source":"ndw","priceKwh":0.267}},{"type":"Feature","geometry":{"type":"Point","coordinates":[4.83393,52.65529]},"properties":{"type":"charge","layer":"passenger","locationId":"8D0D3A30-4EE8-42D0-840D-B31D3FF6EF7C","name":"PP004045 - Loodwitmolen 18, Heerhugowaard","address":"18 Loodwitmolen","city":"Heerhugowaard","operatorName":"TotalEnergies","maxPowerKw":11,"isMegawatt":false,"status":"UNAVAILABLE","source":"ndw"}},{"type":"Feature","geometry":{"type":"Point","coordinates":[4.8104469,52.6564762]},"properties":{"type":"charge","layer":"passenger","locationId":"1891","name":"Shell Recharge NL Renhagedis 40","address":"Renhagedis 40","city":"Heerhugowaard","operatorName":"Ubitricity","maxPowerKw":22,"isMegawatt":false,"status":"AVAILABLE","source":"ndw","priceKwh":0.267}},{"type":"Feature","geometry":{"type":"Point","coordinates":[4.845417,52.665036]},"properties":{"type":"charge","layer":"passenger","locationId":"751","name":"Shell Recharge NL Spirealaan 16","address":"Spirealaan 16","city":"Heerhugowaard","operatorName":"Ubitricity","maxPowerKw":11,"isMegawatt":false,"status":"AVAILABLE","source":"ndw","priceKwh":0.392}},{"type":"Feature","geometry":{"type":"Point","coordinates":[4.83371,52.67145]},"properties":{"type":"charge","layer":"passenger","locationId":"373","name":"Shell Recharge NL Plutolaan 7","address":"Plutolaan 7","city":"Heerhugowaard","operatorName":"Ubitricity","maxPowerKw":11,"isMegawatt":false,"status":"AVAILABLE","source":"ndw","priceKwh":0.392}},{"type":"Feature","geometry":{"type":"Point","coordinates":[4.81021,52.662827]},"properties":{"type":"charge","layer":"passenger","locationId":"955dc2ad-1720-4dfd-9d44-dd1194acc475","name":"Tango electric Heerhugowaard 3-4","address":"J.J.P. Oudweg 14","city":"Heerhugowaard","operatorName":"Tango electric","maxPowerKw":200,"isMegawatt":false,"status":"UNAVAILABLE","source":"ndw","priceKwh":0.6}},{"type":"Feature","geometry":{"type":"Point","coordinates":[4.83027,52.64503]},"properties":{"type":"charge","layer":"passenger","locationId":"1505","name":"Shell Recharge NL H.T. Kuipers Rietbergtuin 20","address":"H.T. Kuipers Rietbergtuin 20","city":"Dijk en Waard","operatorName":"Ubitricity","maxPowerKw":11,"isMegawatt":false,"status":"AVAILABLE","source":"ndw","priceKwh":0.392}},{"type":"Feature","geometry":{"type":"Point","coordinates":[4.81504,52.64892]},"properties":{"type":"charge","layer":"passenger","locationId":"1640","name":"Shell Recharge NL Steigerdijk 71","address":"Steigerdijk 71","city":"Dijk en Waard","operatorName":"Ubitricity","maxPowerKw":11,"isMegawatt":false,"status":"AVAILABLE","source":"ndw","priceKwh":0.392}},{"type":"Feature","geometry":{"type":"Point","coordinates":[4.8334012,52.6576989]},"properties":{"type":"charge","layer":"passenger","locationId":"2091","name":"Shell Recharge NL Houtzaagmolen 35","address":"Houtzaagmolen 35","city":"Heerhugowaard","operatorName":"Ubitricity","maxPowerKw":22,"isMegawatt":false,"status":"AVAILABLE","source":"ndw","priceKwh":0.267}},{"type":"Feature","geometry":{"type":"Point","coordinates":[4.80985,52.70515]},"properties":{"type":"charge","layer":"passenger","locationId":"468","name":"Shell Recharge NL De Mossel 1","address":"De Mossel 1","city":"Noord-Scharwoude","operatorName":"Ubitricity","maxPowerKw":11,"isMegawatt":false,"status":"AVAILABLE","source":"ndw","priceKwh":0.392}},{"type":"Feature","geometry":{"type":"Point","coordinates":[4.823758,52.691651]},"properties":{"type":"charge","layer":"passenger","locationId":"676285dc3a2054912508d004","name":"Ronny Van der peet 's station","address":"Reiger 49","city":"Zuid-Scharwoude","operatorName":"E-Flux by Road","maxPowerKw":11,"isMegawatt":false,"status":"CHARGING","source":"ndw","priceKwh":0.28}},{"type":"Feature","geometry":{"type":"Point","coordinates":[4.861308,52.677334]},"properties":{"type":"charge","layer":"passenger","locationId":"2618E15E-22FB-4CD8-AA53-ED90B863B0EE","name":"TNLP034063 - De Klamp 14, Heerhugowaard","address":"14 De Klamp","city":"Heerhugowaard","operatorName":"TotalEnergies","maxPowerKw":13,"isMegawatt":false,"status":"UNAVAILABLE","source":"ndw"}},{"type":"Feature","geometry":{"type":"Point","coordinates":[4.810905,52.695953]},"properties":{"type":"charge","layer":"passenger","locationId":"8A9F26C9-1AD3-48BF-8C39-EDD0B1CFA807","name":"TNLP009012 - Kastanjelaan 52, Zuid-Scharwoude","address":"52 Kastanjelaan","city":"Zuid-Scharwoude","operatorName":"TotalEnergies","maxPowerKw":17,"isMegawatt":false,"status":"UNAVAILABLE","source":"ndw"}},{"type":"Feature","geometry":{"type":"Point","coordinates":[4.80321,52.67823]},"properties":{"type":"charge","layer":"passenger","locationId":"71","name":"Shell Recharge NL Westeinde 1","address":"Westeinde 1","city":"Broek op Langedijk","operatorName":"Ubitricity","maxPowerKw":11,"isMegawatt":false,"status":"AVAILABLE","source":"ndw","priceKwh":0.392}},{"type":"Feature","geometry":{"type":"Point","coordinates":[4.82241,52.651]},"properties":{"type":"charge","layer":"passenger","locationId":"95","name":"Shell Recharge NL Mimi Boesnachhof 4","address":"Mimi Boesnachhof 4","city":"Heerhugowaard","operatorName":"Ubitricity","maxPowerKw":11,"isMegawatt":false,"status":"AVAILABLE","source":"ndw","priceKwh":0.392}},{"type":"Feature","geometry":{"type":"Point","coordinates":[4.8033939,52.6632145]},"properties":{"type":"charge","layer":"passenger","locationId":"1985","name":"Shell Recharge NL Vrederiksakker 36","address":"Vrederiksakker 36","city":"Heerhugowaard","operatorName":"Ubitricity","maxPowerKw":22,"isMegawatt":false,"status":"AVAILABLE","source":"ndw","priceKwh":0.267}},{"type":"Feature","geometry":{"type":"Point","coordinates":[4.827749,52.657934]},"properties":{"type":"charge","layer":"passenger","locationId":"31834a8b-6cb3-4fbc-b3e3-dc7ba3af6709","name":"Merwede","address":"Merwede 57","city":"Heerhugowaard","operatorName":"Vattenfall InCharge","maxPowerKw":11,"isMegawatt":false,"status":"UNAVAILABLE","source":"ndw","priceKwh":0.4316}},{"type":"Feature","geometry":{"type":"Point","coordinates":[4.79821,52.71311]},"properties":{"type":"charge","layer":"passenger","locationId":"d050578d-91f3-451b-8442-75e65bfe53d2","name":"PP002063 - Regthuisstraat 60, Oudkarspel","address":"60 Regthuisstraat","city":"Oudkarspel","operatorName":"TotalEnergies","maxPowerKw":11,"isMegawatt":false,"status":"AVAILABLE","source":"ndw"}},{"type":"Feature","geometry":{"type":"Point","coordinates":[4.8244888,52.6682737]},"properties":{"type":"charge","layer":"passenger","locationId":"2320","name":"Shell Recharge NL Nelson Mandelastraat 120","address":"Nelson Mandelastraat 120","city":"Heerhugowaard","operatorName":"Ubitricity","maxPowerKw":22,"isMegawatt":false,"status":"AVAILABLE","source":"ndw","priceKwh":0.267}},{"type":"Feature","geometry":{"type":"Point","coordinates":[4.80008,52.67647]},"properties":{"type":"charge","layer":"passenger","locationId":"615","name":"Shell Recharge NL Hornweg 16","address":"Hornweg 16","city":"Broek op Langedijk","operatorName":"Ubitricity","maxPowerKw":11,"isMegawatt":false,"status":"AVAILABLE","source":"ndw","priceKwh":0.392}},{"type":"Feature","geometry":{"type":"Point","coordinates":[4.85118,52.704312]},"properties":{"type":"charge","layer":"passenger","locationId":"4122690","name":"Laadnet Middenweg","address":"Middenweg 521","city":"Heerhugowaard","operatorName":"Laadnet","maxPowerKw":22,"isMegawatt":false,"status":"UNAVAILABLE","source":"ndw"}},{"type":"Feature","geometry":{"type":"Point","coordinates":[4.79823,52.68308]},"properties":{"type":"charge","layer":"passenger","locationId":"8572127b-26c4-44f7-88e3-89c44037c505","name":"PP002029 - Breesloot 90, Broek op Langedijk","address":"90 Breesloot","city":"Broek op Langedijk","operatorName":"TotalEnergies","maxPowerKw":11,"isMegawatt":false,"status":"AVAILABLE","source":"ndw"}},{"type":"Feature","geometry":{"type":"Point","coordinates":[4.840402,52.665146]},"properties":{"type":"charge","layer":"passenger","locationId":"C5B6B0B4-800E-465C-99F3-D50CCE297DA6","name":"TNLP034152 - Populierenlaan 1, Heerhugowaard","address":"1 Populierenlaan","city":"Heerhugowaard","operatorName":"TotalEnergies","maxPowerKw":13,"isMegawatt":false,"status":"UNAVAILABLE","source":"ndw"}},{"type":"Feature","geometry":{"type":"Point","coordinates":[4.801188,52.6773]},"properties":{"type":"charge","layer":"passenger","locationId":"67ee4fd42fe8711a6fac1819","name":"Statedijk 7","address":"Statedijk 1","city":"Broek op Langedijk","operatorName":"E-Flux by Road","maxPowerKw":11,"isMegawatt":false,"status":"AVAILABLE","source":"ndw","priceKwh":0.53}},{"type":"Feature","geometry":{"type":"Point","coordinates":[4.82062,52.66402]},"properties":{"type":"charge","layer":"passenger","locationId":"42839028-5e66-4452-b26a-71c9f7f423ef","name":"PP001740 - Briljant 60-62, Heerhugowaard","address":"60-62 Briljant","city":"Heerhugowaard","operatorName":"TotalEnergies","maxPowerKw":11,"isMegawatt":false,"status":"AVAILABLE","source":"ndw"}},{"type":"Feature","geometry":{"type":"Point","coordinates":[4.808904,52.6945677]},"properties":{"type":"charge","layer":"passenger","locationId":"1130","name":"Shell Recharge NL Boomgaard 9","address":"Boomgaard 9","city":"Zuid-Scharwoude","operatorName":"Ubitricity","maxPowerKw":22,"isMegawatt":false,"status":"AVAILABLE","source":"ndw","priceKwh":0.267}},{"type":"Feature","geometry":{"type":"Point","coordinates":[4.8530517,52.669443]},"properties":{"type":"charge","layer":"passenger","locationId":"1948","name":"Shell Recharge NL Travalje 48","address":"Travalje 48","city":"Heerhugowaard","operatorName":"Ubitricity","maxPowerKw":22,"isMegawatt":false,"status":"AVAILABLE","source":"ndw","priceKwh":0.267}},{"type":"Feature","geometry":{"type":"Point","coordinates":[4.8472761,52.6621138]},"properties":{"type":"charge","layer":"passenger","locationId":"993","name":"Shell Recharge NL Seringenlaan 12","address":"Seringenlaan 12","city":"Heerhugowaard","operatorName":"Ubitricity","maxPowerKw":22,"isMegawatt":false,"status":"AVAILABLE","source":"ndw","priceKwh":0.267}},{"type":"Feature","geometry":{"type":"Point","coordinates":[4.828967,52.67946]},"properties":{"type":"charge","layer":"passenger","locationId":"C27DE6DC-1396-4852-9A5B-5C4911B702EC","name":"TNLP006605 - Pascalstraat 6, Heerhugowaard","address":"6 Pascalstraat","city":"Heerhugowaard","operatorName":"TotalEnergies","maxPowerKw":15,"isMegawatt":false,"status":"UNAVAILABLE","source":"ndw"}},{"type":"Feature","geometry":{"type":"Point","coordinates":[4.812363,52.639476]},"properties":{"type":"charge","layer":"passenger","locationId":"69c1b004e7a223fc81d7451a","name":"Heerhugowaard","address":"Weegbree 70","city":"Heerhugowaard","operatorName":"E-Flux by Road","maxPowerKw":22,"isMegawatt":false,"status":"AVAILABLE","source":"ndw","priceKwh":0.55}},{"type":"Feature","geometry":{"type":"Point","coordinates":[4.84382,52.67289]},"properties":{"type":"charge","layer":"passenger","locationId":"202","name":"Shell Recharge NL Van Duivenvoordestraat 31","address":"Van Duivenvoordestraat 31","city":"Heerhugowaard","operatorName":"Ubitricity","maxPowerKw":22,"isMegawatt":false,"status":"AVAILABLE","source":"ndw","priceKwh":0.392}},{"type":"Feature","geometry":{"type":"Point","coordinates":[4.78251,52.65446]},"properties":{"type":"charge","layer":"passenger","locationId":"314","name":"Shell Recharge NL Het Sterntje 12","address":"Het Sterntje 12","city":"Sint Pancras","operatorName":"Ubitricity","maxPowerKw":11,"isMegawatt":false,"status":"AVAILABLE","source":"ndw","priceKwh":0.392}},{"type":"Feature","geometry":{"type":"Point","coordinates":[4.808937,52.69579]},"properties":{"type":"charge","layer":"passenger","locationId":"1030F638-F4FA-4524-8DE4-F99472B7B37B","name":"TNLP009724 - Voorburggracht 220 C, Zuid-Scharwoude","address":"220 C Voorburggracht","city":"Zuid-Scharwoude","operatorName":"TotalEnergies","maxPowerKw":17,"isMegawatt":false,"status":"UNAVAILABLE","source":"ndw"}},{"type":"Feature","geometry":{"type":"Point","coordinates":[4.82477,52.66001]},"properties":{"type":"charge","layer":"passenger","locationId":"1465","name":"Shell Recharge NL Bergkristal 1","address":"Bergkristal 1","city":"Dijk en Waard","operatorName":"Ubitricity","maxPowerKw":11,"isMegawatt":false,"status":"AVAILABLE","source":"ndw","priceKwh":0.392}},{"type":"Feature","geometry":{"type":"Point","coordinates":[4.80365,52.69364]},"properties":{"type":"charge","layer":"passenger","locationId":"E63B7141-0147-4FD2-8BC5-702BD51460BA","name":"PP004215 - Langeweide 258, Zuid-Scharwoude","address":"258 Langeweide","city":"Zuid-Scharwoude","operatorName":"TotalEnergies","maxPowerKw":15,"isMegawatt":false,"status":"AVAILABLE","source":"ndw"}},{"type":"Feature","geometry":{"type":"Point","coordinates":[4.794693,52.664635]},"properties":{"type":"charge","layer":"passenger","locationId":"5484D3AB-2381-4621-A330-3E75EB1166DB","name":"TNLP006924 - Hondsoor 44, Sint Pancras","address":"44 Hondsoor","city":"Sint Pancras","operatorName":"TotalEnergies","maxPowerKw":13,"isMegawatt":false,"status":"UNAVAILABLE","source":"ndw"}},{"type":"Feature","geometry":{"type":"Point","coordinates":[4.7810278,52.6538645]},"properties":{"type":"charge","layer":"passenger","locationId":"903","name":"Shell Recharge NL Bovenweg 213","address":"Bovenweg 213","city":"Sint Pancras","operatorName":"Ubitricity","maxPowerKw":22,"isMegawatt":false,"status":"AVAILABLE","source":"ndw","priceKwh":0.267}},{"type":"Feature","geometry":{"type":"Point","coordinates":[4.82063,52.66053]},"properties":{"type":"charge","layer":"passenger","locationId":"125","name":"Shell Recharge NL Opaal 48","address":"Opaal 48","city":"Heerhugowaard","operatorName":"Ubitricity","maxPowerKw":11,"isMegawatt":false,"status":"AVAILABLE","source":"ndw","priceKwh":0.392}},{"type":"Feature","geometry":{"type":"Point","coordinates":[4.828384,52.648394]},"properties":{"type":"charge","layer":"passenger","locationId":"67ee2636f319371a55ef4c75","name":"AC op 't Landtplantsoen 48","address":"Anna Clasina op 't Landtplantsoen 48","city":"Heerhugowaard","operatorName":"E-Flux by Road","maxPowerKw":11,"isMegawatt":false,"status":"AVAILABLE","source":"ndw","priceKwh":0.43}},{"type":"Feature","geometry":{"type":"Point","coordinates":[4.81518,52.67271]},"properties":{"type":"charge","layer":"passenger","locationId":"163","name":"Shell Recharge NL Oost Vlaerdinge 2","address":"Oost Vlaerdinge 2","city":"Heerhugowaard","operatorName":"Ubitricity","maxPowerKw":11,"isMegawatt":false,"status":"AVAILABLE","source":"ndw","priceKwh":0.392}},{"type":"Feature","geometry":{"type":"Point","coordinates":[4.81379,52.65098]},"properties":{"type":"charge","layer":"passenger","locationId":"DE89657A-5373-45B8-BBCF-301E6F9819E1","name":"PP004125 - Cato van der Pijlland 1, Heerhugowaard","address":"1 Cato van der Pijlland","city":"Heerhugowaard","operatorName":"TotalEnergies","maxPowerKw":11,"isMegawatt":false,"status":"UNAVAILABLE","source":"ndw"}},{"type":"Feature","geometry":{"type":"Point","coordinates":[4.830759,52.690296]},"properties":{"type":"charge","layer":"passenger","locationId":"67cb0804e7918792b8ad8049","name":"Hoofdkantoor station 1","address":"Amperestraat  44","city":"Heerhugowaard","operatorName":"E-Flux by Road","maxPowerKw":22,"isMegawatt":false,"status":"AVAILABLE","source":"ndw","priceKwh":0.58}},{"type":"Feature","geometry":{"type":"Point","coordinates":[4.847464,52.709004]},"properties":{"type":"charge","layer":"passenger","locationId":"91066925","name":"50five-S NL 03001933","address":"Groote Geldebosch","city":"Heerhugowaard","operatorName":"50five","maxPowerKw":4,"isMegawatt":false,"status":"AVAILABLE","source":"ndw"}},{"type":"Feature","geometry":{"type":"Point","coordinates":[4.818719,52.65902]},"properties":{"type":"charge","layer":"passenger","locationId":"B6912C0A-50EB-4122-9A09-F015EE8D2662","name":"TNLP008262 - Amatist 72, Heerhugowaard","address":"72 Amatist","city":"Heerhugowaard","operatorName":"TotalEnergies","maxPowerKw":13,"isMegawatt":false,"status":"UNAVAILABLE","source":"ndw"}},{"type":"Feature","geometry":{"type":"Point","coordinates":[4.7914,52.67988]},"properties":{"type":"charge","layer":"passenger","locationId":"32E780F1-995B-4348-B776-62EFCD6D57EB","name":"PP005032 - Grootoort 41, Broek op langedijk","address":"41 Grootoort","city":"Broek op langedijk","operatorName":"TotalEnergies","maxPowerKw":11,"isMegawatt":false,"status":"UNAVAILABLE","source":"ndw"}},{"type":"Feature","geometry":{"type":"Point","coordinates":[4.797896,52.713963]},"properties":{"type":"charge","layer":"passenger","locationId":"8253FF0A-541B-453C-A158-D4A2431B9B58","name":"TNLP008830 - Kasteelstraat 43, Oudkarspel","address":"43 Kasteelstraat","city":"Oudkarspel","operatorName":"TotalEnergies","maxPowerKw":14,"isMegawatt":false,"status":"AVAILABLE","source":"ndw"}},{"type":"Feature","geometry":{"type":"Point","coordinates":[4.853602,52.6715]},"properties":{"type":"charge","layer":"passenger","locationId":"82E4E82E-0F98-4DF0-9E85-B8BD29461293","name":"TNLP005870 - Carel Willinkstraat 1A, Heerhugowaard","address":"1A Carel Willinkstraat","city":"Heerhugowaard","operatorName":"TotalEnergies","maxPowerKw":11,"isMegawatt":false,"status":"UNAVAILABLE","source":"ndw"}},{"type":"Feature","geometry":{"type":"Point","coordinates":[4.819969,52.66069]},"properties":{"type":"charge","layer":"passenger","locationId":"A2CABE80-38EE-42DA-84B1-64C48DF3E175","name":"TNLP009921 - Opaal 64, Heerhugowaard","address":"64 Opaal","city":"Heerhugowaard","operatorName":"TotalEnergies","maxPowerKw":17,"isMegawatt":false,"status":"UNAVAILABLE","source":"ndw"}},{"type":"Feature","geometry":{"type":"Point","coordinates":[4.818599,52.646816]},"properties":{"type":"charge","layer":"passenger","locationId":"BD3E6153-5DDC-4FE1-A54F-1C0B364508EC","name":"TNLP015106 - Maria Rutgersland 15, Heerhugowaard","address":"15 Maria Rutgersland","city":"Heerhugowaard","operatorName":"TotalEnergies","maxPowerKw":17,"isMegawatt":false,"status":"UNAVAILABLE","source":"ndw"}},{"type":"Feature","geometry":{"type":"Point","coordinates":[4.80558,52.70122]},"properties":{"type":"charge","layer":"passenger","locationId":"C7425F75-4FBD-4A3B-9DA1-088CFE0B6D55","name":"PP004320 - Oliemolen 1, Noord-Scharwoude","address":"1 Oliemolen","city":"Noord-Scharwoude","operatorName":"TotalEnergies","maxPowerKw":11,"isMegawatt":false,"status":"UNAVAILABLE","source":"ndw"}},{"type":"Feature","geometry":{"type":"Point","coordinates":[4.859757,52.6645834]},"properties":{"type":"charge","layer":"passenger","locationId":"2305","name":"Shell Recharge NL Tuinfluiterpad 9","address":"Tuinfluiterpad 9","city":"Heerhugowaard","operatorName":"Ubitricity","maxPowerKw":22,"isMegawatt":false,"status":"AVAILABLE","source":"ndw","priceKwh":0.267}},{"type":"Feature","geometry":{"type":"Point","coordinates":[4.82145,52.64879]},"properties":{"type":"charge","layer":"passenger","locationId":"42","name":"Shell Recharge NL Aagje Dekentuin 13","address":"Aagje Dekentuin 13","city":"Heerhugowaard","operatorName":"Ubitricity","maxPowerKw":11,"isMegawatt":false,"status":"AVAILABLE","source":"ndw","priceKwh":0.392}},{"type":"Feature","geometry":{"type":"Point","coordinates":[4.8156587,52.7052702]},"properties":{"type":"charge","layer":"passenger","locationId":"1429","name":"Shell Recharge NL Anna van Burenstraat 1","address":"Anna van Burenstraat 1","city":"Noord-Scharwoude","operatorName":"Ubitricity","maxPowerKw":22,"isMegawatt":false,"status":"CHARGING","source":"ndw","priceKwh":0.267}},{"type":"Feature","geometry":{"type":"Point","coordinates":[4.801188,52.6773]},"properties":{"type":"charge","layer":"passenger","locationId":"67ee4f08005ce9e08b3db8f2","name":"Statedijk 4","address":"Statedijk 1","city":"Broek op Langedijk","operatorName":"E-Flux by Road","maxPowerKw":11,"isMegawatt":false,"status":"AVAILABLE","source":"ndw","priceKwh":0.53}},{"type":"Feature","geometry":{"type":"Point","coordinates":[4.8455302,52.6692356]},"properties":{"type":"charge","layer":"passenger","locationId":"1313","name":"Shell Recharge NL Middenweg 206","address":"Middenweg 206","city":"Heerhugowaard","operatorName":"Ubitricity","maxPowerKw":22,"isMegawatt":false,"status":"AVAILABLE","source":"ndw","priceKwh":0.267}},{"type":"Feature","geometry":{"type":"Point","coordinates":[4.800855,52.677453]},"properties":{"type":"charge","layer":"passenger","locationId":"3433729","name":"Laadnet Statedijk BV","address":"Statedijk 1","city":"Broek op Langedijk","operatorName":"Laadnet","maxPowerKw":22,"isMegawatt":false,"status":"UNAVAILABLE","source":"ndw"}},{"type":"Feature","geometry":{"type":"Point","coordinates":[4.823786,52.646675]},"properties":{"type":"charge","layer":"passenger","locationId":"01174394-8BC2-4ED7-B850-DED262BBB132","name":"TNLP005842 - Aletta Jacobstuin 2, Heerhugowaard","address":"2 Aletta Jacobstuin","city":"Heerhugowaard","operatorName":"TotalEnergies","maxPowerKw":11,"isMegawatt":false,"status":"UNAVAILABLE","source":"ndw"}},{"type":"Feature","geometry":{"type":"Point","coordinates":[4.792972,52.644624]},"properties":{"type":"charge","layer":"passenger","locationId":"fdd27e8b-b7c5-4b70-b566-05c1d177b3de","name":"bp pulse Westerweg","address":"Westerweg 2","city":"Heerhugowaard","operatorName":"bp pulse","maxPowerKw":150,"isMegawatt":false,"status":"UNAVAILABLE","source":"ndw","priceKwh":0.7}},{"type":"Feature","geometry":{"type":"Point","coordinates":[4.83678,52.65936]},"properties":{"type":"charge","layer":"passenger","locationId":"572","name":"Shell Recharge NL Weidemolen 72","address":"Weidemolen 72","city":"Heerhugowaard","operatorName":"Ubitricity","maxPowerKw":11,"isMegawatt":false,"status":"AVAILABLE","source":"ndw","priceKwh":0.392}},{"type":"Feature","geometry":{"type":"Point","coordinates":[4.816047,52.66568]},"properties":{"type":"charge","layer":"passenger","locationId":"6853badb99181820ce0fb47e","name":"Credion Station","address":"W.M. Dudokweg  12","city":"Heerhugowaard","operatorName":"E-Flux by Road","maxPowerKw":22,"isMegawatt":false,"status":"AVAILABLE","source":"ndw","priceKwh":0.53}},{"type":"Feature","geometry":{"type":"Point","coordinates":[4.844008,52.68358]},"properties":{"type":"charge","layer":"passenger","locationId":"6052BACF-629B-4C6E-9AB1-45D320229133","name":"TNLP015162 - Het Schild 1, Heerhugowaard","address":"1 Het Schild","city":"Heerhugowaard","operatorName":"TotalEnergies","maxPowerKw":17,"isMegawatt":false,"status":"UNAVAILABLE","source":"ndw"}},{"type":"Feature","geometry":{"type":"Point","coordinates":[4.816277,52.637413]},"properties":{"type":"charge","layer":"passenger","locationId":"697B651F-17C3-478A-966E-BC3C57A174C7","name":"TNLP006136 - Zevenblad 2, Heerhugowaard","address":"2 Zevenblad","city":"Heerhugowaard","operatorName":"TotalEnergies","maxPowerKw":17,"isMegawatt":false,"status":"UNAVAILABLE","source":"ndw"}},{"type":"Feature","geometry":{"type":"Point","coordinates":[4.832826,52.652912]},"properties":{"type":"charge","layer":"passenger","locationId":"40DCF190-971B-4C03-ACC0-B18A917902F4","name":"TNLP034635 - Neslaan 9, Heerhugowaard","address":"9 Neslaan","city":"Heerhugowaard","operatorName":"TotalEnergies","maxPowerKw":13,"isMegawatt":false,"status":"UNAVAILABLE","source":"ndw"}},{"type":"Feature","geometry":{"type":"Point","coordinates":[4.786858,52.666176]},"properties":{"type":"charge","layer":"passenger","locationId":"4617307A-1BE7-4DAD-9DCB-35ACB7FAE7D6","name":"TNLP009619 - Kerkplein 5, Sint Pancras","address":"5 Kerkplein","city":"Sint Pancras","operatorName":"TotalEnergies","maxPowerKw":15,"isMegawatt":false,"status":"AVAILABLE","source":"ndw"}},{"type":"Feature","geometry":{"type":"Point","coordinates":[4.829297,52.667129]},"properties":{"type":"charge","layer":"passenger","locationId":"48233e6b-d1b7-490a-a809-c104d5f343fc","name":"Dirk Camphuysenstraat","address":"Dirk Camphuysenstraat 4","city":"Heerhugowaard","operatorName":"Vattenfall InCharge","maxPowerKw":11,"isMegawatt":false,"status":"AVAILABLE","source":"ndw","priceKwh":0.4316}},{"type":"Feature","geometry":{"type":"Point","coordinates":[4.8290539,52.6452851]},"properties":{"type":"charge","layer":"passenger","locationId":"2538","name":"Shell Recharge NL Johanna Slagter-Dingsdagtuin 39","address":"Johanna Slagter-Dingsdagtuin 39","city":"Heerhugowaard","operatorName":"Ubitricity","maxPowerKw":22,"isMegawatt":false,"status":"AVAILABLE","source":"ndw","priceKwh":0.267}},{"type":"Feature","geometry":{"type":"Point","coordinates":[4.8525158,52.6750793]},"properties":{"type":"charge","layer":"passenger","locationId":"2068","name":"Shell Recharge NL Berckheidelaan 2","address":"Berckheidelaan 2","city":"Heerhugowaard","operatorName":"Ubitricity","maxPowerKw":22,"isMegawatt":false,"status":"AVAILABLE","source":"ndw","priceKwh":0.267}},{"type":"Feature","geometry":{"type":"Point","coordinates":[4.829081,52.653362]},"properties":{"type":"charge","layer":"passenger","locationId":"88B90A69-8D7C-418A-A299-C9533C1E6BD7","name":"TNLP006767 - Spaarne 69, Heerhugowaard","address":"69 Spaarne","city":"Heerhugowaard","operatorName":"TotalEnergies","maxPowerKw":17,"isMegawatt":false,"status":"UNAVAILABLE","source":"ndw"}},{"type":"Feature","geometry":{"type":"Point","coordinates":[4.81349,52.64998]},"properties":{"type":"charge","layer":"passenger","locationId":"fed08144-3439-4e9a-8612-8a502cc6f069","name":"PP001477 - Steigerdijk 115, Heerhugowaard","address":"115 Steigerdijk","city":"Heerhugowaard","operatorName":"TotalEnergies","maxPowerKw":11,"isMegawatt":false,"status":"AVAILABLE","source":"ndw"}},{"type":"Feature","geometry":{"type":"Point","coordinates":[4.791513,52.677079]},"properties":{"type":"charge","layer":"passenger","locationId":"4208836","name":"Laadnet BENO Projectafbouw B.V.","address":"Bijlestaal 56","city":"Broek op Langedijk","operatorName":"Laadnet","maxPowerKw":22,"isMegawatt":false,"status":"AVAILABLE","source":"ndw"}},{"type":"Feature","geometry":{"type":"Point","coordinates":[4.827395,52.654494]},"properties":{"type":"charge","layer":"passenger","locationId":"894497db86c0bd2f8990670dbf1fbfe7","name":"Amstel 74","address":"Amstel 74","city":"Heerhugowaard","operatorName":"Vattenfall InCharge","maxPowerKw":11,"isMegawatt":false,"status":"AVAILABLE","source":"ndw","priceKwh":0.2805}},{"type":"Feature","geometry":{"type":"Point","coordinates":[4.814783,52.658257]},"properties":{"type":"charge","layer":"passenger","locationId":"90DCEE88-E325-4AF9-8B8C-52B0CCD73DB8","name":"TNLP006777 - Woestijnvaraan 45, Heerhugowaard","address":"45 Woestijnvaraan","city":"Heerhugowaard","operatorName":"TotalEnergies","maxPowerKw":15,"isMegawatt":false,"status":"AVAILABLE","source":"ndw"}},{"type":"Feature","geometry":{"type":"Point","coordinates":[4.817047,52.638733]},"properties":{"type":"charge","layer":"passenger","locationId":"46276ADC-E36B-4F0E-BFD4-D4B57F2D716D","name":"TNLP009234 - Valeriaan 8, Heerhugowaard","address":"8 Valeriaan","city":"Heerhugowaard","operatorName":"TotalEnergies","maxPowerKw":15,"isMegawatt":false,"status":"AVAILABLE","source":"ndw"}},{"type":"Feature","geometry":{"type":"Point","coordinates":[4.85407,52.67481]},"properties":{"type":"charge","layer":"passenger","locationId":"F9A013C5-645A-413E-A05E-888F60AF7EF8","name":"TNLP003643 - Berckheidelaan 8, Heerhugowaard","address":"8 Berckheidelaan","city":"Heerhugowaard","operatorName":"TotalEnergies","maxPowerKw":17,"isMegawatt":false,"status":"AVAILABLE","source":"ndw"}},{"type":"Feature","geometry":{"type":"Point","coordinates":[4.81133,52.64663]},"properties":{"type":"charge","layer":"passenger","locationId":"93","name":"Shell Recharge NL Zuiderlicht 399","address":"Zuiderlicht 399","city":"Heerhugowaard","operatorName":"Ubitricity","maxPowerKw":11,"isMegawatt":false,"status":"AVAILABLE","source":"ndw","priceKwh":0.392}},{"type":"Feature","geometry":{"type":"Point","coordinates":[4.817959,52.642544]},"properties":{"type":"charge","layer":"passenger","locationId":"2FD5267E-8610-47A7-B96E-A6BBF6968BC3","name":"TNLP006713 - Lotte Beesedijk 1, Heerhugowaard","address":"1 Lotte Beesedijk","city":"Heerhugowaard","operatorName":"TotalEnergies","maxPowerKw":15,"isMegawatt":false,"status":"AVAILABLE","source":"ndw"}},{"type":"Feature","geometry":{"type":"Point","coordinates":[4.830017,52.668423]},"properties":{"type":"charge","layer":"passenger","locationId":"F152A417-F6FA-4080-AF2B-466ED4ECD8AC","name":"TNLP007100 - Themislaan 2, Heerhugowaard","address":"2 Themislaan","city":"Heerhugowaard","operatorName":"TotalEnergies","maxPowerKw":17,"isMegawatt":false,"status":"UNAVAILABLE","source":"ndw"}},{"type":"Feature","geometry":{"type":"Point","coordinates":[4.82527,52.65359]},"properties":{"type":"charge","layer":"passenger","locationId":"531E76C6-D1E9-4E32-B70D-B5F832982604","name":"PP002512 - Donge 102, Heerhugowaard","address":"102 Donge","city":"Heerhugowaard","operatorName":"TotalEnergies","maxPowerKw":17,"isMegawatt":false,"status":"AVAILABLE","source":"ndw"}},{"type":"Feature","geometry":{"type":"Point","coordinates":[4.793911,52.677854]},"properties":{"type":"charge","layer":"passenger","locationId":"91107999","name":"50five-S NL 09000901","address":"Bijlestaal 52","city":"Broek op Langedijk","operatorName":"50five","maxPowerKw":17,"isMegawatt":false,"status":"AVAILABLE","source":"ndw"}},{"type":"Feature","geometry":{"type":"Point","coordinates":[4.8619863,52.6656727]},"properties":{"type":"charge","layer":"passenger","locationId":"1160","name":"Shell Recharge NL Nachtegaalstraat 24","address":"Nachtegaalstraat 24","city":"Heerhugowaard","operatorName":"Ubitricity","maxPowerKw":22,"isMegawatt":false,"status":"AVAILABLE","source":"ndw","priceKwh":0.267}},{"type":"Feature","geometry":{"type":"Point","coordinates":[4.8578,52.6777]},"properties":{"type":"charge","layer":"passenger","locationId":"1525","name":"Shell Recharge NL Jan Mostaertlaan 18","address":"Jan Mostaertlaan 18","city":"Dijk en Waard","operatorName":"Ubitricity","maxPowerKw":11,"isMegawatt":false,"status":"AVAILABLE","source":"ndw","priceKwh":0.392}},{"type":"Feature","geometry":{"type":"Point","coordinates":[4.798209,52.674113]},"properties":{"type":"charge","layer":"passenger","locationId":"91230962","name":"50five-S NL 09140465","address":"Dulleweg 43","city":"Broek op Langedijk","operatorName":"50five","maxPowerKw":22,"isMegawatt":false,"status":"AVAILABLE","source":"ndw"}},{"type":"Feature","geometry":{"type":"Point","coordinates":[4.85617,52.67322]},"properties":{"type":"charge","layer":"passenger","locationId":"476","name":"Shell Recharge NL Jacob Marisstraat 8","address":"Jacob Marisstraat 8","city":"Heerhugowaard","operatorName":"Ubitricity","maxPowerKw":11,"isMegawatt":false,"status":"AVAILABLE","source":"ndw","priceKwh":0.392}},{"type":"Feature","geometry":{"type":"Point","coordinates":[4.801188,52.6773]},"properties":{"type":"charge","layer":"passenger","locationId":"67ee4ec7f84d3752f66ebc8f","name":"Statedijk 3","address":"Statedijk 1","city":"Broek op Langedijk","operatorName":"E-Flux by Road","maxPowerKw":11,"isMegawatt":false,"status":"CHARGING","source":"ndw","priceKwh":0.53}},{"type":"Feature","geometry":{"type":"Point","coordinates":[4.801521,52.68178]},"properties":{"type":"charge","layer":"passenger","locationId":"FB9F86F9-873D-48B3-A5A7-DC8C56AB1D1B","name":"TNLP007776 - Zandsloot 11, Broek op Langedijk","address":"11 Zandsloot","city":"Broek op Langedijk","operatorName":"TotalEnergies","maxPowerKw":17,"isMegawatt":false,"status":"UNAVAILABLE","source":"ndw"}},{"type":"Feature","geometry":{"type":"Point","coordinates":[4.811122,52.70316]},"properties":{"type":"charge","layer":"passenger","locationId":"AA6E79A9-DF47-4E93-91F7-BD7DABBB88F2","name":"TNLP006783 - Molenkade 2, Noord-Scharwoude","address":"2 Molenkade","city":"Noord-Scharwoude","operatorName":"TotalEnergies","maxPowerKw":17,"isMegawatt":false,"status":"UNAVAILABLE","source":"ndw"}},{"type":"Feature","geometry":{"type":"Point","coordinates":[4.79207,52.66269]},"properties":{"type":"charge","layer":"passenger","locationId":"633","name":"Shell Recharge NL Middenmander 5","address":"Middenmander 5","city":"Sint Pancras","operatorName":"Ubitricity","maxPowerKw":11,"isMegawatt":false,"status":"AVAILABLE","source":"ndw","priceKwh":0.392}},{"type":"Feature","geometry":{"type":"Point","coordinates":[4.815246,52.661697]},"properties":{"type":"charge","layer":"passenger","locationId":"75F195AD-D493-498C-A512-5B513660D109","name":"TNLP009195 - Heliotroop 8, Heerhugowaard","address":"8 Heliotroop","city":"Heerhugowaard","operatorName":"TotalEnergies","maxPowerKw":15,"isMegawatt":false,"status":"CHARGING","source":"ndw"}},{"type":"Feature","geometry":{"type":"Point","coordinates":[4.845,52.67609]},"properties":{"type":"charge","layer":"passenger","locationId":"140","name":"Shell Recharge NL Nuyenburglaan 24","address":"Nuyenburglaan 24","city":"Heerhugowaard","operatorName":"Ubitricity","maxPowerKw":11,"isMegawatt":false,"status":"AVAILABLE","source":"ndw","priceKwh":0.392}},{"type":"Feature","geometry":{"type":"Point","coordinates":[4.82587,52.67004]},"properties":{"type":"charge","layer":"passenger","locationId":"155BF641-9919-4F8D-A307-0B314B94F5F9","name":"PP002518 - Stationsweg 102, Heerhugowaard","address":"102 Stationsweg","city":"Heerhugowaard","operatorName":"TotalEnergies","maxPowerKw":13,"isMegawatt":false,"status":"UNAVAILABLE","source":"ndw"}},{"type":"Feature","geometry":{"type":"Point","coordinates":[4.83424,52.673912]},"properties":{"type":"charge","layer":"passenger","locationId":"31B08DA1-58BB-4C38-849D-E60280C2DC47","name":"TNLP015173 - Eris 41, Heerhugowaard","address":"41 Eris","city":"Heerhugowaard","operatorName":"TotalEnergies","maxPowerKw":17,"isMegawatt":false,"status":"UNAVAILABLE","source":"ndw"}},{"type":"Feature","geometry":{"type":"Point","coordinates":[4.841,52.67166]},"properties":{"type":"charge","layer":"passenger","locationId":"3B75555A-CC90-4C74-B322-632098BE6CC3","name":"TNLP009907 - Van Wijngaardenplein 49, Heerhugowaard","address":"49 Van Wijngaardenplein","city":"Heerhugowaard","operatorName":"TotalEnergies","maxPowerKw":17,"isMegawatt":false,"status":"UNAVAILABLE","source":"ndw"}},{"type":"Feature","geometry":{"type":"Point","coordinates":[4.8685,52.668089]},"properties":{"type":"charge","layer":"passenger","locationId":"91064672","name":"50five-S NL 07104535","address":"Duizendbladweg 47","city":"Heerhugowaard","operatorName":"50five","maxPowerKw":11,"isMegawatt":false,"status":"AVAILABLE","source":"ndw"}},{"type":"Feature","geometry":{"type":"Point","coordinates":[4.799967,52.686283]},"properties":{"type":"charge","layer":"passenger","locationId":"C334EE07-B6A5-4053-A748-B41B20374048","name":"TNLP006939 - Bosgroet 77, Zuid-Scharwoude","address":"77 Bosgroet","city":"Zuid-Scharwoude","operatorName":"TotalEnergies","maxPowerKw":15,"isMegawatt":false,"status":"CHARGING","source":"ndw"}},{"type":"Feature","geometry":{"type":"Point","coordinates":[4.829256,52.693595]},"properties":{"type":"charge","layer":"passenger","locationId":"91220356","name":"Van Leeuwen Weg en Waterhuis de Lange Balk","address":"Galileistraat 77","city":"Heerhugowaard","operatorName":"Van Leeuwen","maxPowerKw":11,"isMegawatt":false,"status":"AVAILABLE","source":"ndw"}},{"type":"Feature","geometry":{"type":"Point","coordinates":[4.804494,52.653687]},"properties":{"type":"charge","layer":"passenger","locationId":"608D33C3-86A9-41B8-A08E-2E9FB5C83B9D","name":"TNLP034680 - Damhert 7, Heerhugowaard","address":"7 Damhert","city":"Heerhugowaard","operatorName":"TotalEnergies","maxPowerKw":13,"isMegawatt":false,"status":"UNAVAILABLE","source":"ndw"}},{"type":"Feature","geometry":{"type":"Point","coordinates":[4.8456774,52.6806019]},"properties":{"type":"charge","layer":"passenger","locationId":"1431","name":"Shell Recharge NL Waardereiland 16","address":"Waardereiland 16","city":"Heerhugowaard","operatorName":"Ubitricity","maxPowerKw":22,"isMegawatt":false,"status":"AVAILABLE","source":"ndw","priceKwh":0.267}},{"type":"Feature","geometry":{"type":"Point","coordinates":[4.827575,52.656113]},"properties":{"type":"charge","layer":"passenger","locationId":"C6A3E96F-B976-41A2-93D5-323AFA805088","name":"TNLP007794 - IJssel 51, Heerhugowaard","address":"51 IJssel","city":"Heerhugowaard","operatorName":"TotalEnergies","maxPowerKw":15,"isMegawatt":false,"status":"AVAILABLE","source":"ndw"}},{"type":"Feature","geometry":{"type":"Point","coordinates":[4.796946,52.680153]},"properties":{"type":"charge","layer":"passenger","locationId":"DCFC24A9-8B48-465B-8E1E-C0687175C6E0","name":"TNLP007002 - Zuidersloot 34, Broek op Langedijk","address":"34 Zuidersloot","city":"Broek op Langedijk","operatorName":"TotalEnergies","maxPowerKw":17,"isMegawatt":false,"status":"UNAVAILABLE","source":"ndw"}},{"type":"Feature","geometry":{"type":"Point","coordinates":[4.801188,52.6773]},"properties":{"type":"charge","layer":"passenger","locationId":"67ee4e6636c2130f7c4e1223","name":"Statedijk 2","address":"Statedijk 1","city":"Broek op Langedijk","operatorName":"E-Flux by Road","maxPowerKw":11,"isMegawatt":false,"status":"AVAILABLE","source":"ndw","priceKwh":0.53}},{"type":"Feature","geometry":{"type":"Point","coordinates":[4.807056,52.69678]},"properties":{"type":"charge","layer":"passenger","locationId":"9AC2247E-B8F3-48D3-85FC-F131E31B08CF","name":"TNLP006394 - Kleiakker 8, Noord-Scharwoude","address":"8 Kleiakker","city":"Noord-Scharwoude","operatorName":"TotalEnergies","maxPowerKw":13,"isMegawatt":false,"status":"UNAVAILABLE","source":"ndw"}},{"type":"Feature","geometry":{"type":"Point","coordinates":[4.825398,52.646962]},"properties":{"type":"charge","layer":"passenger","locationId":"db1b80e7840b7fd7cd6827f99ef7b543","name":"Theodora Havertuin","address":"Theodora Havertuin","city":"Heerhugowaard","operatorName":"Vattenfall InCharge","maxPowerKw":11,"isMegawatt":false,"status":"AVAILABLE","source":"ndw","priceKwh":0.2805}},{"type":"Feature","geometry":{"type":"Point","coordinates":[4.868835,52.669644]},"properties":{"type":"charge","layer":"passenger","locationId":"3968211","name":"Laadnet Zwenkgrasstraat","address":"Zwenkgrasstraat 2","city":"Heerhugowaard","operatorName":"Laadnet","maxPowerKw":11,"isMegawatt":false,"status":"AVAILABLE","source":"ndw"}},{"type":"Feature","geometry":{"type":"Point","coordinates":[4.8364,52.66296]},"properties":{"type":"charge","layer":"passenger","locationId":"1520","name":"Shell Recharge NL Hulstlaan 2","address":"Hulstlaan 2","city":"Dijk en Waard","operatorName":"Ubitricity","maxPowerKw":11,"isMegawatt":false,"status":"AVAILABLE","source":"ndw","priceKwh":0.392}},{"type":"Feature","geometry":{"type":"Point","coordinates":[4.8377,52.67269]},"properties":{"type":"charge","layer":"passenger","locationId":"271","name":"Shell Recharge NL Callistolaan 3","address":"Callistolaan 3","city":"Heerhugowaard","operatorName":"Ubitricity","maxPowerKw":22,"isMegawatt":false,"status":"AVAILABLE","source":"ndw","priceKwh":0.392}},{"type":"Feature","geometry":{"type":"Point","coordinates":[4.79617,52.71952]},"properties":{"type":"charge","layer":"passenger","locationId":"467","name":"Shell Recharge NL Kroonstraat 1","address":"Kroonstraat 1","city":"Oudkarspel","operatorName":"Ubitricity","maxPowerKw":11,"isMegawatt":false,"status":"AVAILABLE","source":"ndw","priceKwh":0.392}},{"type":"Feature","geometry":{"type":"Point","coordinates":[4.807629,52.70188]},"properties":{"type":"charge","layer":"passenger","locationId":"4A1A6985-7413-41CF-AE81-B2CE3FE9B762","name":"TNLP034262 - Fransepad 33, Noord-Scharwoude","address":"33 Fransepad","city":"Noord-Scharwoude","operatorName":"TotalEnergies","maxPowerKw":13,"isMegawatt":false,"status":"UNAVAILABLE","source":"ndw"}},{"type":"Feature","geometry":{"type":"Point","coordinates":[4.82178,52.669055]},"properties":{"type":"charge","layer":"passenger","locationId":"637211d0abde6946e812ccb7","name":"Forum Heerhugowaard","address":"Stationsplein 71","city":"Heerhugowaard","operatorName":"E-Flux by Road","maxPowerKw":22,"isMegawatt":false,"status":"AVAILABLE","source":"ndw","priceKwh":0.39}},{"type":"Feature","geometry":{"type":"Point","coordinates":[4.816373,52.695812]},"properties":{"type":"charge","layer":"passenger","locationId":"5E98EAAF-0027-40C2-A718-87042BE1AB3E","name":"TNLP006898 - Elzenlaan 22, Zuid-Scharwoude","address":"22 Elzenlaan","city":"Zuid-Scharwoude","operatorName":"TotalEnergies","maxPowerKw":15,"isMegawatt":false,"status":"UNAVAILABLE","source":"ndw"}},{"type":"Feature","geometry":{"type":"Point","coordinates":[4.815956,52.671455]},"properties":{"type":"charge","layer":"passenger","locationId":"B0D777D9-2735-4576-976D-458782D951F0","name":"TNLP009187 - Zuijder Vlaerdinge 48, Heerhugowaard","address":"48 Zuijder Vlaerdinge","city":"Heerhugowaard","operatorName":"TotalEnergies","maxPowerKw":17,"isMegawatt":false,"status":"UNAVAILABLE","source":"ndw"}},{"type":"Feature","geometry":{"type":"Point","coordinates":[4.84453,52.66317]},"properties":{"type":"charge","layer":"passenger","locationId":"C0AEC77F-F568-4730-8C49-E7D7BB709BF3","name":"PP002514 - Hortensialaan 25, Heerhugowaard","address":"25 Hortensialaan","city":"Heerhugowaard","operatorName":"TotalEnergies","maxPowerKw":13,"isMegawatt":false,"status":"AVAILABLE","source":"ndw"}},{"type":"Feature","geometry":{"type":"Point","coordinates":[4.822743,52.643894]},"properties":{"type":"charge","layer":"passenger","locationId":"CCE08E37-5AE8-4AB0-B686-858AB0213CC4","name":"TNLP006232 - Else van den Banlaan 6, Heerhugowaard","address":"6 Else van den Banlaan","city":"Heerhugowaard","operatorName":"TotalEnergies","maxPowerKw":17,"isMegawatt":false,"status":"UNAVAILABLE","source":"ndw"}},{"type":"Feature","geometry":{"type":"Point","coordinates":[4.83946,52.66941]},"properties":{"type":"charge","layer":"passenger","locationId":"469","name":"Shell Recharge NL Staringlaan 61","address":"Staringlaan 61","city":"Heerhugowaard","operatorName":"Ubitricity","maxPowerKw":11,"isMegawatt":false,"status":"AVAILABLE","source":"ndw","priceKwh":0.392}},{"type":"Feature","geometry":{"type":"Point","coordinates":[4.833814,52.694309]},"properties":{"type":"charge","layer":"passenger","locationId":"91169593","name":"50five-S NL 09140397","address":"Newtonstraat 35","city":"Heerhugowaard","operatorName":"50five","maxPowerKw":11,"isMegawatt":false,"status":"AVAILABLE","source":"ndw"}},{"type":"Feature","geometry":{"type":"Point","coordinates":[4.83677,52.65605]},"properties":{"type":"charge","layer":"passenger","locationId":"1579","name":"Shell Recharge NL Mosterdmolen 48","address":"Mosterdmolen 48","city":"Dijk en Waard","operatorName":"Ubitricity","maxPowerKw":11,"isMegawatt":false,"status":"AVAILABLE","source":"ndw","priceKwh":0.392}},{"type":"Feature","geometry":{"type":"Point","coordinates":[4.82649,52.64852]},"properties":{"type":"charge","layer":"passenger","locationId":"708","name":"Shell Recharge NL Clara Wichmanntuin 2","address":"Clara Wichmanntuin 2","city":"Heerhugowaard","operatorName":"Ubitricity","maxPowerKw":11,"isMegawatt":false,"status":"AVAILABLE","source":"ndw","priceKwh":0.392}},{"type":"Feature","geometry":{"type":"Point","coordinates":[4.843645,52.672245]},"properties":{"type":"charge","layer":"passenger","locationId":"51ADDA23-1CBD-44D0-854D-939EBE7046C2","name":"TNLP034204 - Van Duivenvoordestraat 64, Heerhugowaard","address":"64 Van Duivenvoordestraat","city":"Heerhugowaard","operatorName":"TotalEnergies","maxPowerKw":13,"isMegawatt":false,"status":"UNAVAILABLE","source":"ndw"}},{"type":"Feature","geometry":{"type":"Point","coordinates":[4.804357,52.644786]},"properties":{"type":"charge","layer":"passenger","locationId":"91094074","name":"50five-S NL 07000805","address":"Hemelboog Binnen 12","city":"Heerhugowaard","operatorName":"50five","maxPowerKw":11,"isMegawatt":false,"status":"AVAILABLE","source":"ndw"}},{"type":"Feature","geometry":{"type":"Point","coordinates":[4.809306,52.65721]},"properties":{"type":"charge","layer":"passenger","locationId":"A9C8AB73-613C-47A0-886D-8E60F0B637AF","name":"TNLP009390 - IJsbeer 2, Heerhugowaard","address":"2 IJsbeer","city":"Heerhugowaard","operatorName":"TotalEnergies","maxPowerKw":17,"isMegawatt":false,"status":"UNAVAILABLE","source":"ndw"}},{"type":"Feature","geometry":{"type":"Point","coordinates":[4.814521,52.66269]},"properties":{"type":"charge","layer":"passenger","locationId":"4217690","name":"Laadnet Thuis","address":"Duinweg 2","city":"Bergen","operatorName":"Laadnet","maxPowerKw":22,"isMegawatt":false,"status":"CHARGING","source":"ndw"}},{"type":"Feature","geometry":{"type":"Point","coordinates":[4.8158164,52.6601657]},"properties":{"type":"charge","layer":"passenger","locationId":"1250","name":"Shell Recharge NL Granaat 14","address":"Granaat 14","city":"Heerhugowaard","operatorName":"Ubitricity","maxPowerKw":22,"isMegawatt":false,"status":"AVAILABLE","source":"ndw","priceKwh":0.267}},{"type":"Feature","geometry":{"type":"Point","coordinates":[4.8383,52.65328]},"properties":{"type":"charge","layer":"passenger","locationId":"c0a0c4a3-1d00-4c0e-8cd5-587a755ec736","name":"Tjaarlingermeer","address":"Tjaarlingermeer 55","city":"Heerhugowaard","operatorName":"Vattenfall InCharge","maxPowerKw":11,"isMegawatt":false,"status":"UNAVAILABLE","source":"ndw","priceKwh":0.4316}},{"type":"Feature","geometry":{"type":"Point","coordinates":[4.8251,52.66445]},"properties":{"type":"charge","layer":"passenger","locationId":"3BC09950-8E5F-4B12-B69B-F3BE867A2292","name":"TNLP009823 - Parelhof 1, Heerhugowaard","address":"1 Parelhof","city":"Heerhugowaard","operatorName":"TotalEnergies","maxPowerKw":17,"isMegawatt":false,"status":"AVAILABLE","source":"ndw"}},{"type":"Feature","geometry":{"type":"Point","coordinates":[4.81887,52.70303]},"properties":{"type":"charge","layer":"passenger","locationId":"119","name":"Shell Recharge NL Hulststraat 27","address":"Hulststraat 27","city":"Noord-Scharwoude","operatorName":"Ubitricity","maxPowerKw":11,"isMegawatt":false,"status":"AVAILABLE","source":"ndw","priceKwh":0.392}},{"type":"Feature","geometry":{"type":"Point","coordinates":[4.801188,52.6773]},"properties":{"type":"charge","layer":"passenger","locationId":"6852ce185f2651bf95f28ddf","name":"Statedijk 12","address":"Statedijk 1","city":"Broek op Langedijk","operatorName":"E-Flux by Road","maxPowerKw":22,"isMegawatt":false,"status":"CHARGING","source":"ndw","priceKwh":0.53}},{"type":"Feature","geometry":{"type":"Point","coordinates":[4.8171942,52.6524979]},"properties":{"type":"charge","layer":"passenger","locationId":"1142","name":"Shell Recharge NL Catharina van Rennes Erf 4","address":"Catharina van Rennes Erf 4","city":"Heerhugowaard","operatorName":"Ubitricity","maxPowerKw":22,"isMegawatt":false,"status":"CHARGING","source":"ndw","priceKwh":0.267}},{"type":"Feature","geometry":{"type":"Point","coordinates":[4.81143,52.64714]},"properties":{"type":"charge","layer":"passenger","locationId":"6EC6EC72-9417-4F9C-A1D2-2774EC80D5A7","name":"TNLP003645 - Dampkring 19, Heerhugowaard","address":"19 Dampkring","city":"Heerhugowaard","operatorName":"TotalEnergies","maxPowerKw":17,"isMegawatt":false,"status":"AVAILABLE","source":"ndw"}},{"type":"Feature","geometry":{"type":"Point","coordinates":[4.805936,52.665024]},"properties":{"type":"charge","layer":"passenger","locationId":"91232157","name":"50five-S NL 19B02955","address":"Laan van Broekhorn 25","city":"Heerhugowaard","operatorName":"50five","maxPowerKw":11,"isMegawatt":false,"status":"AVAILABLE","source":"ndw"}},{"type":"Feature","geometry":{"type":"Point","coordinates":[4.81765,52.65895]},"properties":{"type":"charge","layer":"passenger","locationId":"74AC779F-29F3-40D2-961D-71AF897282C7","name":"PP004048 - Aquamarijn 84, Heerhugowaard","address":"84 Aquamarijn","city":"Heerhugowaard","operatorName":"TotalEnergies","maxPowerKw":11,"isMegawatt":false,"status":"UNAVAILABLE","source":"ndw"}},{"type":"Feature","geometry":{"type":"Point","coordinates":[4.85045,52.671636]},"properties":{"type":"charge","layer":"passenger","locationId":"91108570","name":"50five-S NL 17B07142","address":"Rubensplein 9","city":"Heerhugowaard","operatorName":"50five","maxPowerKw":12,"isMegawatt":false,"status":"CHARGING","source":"ndw"}},{"type":"Feature","geometry":{"type":"Point","coordinates":[4.808414,52.64636]},"properties":{"type":"charge","layer":"passenger","locationId":"A000CEA2-D966-4209-9269-A465812944F2","name":"TNLP006926 - Meridiaan 1, Heerhugowaard","address":"1 Meridiaan","city":"Heerhugowaard","operatorName":"TotalEnergies","maxPowerKw":17,"isMegawatt":false,"status":"UNAVAILABLE","source":"ndw"}},{"type":"Feature","geometry":{"type":"Point","coordinates":[4.807273,52.665756]},"properties":{"type":"charge","layer":"passenger","locationId":"6E5CFB82-E777-40DF-92C6-AAF1A95C449B","name":"TNLP006579 - Westerakker 14, Heerhugowaard","address":"14 Westerakker","city":"Heerhugowaard","operatorName":"TotalEnergies","maxPowerKw":17,"isMegawatt":false,"status":"UNAVAILABLE","source":"ndw"}},{"type":"Feature","geometry":{"type":"Point","coordinates":[4.83761,52.66644]},"properties":{"type":"charge","layer":"passenger","locationId":"92","name":"Shell Recharge NL Van Eedenplein 122","address":"Van Eedenplein 122","city":"Heerhugowaard","operatorName":"Ubitricity","maxPowerKw":11,"isMegawatt":false,"status":"AVAILABLE","source":"ndw","priceKwh":0.392}},{"type":"Feature","geometry":{"type":"Point","coordinates":[4.801249,52.67792]},"properties":{"type":"charge","layer":"passenger","locationId":"68f60a7dc63d10e978d79f0f","name":"Keizelbos B","address":"Keizelbos 1","city":"Broek op Langedijk","operatorName":"E-Flux by Road","maxPowerKw":22,"isMegawatt":false,"status":"AVAILABLE","source":"ndw","priceKwh":0.43}},{"type":"Feature","geometry":{"type":"Point","coordinates":[4.82277,52.64097]},"properties":{"type":"charge","layer":"passenger","locationId":"1567","name":"Shell Recharge NL Margaret Staalplantsoen 25","address":"Margaret Staalplantsoen 25","city":"Dijk en Waard","operatorName":"Ubitricity","maxPowerKw":11,"isMegawatt":false,"status":"AVAILABLE","source":"ndw","priceKwh":0.392}},{"type":"Feature","geometry":{"type":"Point","coordinates":[4.84991,52.70553]},"properties":{"type":"charge","layer":"passenger","locationId":"44","name":"Shell Recharge NL De Wieder 9","address":"De Wieder 9","city":"Heerhugowaard","operatorName":"Ubitricity","maxPowerKw":11,"isMegawatt":false,"status":"AVAILABLE","source":"ndw","priceKwh":0.392}},{"type":"Feature","geometry":{"type":"Point","coordinates":[4.789078,52.683952]},"properties":{"type":"charge","layer":"passenger","locationId":"85148362-1F8F-4CC3-BBE8-46A103B55F43","name":"TNLP009735 - Jellingelant 40, Zuid-Scharwoude","address":"40 Jellingelant","city":"Zuid-Scharwoude","operatorName":"TotalEnergies","maxPowerKw":17,"isMegawatt":false,"status":"UNAVAILABLE","source":"ndw"}},{"type":"Feature","geometry":{"type":"Point","coordinates":[4.817379,52.65119]},"properties":{"type":"charge","layer":"passenger","locationId":"2cbf14c0d50437d58b1d74469ff6e077","name":"Ronnie Biermantuin 1","address":"Ronnie Biermantuin 1","city":"Heerhugowaard","operatorName":"Vattenfall InCharge","maxPowerKw":11,"isMegawatt":false,"status":"AVAILABLE","source":"ndw","priceKwh":0.2805}},{"type":"Feature","geometry":{"type":"Point","coordinates":[4.842089,52.66044]},"properties":{"type":"charge","layer":"passenger","locationId":"F33AAD86-CAD3-42E3-BA34-62D9673D4F88","name":"TNLP009379 - Berkenlaan 55, Heerhugowaard","address":"55 Berkenlaan","city":"Heerhugowaard","operatorName":"TotalEnergies","maxPowerKw":15,"isMegawatt":false,"status":"UNAVAILABLE","source":"ndw"}},{"type":"Feature","geometry":{"type":"Point","coordinates":[4.831326,52.645401]},"properties":{"type":"charge","layer":"passenger","locationId":"7f164ae9db35d8b60c53936e95273f3f","name":"R. Neter-Montanhestuin 31","address":"R. Neter-Montanhestuin 31","city":"Heerhugowaard","operatorName":"Vattenfall InCharge","maxPowerKw":11,"isMegawatt":false,"status":"AVAILABLE","source":"ndw","priceKwh":0.2805}},{"type":"Feature","geometry":{"type":"Point","coordinates":[4.823237,52.669123]},"properties":{"type":"charge","layer":"passenger","locationId":"91179871","name":"50five-S NL Heerhugowaard, Stationsplein 136","address":"Stationsplein 136","city":"Heerhugowaard","operatorName":"50five","maxPowerKw":11,"isMegawatt":false,"status":"UNAVAILABLE","source":"ndw"}},{"type":"Feature","geometry":{"type":"Point","coordinates":[4.819541,52.667076]},"properties":{"type":"charge","layer":"passenger","locationId":"89330083","name":"50five Exploitatie Hertz","address":"W.M. Dudocweg 27","city":"Heerhugowaard","operatorName":"50five","maxPowerKw":22,"isMegawatt":false,"status":"AVAILABLE","source":"ndw"}},{"type":"Feature","geometry":{"type":"Point","coordinates":[4.817987,52.658283]},"properties":{"type":"charge","layer":"passenger","locationId":"93234B53-E008-4864-8552-7A23C81266DD","name":"TNLP007395 - Aquamarijn 58, Heerhugowaard","address":"58 Aquamarijn","city":"Heerhugowaard","operatorName":"TotalEnergies","maxPowerKw":15,"isMegawatt":false,"status":"AVAILABLE","source":"ndw"}},{"type":"Feature","geometry":{"type":"Point","coordinates":[4.843209,52.667206]},"properties":{"type":"charge","layer":"passenger","locationId":"DFF43251-5E9A-4B44-8DE4-DAA5220F353D","name":"TNLP009484 - Acacialaan 2, Heerhugowaard","address":"2 Acacialaan","city":"Heerhugowaard","operatorName":"TotalEnergies","maxPowerKw":15,"isMegawatt":false,"status":"CHARGING","source":"ndw"}},{"type":"Feature","geometry":{"type":"Point","coordinates":[4.791779,52.677852]},"properties":{"type":"charge","layer":"passenger","locationId":"67ff97f8c72add472b854154","name":"E-Magy","address":"Bijlestaal 54","city":"Broek op Langedijk","operatorName":"E-Flux by Road","maxPowerKw":11,"isMegawatt":false,"status":"AVAILABLE","source":"ndw","priceKwh":0.58}},{"type":"Feature","geometry":{"type":"Point","coordinates":[4.845979,52.685221]},"properties":{"type":"charge","layer":"passenger","locationId":"91105786","name":"50five-S NL 19B05274","address":"Delta 6","city":"Heerhugowaard","operatorName":"50five","maxPowerKw":22,"isMegawatt":false,"status":"AVAILABLE","source":"ndw"}},{"type":"Feature","geometry":{"type":"Point","coordinates":[4.831802,52.64801]},"properties":{"type":"charge","layer":"passenger","locationId":"C2E99042-5AE3-4360-9D70-F16FFBD67935","name":"TNLP009483 - Geeststraat 20, Heerhugowaard","address":"20 Geeststraat","city":"Heerhugowaard","operatorName":"TotalEnergies","maxPowerKw":17,"isMegawatt":false,"status":"UNAVAILABLE","source":"ndw"}},{"type":"Feature","geometry":{"type":"Point","coordinates":[4.825801,52.658375]},"properties":{"type":"charge","layer":"passenger","locationId":"4301E9F7-7127-40E0-99A6-8144DD8E4107","name":"TNLP015229 - Lek 58, Heerhugowaard","address":"58 Lek","city":"Heerhugowaard","operatorName":"TotalEnergies","maxPowerKw":17,"isMegawatt":false,"status":"UNAVAILABLE","source":"ndw"}},{"type":"Feature","geometry":{"type":"Point","coordinates":[4.847128,52.672497]},"properties":{"type":"charge","layer":"passenger","locationId":"C8F6C419-2221-471E-BA4F-E7778B1053F5","name":"TNLP005845 - van Hellemondtstraat 2, Heerhugowaard","address":"2 van Hellemondtstraat","city":"Heerhugowaard","operatorName":"TotalEnergies","maxPowerKw":11,"isMegawatt":false,"status":"UNAVAILABLE","source":"ndw"}},{"type":"Feature","geometry":{"type":"Point","coordinates":[4.811861,52.64837]},"properties":{"type":"charge","layer":"passenger","locationId":"52B907BE-906C-4934-8A48-6F142E0F0002","name":"TNLP008088 - Dampkring 155, Heerhugowaard","address":"155 Dampkring","city":"Heerhugowaard","operatorName":"TotalEnergies","maxPowerKw":17,"isMegawatt":false,"status":"UNAVAILABLE","source":"ndw"}},{"type":"Feature","geometry":{"type":"Point","coordinates":[4.81,52.64524]},"properties":{"type":"charge","layer":"passenger","locationId":"4ECEB14D-C21A-4B76-86B8-411171F38A41","name":"PP002513 - Hof van Ra 11, Heerhugowaard","address":"11 Hof van Ra","city":"Heerhugowaard","operatorName":"TotalEnergies","maxPowerKw":17,"isMegawatt":false,"status":"AVAILABLE","source":"ndw"}},{"type":"Feature","geometry":{"type":"Point","coordinates":[4.837695,52.658786]},"properties":{"type":"charge","layer":"passenger","locationId":"91434141","name":"Van Leeuwen GGZ","address":"Moutmolen 1","city":"Heerhugowaard","operatorName":"Van Leeuwen","maxPowerKw":11,"isMegawatt":false,"status":"AVAILABLE","source":"ndw"}},{"type":"Feature","geometry":{"type":"Point","coordinates":[4.81168,52.65453]},"properties":{"type":"charge","layer":"passenger","locationId":"2B9F9E28-CBDF-43F7-ACC1-79DDF46A7F5C","name":"TNLP003605 - Nijlkrokodil 25, Heerhugowaard","address":"25 Nijlkrokodil","city":"Heerhugowaard","operatorName":"TotalEnergies","maxPowerKw":17,"isMegawatt":false,"status":"AVAILABLE","source":"ndw"}},{"type":"Feature","geometry":{"type":"Point","coordinates":[4.777364,52.706365]},"properties":{"type":"charge","layer":"passenger","locationId":"91107517","name":"50five-S NL 03013644","address":"Praam 17A","city":"Oudkarspel","operatorName":"50five","maxPowerKw":22,"isMegawatt":false,"status":"AVAILABLE","source":"ndw"}},{"type":"Feature","geometry":{"type":"Point","coordinates":[4.830275,52.646297]},"properties":{"type":"charge","layer":"passenger","locationId":"74966DF5-9E98-41DF-BE47-A8978C081AAE","name":"TNLP009774 - Huygenhoekring 193, Heerhugowaard","address":"193 Huygenhoekring","city":"Heerhugowaard","operatorName":"TotalEnergies","maxPowerKw":17,"isMegawatt":false,"status":"UNAVAILABLE","source":"ndw"}},{"type":"Feature","geometry":{"type":"Point","coordinates":[4.801188,52.6773]},"properties":{"type":"charge","layer":"passenger","locationId":"68ad75068e175a564fecbb3a","name":"Statedijk 13 (2 connectors)","address":"Statedijk 1","city":"Broek op Langedijk","operatorName":"E-Flux by Road","maxPowerKw":22,"isMegawatt":false,"status":"AVAILABLE","source":"ndw","priceKwh":0.53}},{"type":"Feature","geometry":{"type":"Point","coordinates":[4.81647,52.64794]},"properties":{"type":"charge","layer":"passenger","locationId":"756A81BB-BFBC-4BF9-A305-FC7BA3E25697","name":"PP004039 - Steigerdijk 70, Heerhugowaard","address":"70 Steigerdijk","city":"Heerhugowaard","operatorName":"TotalEnergies","maxPowerKw":11,"isMegawatt":false,"status":"UNAVAILABLE","source":"ndw"}},{"type":"Feature","geometry":{"type":"Point","coordinates":[4.836944,52.651096]},"properties":{"type":"charge","layer":"passenger","locationId":"21783A49-8770-46DA-8D20-5D1EC9269840","name":"TNLP007777 - Moerbeeklaan 19, Heerhugowaard","address":"19 Moerbeeklaan","city":"Heerhugowaard","operatorName":"TotalEnergies","maxPowerKw":17,"isMegawatt":false,"status":"UNAVAILABLE","source":"ndw"}},{"type":"Feature","geometry":{"type":"Point","coordinates":[4.868636,52.671253]},"properties":{"type":"charge","layer":"passenger","locationId":"6444697F-5F2D-4E94-94BF-388F70B39EBB","name":"TNLP006410 - Vossenstaartpad 39, Heerhugowaard","address":"39 Vossenstaartpad","city":"Heerhugowaard","operatorName":"TotalEnergies","maxPowerKw":17,"isMegawatt":false,"status":"UNAVAILABLE","source":"ndw"}},{"type":"Feature","geometry":{"type":"Point","coordinates":[4.85949,52.66687]},"properties":{"type":"charge","layer":"passenger","locationId":"404","name":"Shell Recharge NL Winterkoning Erf 3","address":"Winterkoning Erf 3","city":"Heerhugowaard","operatorName":"Ubitricity","maxPowerKw":11,"isMegawatt":false,"status":"AVAILABLE","source":"ndw","priceKwh":0.392}},{"type":"Feature","geometry":{"type":"Point","coordinates":[4.86442,52.66729]},"properties":{"type":"charge","layer":"passenger","locationId":"741","name":"Shell Recharge NL Witte Klaverweide 27","address":"Witte Klaverweide 27","city":"Heerhugowaard","operatorName":"Ubitricity","maxPowerKw":11,"isMegawatt":false,"status":"AVAILABLE","source":"ndw","priceKwh":0.392}},{"type":"Feature","geometry":{"type":"Point","coordinates":[4.84373,52.66029]},"properties":{"type":"charge","layer":"passenger","locationId":"9ab820e039f703f57f6a2e7fb12bf681","name":"Platanenlaan 9","address":"Platanenlaan 9","city":"Heerhugowaard","operatorName":"Vattenfall InCharge","maxPowerKw":11,"isMegawatt":false,"status":"AVAILABLE","source":"ndw","priceKwh":0.2805}},{"type":"Feature","geometry":{"type":"Point","coordinates":[4.8387934,52.6615804]},"properties":{"type":"charge","layer":"passenger","locationId":"1881","name":"Shell Recharge NL Eikenlaan 65","address":"Eikenlaan 65","city":"Heerhugowaard","operatorName":"Ubitricity","maxPowerKw":22,"isMegawatt":false,"status":"AVAILABLE","source":"ndw","priceKwh":0.267}},{"type":"Feature","geometry":{"type":"Point","coordinates":[4.801188,52.6773]},"properties":{"type":"charge","layer":"passenger","locationId":"67ee5015ec0b78e5d896392b","name":"Statedijk 8","address":"Statedijk 1","city":"Broek op Langedijk","operatorName":"E-Flux by Road","maxPowerKw":11,"isMegawatt":false,"status":"AVAILABLE","source":"ndw","priceKwh":0.53}},{"type":"Feature","geometry":{"type":"Point","coordinates":[4.829957,52.663912]},"properties":{"type":"charge","layer":"passenger","locationId":"6620cf756eb64e001c307541","name":"NXT 50five - Heerhugowaard- Middenwaard 124 -DC","address":"Middenwaard 124","city":"Heerhugowaard","operatorName":"NXT50Five","maxPowerKw":300,"isMegawatt":false,"status":"AVAILABLE","source":"ndw","priceKwh":0.63}},{"type":"Feature","geometry":{"type":"Point","coordinates":[4.80839,52.69411]},"properties":{"type":"charge","layer":"passenger","locationId":"31","name":"Shell Recharge NL Voorburggracht 202","address":"Voorburggracht 202","city":"Zuid-Scharwoude","operatorName":"Ubitricity","maxPowerKw":11,"isMegawatt":false,"status":"AVAILABLE","source":"ndw","priceKwh":0.392}},{"type":"Feature","geometry":{"type":"Point","coordinates":[4.83417,52.65205]},"properties":{"type":"charge","layer":"passenger","locationId":"350","name":"Shell Recharge NL Neslaan 41","address":"Neslaan 41","city":"Heerhugowaard","operatorName":"Ubitricity","maxPowerKw":11,"isMegawatt":false,"status":"AVAILABLE","source":"ndw","priceKwh":0.392}},{"type":"Feature","geometry":{"type":"Point","coordinates":[4.801188,52.6773]},"properties":{"type":"charge","layer":"passenger","locationId":"67ee509680addc0b23222b21","name":"Statedijk 10","address":"Statedijk 1","city":"Broek op Langedijk","operatorName":"E-Flux by Road","maxPowerKw":11,"isMegawatt":false,"status":"AVAILABLE","source":"ndw","priceKwh":0.53}},{"type":"Feature","geometry":{"type":"Point","coordinates":[4.809283,52.679745]},"properties":{"type":"charge","layer":"passenger","locationId":"D47364AB-5AC1-407A-A590-4B6D817D81CF","name":"TNLP006236 - Dwarspad 1, Broek op Langedijk","address":"1 Dwarspad","city":"Broek op Langedijk","operatorName":"TotalEnergies","maxPowerKw":17,"isMegawatt":false,"status":"UNAVAILABLE","source":"ndw"}},{"type":"Feature","geometry":{"type":"Point","coordinates":[4.801188,52.6773]},"properties":{"type":"charge","layer":"passenger","locationId":"67ee5057ec0b78e5d89646b4","name":"Statedijk 9","address":"Statedijk 1","city":"Broek op Langedijk","operatorName":"E-Flux by Road","maxPowerKw":11,"isMegawatt":false,"status":"AVAILABLE","source":"ndw","priceKwh":0.53}},{"type":"Feature","geometry":{"type":"Point","coordinates":[4.827391,52.65188]},"properties":{"type":"charge","layer":"passenger","locationId":"2C5FF23F-8FDC-4261-B955-04856B19F68F","name":"TNLP008072 - Gouwe 2, Heerhugowaard","address":"2 Gouwe","city":"Heerhugowaard","operatorName":"TotalEnergies","maxPowerKw":15,"isMegawatt":false,"status":"AVAILABLE","source":"ndw"}},{"type":"Feature","geometry":{"type":"Point","coordinates":[4.82852,52.694474]},"properties":{"type":"charge","layer":"passenger","locationId":"3967590","name":"Laadnet Babylon","address":"Pannekeetweg 20","city":"Heerhugowaard","operatorName":"Laadnet","maxPowerKw":22,"isMegawatt":false,"status":"AVAILABLE","source":"ndw"}},{"type":"Feature","geometry":{"type":"Point","coordinates":[4.809373,52.66838]},"properties":{"type":"charge","layer":"passenger","locationId":"918BBA9A-EBA7-4993-8110-DE650F0303A0","name":"TNLP008180 - Laan van Broekhorn 12, Heerhugowaard","address":"12 Laan van Broekhorn","city":"Heerhugowaard","operatorName":"TotalEnergies","maxPowerKw":17,"isMegawatt":false,"status":"UNAVAILABLE","source":"ndw"}},{"type":"Feature","geometry":{"type":"Point","coordinates":[4.7894,52.66268]},"properties":{"type":"charge","layer":"passenger","locationId":"443","name":"Shell Recharge NL Rozenlaan 38","address":"Rozenlaan 38","city":"Sint Pancras","operatorName":"Ubitricity","maxPowerKw":11,"isMegawatt":false,"status":"AVAILABLE","source":"ndw","priceKwh":0.392}},{"type":"Feature","geometry":{"type":"Point","coordinates":[4.794788,52.66219]},"properties":{"type":"charge","layer":"passenger","locationId":"330DA169-7DFA-43F0-BEE2-574FA6541699","name":"PP005512 - Molenwiek 1, Sint Pancras","address":"1 Molenwiek","city":"Sint Pancras","operatorName":"TotalEnergies","maxPowerKw":13,"isMegawatt":false,"status":"AVAILABLE","source":"ndw"}},{"type":"Feature","geometry":{"type":"Point","coordinates":[4.82195,52.65452]},"properties":{"type":"charge","layer":"passenger","locationId":"203B3A9A-C897-4B4B-9F09-993FA204BC64","name":"PP002586 - Hunze 32, Heerhugowaard","address":"32 Hunze","city":"Heerhugowaard","operatorName":"TotalEnergies","maxPowerKw":13,"isMegawatt":false,"status":"CHARGING","source":"ndw"}},{"type":"Feature","geometry":{"type":"Point","coordinates":[4.823905,52.653622]},"properties":{"type":"charge","layer":"passenger","locationId":"4d5f33b17c5af7adf215a3aea3a879a3","name":"Donge 62","address":"Donge 62","city":"Heerhugowaard","operatorName":"Vattenfall InCharge","maxPowerKw":11,"isMegawatt":false,"status":"AVAILABLE","source":"ndw","priceKwh":0.2805}},{"type":"Feature","geometry":{"type":"Point","coordinates":[4.786328,52.66455]},"properties":{"type":"charge","layer":"passenger","locationId":"6597dd7f79b807001c46aef4","name":"Laadpaal gasten B&B Slapen bij de burgemeester","address":"Bovenweg 13","city":"Sint Pancras","operatorName":"E-Flux by Road","maxPowerKw":11,"isMegawatt":false,"status":"CHARGING","source":"ndw","priceKwh":0.53}},{"type":"Feature","geometry":{"type":"Point","coordinates":[4.821689,52.662243]},"properties":{"type":"charge","layer":"passenger","locationId":"8228667E-6FFF-4DF1-9154-AB758689438B","name":"TNLP007981 - Straalsteen 35, Heerhugowaard","address":"35 Straalsteen","city":"Heerhugowaard","operatorName":"TotalEnergies","maxPowerKw":15,"isMegawatt":false,"status":"AVAILABLE","source":"ndw"}},{"type":"Feature","geometry":{"type":"Point","coordinates":[4.825808,52.64607]},"properties":{"type":"charge","layer":"passenger","locationId":"C928B452-DEFF-4365-A0D1-BD86494D44CE","name":"TNLP005947 - Wilhelmina Druckertuin 21, Heerhugowaard","address":"21 Wilhelmina Druckertuin","city":"Heerhugowaard","operatorName":"TotalEnergies","maxPowerKw":11,"isMegawatt":false,"status":"UNAVAILABLE","source":"ndw"}},{"type":"Feature","geometry":{"type":"Point","coordinates":[4.836654,52.661125]},"properties":{"type":"charge","layer":"passenger","locationId":"9C1D0D59-4939-4407-BC29-D4CB53CB4526","name":"TNLP009381 - Mahonialaan 24, Heerhugowaard","address":"24 Mahonialaan","city":"Heerhugowaard","operatorName":"TotalEnergies","maxPowerKw":15,"isMegawatt":false,"status":"AVAILABLE","source":"ndw"}},{"type":"Feature","geometry":{"type":"Point","coordinates":[4.80948,52.6979]},"properties":{"type":"charge","layer":"passenger","locationId":"489494AC-D055-4F11-BB0C-9B9062C178DB","name":"TNLP003507 - Kloosterstraat 1, Noord-scharwoude","address":"1 Kloosterstraat","city":"Noord-scharwoude","operatorName":"TotalEnergies","maxPowerKw":17,"isMegawatt":false,"status":"AVAILABLE","source":"ndw"}},{"type":"Feature","geometry":{"type":"Point","coordinates":[4.84552,52.65245]},"properties":{"type":"charge","layer":"passenger","locationId":"3cd285788bdc0907efdeb6ea88b9c616","name":"Omring 59","address":"Omring 59","city":"Heerhugowaard","operatorName":"Vattenfall InCharge","maxPowerKw":11,"isMegawatt":false,"status":"AVAILABLE","source":"ndw","priceKwh":0.2805}},{"type":"Feature","geometry":{"type":"Point","coordinates":[4.821005,52.64787]},"properties":{"type":"charge","layer":"passenger","locationId":"8824B328-DD26-4318-B3EB-2AE0B3E517AE","name":"TNLP009395 - Helena Nordheimland 1, Heerhugowaard","address":"1 Helena Nordheimland","city":"Heerhugowaard","operatorName":"TotalEnergies","maxPowerKw":17,"isMegawatt":false,"status":"UNAVAILABLE","source":"ndw"}},{"type":"Feature","geometry":{"type":"Point","coordinates":[4.844452,52.685865]},"properties":{"type":"charge","layer":"passenger","locationId":"91105181","name":"50five-S NL 18B10290","address":"Echo 1","city":"Heerhugowaard","operatorName":"50five","maxPowerKw":11,"isMegawatt":false,"status":"AVAILABLE","source":"ndw"}},{"type":"Feature","geometry":{"type":"Point","coordinates":[4.805271,52.67236]},"properties":{"type":"charge","layer":"passenger","locationId":"98CCC51B-F3E5-4A29-B8A5-FF88983301F6","name":"TNLP034523 - Prinses Beatrixstraat 15, Broek op Langedijk","address":"15 Prinses Beatrixstraat","city":"Broek op Langedijk","operatorName":"TotalEnergies","maxPowerKw":13,"isMegawatt":false,"status":"UNAVAILABLE","source":"ndw"}},{"type":"Feature","geometry":{"type":"Point","coordinates":[4.810352,52.64487]},"properties":{"type":"charge","layer":"passenger","locationId":"CE6596FB-8482-4ADA-BDE5-171EB577ABF2","name":"TNLP034205 - Eiland van Inti 29, Heerhugowaard","address":"29 Eiland van Inti","city":"Heerhugowaard","operatorName":"TotalEnergies","maxPowerKw":13,"isMegawatt":false,"status":"UNAVAILABLE","source":"ndw"}},{"type":"Feature","geometry":{"type":"Point","coordinates":[4.86252,52.665421]},"properties":{"type":"charge","layer":"passenger","locationId":"1fa96beb-7565-4304-a1f1-3643308b3d95","name":"TNLP006175","address":"Nachtegaalstraat 18","city":"Heerhugowaard","operatorName":"TotalEnergies","maxPowerKw":17,"isMegawatt":false,"status":"AVAILABLE","source":"ndw"}},{"type":"Feature","geometry":{"type":"Point","coordinates":[4.846621,52.682518]},"properties":{"type":"charge","layer":"passenger","locationId":"130b7ea7-2cd1-4d73-a80f-7ab984ea4606","name":"TNLP008630 - Het Schild 52, Heerhugowaard","address":"52 Het Schild","city":"Heerhugowaard","operatorName":"TotalEnergies","maxPowerKw":14,"isMegawatt":false,"status":"CHARGING","source":"ndw"}},{"type":"Feature","geometry":{"type":"Point","coordinates":[4.813384,52.641293]},"properties":{"type":"charge","layer":"passenger","locationId":"04987CD4-D065-4874-AF0E-2F0115AB4A4B","name":"TNLP008208 - Kervel 16, Heerhugowaard","address":"16 Kervel","city":"Heerhugowaard","operatorName":"TotalEnergies","maxPowerKw":17,"isMegawatt":false,"status":"UNAVAILABLE","source":"ndw"}},{"type":"Feature","geometry":{"type":"Point","coordinates":[4.805254,52.665993]},"properties":{"type":"charge","layer":"passenger","locationId":"853CA7FC-8F6F-426C-AD67-9030FABE201E","name":"TNLP007691 - Laan van Broekhorn 30, Heerhugowaard","address":"30 Laan van Broekhorn","city":"Heerhugowaard","operatorName":"TotalEnergies","maxPowerKw":15,"isMegawatt":false,"status":"UNAVAILABLE","source":"ndw"}},{"type":"Feature","geometry":{"type":"Point","coordinates":[4.824663,52.66414]},"properties":{"type":"charge","layer":"passenger","locationId":"C6AFB48B-7B8C-4E23-917C-C4CAA84B8822","name":"TNLP008546 - Parelhof 20, Heerhugowaard","address":"20 Parelhof","city":"Heerhugowaard","operatorName":"TotalEnergies","maxPowerKw":14,"isMegawatt":false,"status":"AVAILABLE","source":"ndw"}},{"type":"Feature","geometry":{"type":"Point","coordinates":[4.806917,52.694521]},"properties":{"type":"charge","layer":"passenger","locationId":"cfca1029436b660244afc4af8b3374c2","name":"Korteweide 26","address":"Korteweide 26","city":"Zuid-Scharwoude","operatorName":"Vattenfall InCharge","maxPowerKw":11,"isMegawatt":false,"status":"AVAILABLE","source":"ndw","priceKwh":0.2805}},{"type":"Feature","geometry":{"type":"Point","coordinates":[4.781591,52.652023]},"properties":{"type":"charge","layer":"passenger","locationId":"FE4E24A5-F2CC-4457-A465-3F5EE33DAF6A","name":"TNLP009877 - Fuut 26, Sint Pancras","address":"26 Fuut","city":"Sint Pancras","operatorName":"TotalEnergies","maxPowerKw":13,"isMegawatt":false,"status":"UNAVAILABLE","source":"ndw"}},{"type":"Feature","geometry":{"type":"Point","coordinates":[4.796517,52.674102]},"properties":{"type":"charge","layer":"passenger","locationId":"91109816","name":"50five-S NL 18B01753","address":"Dulleweg 43","city":"Broek op Langedijk","operatorName":"50five","maxPowerKw":7,"isMegawatt":false,"status":"AVAILABLE","source":"ndw"}},{"type":"Feature","geometry":{"type":"Point","coordinates":[4.8261,52.667206]},"properties":{"type":"charge","layer":"passenger","locationId":"179E0AF0-D902-4D5C-B729-1DD4CBE69D77","name":"TNLP008346 - Koenenlaan 2, Heerhugowaard","address":"2 Koenenlaan","city":"Heerhugowaard","operatorName":"TotalEnergies","maxPowerKw":14,"isMegawatt":false,"status":"AVAILABLE","source":"ndw"}},{"type":"Feature","geometry":{"type":"Point","coordinates":[4.820482,52.666815]},"properties":{"type":"charge","layer":"passenger","locationId":"55828633","name":"Van Leeuwen 55828633","address":"Stationsplein 138","city":"Heerhugowaard","operatorName":"Van Leeuwen","maxPowerKw":22,"isMegawatt":false,"status":"AVAILABLE","source":"ndw"}},{"type":"Feature","geometry":{"type":"Point","coordinates":[4.818035,52.664852]},"properties":{"type":"charge","layer":"passenger","locationId":"91105231","name":"50five-S NL 03001543","address":"W.M. Dudokweg 53a","city":"Heerhugowaard","operatorName":"50five","maxPowerKw":4,"isMegawatt":false,"status":"AVAILABLE","source":"ndw"}},{"type":"Feature","geometry":{"type":"Point","coordinates":[4.834868,52.66834]},"properties":{"type":"charge","layer":"passenger","locationId":"2920DDF5-D030-42EF-895C-D123B2FF7C44","name":"TNLP009886 - Jan Luykenstraat 1, Heerhugowaard","address":"1 Jan Luykenstraat","city":"Heerhugowaard","operatorName":"TotalEnergies","maxPowerKw":17,"isMegawatt":false,"status":"UNAVAILABLE","source":"ndw"}},{"type":"Feature","geometry":{"type":"Point","coordinates":[4.805839,52.644257]},"properties":{"type":"charge","layer":"passenger","locationId":"8834BD82-6643-4F53-92FE-9C206F532871","name":"TNLP009174 - Tuin van Freyr 29, Heerhugowaard","address":"29 Tuin van Freyr","city":"Heerhugowaard","operatorName":"TotalEnergies","maxPowerKw":17,"isMegawatt":false,"status":"UNAVAILABLE","source":"ndw"}},{"type":"Feature","geometry":{"type":"Point","coordinates":[4.8252945,52.6500317]},"properties":{"type":"charge","layer":"passenger","locationId":"2452","name":"Shell Recharge NL Emmy Andriesseplantsoen 1","address":"Emmy Andriesseplantsoen 1","city":"Heerhugowaard","operatorName":"Ubitricity","maxPowerKw":22,"isMegawatt":false,"status":"AVAILABLE","source":"ndw","priceKwh":0.267}},{"type":"Feature","geometry":{"type":"Point","coordinates":[4.862217,52.66406]},"properties":{"type":"charge","layer":"passenger","locationId":"A7F4EE61-E33D-488E-ACB1-A3162FC21724","name":"TNLP015359 - Merelweg 46, Heerhugowaard","address":"46 Merelweg","city":"Heerhugowaard","operatorName":"TotalEnergies","maxPowerKw":17,"isMegawatt":false,"status":"UNAVAILABLE","source":"ndw"}},{"type":"Feature","geometry":{"type":"Point","coordinates":[4.844655,52.66388]},"properties":{"type":"charge","layer":"passenger","locationId":"C40E6828-2766-450E-8EF7-FAF155699CB0","name":"TNLP034217 - Olmenlaan 29, Heerhugowaard","address":"29 Olmenlaan","city":"Heerhugowaard","operatorName":"TotalEnergies","maxPowerKw":13,"isMegawatt":false,"status":"UNAVAILABLE","source":"ndw"}},{"type":"Feature","geometry":{"type":"Point","coordinates":[4.841838,52.66453]},"properties":{"type":"charge","layer":"passenger","locationId":"7AF404E1-EB8F-498E-AB65-E8098D427C5B","name":"TNLP015181 - Dennenlaan 6, Heerhugowaard","address":"6 Dennenlaan","city":"Heerhugowaard","operatorName":"TotalEnergies","maxPowerKw":17,"isMegawatt":false,"status":"UNAVAILABLE","source":"ndw"}},{"type":"Feature","geometry":{"type":"Point","coordinates":[4.80243,52.67661]},"properties":{"type":"charge","layer":"passenger","locationId":"5c710087fb3e9f0b3737a43bbaed14d1","name":"Westeinde 38","address":"Westeinde 38","city":"Broek op Langedijk","operatorName":"Vattenfall InCharge","maxPowerKw":11,"isMegawatt":false,"status":"AVAILABLE","source":"ndw","priceKwh":0.2805}},{"type":"Feature","geometry":{"type":"Point","coordinates":[4.81547,52.66535]},"properties":{"type":"charge","layer":"passenger","locationId":"E0CFA2AC-36FB-41E6-8FFF-E7A737D27132","name":"Eneco eMobility Horizon College, Bed & Business","address":"W.M.Dudokweg 45","city":"Heerhugowaard","operatorName":"Eneco","maxPowerKw":22,"isMegawatt":false,"status":"AVAILABLE","source":"ndw","priceKwh":0.54}},{"type":"Feature","geometry":{"type":"Point","coordinates":[4.863968,52.662342]},"properties":{"type":"charge","layer":"passenger","locationId":"da71f3cf67a9f50921db811a33db7d44","name":"Waterjufferpad 16","address":"Waterjufferpad 16","city":"Heerhugowaard","operatorName":"Vattenfall InCharge","maxPowerKw":11,"isMegawatt":false,"status":"AVAILABLE","source":"ndw","priceKwh":0.2805}},{"type":"Feature","geometry":{"type":"Point","coordinates":[4.801188,52.6773]},"properties":{"type":"charge","layer":"passenger","locationId":"67ee4f8c2da350f68f311c90","name":"Statedijk 6","address":"Statedijk 1","city":"Broek op Langedijk","operatorName":"E-Flux by Road","maxPowerKw":11,"isMegawatt":false,"status":"AVAILABLE","source":"ndw","priceKwh":0.53}},{"type":"Feature","geometry":{"type":"Point","coordinates":[4.807798,52.643751]},"properties":{"type":"charge","layer":"passenger","locationId":"91200552","name":"50five-S NL 17B12356","address":"Keerkring 101","city":"Heerhugowaard","operatorName":"50five","maxPowerKw":11,"isMegawatt":false,"status":"AVAILABLE","source":"ndw"}},{"type":"Feature","geometry":{"type":"Point","coordinates":[4.814841,52.646905]},"properties":{"type":"charge","layer":"passenger","locationId":"91084964","name":"50five-S NL 17B05958","address":"Bastion 13","city":"Dijk en Waard","operatorName":"50five","maxPowerKw":11,"isMegawatt":false,"status":"AVAILABLE","source":"ndw"}},{"type":"Feature","geometry":{"type":"Point","coordinates":[4.820662,52.64128]},"properties":{"type":"charge","layer":"passenger","locationId":"DEC7E321-DF23-4646-90E1-AF4D135F856F","name":"TNLP009385 - Tine Tammesplantsoen 2, Heerhugowaard","address":"2 Tine Tammesplantsoen","city":"Heerhugowaard","operatorName":"TotalEnergies","maxPowerKw":15,"isMegawatt":false,"status":"AVAILABLE","source":"ndw"}},{"type":"Feature","geometry":{"type":"Point","coordinates":[4.809057,52.68985]},"properties":{"type":"charge","layer":"passenger","locationId":"E73BF2D8-4F7A-4571-9B2B-0D1052845FAA","name":"TNLP009069 - Dorpsstraat 346, Zuid-Scharwoude","address":"346 Dorpsstraat","city":"Zuid-Scharwoude","operatorName":"TotalEnergies","maxPowerKw":15,"isMegawatt":false,"status":"AVAILABLE","source":"ndw"}},{"type":"Feature","geometry":{"type":"Point","coordinates":[4.830466,52.693406]},"properties":{"type":"charge","layer":"passenger","locationId":"6a30ec47958224b490a60c8a","name":"Brandbeveiliging Alkmaar bv II","address":"Daltonstraat 9","city":"Heerhugowaard","operatorName":"NXT Charging Solutions","maxPowerKw":22,"isMegawatt":false,"status":"AVAILABLE","source":"ndw","priceKwh":0.42}},{"type":"Feature","geometry":{"type":"Point","coordinates":[4.828232,52.660694]},"properties":{"type":"charge","layer":"passenger","locationId":"68ece2bad49777dcd7085d78","name":"Ed Imming 's station","address":"middenweg 41","city":"Heerhugowaard","operatorName":"E-Flux by Road","maxPowerKw":11,"isMegawatt":false,"status":"CHARGING","source":"ndw","priceKwh":0.39}},{"type":"Feature","geometry":{"type":"Point","coordinates":[4.835232,52.657324]},"properties":{"type":"charge","layer":"passenger","locationId":"91091431","name":"50five-S NL 07112530","address":"Graanmolen 32","city":"Heerhugowaard","operatorName":"50five","maxPowerKw":11,"isMegawatt":false,"status":"AVAILABLE","source":"ndw"}},{"type":"Feature","geometry":{"type":"Point","coordinates":[4.853593,52.663933]},"properties":{"type":"charge","layer":"passenger","locationId":"0d14db0793b2d1d3066661635df27fbb","name":"Huiszwaluwstr. 37","address":"Huiszwaluwstr. 37","city":"Heerhugowaard","operatorName":"Vattenfall InCharge","maxPowerKw":11,"isMegawatt":false,"status":"AVAILABLE","source":"ndw","priceKwh":0.2805}},{"type":"Feature","geometry":{"type":"Point","coordinates":[4.832419,52.694405]},"properties":{"type":"charge","layer":"passenger","locationId":"38B67332-2148-4040-AB61-B4FF4D4628DB","name":"PP002587 - Snelliusstraat 8, Heerhugowaard","address":"8 Snelliusstraat","city":"Heerhugowaard","operatorName":"TotalEnergies","maxPowerKw":13,"isMegawatt":false,"status":"AVAILABLE","source":"ndw"}},{"type":"Feature","geometry":{"type":"Point","coordinates":[4.807862,52.661587]},"properties":{"type":"charge","layer":"passenger","locationId":"923475","name":"DAE_NL_2000713","address":"J.J.P. Oudweg 120","city":"Heerhugowaard","operatorName":"DAEN Mobility","maxPowerKw":11,"isMegawatt":false,"status":"AVAILABLE","source":"ndw","priceKwh":0.36}},{"type":"Feature","geometry":{"type":"Point","coordinates":[4.801649,52.64906]},"properties":{"type":"charge","layer":"passenger","locationId":"840FD470-FDA6-405E-BC73-2456CBC9D772","name":"TNLP005789 - Zonnehof 37, Heerhugowaard","address":"37 Zonnehof","city":"Heerhugowaard","operatorName":"TotalEnergies","maxPowerKw":11,"isMegawatt":false,"status":"UNAVAILABLE","source":"ndw"}},{"type":"Feature","geometry":{"type":"Point","coordinates":[4.84326,52.66512]},"properties":{"type":"charge","layer":"passenger","locationId":"367","name":"Shell Recharge NL Kastanjelaan 4","address":"Kastanjelaan 4","city":"Heerhugowaard","operatorName":"Ubitricity","maxPowerKw":11,"isMegawatt":false,"status":"AVAILABLE","source":"ndw","priceKwh":0.392}},{"type":"Feature","geometry":{"type":"Point","coordinates":[4.830439,52.683084]},"properties":{"type":"charge","layer":"passenger","locationId":"F2B1CF63-089C-4767-893F-E7FA9531FBB2","name":"Eneco eMobility Sybrandy B.V. - Heerhugowaard","address":"Kelvinstraat 8","city":"Heerhugowaard","operatorName":"Eneco","maxPowerKw":22,"isMegawatt":false,"status":"AVAILABLE","source":"ndw","priceKwh":0.3}},{"type":"Feature","geometry":{"type":"Point","coordinates":[4.79638,52.684255]},"properties":{"type":"charge","layer":"passenger","locationId":"91069595","name":"50five-S NL 07100354","address":"Amelsgroet 38","city":"Zuid-Scharwoude","operatorName":"50five","maxPowerKw":11,"isMegawatt":false,"status":"AVAILABLE","source":"ndw"}},{"type":"Feature","geometry":{"type":"Point","coordinates":[4.846585,52.66792]},"properties":{"type":"charge","layer":"passenger","locationId":"C5E57AD4-8150-4C3B-9854-5CFA685D03D3","name":"TNLP006685 - Korte Dreef 17, Heerhugowaard","address":"17 Korte Dreef","city":"Heerhugowaard","operatorName":"TotalEnergies","maxPowerKw":17,"isMegawatt":false,"status":"UNAVAILABLE","source":"ndw"}},{"type":"Feature","geometry":{"type":"Point","coordinates":[4.814454,52.705994]},"properties":{"type":"charge","layer":"passenger","locationId":"C78385AB-9324-4B6C-A780-08C82F40683C","name":"TNLP006726 - Nova Zembla 18, Noord-Scharwoude","address":"18 Nova Zembla","city":"Noord-Scharwoude","operatorName":"TotalEnergies","maxPowerKw":17,"isMegawatt":false,"status":"UNAVAILABLE","source":"ndw"}},{"type":"Feature","geometry":{"type":"Point","coordinates":[4.820934,52.646065]},"properties":{"type":"charge","layer":"passenger","locationId":"43C102DC-21D0-4330-84C5-DCA843258621","name":"TNLP015232 - Annie van Hattemtuin 4, Heerhugowaard","address":"4 Annie van Hattemtuin","city":"Heerhugowaard","operatorName":"TotalEnergies","maxPowerKw":17,"isMegawatt":false,"status":"UNAVAILABLE","source":"ndw"}},{"type":"Feature","geometry":{"type":"Point","coordinates":[4.832593,52.649666]},"properties":{"type":"charge","layer":"passenger","locationId":"E8C9AF23-CBD2-4030-83A8-B2569F3920F8","name":"PP005545 - Weerelaan 123, Heerhugowaard","address":"123 Weerelaan","city":"Heerhugowaard","operatorName":"TotalEnergies","maxPowerKw":11,"isMegawatt":false,"status":"UNAVAILABLE","source":"ndw"}},{"type":"Feature","geometry":{"type":"Point","coordinates":[4.848453,52.708813]},"properties":{"type":"charge","layer":"passenger","locationId":"04D7AA74-04B7-4580-AC2F-9121257120CC","name":"TNLP008807 - Kleine Geldebosch 7, Heerhugowaard","address":"7 Kleine Geldebosch","city":"Heerhugowaard","operatorName":"TotalEnergies","maxPowerKw":14,"isMegawatt":false,"status":"UNAVAILABLE","source":"ndw"}},{"type":"Feature","geometry":{"type":"Point","coordinates":[4.835877,52.67486]},"properties":{"type":"charge","layer":"passenger","locationId":"f8d0eebf-391b-4035-8b1c-325ac9c4114a","name":"TNLP006564 - Hectorlaan 7, Heerhugowaard","address":"7 Hectorlaan","city":"Heerhugowaard","operatorName":"TotalEnergies","maxPowerKw":15,"isMegawatt":false,"status":"AVAILABLE","source":"ndw"}},{"type":"Feature","geometry":{"type":"Point","coordinates":[4.8036455,52.644596]},"properties":{"type":"charge","layer":"passenger","locationId":"1892","name":"Shell Recharge NL Hemelboog Binnen 8","address":"Hemelboog Binnen 8","city":"Heerhugowaard","operatorName":"Ubitricity","maxPowerKw":22,"isMegawatt":false,"status":"AVAILABLE","source":"ndw","priceKwh":0.267}},{"type":"Feature","geometry":{"type":"Point","coordinates":[4.79891,52.68616]},"properties":{"type":"charge","layer":"passenger","locationId":"78320855-90B0-4FB7-BB22-7EC5734B0B71","name":"TNLP003571 - Bosgroet 14, Zuid-Scharwoude","address":"14 Bosgroet","city":"Zuid-Scharwoude","operatorName":"TotalEnergies","maxPowerKw":17,"isMegawatt":false,"status":"AVAILABLE","source":"ndw"}},{"type":"Feature","geometry":{"type":"Point","coordinates":[4.804688,52.712093]},"properties":{"type":"charge","layer":"passenger","locationId":"2D5C10D5-1629-485D-90B6-1BE8FF409277","name":"TNLP005909 - Zaagmolenweg 1, Oudkarspel","address":"1 Zaagmolenweg","city":"Oudkarspel","operatorName":"TotalEnergies","maxPowerKw":17,"isMegawatt":false,"status":"UNAVAILABLE","source":"ndw"}},{"type":"Feature","geometry":{"type":"Point","coordinates":[4.78937,52.65835]},"properties":{"type":"charge","layer":"passenger","locationId":"B569C740-6C5B-4C2C-9FD1-58FCFC857F08","name":"PP005147 - Prunuslaan 34, Sint Pancras","address":"34 Prunuslaan","city":"Sint Pancras","operatorName":"TotalEnergies","maxPowerKw":13,"isMegawatt":false,"status":"AVAILABLE","source":"ndw"}},{"type":"Feature","geometry":{"type":"Point","coordinates":[4.801652,52.647266]},"properties":{"type":"charge","layer":"passenger","locationId":"F7044B6D-9EF0-46B6-A9BD-AE67D7A2D992","name":"TNLP008281 - Noorderlicht 101, Heerhugowaard","address":"101 Noorderlicht","city":"Heerhugowaard","operatorName":"TotalEnergies","maxPowerKw":13,"isMegawatt":false,"status":"UNAVAILABLE","source":"ndw"}},{"type":"Feature","geometry":{"type":"Point","coordinates":[4.80414,52.6545]},"properties":{"type":"charge","layer":"passenger","locationId":"205","name":"Shell Recharge NL Velduil 29","address":"Velduil 29","city":"Heerhugowaard","operatorName":"Ubitricity","maxPowerKw":11,"isMegawatt":false,"status":"AVAILABLE","source":"ndw","priceKwh":0.392}},{"type":"Feature","geometry":{"type":"Point","coordinates":[4.81854,52.651864]},"properties":{"type":"charge","layer":"passenger","locationId":"91231650","name":"50five-S NL 03004511","address":"Charlotte Köhlertuin 17","city":"Heerhugowaard","operatorName":"50five","maxPowerKw":4,"isMegawatt":false,"status":"AVAILABLE","source":"ndw"}},{"type":"Feature","geometry":{"type":"Point","coordinates":[4.801249,52.67792]},"properties":{"type":"charge","layer":"passenger","locationId":"68f6081c55fe332fc76fa56b","name":"Keizelbos A","address":"Keizelbos 1","city":"Broek op langedijk","operatorName":"E-Flux by Road","maxPowerKw":22,"isMegawatt":false,"status":"AVAILABLE","source":"ndw","priceKwh":0.43}},{"type":"Feature","geometry":{"type":"Point","coordinates":[4.824575,52.66476]},"properties":{"type":"charge","layer":"passenger","locationId":"F2FC0430-0733-4401-89B7-DF22AA8902CF","name":"TNLP009788 - Parelhof 1a, Heerhugowaard","address":"1a Parelhof","city":"Heerhugowaard","operatorName":"TotalEnergies","maxPowerKw":17,"isMegawatt":false,"status":"AVAILABLE","source":"ndw"}},{"type":"Feature","geometry":{"type":"Point","coordinates":[4.815053,52.64154]},"properties":{"type":"charge","layer":"passenger","locationId":"08B0F80A-8A0D-49C9-B563-50D2077B3863","name":"TNLP034069 - Melisse 33, Heerhugowaard","address":"33 Melisse","city":"Heerhugowaard","operatorName":"TotalEnergies","maxPowerKw":13,"isMegawatt":false,"status":"UNAVAILABLE","source":"ndw"}},{"type":"Feature","geometry":{"type":"Point","coordinates":[4.8316,52.64994]},"properties":{"type":"charge","layer":"passenger","locationId":"DA09D1FC-7B87-4ED7-9219-8BF72149606A","name":"TNLP008353 - Burgplantsoen 17, Heerhugowaard","address":"17 Burgplantsoen","city":"Heerhugowaard","operatorName":"TotalEnergies","maxPowerKw":13,"isMegawatt":false,"status":"UNAVAILABLE","source":"ndw"}},{"type":"Feature","geometry":{"type":"Point","coordinates":[4.807345,52.65579]},"properties":{"type":"charge","layer":"passenger","locationId":"513842F2-7BE7-4FF1-83C3-0146DD3006E2","name":"TNLP005724 - Walvisplein 36, Heerhugowaard","address":"36 Walvisplein","city":"Heerhugowaard","operatorName":"TotalEnergies","maxPowerKw":17,"isMegawatt":false,"status":"UNAVAILABLE","source":"ndw"}},{"type":"Feature","geometry":{"type":"Point","coordinates":[4.796141,52.68099]},"properties":{"type":"charge","layer":"passenger","locationId":"8D0BAD5F-D1A8-4028-8EDA-3ADBA815C034","name":"TNLP034622 - Klaversloot 16, Broek op Langedijk","address":"16 Klaversloot","city":"Broek op Langedijk","operatorName":"TotalEnergies","maxPowerKw":13,"isMegawatt":false,"status":"UNAVAILABLE","source":"ndw"}},{"type":"Feature","geometry":{"type":"Point","coordinates":[4.830047,52.655266]},"properties":{"type":"charge","layer":"passenger","locationId":"5D7F8A17-1420-40EB-B2EB-6EF0A5E50042","name":"TNLP007497 - Wipmolen 1, Heerhugowaard","address":"1 Wipmolen","city":"Heerhugowaard","operatorName":"TotalEnergies","maxPowerKw":17,"isMegawatt":false,"status":"UNAVAILABLE","source":"ndw"}},{"type":"Feature","geometry":{"type":"Point","coordinates":[4.799567,52.678275]},"properties":{"type":"charge","layer":"passenger","locationId":"67a0cd9022a3b2d4855648f5","name":"Grotendorst 1","address":"Grotendorst 1","city":"Broek op Langedijk","operatorName":"E-Flux by Road","maxPowerKw":22,"isMegawatt":false,"status":"AVAILABLE","source":"ndw","priceKwh":0.401}},{"type":"Feature","geometry":{"type":"Point","coordinates":[4.803336,52.6639]},"properties":{"type":"charge","layer":"passenger","locationId":"94B8387C-6487-45E5-881A-E2428E3C4426","name":"TNLP006679 - Heijnkesakker 16, Heerhugowaard","address":"16 Heijnkesakker","city":"Heerhugowaard","operatorName":"TotalEnergies","maxPowerKw":17,"isMegawatt":false,"status":"UNAVAILABLE","source":"ndw"}},{"type":"Feature","geometry":{"type":"Point","coordinates":[4.824129,52.656994]},"properties":{"type":"charge","layer":"passenger","locationId":"7C281576-C2CB-43A7-9F74-3B2FB85D8910","name":"TNLP006691 - Lek 1, Heerhugowaard","address":"1 Lek","city":"Heerhugowaard","operatorName":"TotalEnergies","maxPowerKw":17,"isMegawatt":false,"status":"UNAVAILABLE","source":"ndw"}},{"type":"Feature","geometry":{"type":"Point","coordinates":[4.83269,52.65846]},"properties":{"type":"charge","layer":"passenger","locationId":"D1CD55E1-2771-465B-99E0-2C0C5D52B00D","name":"TNLP007471 - Torenmolen 65, Heerhugowaard","address":"65 Torenmolen","city":"Heerhugowaard","operatorName":"TotalEnergies","maxPowerKw":17,"isMegawatt":false,"status":"UNAVAILABLE","source":"ndw"}},{"type":"Feature","geometry":{"type":"Point","coordinates":[4.801188,52.6773]},"properties":{"type":"charge","layer":"passenger","locationId":"67ee4c6f005ce9e08b3cdf33","name":"Statedijk 1","address":"Statedijk 1","city":"Broek op Langedijk","operatorName":"E-Flux by Road","maxPowerKw":11,"isMegawatt":false,"status":"AVAILABLE","source":"ndw","priceKwh":0.53}},{"type":"Feature","geometry":{"type":"Point","coordinates":[4.844997,52.709435]},"properties":{"type":"charge","layer":"passenger","locationId":"1376F49F-3100-42C6-83F0-73D3CA579934","name":"TNLP007687 - De Wolfshop 27, Heerhugowaard","address":"27 De Wolfshop","city":"Heerhugowaard","operatorName":"TotalEnergies","maxPowerKw":17,"isMegawatt":false,"status":"UNAVAILABLE","source":"ndw"}},{"type":"Feature","geometry":{"type":"Point","coordinates":[4.80991,52.64788]},"properties":{"type":"charge","layer":"passenger","locationId":"5985351c-8c73-4e9a-b104-d77b5a9524e3","name":"PP001613 - Corona 1, Heerhugowaard","address":"1 Corona","city":"Heerhugowaard","operatorName":"TotalEnergies","maxPowerKw":11,"isMegawatt":false,"status":"AVAILABLE","source":"ndw"}},{"type":"Feature","geometry":{"type":"Point","coordinates":[4.801188,52.6773]},"properties":{"type":"charge","layer":"passenger","locationId":"67ee4f4ff84d3752f66ee0fa","name":"Statedijk 5","address":"Statedijk 1","city":"Broek op Langedijk","operatorName":"E-Flux by Road","maxPowerKw":11,"isMegawatt":false,"status":"AVAILABLE","source":"ndw","priceKwh":0.53}},{"type":"Feature","geometry":{"type":"Point","coordinates":[4.8587,52.67841]},"properties":{"type":"charge","layer":"passenger","locationId":"569348e5fc21c22aec9a8634baecbad1","name":"Aert de Gelderlaan 4","address":"Aert de Gelderlaan 4","city":"Heerhugowaard","operatorName":"Vattenfall InCharge","maxPowerKw":11,"isMegawatt":false,"status":"AVAILABLE","source":"ndw","priceKwh":0.2805}},{"type":"Feature","geometry":{"type":"Point","coordinates":[4.804457,52.709473]},"properties":{"type":"charge","layer":"passenger","locationId":"ECBC46E5-CA82-46F0-ADFD-2F8EFE6C5F34","name":"TNLP006379 - Waterdrieblad 59, Oudkarspel","address":"59 Waterdrieblad","city":"Oudkarspel","operatorName":"TotalEnergies","maxPowerKw":17,"isMegawatt":false,"status":"UNAVAILABLE","source":"ndw"}},{"type":"Feature","geometry":{"type":"Point","coordinates":[4.81558,52.688562]},"properties":{"type":"charge","layer":"passenger","locationId":"91099134","name":"50five-S NL 07107245","address":"Lepelaar 38","city":"Zuid-Scharwoude","operatorName":"50five","maxPowerKw":11,"isMegawatt":false,"status":"AVAILABLE","source":"ndw"}},{"type":"Feature","geometry":{"type":"Point","coordinates":[4.820827,52.667791]},"properties":{"type":"charge","layer":"passenger","locationId":"4305","name":"50five Exploitatie Het Zakenstation Heergugowaard","address":"Stationsplein 99","city":"Heerhugowaard","operatorName":"50five","maxPowerKw":22,"isMegawatt":false,"status":"AVAILABLE","source":"ndw"}},{"type":"Feature","geometry":{"type":"Point","coordinates":[4.87035,52.6715]},"properties":{"type":"charge","layer":"passenger","locationId":"391DFC4B-6308-4C07-A101-1DD2E77D9B1F","name":"TNLP034062 - Vossenstaartpad 11, Heerhugowaard","address":"11 Vossenstaartpad","city":"Heerhugowaard","operatorName":"TotalEnergies","maxPowerKw":13,"isMegawatt":false,"status":"UNAVAILABLE","source":"ndw"}},{"type":"Feature","geometry":{"type":"Point","coordinates":[4.81726,52.66059]},"properties":{"type":"charge","layer":"passenger","locationId":"b4695612-5d18-449c-9535-ab323c0bf294","name":"PP001203 - Granaat 12, Heerhugowaard","address":"12 Granaat","city":"Heerhugowaard","operatorName":"TotalEnergies","maxPowerKw":11,"isMegawatt":false,"status":"AVAILABLE","source":"ndw"}},{"type":"Feature","geometry":{"type":"Point","coordinates":[4.822185,52.65604]},"properties":{"type":"charge","layer":"passenger","locationId":"1D2E9DF9-2E6E-4A0C-A628-FA466716147F","name":"TNLP008501 - Rijn 4, Heerhugowaard","address":"4 Rijn","city":"Heerhugowaard","operatorName":"TotalEnergies","maxPowerKw":14,"isMegawatt":false,"status":"AVAILABLE","source":"ndw"}},{"type":"Feature","geometry":{"type":"Point","coordinates":[4.835288,52.670383]},"properties":{"type":"charge","layer":"passenger","locationId":"2655C13A-5C50-4011-9BE9-77C0D4CF7FD1","name":"TNLP006983 - Ariellaan 2, Heerhugowaard","address":"2 Ariellaan","city":"Heerhugowaard","operatorName":"TotalEnergies","maxPowerKw":17,"isMegawatt":false,"status":"UNAVAILABLE","source":"ndw"}},{"type":"Feature","geometry":{"type":"Point","coordinates":[4.82624,52.64459]},"properties":{"type":"charge","layer":"passenger","locationId":"849c1016-0efc-4fd0-89e6-0a8f807e0c1b","name":"PP001152 - Frida Katzland 2, Heerhugowaard","address":"2 Frida Katzland","city":"Heerhugowaard","operatorName":"TotalEnergies","maxPowerKw":11,"isMegawatt":false,"status":"AVAILABLE","source":"ndw"}},{"type":"Feature","geometry":{"type":"Point","coordinates":[4.81846,52.66739]},"properties":{"type":"charge","layer":"passenger","locationId":"632F6790-8AC0-49E1-86B3-B8E0E565FB26","name":"Eneco eMobility VWML - Dudokweg 19 - Heerhugowaard","address":"W.M. Dudokweg 19","city":"Heerhugowaard","operatorName":"Eneco","maxPowerKw":11,"isMegawatt":false,"status":"AVAILABLE","source":"ndw","priceKwh":0.33}},{"type":"Feature","geometry":{"type":"Point","coordinates":[4.81268,52.65812]},"properties":{"type":"charge","layer":"passenger","locationId":"199","name":"Shell Recharge NL Nevelpanter 2","address":"Nevelpanter 2","city":"Heerhugowaard","operatorName":"Ubitricity","maxPowerKw":11,"isMegawatt":false,"status":"AVAILABLE","source":"ndw","priceKwh":0.392}},{"type":"Feature","geometry":{"type":"Point","coordinates":[4.8294764,52.649173]},"properties":{"type":"charge","layer":"passenger","locationId":"2369","name":"Shell Recharge NL Burgplantsoen 65","address":"Burgplantsoen 65","city":"Heerhugowaard","operatorName":"Ubitricity","maxPowerKw":22,"isMegawatt":false,"status":"AVAILABLE","source":"ndw","priceKwh":0.267}},{"type":"Feature","geometry":{"type":"Point","coordinates":[4.847903,52.67093]},"properties":{"type":"charge","layer":"passenger","locationId":"bd1be4ba8e8e50d9ed83220a0b0bf4cd","name":"Middenweg 245","address":"Middenweg 245","city":"Heerhugowaard","operatorName":"Vattenfall InCharge","maxPowerKw":11,"isMegawatt":false,"status":"AVAILABLE","source":"ndw","priceKwh":0.2805}},{"type":"Feature","geometry":{"type":"Point","coordinates":[4.820271,52.656821]},"properties":{"type":"charge","layer":"passenger","locationId":"0b5ce78e60326c5efe42da219612522e","name":"Beryl 16","address":"Beryl 16","city":"Heerhugowaard","operatorName":"Vattenfall InCharge","maxPowerKw":11,"isMegawatt":false,"status":"AVAILABLE","source":"ndw","priceKwh":0.2805}},{"type":"Feature","geometry":{"type":"Point","coordinates":[4.8231,52.649006]},"properties":{"type":"charge","layer":"passenger","locationId":"DD49AD91-D62E-404E-91A3-48A1E2F4688E","name":"TNLP008337 - Helena Merciertuin 35, Heerhugowaard","address":"35 Helena Merciertuin","city":"Heerhugowaard","operatorName":"TotalEnergies","maxPowerKw":14,"isMegawatt":false,"status":"UNAVAILABLE","source":"ndw"}},{"type":"Feature","geometry":{"type":"Point","coordinates":[4.782102,52.655594]},"properties":{"type":"charge","layer":"passenger","locationId":"E640645D-B6C6-43F3-BB86-CE5D756C31E0","name":"TNLP015345 - Fazantenlaan 38, Sint Pancras","address":"38 Fazantenlaan","city":"Sint Pancras","operatorName":"TotalEnergies","maxPowerKw":13,"isMegawatt":false,"status":"AVAILABLE","source":"ndw"}},{"type":"Feature","geometry":{"type":"Point","coordinates":[4.833474,52.66796]},"properties":{"type":"charge","layer":"passenger","locationId":"AA8F53B2-001C-4571-ABE1-828287F55F19","name":"TNLP007154 - Da Costastraat 18, Heerhugowaard","address":"18 Da Costastraat","city":"Heerhugowaard","operatorName":"TotalEnergies","maxPowerKw":17,"isMegawatt":false,"status":"UNAVAILABLE","source":"ndw"}},{"type":"Feature","geometry":{"type":"Point","coordinates":[4.831399,52.669502]},"properties":{"type":"charge","layer":"passenger","locationId":"EEFB6D23-A1DE-4E72-B0EA-55C573F522C2","name":"TNLP005835 - Saturnuslaan 25, Heerhugowaard","address":"25 Saturnuslaan","city":"Heerhugowaard","operatorName":"TotalEnergies","maxPowerKw":11,"isMegawatt":false,"status":"UNAVAILABLE","source":"ndw"}},{"type":"Feature","geometry":{"type":"Point","coordinates":[4.855239,52.676666]},"properties":{"type":"charge","layer":"passenger","locationId":"1b6c8399cce1a9ba1f678af0a1e3a100","name":"J. van de Veldelaan 19","address":"J. van de Veldelaan 19","city":"Heerhugowaard","operatorName":"Vattenfall InCharge","maxPowerKw":11,"isMegawatt":false,"status":"AVAILABLE","source":"ndw","priceKwh":0.2805}},{"type":"Feature","geometry":{"type":"Point","coordinates":[4.843697,52.669983]},"properties":{"type":"charge","layer":"passenger","locationId":"699B8825-81AC-4657-BFA8-BC79415651A2","name":"PP002517 - Raadhuisplein 46, Heerhugowaard","address":"46 Raadhuisplein","city":"Heerhugowaard","operatorName":"TotalEnergies","maxPowerKw":13,"isMegawatt":false,"status":"UNAVAILABLE","source":"ndw"}},{"type":"Feature","geometry":{"type":"Point","coordinates":[4.808414,52.646359]},"properties":{"type":"charge","layer":"passenger","locationId":"a000cea2-d966-4209-9269-a465812944f2","name":"TNLP006926","address":"Meridiaan 1","city":"Heerhugowaard","operatorName":"TotalEnergies","maxPowerKw":17,"isMegawatt":false,"status":"AVAILABLE","source":"ndw"}},{"type":"Feature","geometry":{"type":"Point","coordinates":[4.828418,52.66605]},"properties":{"type":"charge","layer":"passenger","locationId":"D1D74079-1B93-4357-932F-EC3B9836404E","name":"TNLP009339 - Gorterlaan 19, Heerhugowaard","address":"19 Gorterlaan","city":"Heerhugowaard","operatorName":"TotalEnergies","maxPowerKw":17,"isMegawatt":false,"status":"UNAVAILABLE","source":"ndw"}},{"type":"Feature","geometry":{"type":"Point","coordinates":[4.8430766,52.6742762]},"properties":{"type":"charge","layer":"passenger","locationId":"1890","name":"Shell Recharge NL Jac. Coorenlaan 1","address":"Jac. Coorenlaan 1","city":"Heerhugowaard","operatorName":"Ubitricity","maxPowerKw":22,"isMegawatt":false,"status":"AVAILABLE","source":"ndw","priceKwh":0.267}},{"type":"Feature","geometry":{"type":"Point","coordinates":[4.805563,52.686047]},"properties":{"type":"charge","layer":"passenger","locationId":"6C2EFC95-7D2F-427E-9155-9FF03E0C1538","name":"TNLP006729 - Klipper 59, Broek op Langedijk","address":"59 Klipper","city":"Broek op Langedijk","operatorName":"TotalEnergies","maxPowerKw":15,"isMegawatt":false,"status":"CHARGING","source":"ndw"}},{"type":"Feature","geometry":{"type":"Point","coordinates":[4.81321,52.70516]},"properties":{"type":"charge","layer":"passenger","locationId":"62341255f3da5b36f9d8838e2bf6358b","name":"Oranjestraat 4","address":"Oranjestraat 4","city":"Noord-Scharwoude","operatorName":"Vattenfall InCharge","maxPowerKw":11,"isMegawatt":false,"status":"AVAILABLE","source":"ndw","priceKwh":0.2805}},{"type":"Feature","geometry":{"type":"Point","coordinates":[4.80823,52.647457]},"properties":{"type":"charge","layer":"passenger","locationId":"B592BA76-C02E-4F3F-8994-B13EADFDE5C6","name":"TNLP008193 - Brandpunt 41, Heerhugowaard","address":"41 Brandpunt","city":"Heerhugowaard","operatorName":"TotalEnergies","maxPowerKw":17,"isMegawatt":false,"status":"UNAVAILABLE","source":"ndw"}},{"type":"Feature","geometry":{"type":"Point","coordinates":[4.81081,52.69293]},"properties":{"type":"charge","layer":"passenger","locationId":"E901DDAC-A86E-41C9-B72E-D999DEF04668","name":"TNLP034285 - Rietvoorn 29, Zuid-Scharwoude","address":"29 Rietvoorn","city":"Zuid-Scharwoude","operatorName":"TotalEnergies","maxPowerKw":13,"isMegawatt":false,"status":"UNAVAILABLE","source":"ndw"}},{"type":"Feature","geometry":{"type":"Point","coordinates":[4.847742,52.649036]},"properties":{"type":"charge","layer":"passenger","locationId":"91150042","name":"50five-S NL 07115284","address":"Rustenburgerweg 110F","city":"Heerhugowaard","operatorName":"50five","maxPowerKw":11,"isMegawatt":false,"status":"AVAILABLE","source":"ndw"}},{"type":"Feature","geometry":{"type":"Point","coordinates":[4.80685,52.67438]},"properties":{"type":"charge","layer":"passenger","locationId":"bc3458d5-ecf3-4000-81a8-3355b8e279b6","name":"PP001339 - Prins Hendrikkade 8, Broek op Langedijk","address":"8 Prins Hendrikkade","city":"Broek op Langedijk","operatorName":"TotalEnergies","maxPowerKw":11,"isMegawatt":false,"status":"AVAILABLE","source":"ndw"}},{"type":"Feature","geometry":{"type":"Point","coordinates":[4.807028,52.673615]},"properties":{"type":"charge","layer":"passenger","locationId":"A659AF08-502E-413D-A62D-37A6FF138F32","name":"TNLP007221 - Prinses Marijkestraat 32, Broek op Langedijk","address":"32 Prinses Marijkestraat","city":"Broek op Langedijk","operatorName":"TotalEnergies","maxPowerKw":17,"isMegawatt":false,"status":"UNAVAILABLE","source":"ndw"}},{"type":"Feature","geometry":{"type":"Point","coordinates":[4.867716,52.66759]},"properties":{"type":"charge","layer":"passenger","locationId":"0B3DA70B-9301-4046-94B0-D14C50189A56","name":"TNLP009746 - Madeliefstraat 8S, Heerhugowaard","address":"8S Madeliefstraat","city":"Heerhugowaard","operatorName":"TotalEnergies","maxPowerKw":17,"isMegawatt":false,"status":"UNAVAILABLE","source":"ndw"}},{"type":"Feature","geometry":{"type":"Point","coordinates":[4.8520769,52.6769117]},"properties":{"type":"charge","layer":"passenger","locationId":"959","name":"Shell Recharge NL J. van de Veldelaan 54","address":"J. van de Veldelaan 54","city":"Heerhugowaard","operatorName":"Ubitricity","maxPowerKw":22,"isMegawatt":false,"status":"AVAILABLE","source":"ndw","priceKwh":0.267}},{"type":"Feature","geometry":{"type":"Point","coordinates":[4.795818,52.684883]},"properties":{"type":"charge","layer":"passenger","locationId":"1C78917E-341E-4870-A88E-4CFB1D957FB3","name":"TNLP009208 - Bosgroet 91, Zuid-Scharwoude","address":"91 Bosgroet","city":"Zuid-Scharwoude","operatorName":"TotalEnergies","maxPowerKw":17,"isMegawatt":false,"status":"UNAVAILABLE","source":"ndw"}},{"type":"Feature","geometry":{"type":"Point","coordinates":[4.81126,52.6534]},"properties":{"type":"charge","layer":"passenger","locationId":"39DC2D40-CA75-432F-A94D-A9A7125951BC","name":"PP004040 - Keizerfazant 35, Heerhugowaard","address":"35 Keizerfazant","city":"Heerhugowaard","operatorName":"TotalEnergies","maxPowerKw":11,"isMegawatt":false,"status":"UNAVAILABLE","source":"ndw"}},{"type":"Feature","geometry":{"type":"Point","coordinates":[4.82504,52.662926]},"properties":{"type":"charge","layer":"passenger","locationId":"C5B4E2DF-2E6A-4807-9931-37FC9F470A12","name":"TNLP006665 - Jade 37, Heerhugowaard","address":"37 Jade","city":"Heerhugowaard","operatorName":"TotalEnergies","maxPowerKw":17,"isMegawatt":false,"status":"UNAVAILABLE","source":"ndw"}},{"type":"Feature","geometry":{"type":"Point","coordinates":[4.862134,52.67]},"properties":{"type":"charge","layer":"passenger","locationId":"CD861918-1B8E-44CB-9EE6-EBA6DD6E5A39","name":"TNLP009179 - Oeverzeggeweg 14, Heerhugowaard","address":"14 Oeverzeggeweg","city":"Heerhugowaard","operatorName":"TotalEnergies","maxPowerKw":15,"isMegawatt":false,"status":"AVAILABLE","source":"ndw"}},{"type":"Feature","geometry":{"type":"Point","coordinates":[4.816046,52.701405]},"properties":{"type":"charge","layer":"passenger","locationId":"3653F72C-47C8-4643-8D0F-487629023A66","name":"TNLP008198 - Oosterstraat 71, Noord-Scharwoude","address":"71 Oosterstraat","city":"Noord-Scharwoude","operatorName":"TotalEnergies","maxPowerKw":17,"isMegawatt":false,"status":"UNAVAILABLE","source":"ndw"}},{"type":"Feature","geometry":{"type":"Point","coordinates":[4.790981,52.684128]},"properties":{"type":"charge","layer":"passenger","locationId":"C2184494-E843-4B28-AAE0-FFC95A2A0225","name":"TNLP005747 - Haskelant 21, Zuid-Scharwoude","address":"21 Haskelant","city":"Zuid-Scharwoude","operatorName":"TotalEnergies","maxPowerKw":11,"isMegawatt":false,"status":"UNAVAILABLE","source":"ndw"}},{"type":"Feature","geometry":{"type":"Point","coordinates":[4.792451,52.660816]},"properties":{"type":"charge","layer":"passenger","locationId":"ABB54DB8-852E-4BC9-95E0-0C167BD03674","name":"TNLP006920 - Magnolialaan 89, Sint Pancras","address":"89 Magnolialaan","city":"Sint Pancras","operatorName":"TotalEnergies","maxPowerKw":15,"isMegawatt":false,"status":"UNAVAILABLE","source":"ndw"}},{"type":"Feature","geometry":{"type":"Point","coordinates":[4.816117,52.642113]},"properties":{"type":"charge","layer":"passenger","locationId":"D8B80F1F-1EB3-4B29-8EAF-90A0F9DCC707","name":"TNLP009610 - Tijm 23, Heerhugowaard","address":"23 Tijm","city":"Heerhugowaard","operatorName":"TotalEnergies","maxPowerKw":15,"isMegawatt":false,"status":"AVAILABLE","source":"ndw"}},{"type":"Feature","geometry":{"type":"Point","coordinates":[4.806015,52.652973]},"properties":{"type":"charge","layer":"passenger","locationId":"F1F3387E-A718-4D03-B8BA-599576615FC7","name":"TNLP008413 - Velduil 1, Heerhugowaard","address":"1 Velduil","city":"Heerhugowaard","operatorName":"TotalEnergies","maxPowerKw":13,"isMegawatt":false,"status":"UNAVAILABLE","source":"ndw"}},{"type":"Feature","geometry":{"type":"Point","coordinates":[4.830527,52.67042]},"properties":{"type":"charge","layer":"passenger","locationId":"E95FEE08-9CA3-417C-9650-08400EBCD619","name":"TNLP008179 - Jupiterlaan 28, Heerhugowaard","address":"28 Jupiterlaan","city":"Heerhugowaard","operatorName":"TotalEnergies","maxPowerKw":17,"isMegawatt":false,"status":"UNAVAILABLE","source":"ndw"}},{"type":"Feature","geometry":{"type":"Point","coordinates":[4.839665,52.679363]},"properties":{"type":"charge","layer":"passenger","locationId":"F12836D5-5A51-495A-AF19-752B1BCBB2AA","name":"TNLP006550 - De Vork 4, Heerhugowaard","address":"4 De Vork","city":"Heerhugowaard","operatorName":"TotalEnergies","maxPowerKw":15,"isMegawatt":false,"status":"AVAILABLE","source":"ndw"}},{"type":"Feature","geometry":{"type":"Point","coordinates":[4.823729,52.661037]},"properties":{"type":"charge","layer":"passenger","locationId":"A82A234D-82A9-434B-B76E-5FEB0FFD8854","name":"TNLP009908 - Veldspaat 2, Heerhugowaard","address":"2 Veldspaat","city":"Heerhugowaard","operatorName":"TotalEnergies","maxPowerKw":17,"isMegawatt":false,"status":"UNAVAILABLE","source":"ndw"}},{"type":"Feature","geometry":{"type":"Point","coordinates":[4.857663,52.669884]},"properties":{"type":"charge","layer":"passenger","locationId":"67085B7F-38D8-4C55-AA19-D29FC11689C6","name":"TNLP008840 - Van Ostadelaan 93, Heerhugowaard","address":"93 Van Ostadelaan","city":"Heerhugowaard","operatorName":"TotalEnergies","maxPowerKw":14,"isMegawatt":false,"status":"AVAILABLE","source":"ndw"}},{"type":"Feature","geometry":{"type":"Point","coordinates":[4.80398,52.68056]},"properties":{"type":"charge","layer":"passenger","locationId":"16b3b66a-d36b-45c0-b394-230cda66c199","name":"PP001126 - Voorburggracht 10, Broek op Langedijk","address":"10 Voorburggracht","city":"Broek op Langedijk","operatorName":"TotalEnergies","maxPowerKw":17,"isMegawatt":false,"status":"UNAVAILABLE","source":"ndw"}},{"type":"Feature","geometry":{"type":"Point","coordinates":[4.816423,52.69827]},"properties":{"type":"charge","layer":"passenger","locationId":"09C428F6-F121-4241-8059-2287678220FD","name":"TNLP009748 - Dokter Wilminkstraat 5, Noord-Scharwoude","address":"5 Dokter Wilminkstraat","city":"Noord-Scharwoude","operatorName":"TotalEnergies","maxPowerKw":17,"isMegawatt":false,"status":"UNAVAILABLE","source":"ndw"}},{"type":"Feature","geometry":{"type":"Point","coordinates":[4.817632,52.662028]},"properties":{"type":"charge","layer":"passenger","locationId":"91299595","name":"50five-S NL Location","address":"119","city":"Heerhugowaard","operatorName":"50five","maxPowerKw":11,"isMegawatt":false,"status":"AVAILABLE","source":"ndw"}},{"type":"Feature","geometry":{"type":"Point","coordinates":[4.839007,52.663536]},"properties":{"type":"charge","layer":"passenger","locationId":"9215C9FF-B3F2-4785-B3C0-607EA46C7D27","name":"TNLP006712 - Buddlejalaan 90, Heerhugowaard","address":"90 Buddlejalaan","city":"Heerhugowaard","operatorName":"TotalEnergies","maxPowerKw":17,"isMegawatt":false,"status":"UNAVAILABLE","source":"ndw"}},{"type":"Feature","geometry":{"type":"Point","coordinates":[4.800021,52.712154]},"properties":{"type":"charge","layer":"passenger","locationId":"2D9522D7-0AD5-48BF-A85F-4EF7B6CFB2BD","name":"TNLP007972 - Perzikkruid 2, Oudkarspel","address":"2 Perzikkruid","city":"Oudkarspel","operatorName":"TotalEnergies","maxPowerKw":15,"isMegawatt":false,"status":"AVAILABLE","source":"ndw"}},{"type":"Feature","geometry":{"type":"Point","coordinates":[4.809911,52.646152]},"properties":{"type":"charge","layer":"passenger","locationId":"CDFDCF86-D29F-41BA-BCB9-D97EDF2A3D40","name":"TNLP015240 - Hof van Ra 57, Heerhugowaard","address":"57 Hof van Ra","city":"Heerhugowaard","operatorName":"TotalEnergies","maxPowerKw":15,"isMegawatt":false,"status":"UNAVAILABLE","source":"ndw"}},{"type":"Feature","geometry":{"type":"Point","coordinates":[4.845858,52.661274]},"properties":{"type":"charge","layer":"passenger","locationId":"360212B3-D8FD-4A5E-A24A-3EF667642541","name":"TNLP008210 - Platanenlaan 88, Heerhugowaard","address":"88 Platanenlaan","city":"Heerhugowaard","operatorName":"TotalEnergies","maxPowerKw":17,"isMegawatt":false,"status":"UNAVAILABLE","source":"ndw"}},{"type":"Feature","geometry":{"type":"Point","coordinates":[4.864182,52.670704]},"properties":{"type":"charge","layer":"passenger","locationId":"783FA85C-B26A-416A-8481-9ED826D686D8","name":"TNLP009294 - Zeebiesstraat 10, Heerhugowaard","address":"10 Zeebiesstraat","city":"Heerhugowaard","operatorName":"TotalEnergies","maxPowerKw":15,"isMegawatt":false,"status":"AVAILABLE","source":"ndw"}},{"type":"Feature","geometry":{"type":"Point","coordinates":[4.809659,52.643646]},"properties":{"type":"charge","layer":"passenger","locationId":"4A2FEF08-C7A2-4CF8-8A14-6C711410D7C8","name":"TNLP007932 - Eiland van Surya 7, Heerhugowaard","address":"7 Eiland van Surya","city":"Heerhugowaard","operatorName":"TotalEnergies","maxPowerKw":17,"isMegawatt":false,"status":"UNAVAILABLE","source":"ndw"}},{"type":"Feature","geometry":{"type":"Point","coordinates":[4.791562,52.68202]},"properties":{"type":"charge","layer":"passenger","locationId":"DBDD6C1B-2FD0-4A4D-8022-58F1BD801972","name":"TNLP006728 - Bonoort 30, Broek op Langedijk","address":"30 Bonoort","city":"Broek op Langedijk","operatorName":"TotalEnergies","maxPowerKw":17,"isMegawatt":false,"status":"UNAVAILABLE","source":"ndw"}},{"type":"Feature","geometry":{"type":"Point","coordinates":[4.856392,52.659042]},"properties":{"type":"charge","layer":"passenger","locationId":"673dfc92c8141a285e55d84c","name":"Beukenlaan 23","address":"Beukenlaan 23","city":"Heerhugowaard","operatorName":"E-Flux by Road","maxPowerKw":80,"isMegawatt":false,"status":"AVAILABLE","source":"ndw","priceKwh":0.56}},{"type":"Feature","geometry":{"type":"Point","coordinates":[4.821438,52.644868]},"properties":{"type":"charge","layer":"passenger","locationId":"a90c8f16-3c5e-483f-8c88-edf4e2a3ea25","name":"Cornelia van Arkeldijk","address":"Cornelia van Arkeldijk 48","city":"Heerhugowaard","operatorName":"Vattenfall InCharge","maxPowerKw":11,"isMegawatt":false,"status":"UNAVAILABLE","source":"ndw","priceKwh":0.4316}},{"type":"Feature","geometry":{"type":"Point","coordinates":[4.781105,52.703642]},"properties":{"type":"charge","layer":"passenger","locationId":"689c69e4815b420476ed3090","name":"TW Elektro","address":"Schuit  8H","city":"Oudkarspel","operatorName":"NXT Charging Solutions","maxPowerKw":22,"isMegawatt":false,"status":"AVAILABLE","source":"ndw","priceKwh":0.5}},{"type":"Feature","geometry":{"type":"Point","coordinates":[4.866227,52.676802]},"properties":{"type":"charge","layer":"passenger","locationId":"91179695","name":"50five-S NL Heerhugowaard, Krusemanlaan 5","address":"Krusemanlaan 5","city":"Heerhugowaard","operatorName":"50five","maxPowerKw":11,"isMegawatt":false,"status":"AVAILABLE","source":"ndw"}},{"type":"Feature","geometry":{"type":"Point","coordinates":[4.834783,52.649644]},"properties":{"type":"charge","layer":"passenger","locationId":"42acd3a7268740e99e409ac7a9321a27","name":"Gaard 9","address":"Gaard 9","city":"Heerhugowaard","operatorName":"Vattenfall InCharge","maxPowerKw":11,"isMegawatt":false,"status":"AVAILABLE","source":"ndw","priceKwh":0.2805}},{"type":"Feature","geometry":{"type":"Point","coordinates":[4.857194,52.66453]},"properties":{"type":"charge","layer":"passenger","locationId":"4573E86B-BD04-4C2D-B7EA-7213A98BC48D","name":"TNLP009287 - Karekietstraat 1, Heerhugowaard","address":"1 Karekietstraat","city":"Heerhugowaard","operatorName":"TotalEnergies","maxPowerKw":17,"isMegawatt":false,"status":"UNAVAILABLE","source":"ndw"}},{"type":"Feature","geometry":{"type":"Point","coordinates":[4.824354,52.697955]},"properties":{"type":"charge","layer":"passenger","locationId":"91007038","name":"Van Leeuwen De Natte balk","address":"Oosterdijk 6","city":"Zuid–Scharwoude","operatorName":"Van Leeuwen","maxPowerKw":11,"isMegawatt":false,"status":"AVAILABLE","source":"ndw"}},{"type":"Feature","geometry":{"type":"Point","coordinates":[4.816356,52.664842]},"properties":{"type":"charge","layer":"passenger","locationId":"65eaf2609c2879001c705e3c","name":"Omnyacc Heerhugowaard","address":"W.M. Dudokweg 70A","city":"Heerhugowaard","operatorName":"NXT Charging Solutions","maxPowerKw":22,"isMegawatt":false,"status":"AVAILABLE","source":"ndw","priceKwh":0.43}},{"type":"Feature","geometry":{"type":"Point","coordinates":[4.851092,52.676014]},"properties":{"type":"charge","layer":"passenger","locationId":"D0317220-9163-4418-BB1E-DA5E6F5D98AE","name":"TNLP006551 - Averkamplaan 2, Heerhugowaard","address":"2 Averkamplaan","city":"Heerhugowaard","operatorName":"TotalEnergies","maxPowerKw":17,"isMegawatt":false,"status":"UNAVAILABLE","source":"ndw"}},{"type":"Feature","geometry":{"type":"Point","coordinates":[4.865687,52.671432]},"properties":{"type":"charge","layer":"passenger","locationId":"1D4AD83D-6F73-479F-806F-95EBDF242286","name":"TNLP006762 - Zwanenbloemstraat 19, Heerhugowaard","address":"19 Zwanenbloemstraat","city":"Heerhugowaard","operatorName":"TotalEnergies","maxPowerKw":15,"isMegawatt":false,"status":"UNAVAILABLE","source":"ndw"}},{"type":"Feature","geometry":{"type":"Point","coordinates":[4.79274,52.663876]},"properties":{"type":"charge","layer":"passenger","locationId":"2AE9C82F-801D-4AD1-BA66-39087D6D6050","name":"TNLP009352 - Binnenroe 9, Sint Pancras","address":"9 Binnenroe","city":"Sint Pancras","operatorName":"TotalEnergies","maxPowerKw":15,"isMegawatt":false,"status":"AVAILABLE","source":"ndw"}},{"type":"Feature","geometry":{"type":"Point","coordinates":[4.830245,52.658123]},"properties":{"type":"charge","layer":"passenger","locationId":"48495CC3-AC96-4E34-878D-3FB74199A72C","name":"TNLP005716 - Poldermolen 52, Heerhugowaard","address":"52 Poldermolen","city":"Heerhugowaard","operatorName":"TotalEnergies","maxPowerKw":17,"isMegawatt":false,"status":"UNAVAILABLE","source":"ndw"}},{"type":"Feature","geometry":{"type":"Point","coordinates":[4.808845,52.692986]},"properties":{"type":"charge","layer":"passenger","locationId":"FE7533F1-B26D-4D88-A057-DB92C3F1FCB3","name":"TNLP008287 - Voorburggracht 168, Zuid-Scharwoude","address":"168 Voorburggracht","city":"Zuid-Scharwoude","operatorName":"TotalEnergies","maxPowerKw":13,"isMegawatt":false,"status":"UNAVAILABLE","source":"ndw"}},{"type":"Feature","geometry":{"type":"Point","coordinates":[4.805703,52.649457]},"properties":{"type":"charge","layer":"passenger","locationId":"40AD984B-81BC-489F-B85D-67D2D43837BA","name":"TNLP009556","address":"Zonnevlam 1A","city":"Heerhugowaard","operatorName":"TotalEnergies","maxPowerKw":17,"isMegawatt":false,"status":"AVAILABLE","source":"ndw"}},{"type":"Feature","geometry":{"type":"Point","coordinates":[4.824067,52.66009]},"properties":{"type":"charge","layer":"passenger","locationId":"22A6637C-05FD-474F-9927-6CB8B29A6748","name":"TNLP009688 - Bergkristal 6, Heerhugowaard","address":"6 Bergkristal","city":"Heerhugowaard","operatorName":"TotalEnergies","maxPowerKw":17,"isMegawatt":false,"status":"UNAVAILABLE","source":"ndw"}},{"type":"Feature","geometry":{"type":"Point","coordinates":[4.831028,52.650314]},"properties":{"type":"charge","layer":"passenger","locationId":"7E20F722-3496-43A5-B35A-B5CAF49F6366","name":"TNLP007966 - Burgplantsoen 36, Heerhugowaard","address":"36 Burgplantsoen","city":"Heerhugowaard","operatorName":"TotalEnergies","maxPowerKw":17,"isMegawatt":false,"status":"UNAVAILABLE","source":"ndw"}},{"type":"Feature","geometry":{"type":"Point","coordinates":[4.808075,52.681564]},"properties":{"type":"charge","layer":"passenger","locationId":"8842772F-A4B6-49F4-B16B-E36E67307B7D","name":"TNLP008001 - Dorpsstraat 152, Broek op Langedijk","address":"152 Dorpsstraat","city":"Broek op Langedijk","operatorName":"TotalEnergies","maxPowerKw":17,"isMegawatt":false,"status":"UNAVAILABLE","source":"ndw"}},{"type":"Feature","geometry":{"type":"Point","coordinates":[4.81198,52.70145]},"properties":{"type":"charge","layer":"passenger","locationId":"C826FFF9-F5B8-4E83-BCD1-F460583BE1B2","name":"TNLP007001 - Zonoord 4, Noord-Scharwoude","address":"4 Zonoord","city":"Noord-Scharwoude","operatorName":"TotalEnergies","maxPowerKw":15,"isMegawatt":false,"status":"CHARGING","source":"ndw"}},{"type":"Feature","geometry":{"type":"Point","coordinates":[4.789588,52.6829]},"properties":{"type":"charge","layer":"passenger","locationId":"DD6F7481-0B1D-4B87-955D-813D149D7907","name":"TNLP005765 - Karlant 6, Zuid-Scharwoude","address":"6 Karlant","city":"Zuid-Scharwoude","operatorName":"TotalEnergies","maxPowerKw":17,"isMegawatt":false,"status":"UNAVAILABLE","source":"ndw"}},{"type":"Feature","geometry":{"type":"Point","coordinates":[4.816196,52.652171]},"properties":{"type":"charge","layer":"passenger","locationId":"6778029db483e495bfa7565a","name":"Monique & Fred","address":"Maria Austria erf  7","city":"heerhugowaard","operatorName":"E-Flux by Road","maxPowerKw":11,"isMegawatt":false,"status":"AVAILABLE","source":"ndw","priceKwh":0.52}},{"type":"Feature","geometry":{"type":"Point","coordinates":[4.834258,52.64734]},"properties":{"type":"charge","layer":"passenger","locationId":"6A2C2F86-BCFD-4D8C-8E43-139A365FE17D","name":"TNLP034511 - Keinsmerwiel 55, Heerhugowaard","address":"55 Keinsmerwiel","city":"Heerhugowaard","operatorName":"TotalEnergies","maxPowerKw":13,"isMegawatt":false,"status":"UNAVAILABLE","source":"ndw"}},{"type":"Feature","geometry":{"type":"Point","coordinates":[4.8212,52.65253]},"properties":{"type":"charge","layer":"passenger","locationId":"6f799f55025bd2bc601db5ef27ea4c13","name":"Zuidwijkring 178","address":"Zuidwijkring 178","city":"Heerhugowaard","operatorName":"Vattenfall InCharge","maxPowerKw":11,"isMegawatt":false,"status":"AVAILABLE","source":"ndw","priceKwh":0.2805}},{"type":"Feature","geometry":{"type":"Point","coordinates":[4.814193,52.656191]},"properties":{"type":"charge","layer":"passenger","locationId":"9b63e8866de4a22a175b6f2727612b1d","name":"Zeearend 26","address":"Zeearend 26","city":"Heerhugowaard","operatorName":"Vattenfall InCharge","maxPowerKw":11,"isMegawatt":false,"status":"AVAILABLE","source":"ndw","priceKwh":0.2805}},{"type":"Feature","geometry":{"type":"Point","coordinates":[4.857834,52.671585]},"properties":{"type":"charge","layer":"passenger","locationId":"5F1DFD8F-DACB-4888-BA03-A2ED27B6F6C4","name":"TNLP006540 - van Ostadelaan 31, Heerhugowaard","address":"31 van Ostadelaan","city":"Heerhugowaard","operatorName":"TotalEnergies","maxPowerKw":17,"isMegawatt":false,"status":"UNAVAILABLE","source":"ndw"}},{"type":"Feature","geometry":{"type":"Point","coordinates":[4.839079,52.649643]},"properties":{"type":"charge","layer":"passenger","locationId":"9DEC8CDE-3FA6-4353-9BA9-442D359D12DB","name":"PP005377 - Westerveerstraat 57, Heerhugowaard","address":"57 Westerveerstraat","city":"Heerhugowaard","operatorName":"TotalEnergies","maxPowerKw":11,"isMegawatt":false,"status":"UNAVAILABLE","source":"ndw"}},{"type":"Feature","geometry":{"type":"Point","coordinates":[4.822804,52.665886]},"properties":{"type":"charge","layer":"passenger","locationId":"19F0675B-965F-4C6A-AD99-4146A77543F5","name":"TNLP008182 - Koraal 90, Heerhugowaard","address":"90 Koraal","city":"Heerhugowaard","operatorName":"TotalEnergies","maxPowerKw":15,"isMegawatt":false,"status":"AVAILABLE","source":"ndw"}},{"type":"Feature","geometry":{"type":"Point","coordinates":[4.815709,52.70655]},"properties":{"type":"charge","layer":"passenger","locationId":"4F1E4739-3918-4464-8E0E-B98853477936","name":"TNLP008499 - Industriestraat 83, Noord-Scharwoude","address":"83 Industriestraat","city":"Noord-Scharwoude","operatorName":"TotalEnergies","maxPowerKw":13,"isMegawatt":false,"status":"UNAVAILABLE","source":"ndw"}},{"type":"Feature","geometry":{"type":"Point","coordinates":[4.806335,52.691673]},"properties":{"type":"charge","layer":"passenger","locationId":"28aad1fea8de3b4d313e47927cfc78b7","name":"Langeweide 122","address":"Langeweide 122","city":"Zuid-Scharwoude","operatorName":"Vattenfall InCharge","maxPowerKw":11,"isMegawatt":false,"status":"AVAILABLE","source":"ndw","priceKwh":0.2805}},{"type":"Feature","geometry":{"type":"Point","coordinates":[4.800063,52.716545]},"properties":{"type":"charge","layer":"passenger","locationId":"04DC40CE-32A5-4245-812C-F9838C0DA7F8","name":"TNLP007968 - Dorpsstraat 920, Oudkarspel","address":"920 Dorpsstraat","city":"Oudkarspel","operatorName":"TotalEnergies","maxPowerKw":15,"isMegawatt":false,"status":"CHARGING","source":"ndw"}},{"type":"Feature","geometry":{"type":"Point","coordinates":[4.788807,52.665516]},"properties":{"type":"charge","layer":"passenger","locationId":"0E805A38-6B6A-4550-89AF-0212588DCF25","name":"TNLP008096 - Domeynen 17, Sint Pancras","address":"17 Domeynen","city":"Sint Pancras","operatorName":"TotalEnergies","maxPowerKw":15,"isMegawatt":false,"status":"AVAILABLE","source":"ndw"}},{"type":"Feature","geometry":{"type":"Point","coordinates":[4.859745,52.67664]},"properties":{"type":"charge","layer":"passenger","locationId":"580354C6-4478-4E3B-92E8-5E101F15F606","name":"TNLP009238 - Matsyslaan 1, Heerhugowaard","address":"1 Matsyslaan","city":"Heerhugowaard","operatorName":"TotalEnergies","maxPowerKw":17,"isMegawatt":false,"status":"UNAVAILABLE","source":"ndw"}},{"type":"Feature","geometry":{"type":"Point","coordinates":[4.807385,52.65142]},"properties":{"type":"charge","layer":"passenger","locationId":"5FE150F6-4DB8-42DA-A3BC-8DCDC2B17A25","name":"TNLP007456 - Tuimelaar 3, Heerhugowaard","address":"3 Tuimelaar","city":"Heerhugowaard","operatorName":"TotalEnergies","maxPowerKw":15,"isMegawatt":false,"status":"AVAILABLE","source":"ndw"}},{"type":"Feature","geometry":{"type":"Point","coordinates":[4.793374,52.681084]},"properties":{"type":"charge","layer":"passenger","locationId":"7810F1B3-02D7-41F5-9792-7F131F5E0772","name":"TNLP007998 - Langoort 7, Broek op Langedijk","address":"7 Langoort","city":"Broek op Langedijk","operatorName":"TotalEnergies","maxPowerKw":15,"isMegawatt":false,"status":"AVAILABLE","source":"ndw"}},{"type":"Feature","geometry":{"type":"Point","coordinates":[4.808208,52.702023]},"properties":{"type":"charge","layer":"passenger","locationId":"840250AC-7834-42C7-BD0C-1829DBF76F2A","name":"TNLP007014 - Fransepad 12, Noord-Scharwoude","address":"12 Fransepad","city":"Noord-Scharwoude","operatorName":"TotalEnergies","maxPowerKw":17,"isMegawatt":false,"status":"UNAVAILABLE","source":"ndw"}},{"type":"Feature","geometry":{"type":"Point","coordinates":[4.815516,52.702118]},"properties":{"type":"charge","layer":"passenger","locationId":"9EA91F82-DB5F-4829-A324-FCEC2F35538B","name":"TNLP006032 - Charlotte de Bourbonstraat 1, Noord-Scharwoude","address":"1 Charlotte de Bourbonstraat","city":"Noord-Scharwoude","operatorName":"TotalEnergies","maxPowerKw":17,"isMegawatt":false,"status":"UNAVAILABLE","source":"ndw"}},{"type":"Feature","geometry":{"type":"Point","coordinates":[4.854453,52.670426]},"properties":{"type":"charge","layer":"passenger","locationId":"3d18867f7ee376c4428502aa05e13c29","name":"Gerard Douplantsoen 80","address":"Gerard Douplantsoen 80","city":"Heerhugowaard","operatorName":"Vattenfall InCharge","maxPowerKw":11,"isMegawatt":false,"status":"AVAILABLE","source":"ndw","priceKwh":0.2805}},{"type":"Feature","geometry":{"type":"Point","coordinates":[4.833959,52.693306]},"properties":{"type":"charge","layer":"passenger","locationId":"91106157","name":"50five-S NL 19B06871","address":"Newtonstraat 31","city":"Heerhugowaard","operatorName":"50five","maxPowerKw":7,"isMegawatt":false,"status":"AVAILABLE","source":"ndw"}},{"type":"Feature","geometry":{"type":"Point","coordinates":[4.840493,52.68546]},"properties":{"type":"charge","layer":"passenger","locationId":"91106763","name":"50five-S NL Location","address":"Delta 16","city":"Heerhugowaard","operatorName":"50five","maxPowerKw":22,"isMegawatt":false,"status":"AVAILABLE","source":"ndw"}},{"type":"Feature","geometry":{"type":"Point","coordinates":[4.832437,52.666473]},"properties":{"type":"charge","layer":"passenger","locationId":"2D38EF43-6B94-44B0-9ED7-780A0FD537C8","name":"TNLP009241 - Bilderdijkstraat 47, Heerhugowaard","address":"47 Bilderdijkstraat","city":"Heerhugowaard","operatorName":"TotalEnergies","maxPowerKw":17,"isMegawatt":false,"status":"UNAVAILABLE","source":"ndw"}},{"type":"Feature","geometry":{"type":"Point","coordinates":[4.803511,52.7]},"properties":{"type":"charge","layer":"passenger","locationId":"74EB2AB6-A19D-41A2-8D4C-4F89C0052CE6","name":"TNLP009708 - Watermolen 6, Noord-Scharwoude","address":"6 Watermolen","city":"Noord-Scharwoude","operatorName":"TotalEnergies","maxPowerKw":15,"isMegawatt":false,"status":"AVAILABLE","source":"ndw"}},{"type":"Feature","geometry":{"type":"Point","coordinates":[4.814808,52.6515]},"properties":{"type":"charge","layer":"passenger","locationId":"B322F44A-70B2-4D23-861D-4837314497B4","name":"PP005399 - Stella Agsteribbeland 31, Heerhugowaard","address":"31 Stella Agsteribbeland","city":"Heerhugowaard","operatorName":"TotalEnergies","maxPowerKw":11,"isMegawatt":false,"status":"UNAVAILABLE","source":"ndw"}},{"type":"Feature","geometry":{"type":"Point","coordinates":[4.857291,52.66362]},"properties":{"type":"charge","layer":"passenger","locationId":"41A0BF6A-3C1C-4C62-9357-0F7962C7FFE2","name":"TNLP034661 - Merelweg 1, Heerhugowaard","address":"1 Merelweg","city":"Heerhugowaard","operatorName":"TotalEnergies","maxPowerKw":13,"isMegawatt":false,"status":"UNAVAILABLE","source":"ndw"}},{"type":"Feature","geometry":{"type":"Point","coordinates":[4.821326,52.691313]},"properties":{"type":"charge","layer":"passenger","locationId":"91112175","name":"Van Leeuwen prive","address":"Sperwer 31","city":"Zuid Scharwoude","operatorName":"Van Leeuwen","maxPowerKw":11,"isMegawatt":false,"status":"AVAILABLE","source":"ndw"}},{"type":"Feature","geometry":{"type":"Point","coordinates":[4.850189,52.678677]},"properties":{"type":"charge","layer":"passenger","locationId":"F41728B1-AE36-4594-8F95-0A59DC13F0AB","name":"TNLP034070 - Pieter Soutmanlaan 24, Heerhugowaard","address":"24 Pieter Soutmanlaan","city":"Heerhugowaard","operatorName":"TotalEnergies","maxPowerKw":13,"isMegawatt":false,"status":"UNAVAILABLE","source":"ndw"}},{"type":"Feature","geometry":{"type":"Point","coordinates":[4.849853,52.708653]},"properties":{"type":"charge","layer":"passenger","locationId":"ccd665d2-9b7a-492f-965e-c1c020dea223","name":"Groote Geldenbosch","address":"Groote Geldenbosch 6","city":"Heerhugowaard","operatorName":"Vattenfall InCharge","maxPowerKw":11,"isMegawatt":false,"status":"UNAVAILABLE","source":"ndw","priceKwh":0.4316}},{"type":"Feature","geometry":{"type":"Point","coordinates":[4.798123,52.674388]},"properties":{"type":"charge","layer":"passenger","locationId":"91106530","name":"50five-S NL 18B01216","address":"Dulleweg 43","city":"Broek op Langedijk","operatorName":"50five","maxPowerKw":7,"isMegawatt":false,"status":"AVAILABLE","source":"ndw"}},{"type":"Feature","geometry":{"type":"Point","coordinates":[4.815744,52.655983]},"properties":{"type":"charge","layer":"passenger","locationId":"4245915C-9E14-43D8-8C67-A9168E31C698","name":"TNLP006745 - Zeearend 2, Heerhugowaard","address":"2 Zeearend","city":"Heerhugowaard","operatorName":"TotalEnergies","maxPowerKw":17,"isMegawatt":false,"status":"UNAVAILABLE","source":"ndw"}},{"type":"Feature","geometry":{"type":"Point","coordinates":[4.846237,52.67435]},"properties":{"type":"charge","layer":"passenger","locationId":"84CEAB96-2645-4EF9-BCFD-4D9EE23F0146","name":"TNLP007103 - van necksingel 1, Heerhugowaard","address":"1 van necksingel","city":"Heerhugowaard","operatorName":"TotalEnergies","maxPowerKw":17,"isMegawatt":false,"status":"UNAVAILABLE","source":"ndw"}},{"type":"Feature","geometry":{"type":"Point","coordinates":[4.82466,52.64795]},"properties":{"type":"charge","layer":"passenger","locationId":"e0b89b28-86a6-4c1d-912c-38896164f7cc","name":"PP001161 - Aletta Jacobstuin 31, Heerhugowaard","address":"31 Aletta Jacobstuin","city":"Heerhugowaard","operatorName":"TotalEnergies","maxPowerKw":11,"isMegawatt":false,"status":"UNAVAILABLE","source":"ndw"}},{"type":"Feature","geometry":{"type":"Point","coordinates":[4.820687,52.658712]},"properties":{"type":"charge","layer":"passenger","locationId":"c4f94043-81a9-4c04-a88c-3a710641d4c7","name":"Smaragd","address":"Smaragd 12","city":"Heerhugowaard","operatorName":"Vattenfall InCharge","maxPowerKw":11,"isMegawatt":false,"status":"UNAVAILABLE","source":"ndw","priceKwh":0.4316}},{"type":"Feature","geometry":{"type":"Point","coordinates":[4.79123,52.661479]},"properties":{"type":"charge","layer":"passenger","locationId":"a335b07376a49460407a95205522c8b4","name":"Peulsteen 1","address":"Peulsteen 1","city":"Sint Pancras","operatorName":"Vattenfall InCharge","maxPowerKw":11,"isMegawatt":false,"status":"AVAILABLE","source":"ndw","priceKwh":0.2805}},{"type":"Feature","geometry":{"type":"Point","coordinates":[4.829109,52.648801]},"properties":{"type":"charge","layer":"passenger","locationId":"d9fc463b-dda7-45b3-ac1d-2485fedcc007","name":"Burgplantsoen","address":"Burgplantsoen 71","city":"Heerhugowaard","operatorName":"Vattenfall InCharge","maxPowerKw":11,"isMegawatt":false,"status":"UNAVAILABLE","source":"ndw","priceKwh":0.4316}},{"type":"Feature","geometry":{"type":"Point","coordinates":[4.842396,52.685142]},"properties":{"type":"charge","layer":"freight","locationId":"643fa9f7e6c5b3001248cea8","name":"NXT Charge - Heerhugowaard - Delta 3 - DC (De Vaandel)","address":"Delta 3","city":"Heerhugowaard","operatorName":"NXT Charging Solutions","maxPowerKw":360,"isMegawatt":false,"status":"AVAILABLE","source":"ndw","priceKwh":0.63,"freightKind":"hpc","freightReason":"power"}},{"type":"Feature","geometry":{"type":"MultiPolygon","coordinates":[[[[4.792730267888001,52.72049013543669],[4.793991569481948,52.71998648795263],[4.794037544378696,52.72071036044794],[4.795442413023469,52.720440826240825],[4.795546316667561,52.72054775237511],[4.795903923215506,52.72056281991225],[4.7973954186247125,52.72090052450355],[4.79760132814262,52.72084801627399],[4.797540751232633,52.71963655282137],[4.799468981499628,52.71829186322328],[4.801958758362994,52.715996262979154],[4.803182656737968,52.71541184700768],[4.804544554542204,52.7156750245848],[4.805010099733205,52.715070415418886],[4.8039228307649955,52.714780081349005],[4.805024682283449,52.71420926793291],[4.809169721900623,52.7151221911675],[4.813160444409477,52.71494244534438],[4.816626149585913,52.71528294453911],[4.824027319536021,52.716532224369196],[4.826241085577289,52.71743609730971],[4.8288661489678075,52.71809640372696],[4.841147578621733,52.71930205137271],[4.84374565284262,52.719654909118084],[4.847684118315277,52.720259740452164],[4.852150854569338,52.72244808328643],[4.855469831917346,52.72307322646086],[4.858091457693433,52.723345691515995],[4.861209622610726,52.72072673147016],[4.8720118043841465,52.71628991011181],[4.877702076868728,52.7119885585429],[4.898668108015667,52.70683222254856],[4.899065343958279,52.70665455116968],[4.899385143599561,52.70327716978508],[4.899852556087029,52.70014471969098],[4.899879617009194,52.69948531824561],[4.8998587554032875,52.69758687029418],[4.89141804003327,52.695176056474885],[4.888702430127588,52.69045581052267],[4.881984011729553,52.688095975249006],[4.879381423372665,52.688016709398816],[4.876291891600374,52.68634305748907],[4.879394021321642,52.680080772105725],[4.875708338842407,52.67773176243547],[4.874089657604496,52.67546387744638],[4.870779176380661,52.667840544328556],[4.8682033336421755,52.66416405995408],[4.866199556962734,52.659764701431264],[4.863177052637346,52.65646896941022],[4.862698706970559,52.65299876903826],[4.865073121693512,52.64943667446464],[4.875234459782209,52.642425387429725],[4.876718502636009,52.64053242356685],[4.876528039508036,52.63630567322675],[4.8758264474398025,52.63521088955356],[4.873281071373477,52.63472923627443],[4.873397683446677,52.63444677883004],[4.87340011264982,52.6344408955334],[4.863880296629435,52.635359822100654],[4.862970688630614,52.637451395367606],[4.860553039650688,52.63913581008645],[4.851604828713692,52.64056481950092],[4.847419874615847,52.642059938287716],[4.842727753971503,52.64593767468806],[4.838547707569715,52.64613821515622],[4.835529476377667,52.64243919848477],[4.8351848819619505,52.640897115779694],[4.834509231629295,52.63915429649063],[4.834536396843941,52.637994799213246],[4.834410008878581,52.63742909983726],[4.830223034072492,52.632678294144576],[4.824208791775152,52.633823361733924],[4.814475902147193,52.633871782414495],[4.807814798004491,52.63398425296481],[4.794704498658968,52.63788330947492],[4.791641723245155,52.63823415863188],[4.788401796110107,52.63889010932826],[4.785277561027689,52.638115283413356],[4.786685126354342,52.640587669802],[4.792981618312948,52.64842164802944],[4.79864270740684,52.65355746664269],[4.800414708176783,52.657244737458775],[4.80056458521029,52.657873379474516],[4.800564588469545,52.657873467565125],[4.800543427448494,52.66003276209203],[4.80050806949633,52.66024147001941],[4.793615404391931,52.657144906377745],[4.792016865750299,52.65644183223227],[4.791941184882409,52.6562908515447],[4.773668010042058,52.648355103292026],[4.775606451044328,52.65264660797846],[4.773003982946965,52.65340878664915],[4.7740318580237044,52.65522219510754],[4.77403201351503,52.655222490689496],[4.778040722748644,52.664318410114255],[4.774488995778363,52.665343479319],[4.7759688663304525,52.66784949766534],[4.778576265537975,52.67230523179314],[4.779011667330005,52.674045306998394],[4.779024501895003,52.67648459639516],[4.772505373464968,52.67770590515744],[4.749982673205016,52.68237363352037],[4.746906587813058,52.682302883982246],[4.744772996048226,52.68167975931547],[4.7435751932194785,52.681309303617525],[4.741740376050838,52.68080762689418],[4.738379070598055,52.68436333664794],[4.728852593218037,52.691404552571484],[4.732035296266031,52.692809837774256],[4.739574034787812,52.69419018831314],[4.751539639016863,52.69698891601859],[4.7668717050733145,52.69813423293174],[4.769645829587784,52.69879411423205],[4.770761091480187,52.70204377320519],[4.7704582783851865,52.70872521151814],[4.772985779619282,52.72004400082056],[4.777688733526272,52.72856233516901],[4.778264087432532,52.72963266515308],[4.778142605971088,52.730301612208855],[4.778831029564954,52.73141131118753],[4.779137072049769,52.73127769667128],[4.781767778820251,52.72986718306715],[4.786564896971,52.727946184547015],[4.786871852601412,52.726372775978625],[4.78541085056452,52.7224517545387],[4.786563958055353,52.7210344879192],[4.788829487977127,52.72084723750018],[4.790157140151348,52.720593641522576],[4.792730267888001,52.72049013543669]]]]},"properties":{"type":"boundary","gemeente":"Dijk en Waard","code":"GM1980"}}]}