{"type":"FeatureCollection","metadata":{"gemeente":"Gooise Meren","slug":"gooise-meren","code":"GM1942","generated_at":"2026-08-08T12:05:52.020Z","total_passenger":344,"total_freight":2,"bounds":[5.012792826488169,52.25579625382124,5.230352148355132,52.36553177235944],"operators":["50five","DAEN Mobility","E-Flux by Road","Eneco","Fastned","Greenchoice B.V.","Laadnet","NRG Mobility","Opcharge","Pluq","PowerGo","Shell Recharge","TotalEnergies","Ubitricity","Van Leeuwen","Vattenfall InCharge","e-VOLTT"]},"features":[{"type":"Feature","geometry":{"type":"Point","coordinates":[5.15746,52.27192]},"properties":{"type":"charge","layer":"passenger","locationId":"499","name":"Shell Recharge NL Beerensteinerhof 7","address":"Beerensteinerhof 7","city":"Bussum","operatorName":"Ubitricity","maxPowerKw":11,"isMegawatt":false,"status":"AVAILABLE","source":"ndw","priceKwh":0.392}},{"type":"Feature","geometry":{"type":"Point","coordinates":[5.15042,52.30018]},"properties":{"type":"charge","layer":"passenger","locationId":"709f9fe0-8a8e-4f8c-853d-48f5420c4816","name":"PP002057 - Tets van Goudriaanstraat 2, Naarden","address":"2 Tets van Goudriaanstraat","city":"Naarden","operatorName":"TotalEnergies","maxPowerKw":11,"isMegawatt":false,"status":"AVAILABLE","source":"ndw"}},{"type":"Feature","geometry":{"type":"Point","coordinates":[5.176529,52.27455]},"properties":{"type":"charge","layer":"passenger","locationId":"57581E6B-E8AF-4AD1-AFE5-1AB1983F4859","name":"TNLP008165 - Wisentstraat 40, Bussum","address":"40 Wisentstraat","city":"Bussum","operatorName":"TotalEnergies","maxPowerKw":17,"isMegawatt":false,"status":"UNAVAILABLE","source":"ndw"}},{"type":"Feature","geometry":{"type":"Point","coordinates":[5.174047,52.28021]},"properties":{"type":"charge","layer":"passenger","locationId":"2901C725-97B5-4D8D-8C12-5682BDF50CC9","name":"TNLP007702 - Burgemeester s'Jacoblaan 15, Bussum","address":"15 Burgemeester s'Jacoblaan","city":"Bussum","operatorName":"TotalEnergies","maxPowerKw":17,"isMegawatt":false,"status":"UNAVAILABLE","source":"ndw"}},{"type":"Feature","geometry":{"type":"Point","coordinates":[5.18326,52.27036]},"properties":{"type":"charge","layer":"passenger","locationId":"673","name":"Shell Recharge NL Ceintuurbaan 213","address":"Ceintuurbaan 213","city":"Bussum","operatorName":"Ubitricity","maxPowerKw":11,"isMegawatt":false,"status":"CHARGING","source":"ndw","priceKwh":0.392}},{"type":"Feature","geometry":{"type":"Point","coordinates":[5.172023,52.26334]},"properties":{"type":"charge","layer":"passenger","locationId":"C41EA363-4FA9-4446-BB65-76C53FE3A238","name":"PP005020 - Laarderweg 211, Bussum","address":"211 Laarderweg","city":"Bussum","operatorName":"TotalEnergies","maxPowerKw":11,"isMegawatt":false,"status":"UNAVAILABLE","source":"ndw"}},{"type":"Feature","geometry":{"type":"Point","coordinates":[5.18135,52.280158]},"properties":{"type":"charge","layer":"passenger","locationId":"91150379","name":"50five-S NL 09000586","address":"Neptunusstraat 71","city":"Hoofddorp","operatorName":"50five","maxPowerKw":11,"isMegawatt":false,"status":"AVAILABLE","source":"ndw"}},{"type":"Feature","geometry":{"type":"Point","coordinates":[5.189817,52.267067]},"properties":{"type":"charge","layer":"passenger","locationId":"ED6A0CAC-1A91-45B9-AC6C-254C8A66A82F","name":"TNLP007023 - Aagje Dekenlaan 98, Bussum","address":"98 Aagje Dekenlaan","city":"Bussum","operatorName":"TotalEnergies","maxPowerKw":17,"isMegawatt":false,"status":"AVAILABLE","source":"ndw"}},{"type":"Feature","geometry":{"type":"Point","coordinates":[5.071331,52.33294]},"properties":{"type":"charge","layer":"passenger","locationId":"8668DC9F-A76A-44D8-9F56-C559FCF704EC","name":"TNLP009971 - Herengracht 3, Muiden","address":"3 Herengracht","city":"Muiden","operatorName":"TotalEnergies","maxPowerKw":17,"isMegawatt":false,"status":"UNAVAILABLE","source":"ndw"}},{"type":"Feature","geometry":{"type":"Point","coordinates":[5.14516,52.2855]},"properties":{"type":"charge","layer":"passenger","locationId":"2BD17085-ED27-4B9C-8461-0023A212F277","name":"PP004276 - Heemraad 17, Naarden","address":"17 Heemraad","city":"Naarden","operatorName":"TotalEnergies","maxPowerKw":11,"isMegawatt":false,"status":"UNAVAILABLE","source":"ndw"}},{"type":"Feature","geometry":{"type":"Point","coordinates":[5.16485,52.2785]},"properties":{"type":"charge","layer":"passenger","locationId":"1E55F18E-FFA8-4AD5-82AB-A0C4F4411350","name":"PP004239 - Lammert Majoorlaan 33, Bussum","address":"33 Lammert Majoorlaan","city":"Bussum","operatorName":"TotalEnergies","maxPowerKw":11,"isMegawatt":false,"status":"UNAVAILABLE","source":"ndw"}},{"type":"Feature","geometry":{"type":"Point","coordinates":[5.160354,52.271385]},"properties":{"type":"charge","layer":"passenger","locationId":"8815E4EE-47F3-4E90-8A1C-AC37F4D20484","name":"TNLP009538 - Bensdorpplein 8, Bussum","address":"8 Bensdorpplein","city":"Bussum","operatorName":"TotalEnergies","maxPowerKw":17,"isMegawatt":false,"status":"UNAVAILABLE","source":"ndw"}},{"type":"Feature","geometry":{"type":"Point","coordinates":[5.142412,52.29198]},"properties":{"type":"charge","layer":"passenger","locationId":"6933ed3f897e4f556908604e","name":"Gooi en vechtstreek 64101 - Parkeerplaats Stadzigt nr 2","address":"Meerkade 2","city":"Naarden","operatorName":"E-Flux by Road","maxPowerKw":11,"isMegawatt":false,"status":"AVAILABLE","source":"ndw","priceKwh":0.43}},{"type":"Feature","geometry":{"type":"Point","coordinates":[5.1739,52.27284]},"properties":{"type":"charge","layer":"passenger","locationId":"497","name":"Shell Recharge NL Voormeulenweg 39","address":"Voormeulenweg 39","city":"Bussum","operatorName":"Ubitricity","maxPowerKw":11,"isMegawatt":false,"status":"AVAILABLE","source":"ndw","priceKwh":0.392}},{"type":"Feature","geometry":{"type":"Point","coordinates":[5.062105,52.333191]},"properties":{"type":"charge","layer":"passenger","locationId":"923236","name":"DAE_NL_2001075_NR14","address":"kruitmolen 14","city":"Muiden","operatorName":"DAEN Mobility","maxPowerKw":11,"isMegawatt":false,"status":"AVAILABLE","source":"ndw","priceKwh":0.4}},{"type":"Feature","geometry":{"type":"Point","coordinates":[5.16965,52.26626]},"properties":{"type":"charge","layer":"passenger","locationId":"0E34F2A5-BC70-4F61-8340-CD481CBBB296","name":"PP005033 - Laarderweg 127, Bussum","address":"127 Laarderweg","city":"Bussum","operatorName":"TotalEnergies","maxPowerKw":11,"isMegawatt":false,"status":"UNAVAILABLE","source":"ndw"}},{"type":"Feature","geometry":{"type":"Point","coordinates":[5.151633,52.290141]},"properties":{"type":"charge","layer":"passenger","locationId":"OST23P0069_0038_0","name":"OST23P0069_0038_0","address":"Koningin Wilhelminalaan 31","city":"Naarden","operatorName":"e-VOLTT","maxPowerKw":19,"isMegawatt":false,"status":"AVAILABLE","source":"ndw","priceKwh":0.5289}},{"type":"Feature","geometry":{"type":"Point","coordinates":[5.163722,52.27372]},"properties":{"type":"charge","layer":"passenger","locationId":"59BE1EF4-3DC9-43BE-9241-37F3B43823B3","name":"PP004234 - TNLP009967 - Kerkstraat 1, Bussum","address":"1 Kerkstraat","city":"Bussum","operatorName":"TotalEnergies","maxPowerKw":17,"isMegawatt":false,"status":"UNAVAILABLE","source":"ndw"}},{"type":"Feature","geometry":{"type":"Point","coordinates":[5.167771,52.26842]},"properties":{"type":"charge","layer":"passenger","locationId":"8D1CCE64-3672-402E-91C8-DA3A42350EB1","name":"TNLP005939 - Hamerstraat 2, Bussum","address":"2 Hamerstraat","city":"Bussum","operatorName":"TotalEnergies","maxPowerKw":11,"isMegawatt":false,"status":"UNAVAILABLE","source":"ndw"}},{"type":"Feature","geometry":{"type":"Point","coordinates":[5.063909,52.3348]},"properties":{"type":"charge","layer":"passenger","locationId":"A5B80ADC-8219-495E-8037-9BB3051F8AEB","name":"TNLP006250 - Rietpolderlaan 8, Muiden","address":"8 Rietpolderlaan","city":"Muiden","operatorName":"TotalEnergies","maxPowerKw":17,"isMegawatt":false,"status":"UNAVAILABLE","source":"ndw"}},{"type":"Feature","geometry":{"type":"Point","coordinates":[5.193048,52.304948]},"properties":{"type":"charge","layer":"passenger","locationId":"1058342","name":"DAE_NL_2001375","address":"oud Huizerweg 2","city":"Naarden","operatorName":"DAEN Mobility","maxPowerKw":11,"isMegawatt":false,"status":"AVAILABLE","source":"ndw","priceKwh":0.6}},{"type":"Feature","geometry":{"type":"Point","coordinates":[5.15479,52.28377]},"properties":{"type":"charge","layer":"passenger","locationId":"3eda74f7-6b84-414b-8194-545ca8a9cd95","name":"PP001276 - Piersonlaan 12, Naarden","address":"12 Piersonlaan","city":"Naarden","operatorName":"TotalEnergies","maxPowerKw":11,"isMegawatt":false,"status":"UNAVAILABLE","source":"ndw"}},{"type":"Feature","geometry":{"type":"Point","coordinates":[5.152221,52.28166]},"properties":{"type":"charge","layer":"passenger","locationId":"8335E876-95CF-41D0-BEEF-B5EC4F49D3C4","name":"PP005649 - Zwarteweg 42, Naarden","address":"42 Zwarteweg","city":"Naarden","operatorName":"TotalEnergies","maxPowerKw":11,"isMegawatt":false,"status":"UNAVAILABLE","source":"ndw"}},{"type":"Feature","geometry":{"type":"Point","coordinates":[5.15103,52.290336]},"properties":{"type":"charge","layer":"passenger","locationId":"91179711","name":"50five-S NL Naarden, Kon. Wilhelminalaan 31","address":"Kon. Wilhelminalaan 31","city":"Naarden","operatorName":"50five","maxPowerKw":11,"isMegawatt":false,"status":"AVAILABLE","source":"ndw"}},{"type":"Feature","geometry":{"type":"Point","coordinates":[5.177721,52.283421]},"properties":{"type":"charge","layer":"passenger","locationId":"439EE930-1F59-4D4B-BE6A-040E793BA050","name":"Eneco eMobility Hotel NH Jan Tabak","address":"Amersfoortsestraatweg 27","city":"Bussum","operatorName":"Eneco","maxPowerKw":22,"isMegawatt":false,"status":"AVAILABLE","source":"ndw","priceKwh":0.45}},{"type":"Feature","geometry":{"type":"Point","coordinates":[5.182275,52.274265]},"properties":{"type":"charge","layer":"passenger","locationId":"F7CA0FC7-9F11-440B-BAFF-F95DFCE2D97D","name":"TNLP005787 - Godelindedwarsstraat 34, Bussum","address":"34 Godelindedwarsstraat","city":"Bussum","operatorName":"TotalEnergies","maxPowerKw":11,"isMegawatt":false,"status":"UNAVAILABLE","source":"ndw"}},{"type":"Feature","geometry":{"type":"Point","coordinates":[5.16899,52.27719]},"properties":{"type":"charge","layer":"passenger","locationId":"0FEC902E-C833-40D6-AC52-DF16ED24C0BB","name":"PP001699 - Simon Stevinweg 5, Bussum","address":"5 Simon Stevinweg","city":"Bussum","operatorName":"TotalEnergies","maxPowerKw":11,"isMegawatt":false,"status":"AVAILABLE","source":"ndw"}},{"type":"Feature","geometry":{"type":"Point","coordinates":[5.066615,52.326142]},"properties":{"type":"charge","layer":"passenger","locationId":"7b6a8f040b5eb999837a74515d19cec2","name":"Herengracht 119","address":"Herengracht 119","city":"Muiden","operatorName":"Vattenfall InCharge","maxPowerKw":11,"isMegawatt":false,"status":"AVAILABLE","source":"ndw","priceKwh":0.2805}},{"type":"Feature","geometry":{"type":"Point","coordinates":[5.1410432,52.3201141]},"properties":{"type":"charge","layer":"passenger","locationId":"43856","name":"Waterfront Naarderbos AC (PowerGo)","address":"IJsselmeerweg 100","city":"Naarden","operatorName":"PowerGo","maxPowerKw":50,"isMegawatt":false,"status":"AVAILABLE","source":"ndw","priceKwh":0.53}},{"type":"Feature","geometry":{"type":"Point","coordinates":[5.061326,52.334732]},"properties":{"type":"charge","layer":"passenger","locationId":"66e7dc895655ce001c8ec0e3","name":"Vloto Laadpaal Rietpolderlaan 28","address":"Rietpolderlaan 28","city":"Muiden","operatorName":"E-Flux by Road","maxPowerKw":14,"isMegawatt":false,"status":"AVAILABLE","source":"ndw","priceKwh":0.34}},{"type":"Feature","geometry":{"type":"Point","coordinates":[5.052327,52.333214]},"properties":{"type":"charge","layer":"passenger","locationId":"6a58c29099d877aba119a127","name":"Vloto Laadpaal E.J. Ruijgplein 1a","address":"E.J. Ruijgplein 1","city":"Muiden","operatorName":"E-Flux by Road","maxPowerKw":180,"isMegawatt":false,"status":"UNAVAILABLE","source":"ndw","priceKwh":0.57}},{"type":"Feature","geometry":{"type":"Point","coordinates":[5.183497,52.292028]},"properties":{"type":"charge","layer":"passenger","locationId":"291bd1fc557442bf93b8933c0bb88e3d","name":"Naarden - Greenfield Management","address":"Huizerstraatweg 111","city":"Naarden","operatorName":"Opcharge","maxPowerKw":22,"isMegawatt":false,"status":"AVAILABLE","source":"ndw","priceKwh":0.49}},{"type":"Feature","geometry":{"type":"Point","coordinates":[5.170756,52.289019]},"properties":{"type":"charge","layer":"passenger","locationId":"73C36410-FBD5-4357-97BA-6BF437579609","name":"Eneco eMobility Albert Heijn - Amersfoortsestraatweg 3 A","address":"Amersfoortsestraatweg 3 A","city":"Naarden","operatorName":"Eneco","maxPowerKw":150,"isMegawatt":false,"status":"AVAILABLE","source":"ndw","priceKwh":0.62}},{"type":"Feature","geometry":{"type":"Point","coordinates":[5.145852,52.280725]},"properties":{"type":"charge","layer":"passenger","locationId":"923361","name":"DAE_NL_2001197","address":"Laegieskampweg 7","city":"Naarden","operatorName":"DAEN Mobility","maxPowerKw":11,"isMegawatt":false,"status":"AVAILABLE","source":"ndw","priceKwh":0.28}},{"type":"Feature","geometry":{"type":"Point","coordinates":[5.0634457,52.3301426]},"properties":{"type":"charge","layer":"passenger","locationId":"1212","name":"Shell Recharge NL de Fluit 8","address":"de Fluit 8","city":"Muiden","operatorName":"Ubitricity","maxPowerKw":22,"isMegawatt":false,"status":"AVAILABLE","source":"ndw","priceKwh":0.267}},{"type":"Feature","geometry":{"type":"Point","coordinates":[5.160032,52.288975]},"properties":{"type":"charge","layer":"passenger","locationId":"F62B894A-9867-498C-B145-9B2E8BA80ADB","name":"TNLP008189 - Thierensweg 9, Naarden","address":"9 Thierensweg","city":"Naarden","operatorName":"TotalEnergies","maxPowerKw":17,"isMegawatt":false,"status":"UNAVAILABLE","source":"ndw"}},{"type":"Feature","geometry":{"type":"Point","coordinates":[5.1692,52.27524]},"properties":{"type":"charge","layer":"passenger","locationId":"496","name":"Shell Recharge NL Noorderweg 16","address":"Noorderweg 16","city":"Bussum","operatorName":"Ubitricity","maxPowerKw":11,"isMegawatt":false,"status":"AVAILABLE","source":"ndw","priceKwh":0.392}},{"type":"Feature","geometry":{"type":"Point","coordinates":[5.06545,52.32895]},"properties":{"type":"charge","layer":"passenger","locationId":"1630","name":"Shell Recharge NL Singelstraat 32","address":"Singelstraat 32","city":"Gooise Meren","operatorName":"Ubitricity","maxPowerKw":11,"isMegawatt":false,"status":"AVAILABLE","source":"ndw","priceKwh":0.392}},{"type":"Feature","geometry":{"type":"Point","coordinates":[5.1588279,52.2947396]},"properties":{"type":"charge","layer":"passenger","locationId":"1403","name":"Shell Recharge NL Westwalstraat 29","address":"Westwalstraat 29","city":"Naarden","operatorName":"Ubitricity","maxPowerKw":22,"isMegawatt":false,"status":"AVAILABLE","source":"ndw","priceKwh":0.267}},{"type":"Feature","geometry":{"type":"Point","coordinates":[5.15682,52.28551]},"properties":{"type":"charge","layer":"passenger","locationId":"382","name":"Shell Recharge NL Graaf Janlaan 38","address":"Graaf Janlaan 38","city":"Naarden","operatorName":"Ubitricity","maxPowerKw":11,"isMegawatt":false,"status":"AVAILABLE","source":"ndw","priceKwh":0.392}},{"type":"Feature","geometry":{"type":"Point","coordinates":[5.18388,52.27264]},"properties":{"type":"charge","layer":"passenger","locationId":"762b6fe2-c099-4e17-9f35-9119d174bbd7","name":"PP001929 - Irisstraat 9, Bussum","address":"9 Irisstraat","city":"Bussum","operatorName":"TotalEnergies","maxPowerKw":11,"isMegawatt":false,"status":"AVAILABLE","source":"ndw"}},{"type":"Feature","geometry":{"type":"Point","coordinates":[5.1635631,52.2676681]},"properties":{"type":"charge","layer":"passenger","locationId":"1215","name":"Shell Recharge NL De Sparren 12","address":"De Sparren 12","city":"Bussum","operatorName":"Ubitricity","maxPowerKw":22,"isMegawatt":false,"status":"AVAILABLE","source":"ndw","priceKwh":0.267}},{"type":"Feature","geometry":{"type":"Point","coordinates":[5.166183,52.284348]},"properties":{"type":"charge","layer":"passenger","locationId":"d1967144-59f3-48b5-a845-3ff3eb1ebc95","name":"Jan ter Gouwweg","address":"Jan ter Gouwweg 86","city":"Naarden","operatorName":"Vattenfall InCharge","maxPowerKw":11,"isMegawatt":false,"status":"AVAILABLE","source":"ndw","priceKwh":0.4316}},{"type":"Feature","geometry":{"type":"Point","coordinates":[5.062891,52.334106]},"properties":{"type":"charge","layer":"passenger","locationId":"91086863","name":"50five-S NL 17B16902","address":"Waadse Poldergracht 63","city":"Muiden","operatorName":"50five","maxPowerKw":11,"isMegawatt":false,"status":"AVAILABLE","source":"ndw"}},{"type":"Feature","geometry":{"type":"Point","coordinates":[5.16408,52.2949]},"properties":{"type":"charge","layer":"passenger","locationId":"1451","name":"Shell Recharge NL Adriaan Dortsmanplein 2","address":"Adriaan Dortsmanplein 2","city":"Gooise Meren","operatorName":"Ubitricity","maxPowerKw":11,"isMegawatt":false,"status":"CHARGING","source":"ndw","priceKwh":0.392}},{"type":"Feature","geometry":{"type":"Point","coordinates":[5.123456,52.3232]},"properties":{"type":"charge","layer":"passenger","locationId":"A4FCCCF5-DFFB-4F62-B54A-78408094CCF7","name":"TNLP008039 - Watersnip 6, Muiderberg","address":"6 Watersnip","city":"Muiderberg","operatorName":"TotalEnergies","maxPowerKw":17,"isMegawatt":false,"status":"UNAVAILABLE","source":"ndw"}},{"type":"Feature","geometry":{"type":"Point","coordinates":[5.16926,52.26189]},"properties":{"type":"charge","layer":"passenger","locationId":"1557","name":"Shell Recharge NL Lange Heul 181","address":"Lange Heul 181","city":"Gooise Meren","operatorName":"Ubitricity","maxPowerKw":11,"isMegawatt":false,"status":"AVAILABLE","source":"ndw","priceKwh":0.392}},{"type":"Feature","geometry":{"type":"Point","coordinates":[5.1176573,52.3227024]},"properties":{"type":"charge","layer":"passenger","locationId":"1331","name":"Shell Recharge NL Pieter de Hooghlaan 9","address":"Pieter de Hooghlaan 9","city":"Muiderberg","operatorName":"Ubitricity","maxPowerKw":22,"isMegawatt":false,"status":"AVAILABLE","source":"ndw","priceKwh":0.267}},{"type":"Feature","geometry":{"type":"Point","coordinates":[5.187991,52.266827]},"properties":{"type":"charge","layer":"passenger","locationId":"4334B3A2-71D5-4B8A-82F3-E6F1B8BAE24B","name":"PP005142 - Aaltje Noordewierlaan 49, Bussum","address":"49 Aaltje Noordewierlaan","city":"Bussum","operatorName":"TotalEnergies","maxPowerKw":11,"isMegawatt":false,"status":"AVAILABLE","source":"ndw"}},{"type":"Feature","geometry":{"type":"Point","coordinates":[5.178144,52.277248]},"properties":{"type":"charge","layer":"passenger","locationId":"91179969","name":"50five-S NL Bussum, Jozef Israëlslaan 1","address":"Jozef Israëlslaan 1","city":"Bussum","operatorName":"50five","maxPowerKw":11,"isMegawatt":false,"status":"AVAILABLE","source":"ndw"}},{"type":"Feature","geometry":{"type":"Point","coordinates":[5.1760579,52.2675683]},"properties":{"type":"charge","layer":"passenger","locationId":"1208","name":"Shell Recharge NL Cornelis van den Bergstraat 31","address":"Cornelis van den Bergstraat 31","city":"Bussum","operatorName":"Ubitricity","maxPowerKw":22,"isMegawatt":false,"status":"AVAILABLE","source":"ndw","priceKwh":0.267}},{"type":"Feature","geometry":{"type":"Point","coordinates":[5.193048,52.304948]},"properties":{"type":"charge","layer":"passenger","locationId":"1058398","name":"DAE_NL_2001376","address":"oud Huizerweg 2","city":"Naarden","operatorName":"DAEN Mobility","maxPowerKw":11,"isMegawatt":false,"status":"CHARGING","source":"ndw","priceKwh":0.6}},{"type":"Feature","geometry":{"type":"Point","coordinates":[5.071499,52.329678]},"properties":{"type":"charge","layer":"passenger","locationId":"2FED9183-9FD3-4A3C-A319-E322FA858AE2","name":"TNLP008821 - Vestingplein 2, Muiden","address":"2 Vestingplein","city":"Muiden","operatorName":"TotalEnergies","maxPowerKw":14,"isMegawatt":false,"status":"AVAILABLE","source":"ndw"}},{"type":"Feature","geometry":{"type":"Point","coordinates":[5.170192,52.27858]},"properties":{"type":"charge","layer":"passenger","locationId":"6A186B0E-9C5F-4201-AA4C-3BC8D29D81BA","name":"TNLP034065 - Oud-Bussummerweg 69, Bussum","address":"69 Oud-Bussummerweg","city":"Bussum","operatorName":"TotalEnergies","maxPowerKw":13,"isMegawatt":false,"status":"UNAVAILABLE","source":"ndw"}},{"type":"Feature","geometry":{"type":"Point","coordinates":[5.147222,52.290775]},"properties":{"type":"charge","layer":"passenger","locationId":"BA8E6B7D-8F84-47A0-B5FF-2212EFBD9EBE","name":"TNLP009789 - Graaf Willem de Oudelaan 108, Naarden","address":"108 Graaf Willem de Oudelaan","city":"Naarden","operatorName":"TotalEnergies","maxPowerKw":17,"isMegawatt":false,"status":"UNAVAILABLE","source":"ndw"}},{"type":"Feature","geometry":{"type":"Point","coordinates":[5.167635,52.278015]},"properties":{"type":"charge","layer":"passenger","locationId":"40A9A006-757E-4679-951F-AD66CC03F867","name":"TNLP005901 - Tesselschadelaan 8, Bussum","address":"8 Tesselschadelaan","city":"Bussum","operatorName":"TotalEnergies","maxPowerKw":17,"isMegawatt":false,"status":"UNAVAILABLE","source":"ndw"}},{"type":"Feature","geometry":{"type":"Point","coordinates":[5.060407,52.332246]},"properties":{"type":"charge","layer":"passenger","locationId":"678509043a6a39ec59254ab5","name":"Vloto's laadpaal Voorlader 10","address":"Voorlader 10","city":"Muiden","operatorName":"E-Flux by Road","maxPowerKw":14,"isMegawatt":false,"status":"AVAILABLE","source":"ndw","priceKwh":0.34}},{"type":"Feature","geometry":{"type":"Point","coordinates":[5.16584,52.27247]},"properties":{"type":"charge","layer":"passenger","locationId":"BCA7456D-CB32-4942-BAB2-07764DA5027C","name":"PP001727 - Nieuwstraat 23, Bussum","address":"23 Nieuwstraat","city":"Bussum","operatorName":"TotalEnergies","maxPowerKw":11,"isMegawatt":false,"status":"AVAILABLE","source":"ndw"}},{"type":"Feature","geometry":{"type":"Point","coordinates":[5.063657,52.332704]},"properties":{"type":"charge","layer":"passenger","locationId":"66dafbc6c2cdba001c104c27","name":"Vloto Laadpaal stelling 39","address":"Stelling 39 39","city":"Muiden","operatorName":"E-Flux by Road","maxPowerKw":14,"isMegawatt":false,"status":"AVAILABLE","source":"ndw","priceKwh":0.34}},{"type":"Feature","geometry":{"type":"Point","coordinates":[5.192828,52.268326]},"properties":{"type":"charge","layer":"passenger","locationId":"6DD832BE-D0C2-48BB-8D90-C81708746121","name":"TNLP007373 - Anne Franklaan 102, Bussum","address":"102 Anne Franklaan","city":"Bussum","operatorName":"TotalEnergies","maxPowerKw":17,"isMegawatt":false,"status":"AVAILABLE","source":"ndw"}},{"type":"Feature","geometry":{"type":"Point","coordinates":[5.160079,52.296719]},"properties":{"type":"charge","layer":"passenger","locationId":"3449d443-e8b1-4b5a-8abd-4efef6efffa9","name":"Kooltjesbuurt","address":"Kooltjesbuurt 1","city":"Naarden","operatorName":"Vattenfall InCharge","maxPowerKw":11,"isMegawatt":false,"status":"AVAILABLE","source":"ndw","priceKwh":0.4316}},{"type":"Feature","geometry":{"type":"Point","coordinates":[5.176671,52.275642]},"properties":{"type":"charge","layer":"passenger","locationId":"FB74C535-C731-424F-A4E5-080E6AC8028C","name":"TNLP008476 - Bisonstraat 4a, Bussum","address":"4a Bisonstraat","city":"Bussum","operatorName":"TotalEnergies","maxPowerKw":13,"isMegawatt":false,"status":"UNAVAILABLE","source":"ndw"}},{"type":"Feature","geometry":{"type":"Point","coordinates":[5.065149,52.334266]},"properties":{"type":"charge","layer":"passenger","locationId":"68b1605e0abda648591c9d83","name":"Vloto laadpaal PC Hooftlaan 37","address":"PC Hooftlaan  37","city":"Muiden","operatorName":"E-Flux by Road","maxPowerKw":14,"isMegawatt":false,"status":"AVAILABLE","source":"ndw","priceKwh":0.34}},{"type":"Feature","geometry":{"type":"Point","coordinates":[5.139205,52.307079]},"properties":{"type":"charge","layer":"passenger","locationId":"660d271340783b001cfdf2f7","name":"Gooimeer 5","address":"Gooimeer 5","city":"Naarden","operatorName":"Greenchoice B.V.","maxPowerKw":22,"isMegawatt":false,"status":"AVAILABLE","source":"ndw","priceKwh":0.38}},{"type":"Feature","geometry":{"type":"Point","coordinates":[5.083473,52.321486]},"properties":{"type":"charge","layer":"passenger","locationId":"68","name":"Shell Recharge NL2027 - Shell De Hackelaar","address":"A1 E231 NZ","city":"Muiden","operatorName":"Shell Recharge","maxPowerKw":175,"isMegawatt":false,"status":"AVAILABLE","source":"ndw","priceKwh":0.7025}},{"type":"Feature","geometry":{"type":"Point","coordinates":[5.163198,52.2728]},"properties":{"type":"charge","layer":"passenger","locationId":"CF69FA9C-7DC5-4C04-9EE4-56593308620C","name":"TNLP009962 - Brinklaan 115, Bussum","address":"115 Brinklaan","city":"Bussum","operatorName":"TotalEnergies","maxPowerKw":17,"isMegawatt":false,"status":"UNAVAILABLE","source":"ndw"}},{"type":"Feature","geometry":{"type":"Point","coordinates":[5.1657,52.26409]},"properties":{"type":"charge","layer":"passenger","locationId":"56BF7B82-EF03-49F9-A378-9738EDF29E88","name":"PP005092 - Bloemhof 169, Bussum","address":"169 Bloemhof","city":"Bussum","operatorName":"TotalEnergies","maxPowerKw":11,"isMegawatt":false,"status":"UNAVAILABLE","source":"ndw"}},{"type":"Feature","geometry":{"type":"Point","coordinates":[5.18239,52.27163]},"properties":{"type":"charge","layer":"passenger","locationId":"52D1CECE-5FEC-47A7-9CB4-5651FDF2C892","name":"TNLP006687 - Bremstraat 2, Bussum","address":"2 Bremstraat","city":"Bussum","operatorName":"TotalEnergies","maxPowerKw":17,"isMegawatt":false,"status":"UNAVAILABLE","source":"ndw"}},{"type":"Feature","geometry":{"type":"Point","coordinates":[5.161529,52.27976]},"properties":{"type":"charge","layer":"passenger","locationId":"7A626360-C568-4EA4-BBAF-E6CA78DB5189","name":"PP005553 - Generaal de la Reijlaan 8, Bussum","address":"8 Generaal de la Reijlaan","city":"Bussum","operatorName":"TotalEnergies","maxPowerKw":11,"isMegawatt":false,"status":"UNAVAILABLE","source":"ndw"}},{"type":"Feature","geometry":{"type":"Point","coordinates":[5.142412,52.29198]},"properties":{"type":"charge","layer":"passenger","locationId":"6933ee4f25a7abb33c19c4b8","name":"Gooi en Vechtstreek 64101 - Parkeerplaats Stadzigt nr 1","address":"Meerkade 2","city":"Naarden","operatorName":"E-Flux by Road","maxPowerKw":11,"isMegawatt":false,"status":"CHARGING","source":"ndw","priceKwh":0.43}},{"type":"Feature","geometry":{"type":"Point","coordinates":[5.05462,52.334804]},"properties":{"type":"charge","layer":"passenger","locationId":"66db1a10231266001c9b35d3","name":"Vloto laadpaal Groene Kikker 1","address":"Groene Kikker 1","city":"Muiden","operatorName":"E-Flux by Road","maxPowerKw":14,"isMegawatt":false,"status":"AVAILABLE","source":"ndw","priceKwh":0.34}},{"type":"Feature","geometry":{"type":"Point","coordinates":[5.05907,52.332285]},"properties":{"type":"charge","layer":"passenger","locationId":"66ea9154b0feb0001decb490","name":"Vloto laadpaal Vuursteen 7","address":"Vuursteen 7","city":"Muiden","operatorName":"E-Flux by Road","maxPowerKw":14,"isMegawatt":false,"status":"AVAILABLE","source":"ndw","priceKwh":0.34}},{"type":"Feature","geometry":{"type":"Point","coordinates":[5.17879,52.26525]},"properties":{"type":"charge","layer":"passenger","locationId":"388","name":"Shell Recharge NL Karel Doormanlaan 65","address":"Karel Doormanlaan 65","city":"Bussum","operatorName":"Ubitricity","maxPowerKw":11,"isMegawatt":false,"status":"AVAILABLE","source":"ndw","priceKwh":0.392}},{"type":"Feature","geometry":{"type":"Point","coordinates":[5.16166,52.28548]},"properties":{"type":"charge","layer":"passenger","locationId":"607","name":"Shell Recharge NL Lambertus Hortensiuslaan 16","address":"Lambertus Hortensiuslaan 16","city":"Naarden","operatorName":"Ubitricity","maxPowerKw":11,"isMegawatt":false,"status":"AVAILABLE","source":"ndw","priceKwh":0.392}},{"type":"Feature","geometry":{"type":"Point","coordinates":[5.15716,52.278816]},"properties":{"type":"charge","layer":"passenger","locationId":"19E9A54F-B5C6-4ACD-9D8F-517027129AD0","name":"TNLP007957 - Oranjepark 2, Bussum","address":"2 Oranjepark","city":"Bussum","operatorName":"TotalEnergies","maxPowerKw":17,"isMegawatt":false,"status":"UNAVAILABLE","source":"ndw"}},{"type":"Feature","geometry":{"type":"Point","coordinates":[5.1238,52.32677]},"properties":{"type":"charge","layer":"passenger","locationId":"529","name":"Shell Recharge NL Nienhuis Ruyskade 29","address":"Nienhuis Ruyskade 29","city":"Muiderberg","operatorName":"Ubitricity","maxPowerKw":11,"isMegawatt":false,"status":"CHARGING","source":"ndw","priceKwh":0.392}},{"type":"Feature","geometry":{"type":"Point","coordinates":[5.1879877,52.2735592]},"properties":{"type":"charge","layer":"passenger","locationId":"1298","name":"Shell Recharge NL Lothariuslaan 82","address":"Lothariuslaan 82","city":"Bussum","operatorName":"Ubitricity","maxPowerKw":22,"isMegawatt":false,"status":"AVAILABLE","source":"ndw","priceKwh":0.267}},{"type":"Feature","geometry":{"type":"Point","coordinates":[5.14902,52.28916]},"properties":{"type":"charge","layer":"passenger","locationId":"D67909E5-7FE2-415D-9C98-927F66F8920F","name":"PP005254 - Graaf Adolflaan 4, Naarden","address":"4 Graaf Adolflaan","city":"Naarden","operatorName":"TotalEnergies","maxPowerKw":11,"isMegawatt":false,"status":"UNAVAILABLE","source":"ndw"}},{"type":"Feature","geometry":{"type":"Point","coordinates":[5.16727,52.2759]},"properties":{"type":"charge","layer":"passenger","locationId":"15CA4D16-8207-4B7B-A0F8-9AC370677E98","name":"TNLP007151 - Havenstraat 198, Bussum","address":"198 Havenstraat","city":"Bussum","operatorName":"TotalEnergies","maxPowerKw":17,"isMegawatt":false,"status":"UNAVAILABLE","source":"ndw"}},{"type":"Feature","geometry":{"type":"Point","coordinates":[5.16237,52.27134]},"properties":{"type":"charge","layer":"passenger","locationId":"657","name":"Shell Recharge NL Brinklaan 134","address":"Brinklaan 134","city":"Bussum","operatorName":"Ubitricity","maxPowerKw":11,"isMegawatt":false,"status":"AVAILABLE","source":"ndw","priceKwh":0.392}},{"type":"Feature","geometry":{"type":"Point","coordinates":[5.06538,52.33007]},"properties":{"type":"charge","layer":"passenger","locationId":"AF193022-2954-467E-9789-39673CDE17DB","name":"TNLP003546 - Weesperweg 2, Muiden","address":"2 Weesperweg","city":"Muiden","operatorName":"TotalEnergies","maxPowerKw":17,"isMegawatt":false,"status":"AVAILABLE","source":"ndw"}},{"type":"Feature","geometry":{"type":"Point","coordinates":[5.05602,52.333078]},"properties":{"type":"charge","layer":"passenger","locationId":"66dffcc326a9ff001cc7bf75","name":"Vloto Laadpaal Krijgsmanlaan 44","address":"Krijgsmanlaan 44","city":"Muiden","operatorName":"E-Flux by Road","maxPowerKw":14,"isMegawatt":false,"status":"AVAILABLE","source":"ndw","priceKwh":0.34}},{"type":"Feature","geometry":{"type":"Point","coordinates":[5.193048,52.304948]},"properties":{"type":"charge","layer":"passenger","locationId":"1058370","name":"DAE_NL_2001373","address":"oud Huizerweg 2","city":"Naarden","operatorName":"DAEN Mobility","maxPowerKw":11,"isMegawatt":false,"status":"AVAILABLE","source":"ndw","priceKwh":0.6}},{"type":"Feature","geometry":{"type":"Point","coordinates":[5.172463,52.27333]},"properties":{"type":"charge","layer":"passenger","locationId":"EA6D0BB8-0EBA-406D-A4F4-C4AA4662EF90","name":"TNLP006640 - Batterijlaan 18, Bussum","address":"18 Batterijlaan","city":"Bussum","operatorName":"TotalEnergies","maxPowerKw":17,"isMegawatt":false,"status":"UNAVAILABLE","source":"ndw"}},{"type":"Feature","geometry":{"type":"Point","coordinates":[5.138224,52.306946]},"properties":{"type":"charge","layer":"passenger","locationId":"4227438","name":"Laadnet Pink Elephant BV","address":"Gooimeer 18","city":"Naarden","operatorName":"Laadnet","maxPowerKw":22,"isMegawatt":false,"status":"AVAILABLE","source":"ndw"}},{"type":"Feature","geometry":{"type":"Point","coordinates":[5.140606,52.30317]},"properties":{"type":"charge","layer":"passenger","locationId":"BEA686A3-FDBB-4FD3-BD4B-8DAE7367B2CA","name":"TNLP006349 - Jac. P. Thijssepark 243, Naarden","address":"243 Jac. P. Thijssepark","city":"Naarden","operatorName":"TotalEnergies","maxPowerKw":17,"isMegawatt":false,"status":"UNAVAILABLE","source":"ndw"}},{"type":"Feature","geometry":{"type":"Point","coordinates":[5.174307,52.281176]},"properties":{"type":"charge","layer":"passenger","locationId":"91151193","name":"50five-S NL 07003493","address":"Jacobus Bellamylaan 33","city":"Bussum","operatorName":"50five","maxPowerKw":14,"isMegawatt":false,"status":"AVAILABLE","source":"ndw"}},{"type":"Feature","geometry":{"type":"Point","coordinates":[5.14819,52.28155]},"properties":{"type":"charge","layer":"passenger","locationId":"608","name":"Shell Recharge NL Kuyperlaan 46","address":"Kuyperlaan 46","city":"Naarden","operatorName":"Ubitricity","maxPowerKw":11,"isMegawatt":false,"status":"AVAILABLE","source":"ndw","priceKwh":0.392}},{"type":"Feature","geometry":{"type":"Point","coordinates":[5.181626,52.29512]},"properties":{"type":"charge","layer":"passenger","locationId":"66704c94c2af14001c4cbd9c","name":"Givaudan Nederland B.V. Personeel","address":"Huizerstraatweg 28","city":"Naarden","operatorName":"Pluq","maxPowerKw":22,"isMegawatt":false,"status":"AVAILABLE","source":"ndw","priceKwh":0.3}},{"type":"Feature","geometry":{"type":"Point","coordinates":[5.104618,52.320202]},"properties":{"type":"charge","layer":"passenger","locationId":"EVB-P1606164","name":"EVB-P1606164","address":"Googweg 9A","city":"Muiderberg","operatorName":"e-VOLTT","maxPowerKw":11,"isMegawatt":false,"status":"AVAILABLE","source":"ndw","priceKwh":0.6}},{"type":"Feature","geometry":{"type":"Point","coordinates":[5.1929,52.26746]},"properties":{"type":"charge","layer":"passenger","locationId":"51ca9ab3-b2ff-4562-958f-4eb3207c2c22","name":"PP001234 - Anne Franklaan 144, Bussum","address":"144 Anne Franklaan","city":"Bussum","operatorName":"TotalEnergies","maxPowerKw":11,"isMegawatt":false,"status":"UNAVAILABLE","source":"ndw"}},{"type":"Feature","geometry":{"type":"Point","coordinates":[5.15269,52.29307]},"properties":{"type":"charge","layer":"passenger","locationId":"82719F22-F938-4F11-8792-A11756B112FD","name":"PP005220 - Prinses Beatrixhof 51, Naarden","address":"51 Prinses Beatrixhof","city":"Naarden","operatorName":"TotalEnergies","maxPowerKw":11,"isMegawatt":false,"status":"UNAVAILABLE","source":"ndw"}},{"type":"Feature","geometry":{"type":"Point","coordinates":[5.148839,52.279117]},"properties":{"type":"charge","layer":"passenger","locationId":"91097346","name":"50five-S NL 07000332","address":"Prins Mauritslaan 26","city":"Bussum","operatorName":"50five","maxPowerKw":11,"isMegawatt":false,"status":"AVAILABLE","source":"ndw"}},{"type":"Feature","geometry":{"type":"Point","coordinates":[5.15921,52.271057]},"properties":{"type":"charge","layer":"passenger","locationId":"2C460924-07DC-4733-9EAB-11F5DAB36B29","name":"TNLP034026 - Nieuwe Hilversumseweg 15, Bussum","address":"15 Nieuwe Hilversumseweg","city":"Bussum","operatorName":"TotalEnergies","maxPowerKw":13,"isMegawatt":false,"status":"UNAVAILABLE","source":"ndw"}},{"type":"Feature","geometry":{"type":"Point","coordinates":[5.187116,52.271461]},"properties":{"type":"charge","layer":"passenger","locationId":"715a57d3-0348-44ab-b55a-b80c3006fa03","name":"Zwaluwlaan","address":"Zwaluwlaan 1","city":"Bussum","operatorName":"Vattenfall InCharge","maxPowerKw":11,"isMegawatt":false,"status":"AVAILABLE","source":"ndw","priceKwh":0.4316}},{"type":"Feature","geometry":{"type":"Point","coordinates":[5.193048,52.304948]},"properties":{"type":"charge","layer":"passenger","locationId":"1058431","name":"DAE_NL_2001374","address":"oud Huizerweg 2","city":"Naarden","operatorName":"DAEN Mobility","maxPowerKw":11,"isMegawatt":false,"status":"CHARGING","source":"ndw","priceKwh":0.6}},{"type":"Feature","geometry":{"type":"Point","coordinates":[5.15052,52.29695]},"properties":{"type":"charge","layer":"passenger","locationId":"732","name":"Shell Recharge NL Gen. Kraijenhoffstraat 56","address":"Gen. Kraijenhoffstraat 56","city":"Naarden","operatorName":"Ubitricity","maxPowerKw":11,"isMegawatt":false,"status":"AVAILABLE","source":"ndw","priceKwh":0.392}},{"type":"Feature","geometry":{"type":"Point","coordinates":[5.15516,52.27606]},"properties":{"type":"charge","layer":"passenger","locationId":"AC693691-76EF-46F9-B5A2-EABA6A04CD84","name":"TNLP003551 - Meerweg 17a, Bussum","address":"17a Meerweg","city":"Bussum","operatorName":"TotalEnergies","maxPowerKw":17,"isMegawatt":false,"status":"AVAILABLE","source":"ndw"}},{"type":"Feature","geometry":{"type":"Point","coordinates":[5.1718189,52.2707145]},"properties":{"type":"charge","layer":"passenger","locationId":"1229","name":"Shell Recharge NL Eendrachtpark 1","address":"Eendrachtpark 1","city":"Bussum","operatorName":"Ubitricity","maxPowerKw":22,"isMegawatt":false,"status":"AVAILABLE","source":"ndw","priceKwh":0.267}},{"type":"Feature","geometry":{"type":"Point","coordinates":[5.173022,52.272655]},"properties":{"type":"charge","layer":"passenger","locationId":"34FF7CFC-1DA9-443F-9446-FF389DBE173D","name":"PP005447 - Voormeulenweg 39B, Bussum","address":"39B Voormeulenweg","city":"Bussum","operatorName":"TotalEnergies","maxPowerKw":11,"isMegawatt":false,"status":"UNAVAILABLE","source":"ndw"}},{"type":"Feature","geometry":{"type":"Point","coordinates":[5.158738,52.280724]},"properties":{"type":"charge","layer":"passenger","locationId":"91108230","name":"50five-S NL 03003010","address":"Albrechtlaan 14C","city":"Bussum","operatorName":"50five","maxPowerKw":11,"isMegawatt":false,"status":"AVAILABLE","source":"ndw"}},{"type":"Feature","geometry":{"type":"Point","coordinates":[5.157371,52.289228]},"properties":{"type":"charge","layer":"passenger","locationId":"91045355","name":"50five-S NL 17B18396","address":"Stadhouder Willem II Laan 10","city":"Naarden","operatorName":"50five","maxPowerKw":11,"isMegawatt":false,"status":"AVAILABLE","source":"ndw"}},{"type":"Feature","geometry":{"type":"Point","coordinates":[5.156124,52.290153]},"properties":{"type":"charge","layer":"passenger","locationId":"669a315a5f4383001ca2c42c","name":"Public station","address":"Stadhouder Willem II laan 32","city":"Naarden","operatorName":"E-Flux by Road","maxPowerKw":11,"isMegawatt":false,"status":"AVAILABLE","source":"ndw","priceKwh":1.28}},{"type":"Feature","geometry":{"type":"Point","coordinates":[5.17521,52.27389]},"properties":{"type":"charge","layer":"passenger","locationId":"02DF9CDB-BD2F-4B4A-BD21-E4A01F777BC4","name":"PP001670 - Meulenwiekelaan 49, Bussum","address":"49 Meulenwiekelaan","city":"Bussum","operatorName":"TotalEnergies","maxPowerKw":11,"isMegawatt":false,"status":"AVAILABLE","source":"ndw"}},{"type":"Feature","geometry":{"type":"Point","coordinates":[5.161276,52.283127]},"properties":{"type":"charge","layer":"passenger","locationId":"0CD9A66D-4E61-4D80-A4F6-037D85B53207","name":"TNLP007855 - Comeniuslaan 1, Bussum","address":"1 Comeniuslaan","city":"Bussum","operatorName":"TotalEnergies","maxPowerKw":17,"isMegawatt":false,"status":"UNAVAILABLE","source":"ndw"}},{"type":"Feature","geometry":{"type":"Point","coordinates":[5.14801,52.2755]},"properties":{"type":"charge","layer":"passenger","locationId":"423C7BE3-2AC5-4F4F-95FC-773897FAAF99","name":"TNLP007667 - Boslaan 21, Bussum","address":"21 Boslaan","city":"Bussum","operatorName":"TotalEnergies","maxPowerKw":17,"isMegawatt":false,"status":"AVAILABLE","source":"ndw"}},{"type":"Feature","geometry":{"type":"Point","coordinates":[5.152677,52.284472]},"properties":{"type":"charge","layer":"passenger","locationId":"91121580","name":"50five-S NL 17B11645","address":"Van Hall-Laan 25","city":"Naarden","operatorName":"50five","maxPowerKw":11,"isMegawatt":false,"status":"AVAILABLE","source":"ndw"}},{"type":"Feature","geometry":{"type":"Point","coordinates":[5.174335,52.27046]},"properties":{"type":"charge","layer":"passenger","locationId":"92BC973F-BB50-44CD-B6B0-FEC8DDD9B453","name":"Laadplein - TNLP006710 - dr. Abraham Kuyperlaan 32, Bussum","address":"32 dr. Abraham Kuyperlaan","city":"Bussum","operatorName":"TotalEnergies","maxPowerKw":15,"isMegawatt":false,"status":"AVAILABLE","source":"ndw"}},{"type":"Feature","geometry":{"type":"Point","coordinates":[5.16742,52.28361]},"properties":{"type":"charge","layer":"passenger","locationId":"491","name":"Shell Recharge NL Paulus Potterlaan 7","address":"Paulus Potterlaan 7","city":"Naarden","operatorName":"Ubitricity","maxPowerKw":11,"isMegawatt":false,"status":"AVAILABLE","source":"ndw","priceKwh":0.392}},{"type":"Feature","geometry":{"type":"Point","coordinates":[5.167809,52.274047]},"properties":{"type":"charge","layer":"passenger","locationId":"e3ba8e3821bf23c1f00ca0c9f594815b","name":"Poststraat 1","address":"Poststraat 1","city":"Bussum","operatorName":"Vattenfall InCharge","maxPowerKw":11,"isMegawatt":false,"status":"AVAILABLE","source":"ndw","priceKwh":0.2805}},{"type":"Feature","geometry":{"type":"Point","coordinates":[5.16912,52.28142]},"properties":{"type":"charge","layer":"passenger","locationId":"A5F399D9-D027-44EB-AEA0-157EEE5BC2E6","name":"TNLP003606 - Brediusweg 35, Bussum","address":"35 Brediusweg","city":"Bussum","operatorName":"TotalEnergies","maxPowerKw":17,"isMegawatt":false,"status":"AVAILABLE","source":"ndw"}},{"type":"Feature","geometry":{"type":"Point","coordinates":[5.1758254,52.2690054]},"properties":{"type":"charge","layer":"passenger","locationId":"1219","name":"Shell Recharge NL Doctor Abraham Kuyperlaan 62","address":"Doctor Abraham Kuyperlaan 62","city":"Bussum","operatorName":"Ubitricity","maxPowerKw":22,"isMegawatt":false,"status":"AVAILABLE","source":"ndw","priceKwh":0.267}},{"type":"Feature","geometry":{"type":"Point","coordinates":[5.163467,52.277264]},"properties":{"type":"charge","layer":"passenger","locationId":"b76d1a5f-7b00-40f9-8887-846096bedb60","name":"Laadplein - TNLP006738 - Nieuwe Raadhuisstraat 8, Bussum","address":"8 Nieuwe Raadhuisstraat","city":"Bussum","operatorName":"TotalEnergies","maxPowerKw":15,"isMegawatt":false,"status":"AVAILABLE","source":"ndw"}},{"type":"Feature","geometry":{"type":"Point","coordinates":[5.15431,52.28242]},"properties":{"type":"charge","layer":"passenger","locationId":"2c1704ce-f56d-4b1d-91bb-70e66d340114","name":"PP001195 - Thorbeckelaan 4, Naarden","address":"4 Thorbeckelaan","city":"Naarden","operatorName":"TotalEnergies","maxPowerKw":11,"isMegawatt":false,"status":"UNAVAILABLE","source":"ndw"}},{"type":"Feature","geometry":{"type":"Point","coordinates":[5.17696,52.27066]},"properties":{"type":"charge","layer":"passenger","locationId":"5BF49A28-E712-48FF-9446-5D9F5C9AFC79","name":"PP002504 - Doctor Abraham Kuyperlaan 5, Bussum","address":"5 Doctor Abraham Kuyperlaan","city":"Bussum","operatorName":"TotalEnergies","maxPowerKw":13,"isMegawatt":false,"status":"AVAILABLE","source":"ndw"}},{"type":"Feature","geometry":{"type":"Point","coordinates":[5.18012,52.27269]},"properties":{"type":"charge","layer":"passenger","locationId":"374","name":"Shell Recharge NL J.H. van 't Hoffweg 26","address":"J.H. van 't Hoffweg 26","city":"Bussum","operatorName":"Ubitricity","maxPowerKw":11,"isMegawatt":false,"status":"AVAILABLE","source":"ndw","priceKwh":0.392}},{"type":"Feature","geometry":{"type":"Point","coordinates":[5.1730795,52.2695145]},"properties":{"type":"charge","layer":"passenger","locationId":"1363","name":"Shell Recharge NL Sint Janslaan 131","address":"Sint Janslaan 131","city":"Bussum","operatorName":"Ubitricity","maxPowerKw":22,"isMegawatt":false,"status":"CHARGING","source":"ndw","priceKwh":0.267}},{"type":"Feature","geometry":{"type":"Point","coordinates":[5.176454,52.286995]},"properties":{"type":"charge","layer":"passenger","locationId":"AC363421-6B98-4C71-9679-BEB8EE4CAC69","name":"TNLP006715 - Chopinlaan 1, Naarden","address":"1 Chopinlaan","city":"Naarden","operatorName":"TotalEnergies","maxPowerKw":17,"isMegawatt":false,"status":"UNAVAILABLE","source":"ndw"}},{"type":"Feature","geometry":{"type":"Point","coordinates":[5.1512,52.28633]},"properties":{"type":"charge","layer":"passenger","locationId":"733","name":"Shell Recharge NL Thorbeckelaan 74","address":"Thorbeckelaan 74","city":"Naarden","operatorName":"Ubitricity","maxPowerKw":11,"isMegawatt":false,"status":"AVAILABLE","source":"ndw","priceKwh":0.392}},{"type":"Feature","geometry":{"type":"Point","coordinates":[5.186451,52.268543]},"properties":{"type":"charge","layer":"passenger","locationId":"68172941-2999-4663-81A7-3AF5C77E9CCA","name":"TNLP006686 - Koekoeklaan 39, Bussum","address":"39 Koekoeklaan","city":"Bussum","operatorName":"TotalEnergies","maxPowerKw":17,"isMegawatt":false,"status":"AVAILABLE","source":"ndw"}},{"type":"Feature","geometry":{"type":"Point","coordinates":[5.151801,52.29721]},"properties":{"type":"charge","layer":"passenger","locationId":"92EC4BD6-78AA-481E-B8AD-FF167B1A1E97","name":"PP005551 - Meerstraat 36, Naarden","address":"36 Meerstraat","city":"Naarden","operatorName":"TotalEnergies","maxPowerKw":11,"isMegawatt":false,"status":"UNAVAILABLE","source":"ndw"}},{"type":"Feature","geometry":{"type":"Point","coordinates":[5.150681,52.285694]},"properties":{"type":"charge","layer":"passenger","locationId":"97BF00E3-E9EA-49A0-8EC0-25C117A58177","name":"TNLP006452 - Heemskerklaan 56, Naarden","address":"56 Heemskerklaan","city":"Naarden","operatorName":"TotalEnergies","maxPowerKw":17,"isMegawatt":false,"status":"UNAVAILABLE","source":"ndw"}},{"type":"Feature","geometry":{"type":"Point","coordinates":[5.156125,52.290153]},"properties":{"type":"charge","layer":"passenger","locationId":"2700128","name":"Laadnet Thuis","address":"Stadhouder Willem II Laan 32","city":"Naarden","operatorName":"Laadnet","maxPowerKw":11,"isMegawatt":false,"status":"UNAVAILABLE","source":"ndw"}},{"type":"Feature","geometry":{"type":"Point","coordinates":[5.17664,52.276]},"properties":{"type":"charge","layer":"passenger","locationId":"28A346F5-191F-47F0-ADDC-793B274725D8","name":"PP004342 - Bisonstraat 1, Bussum","address":"1 Bisonstraat","city":"Bussum","operatorName":"TotalEnergies","maxPowerKw":11,"isMegawatt":false,"status":"UNAVAILABLE","source":"ndw"}},{"type":"Feature","geometry":{"type":"Point","coordinates":[5.166392,52.267582]},"properties":{"type":"charge","layer":"passenger","locationId":"CB14B68F-2BFC-419D-899E-D799877626F8","name":"PP005146 - De Dennen 178, Bussum","address":"178 De Dennen","city":"Bussum","operatorName":"TotalEnergies","maxPowerKw":11,"isMegawatt":false,"status":"UNAVAILABLE","source":"ndw"}},{"type":"Feature","geometry":{"type":"Point","coordinates":[5.174633,52.264942]},"properties":{"type":"charge","layer":"passenger","locationId":"F4DA64AC-5EC9-4347-93E4-BB3E247AA8A9","name":"TNLP009969 - Prinses Margrietplantsoen 58, Bussum","address":"58 Prinses Margrietplantsoen","city":"Bussum","operatorName":"TotalEnergies","maxPowerKw":17,"isMegawatt":false,"status":"UNAVAILABLE","source":"ndw"}},{"type":"Feature","geometry":{"type":"Point","coordinates":[5.18853,52.27134]},"properties":{"type":"charge","layer":"passenger","locationId":"E3E8BCCE-8C64-4072-96D0-C3939B2CE686","name":"PP005088 - Lijsterlaan 62, Bussum","address":"62 Lijsterlaan","city":"Bussum","operatorName":"TotalEnergies","maxPowerKw":11,"isMegawatt":false,"status":"AVAILABLE","source":"ndw"}},{"type":"Feature","geometry":{"type":"Point","coordinates":[5.171031,52.262394]},"properties":{"type":"charge","layer":"passenger","locationId":"990646E0-943A-4D09-A458-B6C7362DC02E","name":"TNLP007857 - Imkerweg 33, Bussum","address":"33 Imkerweg","city":"Bussum","operatorName":"TotalEnergies","maxPowerKw":17,"isMegawatt":false,"status":"UNAVAILABLE","source":"ndw"}},{"type":"Feature","geometry":{"type":"Point","coordinates":[5.06515,52.334244]},"properties":{"type":"charge","layer":"passenger","locationId":"F6BBEC95-5AD9-4510-A96F-76B8947D55FC","name":"TNLP007599 - Muiderkring 8, Muiden","address":"8 Muiderkring","city":"Muiden","operatorName":"TotalEnergies","maxPowerKw":17,"isMegawatt":false,"status":"UNAVAILABLE","source":"ndw"}},{"type":"Feature","geometry":{"type":"Point","coordinates":[5.123921,52.326992]},"properties":{"type":"charge","layer":"passenger","locationId":"7402C553-1F4B-4B07-92E5-EC27D0066CDA","name":"TNLP009341 - Nienhuis Ruijskade 44, Muiderberg","address":"44 Nienhuis Ruijskade","city":"Muiderberg","operatorName":"TotalEnergies","maxPowerKw":17,"isMegawatt":false,"status":"UNAVAILABLE","source":"ndw"}},{"type":"Feature","geometry":{"type":"Point","coordinates":[5.17067,52.28561]},"properties":{"type":"charge","layer":"passenger","locationId":"A1475778-D2A8-40B2-9281-4AD99A31B7D6","name":"PP004074 - Tenierslaan 3, Naarden","address":"3 Tenierslaan","city":"Naarden","operatorName":"TotalEnergies","maxPowerKw":11,"isMegawatt":false,"status":"UNAVAILABLE","source":"ndw"}},{"type":"Feature","geometry":{"type":"Point","coordinates":[5.154172,52.278601]},"properties":{"type":"charge","layer":"passenger","locationId":"91052320","name":"50five-S NL 03013667","address":"Koningslaan 11","city":"Bussum","operatorName":"50five","maxPowerKw":11,"isMegawatt":false,"status":"UNAVAILABLE","source":"ndw"}},{"type":"Feature","geometry":{"type":"Point","coordinates":[5.1712,52.26506]},"properties":{"type":"charge","layer":"passenger","locationId":"CB612573-5FAC-4C2C-94AE-265447E1EFF9","name":"PP005091 - Ruysstraat 7, Bussum","address":"7 Ruysstraat","city":"Bussum","operatorName":"TotalEnergies","maxPowerKw":11,"isMegawatt":false,"status":"UNAVAILABLE","source":"ndw"}},{"type":"Feature","geometry":{"type":"Point","coordinates":[5.146713,52.262737]},"properties":{"type":"charge","layer":"passenger","locationId":"E63BF2D8-94DE-4F53-805C-0030BAEAEAD7","name":"TNLP008384 - Kleine Johanneslaan 2, Bussum","address":"2 Kleine Johanneslaan","city":"Bussum","operatorName":"TotalEnergies","maxPowerKw":13,"isMegawatt":false,"status":"UNAVAILABLE","source":"ndw"}},{"type":"Feature","geometry":{"type":"Point","coordinates":[5.16583,52.27937]},"properties":{"type":"charge","layer":"passenger","locationId":"565","name":"Shell Recharge NL Vossiuslaan 7","address":"Vossiuslaan 7","city":"Bussum","operatorName":"Ubitricity","maxPowerKw":11,"isMegawatt":false,"status":"AVAILABLE","source":"ndw","priceKwh":0.392}},{"type":"Feature","geometry":{"type":"Point","coordinates":[5.14973,52.29896]},"properties":{"type":"charge","layer":"passenger","locationId":"138","name":"Shell Recharge NL Jan Houtmanstraat 2","address":"Jan Houtmanstraat 2","city":"Naarden","operatorName":"Ubitricity","maxPowerKw":11,"isMegawatt":false,"status":"AVAILABLE","source":"ndw","priceKwh":0.392}},{"type":"Feature","geometry":{"type":"Point","coordinates":[5.073644,52.328472]},"properties":{"type":"charge","layer":"passenger","locationId":"57142F91-6E42-4133-AE3B-538A4DBDCDDC","name":"TNLP007673 - de Pauw 2, Muiden","address":"2 de Pauw","city":"Muiden","operatorName":"TotalEnergies","maxPowerKw":17,"isMegawatt":false,"status":"UNAVAILABLE","source":"ndw"}},{"type":"Feature","geometry":{"type":"Point","coordinates":[5.1613,52.27238]},"properties":{"type":"charge","layer":"passenger","locationId":"570abc53-aef7-48e7-bd1f-c31bf1a70954","name":"PP001985 - Mariastraat 22, Bussum","address":"22 Mariastraat","city":"Bussum","operatorName":"TotalEnergies","maxPowerKw":11,"isMegawatt":false,"status":"AVAILABLE","source":"ndw"}},{"type":"Feature","geometry":{"type":"Point","coordinates":[5.180765,52.264835]},"properties":{"type":"charge","layer":"passenger","locationId":"DDD561DF-BFB9-4C21-880E-E07930B2A940","name":"TNLP034317 - Randweg 201, Bussum","address":"201 Randweg","city":"Bussum","operatorName":"TotalEnergies","maxPowerKw":13,"isMegawatt":false,"status":"AVAILABLE","source":"ndw"}},{"type":"Feature","geometry":{"type":"Point","coordinates":[5.15072,52.288467]},"properties":{"type":"charge","layer":"passenger","locationId":"21180EEE-4A75-4AD8-BC29-65107C947258","name":"TNLP015320 - Juliana van Stolberglaan 114, Naarden","address":"114 Juliana van Stolberglaan","city":"Naarden","operatorName":"TotalEnergies","maxPowerKw":17,"isMegawatt":false,"status":"AVAILABLE","source":"ndw"}},{"type":"Feature","geometry":{"type":"Point","coordinates":[5.072542,52.326]},"properties":{"type":"charge","layer":"passenger","locationId":"77159154-2DE3-4838-A786-1E109F165CBD","name":"TNLP034228 - De Lange Gangh 36, Muiden","address":"36 De Lange Gangh","city":"Muiden","operatorName":"TotalEnergies","maxPowerKw":13,"isMegawatt":false,"status":"UNAVAILABLE","source":"ndw"}},{"type":"Feature","geometry":{"type":"Point","coordinates":[5.176997,52.280253]},"properties":{"type":"charge","layer":"passenger","locationId":"91090701","name":"50five-S NL 17B32582","address":"Burgemeester s'Jacoblaan 31","city":"Bussum","operatorName":"50five","maxPowerKw":11,"isMegawatt":false,"status":"CHARGING","source":"ndw"}},{"type":"Feature","geometry":{"type":"Point","coordinates":[5.1726,52.26182]},"properties":{"type":"charge","layer":"passenger","locationId":"612","name":"Shell Recharge NL Lange Heul 774","address":"Lange Heul 774","city":"Bussum","operatorName":"Ubitricity","maxPowerKw":11,"isMegawatt":false,"status":"AVAILABLE","source":"ndw","priceKwh":0.392}},{"type":"Feature","geometry":{"type":"Point","coordinates":[5.188268,52.27061]},"properties":{"type":"charge","layer":"passenger","locationId":"b47f981e516892d5491d4aceab14cd1a","name":"Zwaluwlaan 54","address":"Zwaluwlaan 54","city":"Bussum","operatorName":"Vattenfall InCharge","maxPowerKw":11,"isMegawatt":false,"status":"AVAILABLE","source":"ndw","priceKwh":0.2805}},{"type":"Feature","geometry":{"type":"Point","coordinates":[5.060441,52.332369]},"properties":{"type":"charge","layer":"passenger","locationId":"67850813d27551b8ad807870","name":"Vloto's laadpaal Kruitmolen 17","address":"Kruitmolen 17","city":"Muiden","operatorName":"E-Flux by Road","maxPowerKw":14,"isMegawatt":false,"status":"AVAILABLE","source":"ndw","priceKwh":0.34}},{"type":"Feature","geometry":{"type":"Point","coordinates":[5.188064,52.269596]},"properties":{"type":"charge","layer":"passenger","locationId":"D2217C26-A03A-4218-BC8A-9930A0F537BA","name":"TNLP005748 - Boomkleverlaan 26, Bussum","address":"26 Boomkleverlaan","city":"Bussum","operatorName":"TotalEnergies","maxPowerKw":11,"isMegawatt":false,"status":"AVAILABLE","source":"ndw"}},{"type":"Feature","geometry":{"type":"Point","coordinates":[5.11749,52.32758]},"properties":{"type":"charge","layer":"passenger","locationId":"86C3B8EA-6BB0-4926-A604-3FD43F98F8DC","name":"TNLP003637 - G.A. Heinzeplein 4, Muiderberg","address":"4 G.A. Heinzeplein","city":"Muiderberg","operatorName":"TotalEnergies","maxPowerKw":17,"isMegawatt":false,"status":"AVAILABLE","source":"ndw"}},{"type":"Feature","geometry":{"type":"Point","coordinates":[5.169107,52.273117]},"properties":{"type":"charge","layer":"passenger","locationId":"0FF52BDF-29E1-42DC-9B8D-3B38D2C9FA85","name":"TNLP005815 - Veldheimerlaan 39, Bussum","address":"39 Veldheimerlaan","city":"Bussum","operatorName":"TotalEnergies","maxPowerKw":11,"isMegawatt":false,"status":"UNAVAILABLE","source":"ndw"}},{"type":"Feature","geometry":{"type":"Point","coordinates":[5.176436,52.26626]},"properties":{"type":"charge","layer":"passenger","locationId":"B3D23FB2-73DB-47C0-8AF7-FAF3AEBA81BA","name":"TNLP007858 - Jan Bottemastraat 3G, Bussum","address":"3G Jan Bottemastraat","city":"Bussum","operatorName":"TotalEnergies","maxPowerKw":17,"isMegawatt":false,"status":"UNAVAILABLE","source":"ndw"}},{"type":"Feature","geometry":{"type":"Point","coordinates":[5.166199,52.268596]},"properties":{"type":"charge","layer":"passenger","locationId":"db2ba211b2810b4d49a311dc11daa542","name":"De Berken 25","address":"De Berken 25","city":"Bussum","operatorName":"Vattenfall InCharge","maxPowerKw":11,"isMegawatt":false,"status":"AVAILABLE","source":"ndw","priceKwh":0.2805}},{"type":"Feature","geometry":{"type":"Point","coordinates":[5.063646,52.332533]},"properties":{"type":"charge","layer":"passenger","locationId":"66deb917efbc88001ce072b7","name":"Vloto laadpaal Kroonwerk 12","address":"Kroonwerk 12","city":"Muiden","operatorName":"E-Flux by Road","maxPowerKw":14,"isMegawatt":false,"status":"AVAILABLE","source":"ndw","priceKwh":0.34}},{"type":"Feature","geometry":{"type":"Point","coordinates":[5.052463,52.333244]},"properties":{"type":"charge","layer":"passenger","locationId":"68d55781317606c125bc89ce","name":"Vloto laadpaal E.J. Ruijgplein 2","address":"E.J. Ruijgplein  1","city":"Muiden","operatorName":"E-Flux by Road","maxPowerKw":14,"isMegawatt":false,"status":"AVAILABLE","source":"ndw","priceKwh":0.34}},{"type":"Feature","geometry":{"type":"Point","coordinates":[5.145136,52.299247]},"properties":{"type":"charge","layer":"passenger","locationId":"4cb9d704-3452-4920-8e80-5d4522ff647f","name":"Evert de Bruynstraat","address":"Evert de Bruynstraat 92","city":"Naarden","operatorName":"Vattenfall InCharge","maxPowerKw":11,"isMegawatt":false,"status":"AVAILABLE","source":"ndw","priceKwh":0.4316}},{"type":"Feature","geometry":{"type":"Point","coordinates":[5.160727,52.293484]},"properties":{"type":"charge","layer":"passenger","locationId":"6D12C0ED-7B84-4648-910E-73ED0258D01E","name":"PP005643 - Westwalstraat 63, Naarden","address":"63 Westwalstraat","city":"Naarden","operatorName":"TotalEnergies","maxPowerKw":11,"isMegawatt":false,"status":"UNAVAILABLE","source":"ndw"}},{"type":"Feature","geometry":{"type":"Point","coordinates":[5.18144,52.27242]},"properties":{"type":"charge","layer":"passenger","locationId":"01EE131B-19F2-40A7-9D86-FA80FC51B84F","name":"PP001233 - H. Kamerlingh Onnesweg 25, Bussum","address":"25 H. Kamerlingh Onnesweg","city":"Bussum","operatorName":"TotalEnergies","maxPowerKw":11,"isMegawatt":false,"status":"AVAILABLE","source":"ndw"}},{"type":"Feature","geometry":{"type":"Point","coordinates":[5.139935,52.308204]},"properties":{"type":"charge","layer":"passenger","locationId":"67499b3e0834fe35cd1fa645","name":"Gooimeer 12 & 14","address":"Gooimeer 12","city":"Naarden","operatorName":"Greenchoice B.V.","maxPowerKw":22,"isMegawatt":false,"status":"AVAILABLE","source":"ndw","priceKwh":0.61}},{"type":"Feature","geometry":{"type":"Point","coordinates":[5.157471,52.288397]},"properties":{"type":"charge","layer":"passenger","locationId":"7ebdeed0ebde98f57b3d8e028683ad87","name":"Sophialaan 2","address":"Sophialaan 2","city":"Naarden","operatorName":"Vattenfall InCharge","maxPowerKw":11,"isMegawatt":false,"status":"CHARGING","source":"ndw","priceKwh":0.2805}},{"type":"Feature","geometry":{"type":"Point","coordinates":[5.064358,52.333639]},"properties":{"type":"charge","layer":"passenger","locationId":"66e2a43bf5fbe3001cd003a7","name":"vloto laadpaal waterlinie 38","address":"Waterlinie  38","city":"Muiden","operatorName":"E-Flux by Road","maxPowerKw":14,"isMegawatt":false,"status":"AVAILABLE","source":"ndw","priceKwh":0.34}},{"type":"Feature","geometry":{"type":"Point","coordinates":[5.175976,52.26305]},"properties":{"type":"charge","layer":"passenger","locationId":"8D22E031-00BF-43A6-A290-A0A98B325E7D","name":"TNLP008909 - Randweg 147, Bussum","address":"147 Randweg","city":"Bussum","operatorName":"TotalEnergies","maxPowerKw":13,"isMegawatt":false,"status":"UNAVAILABLE","source":"ndw"}},{"type":"Feature","geometry":{"type":"Point","coordinates":[5.173781,52.267883]},"properties":{"type":"charge","layer":"passenger","locationId":"0A8CFCC4-8B71-4741-B682-D64FF32AAF8B","name":"TNLP006364 - Ceintuurbaan 91, Bussum","address":"91 Ceintuurbaan","city":"Bussum","operatorName":"TotalEnergies","maxPowerKw":17,"isMegawatt":false,"status":"UNAVAILABLE","source":"ndw"}},{"type":"Feature","geometry":{"type":"Point","coordinates":[5.16341,52.27656]},"properties":{"type":"charge","layer":"passenger","locationId":"1A32B47F-2F1F-471D-A004-2B5F31A6D56F","name":"PP005084 - Wilhelminaplantsoen 85, Bussum","address":"85 Wilhelminaplantsoen","city":"Bussum","operatorName":"TotalEnergies","maxPowerKw":11,"isMegawatt":false,"status":"UNAVAILABLE","source":"ndw"}},{"type":"Feature","geometry":{"type":"Point","coordinates":[5.15556,52.28305]},"properties":{"type":"charge","layer":"passenger","locationId":"F4116A6C-2091-43A8-9BC6-7F72C6F21CB3","name":"TNLP007837 - Binnenhof 37, Naarden","address":"37 Binnenhof","city":"Naarden","operatorName":"TotalEnergies","maxPowerKw":17,"isMegawatt":false,"status":"UNAVAILABLE","source":"ndw"}},{"type":"Feature","geometry":{"type":"Point","coordinates":[5.14631,52.27135]},"properties":{"type":"charge","layer":"passenger","locationId":"617","name":"Shell Recharge NL J.F. Evertslaan 20","address":"J.F. Evertslaan 20","city":"Bussum","operatorName":"Ubitricity","maxPowerKw":11,"isMegawatt":false,"status":"AVAILABLE","source":"ndw","priceKwh":0.392}},{"type":"Feature","geometry":{"type":"Point","coordinates":[5.15745,52.28395]},"properties":{"type":"charge","layer":"passenger","locationId":"1604","name":"Shell Recharge NL Pater Wijnterlaan 41","address":"Pater Wijnterlaan 41","city":"Gooise Meren","operatorName":"Ubitricity","maxPowerKw":11,"isMegawatt":false,"status":"AVAILABLE","source":"ndw","priceKwh":0.392}},{"type":"Feature","geometry":{"type":"Point","coordinates":[5.159378,52.27295]},"properties":{"type":"charge","layer":"passenger","locationId":"B3B28ED3-8361-40B9-A4EB-DAE8DD2314B7","name":"TNLP006209 - Nieuwe Spiegelstraat 6, Bussum","address":"6 Nieuwe Spiegelstraat","city":"Bussum","operatorName":"TotalEnergies","maxPowerKw":17,"isMegawatt":false,"status":"UNAVAILABLE","source":"ndw"}},{"type":"Feature","geometry":{"type":"Point","coordinates":[5.16057,52.28796]},"properties":{"type":"charge","layer":"passenger","locationId":"15E7AABF-9A15-410F-9EB6-AA3E7B8F5A33","name":"PP004172 - Thierensweg 30, Naarden","address":"30 Thierensweg","city":"Naarden","operatorName":"TotalEnergies","maxPowerKw":11,"isMegawatt":false,"status":"UNAVAILABLE","source":"ndw"}},{"type":"Feature","geometry":{"type":"Point","coordinates":[5.187591,52.267226]},"properties":{"type":"charge","layer":"passenger","locationId":"91068788","name":"50five-S NL 07106764","address":"Marianne Philipslaan 14","city":"Bussum","operatorName":"50five","maxPowerKw":11,"isMegawatt":false,"status":"AVAILABLE","source":"ndw"}},{"type":"Feature","geometry":{"type":"Point","coordinates":[5.14991,52.284454]},"properties":{"type":"charge","layer":"passenger","locationId":"9E2B1D5F-FD18-495E-956C-F83D66BD1B8C","name":"TNLP034009 - Keizer Ottoweg 47, Naarden","address":"47 Keizer Ottoweg","city":"Naarden","operatorName":"TotalEnergies","maxPowerKw":13,"isMegawatt":false,"status":"UNAVAILABLE","source":"ndw"}},{"type":"Feature","geometry":{"type":"Point","coordinates":[5.166857,52.265778]},"properties":{"type":"charge","layer":"passenger","locationId":"91179967","name":"50five-S NL Bussum, Lange Heul 32","address":"Lange Heul 32","city":"Bussum","operatorName":"50five","maxPowerKw":11,"isMegawatt":false,"status":"AVAILABLE","source":"ndw"}},{"type":"Feature","geometry":{"type":"Point","coordinates":[5.18036,52.27134]},"properties":{"type":"charge","layer":"passenger","locationId":"22B343D8-4052-4F36-8BA0-562C25E21F74","name":"PP001757 - H. Kamerlingh Onnesweg 64, Bussum","address":"64 H. Kamerlingh Onnesweg","city":"Bussum","operatorName":"TotalEnergies","maxPowerKw":11,"isMegawatt":false,"status":"AVAILABLE","source":"ndw"}},{"type":"Feature","geometry":{"type":"Point","coordinates":[5.14455,52.302166]},"properties":{"type":"charge","layer":"passenger","locationId":"E67CECF9-892E-4FAB-973C-30BDCB1D7C4E","name":"TNLP007305 - Nesciohof 80, Naarden","address":"80 Nesciohof","city":"Naarden","operatorName":"TotalEnergies","maxPowerKw":17,"isMegawatt":false,"status":"UNAVAILABLE","source":"ndw"}},{"type":"Feature","geometry":{"type":"Point","coordinates":[5.171642,52.272892]},"properties":{"type":"charge","layer":"passenger","locationId":"E86B5E64-633B-4677-BF2F-590E5047EE86","name":"TNLP005736 - Korte Singel 31, Bussum","address":"31 Korte Singel","city":"Bussum","operatorName":"TotalEnergies","maxPowerKw":11,"isMegawatt":false,"status":"UNAVAILABLE","source":"ndw"}},{"type":"Feature","geometry":{"type":"Point","coordinates":[5.052345,52.333183]},"properties":{"type":"charge","layer":"passenger","locationId":"62dff33b962e36b94f1f9fb0","name":"E.J. Ruijgplein 1","address":"E.J. Ruijgplein 1","city":"Muiden","operatorName":"E-Flux by Road","maxPowerKw":87,"isMegawatt":false,"status":"UNAVAILABLE","source":"ndw","priceKwh":0.57}},{"type":"Feature","geometry":{"type":"Point","coordinates":[5.167777,52.275185]},"properties":{"type":"charge","layer":"passenger","locationId":"B61A9B8A-E516-4FD2-802B-B139026D5D52","name":"TNLP009760 - Driestweg 11, Bussum","address":"11 Driestweg","city":"Bussum","operatorName":"TotalEnergies","maxPowerKw":17,"isMegawatt":false,"status":"UNAVAILABLE","source":"ndw"}},{"type":"Feature","geometry":{"type":"Point","coordinates":[5.17117,52.28985]},"properties":{"type":"charge","layer":"passenger","locationId":"1958F40E-34BA-490E-97A7-235FF6D98F32","name":"TNLP003661 - Amersfoortsestraatweg 16, Naarden","address":"16 Amersfoortsestraatweg","city":"Naarden","operatorName":"TotalEnergies","maxPowerKw":17,"isMegawatt":false,"status":"AVAILABLE","source":"ndw"}},{"type":"Feature","geometry":{"type":"Point","coordinates":[5.16337,52.28151]},"properties":{"type":"charge","layer":"passenger","locationId":"722","name":"Shell Recharge NL Vaartweg 36","address":"Vaartweg 36","city":"Bussum","operatorName":"Ubitricity","maxPowerKw":11,"isMegawatt":false,"status":"AVAILABLE","source":"ndw","priceKwh":0.392}},{"type":"Feature","geometry":{"type":"Point","coordinates":[5.14099,52.30156]},"properties":{"type":"charge","layer":"passenger","locationId":"564","name":"Shell Recharge NL Jac. P. Thijssepark 85","address":"Jac. P. Thijssepark 85","city":"Naarden","operatorName":"Ubitricity","maxPowerKw":11,"isMegawatt":false,"status":"AVAILABLE","source":"ndw","priceKwh":0.392}},{"type":"Feature","geometry":{"type":"Point","coordinates":[5.15098,52.290022]},"properties":{"type":"charge","layer":"passenger","locationId":"OST22P0016_0045_0","name":"OST22P0016_0045_0","address":"Koningin Wilhelminalaan 31","city":"Naarden","operatorName":"e-VOLTT","maxPowerKw":19,"isMegawatt":false,"status":"AVAILABLE","source":"ndw","priceKwh":0.537}},{"type":"Feature","geometry":{"type":"Point","coordinates":[5.14741,52.297676]},"properties":{"type":"charge","layer":"passenger","locationId":"9077F9F7-4EA1-474D-B473-CE1C044F8DA6","name":"PP005150 - E. de Bruynstraat 5, Naarden","address":"5 E. de Bruynstraat","city":"Naarden","operatorName":"TotalEnergies","maxPowerKw":11,"isMegawatt":false,"status":"UNAVAILABLE","source":"ndw"}},{"type":"Feature","geometry":{"type":"Point","coordinates":[5.1562,52.26614]},"properties":{"type":"charge","layer":"passenger","locationId":"1642","name":"Shell Recharge NL Struikheiweg 14","address":"Struikheiweg 14","city":"Gooise Meren","operatorName":"Ubitricity","maxPowerKw":11,"isMegawatt":false,"status":"AVAILABLE","source":"ndw","priceKwh":0.392}},{"type":"Feature","geometry":{"type":"Point","coordinates":[5.16725,52.279293]},"properties":{"type":"charge","layer":"passenger","locationId":"2D48AF0A-2D50-440C-9E95-73DDBB22E7F3","name":"TNLP034008 - Vondellaan 21, Bussum","address":"21 Vondellaan","city":"Bussum","operatorName":"TotalEnergies","maxPowerKw":13,"isMegawatt":false,"status":"UNAVAILABLE","source":"ndw"}},{"type":"Feature","geometry":{"type":"Point","coordinates":[5.024983,52.333913]},"properties":{"type":"charge","layer":"passenger","locationId":"1B0C220C-E918-40D2-8EB1-D32918F272D1","name":"Eneco eMobility Albert Heijn - Pampusweg 26","address":"Pampusweg 26","city":"Muiden","operatorName":"Eneco","maxPowerKw":150,"isMegawatt":false,"status":"AVAILABLE","source":"ndw","priceKwh":0.62}},{"type":"Feature","geometry":{"type":"Point","coordinates":[5.169877,52.265644]},"properties":{"type":"charge","layer":"passenger","locationId":"aae1e78db4bb7ff66fd53ab264b14056","name":"Laarderweg 145","address":"Laarderweg 145","city":"Bussum","operatorName":"Vattenfall InCharge","maxPowerKw":11,"isMegawatt":false,"status":"AVAILABLE","source":"ndw","priceKwh":0.2805}},{"type":"Feature","geometry":{"type":"Point","coordinates":[5.18513,52.273117]},"properties":{"type":"charge","layer":"passenger","locationId":"1D2BA48A-1F50-408A-976D-56077C7D87A7","name":"PP005526 - Goudenregenstraat 9, Bussum","address":"9 Goudenregenstraat","city":"Bussum","operatorName":"TotalEnergies","maxPowerKw":11,"isMegawatt":false,"status":"UNAVAILABLE","source":"ndw"}},{"type":"Feature","geometry":{"type":"Point","coordinates":[5.062783,52.336195]},"properties":{"type":"charge","layer":"passenger","locationId":"91231187","name":"50five-S NL 07111643","address":"Westbatterijlaan 13","city":"Muiden","operatorName":"50five","maxPowerKw":11,"isMegawatt":false,"status":"CHARGING","source":"ndw"}},{"type":"Feature","geometry":{"type":"Point","coordinates":[5.062737,52.334592]},"properties":{"type":"charge","layer":"passenger","locationId":"66e14f4a99f104001b44f3b8","name":"Vloto laadpaal Rietpolderlaan 15","address":"Rietpolderlaan 15","city":"Muiden","operatorName":"E-Flux by Road","maxPowerKw":14,"isMegawatt":false,"status":"AVAILABLE","source":"ndw","priceKwh":0.34}},{"type":"Feature","geometry":{"type":"Point","coordinates":[5.152171,52.284528]},"properties":{"type":"charge","layer":"passenger","locationId":"6584625cce3bc0001cd5b33a","name":"Van Hall-laan 28","address":"Van Hall-laan 28","city":"Naarden","operatorName":"E-Flux by Road","maxPowerKw":11,"isMegawatt":false,"status":"CHARGING","source":"ndw","priceKwh":0.501}},{"type":"Feature","geometry":{"type":"Point","coordinates":[5.173701,52.283179]},"properties":{"type":"charge","layer":"passenger","locationId":"91121552","name":"50five-S NL 03009216","address":"Jan Steenlaan 15","city":"Naarden","operatorName":"50five","maxPowerKw":11,"isMegawatt":false,"status":"AVAILABLE","source":"ndw"}},{"type":"Feature","geometry":{"type":"Point","coordinates":[5.05235,52.33323]},"properties":{"type":"charge","layer":"passenger","locationId":"6a58c35a99d877aba11b57ca","name":"Vloto Laadpaal E.J. Ruijgplein 1b","address":"E.J. Ruijgplein 1","city":"Muiden","operatorName":"E-Flux by Road","maxPowerKw":180,"isMegawatt":false,"status":"UNAVAILABLE","source":"ndw","priceKwh":0.57}},{"type":"Feature","geometry":{"type":"Point","coordinates":[5.161767,52.270408]},"properties":{"type":"charge","layer":"passenger","locationId":"0C51BB13-1D1B-457A-A548-0C52C3733181","name":"Eneco eMobility Burgemeester de Bordesstraat 80 Bussum","address":"Burgemeester de Bordesstraat 80","city":"Bussum","operatorName":"Eneco","maxPowerKw":22,"isMegawatt":false,"status":"UNAVAILABLE","source":"ndw","priceKwh":0.32}},{"type":"Feature","geometry":{"type":"Point","coordinates":[5.172928,52.26684]},"properties":{"type":"charge","layer":"passenger","locationId":"F2600BB5-D923-4ABF-A88D-5C80EE985912","name":"TNLP008910 - Ruysstraat 67, Bussum","address":"67 Ruysstraat","city":"Bussum","operatorName":"TotalEnergies","maxPowerKw":13,"isMegawatt":false,"status":"UNAVAILABLE","source":"ndw"}},{"type":"Feature","geometry":{"type":"Point","coordinates":[5.05643,52.333109]},"properties":{"type":"charge","layer":"passenger","locationId":"66dffdda8c7797001c4fe6e9","name":"Vloto Laadpaal Krijgsmanlaan 48","address":"Krijgsmanlaan 48","city":"Muiden","operatorName":"E-Flux by Road","maxPowerKw":14,"isMegawatt":false,"status":"AVAILABLE","source":"ndw","priceKwh":0.34}},{"type":"Feature","geometry":{"type":"Point","coordinates":[5.11797,52.32357]},"properties":{"type":"charge","layer":"passenger","locationId":"5995748a-b459-48ba-9ac9-e3614955435e","name":"PP001222 - Frans van Mierislaan 1, Muiderberg","address":"1 Frans van Mierislaan","city":"Muiderberg","operatorName":"TotalEnergies","maxPowerKw":11,"isMegawatt":false,"status":"UNAVAILABLE","source":"ndw"}},{"type":"Feature","geometry":{"type":"Point","coordinates":[5.064533,52.333866]},"properties":{"type":"charge","layer":"passenger","locationId":"66d83313895da4001c9ebde0","name":"Vloto laadpaal Waterlinie 13","address":"Waterlinie 13","city":"Muiden","operatorName":"E-Flux by Road","maxPowerKw":14,"isMegawatt":false,"status":"AVAILABLE","source":"ndw","priceKwh":0.34}},{"type":"Feature","geometry":{"type":"Point","coordinates":[5.123539,52.32508]},"properties":{"type":"charge","layer":"passenger","locationId":"3E58F824-C456-417E-BEF2-B56BCC51C89D","name":"TNLP008431 - De Grote Haar 25, Muiderberg","address":"25 De Grote Haar","city":"Muiderberg","operatorName":"TotalEnergies","maxPowerKw":13,"isMegawatt":false,"status":"UNAVAILABLE","source":"ndw"}},{"type":"Feature","geometry":{"type":"Point","coordinates":[5.159639,52.276394]},"properties":{"type":"charge","layer":"passenger","locationId":"79F9A5F5-302B-4C77-B627-13659B0089B5","name":"TNLP008888 - Olmenlaan 159, Bussum","address":"159 Olmenlaan","city":"Bussum","operatorName":"TotalEnergies","maxPowerKw":13,"isMegawatt":false,"status":"UNAVAILABLE","source":"ndw"}},{"type":"Feature","geometry":{"type":"Point","coordinates":[5.0677248,52.3342837]},"properties":{"type":"charge","layer":"passenger","locationId":"1207","name":"Shell Recharge NL Constantijn Huygenslaan 50","address":"Constantijn Huygenslaan 50","city":"Muiden","operatorName":"Ubitricity","maxPowerKw":22,"isMegawatt":false,"status":"AVAILABLE","source":"ndw","priceKwh":0.267}},{"type":"Feature","geometry":{"type":"Point","coordinates":[5.165418,52.283147]},"properties":{"type":"charge","layer":"passenger","locationId":"6a1558ed8fd0b89e78763051","name":"Mauritzhof gebouw C","address":"Hooftlaan 28","city":"Bussum","operatorName":"E-Flux by Road","maxPowerKw":11,"isMegawatt":false,"status":"AVAILABLE","source":"ndw","priceKwh":0.43}},{"type":"Feature","geometry":{"type":"Point","coordinates":[5.162315,52.271333]},"properties":{"type":"charge","layer":"passenger","locationId":"3543053","name":"Laadnet Sectie 5 Vastgoed","address":"Brinklaan 134","city":"Bussum","operatorName":"Laadnet","maxPowerKw":22,"isMegawatt":false,"status":"AVAILABLE","source":"ndw"}},{"type":"Feature","geometry":{"type":"Point","coordinates":[5.052939,52.335336]},"properties":{"type":"charge","layer":"passenger","locationId":"66e7deffc8d603001cc68a21","name":"Vloto laadpaal IJsvogel 26","address":"IJsvogel  26","city":"Muiden","operatorName":"E-Flux by Road","maxPowerKw":14,"isMegawatt":false,"status":"AVAILABLE","source":"ndw","priceKwh":0.34}},{"type":"Feature","geometry":{"type":"Point","coordinates":[5.174705,52.28473]},"properties":{"type":"charge","layer":"passenger","locationId":"C9D50886-808F-4502-BE17-EE33ACA87429","name":"TNLP009332 - van Ostadelaan 18, Naarden","address":"18 van Ostadelaan","city":"Naarden","operatorName":"TotalEnergies","maxPowerKw":17,"isMegawatt":false,"status":"UNAVAILABLE","source":"ndw"}},{"type":"Feature","geometry":{"type":"Point","coordinates":[5.190626,52.27003]},"properties":{"type":"charge","layer":"passenger","locationId":"D7A5D79F-FEC8-4447-82C5-7855ED39E514","name":"TNLP006719 - Wielewaallaan 39, Bussum","address":"39 Wielewaallaan","city":"Bussum","operatorName":"TotalEnergies","maxPowerKw":17,"isMegawatt":false,"status":"UNAVAILABLE","source":"ndw"}},{"type":"Feature","geometry":{"type":"Point","coordinates":[5.159754,52.268118]},"properties":{"type":"charge","layer":"passenger","locationId":"91065874","name":"50five-S NL 17B10766","address":"Nieuwe Hilversumseweg 49a","city":"Bussum","operatorName":"50five","maxPowerKw":10,"isMegawatt":false,"status":"CHARGING","source":"ndw"}},{"type":"Feature","geometry":{"type":"Point","coordinates":[5.157325,52.27347]},"properties":{"type":"charge","layer":"passenger","locationId":"BF8B638A-3975-412F-ABF9-96753718DC08","name":"TNLP006386 - Meentweg 11, Bussum","address":"11 Meentweg","city":"Bussum","operatorName":"TotalEnergies","maxPowerKw":17,"isMegawatt":false,"status":"UNAVAILABLE","source":"ndw"}},{"type":"Feature","geometry":{"type":"Point","coordinates":[5.14305,52.30255]},"properties":{"type":"charge","layer":"passenger","locationId":"76D6F9F1-DB1D-4BF7-ACBC-ACBACECD7A9A","name":"TNLP009850 - Jac. P. Thijssepark 329, Naarden","address":"329 Jac. P. Thijssepark","city":"Naarden","operatorName":"TotalEnergies","maxPowerKw":17,"isMegawatt":false,"status":"UNAVAILABLE","source":"ndw"}},{"type":"Feature","geometry":{"type":"Point","coordinates":[5.175912,52.283375]},"properties":{"type":"charge","layer":"passenger","locationId":"91087405","name":"50five-S NL 07004475","address":"Jan Toebacklaan 27","city":"Naarden","operatorName":"50five","maxPowerKw":11,"isMegawatt":false,"status":"AVAILABLE","source":"ndw"}},{"type":"Feature","geometry":{"type":"Point","coordinates":[5.182235,52.27093]},"properties":{"type":"charge","layer":"passenger","locationId":"C9DAC4D6-2BEA-4997-A9BD-F48178D16A15","name":"TNLP034092 - Papaverstraat 15, Bussum","address":"15 Papaverstraat","city":"Bussum","operatorName":"TotalEnergies","maxPowerKw":13,"isMegawatt":false,"status":"UNAVAILABLE","source":"ndw"}},{"type":"Feature","geometry":{"type":"Point","coordinates":[5.16227,52.28238]},"properties":{"type":"charge","layer":"passenger","locationId":"3920D524-2781-4F78-AEF7-8D607E7CF7FA","name":"PP004221 - Brinklaan 12, Bussum","address":"12 Brinklaan","city":"Bussum","operatorName":"TotalEnergies","maxPowerKw":11,"isMegawatt":false,"status":"UNAVAILABLE","source":"ndw"}},{"type":"Feature","geometry":{"type":"Point","coordinates":[5.125417,52.32517]},"properties":{"type":"charge","layer":"passenger","locationId":"66D74FEC-5786-4F84-9B22-B5BEFFB92C32","name":"TNLP008553 - Meerkoet 1, Muiderberg","address":"1 Meerkoet","city":"Muiderberg","operatorName":"TotalEnergies","maxPowerKw":14,"isMegawatt":false,"status":"AVAILABLE","source":"ndw"}},{"type":"Feature","geometry":{"type":"Point","coordinates":[5.111286,52.326311]},"properties":{"type":"charge","layer":"passenger","locationId":"4208926","name":"Laadnet Veiligheidsregio Laadpalen Muiderberg","address":"Echolaan 1","city":"Muiderberg","operatorName":"Laadnet","maxPowerKw":11,"isMegawatt":false,"status":"AVAILABLE","source":"ndw"}},{"type":"Feature","geometry":{"type":"Point","coordinates":[5.15698,52.27467]},"properties":{"type":"charge","layer":"passenger","locationId":"411","name":"Shell Recharge NL Graaf Wichmanlaan 20","address":"Graaf Wichmanlaan 20","city":"Bussum","operatorName":"Ubitricity","maxPowerKw":11,"isMegawatt":false,"status":"AVAILABLE","source":"ndw","priceKwh":0.392}},{"type":"Feature","geometry":{"type":"Point","coordinates":[5.162185,52.265551]},"properties":{"type":"charge","layer":"passenger","locationId":"91194999","name":"50five-S NL 18B10041","address":"Struikheiweg 3","city":"Bussum","operatorName":"50five","maxPowerKw":11,"isMegawatt":false,"status":"AVAILABLE","source":"ndw"}},{"type":"Feature","geometry":{"type":"Point","coordinates":[5.11568,52.32379]},"properties":{"type":"charge","layer":"passenger","locationId":"0EC4A825-7C62-4431-B461-FB07CC4BA789","name":"PP005072 - Gerard Doulaan 29, Muiderberg","address":"29 Gerard Doulaan","city":"Muiderberg","operatorName":"TotalEnergies","maxPowerKw":11,"isMegawatt":false,"status":"UNAVAILABLE","source":"ndw"}},{"type":"Feature","geometry":{"type":"Point","coordinates":[5.142428,52.306957]},"properties":{"type":"charge","layer":"passenger","locationId":"660c095250b1d2001ca5e44d","name":"Gooimeer 1","address":"Gooimeer 1","city":"Naarden","operatorName":"Greenchoice B.V.","maxPowerKw":22,"isMegawatt":false,"status":"AVAILABLE","source":"ndw","priceKwh":0.61}},{"type":"Feature","geometry":{"type":"Point","coordinates":[5.16354,52.27224]},"properties":{"type":"charge","layer":"passenger","locationId":"b25a0996ba8346c3998c4980b2bf1e5e","name":"Bussem Aim4 ","address":"Brinklaan 121","city":"Bussum","operatorName":"Opcharge","maxPowerKw":22,"isMegawatt":false,"status":"AVAILABLE","source":"ndw","priceKwh":0.49}},{"type":"Feature","geometry":{"type":"Point","coordinates":[5.181649,52.27216]},"properties":{"type":"charge","layer":"passenger","locationId":"4F412AEA-3DC3-4AF6-A7DB-25B75B4D3BDB","name":"PP005143 - H. Kamerlingh Onnesweg 25 a, Bussum","address":"25 a H. Kamerlingh Onnesweg","city":"Bussum","operatorName":"TotalEnergies","maxPowerKw":11,"isMegawatt":false,"status":"UNAVAILABLE","source":"ndw"}},{"type":"Feature","geometry":{"type":"Point","coordinates":[5.18267,52.27145]},"properties":{"type":"charge","layer":"passenger","locationId":"68e4e9d1-335a-47b5-831d-6ed457acb16f","name":"PP001899 - Bremstraat 2, Bussum","address":"2 Bremstraat","city":"Bussum","operatorName":"TotalEnergies","maxPowerKw":11,"isMegawatt":false,"status":"AVAILABLE","source":"ndw"}},{"type":"Feature","geometry":{"type":"Point","coordinates":[5.18226,52.27377]},"properties":{"type":"charge","layer":"passenger","locationId":"dccf048a-a1d1-4409-82e3-88b49dc9756c","name":"PP001739 - Korte Godelindestraat 20, Bussum","address":"20 Korte Godelindestraat","city":"Bussum","operatorName":"TotalEnergies","maxPowerKw":11,"isMegawatt":false,"status":"AVAILABLE","source":"ndw"}},{"type":"Feature","geometry":{"type":"Point","coordinates":[5.1425,52.30843]},"properties":{"type":"charge","layer":"passenger","locationId":"4E650E79-9127-4F62-8E44-D3C3E29B3421","name":"Eneco eMobility Hotel NH Naarden","address":"IJsselmeerweg 3","city":"Naarden","operatorName":"Eneco","maxPowerKw":22,"isMegawatt":false,"status":"AVAILABLE","source":"ndw","priceKwh":0.45}},{"type":"Feature","geometry":{"type":"Point","coordinates":[5.16475,52.29783]},"properties":{"type":"charge","layer":"passenger","locationId":"593","name":"Shell Recharge NL Zusterenstraat 25","address":"Zusterenstraat 25","city":"Naarden","operatorName":"Ubitricity","maxPowerKw":11,"isMegawatt":false,"status":"AVAILABLE","source":"ndw","priceKwh":0.392}},{"type":"Feature","geometry":{"type":"Point","coordinates":[5.18302,52.268345]},"properties":{"type":"charge","layer":"passenger","locationId":"9EE6AD85-12E8-463B-B935-D564C58194D6","name":"TNLP015389 - Catharina van Renneslaan 2, Bussum","address":"2 Catharina van Renneslaan","city":"Bussum","operatorName":"TotalEnergies","maxPowerKw":17,"isMegawatt":false,"status":"AVAILABLE","source":"ndw"}},{"type":"Feature","geometry":{"type":"Point","coordinates":[5.05915,52.332267]},"properties":{"type":"charge","layer":"passenger","locationId":"66ea91cad5108e001cfcf075","name":"Vloto laadpaal Vuursteen 5","address":"Vuursteen 5","city":"Muiden","operatorName":"E-Flux by Road","maxPowerKw":14,"isMegawatt":false,"status":"AVAILABLE","source":"ndw","priceKwh":0.34}},{"type":"Feature","geometry":{"type":"Point","coordinates":[5.152473,52.27944]},"properties":{"type":"charge","layer":"passenger","locationId":"D55D7EB8-F882-4BE4-9979-F919C7682B6A","name":"TNLP007051 - P.J. Lomanplein 2, Bussum","address":"2 P.J. Lomanplein","city":"Bussum","operatorName":"TotalEnergies","maxPowerKw":17,"isMegawatt":false,"status":"UNAVAILABLE","source":"ndw"}},{"type":"Feature","geometry":{"type":"Point","coordinates":[5.184758,52.26666]},"properties":{"type":"charge","layer":"passenger","locationId":"E342C187-82DA-46FF-A20A-F0ECB892BA12","name":"PP005473 - Top Naefflaan 57, Bussum","address":"57 Top Naefflaan","city":"Bussum","operatorName":"TotalEnergies","maxPowerKw":11,"isMegawatt":false,"status":"AVAILABLE","source":"ndw"}},{"type":"Feature","geometry":{"type":"Point","coordinates":[5.184562,52.26921]},"properties":{"type":"charge","layer":"passenger","locationId":"0969ED5E-8239-4927-9263-A2C9C0D78D62","name":"TNLP008608 - Lijsterlaan 8, Bussum","address":"8 Lijsterlaan","city":"Bussum","operatorName":"TotalEnergies","maxPowerKw":13,"isMegawatt":false,"status":"AVAILABLE","source":"ndw"}},{"type":"Feature","geometry":{"type":"Point","coordinates":[5.07112,52.3308]},"properties":{"type":"charge","layer":"passenger","locationId":"1534","name":"Shell Recharge NL Kazernestraat 14","address":"Kazernestraat 14","city":"Gooise Meren","operatorName":"Ubitricity","maxPowerKw":11,"isMegawatt":false,"status":"AVAILABLE","source":"ndw","priceKwh":0.392}},{"type":"Feature","geometry":{"type":"Point","coordinates":[5.160849,52.271821]},"properties":{"type":"charge","layer":"passenger","locationId":"91148262","name":"50five-S NL 07106059","address":"Burgemeester de Bordesstraat 13","city":"Bussum","operatorName":"50five","maxPowerKw":5,"isMegawatt":false,"status":"AVAILABLE","source":"ndw"}},{"type":"Feature","geometry":{"type":"Point","coordinates":[5.058571,52.332921]},"properties":{"type":"charge","layer":"passenger","locationId":"66e7ddc29dd3a4001c043db7","name":"Vloto laadpaal kruitmolen 47","address":"Kruitmolen 47","city":"Muiden","operatorName":"E-Flux by Road","maxPowerKw":14,"isMegawatt":false,"status":"AVAILABLE","source":"ndw","priceKwh":0.34}},{"type":"Feature","geometry":{"type":"Point","coordinates":[5.185361,52.27545]},"properties":{"type":"charge","layer":"passenger","locationId":"7E6EBD97-7486-4321-B288-82DCB9F051F3","name":"TNLP008893 - Lothariuslaan 65, Bussum","address":"65 Lothariuslaan","city":"Bussum","operatorName":"TotalEnergies","maxPowerKw":13,"isMegawatt":false,"status":"UNAVAILABLE","source":"ndw"}},{"type":"Feature","geometry":{"type":"Point","coordinates":[5.147923,52.304135]},"properties":{"type":"charge","layer":"passenger","locationId":"6924450272574f5398f016e8","name":"In the Mood 's station","address":"Rubberstraat 9","city":"Naarden","operatorName":"E-Flux by Road","maxPowerKw":11,"isMegawatt":false,"status":"AVAILABLE","source":"ndw","priceKwh":0.55}},{"type":"Feature","geometry":{"type":"Point","coordinates":[5.137243,52.307639]},"properties":{"type":"charge","layer":"passenger","locationId":"660daaa775cc1f001c4db9bb","name":"Gooimeer 9","address":"Gooimeer 9","city":"Naarden","operatorName":"Greenchoice B.V.","maxPowerKw":22,"isMegawatt":false,"status":"AVAILABLE","source":"ndw","priceKwh":0.61}},{"type":"Feature","geometry":{"type":"Point","coordinates":[5.147817,52.301324]},"properties":{"type":"charge","layer":"passenger","locationId":"28441b57a66776e47a9a1f4dd9f631eb","name":"Vaartweg 86","address":"Vaartweg 86","city":"Naarden","operatorName":"Vattenfall InCharge","maxPowerKw":11,"isMegawatt":false,"status":"UNAVAILABLE","source":"ndw","priceKwh":0.2805}},{"type":"Feature","geometry":{"type":"Point","coordinates":[5.065679,52.33165]},"properties":{"type":"charge","layer":"passenger","locationId":"CFDB7CEC-0527-4AD3-875E-09B18E05DFF2","name":"TNLP034311 - Prinses Irenestraat 11, Muiden","address":"11 Prinses Irenestraat","city":"Muiden","operatorName":"TotalEnergies","maxPowerKw":13,"isMegawatt":false,"status":"UNAVAILABLE","source":"ndw"}},{"type":"Feature","geometry":{"type":"Point","coordinates":[5.148364,52.2877]},"properties":{"type":"charge","layer":"passenger","locationId":"73B05DAE-B8CF-4016-98DA-C1BB3353DA53","name":"TNLP005893 - Schout 149, Naarden","address":"149 Schout","city":"Naarden","operatorName":"TotalEnergies","maxPowerKw":17,"isMegawatt":false,"status":"UNAVAILABLE","source":"ndw"}},{"type":"Feature","geometry":{"type":"Point","coordinates":[5.171961,52.28825]},"properties":{"type":"charge","layer":"passenger","locationId":"9FD479F9-7992-4339-803B-0F4432433246","name":"TNLP006519 - Amersfoortsestraatweg 3 A, Naarden","address":"3:00 AM Amersfoortsestraatweg","city":"Naarden","operatorName":"TotalEnergies","maxPowerKw":17,"isMegawatt":false,"status":"UNAVAILABLE","source":"ndw"}},{"type":"Feature","geometry":{"type":"Point","coordinates":[5.176009,52.289124]},"properties":{"type":"charge","layer":"passenger","locationId":"18269AC1-ADDD-4924-9BE3-08BBF254851C","name":"TNLP034142 - Verdilaan 3, Naarden","address":"3 Verdilaan","city":"Naarden","operatorName":"TotalEnergies","maxPowerKw":13,"isMegawatt":false,"status":"UNAVAILABLE","source":"ndw"}},{"type":"Feature","geometry":{"type":"Point","coordinates":[5.152873,52.28347]},"properties":{"type":"charge","layer":"passenger","locationId":"BB1F034B-7BEA-4050-9676-744B9A4EFDE6","name":"PP005537 - van Hall-laan 1, Naarden","address":"1 van Hall-laan","city":"Naarden","operatorName":"TotalEnergies","maxPowerKw":11,"isMegawatt":false,"status":"UNAVAILABLE","source":"ndw"}},{"type":"Feature","geometry":{"type":"Point","coordinates":[5.17155,52.27577]},"properties":{"type":"charge","layer":"passenger","locationId":"61856cc8-8177-4adf-9b90-12fccb57f11d","name":"PP001307 - Kruislaan 32, Bussum","address":"32 Kruislaan","city":"Bussum","operatorName":"TotalEnergies","maxPowerKw":11,"isMegawatt":false,"status":"UNAVAILABLE","source":"ndw"}},{"type":"Feature","geometry":{"type":"Point","coordinates":[5.176633,52.2653]},"properties":{"type":"charge","layer":"passenger","locationId":"904AFD32-0293-4314-95E3-6AF11F205DFA","name":"TNLP007071 - Prinses Margrietplantsoen 90, Bussum","address":"90 Prinses Margrietplantsoen","city":"Bussum","operatorName":"TotalEnergies","maxPowerKw":17,"isMegawatt":false,"status":"UNAVAILABLE","source":"ndw"}},{"type":"Feature","geometry":{"type":"Point","coordinates":[5.16478,52.29503]},"properties":{"type":"charge","layer":"passenger","locationId":"67B0D5F4-8C88-4372-88A2-495D0DFDEF7F","name":"Laadplein - PP001840 - Ruijsdaelplein 2, Naarden","address":"2 Ruijsdaelplein","city":"Naarden","operatorName":"TotalEnergies","maxPowerKw":11,"isMegawatt":false,"status":"AVAILABLE","source":"ndw"}},{"type":"Feature","geometry":{"type":"Point","coordinates":[5.15103,52.290336]},"properties":{"type":"charge","layer":"passenger","locationId":"OST23P0069_0038_1","name":"OST23P0069_0038_1","address":"Koningin Wilhelminalaan 31","city":"Naarden","operatorName":"e-VOLTT","maxPowerKw":19,"isMegawatt":false,"status":"AVAILABLE","source":"ndw","priceKwh":0.537}},{"type":"Feature","geometry":{"type":"Point","coordinates":[5.17358,52.27509]},"properties":{"type":"charge","layer":"passenger","locationId":"6AC93A66-08D1-4C91-9656-E45B3FDBDD11","name":"TNLP009977 - Huizerweg 80, Bussum","address":"80 Huizerweg","city":"Bussum","operatorName":"TotalEnergies","maxPowerKw":17,"isMegawatt":false,"status":"UNAVAILABLE","source":"ndw"}},{"type":"Feature","geometry":{"type":"Point","coordinates":[5.16012,52.29396]},"properties":{"type":"charge","layer":"passenger","locationId":"c2e52f31-a2f9-4fde-bce3-48dcef469732","name":"PP002047 - Westwalstraat 49, Naarden","address":"49 Westwalstraat","city":"Naarden","operatorName":"TotalEnergies","maxPowerKw":11,"isMegawatt":false,"status":"AVAILABLE","source":"ndw"}},{"type":"Feature","geometry":{"type":"Point","coordinates":[5.157188,52.273827]},"properties":{"type":"charge","layer":"passenger","locationId":"83727B90-C74C-4077-8DC8-A99AAB070D29","name":"TNLP008374 - Graaf Wichmanlaan 12, Bussum","address":"12 Graaf Wichmanlaan","city":"Bussum","operatorName":"TotalEnergies","maxPowerKw":13,"isMegawatt":false,"status":"UNAVAILABLE","source":"ndw"}},{"type":"Feature","geometry":{"type":"Point","coordinates":[5.153948,52.282348]},"properties":{"type":"charge","layer":"passenger","locationId":"91067323","name":"50five-S NL PD12300011077","address":"Jacobus Verhoeflaan 5","city":"Naarden","operatorName":"50five","maxPowerKw":4,"isMegawatt":false,"status":"AVAILABLE","source":"ndw"}},{"type":"Feature","geometry":{"type":"Point","coordinates":[5.178775,52.267307]},"properties":{"type":"charge","layer":"passenger","locationId":"3CF020B8-819F-42B6-BC3A-4D8B0063EB9A","name":"TNLP007602 - Van Speijklaan 18, Bussum","address":"18 Van Speijklaan","city":"Bussum","operatorName":"TotalEnergies","maxPowerKw":17,"isMegawatt":false,"status":"AVAILABLE","source":"ndw"}},{"type":"Feature","geometry":{"type":"Point","coordinates":[5.162711,52.27881]},"properties":{"type":"charge","layer":"passenger","locationId":"8A397F97-FF37-46BE-8FEB-A60841D49EAE","name":"TNLP007027 - Nieuwe Englaan 2, Bussum","address":"2 Nieuwe Englaan","city":"Bussum","operatorName":"TotalEnergies","maxPowerKw":17,"isMegawatt":false,"status":"UNAVAILABLE","source":"ndw"}},{"type":"Feature","geometry":{"type":"Point","coordinates":[5.181079,52.27604]},"properties":{"type":"charge","layer":"passenger","locationId":"A4CCD2DA-3A87-4A64-97DE-70D49552EEAD","name":"TNLP034020 - K.P.C. de Bazelstraat 50, Bussum","address":"50 K.P.C. de Bazelstraat","city":"Bussum","operatorName":"TotalEnergies","maxPowerKw":13,"isMegawatt":false,"status":"UNAVAILABLE","source":"ndw"}},{"type":"Feature","geometry":{"type":"Point","coordinates":[5.065609,52.327957]},"properties":{"type":"charge","layer":"passenger","locationId":"A6042035-82D7-4409-89AD-F09218358956","name":"TNLP005717 - Weesperstraat 113, Muiden","address":"113 Weesperstraat","city":"Muiden","operatorName":"TotalEnergies","maxPowerKw":17,"isMegawatt":false,"status":"UNAVAILABLE","source":"ndw"}},{"type":"Feature","geometry":{"type":"Point","coordinates":[5.152887,52.291565]},"properties":{"type":"charge","layer":"passenger","locationId":"fd2def83-c67f-4b13-9c31-b9279d9b645e","name":"TNLP009107 - Prinses Margriethof 102, Naarden","address":"102 Prinses Margriethof","city":"Naarden","operatorName":"TotalEnergies","maxPowerKw":17,"isMegawatt":false,"status":"UNAVAILABLE","source":"ndw"}},{"type":"Feature","geometry":{"type":"Point","coordinates":[5.163997,52.27826]},"properties":{"type":"charge","layer":"passenger","locationId":"57627C9D-9982-402F-867C-1808BA690A40","name":"TNLP007621 - Landstraat 148a 148a, Bussum","address":"148a 148a Landstraat","city":"Bussum","operatorName":"TotalEnergies","maxPowerKw":17,"isMegawatt":false,"status":"UNAVAILABLE","source":"ndw"}},{"type":"Feature","geometry":{"type":"Point","coordinates":[5.17792,52.274403]},"properties":{"type":"charge","layer":"passenger","locationId":"666369ED-3A47-48BE-9F27-618EA39FB7EB","name":"TNLP006381 - Voormeulenweg 87, Bussum","address":"87 Voormeulenweg","city":"Bussum","operatorName":"TotalEnergies","maxPowerKw":17,"isMegawatt":false,"status":"UNAVAILABLE","source":"ndw"}},{"type":"Feature","geometry":{"type":"Point","coordinates":[5.179301,52.27305]},"properties":{"type":"charge","layer":"passenger","locationId":"6EDA55E5-A28A-4BB4-9C00-A4C984F43DD5","name":"PP005163 - H. Zwaardemakerstraat 23, Bussum","address":"23 H. Zwaardemakerstraat","city":"Bussum","operatorName":"TotalEnergies","maxPowerKw":11,"isMegawatt":false,"status":"UNAVAILABLE","source":"ndw"}},{"type":"Feature","geometry":{"type":"Point","coordinates":[5.06826,52.33169]},"properties":{"type":"charge","layer":"passenger","locationId":"71FE2C53-06A6-427A-9C11-D16817C911F6","name":"TNLP007361 - Korte Zeestraat 1, Muiden","address":"1 Korte Zeestraat","city":"Muiden","operatorName":"TotalEnergies","maxPowerKw":17,"isMegawatt":false,"status":"UNAVAILABLE","source":"ndw"}},{"type":"Feature","geometry":{"type":"Point","coordinates":[5.15829,52.26689]},"properties":{"type":"charge","layer":"passenger","locationId":"3133CA49-01B0-4924-91F3-81D921F18CEA","name":"PP004240 - Gooiberg 37, Bussum","address":"37 Gooiberg","city":"Bussum","operatorName":"TotalEnergies","maxPowerKw":11,"isMegawatt":false,"status":"UNAVAILABLE","source":"ndw"}},{"type":"Feature","geometry":{"type":"Point","coordinates":[5.17895,52.27655]},"properties":{"type":"charge","layer":"passenger","locationId":"5DE244C9-2D09-415D-B416-D12FE7112D3E","name":"TNLP003664 - Huizerweg 152, Bussum","address":"152 Huizerweg","city":"Bussum","operatorName":"TotalEnergies","maxPowerKw":17,"isMegawatt":false,"status":"AVAILABLE","source":"ndw"}},{"type":"Feature","geometry":{"type":"Point","coordinates":[5.0568,52.332594]},"properties":{"type":"charge","layer":"passenger","locationId":"66ed6c51bda402001b012166","name":"Vloto laadpaal Kogelmolen 14","address":"Kogelmolen 14","city":"Muiden","operatorName":"E-Flux by Road","maxPowerKw":14,"isMegawatt":false,"status":"AVAILABLE","source":"ndw","priceKwh":0.34}},{"type":"Feature","geometry":{"type":"Point","coordinates":[5.07099,52.326063]},"properties":{"type":"charge","layer":"passenger","locationId":"922684","name":"DAE-NL-2000217","address":"De Blauwe Wereld 13","city":"Muiden","operatorName":"DAEN Mobility","maxPowerKw":11,"isMegawatt":false,"status":"AVAILABLE","source":"ndw","priceKwh":0.28}},{"type":"Feature","geometry":{"type":"Point","coordinates":[5.140033,52.30691]},"properties":{"type":"charge","layer":"passenger","locationId":"88925250","name":"Van Leeuwen Boatex","address":"Gooimeer 4","city":"Naarden","operatorName":"Van Leeuwen","maxPowerKw":22,"isMegawatt":false,"status":"AVAILABLE","source":"ndw"}},{"type":"Feature","geometry":{"type":"Point","coordinates":[5.163712,52.294556]},"properties":{"type":"charge","layer":"passenger","locationId":"aec55392-74ee-459d-a740-cbefb97de686","name":"Laadplein - PP005521 - Adriaan Dortsmanplein 11, Naarden","address":"11 Adriaan Dortsmanplein","city":"Naarden","operatorName":"TotalEnergies","maxPowerKw":15,"isMegawatt":false,"status":"AVAILABLE","source":"ndw"}},{"type":"Feature","geometry":{"type":"Point","coordinates":[5.193861,52.269393]},"properties":{"type":"charge","layer":"passenger","locationId":"089b4b5ec56b4623b610282006f4d3bd","name":"Bouwlocatie NicodeBont - Bussum","address":"Jo Muurlingplaats 1","city":"Bussum","operatorName":"NRG Mobility","maxPowerKw":11,"isMegawatt":false,"status":"AVAILABLE","source":"ndw","priceKwh":0.6}},{"type":"Feature","geometry":{"type":"Point","coordinates":[5.14885,52.28321]},"properties":{"type":"charge","layer":"passenger","locationId":"42AFC7D5-79ED-4CB7-894B-79279991463F","name":"PP005227 - Van Tienhovenlaan 1, Naarden","address":"1 Van Tienhovenlaan","city":"Naarden","operatorName":"TotalEnergies","maxPowerKw":11,"isMegawatt":false,"status":"UNAVAILABLE","source":"ndw"}},{"type":"Feature","geometry":{"type":"Point","coordinates":[5.064927,52.333233]},"properties":{"type":"charge","layer":"passenger","locationId":"4B7EAF60-6246-47E0-9D18-BE73E378177E","name":"TNLP009548 - De Stelling 2a, Muiden","address":"2a De Stelling","city":"Muiden","operatorName":"TotalEnergies","maxPowerKw":17,"isMegawatt":false,"status":"UNAVAILABLE","source":"ndw"}},{"type":"Feature","geometry":{"type":"Point","coordinates":[5.157007,52.27289]},"properties":{"type":"charge","layer":"passenger","locationId":"3BAEC299-25B8-4241-8D88-EC9F876DB163","name":"TNLP009947 - Herenstraat 93, Bussum","address":"93 Herenstraat","city":"Bussum","operatorName":"TotalEnergies","maxPowerKw":17,"isMegawatt":false,"status":"UNAVAILABLE","source":"ndw"}},{"type":"Feature","geometry":{"type":"Point","coordinates":[5.17087,52.27202]},"properties":{"type":"charge","layer":"passenger","locationId":"485801f1-abb7-47c0-a433-140e7f020356","name":"PP001742 - Singel 89A, Bussum","address":"89A Singel","city":"Bussum","operatorName":"TotalEnergies","maxPowerKw":11,"isMegawatt":false,"status":"CHARGING","source":"ndw"}},{"type":"Feature","geometry":{"type":"Point","coordinates":[5.17237,52.26903]},"properties":{"type":"charge","layer":"passenger","locationId":"636b2458-719f-418d-ba84-cc0542806f7c","name":"PP001981 - Spijkerstraat 88, Bussum","address":"88 Spijkerstraat","city":"Bussum","operatorName":"TotalEnergies","maxPowerKw":11,"isMegawatt":false,"status":"AVAILABLE","source":"ndw"}},{"type":"Feature","geometry":{"type":"Point","coordinates":[5.15037,52.2908]},"properties":{"type":"charge","layer":"passenger","locationId":"613","name":"Shell Recharge NL Prinses Irenehof 2","address":"Prinses Irenehof 2","city":"Naarden","operatorName":"Ubitricity","maxPowerKw":11,"isMegawatt":false,"status":"AVAILABLE","source":"ndw","priceKwh":0.392}},{"type":"Feature","geometry":{"type":"Point","coordinates":[5.150695,52.278627]},"properties":{"type":"charge","layer":"passenger","locationId":"91008995","name":"50five-S NL 43388","address":"Corverlaan 5A","city":"Bussum","operatorName":"50five","maxPowerKw":11,"isMegawatt":false,"status":"AVAILABLE","source":"ndw"}},{"type":"Feature","geometry":{"type":"Point","coordinates":[5.143186,52.260004]},"properties":{"type":"charge","layer":"passenger","locationId":"5072","name":"Shell Recharge NL9069 - Gamma Bussum","address":"Franse Kampweg 12","city":"Bussum","operatorName":"Shell Recharge","maxPowerKw":150,"isMegawatt":false,"status":"AVAILABLE","source":"ndw","priceKwh":0.7025}},{"type":"Feature","geometry":{"type":"Point","coordinates":[5.169824,52.26404]},"properties":{"type":"charge","layer":"passenger","locationId":"F27F4C22-FC78-47AE-BF93-8303643B145B","name":"TNLP008933 - Beeklaan 46, Bussum","address":"46 Beeklaan","city":"Bussum","operatorName":"TotalEnergies","maxPowerKw":13,"isMegawatt":false,"status":"UNAVAILABLE","source":"ndw"}},{"type":"Feature","geometry":{"type":"Point","coordinates":[5.179038,52.271057]},"properties":{"type":"charge","layer":"passenger","locationId":"2799C77B-9ED1-447A-92CC-440740FD5A26","name":"TNLP015056 - H. Kamerlingh Onnesweg 1, Bussum","address":"1 H. Kamerlingh Onnesweg","city":"Bussum","operatorName":"TotalEnergies","maxPowerKw":17,"isMegawatt":false,"status":"CHARGING","source":"ndw"}},{"type":"Feature","geometry":{"type":"Point","coordinates":[5.171928,52.265867]},"properties":{"type":"charge","layer":"passenger","locationId":"6ef2468d0180168f4c322b2cd6b3a0ff","name":"Elise Dammershof 34","address":"Elise Dammershof 34","city":"Bussum","operatorName":"Vattenfall InCharge","maxPowerKw":11,"isMegawatt":false,"status":"AVAILABLE","source":"ndw","priceKwh":0.2805}},{"type":"Feature","geometry":{"type":"Point","coordinates":[5.161991,52.269841]},"properties":{"type":"charge","layer":"passenger","locationId":"4208925","name":"Laadnet Veiligheidsregio Laadpalen Bussum","address":"Brinklaan 140","city":"Bussum","operatorName":"Laadnet","maxPowerKw":22,"isMegawatt":false,"status":"AVAILABLE","source":"ndw"}},{"type":"Feature","geometry":{"type":"Point","coordinates":[5.1217712,52.3254031]},"properties":{"type":"charge","layer":"passenger","locationId":"1214","name":"Shell Recharge NL De Lent 2","address":"De Lent 2","city":"Muiderberg","operatorName":"Ubitricity","maxPowerKw":22,"isMegawatt":false,"status":"AVAILABLE","source":"ndw","priceKwh":0.267}},{"type":"Feature","geometry":{"type":"Point","coordinates":[5.112411,52.325676]},"properties":{"type":"charge","layer":"passenger","locationId":"8E3390B4-B694-493E-A339-FFCC3C8C9859","name":"TNLP007507 - Googweg 1, Muiderberg","address":"1 Googweg","city":"Muiderberg","operatorName":"TotalEnergies","maxPowerKw":17,"isMegawatt":false,"status":"UNAVAILABLE","source":"ndw"}},{"type":"Feature","geometry":{"type":"Point","coordinates":[5.177175,52.273163]},"properties":{"type":"charge","layer":"passenger","locationId":"64446C3E-DAC3-4E0A-B92E-99595344FB45","name":"PP005474 - F.C. Dondersstraat 2, Bussum","address":"2 F.C. Dondersstraat","city":"Bussum","operatorName":"TotalEnergies","maxPowerKw":11,"isMegawatt":false,"status":"UNAVAILABLE","source":"ndw"}},{"type":"Feature","geometry":{"type":"Point","coordinates":[5.15304,52.2734]},"properties":{"type":"charge","layer":"passenger","locationId":"78D3207F-F623-4A2C-8A55-7D7938B0C226","name":"PP002508 - Meentweg 47, Bussum","address":"47 Meentweg","city":"Bussum","operatorName":"TotalEnergies","maxPowerKw":13,"isMegawatt":false,"status":"AVAILABLE","source":"ndw"}},{"type":"Feature","geometry":{"type":"Point","coordinates":[5.177907,52.263844]},"properties":{"type":"charge","layer":"passenger","locationId":"78734752-3559-4020-BC4F-B59975915537","name":"TNLP007733 - Randweg 173, Bussum","address":"173 Randweg","city":"Bussum","operatorName":"TotalEnergies","maxPowerKw":17,"isMegawatt":false,"status":"AVAILABLE","source":"ndw"}},{"type":"Feature","geometry":{"type":"Point","coordinates":[5.15222,52.28873]},"properties":{"type":"charge","layer":"passenger","locationId":"91045788","name":"50five-S NL 17B09520","address":"Rijksweg 60","city":"Naarden","operatorName":"50five","maxPowerKw":11,"isMegawatt":false,"status":"AVAILABLE","source":"ndw"}},{"type":"Feature","geometry":{"type":"Point","coordinates":[5.147235,52.28603]},"properties":{"type":"charge","layer":"passenger","locationId":"CFC8D492-A69B-4CAD-8DB4-94CEFA36903B","name":"TNLP006449 - Baljuw 63, Naarden","address":"63 Baljuw","city":"Naarden","operatorName":"TotalEnergies","maxPowerKw":17,"isMegawatt":false,"status":"UNAVAILABLE","source":"ndw"}},{"type":"Feature","geometry":{"type":"Point","coordinates":[5.15612,52.28173]},"properties":{"type":"charge","layer":"passenger","locationId":"B8612F25-0588-42BB-878B-7DC3E428E6BB","name":"Eneco eMobility NS Parallelweg 1 Bussum","address":"Parallelweg 1","city":"Bussum","operatorName":"Eneco","maxPowerKw":22,"isMegawatt":false,"status":"UNAVAILABLE","source":"ndw","priceKwh":0.48}},{"type":"Feature","geometry":{"type":"Point","coordinates":[5.154844,52.289383]},"properties":{"type":"charge","layer":"passenger","locationId":"0B799A26-540F-4E16-B96D-4E429C0275DF","name":"TNLP007822 - Albertine Agneslaan 21, Naarden","address":"21 Albertine Agneslaan","city":"Naarden","operatorName":"TotalEnergies","maxPowerKw":17,"isMegawatt":false,"status":"UNAVAILABLE","source":"ndw"}},{"type":"Feature","geometry":{"type":"Point","coordinates":[5.19024,52.27059]},"properties":{"type":"charge","layer":"passenger","locationId":"10093665-33C9-4263-8C63-6E1B1A379BD6","name":"TNLP006417 - Wielewaallaan 2, Bussum","address":"2 Wielewaallaan","city":"Bussum","operatorName":"TotalEnergies","maxPowerKw":17,"isMegawatt":false,"status":"UNAVAILABLE","source":"ndw"}},{"type":"Feature","geometry":{"type":"Point","coordinates":[5.179857,52.278378]},"properties":{"type":"charge","layer":"passenger","locationId":"7EC9923F-14FC-4791-AC88-FF019407CA96","name":"TNLP007374 - Anton Mauvelaan 17, Bussum","address":"17 Anton Mauvelaan","city":"Bussum","operatorName":"TotalEnergies","maxPowerKw":17,"isMegawatt":false,"status":"UNAVAILABLE","source":"ndw"}},{"type":"Feature","geometry":{"type":"Point","coordinates":[5.168201,52.265827]},"properties":{"type":"charge","layer":"passenger","locationId":"6F1903CF-417E-410D-88DF-19DD12C2C88D","name":"TNLP008610 - Lange Heul 57, Bussum","address":"57 Lange Heul","city":"Bussum","operatorName":"TotalEnergies","maxPowerKw":13,"isMegawatt":false,"status":"UNAVAILABLE","source":"ndw"}},{"type":"Feature","geometry":{"type":"Point","coordinates":[5.15336,52.2694]},"properties":{"type":"charge","layer":"passenger","locationId":"bb63b39f-c3e0-41cb-8c43-faaf6309956c","name":"PP002064 - Beerensteinerlaan 59, Bussum","address":"59 Beerensteinerlaan","city":"Bussum","operatorName":"TotalEnergies","maxPowerKw":11,"isMegawatt":false,"status":"AVAILABLE","source":"ndw"}},{"type":"Feature","geometry":{"type":"Point","coordinates":[5.183668,52.274494]},"properties":{"type":"charge","layer":"passenger","locationId":"0087a693-326e-4ac8-8cb2-5c1fc0f96b9f","name":"PP001272 - Radboudlaan 1, Bussum","address":"1 Radboudlaan","city":"Bussum","operatorName":"TotalEnergies","maxPowerKw":11,"isMegawatt":false,"status":"AVAILABLE","source":"ndw"}},{"type":"Feature","geometry":{"type":"Point","coordinates":[5.152838,52.2735]},"properties":{"type":"charge","layer":"passenger","locationId":"C4CC0EB4-320D-4827-9572-F8BE1F2289EA","name":"TNLP015119 - Meentweg 47a, Bussum","address":"47a Meentweg","city":"Bussum","operatorName":"TotalEnergies","maxPowerKw":17,"isMegawatt":false,"status":"AVAILABLE","source":"ndw"}},{"type":"Feature","geometry":{"type":"Point","coordinates":[5.149814,52.301632]},"properties":{"type":"charge","layer":"passenger","locationId":"6ef41cf7-0912-404e-b7da-73af3063dfab","name":"PP001286 - Amsterdamsestraatweg 19, Naarden","address":"19 Amsterdamsestraatweg","city":"Naarden","operatorName":"TotalEnergies","maxPowerKw":11,"isMegawatt":false,"status":"AVAILABLE","source":"ndw"}},{"type":"Feature","geometry":{"type":"Point","coordinates":[5.17543,52.28334]},"properties":{"type":"charge","layer":"passenger","locationId":"65DC55F1-B2E8-4E01-8D3B-816AE2FE8BA0","name":"TNLP003570 - Jan Toebacklaan 33, Naarden","address":"33 Jan Toebacklaan","city":"Naarden","operatorName":"TotalEnergies","maxPowerKw":17,"isMegawatt":false,"status":"AVAILABLE","source":"ndw"}},{"type":"Feature","geometry":{"type":"Point","coordinates":[5.061378,52.3304]},"properties":{"type":"charge","layer":"passenger","locationId":"D7E7C99A-35BC-4DB5-89F4-F65FD748DCFB","name":"TNLP005895 - De Kogge 18, Muiden","address":"18 De Kogge","city":"Muiden","operatorName":"TotalEnergies","maxPowerKw":17,"isMegawatt":false,"status":"UNAVAILABLE","source":"ndw"}},{"type":"Feature","geometry":{"type":"Point","coordinates":[5.064914,52.333427]},"properties":{"type":"charge","layer":"passenger","locationId":"0A9478AD-89AC-49E3-A543-DED9F846D94A","name":"TNLP007445 - De Stelling 2, Muiden","address":"2 De Stelling","city":"Muiden","operatorName":"TotalEnergies","maxPowerKw":17,"isMegawatt":false,"status":"UNAVAILABLE","source":"ndw"}},{"type":"Feature","geometry":{"type":"Point","coordinates":[5.166654,52.26994]},"properties":{"type":"charge","layer":"passenger","locationId":"57114a62-a79f-4b2e-b60a-f30d6f8b9cb9","name":"TNLP007608 - Laarderweg 64, Bussum","address":"64 Laarderweg","city":"Bussum","operatorName":"TotalEnergies","maxPowerKw":17,"isMegawatt":false,"status":"CHARGING","source":"ndw"}},{"type":"Feature","geometry":{"type":"Point","coordinates":[5.062409,52.327816]},"properties":{"type":"charge","layer":"passenger","locationId":"B43BEAD4-0952-4641-81BC-50F32A3C3466","name":"Laadplein - TNLP015048 - Weesperweg 2a, Muiden","address":"2a Weesperweg","city":"Muiden","operatorName":"TotalEnergies","maxPowerKw":15,"isMegawatt":false,"status":"AVAILABLE","source":"ndw"}},{"type":"Feature","geometry":{"type":"Point","coordinates":[5.137271,52.307663]},"properties":{"type":"charge","layer":"passenger","locationId":"69de4243c925529cb912b9a9","name":"Gooimeer 8","address":"Gooimeer 8","city":"Naarden","operatorName":"Greenchoice B.V.","maxPowerKw":22,"isMegawatt":false,"status":"AVAILABLE","source":"ndw","priceKwh":0.61}},{"type":"Feature","geometry":{"type":"Point","coordinates":[5.186826,52.27471]},"properties":{"type":"charge","layer":"passenger","locationId":"18448FBA-8B44-4788-89BE-EA9E7289BF16","name":"PP005586 - Lothariuslaan 58, Bussum","address":"58 Lothariuslaan","city":"Bussum","operatorName":"TotalEnergies","maxPowerKw":11,"isMegawatt":false,"status":"UNAVAILABLE","source":"ndw"}},{"type":"Feature","geometry":{"type":"Point","coordinates":[5.07306,52.32799]},"properties":{"type":"charge","layer":"passenger","locationId":"3D84D289-6584-49AC-AF56-1D2B2FE26A11","name":"PP004309 - De Duyf 1, Muiden","address":"1 De Duyf","city":"Muiden","operatorName":"TotalEnergies","maxPowerKw":11,"isMegawatt":false,"status":"UNAVAILABLE","source":"ndw"}},{"type":"Feature","geometry":{"type":"Point","coordinates":[5.16072,52.2745]},"properties":{"type":"charge","layer":"passenger","locationId":"79AB2CD9-A518-4673-9040-5E34E905EB5B","name":"PP002505 - Veldweg 28, Bussum","address":"28 Veldweg","city":"Bussum","operatorName":"TotalEnergies","maxPowerKw":13,"isMegawatt":false,"status":"AVAILABLE","source":"ndw"}},{"type":"Feature","geometry":{"type":"Point","coordinates":[5.156074,52.281013]},"properties":{"type":"charge","layer":"passenger","locationId":"A53FE39B-3F2F-4E82-B94E-1B0704FE73A5","name":"TNLP008818 - Parallelweg 3, Bussum","address":"3 Parallelweg","city":"Bussum","operatorName":"TotalEnergies","maxPowerKw":13,"isMegawatt":false,"status":"UNAVAILABLE","source":"ndw"}},{"type":"Feature","geometry":{"type":"Point","coordinates":[5.17384,52.28453]},"properties":{"type":"charge","layer":"passenger","locationId":"B54AABCC-5AFF-4986-A42D-1205B85A9F44","name":"PP001696 - Van Ostadelaan 24, Naarden","address":"24 Van Ostadelaan","city":"Naarden","operatorName":"TotalEnergies","maxPowerKw":11,"isMegawatt":false,"status":"AVAILABLE","source":"ndw"}},{"type":"Feature","geometry":{"type":"Point","coordinates":[5.063771,52.332846]},"properties":{"type":"charge","layer":"passenger","locationId":"66dafb2354c910001cbf758f","name":"Vloto laadpaal Stelling 9","address":"Stelling 9","city":"Muiden","operatorName":"E-Flux by Road","maxPowerKw":14,"isMegawatt":false,"status":"AVAILABLE","source":"ndw","priceKwh":0.34}},{"type":"Feature","geometry":{"type":"Point","coordinates":[5.18084,52.27647]},"properties":{"type":"charge","layer":"passenger","locationId":"ec67d2f5-ba65-42ee-a43a-a3e4ae40a494","name":"PP001734 - K.P.C. de Bazelstraat 16, Bussum","address":"16 K.P.C. de Bazelstraat","city":"Bussum","operatorName":"TotalEnergies","maxPowerKw":11,"isMegawatt":false,"status":"AVAILABLE","source":"ndw"}},{"type":"Feature","geometry":{"type":"Point","coordinates":[5.16338,52.27635]},"properties":{"type":"charge","layer":"passenger","locationId":"BFFE57BA-8955-4064-A193-D3B6B23D74CC","name":"TNLP007592 - Wilhelminaplantsoen 101, Bussum","address":"101 Wilhelminaplantsoen","city":"Bussum","operatorName":"TotalEnergies","maxPowerKw":17,"isMegawatt":false,"status":"UNAVAILABLE","source":"ndw"}},{"type":"Feature","geometry":{"type":"Point","coordinates":[5.17288,52.27528]},"properties":{"type":"charge","layer":"passenger","locationId":"C9AEC28A-88FB-4AAB-B56D-50EF28EE487B","name":"PP004277 - Doctor Frederik Van Eedenweg 1, Bussum","address":"1 Doctor Frederik Van Eedenweg","city":"Bussum","operatorName":"TotalEnergies","maxPowerKw":11,"isMegawatt":false,"status":"UNAVAILABLE","source":"ndw"}},{"type":"Feature","geometry":{"type":"Point","coordinates":[5.169338,52.273099]},"properties":{"type":"charge","layer":"passenger","locationId":"3326a313074836630e785b951c3944cf","name":"Veldheimerlaan 68","address":"Veldheimerlaan 68","city":"Bussum","operatorName":"Vattenfall InCharge","maxPowerKw":11,"isMegawatt":false,"status":"AVAILABLE","source":"ndw","priceKwh":0.2805}},{"type":"Feature","geometry":{"type":"Point","coordinates":[5.17909,52.27337]},"properties":{"type":"charge","layer":"passenger","locationId":"be4f1c50-b58e-438b-aa5d-2fbbd6db0b48","name":"PP002597 - J.H. van Het Hoffweg 12, Bussum","address":"12 J.H. van Het Hoffweg","city":"Bussum","operatorName":"TotalEnergies","maxPowerKw":13,"isMegawatt":false,"status":"UNAVAILABLE","source":"ndw"}},{"type":"Feature","geometry":{"type":"Point","coordinates":[5.161384,52.282677]},"properties":{"type":"charge","layer":"passenger","locationId":"99286101-FE34-45AD-A625-8438C85154A6","name":"PP005616 - Rostocklaan 25, Bussum","address":"25 Rostocklaan","city":"Bussum","operatorName":"TotalEnergies","maxPowerKw":11,"isMegawatt":false,"status":"UNAVAILABLE","source":"ndw"}},{"type":"Feature","geometry":{"type":"Point","coordinates":[5.143363,52.30037]},"properties":{"type":"charge","layer":"passenger","locationId":"B50FF22F-42A3-4F44-BE29-1D71FE9B6E52","name":"TNLP007048 - Roerdompstraat 2, Naarden","address":"2 Roerdompstraat","city":"Naarden","operatorName":"TotalEnergies","maxPowerKw":17,"isMegawatt":false,"status":"UNAVAILABLE","source":"ndw"}},{"type":"Feature","geometry":{"type":"Point","coordinates":[5.179916,52.264393]},"properties":{"type":"charge","layer":"passenger","locationId":"B7676D8E-58AA-454D-9591-FE8E2E0F24C5","name":"TNLP007574 - Karel Doormanlaan 87, Bussum","address":"87 Karel Doormanlaan","city":"Bussum","operatorName":"TotalEnergies","maxPowerKw":17,"isMegawatt":false,"status":"AVAILABLE","source":"ndw"}},{"type":"Feature","geometry":{"type":"Point","coordinates":[5.119646,52.32379]},"properties":{"type":"charge","layer":"passenger","locationId":"EA34E97F-BF9E-4B9A-A9E6-AD0476140C7C","name":"TNLP006150 - van der Helstpark 13, Muiderberg","address":"13 van der Helstpark","city":"Muiderberg","operatorName":"TotalEnergies","maxPowerKw":17,"isMegawatt":false,"status":"UNAVAILABLE","source":"ndw"}},{"type":"Feature","geometry":{"type":"Point","coordinates":[5.071617,52.326187]},"properties":{"type":"charge","layer":"passenger","locationId":"59D12E6A-1F2E-4193-A5EC-3F9FD15A675A","name":"TNLP003550 - De Blauwe Wereld 5, Muiden","address":"5 De Blauwe Wereld","city":"Muiden","operatorName":"TotalEnergies","maxPowerKw":17,"isMegawatt":false,"status":"AVAILABLE","source":"ndw"}},{"type":"Feature","geometry":{"type":"Point","coordinates":[5.179837,52.27404]},"properties":{"type":"charge","layer":"passenger","locationId":"7F7C19B2-3D81-429B-8B15-D61C49F134B2","name":"PP005418 - Keizer Ottostraat 77, Bussum","address":"77 Keizer Ottostraat","city":"Bussum","operatorName":"TotalEnergies","maxPowerKw":11,"isMegawatt":false,"status":"UNAVAILABLE","source":"ndw"}},{"type":"Feature","geometry":{"type":"Point","coordinates":[5.15505,52.285763]},"properties":{"type":"charge","layer":"passenger","locationId":"10697644-A06E-4563-96A7-94F71B3DE72C","name":"PP005566 - Juliana van Stolberglaan 48, Naarden","address":"48 Juliana van Stolberglaan","city":"Naarden","operatorName":"TotalEnergies","maxPowerKw":11,"isMegawatt":false,"status":"UNAVAILABLE","source":"ndw"}},{"type":"Feature","geometry":{"type":"Point","coordinates":[5.152234,52.301945]},"properties":{"type":"charge","layer":"passenger","locationId":"7AFB3561-560E-4CF8-BDA7-F93B7EB232BE","name":"TNLP007754 - Kobaltstraat 2, Naarden","address":"2 Kobaltstraat","city":"Naarden","operatorName":"TotalEnergies","maxPowerKw":17,"isMegawatt":false,"status":"UNAVAILABLE","source":"ndw"}},{"type":"Feature","geometry":{"type":"Point","coordinates":[5.170751,52.27677]},"properties":{"type":"charge","layer":"passenger","locationId":"A6C6DC83-4E2F-4140-B387-3EA9F6DD7C13","name":"PP005607 - Marconiweg 41, Bussum","address":"41 Marconiweg","city":"Bussum","operatorName":"TotalEnergies","maxPowerKw":11,"isMegawatt":false,"status":"UNAVAILABLE","source":"ndw"}},{"type":"Feature","geometry":{"type":"Point","coordinates":[5.17044,52.27226]},"properties":{"type":"charge","layer":"passenger","locationId":"ED0046D9-C59E-4B4C-9EF5-C443116BA7C8","name":"PP004248 - Sint Janslaan 53, Bussum","address":"53 Sint Janslaan","city":"Bussum","operatorName":"TotalEnergies","maxPowerKw":11,"isMegawatt":false,"status":"UNAVAILABLE","source":"ndw"}},{"type":"Feature","geometry":{"type":"Point","coordinates":[5.158565,52.2697]},"properties":{"type":"charge","layer":"passenger","locationId":"ca0318adbd79c3998e2704ccb6a5052f","name":"Iepenlaan 51","address":"Iepenlaan 51","city":"Bussum","operatorName":"Vattenfall InCharge","maxPowerKw":11,"isMegawatt":false,"status":"AVAILABLE","source":"ndw","priceKwh":0.2805}},{"type":"Feature","geometry":{"type":"Point","coordinates":[5.149868,52.312441]},"properties":{"type":"charge","layer":"passenger","locationId":"91147830","name":"50five-S NL 03009377","address":"Havenlaan 18","city":"Naarden","operatorName":"50five","maxPowerKw":11,"isMegawatt":false,"status":"AVAILABLE","source":"ndw"}},{"type":"Feature","geometry":{"type":"Point","coordinates":[5.18367,52.26595]},"properties":{"type":"charge","layer":"passenger","locationId":"a13a9d24-0e96-4ddd-b7c9-fb10b84ff4ae","name":"PP001901 - Aaltje Noordewierlaan 10, Bussum","address":"10 Aaltje Noordewierlaan","city":"Bussum","operatorName":"TotalEnergies","maxPowerKw":11,"isMegawatt":false,"status":"AVAILABLE","source":"ndw"}},{"type":"Feature","geometry":{"type":"Point","coordinates":[5.165135,52.279755]},"properties":{"type":"charge","layer":"passenger","locationId":"47EA04B0-C07E-49E1-9805-D22360B95829","name":"TNLP008105 - Vossiuslaan 16, Bussum","address":"16 Vossiuslaan","city":"Bussum","operatorName":"TotalEnergies","maxPowerKw":17,"isMegawatt":false,"status":"UNAVAILABLE","source":"ndw"}},{"type":"Feature","geometry":{"type":"Point","coordinates":[5.19003,52.27011]},"properties":{"type":"charge","layer":"passenger","locationId":"400d4e93-b92d-4c22-9c95-539a6cd00356","name":"PP002079 - Wielewaallaan 38, Bussum","address":"38 Wielewaallaan","city":"Bussum","operatorName":"TotalEnergies","maxPowerKw":11,"isMegawatt":false,"status":"AVAILABLE","source":"ndw"}},{"type":"Feature","geometry":{"type":"Point","coordinates":[5.15392,52.29757]},"properties":{"type":"charge","layer":"passenger","locationId":"3C90DA0C-453F-4C14-AFD8-81FA9CE0F28C","name":"PP004274 - Van Limburg Stirumlaan 19A, Naarden","address":"19A Van Limburg Stirumlaan","city":"Naarden","operatorName":"TotalEnergies","maxPowerKw":11,"isMegawatt":false,"status":"UNAVAILABLE","source":"ndw"}},{"type":"Feature","geometry":{"type":"Point","coordinates":[5.15047,52.28203]},"properties":{"type":"charge","layer":"passenger","locationId":"3ED18E71-734F-4436-BF97-E5DDD5CF2958","name":"PP005079 - Verlengde Fortlaan 15, Naarden","address":"15 Verlengde Fortlaan","city":"Naarden","operatorName":"TotalEnergies","maxPowerKw":11,"isMegawatt":false,"status":"UNAVAILABLE","source":"ndw"}},{"type":"Feature","geometry":{"type":"Point","coordinates":[5.053234,52.334063]},"properties":{"type":"charge","layer":"passenger","locationId":"66e7df68c8d603001cc68d77","name":"Vloto laadpaal Winterkoninkje 1","address":"Winterkoninkje 1","city":"Muiden","operatorName":"E-Flux by Road","maxPowerKw":14,"isMegawatt":false,"status":"AVAILABLE","source":"ndw","priceKwh":0.34}},{"type":"Feature","geometry":{"type":"Point","coordinates":[5.229852,52.304195]},"properties":{"type":"charge","layer":"passenger","locationId":"BD23A5AD-3BC6-40B1-A336-B1FA5C10E571","name":"TNLP006854 - Grenspad 50, Huizen","address":"50 Grenspad","city":"Huizen","operatorName":"TotalEnergies","maxPowerKw":17,"isMegawatt":false,"status":"UNAVAILABLE","source":"ndw"}},{"type":"Feature","geometry":{"type":"Point","coordinates":[5.169533,52.274483]},"properties":{"type":"charge","layer":"passenger","locationId":"DD150747-5E58-4438-91A0-F9817CDD4661","name":"TNLP008890 - Noorderweg 1, Bussum","address":"1 Noorderweg","city":"Bussum","operatorName":"TotalEnergies","maxPowerKw":13,"isMegawatt":false,"status":"UNAVAILABLE","source":"ndw"}},{"type":"Feature","geometry":{"type":"Point","coordinates":[5.149378,52.279392]},"properties":{"type":"charge","layer":"passenger","locationId":"E7D775D8-692B-4A27-9C99-AF6ECE715765","name":"TNLP007703 - Prins Mauritslaan 16, Bussum","address":"16 Prins Mauritslaan","city":"Bussum","operatorName":"TotalEnergies","maxPowerKw":17,"isMegawatt":false,"status":"UNAVAILABLE","source":"ndw"}},{"type":"Feature","geometry":{"type":"Point","coordinates":[5.171052,52.27129]},"properties":{"type":"charge","layer":"passenger","locationId":"40C5609E-8BC4-48BB-93CC-CD37AF8EC6C4","name":"TNLP006370 - Sint Janslaan 73, Bussum","address":"73 Sint Janslaan","city":"Bussum","operatorName":"TotalEnergies","maxPowerKw":17,"isMegawatt":false,"status":"UNAVAILABLE","source":"ndw"}},{"type":"Feature","geometry":{"type":"Point","coordinates":[5.16083,52.28533]},"properties":{"type":"charge","layer":"passenger","locationId":"d53400c63c699ad5fa045379c1b61c23","name":"Julianalaan 2","address":"Julianalaan 2","city":"Naarden","operatorName":"Vattenfall InCharge","maxPowerKw":11,"isMegawatt":false,"status":"AVAILABLE","source":"ndw","priceKwh":0.2805}},{"type":"Feature","geometry":{"type":"Point","coordinates":[5.166491,52.276833]},"properties":{"type":"charge","layer":"passenger","locationId":"F0B8A7A6-6F64-4151-82A0-796F7A172516","name":"TNLP006871 - Oud-Bussummerweg 20, Bussum","address":"20 Oud-Bussummerweg","city":"Bussum","operatorName":"TotalEnergies","maxPowerKw":17,"isMegawatt":false,"status":"UNAVAILABLE","source":"ndw"}},{"type":"Feature","geometry":{"type":"Point","coordinates":[5.15894,52.26971]},"properties":{"type":"charge","layer":"passenger","locationId":"F85A786D-1EEA-4286-AF41-3671DE4A8936","name":"PP002071 - Iepenlaan 51, Bussum","address":"51 Iepenlaan","city":"Bussum","operatorName":"TotalEnergies","maxPowerKw":11,"isMegawatt":false,"status":"AVAILABLE","source":"ndw"}},{"type":"Feature","geometry":{"type":"Point","coordinates":[5.120634,52.311193]},"properties":{"type":"charge","layer":"passenger","locationId":"61f2bcddf260490db965d43a","name":"De boer dier en ruiter","address":"Naardervaart 1A","city":"Muiderberg","operatorName":"E-Flux by Road","maxPowerKw":22,"isMegawatt":false,"status":"AVAILABLE","source":"ndw","priceKwh":0.58}},{"type":"Feature","geometry":{"type":"Point","coordinates":[5.180267,52.275005]},"properties":{"type":"charge","layer":"passenger","locationId":"6BDA5039-84B5-4055-BD0A-3FECC21734FC","name":"PP005133 - Adelheidstraat 41, Bussum","address":"41 Adelheidstraat","city":"Bussum","operatorName":"TotalEnergies","maxPowerKw":11,"isMegawatt":false,"status":"UNAVAILABLE","source":"ndw"}},{"type":"Feature","geometry":{"type":"Point","coordinates":[5.167824,52.27163]},"properties":{"type":"charge","layer":"passenger","locationId":"9C0204FB-E780-4196-9F17-1F6659CE0C56","name":"TNLP006869 - Oosterpad 34, Bussum","address":"34 Oosterpad","city":"Bussum","operatorName":"TotalEnergies","maxPowerKw":17,"isMegawatt":false,"status":"UNAVAILABLE","source":"ndw"}},{"type":"Feature","geometry":{"type":"Point","coordinates":[5.154343,52.289741]},"properties":{"type":"charge","layer":"passenger","locationId":"91051656","name":"50five-S NL 17B04530","address":"Prins Frederik Hendriklaan 2","city":"Naarden","operatorName":"50five","maxPowerKw":11,"isMegawatt":false,"status":"AVAILABLE","source":"ndw"}},{"type":"Feature","geometry":{"type":"Point","coordinates":[5.184265,52.29361]},"properties":{"type":"charge","layer":"passenger","locationId":"6670458b3da4cb001c269625","name":"Givaudan Nederland B.V. Bezoekersparking","address":"Huizerstraatweg 28","city":"Naarden","operatorName":"Pluq","maxPowerKw":11,"isMegawatt":false,"status":"AVAILABLE","source":"ndw","priceKwh":0.3}},{"type":"Feature","geometry":{"type":"Point","coordinates":[5.15218,52.29875]},"properties":{"type":"charge","layer":"passenger","locationId":"09EEEF77-0137-4C90-96BE-B664FE9C2017","name":"PP004266 - Generaal Kraijenhoffstraat 29, Naarden","address":"29 Generaal Kraijenhoffstraat","city":"Naarden","operatorName":"TotalEnergies","maxPowerKw":11,"isMegawatt":false,"status":"UNAVAILABLE","source":"ndw"}},{"type":"Feature","geometry":{"type":"Point","coordinates":[5.053169,52.333956]},"properties":{"type":"charge","layer":"passenger","locationId":"91044863","name":"50five-S NL 17B14350","address":"Grote Lijster 21","city":"Muiden","operatorName":"50five","maxPowerKw":11,"isMegawatt":false,"status":"AVAILABLE","source":"ndw"}},{"type":"Feature","geometry":{"type":"Point","coordinates":[5.145811,52.286832]},"properties":{"type":"charge","layer":"passenger","locationId":"b4b5fffdd4f3365d00c6a0f4bd98c343","name":"Drossaard 1","address":"Drossaard 1","city":"Naarden","operatorName":"Vattenfall InCharge","maxPowerKw":11,"isMegawatt":false,"status":"AVAILABLE","source":"ndw","priceKwh":0.2805}},{"type":"Feature","geometry":{"type":"Point","coordinates":[5.058831,52.332899]},"properties":{"type":"charge","layer":"passenger","locationId":"66e14fd26d1113001c6b0533","name":"Vloto laadpaal Kruitmolen 41","address":"Kruitmolen 41","city":"Muiden","operatorName":"E-Flux by Road","maxPowerKw":14,"isMegawatt":false,"status":"AVAILABLE","source":"ndw","priceKwh":0.34}},{"type":"Feature","geometry":{"type":"Point","coordinates":[5.153451,52.270408]},"properties":{"type":"charge","layer":"passenger","locationId":"68cbcd7a092e91ca9284865e","name":"Station Parklaan","address":"Parklaan 2","city":"Bussum","operatorName":"E-Flux by Road","maxPowerKw":11,"isMegawatt":false,"status":"AVAILABLE","source":"ndw","priceKwh":0.74}},{"type":"Feature","geometry":{"type":"Point","coordinates":[5.159305,52.286049]},"properties":{"type":"charge","layer":"passenger","locationId":"cf10f9a960ac71c5ce10698423b459e8","name":"Graaf Lodewijklaan 262","address":"Graaf Lodewijklaan 262","city":"Naarden","operatorName":"Vattenfall InCharge","maxPowerKw":11,"isMegawatt":false,"status":"AVAILABLE","source":"ndw","priceKwh":0.2805}},{"type":"Feature","geometry":{"type":"Point","coordinates":[5.158896,52.277658]},"properties":{"type":"charge","layer":"passenger","locationId":"f10fad79b0033b6ba60ed392b732df2d","name":"Eslaan 19","address":"Eslaan 19","city":"Bussum","operatorName":"Vattenfall InCharge","maxPowerKw":11,"isMegawatt":false,"status":"AVAILABLE","source":"ndw","priceKwh":0.2805}},{"type":"Feature","geometry":{"type":"Point","coordinates":[5.12504,52.32442]},"properties":{"type":"charge","layer":"passenger","locationId":"3aecf525-a90e-42e1-a130-b7de84a2a216","name":"PP001940 - Nienhuis Ruijskade 106, Muiderberg","address":"106 Nienhuis Ruijskade","city":"Muiderberg","operatorName":"TotalEnergies","maxPowerKw":11,"isMegawatt":false,"status":"AVAILABLE","source":"ndw"}},{"type":"Feature","geometry":{"type":"Point","coordinates":[5.084259,52.322189]},"properties":{"type":"charge","layer":"freight","locationId":"50101","name":"Fastned Hackelaar","address":"Hackelaar A1","city":"Muiden","operatorName":"Fastned","maxPowerKw":400,"isMegawatt":false,"status":"AVAILABLE","source":"ndw","priceKwh":0.6364,"freightKind":"hpc","freightReason":"power"}},{"type":"Feature","geometry":{"type":"Point","coordinates":[5.077946,52.320128]},"properties":{"type":"charge","layer":"freight","locationId":"50035","name":"Fastned Honswijck","address":"Honswijck A1","city":"Muiden","operatorName":"Fastned","maxPowerKw":400,"isMegawatt":false,"status":"AVAILABLE","source":"ndw","priceKwh":0.6364,"freightKind":"hpc","freightReason":"power"}},{"type":"Feature","geometry":{"type":"MultiPolygon","coordinates":[[[[5.108903097912337,52.332029540142315],[5.110038445184216,52.33111648577708],[5.110467214297607,52.330144108245904],[5.123558719401778,52.32940824118669],[5.129030818063539,52.3251885276997],[5.133434699653404,52.32764550433387],[5.137184470259134,52.32532271515181],[5.138323824729371,52.32590190034009],[5.138440462494203,52.325812185137686],[5.138822035202146,52.32551871001216],[5.139211858672695,52.32521888316154],[5.138097711955604,52.32465877472509],[5.147908944062705,52.314584486111166],[5.151385413087399,52.312327073587426],[5.149435852589973,52.31194388225729],[5.146765687039407,52.31261180752657],[5.147762357658275,52.31388232214058],[5.147140666109174,52.313738578157356],[5.145352739031996,52.31203956881479],[5.143629198208167,52.31087601957362],[5.146294515203843,52.30931398506383],[5.149993181238052,52.31012796097576],[5.151243634493096,52.308765949447796],[5.149948509661181,52.30841470311156],[5.149538606637036,52.3087519974041],[5.148848771729922,52.30846112360461],[5.149037546411844,52.308006043530625],[5.1500277665437295,52.30803664834025],[5.150112450783898,52.30823906083527],[5.15172941545717,52.30822281415859],[5.151941525129028,52.3077023743163],[5.15259602439101,52.30776327833151],[5.152557698278442,52.3080025426934],[5.154243328300691,52.30864565724616],[5.154140847569405,52.30880575443593],[5.152194188732136,52.308401437303715],[5.151275100778265,52.30935063698636],[5.153091127238523,52.309968942990345],[5.152602792115546,52.310189901599976],[5.152081879307327,52.311011559938684],[5.151313794935495,52.310862317007576],[5.151970354040967,52.31041874613392],[5.1521940417173875,52.310025049128384],[5.151909810495086,52.309813838138396],[5.15105269837309,52.30960075659045],[5.149961515796723,52.31080161710409],[5.150099918853056,52.311467574520385],[5.152408630515676,52.31194709169313],[5.161504435791411,52.30641817781621],[5.165580185928029,52.30495798116402],[5.173568531152889,52.30402352350881],[5.181538865689606,52.305210863226726],[5.187205224593415,52.30742888552732],[5.196994332974303,52.30894471098675],[5.2284881193608275,52.31125423395704],[5.230352148355132,52.30544722618222],[5.229812078983099,52.30448121202806],[5.230080253461971,52.302924735829485],[5.229134146173984,52.30280336371757],[5.229560454255987,52.301724200446465],[5.227173396221927,52.30116716400763],[5.219479993894906,52.299157419294986],[5.21412633170284,52.29849833334381],[5.211759286869609,52.30009556508444],[5.210489177533556,52.30186096430009],[5.209009758553102,52.302020603130174],[5.208721459268581,52.300257659072116],[5.20349579158434,52.29965697240269],[5.2022460539216695,52.29971849866913],[5.1977978330966055,52.300334821177955],[5.195805173684352,52.2988992644401],[5.194991431761658,52.297107653382064],[5.195916922310387,52.295076967920295],[5.190433702554449,52.29346451882812],[5.190372849243413,52.293234309398606],[5.188223735575314,52.29255090141623],[5.187690539402388,52.29295358604997],[5.187075049359023,52.29260319438277],[5.192379292847681,52.29032960309722],[5.193232010374055,52.288223293429475],[5.195383185964726,52.2885810992258],[5.19530560461054,52.288244517243214],[5.195763834300159,52.286009472579856],[5.195683002471099,52.284765714774394],[5.193802706098612,52.28552822501043],[5.192137243674023,52.284116039229524],[5.194662022153984,52.28347890580715],[5.1943472579998975,52.2824288221067],[5.194473127228547,52.28094102858555],[5.18998717076063,52.27909900588466],[5.184702685192581,52.27801004518258],[5.187598142419421,52.27524475919362],[5.191179752900123,52.27374282742437],[5.196222730033625,52.27089335115953],[5.201116993840097,52.26814038285819],[5.201103236684776,52.26813713460013],[5.201580229594914,52.267937449861414],[5.2009361666266205,52.26737179187563],[5.199784181577824,52.26782615975381],[5.193512955445057,52.266371684065284],[5.183139139165086,52.26396963647698],[5.1831312389156015,52.26460358750809],[5.176938922044085,52.262886884443674],[5.173884002081956,52.26167823242878],[5.165946614696078,52.25770651119471],[5.162128665375941,52.25579625382124],[5.161808193815377,52.25992685872031],[5.1376090499760085,52.259604312923166],[5.137454890561564,52.259886211697584],[5.137496746518524,52.26041728740667],[5.137636092568101,52.260422410779654],[5.137708619770906,52.26042507774287],[5.137700425280796,52.260486374875285],[5.1376385485454374,52.26049668083996],[5.137493617154882,52.260520819671754],[5.137558689479564,52.260900572666515],[5.1372085676730865,52.26147666469147],[5.137723418591374,52.26306396572668],[5.140478545607787,52.26509349115245],[5.1439570796441965,52.270535538545275],[5.1443543007896135,52.27131446165096],[5.1439359397863065,52.27134372749004],[5.143894980317786,52.27290953018699],[5.143718869379393,52.27382694840406],[5.143945426537302,52.27430158934827],[5.141440467060726,52.275260828230614],[5.136265394660447,52.2771469726031],[5.135358251858452,52.27808702110123],[5.134405050007501,52.27781673970442],[5.134169478004326,52.27804263678618],[5.133067861784575,52.278667914680874],[5.13104801702683,52.278363366981466],[5.127191066815459,52.27864804898387],[5.121799787598068,52.281722108730435],[5.116026140524444,52.282775595829825],[5.107354064789839,52.28546191777743],[5.104645500272596,52.28538496161624],[5.098714428810059,52.29057398562952],[5.09847296917741,52.29163642908213],[5.099353413974422,52.29280377904769],[5.102918135462399,52.2944679726021],[5.106064537722699,52.29466875385411],[5.107673843912598,52.297291866045136],[5.106265797857436,52.29833630983711],[5.1019712614299015,52.29780445106102],[5.098942949461796,52.298696881172674],[5.096793089803948,52.30043691376159],[5.095770381882435,52.303761994017435],[5.096482121312358,52.307292832790374],[5.100566309792176,52.31029662887611],[5.094617989955107,52.31242658174499],[5.092106225141394,52.31302356378968],[5.093075985925564,52.314150510884545],[5.091652466395229,52.31464417300192],[5.075392954892287,52.31914542459575],[5.06932483821824,52.32167645539682],[5.064686044930218,52.32200614641833],[5.065720025241951,52.32048183268481],[5.065258603981683,52.319181738818266],[5.0632973108173855,52.31821076568683],[5.062535309001393,52.31764224536322],[5.058339146919169,52.31631751766534],[5.0580339693094665,52.31668348430676],[5.059091981203738,52.317052537104615],[5.056740895026393,52.3195996522162],[5.060124985577163,52.32107171315009],[5.06151824136393,52.32180090816271],[5.061107820229572,52.32210571900269],[5.061512685330142,52.32367492604879],[5.058210149765638,52.32481708706859],[5.049065461324712,52.32699180203861],[5.0455938391220645,52.326767986301014],[5.044394067673489,52.32714905507881],[5.044800400498257,52.327473429082296],[5.043951325787655,52.327960385014784],[5.039793747340447,52.32902710731444],[5.028951837851461,52.330769837766844],[5.021586338408945,52.33086251188457],[5.017272262923238,52.33018688927281],[5.0184229869146115,52.324339102093475],[5.017931828680572,52.32319253674697],[5.016652236538308,52.32298709457632],[5.016132661646647,52.324512315232774],[5.012792826488169,52.33020759973367],[5.01444908778175,52.33143149147709],[5.014991284379589,52.331776632500606],[5.018461516566727,52.33407459653868],[5.025342543940281,52.33704917534534],[5.02748541761594,52.33771924377973],[5.0279220305376375,52.33669505562327],[5.029970673165498,52.33660696479631],[5.0300936036083135,52.33626615891701],[5.028772655543376,52.33567457813726],[5.029597354854195,52.33466532352519],[5.03214843185225,52.33353646902299],[5.036614252268269,52.33352247602839],[5.040818210499013,52.334486374168755],[5.042923065083667,52.33604317939288],[5.044577628976295,52.33527651324171],[5.056180706735974,52.337732538750515],[5.061881523952293,52.33756448230514],[5.06709358702315,52.336684034683984],[5.068588978775442,52.33718545256146],[5.068107557063612,52.3364351845558],[5.0677381077842965,52.33636652142638],[5.068551796770765,52.33405236068554],[5.069318932686058,52.33407865007556],[5.069816783474438,52.33335453768629],[5.070040396865709,52.332794754416256],[5.069228451086378,52.33058832204933],[5.069653540315161,52.33046138717511],[5.070593159832252,52.331774810594375],[5.071266888925399,52.333687670716],[5.071037520206261,52.333749178299534],[5.07057302267884,52.333630028873145],[5.0698540184782575,52.3345987992292],[5.0701910696415675,52.33549257704701],[5.069796561277038,52.337087285926174],[5.07735007595556,52.33981213783034],[5.082602894661748,52.33947007907936],[5.0935723160819295,52.33876278799036],[5.107068831612572,52.33147901227716],[5.108903097912337,52.332029540142315]]],[[[5.0372002805132565,52.337428882759625],[5.036278332764544,52.33779819637988],[5.032819774230431,52.338096596100144],[5.032786059305355,52.33827700372987],[5.0345596407279,52.33830756065305],[5.038944480163074,52.337582415621625],[5.0419746682059206,52.33651643982459],[5.040004751662619,52.33497781844511],[5.0376664965288755,52.334603819065016],[5.0372002805132565,52.337428882759625]]],[[[5.109699900045505,52.343632951639165],[5.109215963055378,52.34398300619522],[5.108006387105279,52.34336667643777],[5.103625632197515,52.345997939452204],[5.102563308055866,52.34627527442346],[5.102199335120544,52.346869003886326],[5.100369598977141,52.34715892662785],[5.100336278688329,52.34721500254123],[5.1027151961412835,52.346869079916694],[5.106933219503376,52.345592893179294],[5.109797764215547,52.34368318294592],[5.109699900045505,52.343632951639165]]],[[[5.086750541990847,52.346662153580674],[5.088319517297098,52.34738659427067],[5.088376393719089,52.34728947078555],[5.086947676458857,52.34657612067305],[5.081051524368353,52.34546274293166],[5.079635147664102,52.34446475705345],[5.080818851975037,52.34568937584807],[5.086750541990847,52.346662153580674]]],[[[5.0676700218284605,52.3652497778172],[5.068523169821515,52.36553177235944],[5.069878530121623,52.365387261455055],[5.070008713728703,52.36423387862067],[5.069258684475656,52.36407724344216],[5.068031300175496,52.36426232993896],[5.0676700218284605,52.3652497778172]]]]},"properties":{"type":"boundary","gemeente":"Gooise Meren","code":"GM1942"}}]}