{"type":"FeatureCollection","metadata":{"gemeente":"Haarlemmermeer","slug":"haarlemmermeer","code":"GM0394","generated_at":"2026-08-08T12:05:52.020Z","total_passenger":726,"total_freight":9,"bounds":[4.550469762324709,52.214476171998044,4.819061389651349,52.43333626450937],"operators":["50five","Allego","Alva Charging Services","ChargePoint","DAEN Mobility","E-Flux by Road","Eneco","Fastned","Greenchoice B.V.","IPCharging","Laadnet","Laadpaal24","Lidl","NXT Charging Solutions","NXT50Five","Opcharge","Pluq","PowerGo","PureCharged","Q-Park Netherlands","Shell Recharge","Spirii","Streetplug","Tesla","TotalEnergies","Ubitricity","Valk Energy","Van Leeuwen","Vattenfall InCharge","bp pulse","e-VOLTT"]},"features":[{"type":"Feature","geometry":{"type":"Point","coordinates":[4.714819,52.292356]},"properties":{"type":"charge","layer":"passenger","locationId":"03d4df66-74b3-4ea8-a3a9-bc291cbd7d23","name":"bp pulse Hoofddorp","address":"Kruisweg 450","city":"Hoofddorp","operatorName":"bp pulse","maxPowerKw":150,"isMegawatt":false,"status":"AVAILABLE","source":"ndw","priceKwh":0.7}},{"type":"Feature","geometry":{"type":"Point","coordinates":[4.631926,52.265793]},"properties":{"type":"charge","layer":"passenger","locationId":"68339CD3-F29F-4BAD-A455-0A8073A3AFF4","name":"TNLP015326 - Venneperweg 509, Nieuw-Vennep","address":"509 Venneperweg","city":"Nieuw-Vennep","operatorName":"TotalEnergies","maxPowerKw":13,"isMegawatt":false,"status":"AVAILABLE","source":"ndw"}},{"type":"Feature","geometry":{"type":"Point","coordinates":[4.703837,52.289047]},"properties":{"type":"charge","layer":"passenger","locationId":"923019","name":"P83 DAE_NL_2000951","address":"Taurusavenue 133","city":"Hoofddorp","operatorName":"DAEN Mobility","maxPowerKw":22,"isMegawatt":false,"status":"AVAILABLE","source":"ndw","priceKwh":0.36}},{"type":"Feature","geometry":{"type":"Point","coordinates":[4.778291,52.345543]},"properties":{"type":"charge","layer":"passenger","locationId":"9A7715C2-4F64-422F-9D5D-ECF1A1358775","name":"TNLP007852 - Geraniumlaan 67, Badhoevedorp","address":"67 Geraniumlaan","city":"Badhoevedorp","operatorName":"TotalEnergies","maxPowerKw":15,"isMegawatt":false,"status":"CHARGING","source":"ndw"}},{"type":"Feature","geometry":{"type":"Point","coordinates":[4.659834,52.30644]},"properties":{"type":"charge","layer":"passenger","locationId":"F312AAE8-F5D6-41CB-8530-7566426F889B","name":"TNLP015450 - Carolineburg 1, Hoofddorp","address":"1 Carolineburg","city":"Hoofddorp","operatorName":"TotalEnergies","maxPowerKw":13,"isMegawatt":false,"status":"AVAILABLE","source":"ndw"}},{"type":"Feature","geometry":{"type":"Point","coordinates":[4.725565,52.28972]},"properties":{"type":"charge","layer":"passenger","locationId":"C0962D26-A7D3-46AB-A635-5FCC2F7FFD53","name":"Eneco eMobility Hotel NH Schiphol Airport","address":"Kruisweg 495","city":"Hoofddorp","operatorName":"Eneco","maxPowerKw":11,"isMegawatt":false,"status":"AVAILABLE","source":"ndw","priceKwh":0.45}},{"type":"Feature","geometry":{"type":"Point","coordinates":[4.728911,52.281222]},"properties":{"type":"charge","layer":"passenger","locationId":"9DE2172D-1D13-44B6-BA28-65E90A6C9820","name":"Eneco eMobility Transdev - Rozenburg - Mactanweg","address":"mactanweg 1","city":"Rozenburg","operatorName":"Eneco","maxPowerKw":11,"isMegawatt":false,"status":"AVAILABLE","source":"ndw","priceKwh":0.45}},{"type":"Feature","geometry":{"type":"Point","coordinates":[4.756881,52.350857]},"properties":{"type":"charge","layer":"passenger","locationId":"91150537","name":"50five-S NL 04002246","address":"Hoofdweg 69g","city":"Lijnden","operatorName":"50five","maxPowerKw":7,"isMegawatt":false,"status":"AVAILABLE","source":"ndw"}},{"type":"Feature","geometry":{"type":"Point","coordinates":[4.648504,52.319357]},"properties":{"type":"charge","layer":"passenger","locationId":"90823718","name":"Van Leeuwen thuis","address":"De Vleyen 23","city":"Hoofddorp","operatorName":"Van Leeuwen","maxPowerKw":11,"isMegawatt":false,"status":"AVAILABLE","source":"ndw"}},{"type":"Feature","geometry":{"type":"Point","coordinates":[4.642271,52.301003]},"properties":{"type":"charge","layer":"passenger","locationId":"8DEA49BC-F1BD-47CB-ADB3-569C8A5E5C5C","name":"PP005444 - Stanislas 27, Hoofddorp","address":"27 Stanislas","city":"Hoofddorp","operatorName":"TotalEnergies","maxPowerKw":13,"isMegawatt":false,"status":"AVAILABLE","source":"ndw"}},{"type":"Feature","geometry":{"type":"Point","coordinates":[4.64184,52.273453]},"properties":{"type":"charge","layer":"passenger","locationId":"922617","name":"DAE-NL-2000050","address":"Seoellaan 16","city":"Nieuw Vennep","operatorName":"DAEN Mobility","maxPowerKw":11,"isMegawatt":false,"status":"CHARGING","source":"ndw","priceKwh":0.28}},{"type":"Feature","geometry":{"type":"Point","coordinates":[4.644023,52.267791]},"properties":{"type":"charge","layer":"passenger","locationId":"91109025","name":"50five-S NL 09000637","address":"Roggestraat 30","city":"Nieuw-Vennep","operatorName":"50five","maxPowerKw":11,"isMegawatt":false,"status":"AVAILABLE","source":"ndw"}},{"type":"Feature","geometry":{"type":"Point","coordinates":[4.591081,52.236607]},"properties":{"type":"charge","layer":"passenger","locationId":"4675E86D-6700-41A7-B058-82A4E251E257","name":"TNLP007046 - Zilvervloot 11, Abbenes","address":"11 Zilvervloot","city":"Abbenes","operatorName":"TotalEnergies","maxPowerKw":13,"isMegawatt":false,"status":"AVAILABLE","source":"ndw"}},{"type":"Feature","geometry":{"type":"Point","coordinates":[4.753377,52.275818]},"properties":{"type":"charge","layer":"passenger","locationId":"NLENV679","name":"Schiphol, Boeingavenue 333 - Amedia Hotel REVO","address":"Boeingavenue 333","city":"Haarlemmermeer","operatorName":"","maxPowerKw":11,"isMegawatt":false,"status":"AVAILABLE","source":"ndw","priceKwh":0.5}},{"type":"Feature","geometry":{"type":"Point","coordinates":[4.644791,52.30576]},"properties":{"type":"charge","layer":"passenger","locationId":"B05B9E15-C908-48B3-8AAB-E9D749C2F938","name":"TNLP015470 - Baron De Coubertinlaan 2, Hoofddorp","address":"2 Baron De Coubertinlaan","city":"Hoofddorp","operatorName":"TotalEnergies","maxPowerKw":13,"isMegawatt":false,"status":"AVAILABLE","source":"ndw"}},{"type":"Feature","geometry":{"type":"Point","coordinates":[4.810906,52.308503]},"properties":{"type":"charge","layer":"passenger","locationId":"68fb2c3f1102f650c7852ad0","name":"Steigenberger Airport Hotel","address":"Stationsplein ZW 951","city":"Schiphol","operatorName":"E-Flux by Road","maxPowerKw":22,"isMegawatt":false,"status":"AVAILABLE","source":"ndw","priceKwh":0.58}},{"type":"Feature","geometry":{"type":"Point","coordinates":[4.641801,52.297559]},"properties":{"type":"charge","layer":"passenger","locationId":"91068482","name":"50five-S NL 17B05461","address":"IJweg 1251","city":"Hoofddorp","operatorName":"50five","maxPowerKw":11,"isMegawatt":false,"status":"AVAILABLE","source":"ndw"}},{"type":"Feature","geometry":{"type":"Point","coordinates":[4.621633,52.27732]},"properties":{"type":"charge","layer":"passenger","locationId":"240F10B2-DD64-40A2-8A21-E93EB1AC7DE2","name":"PP005600 - Winterpark 60, Nieuw-Vennep","address":"60 Winterpark","city":"Nieuw-Vennep","operatorName":"TotalEnergies","maxPowerKw":13,"isMegawatt":false,"status":"AVAILABLE","source":"ndw"}},{"type":"Feature","geometry":{"type":"Point","coordinates":[4.619052,52.263474]},"properties":{"type":"charge","layer":"passenger","locationId":"AC1E85A7-1587-44F3-B938-B2A18D7B077C","name":"TNLP009792 - Kalslagerring 511, Nieuw-Vennep","address":"511 Kalslagerring","city":"Nieuw-Vennep","operatorName":"TotalEnergies","maxPowerKw":13,"isMegawatt":false,"status":"AVAILABLE","source":"ndw"}},{"type":"Feature","geometry":{"type":"Point","coordinates":[4.64828,52.31404]},"properties":{"type":"charge","layer":"passenger","locationId":"5996DCDE-457B-422C-9684-83682B6F0721","name":"PP004132 - Savelsbos 67, Hoofddorp","address":"67 Savelsbos","city":"Hoofddorp","operatorName":"TotalEnergies","maxPowerKw":13,"isMegawatt":false,"status":"AVAILABLE","source":"ndw"}},{"type":"Feature","geometry":{"type":"Point","coordinates":[4.78126,52.331893]},"properties":{"type":"charge","layer":"passenger","locationId":"ab0d547f-8d0a-4420-a7f3-a87e4d9671d1","name":"Lindberghstraat 40","address":"Lindberghstraat 40","city":"Badhoevedorp","operatorName":"Vattenfall InCharge","maxPowerKw":11,"isMegawatt":false,"status":"AVAILABLE","source":"ndw","priceKwh":0.4316}},{"type":"Feature","geometry":{"type":"Point","coordinates":[4.640659,52.30158]},"properties":{"type":"charge","layer":"passenger","locationId":"4437D810-7003-434F-93B5-3D5DBB72A1DA","name":"TNLP015355 - Hermitage 82, Hoofddorp","address":"82 Hermitage","city":"Hoofddorp","operatorName":"TotalEnergies","maxPowerKw":13,"isMegawatt":false,"status":"AVAILABLE","source":"ndw"}},{"type":"Feature","geometry":{"type":"Point","coordinates":[4.648611,52.338047]},"properties":{"type":"charge","layer":"passenger","locationId":"DB92D03C-BA3A-4764-9265-C0F8CC14F411","name":"TNLP006407 - Holsteinerlaan 20, Cruquius","address":"20 Holsteinerlaan","city":"Cruquius","operatorName":"TotalEnergies","maxPowerKw":13,"isMegawatt":false,"status":"AVAILABLE","source":"ndw"}},{"type":"Feature","geometry":{"type":"Point","coordinates":[4.764689,52.283598]},"properties":{"type":"charge","layer":"passenger","locationId":"91105882","name":"50five-S NL 09102130","address":"Douglassingel 25","city":"Schiphol-Rijk","operatorName":"50five","maxPowerKw":11,"isMegawatt":false,"status":"AVAILABLE","source":"ndw"}},{"type":"Feature","geometry":{"type":"Point","coordinates":[4.653181,52.335636]},"properties":{"type":"charge","layer":"passenger","locationId":"e24d6fff-8044-44e1-bf25-eaac22457e47","name":"TNLP006499 - Oldenburgerlaan 9, Cruquius","address":"9 Oldenburgerlaan","city":"Cruquius","operatorName":"TotalEnergies","maxPowerKw":13,"isMegawatt":false,"status":"AVAILABLE","source":"ndw"}},{"type":"Feature","geometry":{"type":"Point","coordinates":[4.632887,52.26066]},"properties":{"type":"charge","layer":"passenger","locationId":"1A62532A-81AE-46A5-8A96-B72B6E46BD42","name":"TNLP009185 - Spaanse Ruiterpad 42, Nieuw-Vennep","address":"42 Spaanse Ruiterpad","city":"Nieuw-Vennep","operatorName":"TotalEnergies","maxPowerKw":15,"isMegawatt":false,"status":"AVAILABLE","source":"ndw"}},{"type":"Feature","geometry":{"type":"Point","coordinates":[4.681057,52.301266]},"properties":{"type":"charge","layer":"passenger","locationId":"213745B7-D668-4AB6-8CF1-E424AF9472C9","name":"PP005468 - Martin Luther Kingstraat 45, Hoofddorp","address":"45 Martin Luther Kingstraat","city":"Hoofddorp","operatorName":"TotalEnergies","maxPowerKw":13,"isMegawatt":false,"status":"CHARGING","source":"ndw"}},{"type":"Feature","geometry":{"type":"Point","coordinates":[4.753045,52.279065]},"properties":{"type":"charge","layer":"passenger","locationId":"61240975","name":"Van Leeuwen Tupolevlaan 81","address":"Tupolevlaan 81","city":"Schiphol","operatorName":"Van Leeuwen","maxPowerKw":22,"isMegawatt":false,"status":"AVAILABLE","source":"ndw"}},{"type":"Feature","geometry":{"type":"Point","coordinates":[4.677663,52.350323]},"properties":{"type":"charge","layer":"passenger","locationId":"12B93910-2AF9-41EF-8C11-9C40345D3664","name":"TNLP005694 - d'Yserinckweg 1, Vijfhuizen","address":"1 d'Yserinckweg","city":"Vijfhuizen","operatorName":"TotalEnergies","maxPowerKw":13,"isMegawatt":false,"status":"AVAILABLE","source":"ndw"}},{"type":"Feature","geometry":{"type":"Point","coordinates":[4.703837,52.289047]},"properties":{"type":"charge","layer":"passenger","locationId":"923007","name":"P43 DAE_NL_2000463","address":"Taurusavenue 133","city":"Hoofddorp","operatorName":"DAEN Mobility","maxPowerKw":22,"isMegawatt":false,"status":"AVAILABLE","source":"ndw","priceKwh":0.36}},{"type":"Feature","geometry":{"type":"Point","coordinates":[4.753293,52.353721]},"properties":{"type":"charge","layer":"passenger","locationId":"65d461d20b0e21001c3880dc","name":"J Weel BV 52C","address":"Raasdorperweg 52C","city":"Lijnden","operatorName":"E-Flux by Road","maxPowerKw":11,"isMegawatt":false,"status":"AVAILABLE","source":"ndw","priceKwh":0.43}},{"type":"Feature","geometry":{"type":"Point","coordinates":[4.788307,52.292426]},"properties":{"type":"charge","layer":"passenger","locationId":"923128","name":"DAE_NL_2000907","address":"Fokkerpark 300 Gebouw 7B","city":"Oude Meer","operatorName":"DAEN Mobility","maxPowerKw":11,"isMegawatt":false,"status":"AVAILABLE","source":"ndw","priceKwh":0.2}},{"type":"Feature","geometry":{"type":"Point","coordinates":[4.63369,52.274532]},"properties":{"type":"charge","layer":"passenger","locationId":"0cf730d4-15c7-45d3-bca2-e4c85411f0bd","name":"TNLP034088 - Athenelaan 43, Nieuw-Vennep","address":"43 Athenelaan","city":"Nieuw-Vennep","operatorName":"TotalEnergies","maxPowerKw":13,"isMegawatt":false,"status":"CHARGING","source":"ndw"}},{"type":"Feature","geometry":{"type":"Point","coordinates":[4.753324,52.275869]},"properties":{"type":"charge","layer":"passenger","locationId":"91107552","name":"50five-S NL 04000300","address":"Boeing Avenue 333","city":"Schiphol-Rijk","operatorName":"50five","maxPowerKw":7,"isMegawatt":false,"status":"UNAVAILABLE","source":"ndw"}},{"type":"Feature","geometry":{"type":"Point","coordinates":[4.72392,52.289325]},"properties":{"type":"charge","layer":"passenger","locationId":"8f9d7d95-f797-406d-b986-a99abf23615d","name":"Vuursteen","address":"Vuursteen 5","city":"Hoofddorp","operatorName":"Vattenfall InCharge","maxPowerKw":50,"isMegawatt":false,"status":"CHARGING","source":"ndw","priceKwh":0.46}},{"type":"Feature","geometry":{"type":"Point","coordinates":[4.67802,52.409508]},"properties":{"type":"charge","layer":"passenger","locationId":"67C9BD72-ACCE-4067-B906-EC6EA5FFE73B","name":"PP005408 - Molenwerf 47, Spaarndam","address":"47 Molenwerf","city":"Spaarndam","operatorName":"TotalEnergies","maxPowerKw":13,"isMegawatt":false,"status":"AVAILABLE","source":"ndw"}},{"type":"Feature","geometry":{"type":"Point","coordinates":[4.7664571,52.3430432]},"properties":{"type":"charge","layer":"passenger","locationId":"862","name":"Shell Recharge NL dr. Henriette Boasstraat 2","address":"dr. Henriette Boasstraat 2","city":"Badhoevedorp","operatorName":"Ubitricity","maxPowerKw":22,"isMegawatt":false,"status":"AVAILABLE","source":"ndw","priceKwh":0.267}},{"type":"Feature","geometry":{"type":"Point","coordinates":[4.677343,52.341096]},"properties":{"type":"charge","layer":"passenger","locationId":"6812228384311d192bc42acb","name":"Expo Greater Amserdam","address":"Stelling  1","city":"Vijfhuizen","operatorName":"E-Flux by Road","maxPowerKw":11,"isMegawatt":false,"status":"AVAILABLE","source":"ndw","priceKwh":0.68}},{"type":"Feature","geometry":{"type":"Point","coordinates":[4.688296,52.34375]},"properties":{"type":"charge","layer":"passenger","locationId":"NLCPIL7095635","name":"EG RETAIL VIJFHUIZEN 1","address":"400 Vijfhuizerweg","city":"Vijfhuizen","operatorName":"ChargePoint","maxPowerKw":300,"isMegawatt":false,"status":"AVAILABLE","source":"ndw","priceKwh":0.496}},{"type":"Feature","geometry":{"type":"Point","coordinates":[4.663211,52.316536]},"properties":{"type":"charge","layer":"passenger","locationId":"0EC7C8D7-5803-4235-8E22-1E0350A64718","name":"PP005421 - Bervoetsbos 3, Hoofddorp","address":"3 Bervoetsbos","city":"Hoofddorp","operatorName":"TotalEnergies","maxPowerKw":13,"isMegawatt":false,"status":"AVAILABLE","source":"ndw"}},{"type":"Feature","geometry":{"type":"Point","coordinates":[4.704182,52.382536]},"properties":{"type":"charge","layer":"passenger","locationId":"NLCPIL7280635","name":"C1-AMS1-P STATION 4","address":"1 Linieweg","city":"Haarlemmerliede","operatorName":"ChargePoint","maxPowerKw":22,"isMegawatt":false,"status":"AVAILABLE","source":"ndw"}},{"type":"Feature","geometry":{"type":"Point","coordinates":[4.788307,52.292426]},"properties":{"type":"charge","layer":"passenger","locationId":"923108","name":"DAE_NL_2000904","address":"Fokkerpark 300 Gebouw 7B","city":"Oude Meer","operatorName":"DAEN Mobility","maxPowerKw":11,"isMegawatt":false,"status":"AVAILABLE","source":"ndw","priceKwh":0.2}},{"type":"Feature","geometry":{"type":"Point","coordinates":[4.672877,52.29847]},"properties":{"type":"charge","layer":"passenger","locationId":"722f9f63-f6dd-403a-8f6d-1e71395076d1","name":"Marga Klompesingel","address":"Marga Klompesingel 2","city":"Hoofddorp","operatorName":"Vattenfall InCharge","maxPowerKw":11,"isMegawatt":false,"status":"AVAILABLE","source":"ndw","priceKwh":0.4316}},{"type":"Feature","geometry":{"type":"Point","coordinates":[4.707042,52.289234]},"properties":{"type":"charge","layer":"passenger","locationId":"9DE6C1C8-7A88-422B-A184-0F990F76C3E0","name":"Eneco eMobility Taurusavenue 60 Hoofddorp","address":"Taurusavenue 60","city":"Hoofddorp","operatorName":"Eneco","maxPowerKw":22,"isMegawatt":false,"status":"UNAVAILABLE","source":"ndw","priceKwh":0.51}},{"type":"Feature","geometry":{"type":"Point","coordinates":[4.655274,52.324124]},"properties":{"type":"charge","layer":"passenger","locationId":"98A6EA93-F4B3-456E-8B56-87CEB1E0B3B9","name":"Q-Park Hoofddorp Spaarne Gasthuis","address":"Spaarnepoort 2","city":"Hoofddorp","operatorName":"Q-Park Netherlands","maxPowerKw":11,"isMegawatt":false,"status":"AVAILABLE","source":"ndw"}},{"type":"Feature","geometry":{"type":"Point","coordinates":[4.683323,52.293204]},"properties":{"type":"charge","layer":"passenger","locationId":"91180050","name":"50five-S NL Hoofddorp, Opaallaan 25","address":"Opaallaan 25","city":"Hoofddorp","operatorName":"50five","maxPowerKw":11,"isMegawatt":false,"status":"AVAILABLE","source":"ndw"}},{"type":"Feature","geometry":{"type":"Point","coordinates":[4.639028,52.305543]},"properties":{"type":"charge","layer":"passenger","locationId":"47342dab-c9db-4815-b449-7c8d230c0756","name":"Meeuwenstraat 2","address":"Meeuwenstraat 2","city":"Hoofddorp","operatorName":"Vattenfall InCharge","maxPowerKw":11,"isMegawatt":false,"status":"AVAILABLE","source":"ndw","priceKwh":0.4316}},{"type":"Feature","geometry":{"type":"Point","coordinates":[4.6845052,52.4129549]},"properties":{"type":"charge","layer":"passenger","locationId":"932","name":"Shell Recharge NL Dr. W. Nijestraat 8","address":"Dr. W. Nijestraat 8","city":"Spaarndam","operatorName":"Ubitricity","maxPowerKw":22,"isMegawatt":false,"status":"AVAILABLE","source":"ndw","priceKwh":0.267}},{"type":"Feature","geometry":{"type":"Point","coordinates":[4.615289,52.31337]},"properties":{"type":"charge","layer":"passenger","locationId":"1ABDADC4-2078-44B5-976C-8883AE275B2F","name":"PP005055 - Waterschaplaan 17 , Zwaanshoek","address":"17 Waterschaplaan","city":"Zwaanshoek","operatorName":"TotalEnergies","maxPowerKw":13,"isMegawatt":false,"status":"AVAILABLE","source":"ndw"}},{"type":"Feature","geometry":{"type":"Point","coordinates":[4.6567,52.30674]},"properties":{"type":"charge","layer":"passenger","locationId":"220","name":"Shell Recharge NL Doornburg 50","address":"Doornburg 50","city":"Hoofddorp","operatorName":"Ubitricity","maxPowerKw":11,"isMegawatt":false,"status":"AVAILABLE","source":"ndw","priceKwh":0.392}},{"type":"Feature","geometry":{"type":"Point","coordinates":[4.686601,52.310654]},"properties":{"type":"charge","layer":"passenger","locationId":"765a5473-bb23-4ec0-9abc-bde97d14fbd0","name":"PP005343 - Oranjestraat 14, Hoofddorp","address":"14 Oranjestraat","city":"Hoofddorp","operatorName":"TotalEnergies","maxPowerKw":13,"isMegawatt":false,"status":"AVAILABLE","source":"ndw"}},{"type":"Feature","geometry":{"type":"Point","coordinates":[4.666163,52.321204]},"properties":{"type":"charge","layer":"passenger","locationId":"90974834","name":"50five Exploitatie Claus Hotel","address":"Bosweg 15","city":"Hoofddorp","operatorName":"50five","maxPowerKw":11,"isMegawatt":false,"status":"AVAILABLE","source":"ndw"}},{"type":"Feature","geometry":{"type":"Point","coordinates":[4.76856,52.34488]},"properties":{"type":"charge","layer":"passenger","locationId":"35c257625a7daaeb575834f0f3483a8e","name":"Silenestraat 2","address":"Silenestraat 2","city":"Badhoevedorp","operatorName":"Vattenfall InCharge","maxPowerKw":11,"isMegawatt":false,"status":"UNAVAILABLE","source":"ndw","priceKwh":0.2805}},{"type":"Feature","geometry":{"type":"Point","coordinates":[4.693527,52.305067]},"properties":{"type":"charge","layer":"passenger","locationId":"OST20P0044_0012_5","name":"OST20P0044_0012_5","address":"Marktplein 92","city":"Hoofddorp","operatorName":"e-VOLTT","maxPowerKw":11,"isMegawatt":false,"status":"CHARGING","source":"ndw","priceKwh":0.47}},{"type":"Feature","geometry":{"type":"Point","coordinates":[4.703385,52.382277]},"properties":{"type":"charge","layer":"passenger","locationId":"NLCPIL7280685","name":"C1-AMS1-P STATION 2","address":"Linieweg 1","city":"Halfweg","operatorName":"ChargePoint","maxPowerKw":22,"isMegawatt":false,"status":"AVAILABLE","source":"ndw"}},{"type":"Feature","geometry":{"type":"Point","coordinates":[4.788307,52.292426]},"properties":{"type":"charge","layer":"passenger","locationId":"923109","name":"DAE_NL_2000909","address":"Fokkerpark 300 Gebouw 7B","city":"Oude Meer","operatorName":"DAEN Mobility","maxPowerKw":11,"isMegawatt":false,"status":"AVAILABLE","source":"ndw","priceKwh":0.2}},{"type":"Feature","geometry":{"type":"Point","coordinates":[4.720961,52.291067]},"properties":{"type":"charge","layer":"passenger","locationId":"NLENV678","name":"Hoofddorp, Kruisweg 601 - Vienna House REVO","address":"Kruisweg 601","city":"Haarlemmermeer","operatorName":"","maxPowerKw":11,"isMegawatt":false,"status":"AVAILABLE","source":"ndw","priceKwh":0.5}},{"type":"Feature","geometry":{"type":"Point","coordinates":[4.624727,52.28077]},"properties":{"type":"charge","layer":"passenger","locationId":"572D73C9-7247-4405-8BBE-7E19376A4E0A","name":"TNLP008877 - Siciliano 76, Nieuw-Vennep","address":"76 Siciliano","city":"Nieuw-Vennep","operatorName":"TotalEnergies","maxPowerKw":14,"isMegawatt":false,"status":"AVAILABLE","source":"ndw"}},{"type":"Feature","geometry":{"type":"Point","coordinates":[4.67415,52.28787]},"properties":{"type":"charge","layer":"passenger","locationId":"F2B24EBE-8095-4255-8715-2B01CF40C87A","name":"TNLP007670 - Piet de Jongstraat 23, Hoofddorp","address":"23 Piet de Jongstraat","city":"Hoofddorp","operatorName":"TotalEnergies","maxPowerKw":13,"isMegawatt":false,"status":"AVAILABLE","source":"ndw"}},{"type":"Feature","geometry":{"type":"Point","coordinates":[4.71256,52.26233]},"properties":{"type":"charge","layer":"passenger","locationId":"7D903B7C-D572-47EE-B2B3-18B617BA28FF","name":"PP001444 - Tjalkplein 2, Rijsenhout","address":"2 Tjalkplein","city":"Rijsenhout","operatorName":"TotalEnergies","maxPowerKw":11,"isMegawatt":false,"status":"AVAILABLE","source":"ndw"}},{"type":"Feature","geometry":{"type":"Point","coordinates":[4.778781,52.33856]},"properties":{"type":"charge","layer":"passenger","locationId":"8d02f587-e7ae-4604-886a-959b463282ad","name":"BADHOEVEDORP-Lorentzplein","address":"Lorentzplein","city":"Badhoevedorp","operatorName":"Lidl","maxPowerKw":22,"isMegawatt":false,"status":"AVAILABLE","source":"ndw"}},{"type":"Feature","geometry":{"type":"Point","coordinates":[4.691445,52.292759]},"properties":{"type":"charge","layer":"passenger","locationId":"c5915a55-5162-421b-b31b-657d3943a6bd","name":"Graan voor Visch","address":"Graan voor Visch 15801","city":"Hoofddorp","operatorName":"Vattenfall InCharge","maxPowerKw":11,"isMegawatt":false,"status":"UNAVAILABLE","source":"ndw","priceKwh":0.4316}},{"type":"Feature","geometry":{"type":"Point","coordinates":[4.78261,52.28706]},"properties":{"type":"charge","layer":"passenger","locationId":"447","name":"Shell Recharge NL2378 - Shell Fokkerweg","address":"Fokkerweg 185","city":"Oude Meer","operatorName":"Shell Recharge","maxPowerKw":300,"isMegawatt":false,"status":"AVAILABLE","source":"ndw","priceKwh":0.7025}},{"type":"Feature","geometry":{"type":"Point","coordinates":[4.693527,52.305067]},"properties":{"type":"charge","layer":"passenger","locationId":"OST20P0044_0012_0","name":"OST20P0044_0012_0","address":"Marktplein 92","city":"Hoofddorp","operatorName":"e-VOLTT","maxPowerKw":11,"isMegawatt":false,"status":"AVAILABLE","source":"ndw","priceKwh":0.47}},{"type":"Feature","geometry":{"type":"Point","coordinates":[4.696921,52.30344]},"properties":{"type":"charge","layer":"passenger","locationId":"6C154E5E-7B7B-49F2-B903-8179754CCD5C","name":"PP005466 - Kruisweg 969, Hoofddorp","address":"969 Kruisweg","city":"Hoofddorp","operatorName":"TotalEnergies","maxPowerKw":15,"isMegawatt":false,"status":"AVAILABLE","source":"ndw"}},{"type":"Feature","geometry":{"type":"Point","coordinates":[4.6712409,52.3010767]},"properties":{"type":"charge","layer":"passenger","locationId":"1254","name":"Shell Recharge NL Hannie Schafstraat 114","address":"Hannie Schafstraat 114","city":"Hoofddorp","operatorName":"Ubitricity","maxPowerKw":22,"isMegawatt":false,"status":"AVAILABLE","source":"ndw","priceKwh":0.267}},{"type":"Feature","geometry":{"type":"Point","coordinates":[4.662557,52.293378]},"properties":{"type":"charge","layer":"passenger","locationId":"1562f177-b94c-4031-87ae-7b97b1a61a75","name":"Rosa Spierstraat 48","address":"Rosa Spierstraat 48","city":"Hoofddorp","operatorName":"Vattenfall InCharge","maxPowerKw":11,"isMegawatt":false,"status":"UNAVAILABLE","source":"ndw","priceKwh":0.4316}},{"type":"Feature","geometry":{"type":"Point","coordinates":[4.66353,52.29542]},"properties":{"type":"charge","layer":"passenger","locationId":"391156AE-FDE6-469C-959D-E81CEB7815D6","name":"TNLP003534 - Anna Blamanstraat 82, Hoofddorp","address":"82 Anna Blamanstraat","city":"Hoofddorp","operatorName":"TotalEnergies","maxPowerKw":17,"isMegawatt":false,"status":"AVAILABLE","source":"ndw"}},{"type":"Feature","geometry":{"type":"Point","coordinates":[4.661776,52.311059]},"properties":{"type":"charge","layer":"passenger","locationId":"0793d6bc-5a07-455e-9717-3f5ab41e6649","name":"Ijweg 1100","address":"Ijweg 1100","city":"Hoofddorp","operatorName":"Vattenfall InCharge","maxPowerKw":11,"isMegawatt":false,"status":"AVAILABLE","source":"ndw","priceKwh":0.4316}},{"type":"Feature","geometry":{"type":"Point","coordinates":[4.571449,52.258277]},"properties":{"type":"charge","layer":"passenger","locationId":"0b120e8036295d9625e44debd8094e6e","name":"Muntstraat 204","address":"Muntstraat 204","city":"Lisserbroek","operatorName":"Vattenfall InCharge","maxPowerKw":11,"isMegawatt":false,"status":"AVAILABLE","source":"ndw","priceKwh":0.2805}},{"type":"Feature","geometry":{"type":"Point","coordinates":[4.772062,52.333565]},"properties":{"type":"charge","layer":"passenger","locationId":"NLENV105","name":"Badhoevedorp, Sloterweg 299 - Ramada by Wyndham REVO","address":"Sloterweg 299","city":"Badhoevedorp","operatorName":"","maxPowerKw":11,"isMegawatt":false,"status":"AVAILABLE","source":"ndw","priceKwh":0.5}},{"type":"Feature","geometry":{"type":"Point","coordinates":[4.65449,52.31617]},"properties":{"type":"charge","layer":"passenger","locationId":"2b675286aef021f231f777256586aeab","name":"Weerterbos 30","address":"Weerterbos 30","city":"Hoofddorp","operatorName":"Vattenfall InCharge","maxPowerKw":11,"isMegawatt":false,"status":"AVAILABLE","source":"ndw","priceKwh":0.2805}},{"type":"Feature","geometry":{"type":"Point","coordinates":[4.746678,52.384952]},"properties":{"type":"charge","layer":"passenger","locationId":"61967c05bf76d6f9c4b70c66","name":"Sugar City","address":"Kristalpromonade 7","city":"Halfweg","operatorName":"E-Flux by Road","maxPowerKw":22,"isMegawatt":false,"status":"AVAILABLE","source":"ndw","priceKwh":0.57}},{"type":"Feature","geometry":{"type":"Point","coordinates":[4.716215,52.259594]},"properties":{"type":"charge","layer":"passenger","locationId":"852c70ca-7825-45e2-b073-bc6d08c1bdb7","name":"Boeierstraat","address":"Boeierstraat 1","city":"Rijsenhout","operatorName":"Vattenfall InCharge","maxPowerKw":11,"isMegawatt":false,"status":"UNAVAILABLE","source":"ndw","priceKwh":0.4316}},{"type":"Feature","geometry":{"type":"Point","coordinates":[4.679356,52.409114]},"properties":{"type":"charge","layer":"passenger","locationId":"f8c71885c17b5926376ebf40887d31c4","name":"Ingeland 4","address":"Ingeland 4","city":"Spaarndam","operatorName":"Vattenfall InCharge","maxPowerKw":11,"isMegawatt":false,"status":"CHARGING","source":"ndw","priceKwh":0.2805}},{"type":"Feature","geometry":{"type":"Point","coordinates":[4.771781,52.3345489]},"properties":{"type":"charge","layer":"passenger","locationId":"25818","name":"Basic-Fit 1241 Badhoevedorp Sloterweg (PowerGo)","address":"Sloterweg 301","city":"Badhoevedorp","operatorName":"PowerGo","maxPowerKw":30,"isMegawatt":false,"status":"AVAILABLE","source":"ndw","priceKwh":0.5}},{"type":"Feature","geometry":{"type":"Point","coordinates":[4.755196,52.386395]},"properties":{"type":"charge","layer":"passenger","locationId":"8F0427F0-559A-47A3-B2DB-E7BC2F58174F","name":"TNLP009081 - Wethouder Rijkeboerweg 69, Halfweg","address":"69 Wethouder Rijkeboerweg","city":"Halfweg","operatorName":"TotalEnergies","maxPowerKw":17,"isMegawatt":false,"status":"CHARGING","source":"ndw"}},{"type":"Feature","geometry":{"type":"Point","coordinates":[4.764689,52.283598]},"properties":{"type":"charge","layer":"passenger","locationId":"91107394","name":"50five-S NL 08103658","address":"Douglassingel 25","city":"Schiphol-Rijk","operatorName":"50five","maxPowerKw":11,"isMegawatt":false,"status":"AVAILABLE","source":"ndw"}},{"type":"Feature","geometry":{"type":"Point","coordinates":[4.788307,52.292426]},"properties":{"type":"charge","layer":"passenger","locationId":"923113","name":"DAE_NL_2000908","address":"Fokkerpark 300 Gebouw 7B","city":"Oude Meer","operatorName":"DAEN Mobility","maxPowerKw":11,"isMegawatt":false,"status":"AVAILABLE","source":"ndw","priceKwh":0.2}},{"type":"Feature","geometry":{"type":"Point","coordinates":[4.66492,52.31858]},"properties":{"type":"charge","layer":"passenger","locationId":"230","name":"Shell Recharge NL Dassenbos 87","address":"Dassenbos 87","city":"Hoofddorp","operatorName":"Ubitricity","maxPowerKw":11,"isMegawatt":false,"status":"CHARGING","source":"ndw","priceKwh":0.392}},{"type":"Feature","geometry":{"type":"Point","coordinates":[4.6178432,52.2685954]},"properties":{"type":"charge","layer":"passenger","locationId":"1698","name":"Shell Recharge NL Beethovenlaan 43","address":"Beethovenlaan 43","city":"Nieuw-Vennep","operatorName":"Ubitricity","maxPowerKw":22,"isMegawatt":false,"status":"AVAILABLE","source":"ndw","priceKwh":0.267}},{"type":"Feature","geometry":{"type":"Point","coordinates":[4.67194,52.31196]},"properties":{"type":"charge","layer":"passenger","locationId":"83e2300b0205278e71e1e5d92d01fbf5","name":"Bandholm 39","address":"Bandholm 39","city":"Hoofddorp","operatorName":"Vattenfall InCharge","maxPowerKw":11,"isMegawatt":false,"status":"AVAILABLE","source":"ndw","priceKwh":0.2805}},{"type":"Feature","geometry":{"type":"Point","coordinates":[4.789063,52.295219]},"properties":{"type":"charge","layer":"passenger","locationId":"91229313","name":"50five-S NL 03990350","address":"Fokkerweg 300","city":"Oude Meer","operatorName":"50five","maxPowerKw":4,"isMegawatt":false,"status":"AVAILABLE","source":"ndw"}},{"type":"Feature","geometry":{"type":"Point","coordinates":[4.685032,52.258607]},"properties":{"type":"charge","layer":"passenger","locationId":"71","name":"Shell Recharge NL7974 - Shell Den Ruygenhoek","address":"Rijksweg A4 Oz 1, 2132 MA","city":"Rijsenhout","operatorName":"Shell Recharge","maxPowerKw":175,"isMegawatt":false,"status":"AVAILABLE","source":"ndw","priceKwh":0.7025}},{"type":"Feature","geometry":{"type":"Point","coordinates":[4.714204,52.384745]},"properties":{"type":"charge","layer":"passenger","locationId":"91276236","name":"50five-S NL 18B15402","address":"Haarlemmerstraatweg 149","city":"Halfweg","operatorName":"50five","maxPowerKw":22,"isMegawatt":false,"status":"AVAILABLE","source":"ndw"}},{"type":"Feature","geometry":{"type":"Point","coordinates":[4.718256,52.260866]},"properties":{"type":"charge","layer":"passenger","locationId":"948de970-fd55-4b4c-9103-9bf47c1145f8","name":"TNLP034602","address":"Loefzijde 56","city":"Rijsenhout","operatorName":"TotalEnergies","maxPowerKw":14,"isMegawatt":false,"status":"AVAILABLE","source":"ndw"}},{"type":"Feature","geometry":{"type":"Point","coordinates":[4.74042,52.386615]},"properties":{"type":"charge","layer":"passenger","locationId":"8f92f883-b858-4c5b-a9ee-b1c1f3262230","name":"bp pulse Halfweg","address":"Oude Haarlemmerstraatweg 5","city":"Halfweg","operatorName":"bp pulse","maxPowerKw":150,"isMegawatt":false,"status":"AVAILABLE","source":"ndw","priceKwh":0.7}},{"type":"Feature","geometry":{"type":"Point","coordinates":[4.70036,52.30745]},"properties":{"type":"charge","layer":"passenger","locationId":"173","name":"Shell Recharge NL Wieger Bruinlaan 78","address":"Wieger Bruinlaan 78","city":"Hoofddorp","operatorName":"Ubitricity","maxPowerKw":11,"isMegawatt":false,"status":"AVAILABLE","source":"ndw","priceKwh":0.392}},{"type":"Feature","geometry":{"type":"Point","coordinates":[4.646717,52.257576]},"properties":{"type":"charge","layer":"passenger","locationId":"667e60aec8294d001cad4aa2","name":"Stal 't Kabel","address":"'t Kabel 107 A","city":"Nieuw-Vennep","operatorName":"Pluq","maxPowerKw":22,"isMegawatt":false,"status":"AVAILABLE","source":"ndw","priceKwh":0.49}},{"type":"Feature","geometry":{"type":"Point","coordinates":[4.719686,52.291486]},"properties":{"type":"charge","layer":"passenger","locationId":"69dcbc81610aea7694f58a0b","name":"The Florian","address":"Kruisweg 609","city":"Hoofddorp","operatorName":"E-Flux by Road","maxPowerKw":22,"isMegawatt":false,"status":"AVAILABLE","source":"ndw","priceKwh":0.78}},{"type":"Feature","geometry":{"type":"Point","coordinates":[4.670314,52.30756]},"properties":{"type":"charge","layer":"passenger","locationId":"E0F5E7DC-A593-4BDF-A410-47B32924EA3A","name":"PP005579 - Birkholm 220, Hoofddorp","address":"220 Birkholm","city":"Hoofddorp","operatorName":"TotalEnergies","maxPowerKw":13,"isMegawatt":false,"status":"AVAILABLE","source":"ndw"}},{"type":"Feature","geometry":{"type":"Point","coordinates":[4.66562,52.30973]},"properties":{"type":"charge","layer":"passenger","locationId":"678","name":"Shell Recharge NL Sparresholm 32","address":"Sparresholm 32","city":"Hoofddorp","operatorName":"Ubitricity","maxPowerKw":11,"isMegawatt":false,"status":"AVAILABLE","source":"ndw","priceKwh":0.392}},{"type":"Feature","geometry":{"type":"Point","coordinates":[4.65658,52.32274]},"properties":{"type":"charge","layer":"passenger","locationId":"1658","name":"Shell Recharge NL Waddenweg 293","address":"Waddenweg 293","city":"Haarlemmermeer","operatorName":"Ubitricity","maxPowerKw":11,"isMegawatt":false,"status":"AVAILABLE","source":"ndw","priceKwh":0.392}},{"type":"Feature","geometry":{"type":"Point","coordinates":[4.703837,52.289047]},"properties":{"type":"charge","layer":"passenger","locationId":"922997","name":"P92 DAE_NL_2000481","address":"Taurusavenue 133","city":"Hoofddorp","operatorName":"DAEN Mobility","maxPowerKw":22,"isMegawatt":false,"status":"AVAILABLE","source":"ndw","priceKwh":0.36}},{"type":"Feature","geometry":{"type":"Point","coordinates":[4.64363,52.31528]},"properties":{"type":"charge","layer":"passenger","locationId":"652","name":"Shell Recharge NL Vliehors 46","address":"Vliehors 46","city":"Hoofddorp","operatorName":"Ubitricity","maxPowerKw":11,"isMegawatt":false,"status":"AVAILABLE","source":"ndw","priceKwh":0.392}},{"type":"Feature","geometry":{"type":"Point","coordinates":[4.703837,52.289047]},"properties":{"type":"charge","layer":"passenger","locationId":"923008","name":"P44 DAE_NL_2000464","address":"Taurusavenue 133","city":"Hoofddorp","operatorName":"DAEN Mobility","maxPowerKw":22,"isMegawatt":false,"status":"AVAILABLE","source":"ndw","priceKwh":0.36}},{"type":"Feature","geometry":{"type":"Point","coordinates":[4.634936,52.299069]},"properties":{"type":"charge","layer":"passenger","locationId":"90372855","name":"Streetplug Laadpunt Hof van Gelre","address":"Hof van Gelre 1","city":"Hoofddorp","operatorName":"Streetplug","maxPowerKw":22,"isMegawatt":false,"status":"UNAVAILABLE","source":"ndw"}},{"type":"Feature","geometry":{"type":"Point","coordinates":[4.591018,52.234184]},"properties":{"type":"charge","layer":"passenger","locationId":"A1591829-6FDC-4815-BED9-515624EE04B3","name":"TNLP008292 - Hoofdweg 1764, Abbenes","address":"1764 Hoofdweg","city":"Abbenes","operatorName":"TotalEnergies","maxPowerKw":13,"isMegawatt":false,"status":"AVAILABLE","source":"ndw"}},{"type":"Feature","geometry":{"type":"Point","coordinates":[4.63104,52.330148]},"properties":{"type":"charge","layer":"passenger","locationId":"922703","name":"Intratuin Cruquius (3)","address":"Spaarneweg 251","city":"Cruqius","operatorName":"DAEN Mobility","maxPowerKw":11,"isMegawatt":false,"status":"AVAILABLE","source":"ndw","priceKwh":0.38}},{"type":"Feature","geometry":{"type":"Point","coordinates":[4.57781,52.2552]},"properties":{"type":"charge","layer":"passenger","locationId":"F671829D-920D-456C-809D-A6B91199024F","name":"TNLP006380 - Forsythiastraat 2, Lisserbroek","address":"2 Forsythiastraat","city":"Lisserbroek","operatorName":"TotalEnergies","maxPowerKw":13,"isMegawatt":false,"status":"AVAILABLE","source":"ndw"}},{"type":"Feature","geometry":{"type":"Point","coordinates":[4.63104,52.330148]},"properties":{"type":"charge","layer":"passenger","locationId":"922701","name":"Intratuin Cruquius (1)","address":"Spaarneweg 251","city":"Cruqius","operatorName":"DAEN Mobility","maxPowerKw":11,"isMegawatt":false,"status":"AVAILABLE","source":"ndw","priceKwh":0.43}},{"type":"Feature","geometry":{"type":"Point","coordinates":[4.761563,52.280066]},"properties":{"type":"charge","layer":"passenger","locationId":"3289618","name":"Laadnet Bellsingel","address":"Bellsingel 41","city":"Schiphol-Rijk","operatorName":"Laadnet","maxPowerKw":22,"isMegawatt":false,"status":"AVAILABLE","source":"ndw"}},{"type":"Feature","geometry":{"type":"Point","coordinates":[4.69522,52.298674]},"properties":{"type":"charge","layer":"passenger","locationId":"22ac8ee4-6873-483d-916c-ebc5e96ae1db","name":"Piratenweg","address":"Piratenweg 21","city":"Hoofddorp","operatorName":"Vattenfall InCharge","maxPowerKw":11,"isMegawatt":false,"status":"UNAVAILABLE","source":"ndw","priceKwh":0.4316}},{"type":"Feature","geometry":{"type":"Point","coordinates":[4.64816,52.30501]},"properties":{"type":"charge","layer":"passenger","locationId":"658","name":"Shell Recharge NL Atletiekstraat 34","address":"Atletiekstraat 34","city":"Hoofddorp","operatorName":"Ubitricity","maxPowerKw":11,"isMegawatt":false,"status":"AVAILABLE","source":"ndw","priceKwh":0.392}},{"type":"Feature","geometry":{"type":"Point","coordinates":[4.68014,52.40989]},"properties":{"type":"charge","layer":"passenger","locationId":"649","name":"Shell Recharge NL Rijnland 45","address":"Rijnland 45","city":"Spaarndam","operatorName":"Ubitricity","maxPowerKw":11,"isMegawatt":false,"status":"AVAILABLE","source":"ndw","priceKwh":0.392}},{"type":"Feature","geometry":{"type":"Point","coordinates":[4.643332,52.30748]},"properties":{"type":"charge","layer":"passenger","locationId":"F73AF6B3-9752-44E9-B4DF-F753E9817098","name":"TNLP005823 - Kees Verkerkstraat 12, Hoofddorp","address":"12 Kees Verkerkstraat","city":"Hoofddorp","operatorName":"TotalEnergies","maxPowerKw":13,"isMegawatt":false,"status":"AVAILABLE","source":"ndw"}},{"type":"Feature","geometry":{"type":"Point","coordinates":[4.590818,52.254685]},"properties":{"type":"charge","layer":"passenger","locationId":"91108682","name":"50five-S NL 09001366","address":"Lisserweg 487d","city":"Lisserbroek","operatorName":"50five","maxPowerKw":11,"isMegawatt":false,"status":"AVAILABLE","source":"ndw"}},{"type":"Feature","geometry":{"type":"Point","coordinates":[4.639241,52.260873]},"properties":{"type":"charge","layer":"passenger","locationId":"4234539","name":"Laadnet Klaproosstraat 83","address":"Klaproosstraat 83","city":"Nieuw-Vennep","operatorName":"Laadnet","maxPowerKw":11,"isMegawatt":false,"status":"AVAILABLE","source":"ndw"}},{"type":"Feature","geometry":{"type":"Point","coordinates":[4.649342,52.337673]},"properties":{"type":"charge","layer":"passenger","locationId":"F09E4B5D-7FFD-4DF4-B870-0A67676CE924","name":"TNLP006477 - Holsteinerlaan 1, Cruquius","address":"1 Holsteinerlaan","city":"Cruquius","operatorName":"TotalEnergies","maxPowerKw":13,"isMegawatt":false,"status":"AVAILABLE","source":"ndw"}},{"type":"Feature","geometry":{"type":"Point","coordinates":[4.692371,52.309305]},"properties":{"type":"charge","layer":"passenger","locationId":"923a5422-d883-49a6-8fde-d660530d002c","name":"Schermerstraat 61","address":"Schermerstraat 61","city":"Hoofddorp","operatorName":"Vattenfall InCharge","maxPowerKw":11,"isMegawatt":false,"status":"AVAILABLE","source":"ndw","priceKwh":0.4316}},{"type":"Feature","geometry":{"type":"Point","coordinates":[4.781659,52.285852]},"properties":{"type":"charge","layer":"passenger","locationId":"6855141b04407ae1f1b3d166","name":"AC lader (Bij snellader) (Nieuw)","address":"Fokkerweg 171","city":"Oude Meer","operatorName":"NXT Charging Solutions","maxPowerKw":11,"isMegawatt":false,"status":"AVAILABLE","source":"ndw","priceKwh":0.58}},{"type":"Feature","geometry":{"type":"Point","coordinates":[4.648421,52.264905]},"properties":{"type":"charge","layer":"passenger","locationId":"6a637b47d851af9c2c5b0e10","name":"2Achieve B.V.","address":"Boekweitstraat 23","city":"Nieuw-Vennep","operatorName":"E-Flux by Road","maxPowerKw":22,"isMegawatt":false,"status":"AVAILABLE","source":"ndw","priceKwh":0.55}},{"type":"Feature","geometry":{"type":"Point","coordinates":[4.809174,52.307209]},"properties":{"type":"charge","layer":"passenger","locationId":"69a6e409f30e93c2a25ac0e6","name":"SPL-O Hoofdentree","address":"Stationsplein-ZW 1001","city":"Schiphol","operatorName":"E-Flux by Road","maxPowerKw":22,"isMegawatt":false,"status":"AVAILABLE","source":"ndw","priceKwh":0.2584}},{"type":"Feature","geometry":{"type":"Point","coordinates":[4.702973,52.307807]},"properties":{"type":"charge","layer":"passenger","locationId":"d2ac396e7a1887a50ddf220e12ef274b","name":"Bertus van Lierplantsoen 19","address":"Bertus van Lierplantsoen 19","city":"Hoofddorp","operatorName":"Vattenfall InCharge","maxPowerKw":11,"isMegawatt":false,"status":"AVAILABLE","source":"ndw","priceKwh":0.2805}},{"type":"Feature","geometry":{"type":"Point","coordinates":[4.691066,52.306595]},"properties":{"type":"charge","layer":"passenger","locationId":"ABD9FBB5-97AD-4981-B7EB-1A359C855269","name":"TNLP003514 - Kruisweg 1023, Hoofddorp","address":"1023 Kruisweg","city":"Hoofddorp","operatorName":"TotalEnergies","maxPowerKw":17,"isMegawatt":false,"status":"AVAILABLE","source":"ndw"}},{"type":"Feature","geometry":{"type":"Point","coordinates":[4.67308,52.28793]},"properties":{"type":"charge","layer":"passenger","locationId":"fd80efcd4b8d00862fc51463a6e3df43","name":"Barend Biesheuvelstraat 10","address":"Barend Biesheuvelstraat 10","city":"Hoofddorp","operatorName":"Vattenfall InCharge","maxPowerKw":11,"isMegawatt":false,"status":"CHARGING","source":"ndw","priceKwh":0.2805}},{"type":"Feature","geometry":{"type":"Point","coordinates":[4.63666,52.304283]},"properties":{"type":"charge","layer":"passenger","locationId":"2351A6D6-DD7B-4229-8A00-DA113BD16F7A","name":"TNLP008751 - Van Kootenstraat 44, Hoofddorp","address":"44 Van Kootenstraat","city":"Hoofddorp","operatorName":"TotalEnergies","maxPowerKw":14,"isMegawatt":false,"status":"AVAILABLE","source":"ndw"}},{"type":"Feature","geometry":{"type":"Point","coordinates":[4.788307,52.292426]},"properties":{"type":"charge","layer":"passenger","locationId":"923127","name":"DAE_NL_2000905_7A","address":"Fokkerpark 300 Gebouw 7B","city":"Oude Meer","operatorName":"DAEN Mobility","maxPowerKw":11,"isMegawatt":false,"status":"AVAILABLE","source":"ndw","priceKwh":0.2}},{"type":"Feature","geometry":{"type":"Point","coordinates":[4.66887,52.30572]},"properties":{"type":"charge","layer":"passenger","locationId":"1561","name":"Shell Recharge NL Lindholm 17","address":"Lindholm 17","city":"Haarlemmermeer","operatorName":"Ubitricity","maxPowerKw":11,"isMegawatt":false,"status":"AVAILABLE","source":"ndw","priceKwh":0.392}},{"type":"Feature","geometry":{"type":"Point","coordinates":[4.716737,52.292793]},"properties":{"type":"charge","layer":"passenger","locationId":"7966e6725fdf421994e9","name":"Hoofddorp Bechtle","address":"Kruisweg 661","city":"Hoofddorp","operatorName":"Opcharge","maxPowerKw":22,"isMegawatt":false,"status":"AVAILABLE","source":"ndw","priceKwh":0.49}},{"type":"Feature","geometry":{"type":"Point","coordinates":[4.693527,52.305067]},"properties":{"type":"charge","layer":"passenger","locationId":"OST20P0044_0012_1","name":"OST20P0044_0012_1","address":"Markplein 92","city":"Hoofddorp","operatorName":"e-VOLTT","maxPowerKw":11,"isMegawatt":false,"status":"CHARGING","source":"ndw","priceKwh":0.47}},{"type":"Feature","geometry":{"type":"Point","coordinates":[4.63328,52.33573]},"properties":{"type":"charge","layer":"passenger","locationId":"519","name":"Shell Recharge NL Oude Spaarneweg 75","address":"Oude Spaarneweg 75","city":"Cruquius","operatorName":"Ubitricity","maxPowerKw":11,"isMegawatt":false,"status":"AVAILABLE","source":"ndw","priceKwh":0.392}},{"type":"Feature","geometry":{"type":"Point","coordinates":[4.664949,52.290437]},"properties":{"type":"charge","layer":"passenger","locationId":"91107361","name":"50five-S NL 08103730","address":"Hoofdweg Oostzijde 865","city":"Hoofddorp","operatorName":"50five","maxPowerKw":11,"isMegawatt":false,"status":"AVAILABLE","source":"ndw"}},{"type":"Feature","geometry":{"type":"Point","coordinates":[4.77598,52.282154]},"properties":{"type":"charge","layer":"passenger","locationId":"91220355","name":"Van Leeuwen Provincie","address":"Aalsmeerderdijk 142","city":"Oude Meer","operatorName":"Van Leeuwen","maxPowerKw":11,"isMegawatt":false,"status":"AVAILABLE","source":"ndw"}},{"type":"Feature","geometry":{"type":"Point","coordinates":[4.703837,52.289047]},"properties":{"type":"charge","layer":"passenger","locationId":"922984","name":"P31 DAE_NL_2000451","address":"Taurusavenue 133","city":"Hoofddorp","operatorName":"DAEN Mobility","maxPowerKw":22,"isMegawatt":false,"status":"AVAILABLE","source":"ndw","priceKwh":0.36}},{"type":"Feature","geometry":{"type":"Point","coordinates":[4.693527,52.305067]},"properties":{"type":"charge","layer":"passenger","locationId":"OST20P0044_0012_4","name":"OST20P0044_0012_4","address":"Marktplein 92","city":"Hoofddorp","operatorName":"e-VOLTT","maxPowerKw":11,"isMegawatt":false,"status":"AVAILABLE","source":"ndw","priceKwh":0.47}},{"type":"Feature","geometry":{"type":"Point","coordinates":[4.772151,52.332553]},"properties":{"type":"charge","layer":"passenger","locationId":"923089","name":"DAE_NL_2000883","address":"Sloterweg 288","city":"Badhoevedorp","operatorName":"DAEN Mobility","maxPowerKw":11,"isMegawatt":false,"status":"AVAILABLE","source":"ndw","priceKwh":0.4}},{"type":"Feature","geometry":{"type":"Point","coordinates":[4.729165,52.287536]},"properties":{"type":"charge","layer":"passenger","locationId":"632193e02cd767e6c10ad63c","name":"Rozenburg","address":"Kruisweg 471","city":"Rozenburg","operatorName":"Alva Charging Services","maxPowerKw":75,"isMegawatt":false,"status":"UNAVAILABLE","source":"ndw","priceKwh":0.668}},{"type":"Feature","geometry":{"type":"Point","coordinates":[4.675141,52.349088]},"properties":{"type":"charge","layer":"passenger","locationId":"671f703ec8b277001c618395","name":"'t Groenehof Vijfhuizen","address":"Kromme Spieringweg 488","city":"Vijfhuizen","operatorName":"PureCharged","maxPowerKw":22,"isMegawatt":false,"status":"AVAILABLE","source":"ndw","priceKwh":0.53}},{"type":"Feature","geometry":{"type":"Point","coordinates":[4.61997,52.27095]},"properties":{"type":"charge","layer":"passenger","locationId":"376","name":"Shell Recharge NL Handelplein 3","address":"Handelplein 3","city":"Nieuw-Vennep","operatorName":"Ubitricity","maxPowerKw":11,"isMegawatt":false,"status":"AVAILABLE","source":"ndw","priceKwh":0.392}},{"type":"Feature","geometry":{"type":"Point","coordinates":[4.731651,52.377643]},"properties":{"type":"charge","layer":"passenger","locationId":"03ab3517-a4b2-462e-a6a9-0ed30f3334e7","name":"Vierambachten","address":"Vierambachten 51","city":"Zwanenburg","operatorName":"Vattenfall InCharge","maxPowerKw":11,"isMegawatt":false,"status":"UNAVAILABLE","source":"ndw","priceKwh":0.4316}},{"type":"Feature","geometry":{"type":"Point","coordinates":[4.715565,52.385011]},"properties":{"type":"charge","layer":"passenger","locationId":"674ef1172d4b63d9a861dd65","name":"BOB INFRATECHNIEK BV","address":"Haarlemmerstraatweg  121","city":"Halfweg","operatorName":"E-Flux by Road","maxPowerKw":17,"isMegawatt":false,"status":"AVAILABLE","source":"ndw","priceKwh":0.83}},{"type":"Feature","geometry":{"type":"Point","coordinates":[4.713771,52.295497]},"properties":{"type":"charge","layer":"passenger","locationId":"NLENV204","name":"Hoofddorp, Bloemlaan 4","address":"Bloemlaan 4","city":"Haarlemmermeer","operatorName":"","maxPowerKw":22,"isMegawatt":false,"status":"AVAILABLE","source":"ndw","priceKwh":0.5}},{"type":"Feature","geometry":{"type":"Point","coordinates":[4.666153,52.31399]},"properties":{"type":"charge","layer":"passenger","locationId":"0b2bf1d1-0982-4618-bc68-d72cf2db9c64","name":"Oksholm","address":"Oksholm 52","city":"Hoofddorp","operatorName":"Vattenfall InCharge","maxPowerKw":22,"isMegawatt":false,"status":"AVAILABLE","source":"ndw","priceKwh":0.4316}},{"type":"Feature","geometry":{"type":"Point","coordinates":[4.6098756,52.2637123]},"properties":{"type":"charge","layer":"passenger","locationId":"1699","name":"Shell Recharge NL Bramerveld 13","address":"Bramerveld 13","city":"Nieuw-Vennep","operatorName":"Ubitricity","maxPowerKw":22,"isMegawatt":false,"status":"AVAILABLE","source":"ndw","priceKwh":0.267}},{"type":"Feature","geometry":{"type":"Point","coordinates":[4.623024,52.271768]},"properties":{"type":"charge","layer":"passenger","locationId":"1bfb3366-3369-4ede-9484-5632333a5cd7","name":"Capricciolaan","address":"Capricciolaan 83","city":"NIEUW-VENNEP","operatorName":"Vattenfall InCharge","maxPowerKw":11,"isMegawatt":false,"status":"AVAILABLE","source":"ndw","priceKwh":0.4316}},{"type":"Feature","geometry":{"type":"Point","coordinates":[4.703735,52.382256]},"properties":{"type":"charge","layer":"passenger","locationId":"NLCPIL7280655","name":"C1-AMS1-P STATION 1","address":"Linieweg 1","city":"Halfweg","operatorName":"ChargePoint","maxPowerKw":22,"isMegawatt":false,"status":"AVAILABLE","source":"ndw"}},{"type":"Feature","geometry":{"type":"Point","coordinates":[4.676119,52.290196]},"properties":{"type":"charge","layer":"passenger","locationId":"3968986","name":"Laadnet Sky Logistics BV","address":"Henri Wenckebachdreef 2","city":"Hoofddorp","operatorName":"Laadnet","maxPowerKw":22,"isMegawatt":false,"status":"AVAILABLE","source":"ndw"}},{"type":"Feature","geometry":{"type":"Point","coordinates":[4.63234,52.26753]},"properties":{"type":"charge","layer":"passenger","locationId":"702","name":"Shell Recharge NL Van Bemmelenstraat 4","address":"Van Bemmelenstraat 4","city":"Nieuw-Vennep","operatorName":"Ubitricity","maxPowerKw":11,"isMegawatt":false,"status":"AVAILABLE","source":"ndw","priceKwh":0.392}},{"type":"Feature","geometry":{"type":"Point","coordinates":[4.767959,52.344723]},"properties":{"type":"charge","layer":"passenger","locationId":"563FEC01-F2A0-4001-95A3-79AF238BF506","name":"TNLP007734 - Silenestraat 5, Badhoevedorp","address":"5 Silenestraat","city":"Badhoevedorp","operatorName":"TotalEnergies","maxPowerKw":13,"isMegawatt":false,"status":"AVAILABLE","source":"ndw"}},{"type":"Feature","geometry":{"type":"Point","coordinates":[4.770267,52.343928]},"properties":{"type":"charge","layer":"passenger","locationId":"91064103","name":"50five-S NL 17B14706","address":"Wilgenroos 1","city":"Haarlemmermeer","operatorName":"50five","maxPowerKw":11,"isMegawatt":false,"status":"CHARGING","source":"ndw"}},{"type":"Feature","geometry":{"type":"Point","coordinates":[4.638397,52.300344]},"properties":{"type":"charge","layer":"passenger","locationId":"211d90ea-d5a2-4f1f-a262-5611c26cb5f4","name":"San Marco 1","address":"San Marco 1","city":"Hoofddorp","operatorName":"Vattenfall InCharge","maxPowerKw":11,"isMegawatt":false,"status":"AVAILABLE","source":"ndw","priceKwh":0.4316}},{"type":"Feature","geometry":{"type":"Point","coordinates":[4.682443,52.345432]},"properties":{"type":"charge","layer":"passenger","locationId":"7D005BD0-C6FC-4025-BF36-38F11E79C53C","name":"TNLP005840 - Floriadepark 40, Vijfhuizen","address":"40 Floriadepark","city":"Vijfhuizen","operatorName":"TotalEnergies","maxPowerKw":13,"isMegawatt":false,"status":"AVAILABLE","source":"ndw"}},{"type":"Feature","geometry":{"type":"Point","coordinates":[4.750873,52.278917]},"properties":{"type":"charge","layer":"passenger","locationId":"F29E2E96-0D80-4A26-8D41-C55463334C27","name":"Eneco eMobility AAVest B.V.","address":"Boeing Avenue 8","city":"Schiphol-Rijk","operatorName":"Eneco","maxPowerKw":11,"isMegawatt":false,"status":"AVAILABLE","source":"ndw","priceKwh":0.44}},{"type":"Feature","geometry":{"type":"Point","coordinates":[4.710798,52.291273]},"properties":{"type":"charge","layer":"passenger","locationId":"91105983","name":"50five-S NL ICUCOMPACT002296","address":"Siriusdreef 10","city":"Hoofddorp","operatorName":"50five","maxPowerKw":11,"isMegawatt":false,"status":"UNAVAILABLE","source":"ndw"}},{"type":"Feature","geometry":{"type":"Point","coordinates":[4.634265,52.334248]},"properties":{"type":"charge","layer":"passenger","locationId":"91109478","name":"50five-S NL 04002213","address":"Spaarneweg 14","city":"Cruquius","operatorName":"50five","maxPowerKw":7,"isMegawatt":false,"status":"AVAILABLE","source":"ndw"}},{"type":"Feature","geometry":{"type":"Point","coordinates":[4.747369,52.355957]},"properties":{"type":"charge","layer":"passenger","locationId":"63e4beab7013f70012003c5f","name":"Lijnden 180 Kwh lader 2","address":"Raasdorperweg 86","city":"Lijnden","operatorName":"E-Flux by Road","maxPowerKw":180,"isMegawatt":false,"status":"AVAILABLE","source":"ndw","priceKwh":0.62}},{"type":"Feature","geometry":{"type":"Point","coordinates":[4.686668,52.289855]},"properties":{"type":"charge","layer":"passenger","locationId":"2120454","name":"Laadnet Autobedrijf Nieuwendijk Hoofddorp B.V.","address":"Parellaan 11","city":"Hoofddorp","operatorName":"Laadnet","maxPowerKw":22,"isMegawatt":false,"status":"AVAILABLE","source":"ndw"}},{"type":"Feature","geometry":{"type":"Point","coordinates":[4.763941,52.34263]},"properties":{"type":"charge","layer":"passenger","locationId":"668D3F02-B50E-4774-9FD8-9A680124F434","name":"Eneco eMobility ASR Dutch Core Residential Fund Bienvenue","address":"Professor Johanna Westerdijkstraat 126","city":"Badhoevedorp","operatorName":"Eneco","maxPowerKw":11,"isMegawatt":false,"status":"AVAILABLE","source":"ndw","priceKwh":0.32}},{"type":"Feature","geometry":{"type":"Point","coordinates":[4.788063,52.340147]},"properties":{"type":"charge","layer":"passenger","locationId":"91149044","name":"50five-S NL 07115110","address":"Pelikaanstraat 7","city":"Badhoevedorp","operatorName":"50five","maxPowerKw":14,"isMegawatt":false,"status":"AVAILABLE","source":"ndw"}},{"type":"Feature","geometry":{"type":"Point","coordinates":[4.703837,52.289047]},"properties":{"type":"charge","layer":"passenger","locationId":"922992","name":"P95 DAE_NL_2000484","address":"Taurusavenue 133","city":"Hoofddorp","operatorName":"DAEN Mobility","maxPowerKw":22,"isMegawatt":false,"status":"AVAILABLE","source":"ndw","priceKwh":0.36}},{"type":"Feature","geometry":{"type":"Point","coordinates":[4.6268479,52.2616888]},"properties":{"type":"charge","layer":"passenger","locationId":"1421","name":"Shell Recharge NL Zuiderdreef 5","address":"Zuiderdreef 5","city":"Nieuw-Vennep","operatorName":"Ubitricity","maxPowerKw":22,"isMegawatt":false,"status":"AVAILABLE","source":"ndw","priceKwh":0.267}},{"type":"Feature","geometry":{"type":"Point","coordinates":[4.69818,52.29348]},"properties":{"type":"charge","layer":"passenger","locationId":"df652bdd9a664bb48a88e27c95ecdb41","name":"Hoofddorp Square Four","address":"Mercuriusplein","city":"Hoofddorp","operatorName":"Opcharge","maxPowerKw":22,"isMegawatt":false,"status":"AVAILABLE","source":"ndw","priceKwh":0.49}},{"type":"Feature","geometry":{"type":"Point","coordinates":[4.67681,52.31181]},"properties":{"type":"charge","layer":"passenger","locationId":"1496","name":"Shell Recharge NL Engelsholm 140","address":"Engelsholm 140","city":"Haarlemmermeer","operatorName":"Ubitricity","maxPowerKw":11,"isMegawatt":false,"status":"AVAILABLE","source":"ndw","priceKwh":0.392}},{"type":"Feature","geometry":{"type":"Point","coordinates":[4.76734,52.348782]},"properties":{"type":"charge","layer":"passenger","locationId":"4086085","name":"Laadnet RéVé Vastgoed BV","address":"Melbournestraat 3","city":"Lijnden","operatorName":"Laadnet","maxPowerKw":22,"isMegawatt":false,"status":"AVAILABLE","source":"ndw"}},{"type":"Feature","geometry":{"type":"Point","coordinates":[4.7042637,52.3042335]},"properties":{"type":"charge","layer":"passenger","locationId":"407","name":"Shell Recharge NL van den Berghlaan 259","address":"van den Berghlaan 259","city":"Hoofddorp","operatorName":"Ubitricity","maxPowerKw":11,"isMegawatt":false,"status":"CHARGING","source":"ndw","priceKwh":0.392}},{"type":"Feature","geometry":{"type":"Point","coordinates":[4.696852,52.30042]},"properties":{"type":"charge","layer":"passenger","locationId":"NLLOC001219","name":"NLD, Hoofddorp, Raadhuisplein 3","address":"Raadhuisplein 3","city":"Hoofddorp","operatorName":"Allego","maxPowerKw":22,"isMegawatt":false,"status":"AVAILABLE","source":"ndw","priceKwh":0.511}},{"type":"Feature","geometry":{"type":"Point","coordinates":[4.613464,52.265285]},"properties":{"type":"charge","layer":"passenger","locationId":"BBCC63E4-1E11-4279-BAD1-01A8CDC661BE","name":"TNLP015437 - Schubertlaan 22, Nieuw-Vennep","address":"22 Schubertlaan","city":"Nieuw-Vennep","operatorName":"TotalEnergies","maxPowerKw":13,"isMegawatt":false,"status":"AVAILABLE","source":"ndw"}},{"type":"Feature","geometry":{"type":"Point","coordinates":[4.666053,52.2936558]},"properties":{"type":"charge","layer":"passenger","locationId":"1303","name":"Shell Recharge NL Maria Tesselschadelaan 147","address":"Maria Tesselschadelaan 147","city":"Hoofddorp","operatorName":"Ubitricity","maxPowerKw":22,"isMegawatt":false,"status":"AVAILABLE","source":"ndw","priceKwh":0.267}},{"type":"Feature","geometry":{"type":"Point","coordinates":[4.68327,52.31432]},"properties":{"type":"charge","layer":"passenger","locationId":"1556","name":"Shell Recharge NL Landleeuw 5","address":"Landleeuw 5","city":"Haarlemmermeer","operatorName":"Ubitricity","maxPowerKw":11,"isMegawatt":false,"status":"AVAILABLE","source":"ndw","priceKwh":0.392}},{"type":"Feature","geometry":{"type":"Point","coordinates":[4.6671953,52.2895203]},"properties":{"type":"charge","layer":"passenger","locationId":"21243","name":"Basic-Fit 1243 Hoofddorp Toolenburg (PowerGo)","address":"Hoofdweg 871","city":"Hoofddorp","operatorName":"PowerGo","maxPowerKw":30,"isMegawatt":false,"status":"AVAILABLE","source":"ndw","priceKwh":0.5}},{"type":"Feature","geometry":{"type":"Point","coordinates":[4.732599,52.384467]},"properties":{"type":"charge","layer":"passenger","locationId":"91276036","name":"50five-S NL 18B12208","address":"Leeweg 2","city":"Zwanenburg","operatorName":"50five","maxPowerKw":11,"isMegawatt":false,"status":"AVAILABLE","source":"ndw"}},{"type":"Feature","geometry":{"type":"Point","coordinates":[4.76736,52.34864]},"properties":{"type":"charge","layer":"passenger","locationId":"e7e9bc22297a49ef616759661c6ba0cc","name":"Melbournestraat 1","address":"Melbournestraat 1","city":"Lijnden","operatorName":"Vattenfall InCharge","maxPowerKw":22,"isMegawatt":false,"status":"AVAILABLE","source":"ndw","priceKwh":0.38}},{"type":"Feature","geometry":{"type":"Point","coordinates":[4.67445,52.30515]},"properties":{"type":"charge","layer":"passenger","locationId":"DDE92FCA-6F9B-4F44-81A0-3670C27B22FD","name":"PP004083 - Söderblomstraat 261, Hoofddorp","address":"261 Söderblomstraat","city":"Hoofddorp","operatorName":"TotalEnergies","maxPowerKw":13,"isMegawatt":false,"status":"CHARGING","source":"ndw"}},{"type":"Feature","geometry":{"type":"Point","coordinates":[4.788307,52.292426]},"properties":{"type":"charge","layer":"passenger","locationId":"923112","name":"DAE_NL_2000906_7A","address":"Fokkerpark 300 Gebouw 7B","city":"Oude Meer","operatorName":"DAEN Mobility","maxPowerKw":11,"isMegawatt":false,"status":"AVAILABLE","source":"ndw","priceKwh":0.2}},{"type":"Feature","geometry":{"type":"Point","coordinates":[4.622279,52.265441]},"properties":{"type":"charge","layer":"passenger","locationId":"611dff29-36ab-4138-898e-35d4249970fa","name":"Sikkelstraat","address":"Sikkelstraat 127","city":"NIEUW-VENNEP","operatorName":"Vattenfall InCharge","maxPowerKw":11,"isMegawatt":false,"status":"AVAILABLE","source":"ndw","priceKwh":0.4316}},{"type":"Feature","geometry":{"type":"Point","coordinates":[4.702359,52.29782]},"properties":{"type":"charge","layer":"passenger","locationId":"OST24P0014_0090_0","name":"OST24P0014_0090_0","address":"Niemeyerstraat 48","city":"Hoofddorp","operatorName":"IPCharging","maxPowerKw":10,"isMegawatt":false,"status":"AVAILABLE","source":"ndw","priceKwh":0.413}},{"type":"Feature","geometry":{"type":"Point","coordinates":[4.748202,52.356212]},"properties":{"type":"charge","layer":"passenger","locationId":"63e4b96902200e0012bab700","name":"Lijnden Bos 4 Openbaar","address":"Raasdorperweg 86","city":"Lijnden","operatorName":"E-Flux by Road","maxPowerKw":22,"isMegawatt":false,"status":"AVAILABLE","source":"ndw","priceKwh":0.52}},{"type":"Feature","geometry":{"type":"Point","coordinates":[4.746454,52.280117]},"properties":{"type":"charge","layer":"passenger","locationId":"9EBBE36B-99FC-440E-A1CC-4E2744F97515","name":"Eneco eMobility Lodewijck Groep BV","address":"Beechavenue 139","city":"Schiphol-Rijk","operatorName":"Eneco","maxPowerKw":22,"isMegawatt":false,"status":"AVAILABLE","source":"ndw","priceKwh":0.45}},{"type":"Feature","geometry":{"type":"Point","coordinates":[4.65911,52.30233]},"properties":{"type":"charge","layer":"passenger","locationId":"643","name":"Shell Recharge NL Redenburgsingel 14","address":"Redenburgsingel 14","city":"Hoofddorp","operatorName":"Ubitricity","maxPowerKw":11,"isMegawatt":false,"status":"CHARGING","source":"ndw","priceKwh":0.392}},{"type":"Feature","geometry":{"type":"Point","coordinates":[4.693527,52.305067]},"properties":{"type":"charge","layer":"passenger","locationId":"OST20P0044_0012_3","name":"OST20P0044_0012_3","address":"Marktplein 92","city":"Hoofddorp","operatorName":"e-VOLTT","maxPowerKw":11,"isMegawatt":false,"status":"AVAILABLE","source":"ndw","priceKwh":0.47}},{"type":"Feature","geometry":{"type":"Point","coordinates":[4.674573,52.243014]},"properties":{"type":"charge","layer":"passenger","locationId":"3289933","name":"Laadnet Looye Kwekers Burgerveen","address":"Venneperweg 63","city":"Burgerveen","operatorName":"Laadnet","maxPowerKw":22,"isMegawatt":false,"status":"AVAILABLE","source":"ndw"}},{"type":"Feature","geometry":{"type":"Point","coordinates":[4.703837,52.289047]},"properties":{"type":"charge","layer":"passenger","locationId":"922993","name":"P36 DAE_NL_2000456","address":"Taurusavenue 133","city":"Hoofddorp","operatorName":"DAEN Mobility","maxPowerKw":22,"isMegawatt":false,"status":"AVAILABLE","source":"ndw","priceKwh":0.36}},{"type":"Feature","geometry":{"type":"Point","coordinates":[4.703837,52.289047]},"properties":{"type":"charge","layer":"passenger","locationId":"922994","name":"P94 DAE_NL_2000483","address":"Taurusavenue 133","city":"Hoofddorp","operatorName":"DAEN Mobility","maxPowerKw":22,"isMegawatt":false,"status":"AVAILABLE","source":"ndw","priceKwh":0.36}},{"type":"Feature","geometry":{"type":"Point","coordinates":[4.645985,52.336605]},"properties":{"type":"charge","layer":"passenger","locationId":"28215FA7-6CBD-4583-9392-9168D8BBA693","name":"TNLP006409 - Berberlaan 1, Cruquius","address":"1 Berberlaan","city":"Cruquius","operatorName":"TotalEnergies","maxPowerKw":13,"isMegawatt":false,"status":"AVAILABLE","source":"ndw"}},{"type":"Feature","geometry":{"type":"Point","coordinates":[4.679472,52.299335]},"properties":{"type":"charge","layer":"passenger","locationId":"5620D9F7-7B7E-46BB-926B-F553F9491C0D","name":"TNLP006485 - Pater Damiaanstraat 30, Hoofddorp","address":"30 Pater Damiaanstraat","city":"Hoofddorp","operatorName":"TotalEnergies","maxPowerKw":13,"isMegawatt":false,"status":"AVAILABLE","source":"ndw"}},{"type":"Feature","geometry":{"type":"Point","coordinates":[4.632811,52.308788]},"properties":{"type":"charge","layer":"passenger","locationId":"ac6930a4121ca1d89d0a981f4309c93d","name":"Goudplaat 26","address":"Goudplaat 26","city":"Hoofddorp","operatorName":"Vattenfall InCharge","maxPowerKw":11,"isMegawatt":false,"status":"AVAILABLE","source":"ndw","priceKwh":0.2805}},{"type":"Feature","geometry":{"type":"Point","coordinates":[4.672769,52.311653]},"properties":{"type":"charge","layer":"passenger","locationId":"68CCC2E2-DD27-47FF-BC6E-CA024711F994","name":"PP005631 - Bandholm 46, Hoofddorp","address":"46 Bandholm","city":"Hoofddorp","operatorName":"TotalEnergies","maxPowerKw":13,"isMegawatt":false,"status":"AVAILABLE","source":"ndw"}},{"type":"Feature","geometry":{"type":"Point","coordinates":[4.66908,52.29913]},"properties":{"type":"charge","layer":"passenger","locationId":"51e6466d-b148-4149-8e63-cf5be23bf828","name":"PP001462 - Anne Franklaan 20, Hoofddorp","address":"20 Anne Franklaan","city":"Hoofddorp","operatorName":"TotalEnergies","maxPowerKw":11,"isMegawatt":false,"status":"AVAILABLE","source":"ndw"}},{"type":"Feature","geometry":{"type":"Point","coordinates":[4.703837,52.289047]},"properties":{"type":"charge","layer":"passenger","locationId":"922990","name":"Ppool DAE_NL_2000480","address":"Taurusavenue 133","city":"Hoofddorp","operatorName":"DAEN Mobility","maxPowerKw":22,"isMegawatt":false,"status":"CHARGING","source":"ndw","priceKwh":0.36}},{"type":"Feature","geometry":{"type":"Point","coordinates":[4.703837,52.289047]},"properties":{"type":"charge","layer":"passenger","locationId":"923013","name":"P49 DAE_NL_2000469","address":"Taurusavenue 133","city":"Hoofddorp","operatorName":"DAEN Mobility","maxPowerKw":22,"isMegawatt":false,"status":"AVAILABLE","source":"ndw","priceKwh":0.36}},{"type":"Feature","geometry":{"type":"Point","coordinates":[4.703837,52.289047]},"properties":{"type":"charge","layer":"passenger","locationId":"923018","name":"P51_52 DAE_NL_2000948","address":"Taurusavenue 133","city":"Hoofddorp","operatorName":"DAEN Mobility","maxPowerKw":22,"isMegawatt":false,"status":"AVAILABLE","source":"ndw","priceKwh":0.36}},{"type":"Feature","geometry":{"type":"Point","coordinates":[4.6109,52.263268]},"properties":{"type":"charge","layer":"passenger","locationId":"9FF95D03-04A0-41DB-B5A9-E8F033C0D50F","name":"TNLP015025 - Buinerveld 2, Nieuw-Vennep","address":"2 Buinerveld","city":"Nieuw-Vennep","operatorName":"TotalEnergies","maxPowerKw":13,"isMegawatt":false,"status":"AVAILABLE","source":"ndw"}},{"type":"Feature","geometry":{"type":"Point","coordinates":[4.620727,52.278545]},"properties":{"type":"charge","layer":"passenger","locationId":"D1E8E018-FA5A-4E0D-9845-C22DE52F43EF","name":"TNLP015318 - Waterpoort 24, Nieuw-Vennep","address":"24 Waterpoort","city":"Nieuw-Vennep","operatorName":"TotalEnergies","maxPowerKw":13,"isMegawatt":false,"status":"AVAILABLE","source":"ndw"}},{"type":"Feature","geometry":{"type":"Point","coordinates":[4.625218,52.27592]},"properties":{"type":"charge","layer":"passenger","locationId":"D3720F14-B924-4DD0-90ED-C1DB06F143A9","name":"TNLP008903 - Figarolaan 39, Nieuw-Vennep","address":"39 Figarolaan","city":"Nieuw-Vennep","operatorName":"TotalEnergies","maxPowerKw":13,"isMegawatt":false,"status":"AVAILABLE","source":"ndw"}},{"type":"Feature","geometry":{"type":"Point","coordinates":[4.703837,52.289047]},"properties":{"type":"charge","layer":"passenger","locationId":"923006","name":"P77 DAE_NL_2000475","address":"Taurusavenue 133","city":"Hoofddorp","operatorName":"DAEN Mobility","maxPowerKw":22,"isMegawatt":false,"status":"AVAILABLE","source":"ndw","priceKwh":0.36}},{"type":"Feature","geometry":{"type":"Point","coordinates":[4.704308,52.292635]},"properties":{"type":"charge","layer":"passenger","locationId":"66e6feab48d64952a599","name":"NL Asset Management l Hoofddorp l Capellalaan","address":"Capellalaan 65","city":"Hoofddorp","operatorName":"Opcharge","maxPowerKw":22,"isMegawatt":false,"status":"AVAILABLE","source":"ndw","priceKwh":0.48}},{"type":"Feature","geometry":{"type":"Point","coordinates":[4.712875,52.291723]},"properties":{"type":"charge","layer":"passenger","locationId":"3214999","name":"Laadnet Boerderij Rijnlanderweg","address":"Rijnlanderweg 820","city":"Hoofddorp","operatorName":"Laadnet","maxPowerKw":22,"isMegawatt":false,"status":"CHARGING","source":"ndw"}},{"type":"Feature","geometry":{"type":"Point","coordinates":[4.646375,52.31808]},"properties":{"type":"charge","layer":"passenger","locationId":"CE98056E-4168-402C-8441-07B721BB0491","name":"TNLP015459 - Boschplaat 52, Hoofddorp","address":"52 Boschplaat","city":"Hoofddorp","operatorName":"TotalEnergies","maxPowerKw":17,"isMegawatt":false,"status":"UNAVAILABLE","source":"ndw"}},{"type":"Feature","geometry":{"type":"Point","coordinates":[4.6320376,52.3072257]},"properties":{"type":"charge","layer":"passenger","locationId":"1169","name":"Shell Recharge NL Westerschelde 10","address":"Westerschelde 10","city":"Hoofddorp","operatorName":"Ubitricity","maxPowerKw":22,"isMegawatt":false,"status":"AVAILABLE","source":"ndw","priceKwh":0.267}},{"type":"Feature","geometry":{"type":"Point","coordinates":[4.795285,52.33295]},"properties":{"type":"charge","layer":"passenger","locationId":"6566D741-F573-417E-AEE6-7939FA436217","name":"TNLP015313 - Egelantierstraat 5, Badhoevedorp","address":"5 Egelantierstraat","city":"Badhoevedorp","operatorName":"TotalEnergies","maxPowerKw":13,"isMegawatt":false,"status":"AVAILABLE","source":"ndw"}},{"type":"Feature","geometry":{"type":"Point","coordinates":[4.66299,52.30219]},"properties":{"type":"charge","layer":"passenger","locationId":"695","name":"Shell Recharge NL Markenburg 113","address":"Markenburg 113","city":"Hoofddorp","operatorName":"Ubitricity","maxPowerKw":11,"isMegawatt":false,"status":"AVAILABLE","source":"ndw","priceKwh":0.392}},{"type":"Feature","geometry":{"type":"Point","coordinates":[4.64986,52.31951]},"properties":{"type":"charge","layer":"passenger","locationId":"1459","name":"Shell Recharge NL Banckspolder 7","address":"Banckspolder 7","city":"Haarlemmermeer","operatorName":"Ubitricity","maxPowerKw":11,"isMegawatt":false,"status":"AVAILABLE","source":"ndw","priceKwh":0.392}},{"type":"Feature","geometry":{"type":"Point","coordinates":[4.570164,52.257879]},"properties":{"type":"charge","layer":"passenger","locationId":"64d35909cc6418001c288771","name":"Restaurant Het Oude Dykhuys","address":"Lisserdijk 567","city":"Lisserbroek","operatorName":"E-Flux by Road","maxPowerKw":22,"isMegawatt":false,"status":"AVAILABLE","source":"ndw","priceKwh":0.53}},{"type":"Feature","geometry":{"type":"Point","coordinates":[4.637091,52.261938]},"properties":{"type":"charge","layer":"passenger","locationId":"4287250","name":"Laadnet Papaverstraat","address":"Papaverstraat 47","city":"Nieuw-Vennep","operatorName":"Laadnet","maxPowerKw":11,"isMegawatt":false,"status":"AVAILABLE","source":"ndw"}},{"type":"Feature","geometry":{"type":"Point","coordinates":[4.781659,52.285852]},"properties":{"type":"charge","layer":"passenger","locationId":"685513268264c763f114f7ee","name":"Lader 1 (50kW) - T54HV-IT3-0424-007","address":"Fokkerweg 171","city":"Oude Meer","operatorName":"NXT Charging Solutions","maxPowerKw":63,"isMegawatt":false,"status":"CHARGING","source":"ndw","priceKwh":0.57}},{"type":"Feature","geometry":{"type":"Point","coordinates":[4.630407,52.30628]},"properties":{"type":"charge","layer":"passenger","locationId":"91057702","name":"50five-S NL 17B04603","address":"Duinbeek 33","city":"Hoofddorp","operatorName":"50five","maxPowerKw":11,"isMegawatt":false,"status":"AVAILABLE","source":"ndw"}},{"type":"Feature","geometry":{"type":"Point","coordinates":[4.809174,52.307209]},"properties":{"type":"charge","layer":"passenger","locationId":"69a8166cdc65e675e271ba1d","name":"SPL-O, Polaris","address":"Stationsplein-ZW 1001","city":"Schiphol","operatorName":"E-Flux by Road","maxPowerKw":22,"isMegawatt":false,"status":"AVAILABLE","source":"ndw","priceKwh":0.2584}},{"type":"Feature","geometry":{"type":"Point","coordinates":[4.745976,52.278333]},"properties":{"type":"charge","layer":"passenger","locationId":"89062477","name":"Van Leeuwen Beechavenue 30/50","address":"Beechavenue 30/50","city":"Schiphol-Rijk","operatorName":"Van Leeuwen","maxPowerKw":22,"isMegawatt":false,"status":"AVAILABLE","source":"ndw"}},{"type":"Feature","geometry":{"type":"Point","coordinates":[4.640697,52.298836]},"properties":{"type":"charge","layer":"passenger","locationId":"B12BB2AB-674E-4677-BA0B-F40F555B64A7","name":"TNLP009896 - Colonnade 44, Hoofddorp","address":"44 Colonnade","city":"Hoofddorp","operatorName":"TotalEnergies","maxPowerKw":13,"isMegawatt":false,"status":"AVAILABLE","source":"ndw"}},{"type":"Feature","geometry":{"type":"Point","coordinates":[4.810906,52.308503]},"properties":{"type":"charge","layer":"passenger","locationId":"68fb27a07294f2dc1641e0fb","name":"Steigenberger Airport Hotel","address":"Stationsplein  ZW 951","city":"Schiphol","operatorName":"E-Flux by Road","maxPowerKw":22,"isMegawatt":false,"status":"UNAVAILABLE","source":"ndw","priceKwh":0.58}},{"type":"Feature","geometry":{"type":"Point","coordinates":[4.6204,52.27912]},"properties":{"type":"charge","layer":"passenger","locationId":"255","name":"Shell Recharge NL Velperpoort 43","address":"Velperpoort 43","city":"Nieuw-Vennep","operatorName":"Ubitricity","maxPowerKw":11,"isMegawatt":false,"status":"AVAILABLE","source":"ndw","priceKwh":0.392}},{"type":"Feature","geometry":{"type":"Point","coordinates":[4.57307,52.25586]},"properties":{"type":"charge","layer":"passenger","locationId":"225","name":"Shell Recharge NL Muntstraat 78","address":"Muntstraat 78","city":"Lisserbroek","operatorName":"Ubitricity","maxPowerKw":11,"isMegawatt":false,"status":"AVAILABLE","source":"ndw","priceKwh":0.392}},{"type":"Feature","geometry":{"type":"Point","coordinates":[4.66238,52.31732]},"properties":{"type":"charge","layer":"passenger","locationId":"c9f00254-61f9-422c-b76c-a5b758953334","name":"PP001297 - Corversbos 235, Hoofddorp","address":"235 Corversbos","city":"Hoofddorp","operatorName":"TotalEnergies","maxPowerKw":11,"isMegawatt":false,"status":"CHARGING","source":"ndw"}},{"type":"Feature","geometry":{"type":"Point","coordinates":[4.6635,52.30736]},"properties":{"type":"charge","layer":"passenger","locationId":"299","name":"Shell Recharge NL Sonderholm 147","address":"Sonderholm 147","city":"Hoofddorp","operatorName":"Ubitricity","maxPowerKw":11,"isMegawatt":false,"status":"AVAILABLE","source":"ndw","priceKwh":0.392}},{"type":"Feature","geometry":{"type":"Point","coordinates":[4.781659,52.285852]},"properties":{"type":"charge","layer":"passenger","locationId":"685512bc8264c763f114e4a7","name":"Lader 6 (50kW) - T54HV-IT3-0424-003","address":"Fokkerweg 171","city":"Oude Meer","operatorName":"NXT Charging Solutions","maxPowerKw":63,"isMegawatt":false,"status":"CHARGING","source":"ndw","priceKwh":0.57}},{"type":"Feature","geometry":{"type":"Point","coordinates":[4.809174,52.307209]},"properties":{"type":"charge","layer":"passenger","locationId":"69a56a55dfdae3a1ac04631a","name":"SPL-O Garage P1 Tussenterrein zijde","address":"Stationsplein-ZW 1001","city":"Schiphol","operatorName":"E-Flux by Road","maxPowerKw":28,"isMegawatt":false,"status":"AVAILABLE","source":"ndw","priceKwh":0.2584}},{"type":"Feature","geometry":{"type":"Point","coordinates":[4.688713,52.411507]},"properties":{"type":"charge","layer":"passenger","locationId":"9A34179A-BF03-401E-8ECB-2D64D23925BF","name":"TNLP015018 - Cornelis Visserstraat 9, Spaarndam","address":"9 Cornelis Visserstraat","city":"Spaarndam","operatorName":"TotalEnergies","maxPowerKw":17,"isMegawatt":false,"status":"CHARGING","source":"ndw"}},{"type":"Feature","geometry":{"type":"Point","coordinates":[4.699058,52.291745]},"properties":{"type":"charge","layer":"passenger","locationId":"90230065","name":"Van Leeuwen Laadpalen UFBG","address":"Taurusavenue 39","city":"Hoofddorp","operatorName":"Van Leeuwen","maxPowerKw":11,"isMegawatt":false,"status":"AVAILABLE","source":"ndw"}},{"type":"Feature","geometry":{"type":"Point","coordinates":[4.68725,52.312675]},"properties":{"type":"charge","layer":"passenger","locationId":"669E9D73-9094-4D99-862C-789E37E7FEE5","name":"TNLP009576 - Horstermeerstraat 56, Hoofddorp","address":"56 Horstermeerstraat","city":"Hoofddorp","operatorName":"TotalEnergies","maxPowerKw":15,"isMegawatt":false,"status":"AVAILABLE","source":"ndw"}},{"type":"Feature","geometry":{"type":"Point","coordinates":[4.700227,52.295787]},"properties":{"type":"charge","layer":"passenger","locationId":"91106553","name":"50five-S NL 18B07332","address":"Saturnusstraat 15","city":"Hoofddorp","operatorName":"50five","maxPowerKw":11,"isMegawatt":false,"status":"AVAILABLE","source":"ndw"}},{"type":"Feature","geometry":{"type":"Point","coordinates":[4.67731,52.30996]},"properties":{"type":"charge","layer":"passenger","locationId":"5E4D2F82-7857-4506-90B8-F7F761212136","name":"PP005059 - Rosenholm 191, Hoofddorp","address":"191 Rosenholm","city":"Hoofddorp","operatorName":"TotalEnergies","maxPowerKw":13,"isMegawatt":false,"status":"CHARGING","source":"ndw"}},{"type":"Feature","geometry":{"type":"Point","coordinates":[4.698991,52.293654]},"properties":{"type":"charge","layer":"passenger","locationId":"91199104","name":"50five-S NL 09100753","address":"Mercuriusplein 1","city":"Hoofddorp","operatorName":"50five","maxPowerKw":11,"isMegawatt":false,"status":"UNAVAILABLE","source":"ndw"}},{"type":"Feature","geometry":{"type":"Point","coordinates":[4.682635,52.30271]},"properties":{"type":"charge","layer":"passenger","locationId":"AD64B2AB-65A8-4D39-818C-36C15DA4AFB8","name":"TNLP034093 - Gandhistraat 125, Hoofddorp","address":"125 Gandhistraat","city":"Hoofddorp","operatorName":"TotalEnergies","maxPowerKw":13,"isMegawatt":false,"status":"UNAVAILABLE","source":"ndw"}},{"type":"Feature","geometry":{"type":"Point","coordinates":[4.703837,52.289047]},"properties":{"type":"charge","layer":"passenger","locationId":"922995","name":"P37 DAE_NL_2001211","address":"Taurusavenue 133","city":"Hoofddorp","operatorName":"DAEN Mobility","maxPowerKw":22,"isMegawatt":false,"status":"AVAILABLE","source":"ndw"}},{"type":"Feature","geometry":{"type":"Point","coordinates":[4.703837,52.289047]},"properties":{"type":"charge","layer":"passenger","locationId":"923002","name":"P79 DAE_NL_2000477","address":"Taurusavenue 133","city":"Hoofddorp","operatorName":"DAEN Mobility","maxPowerKw":22,"isMegawatt":false,"status":"AVAILABLE","source":"ndw","priceKwh":0.36}},{"type":"Feature","geometry":{"type":"Point","coordinates":[4.78038,52.33944]},"properties":{"type":"charge","layer":"passenger","locationId":"1820fdd9-eab9-426e-8ec7-79b5569c6b8d","name":"PP001432 - Sloterweg 87, Badhoevedorp","address":"87 Sloterweg","city":"Badhoevedorp","operatorName":"TotalEnergies","maxPowerKw":11,"isMegawatt":false,"status":"UNAVAILABLE","source":"ndw"}},{"type":"Feature","geometry":{"type":"Point","coordinates":[4.693974,52.310933]},"properties":{"type":"charge","layer":"passenger","locationId":"922879","name":"DAE-NL-200444","address":"J.C. Beetslaan 141","city":"Hoofddorp","operatorName":"DAEN Mobility","maxPowerKw":4,"isMegawatt":false,"status":"AVAILABLE","source":"ndw","priceKwh":0.28}},{"type":"Feature","geometry":{"type":"Point","coordinates":[4.800847,52.321644]},"properties":{"type":"charge","layer":"passenger","locationId":"660fff3450e248001cceda95","name":"Vakif BV (rechts)","address":"cateringweg 10","city":"Schiphol","operatorName":"E-Flux by Road","maxPowerKw":22,"isMegawatt":false,"status":"AVAILABLE","source":"ndw","priceKwh":0.41}},{"type":"Feature","geometry":{"type":"Point","coordinates":[4.646162,52.271211]},"properties":{"type":"charge","layer":"passenger","locationId":"3964200","name":"Laadnet E&P Hydraulics B.V.","address":"Haverstraat 143","city":"Nieuw-Vennep","operatorName":"Laadnet","maxPowerKw":22,"isMegawatt":false,"status":"AVAILABLE","source":"ndw"}},{"type":"Feature","geometry":{"type":"Point","coordinates":[4.625589,52.274707]},"properties":{"type":"charge","layer":"passenger","locationId":"4175093","name":"Laadnet Meerlanden Civiel","address":"Laan van Aida 8","city":"Nieuw-Vennep","operatorName":"Laadnet","maxPowerKw":22,"isMegawatt":false,"status":"CHARGING","source":"ndw"}},{"type":"Feature","geometry":{"type":"Point","coordinates":[4.77097,52.34712]},"properties":{"type":"charge","layer":"passenger","locationId":"515","name":"Shell Recharge NL Irislaan 113","address":"Irislaan 113","city":"Badhoevedorp","operatorName":"Ubitricity","maxPowerKw":11,"isMegawatt":false,"status":"CHARGING","source":"ndw","priceKwh":0.392}},{"type":"Feature","geometry":{"type":"Point","coordinates":[4.732241,52.382595]},"properties":{"type":"charge","layer":"passenger","locationId":"C4F0CE4E-8AFF-4DF7-BF2E-8B28E07E6835","name":"PP005201 - Kinheim 196, Zwanenburg","address":"196 Kinheim","city":"Zwanenburg","operatorName":"TotalEnergies","maxPowerKw":15,"isMegawatt":false,"status":"AVAILABLE","source":"ndw"}},{"type":"Feature","geometry":{"type":"Point","coordinates":[4.72906,52.28]},"properties":{"type":"charge","layer":"passenger","locationId":"1C63A108-C66D-4ABD-802E-6D201B068B86","name":"Eneco eMobility Neele-Vat Services B.V. - Rozenburg","address":"Hanedaweg 16 18","city":"Rozenburg","operatorName":"Eneco","maxPowerKw":22,"isMegawatt":false,"status":"UNAVAILABLE","source":"ndw","priceKwh":0.35}},{"type":"Feature","geometry":{"type":"Point","coordinates":[4.63528,52.30527]},"properties":{"type":"charge","layer":"passenger","locationId":"229","name":"Shell Recharge NL Colijnstraat 2","address":"Colijnstraat 2","city":"Hoofddorp","operatorName":"Ubitricity","maxPowerKw":11,"isMegawatt":false,"status":"AVAILABLE","source":"ndw","priceKwh":0.392}},{"type":"Feature","geometry":{"type":"Point","coordinates":[4.694345,52.312389]},"properties":{"type":"charge","layer":"passenger","locationId":"2316364","name":"Laadnet PREPTIC","address":"Graftermeerstraat 22","city":"Hoofddorp","operatorName":"Laadnet","maxPowerKw":11,"isMegawatt":false,"status":"UNAVAILABLE","source":"ndw"}},{"type":"Feature","geometry":{"type":"Point","coordinates":[4.708,52.30591]},"properties":{"type":"charge","layer":"passenger","locationId":"237","name":"Shell Recharge NL Bernard Zweershof 1","address":"Bernard Zweershof 1","city":"Hoofddorp","operatorName":"Ubitricity","maxPowerKw":11,"isMegawatt":false,"status":"AVAILABLE","source":"ndw","priceKwh":0.392}},{"type":"Feature","geometry":{"type":"Point","coordinates":[4.707013,52.286797]},"properties":{"type":"charge","layer":"passenger","locationId":"OST19P0084_0034_0","name":"OST19P0084_0034_0","address":"Rijnlanderweg 878","city":"Hoofddorp","operatorName":"e-VOLTT","maxPowerKw":14,"isMegawatt":false,"status":"AVAILABLE","source":"ndw","priceKwh":0.53}},{"type":"Feature","geometry":{"type":"Point","coordinates":[4.671623,52.299129]},"properties":{"type":"charge","layer":"passenger","locationId":"91094526","name":"50five-S NL 03011290","address":"Hannie Schaftstraat 3","city":"Hoofddorp","operatorName":"50five","maxPowerKw":4,"isMegawatt":false,"status":"AVAILABLE","source":"ndw"}},{"type":"Feature","geometry":{"type":"Point","coordinates":[4.711329,52.294521]},"properties":{"type":"charge","layer":"passenger","locationId":"91107238","name":"50five-S NL ICUEVE000392","address":"Antareslaan 53","city":"Hoofddorp","operatorName":"50five","maxPowerKw":8,"isMegawatt":false,"status":"UNAVAILABLE","source":"ndw"}},{"type":"Feature","geometry":{"type":"Point","coordinates":[4.6471,52.31752]},"properties":{"type":"charge","layer":"passenger","locationId":"165","name":"Shell Recharge NL Boschplaat 18","address":"Boschplaat 18","city":"Hoofddorp","operatorName":"Ubitricity","maxPowerKw":11,"isMegawatt":false,"status":"AVAILABLE","source":"ndw","priceKwh":0.392}},{"type":"Feature","geometry":{"type":"Point","coordinates":[4.6409144,52.2623561]},"properties":{"type":"charge","layer":"passenger","locationId":"1196","name":"Shell Recharge NL Bosstraat 138","address":"Bosstraat 138","city":"Nieuw-Vennep","operatorName":"Ubitricity","maxPowerKw":22,"isMegawatt":false,"status":"AVAILABLE","source":"ndw","priceKwh":0.267}},{"type":"Feature","geometry":{"type":"Point","coordinates":[4.703837,52.289047]},"properties":{"type":"charge","layer":"passenger","locationId":"923009","name":"P46 DAE_NL_2000466","address":"Taurusavenue 133","city":"Hoofddorp","operatorName":"DAEN Mobility","maxPowerKw":22,"isMegawatt":false,"status":"AVAILABLE","source":"ndw","priceKwh":0.36}},{"type":"Feature","geometry":{"type":"Point","coordinates":[4.640423,52.300391]},"properties":{"type":"charge","layer":"passenger","locationId":"6884f3d7ce86acc98daa29db","name":"steven schouten 's station","address":"belfort 1","city":"Hoofddorp","operatorName":"E-Flux by Road","maxPowerKw":17,"isMegawatt":false,"status":"AVAILABLE","source":"ndw","priceKwh":0.58}},{"type":"Feature","geometry":{"type":"Point","coordinates":[4.753293,52.353721]},"properties":{"type":"charge","layer":"passenger","locationId":"65d45fee91ef1f001b79ff06","name":"J. Weel B.V. 52A","address":"Raasdorperweg 52A","city":"Lijnden","operatorName":"E-Flux by Road","maxPowerKw":11,"isMegawatt":false,"status":"AVAILABLE","source":"ndw","priceKwh":0.43}},{"type":"Feature","geometry":{"type":"Point","coordinates":[4.709518,52.292551]},"properties":{"type":"charge","layer":"passenger","locationId":"69b3e9f4c1698bd53dc34aab","name":"Polarisavenue 151-1","address":"Polarisavenue 151","city":"Hoofddorp","operatorName":"Pluq","maxPowerKw":11,"isMegawatt":false,"status":"AVAILABLE","source":"ndw","priceKwh":0.4}},{"type":"Feature","geometry":{"type":"Point","coordinates":[4.618554,52.254627]},"properties":{"type":"charge","layer":"passenger","locationId":"3967030","name":"Laadnet Herbergier Nieuw-Vennep","address":"Hoofdweg 1327","city":"Nieuw-Vennep","operatorName":"Laadnet","maxPowerKw":22,"isMegawatt":false,"status":"AVAILABLE","source":"ndw"}},{"type":"Feature","geometry":{"type":"Point","coordinates":[4.64257,52.30351]},"properties":{"type":"charge","layer":"passenger","locationId":"488","name":"Shell Recharge NL Hermitage 148-196","address":"Hermitage 148-196","city":"Hoofddorp","operatorName":"Ubitricity","maxPowerKw":11,"isMegawatt":false,"status":"AVAILABLE","source":"ndw","priceKwh":0.392}},{"type":"Feature","geometry":{"type":"Point","coordinates":[4.633499,52.311611]},"properties":{"type":"charge","layer":"passenger","locationId":"602104918bb83a68a064061f","name":"Schelphoek 72 Hoofddorp","address":"Schelphoek 72","city":"Hoofddorp","operatorName":"E-Flux by Road","maxPowerKw":22,"isMegawatt":false,"status":"CHARGING","source":"ndw","priceKwh":0.3}},{"type":"Feature","geometry":{"type":"Point","coordinates":[4.6788883,52.2966613]},"properties":{"type":"charge","layer":"passenger","locationId":"1268","name":"Shell Recharge NL Irene Vorrinkstraat 2","address":"Irene Vorrinkstraat 2","city":"Hoofddorp","operatorName":"Ubitricity","maxPowerKw":22,"isMegawatt":false,"status":"AVAILABLE","source":"ndw","priceKwh":0.267}},{"type":"Feature","geometry":{"type":"Point","coordinates":[4.719768,52.258929]},"properties":{"type":"charge","layer":"passenger","locationId":"677bb2556326437a3a234c5f","name":"Fam Buiser","address":"Aalsmeerderdijk 650","city":"Rijsenhout","operatorName":"E-Flux by Road","maxPowerKw":11,"isMegawatt":false,"status":"CHARGING","source":"ndw","priceKwh":0.37}},{"type":"Feature","geometry":{"type":"Point","coordinates":[4.703837,52.289047]},"properties":{"type":"charge","layer":"passenger","locationId":"923010","name":"P76 DAE_NL_2000474","address":"Taurusavenue 133","city":"Hoofddorp","operatorName":"DAEN Mobility","maxPowerKw":22,"isMegawatt":false,"status":"AVAILABLE","source":"ndw","priceKwh":0.36}},{"type":"Feature","geometry":{"type":"Point","coordinates":[4.756412,52.351188]},"properties":{"type":"charge","layer":"passenger","locationId":"91149017","name":"50five-S NL 04002177","address":"Hoofdweg 69","city":"Lijnden","operatorName":"50five","maxPowerKw":7,"isMegawatt":false,"status":"AVAILABLE","source":"ndw"}},{"type":"Feature","geometry":{"type":"Point","coordinates":[4.65998,52.29625]},"properties":{"type":"charge","layer":"passenger","locationId":"6DD8545F-8EF3-44A5-A709-584F988AAB8B","name":"PP005241 - Rosa Spierstraat 3, Hoofddorp","address":"3 Rosa Spierstraat","city":"Hoofddorp","operatorName":"TotalEnergies","maxPowerKw":13,"isMegawatt":false,"status":"AVAILABLE","source":"ndw"}},{"type":"Feature","geometry":{"type":"Point","coordinates":[4.70977,52.30242]},"properties":{"type":"charge","layer":"passenger","locationId":"166","name":"Shell Recharge NL Bolstralaan 1","address":"Bolstralaan 1","city":"Hoofddorp","operatorName":"Ubitricity","maxPowerKw":11,"isMegawatt":false,"status":"AVAILABLE","source":"ndw","priceKwh":0.392}},{"type":"Feature","geometry":{"type":"Point","coordinates":[4.656746,52.253707]},"properties":{"type":"charge","layer":"passenger","locationId":"91197507","name":"50five-S NL 09000493","address":"Markkaweg 1","city":"Nieuw-Vennep","operatorName":"50five","maxPowerKw":11,"isMegawatt":false,"status":"AVAILABLE","source":"ndw"}},{"type":"Feature","geometry":{"type":"Point","coordinates":[4.611376,52.270573]},"properties":{"type":"charge","layer":"passenger","locationId":"1290C46E-6B63-48A0-BC7D-1C04C80504B8","name":"TNLP015311 - Lentepark 84, Nieuw-Vennep","address":"84 Lentepark","city":"Nieuw-Vennep","operatorName":"TotalEnergies","maxPowerKw":13,"isMegawatt":false,"status":"AVAILABLE","source":"ndw"}},{"type":"Feature","geometry":{"type":"Point","coordinates":[4.721771,52.290293]},"properties":{"type":"charge","layer":"passenger","locationId":"07D6B6B5-1833-4182-B970-75DBF2328E66","name":"Eneco eMobility Kruisweg 577 Hoofddorp","address":"Kruisweg 577","city":"Hoofddorp","operatorName":"Eneco","maxPowerKw":22,"isMegawatt":false,"status":"AVAILABLE","source":"ndw","priceKwh":0.28}},{"type":"Feature","geometry":{"type":"Point","coordinates":[4.67996,52.285678]},"properties":{"type":"charge","layer":"passenger","locationId":"F9FFD21F-9D77-43FD-923F-F12F661DB468","name":"Eneco eMobility Somfy Nederland - Hoofddorp","address":"Jacobus Ahrendlaan 1","city":"Hoofddorp","operatorName":"Eneco","maxPowerKw":11,"isMegawatt":false,"status":"AVAILABLE","source":"ndw","priceKwh":0.38}},{"type":"Feature","geometry":{"type":"Point","coordinates":[4.7058785,52.3001352]},"properties":{"type":"charge","layer":"passenger","locationId":"1745","name":"Shell Recharge NL Kalorama 123","address":"Kalorama 123","city":"Hoofddorp","operatorName":"Ubitricity","maxPowerKw":22,"isMegawatt":false,"status":"CHARGING","source":"ndw","priceKwh":0.267}},{"type":"Feature","geometry":{"type":"Point","coordinates":[4.806548,52.33129]},"properties":{"type":"charge","layer":"passenger","locationId":"91284291","name":"50five-S NL 19B04388","address":"Nieuwemeerdijk 465","city":"Badhoevedorp","operatorName":"50five","maxPowerKw":11,"isMegawatt":false,"status":"AVAILABLE","source":"ndw"}},{"type":"Feature","geometry":{"type":"Point","coordinates":[4.709562,52.293684]},"properties":{"type":"charge","layer":"passenger","locationId":"69b3f80e23f2940636887919","name":"Wegalaan 14–28","address":"Wegalaan 14-28","city":"Hoofddorp","operatorName":"Pluq","maxPowerKw":22,"isMegawatt":false,"status":"AVAILABLE","source":"ndw","priceKwh":0.4}},{"type":"Feature","geometry":{"type":"Point","coordinates":[4.79216,52.33608]},"properties":{"type":"charge","layer":"passenger","locationId":"254","name":"Shell Recharge NL Zwaluwstraat 28","address":"Zwaluwstraat 28","city":"Badhoevedorp","operatorName":"Ubitricity","maxPowerKw":11,"isMegawatt":false,"status":"AVAILABLE","source":"ndw","priceKwh":0.392}},{"type":"Feature","geometry":{"type":"Point","coordinates":[4.66518,52.30623]},"properties":{"type":"charge","layer":"passenger","locationId":"52A9A714-D044-414E-B0E7-E332407DF909","name":"TNLP003618 - Sonderholm 164, Hoofddorp","address":"164 Sonderholm","city":"Hoofddorp","operatorName":"TotalEnergies","maxPowerKw":17,"isMegawatt":false,"status":"AVAILABLE","source":"ndw"}},{"type":"Feature","geometry":{"type":"Point","coordinates":[4.674779,52.289962]},"properties":{"type":"charge","layer":"passenger","locationId":"91200830","name":"50five-S NL 04004111","address":"Dirk Storklaan 75","city":"Hoofddorp","operatorName":"50five","maxPowerKw":7,"isMegawatt":false,"status":"AVAILABLE","source":"ndw"}},{"type":"Feature","geometry":{"type":"Point","coordinates":[4.717382,52.292606]},"properties":{"type":"charge","layer":"passenger","locationId":"56bc67fab0934d0292a71a8bb40e6c1f","name":"DMG - Kruisweg 655-657, Hoofddorp Keukenmaxx  (Mandemakers) ","address":"Kruisweg 655-657, 2132 NC","city":"Hoofddorp","operatorName":"Opcharge","maxPowerKw":22,"isMegawatt":false,"status":"AVAILABLE","source":"ndw","priceKwh":0.49}},{"type":"Feature","geometry":{"type":"Point","coordinates":[4.77341,52.34716]},"properties":{"type":"charge","layer":"passenger","locationId":"174","name":"Shell Recharge NL Orchideelaan 186","address":"Orchideelaan 186","city":"Badhoevedorp","operatorName":"Ubitricity","maxPowerKw":11,"isMegawatt":false,"status":"AVAILABLE","source":"ndw","priceKwh":0.392}},{"type":"Feature","geometry":{"type":"Point","coordinates":[4.703837,52.289047]},"properties":{"type":"charge","layer":"passenger","locationId":"923016","name":"P54 DAE_NL_2000472","address":"Taurusavenue 133","city":"Hoofddorp","operatorName":"DAEN Mobility","maxPowerKw":22,"isMegawatt":false,"status":"AVAILABLE","source":"ndw","priceKwh":0.36}},{"type":"Feature","geometry":{"type":"Point","coordinates":[4.6565815,52.3018623]},"properties":{"type":"charge","layer":"passenger","locationId":"1370","name":"Shell Recharge NL Taniaburg 39","address":"Taniaburg 39","city":"Hoofddorp","operatorName":"Ubitricity","maxPowerKw":22,"isMegawatt":false,"status":"AVAILABLE","source":"ndw","priceKwh":0.267}},{"type":"Feature","geometry":{"type":"Point","coordinates":[4.798418,52.33313]},"properties":{"type":"charge","layer":"passenger","locationId":"3311BE03-0DCA-4771-BEB4-7F33ED85421F","name":"TNLP005706 - Meidoornweg 274, Badhoevedorp","address":"274 Meidoornweg","city":"Badhoevedorp","operatorName":"TotalEnergies","maxPowerKw":11,"isMegawatt":false,"status":"UNAVAILABLE","source":"ndw"}},{"type":"Feature","geometry":{"type":"Point","coordinates":[4.800468,52.3228]},"properties":{"type":"charge","layer":"passenger","locationId":"4762351","name":"Laadnet Gate Gourmet Amsterdam B.V Noord","address":"Cateringweg 3","city":"Schiphol","operatorName":"Laadnet","maxPowerKw":22,"isMegawatt":false,"status":"AVAILABLE","source":"ndw"}},{"type":"Feature","geometry":{"type":"Point","coordinates":[4.687785,52.304897]},"properties":{"type":"charge","layer":"passenger","locationId":"9CFB821F-85D9-48E1-BED9-20A2FB644CD1","name":"TNLP009143 - Ter Veenlaan 30, Hoofddorp","address":"30 Ter Veenlaan","city":"Hoofddorp","operatorName":"TotalEnergies","maxPowerKw":13,"isMegawatt":false,"status":"AVAILABLE","source":"ndw"}},{"type":"Feature","geometry":{"type":"Point","coordinates":[4.703837,52.289047]},"properties":{"type":"charge","layer":"passenger","locationId":"922989","name":"P33 DAE_NL_2000453","address":"Taurusavenue 133","city":"Hoofddorp","operatorName":"DAEN Mobility","maxPowerKw":22,"isMegawatt":false,"status":"AVAILABLE","source":"ndw","priceKwh":0.36}},{"type":"Feature","geometry":{"type":"Point","coordinates":[4.680906,52.411304]},"properties":{"type":"charge","layer":"passenger","locationId":"45B46753-5BAC-48D6-ACFC-24EE826D4E25","name":"TNLP005838 - Spaarnekade 20, Spaarndam","address":"20 Spaarnekade","city":"Spaarndam","operatorName":"TotalEnergies","maxPowerKw":13,"isMegawatt":false,"status":"AVAILABLE","source":"ndw"}},{"type":"Feature","geometry":{"type":"Point","coordinates":[4.768319,52.345623]},"properties":{"type":"charge","layer":"passenger","locationId":"7951944A-C1F4-4CE8-B0A0-1B8553C57B91","name":"TNLP005836 - Lupinesingel 25, Badhoevedorp","address":"25 Lupinesingel","city":"Badhoevedorp","operatorName":"TotalEnergies","maxPowerKw":11,"isMegawatt":false,"status":"CHARGING","source":"ndw"}},{"type":"Feature","geometry":{"type":"Point","coordinates":[4.703837,52.289047]},"properties":{"type":"charge","layer":"passenger","locationId":"922998","name":"P38 DAE_NL_2000458","address":"Taurusavenue 133","city":"Hoofddorp","operatorName":"DAEN Mobility","maxPowerKw":22,"isMegawatt":false,"status":"AVAILABLE","source":"ndw","priceKwh":0.36}},{"type":"Feature","geometry":{"type":"Point","coordinates":[4.746031,52.371502]},"properties":{"type":"charge","layer":"passenger","locationId":"653fa843dc9dfc001caac4e7","name":"van Beem Buitenleven","address":"IJweg  177A","city":"Zwanenburg","operatorName":"E-Flux by Road","maxPowerKw":21,"isMegawatt":false,"status":"AVAILABLE","source":"ndw","priceKwh":0.38}},{"type":"Feature","geometry":{"type":"Point","coordinates":[4.783203,52.339394]},"properties":{"type":"charge","layer":"passenger","locationId":"D55C1BEB-5A08-4B66-AE46-9CAE45AE0AB1","name":"TNLP005701 - Havikstraat 28, Badhoevedorp","address":"28 Havikstraat","city":"Badhoevedorp","operatorName":"TotalEnergies","maxPowerKw":11,"isMegawatt":false,"status":"UNAVAILABLE","source":"ndw"}},{"type":"Feature","geometry":{"type":"Point","coordinates":[4.66521,52.31143]},"properties":{"type":"charge","layer":"passenger","locationId":"E794F953-72C1-44DB-A588-ADB6E8F524F8","name":"PP001401 - Grote Belt 302, Hoofddorp","address":"302 Grote Belt","city":"Hoofddorp","operatorName":"TotalEnergies","maxPowerKw":11,"isMegawatt":false,"status":"UNAVAILABLE","source":"ndw"}},{"type":"Feature","geometry":{"type":"Point","coordinates":[4.716103,52.385119]},"properties":{"type":"charge","layer":"passenger","locationId":"AFDC6AE5-DBFA-46DF-9588-C7D86517D611","name":"Eneco eMobility Hanab Distribution B.V. West","address":"Haarlemmerstraatweg 113","city":"Halfweg","operatorName":"Eneco","maxPowerKw":22,"isMegawatt":false,"status":"AVAILABLE","source":"ndw","priceKwh":0.33}},{"type":"Feature","geometry":{"type":"Point","coordinates":[4.705622,52.293841]},"properties":{"type":"charge","layer":"passenger","locationId":"89056147","name":"50five Exploitatie NL MAB Exploitatie laadpunten Capellalaan 21-37","address":"Capellalaan 21-37","city":"Hoofddorp","operatorName":"50five","maxPowerKw":22,"isMegawatt":false,"status":"AVAILABLE","source":"ndw"}},{"type":"Feature","geometry":{"type":"Point","coordinates":[4.634193,52.302751]},"properties":{"type":"charge","layer":"passenger","locationId":"f2b5dd2e-d074-4a14-90d9-bb1b002007d4","name":"Splinterstraat","address":"Splinterstraat 19","city":"Hoofddorp","operatorName":"Vattenfall InCharge","maxPowerKw":11,"isMegawatt":false,"status":"AVAILABLE","source":"ndw","priceKwh":0.4316}},{"type":"Feature","geometry":{"type":"Point","coordinates":[4.632946,52.27681]},"properties":{"type":"charge","layer":"passenger","locationId":"6AAA847F-E5B7-4FBE-94BB-5D7442997419","name":"TNLP006829 - Montreallaan 60, Nieuw-Vennep","address":"60 Montreallaan","city":"Nieuw-Vennep","operatorName":"TotalEnergies","maxPowerKw":13,"isMegawatt":false,"status":"AVAILABLE","source":"ndw"}},{"type":"Feature","geometry":{"type":"Point","coordinates":[4.67147,52.30047]},"properties":{"type":"charge","layer":"passenger","locationId":"D3FBB853-DF91-483B-A702-94C2A0BE5C25","name":"PP002175 - Etty Hillesumplantsoen 43, Hoofddorp","address":"43 Etty Hillesumplantsoen","city":"Hoofddorp","operatorName":"TotalEnergies","maxPowerKw":11,"isMegawatt":false,"status":"AVAILABLE","source":"ndw"}},{"type":"Feature","geometry":{"type":"Point","coordinates":[4.695631,52.305059]},"properties":{"type":"charge","layer":"passenger","locationId":"91106450","name":"50five-S NL 18B17246","address":"Draverslaan 11","city":"Hoofddorp","operatorName":"50five","maxPowerKw":10,"isMegawatt":false,"status":"AVAILABLE","source":"ndw"}},{"type":"Feature","geometry":{"type":"Point","coordinates":[4.703837,52.289047]},"properties":{"type":"charge","layer":"passenger","locationId":"922999","name":"P81 DAE_NL_2000479","address":"Taurusavenue 133","city":"Hoofddorp","operatorName":"DAEN Mobility","maxPowerKw":22,"isMegawatt":false,"status":"AVAILABLE","source":"ndw","priceKwh":0.36}},{"type":"Feature","geometry":{"type":"Point","coordinates":[4.6469648,52.3133119]},"properties":{"type":"charge","layer":"passenger","locationId":"1927","name":"Shell Recharge NL Savelsbos 23","address":"Savelsbos 23","city":"Hoofddorp","operatorName":"Ubitricity","maxPowerKw":22,"isMegawatt":false,"status":"AVAILABLE","source":"ndw","priceKwh":0.267}},{"type":"Feature","geometry":{"type":"Point","coordinates":[4.680412,52.408262]},"properties":{"type":"charge","layer":"passenger","locationId":"91231537","name":"50five-S NL 17B04611","address":"Lagedijk 42","city":"Spaarndam","operatorName":"50five","maxPowerKw":11,"isMegawatt":false,"status":"AVAILABLE","source":"ndw"}},{"type":"Feature","geometry":{"type":"Point","coordinates":[4.70967,52.25921]},"properties":{"type":"charge","layer":"passenger","locationId":"F6D50509-0900-4872-9906-4FA259C7F611","name":"TNLP003582 - Rijshornplein 30, Rijsenhout","address":"30 Rijshornplein","city":"Rijsenhout","operatorName":"TotalEnergies","maxPowerKw":17,"isMegawatt":false,"status":"CHARGING","source":"ndw"}},{"type":"Feature","geometry":{"type":"Point","coordinates":[4.643009,52.268145]},"properties":{"type":"charge","layer":"passenger","locationId":"89401520","name":"Van Leeuwen Ploegkozijnen","address":"Haverstraat 19","city":"Nieuw-Vennep","operatorName":"Van Leeuwen","maxPowerKw":22,"isMegawatt":false,"status":"AVAILABLE","source":"ndw"}},{"type":"Feature","geometry":{"type":"Point","coordinates":[4.809174,52.307209]},"properties":{"type":"charge","layer":"passenger","locationId":"69ae9db75e2046e253389c4b","name":"Toren West","address":"Stationsplein-ZW 1001","city":"Schiphol","operatorName":"E-Flux by Road","maxPowerKw":22,"isMegawatt":false,"status":"AVAILABLE","source":"ndw","priceKwh":0.2584}},{"type":"Feature","geometry":{"type":"Point","coordinates":[4.65828,52.29643]},"properties":{"type":"charge","layer":"passenger","locationId":"340","name":"Shell Recharge NL Ridderburgpark 137","address":"Ridderburgpark 137","city":"Hoofddorp","operatorName":"Ubitricity","maxPowerKw":11,"isMegawatt":false,"status":"AVAILABLE","source":"ndw","priceKwh":0.392}},{"type":"Feature","geometry":{"type":"Point","coordinates":[4.625685,52.267982]},"properties":{"type":"charge","layer":"passenger","locationId":"2EC365AA-C116-4228-AFED-E9A25C5A0957","name":"TNLP007162 - Eggestraat 19, Nieuw-Vennep","address":"19 Eggestraat","city":"Nieuw-Vennep","operatorName":"TotalEnergies","maxPowerKw":13,"isMegawatt":false,"status":"AVAILABLE","source":"ndw"}},{"type":"Feature","geometry":{"type":"Point","coordinates":[4.718652,52.292905]},"properties":{"type":"charge","layer":"passenger","locationId":"922707","name":"DAE-NL-2000180","address":"Zandsteen 42","city":"Hoofddorp","operatorName":"DAEN Mobility","maxPowerKw":11,"isMegawatt":false,"status":"AVAILABLE","source":"ndw","priceKwh":0.32}},{"type":"Feature","geometry":{"type":"Point","coordinates":[4.752524,52.353756]},"properties":{"type":"charge","layer":"passenger","locationId":"91229795","name":"50five-S NL ICUEVE000417","address":"Raasdorperweg 58","city":"Lijnden","operatorName":"50five","maxPowerKw":15,"isMegawatt":false,"status":"UNAVAILABLE","source":"ndw"}},{"type":"Feature","geometry":{"type":"Point","coordinates":[4.703837,52.289047]},"properties":{"type":"charge","layer":"passenger","locationId":"922987","name":"P35 DAE_NL_2000455","address":"Taurusavenue 133","city":"Hoofddorp","operatorName":"DAEN Mobility","maxPowerKw":22,"isMegawatt":false,"status":"AVAILABLE","source":"ndw","priceKwh":0.36}},{"type":"Feature","geometry":{"type":"Point","coordinates":[4.661255,52.304832]},"properties":{"type":"charge","layer":"passenger","locationId":"FFB67CD2-E9C9-433B-BD88-8D30724D7F7E","name":"TNLP005860 - Edelenburg 1, Hoofddorp","address":"1 Edelenburg","city":"Hoofddorp","operatorName":"TotalEnergies","maxPowerKw":13,"isMegawatt":false,"status":"AVAILABLE","source":"ndw"}},{"type":"Feature","geometry":{"type":"Point","coordinates":[4.743898,52.278497]},"properties":{"type":"charge","layer":"passenger","locationId":"4251405","name":"Laadnet SDB Vastgoed BV","address":"Beechavenue 140","city":"Schiphol-Rijk","operatorName":"Laadnet","maxPowerKw":22,"isMegawatt":false,"status":"AVAILABLE","source":"ndw"}},{"type":"Feature","geometry":{"type":"Point","coordinates":[4.709248,52.301977]},"properties":{"type":"charge","layer":"passenger","locationId":"91051697","name":"50five-S NL 03006717","address":"Blankenstraat 163","city":"Hoofddorp","operatorName":"50five","maxPowerKw":4,"isMegawatt":false,"status":"AVAILABLE","source":"ndw"}},{"type":"Feature","geometry":{"type":"Point","coordinates":[4.777802,52.341244]},"properties":{"type":"charge","layer":"passenger","locationId":"92F423AF-F776-444D-9336-CC93A5D242FE","name":"TNLP015341 - Einsteinlaan 285, Badhoevedorp","address":"285 Einsteinlaan","city":"Badhoevedorp","operatorName":"TotalEnergies","maxPowerKw":17,"isMegawatt":false,"status":"AVAILABLE","source":"ndw"}},{"type":"Feature","geometry":{"type":"Point","coordinates":[4.6427,52.30879]},"properties":{"type":"charge","layer":"passenger","locationId":"1456","name":"Shell Recharge NL Ard Schenkstraat 26","address":"Ard Schenkstraat 26","city":"Haarlemmermeer","operatorName":"Ubitricity","maxPowerKw":11,"isMegawatt":false,"status":"AVAILABLE","source":"ndw","priceKwh":0.392}},{"type":"Feature","geometry":{"type":"Point","coordinates":[4.79518,52.33323]},"properties":{"type":"charge","layer":"passenger","locationId":"184","name":"Shell Recharge NL Egelantierstraat 60","address":"Egelantierstraat 60","city":"Badhoevedorp","operatorName":"Ubitricity","maxPowerKw":11,"isMegawatt":false,"status":"AVAILABLE","source":"ndw","priceKwh":0.392}},{"type":"Feature","geometry":{"type":"Point","coordinates":[4.628648,52.333084]},"properties":{"type":"charge","layer":"passenger","locationId":"5098","name":"Shell Recharge NL9338 - Shell Retail Cruquius","address":"Spaarneweg 26","city":"Cruiquius","operatorName":"Shell Recharge","maxPowerKw":7,"isMegawatt":false,"status":"AVAILABLE","source":"ndw","priceKwh":0.4545}},{"type":"Feature","geometry":{"type":"Point","coordinates":[4.646475,52.266008]},"properties":{"type":"charge","layer":"passenger","locationId":"4295893","name":"Laadnet Gersteweg","address":"Gersteweg 21","city":"Nieuw-Vennep","operatorName":"Laadnet","maxPowerKw":22,"isMegawatt":false,"status":"AVAILABLE","source":"ndw"}},{"type":"Feature","geometry":{"type":"Point","coordinates":[4.708622,52.29377]},"properties":{"type":"charge","layer":"passenger","locationId":"NLENV202","name":"Hoofddorp, Wegalaan 30","address":"Wegalaan 30","city":"Haarlemmermeer","operatorName":"","maxPowerKw":11,"isMegawatt":false,"status":"AVAILABLE","source":"ndw","priceKwh":0.5}},{"type":"Feature","geometry":{"type":"Point","coordinates":[4.683235,52.240348]},"properties":{"type":"charge","layer":"passenger","locationId":"63dceaf57d4f840012059e29","name":"marc's station","address":"leimuiderdijk 248","city":"Burgerveen","operatorName":"E-Flux by Road","maxPowerKw":22,"isMegawatt":false,"status":"AVAILABLE","source":"ndw","priceKwh":1.03}},{"type":"Feature","geometry":{"type":"Point","coordinates":[4.6263313,52.276036]},"properties":{"type":"charge","layer":"passenger","locationId":"1697","name":"Shell Recharge NL La Traviataplantsoen 11","address":"La Traviataplantsoen 11","city":"Nieuw-Vennep","operatorName":"Ubitricity","maxPowerKw":22,"isMegawatt":false,"status":"AVAILABLE","source":"ndw","priceKwh":0.267}},{"type":"Feature","geometry":{"type":"Point","coordinates":[4.703837,52.289047]},"properties":{"type":"charge","layer":"passenger","locationId":"922986","name":"P41 DAE_NL_2000461","address":"Taurusavenue 133","city":"Hoofddorp","operatorName":"DAEN Mobility","maxPowerKw":11,"isMegawatt":false,"status":"AVAILABLE","source":"ndw","priceKwh":0.36}},{"type":"Feature","geometry":{"type":"Point","coordinates":[4.703837,52.289047]},"properties":{"type":"charge","layer":"passenger","locationId":"923014","name":"P50 DAE_NL_2000470","address":"Taurusavenue 133","city":"Hoofddorp","operatorName":"DAEN Mobility","maxPowerKw":22,"isMegawatt":false,"status":"AVAILABLE","source":"ndw","priceKwh":0.36}},{"type":"Feature","geometry":{"type":"Point","coordinates":[4.680003,52.345427]},"properties":{"type":"charge","layer":"passenger","locationId":"0e8918d6-c1c5-49dd-87f3-aec251589bca","name":"Vesting","address":"Vesting 19","city":"Vijfhuizen","operatorName":"Vattenfall InCharge","maxPowerKw":11,"isMegawatt":false,"status":"AVAILABLE","source":"ndw","priceKwh":0.4316}},{"type":"Feature","geometry":{"type":"Point","coordinates":[4.70904,52.29132]},"properties":{"type":"charge","layer":"passenger","locationId":"FAF434CB-CBF3-48F8-A89F-40B17E8E9F43","name":"Eneco eMobility Consolid - Hoofddorp","address":"Siriusdreef 49","city":"Hoofddorp","operatorName":"Eneco","maxPowerKw":22,"isMegawatt":false,"status":"AVAILABLE","source":"ndw","priceKwh":0.32}},{"type":"Feature","geometry":{"type":"Point","coordinates":[4.703837,52.289047]},"properties":{"type":"charge","layer":"passenger","locationId":"923000","name":"P39 DAE_NL_2000459","address":"Taurusavenue 133","city":"Hoofddorp","operatorName":"DAEN Mobility","maxPowerKw":22,"isMegawatt":false,"status":"AVAILABLE","source":"ndw","priceKwh":0.36}},{"type":"Feature","geometry":{"type":"Point","coordinates":[4.74006,52.3784]},"properties":{"type":"charge","layer":"passenger","locationId":"249","name":"Shell Recharge NL Kuyperlaan 30","address":"Kuyperlaan 30","city":"Zwanenburg","operatorName":"Ubitricity","maxPowerKw":11,"isMegawatt":false,"status":"AVAILABLE","source":"ndw","priceKwh":0.392}},{"type":"Feature","geometry":{"type":"Point","coordinates":[4.6500877,52.3127793]},"properties":{"type":"charge","layer":"passenger","locationId":"957","name":"Shell Recharge NL Willemsbos 32","address":"Willemsbos 32","city":"Hoofddorp","operatorName":"Ubitricity","maxPowerKw":22,"isMegawatt":false,"status":"CHARGING","source":"ndw","priceKwh":0.267}},{"type":"Feature","geometry":{"type":"Point","coordinates":[4.69111,52.29996]},"properties":{"type":"charge","layer":"passenger","locationId":"3B53E306-FD9D-4795-9D73-95B7C393B493","name":"TNLP003556 - Klaas van Reeuwijkstraat 60, Hoofddorp","address":"60 Klaas van Reeuwijkstraat","city":"Hoofddorp","operatorName":"TotalEnergies","maxPowerKw":17,"isMegawatt":false,"status":"AVAILABLE","source":"ndw"}},{"type":"Feature","geometry":{"type":"Point","coordinates":[4.674027,52.296793]},"properties":{"type":"charge","layer":"passenger","locationId":"30a35ed2e3bf374a6b63fd0d6c11327c","name":"Femina Mullerstraat 125","address":"Femina Mullerstraat 125","city":"Hoofddorp","operatorName":"Vattenfall InCharge","maxPowerKw":11,"isMegawatt":false,"status":"AVAILABLE","source":"ndw","priceKwh":0.2805}},{"type":"Feature","geometry":{"type":"Point","coordinates":[4.666721,52.316979]},"properties":{"type":"charge","layer":"passenger","locationId":"5a058817-3f96-416f-a652-c3ffdf6381a3","name":"Dassenbos 278","address":"Dassenbos 278","city":"Hoofddorp","operatorName":"Vattenfall InCharge","maxPowerKw":11,"isMegawatt":false,"status":"AVAILABLE","source":"ndw","priceKwh":0.4316}},{"type":"Feature","geometry":{"type":"Point","coordinates":[4.617639,52.276665]},"properties":{"type":"charge","layer":"passenger","locationId":"F1769939-E6CF-40E4-A1FF-60B69A6A1632","name":"TNLP008798 - Bolwerksepoort 48, Nieuw-Vennep","address":"48 Bolwerksepoort","city":"Nieuw-Vennep","operatorName":"TotalEnergies","maxPowerKw":13,"isMegawatt":false,"status":"AVAILABLE","source":"ndw"}},{"type":"Feature","geometry":{"type":"Point","coordinates":[4.6628306,52.3130273]},"properties":{"type":"charge","layer":"passenger","locationId":"1923","name":"Shell Recharge NL Mastbos 517","address":"Mastbos 517","city":"Hoofddorp","operatorName":"Ubitricity","maxPowerKw":22,"isMegawatt":false,"status":"AVAILABLE","source":"ndw","priceKwh":0.267}},{"type":"Feature","geometry":{"type":"Point","coordinates":[4.666134,52.290562]},"properties":{"type":"charge","layer":"passenger","locationId":"91231181","name":"50five-S NL 09100627","address":"Hoofdweg Oostzijde 865","city":"Hoofddorp","operatorName":"50five","maxPowerKw":11,"isMegawatt":false,"status":"AVAILABLE","source":"ndw"}},{"type":"Feature","geometry":{"type":"Point","coordinates":[4.66841,52.29425]},"properties":{"type":"charge","layer":"passenger","locationId":"EAC9729D-29E0-47A9-9ECD-39B7C3C65200","name":"PP004089 - Betje Wolffstraat 2, Hoofddorp","address":"2 Betje Wolffstraat","city":"Hoofddorp","operatorName":"TotalEnergies","maxPowerKw":13,"isMegawatt":false,"status":"AVAILABLE","source":"ndw"}},{"type":"Feature","geometry":{"type":"Point","coordinates":[4.611974,52.323906]},"properties":{"type":"charge","layer":"passenger","locationId":"91531892","name":"Van Leeuwen prive","address":"binnebroekedijk","city":"zwaanshoek","operatorName":"Van Leeuwen","maxPowerKw":11,"isMegawatt":false,"status":"AVAILABLE","source":"ndw"}},{"type":"Feature","geometry":{"type":"Point","coordinates":[4.61739,52.31323]},"properties":{"type":"charge","layer":"passenger","locationId":"207","name":"Shell Recharge NL Waltmanstraat 12","address":"Waltmanstraat 12","city":"Zwaanshoek","operatorName":"Ubitricity","maxPowerKw":11,"isMegawatt":false,"status":"AVAILABLE","source":"ndw","priceKwh":0.392}},{"type":"Feature","geometry":{"type":"Point","coordinates":[4.621989,52.27351]},"properties":{"type":"charge","layer":"passenger","locationId":"B9711F6C-8DE1-458C-A898-E0751BFD187E","name":"TNLP008854 - Falstafflaan 26, Nieuw-Vennep","address":"26 Falstafflaan","city":"Nieuw-Vennep","operatorName":"TotalEnergies","maxPowerKw":13,"isMegawatt":false,"status":"AVAILABLE","source":"ndw"}},{"type":"Feature","geometry":{"type":"Point","coordinates":[4.70467,52.256153]},"properties":{"type":"charge","layer":"passenger","locationId":"FD0B1B77-AA94-40EC-A455-A9623A80F031","name":"TNLP007965 - Kleine Poellaan 55, Rijsenhout","address":"55 Kleine Poellaan","city":"Rijsenhout","operatorName":"TotalEnergies","maxPowerKw":17,"isMegawatt":false,"status":"AVAILABLE","source":"ndw"}},{"type":"Feature","geometry":{"type":"Point","coordinates":[4.786108,52.34081]},"properties":{"type":"charge","layer":"passenger","locationId":"91274948","name":"50five-S NL 17B29101","address":"Pelikaanstraat 16","city":"Badhoevedorp","operatorName":"50five","maxPowerKw":11,"isMegawatt":false,"status":"AVAILABLE","source":"ndw"}},{"type":"Feature","geometry":{"type":"Point","coordinates":[4.650442,52.323178]},"properties":{"type":"charge","layer":"passenger","locationId":"f85c52b8-a464-4f64-ac7d-f6b95acf1446","name":"Simonszand","address":"Simonszand 52","city":"Hoofddorp","operatorName":"Vattenfall InCharge","maxPowerKw":11,"isMegawatt":false,"status":"AVAILABLE","source":"ndw","priceKwh":0.4316}},{"type":"Feature","geometry":{"type":"Point","coordinates":[4.64514,52.30219]},"properties":{"type":"charge","layer":"passenger","locationId":"285","name":"Shell Recharge NL Belvedere 106","address":"Belvedere 106","city":"Hoofddorp","operatorName":"Ubitricity","maxPowerKw":11,"isMegawatt":false,"status":"AVAILABLE","source":"ndw","priceKwh":0.392}},{"type":"Feature","geometry":{"type":"Point","coordinates":[4.706195,52.25752]},"properties":{"type":"charge","layer":"passenger","locationId":"3966870","name":"Laadnet Fysio Cura Plaza","address":"Piet Lanserhof 26","city":"Rijsenhout","operatorName":"Laadnet","maxPowerKw":22,"isMegawatt":false,"status":"AVAILABLE","source":"ndw"}},{"type":"Feature","geometry":{"type":"Point","coordinates":[4.762121,52.348219]},"properties":{"type":"charge","layer":"passenger","locationId":"65df53b360ab16001bc689e3","name":"New Yorkstraat 10","address":"New Yorkstraat 10","city":"Lijnden","operatorName":"E-Flux by Road","maxPowerKw":32,"isMegawatt":false,"status":"AVAILABLE","source":"ndw","priceKwh":0.48}},{"type":"Feature","geometry":{"type":"Point","coordinates":[4.648421,52.264905]},"properties":{"type":"charge","layer":"passenger","locationId":"6a637a51a31a729ca80f80c0","name":"2 Achieve B.V. laadstation 1","address":"Boekweitstraat 23","city":"Nieuw-Vennep","operatorName":"E-Flux by Road","maxPowerKw":22,"isMegawatt":false,"status":"AVAILABLE","source":"ndw","priceKwh":0.55}},{"type":"Feature","geometry":{"type":"Point","coordinates":[4.677655,52.292735]},"properties":{"type":"charge","layer":"passenger","locationId":"3723716","name":"Laadnet Be Ink bv","address":"Jadelaan 49","city":"Hoofddorp","operatorName":"Laadnet","maxPowerKw":22,"isMegawatt":false,"status":"AVAILABLE","source":"ndw"}},{"type":"Feature","geometry":{"type":"Point","coordinates":[4.609637,52.264935]},"properties":{"type":"charge","layer":"passenger","locationId":"2c163cfb-f277-4f83-ac7d-8fa805d0c287","name":"Heideveld 22","address":"Heideveld 22","city":"NIEUW-VENNEP","operatorName":"Vattenfall InCharge","maxPowerKw":11,"isMegawatt":false,"status":"AVAILABLE","source":"ndw","priceKwh":0.4316}},{"type":"Feature","geometry":{"type":"Point","coordinates":[4.69286,52.31356]},"properties":{"type":"charge","layer":"passenger","locationId":"1672101","name":"Laadnet Concept Elektro BV","address":"Graftermeerstraat 49a","city":"Hoofddorp","operatorName":"Laadnet","maxPowerKw":22,"isMegawatt":false,"status":"AVAILABLE","source":"ndw"}},{"type":"Feature","geometry":{"type":"Point","coordinates":[4.664992,52.301556]},"properties":{"type":"charge","layer":"passenger","locationId":"343eeaa3-c508-4d15-b64d-9cfbdd6a0c17","name":"Markenburg","address":"Markenburg 93","city":"Hoofddorp","operatorName":"Vattenfall InCharge","maxPowerKw":11,"isMegawatt":false,"status":"AVAILABLE","source":"ndw","priceKwh":0.4316}},{"type":"Feature","geometry":{"type":"Point","coordinates":[4.751261,52.346966]},"properties":{"type":"charge","layer":"passenger","locationId":"4175084","name":"Laadnet Spicy Soda Hoofdweg","address":"Hoofdweg 121","city":"Lijnden","operatorName":"Laadnet","maxPowerKw":22,"isMegawatt":false,"status":"AVAILABLE","source":"ndw"}},{"type":"Feature","geometry":{"type":"Point","coordinates":[4.656116,52.318685]},"properties":{"type":"charge","layer":"passenger","locationId":"c8a7fd32-5135-40b9-9242-dbf10fdc4256","name":"Roekenbos","address":"Roekenbos 86","city":"Hoofddorp","operatorName":"Vattenfall InCharge","maxPowerKw":11,"isMegawatt":false,"status":"AVAILABLE","source":"ndw","priceKwh":0.4316}},{"type":"Feature","geometry":{"type":"Point","coordinates":[4.57333,52.25966]},"properties":{"type":"charge","layer":"passenger","locationId":"256","name":"Shell Recharge NL Wolgrasstraat 2","address":"Wolgrasstraat 2","city":"Lisserbroek","operatorName":"Ubitricity","maxPowerKw":11,"isMegawatt":false,"status":"AVAILABLE","source":"ndw","priceKwh":0.392}},{"type":"Feature","geometry":{"type":"Point","coordinates":[4.793153,52.321258]},"properties":{"type":"charge","layer":"passenger","locationId":"NLLOC001244","name":"Allego - Schiphol Noord","address":"Loevesteinse Randweg 200","city":"Schiphol","operatorName":"Allego","maxPowerKw":150,"isMegawatt":false,"status":"AVAILABLE","source":"ndw","priceKwh":0.655}},{"type":"Feature","geometry":{"type":"Point","coordinates":[4.674973,52.297372]},"properties":{"type":"charge","layer":"passenger","locationId":"671f6e7a3edee4001c2fe85d","name":"MargaCharge","address":"Marga Klompesingel 50","city":"Hoofddorp","operatorName":"E-Flux by Road","maxPowerKw":22,"isMegawatt":false,"status":"AVAILABLE","source":"ndw","priceKwh":0.45}},{"type":"Feature","geometry":{"type":"Point","coordinates":[4.745427,52.277879]},"properties":{"type":"charge","layer":"passenger","locationId":"4378","name":"50five Exploitatie Regus / PKF Wallast","address":"Beechavenue 54-100","city":"Schiphol Rijk","operatorName":"50five","maxPowerKw":11,"isMegawatt":false,"status":"AVAILABLE","source":"ndw"}},{"type":"Feature","geometry":{"type":"Point","coordinates":[4.63737,52.26064]},"properties":{"type":"charge","layer":"passenger","locationId":"231","name":"Shell Recharge NL Ridderspoorstraat 22","address":"Ridderspoorstraat 22","city":"Nieuw-Vennep","operatorName":"Ubitricity","maxPowerKw":11,"isMegawatt":false,"status":"AVAILABLE","source":"ndw","priceKwh":0.392}},{"type":"Feature","geometry":{"type":"Point","coordinates":[4.63235,52.27522]},"properties":{"type":"charge","layer":"passenger","locationId":"B77F4C01-016E-4859-A9C2-97B0C785ED2A","name":"TNLP003505 - Helsinkilaan 1, Nieuw Vennep","address":"1 Helsinkilaan","city":"Nieuw Vennep","operatorName":"TotalEnergies","maxPowerKw":17,"isMegawatt":false,"status":"AVAILABLE","source":"ndw"}},{"type":"Feature","geometry":{"type":"Point","coordinates":[4.659123,52.29356]},"properties":{"type":"charge","layer":"passenger","locationId":"68CD7B71-DF12-4B98-8C1D-0C76AA1E3084","name":"PP004082 - Catharina Parrlaan 9, Hoofddorp","address":"9 Catharina Parrlaan","city":"Hoofddorp","operatorName":"TotalEnergies","maxPowerKw":13,"isMegawatt":false,"status":"AVAILABLE","source":"ndw"}},{"type":"Feature","geometry":{"type":"Point","coordinates":[4.732281,52.285246]},"properties":{"type":"charge","layer":"passenger","locationId":"1debf8e2-0892-4ce7-aeda-a037ea0d99f5","name":"Kruisweg 397","address":"Kruisweg 397","city":"Rozenburg","operatorName":"Vattenfall InCharge","maxPowerKw":22,"isMegawatt":false,"status":"AVAILABLE","source":"ndw","priceKwh":0.26}},{"type":"Feature","geometry":{"type":"Point","coordinates":[4.571457,52.261772]},"properties":{"type":"charge","layer":"passenger","locationId":"5573A7E1-4AE0-49D1-B99F-106CC8C66D8A","name":"TNLP007676 - Pijlkruidstraat 13, Lisserbroek","address":"13 Pijlkruidstraat","city":"Lisserbroek","operatorName":"TotalEnergies","maxPowerKw":13,"isMegawatt":false,"status":"AVAILABLE","source":"ndw"}},{"type":"Feature","geometry":{"type":"Point","coordinates":[4.68506,52.28859]},"properties":{"type":"charge","layer":"passenger","locationId":"47567035-DDEB-4C26-8BD1-BB4D18ECB380","name":"TNLP003611 - Robijnlaan 4, Hoofddorp","address":"4 Robijnlaan","city":"Hoofddorp","operatorName":"TotalEnergies","maxPowerKw":17,"isMegawatt":false,"status":"CHARGING","source":"ndw"}},{"type":"Feature","geometry":{"type":"Point","coordinates":[4.723362,52.385707]},"properties":{"type":"charge","layer":"passenger","locationId":"91276403","name":"50five-S NL 18B05839","address":"Haarlemmerstraatweg 73C","city":"Halfweg","operatorName":"50five","maxPowerKw":19,"isMegawatt":false,"status":"AVAILABLE","source":"ndw"}},{"type":"Feature","geometry":{"type":"Point","coordinates":[4.702556,52.291028]},"properties":{"type":"charge","layer":"passenger","locationId":"91148953","name":"50five-S NL 04001050","address":"Taurusavenue 16","city":"Hoofddorp","operatorName":"50five","maxPowerKw":11,"isMegawatt":false,"status":"AVAILABLE","source":"ndw"}},{"type":"Feature","geometry":{"type":"Point","coordinates":[4.709411,52.294357]},"properties":{"type":"charge","layer":"passenger","locationId":"6650ca82abc39e001cea4a7a","name":"Antareslaan Hoofddorp","address":"Antereslaan 65","city":"Hoofddorp","operatorName":"Greenchoice B.V.","maxPowerKw":22,"isMegawatt":false,"status":"AVAILABLE","source":"ndw","priceKwh":0.61}},{"type":"Feature","geometry":{"type":"Point","coordinates":[4.701218,52.279996]},"properties":{"type":"charge","layer":"passenger","locationId":"AF3CFA0A-1BCE-47A1-8252-64B961928612","name":"Eneco eMobility SELP Hoofddorp 3 B.V. - Hoofddorp","address":"Contour Avenue 51","city":"Hoofddorp","operatorName":"Eneco","maxPowerKw":22,"isMegawatt":false,"status":"AVAILABLE","source":"ndw","priceKwh":0.32}},{"type":"Feature","geometry":{"type":"Point","coordinates":[4.636607,52.274975]},"properties":{"type":"charge","layer":"passenger","locationId":"19E1A299-518C-44C6-B3B6-C9AE616AE0CA","name":"PP005243 - Athenelaan 167A, Nieuw Vennep","address":"167A Athenelaan","city":"Nieuw Vennep","operatorName":"TotalEnergies","maxPowerKw":13,"isMegawatt":false,"status":"AVAILABLE","source":"ndw"}},{"type":"Feature","geometry":{"type":"Point","coordinates":[4.671757,52.302957]},"properties":{"type":"charge","layer":"passenger","locationId":"9e3287eb-bd96-456a-b9f1-9cdbc9124b93","name":"Soderblomstraat","address":"Soderblomstraat 169","city":"Hoofddorp","operatorName":"Vattenfall InCharge","maxPowerKw":11,"isMegawatt":false,"status":"AVAILABLE","source":"ndw","priceKwh":0.4316}},{"type":"Feature","geometry":{"type":"Point","coordinates":[4.643545,52.299839]},"properties":{"type":"charge","layer":"passenger","locationId":"91170422","name":"50five-S NL 17B28080","address":"Tensenhof 1","city":"Hoofddorp","operatorName":"50five","maxPowerKw":11,"isMegawatt":false,"status":"AVAILABLE","source":"ndw"}},{"type":"Feature","geometry":{"type":"Point","coordinates":[4.703059,52.382183]},"properties":{"type":"charge","layer":"passenger","locationId":"NLCPIL7364315","name":"C1-AMS1-P STATION 3","address":"1 Linieweg","city":"Haarlemmerliede","operatorName":"ChargePoint","maxPowerKw":22,"isMegawatt":false,"status":"AVAILABLE","source":"ndw"}},{"type":"Feature","geometry":{"type":"Point","coordinates":[4.734905,52.38233]},"properties":{"type":"charge","layer":"passenger","locationId":"6a685a05269c627b30fbd91c","name":"Agterberg station 1","address":"De Heining 2","city":"Zwanenburg","operatorName":"E-Flux by Road","maxPowerKw":11,"isMegawatt":false,"status":"AVAILABLE","source":"ndw","priceKwh":0.4}},{"type":"Feature","geometry":{"type":"Point","coordinates":[4.756335,52.373257]},"properties":{"type":"charge","layer":"passenger","locationId":"7BEEF2F9-A7D9-4D63-95F7-9C40898AC9A8","name":"PP005271 - Wilgenlaan 3, Zwanenburg","address":"3 Wilgenlaan","city":"Zwanenburg","operatorName":"TotalEnergies","maxPowerKw":11,"isMegawatt":false,"status":"AVAILABLE","source":"ndw"}},{"type":"Feature","geometry":{"type":"Point","coordinates":[4.691871,52.296337]},"properties":{"type":"charge","layer":"passenger","locationId":"32B4DC1A-CAA1-4F9B-84CA-8CE8A6915ABD","name":"TNLP009821 - Graan voor Visch 13811 X, Hoofddorp","address":"13811 X Graan voor Visch","city":"Hoofddorp","operatorName":"TotalEnergies","maxPowerKw":13,"isMegawatt":false,"status":"AVAILABLE","source":"ndw"}},{"type":"Feature","geometry":{"type":"Point","coordinates":[4.605143,52.26766]},"properties":{"type":"charge","layer":"passenger","locationId":"9B92142E-3AFE-422C-9DD1-4DAB3D7127AA","name":"PP004081 - Stepelerveld 59, Nieuw-Vennep","address":"59 Stepelerveld","city":"Nieuw-Vennep","operatorName":"TotalEnergies","maxPowerKw":13,"isMegawatt":false,"status":"CHARGING","source":"ndw"}},{"type":"Feature","geometry":{"type":"Point","coordinates":[4.6614,52.29989]},"properties":{"type":"charge","layer":"passenger","locationId":"B7F6B76B-B6D2-45CA-B7E7-0D02AE5AEC41","name":"PP004228 - Nijenburg 81, Hoofddorp","address":"81 Nijenburg","city":"Hoofddorp","operatorName":"TotalEnergies","maxPowerKw":13,"isMegawatt":false,"status":"AVAILABLE","source":"ndw"}},{"type":"Feature","geometry":{"type":"Point","coordinates":[4.6433853,52.3182156]},"properties":{"type":"charge","layer":"passenger","locationId":"1442","name":"Shell Recharge NL Brandaris 101","address":"Brandaris 101","city":"Hoofddorp","operatorName":"Ubitricity","maxPowerKw":22,"isMegawatt":false,"status":"CHARGING","source":"ndw","priceKwh":0.267}},{"type":"Feature","geometry":{"type":"Point","coordinates":[4.680319,52.313522]},"properties":{"type":"charge","layer":"passenger","locationId":"987538F2-8685-4EBE-AC21-D108C4C8C36E","name":"TNLP034605 - Houtwijkerveld 107, Hoofddorp","address":"107 Houtwijkerveld","city":"Hoofddorp","operatorName":"TotalEnergies","maxPowerKw":13,"isMegawatt":false,"status":"AVAILABLE","source":"ndw"}},{"type":"Feature","geometry":{"type":"Point","coordinates":[4.6749224,52.294464]},"properties":{"type":"charge","layer":"passenger","locationId":"1233","name":"Shell Recharge NL Elisa van Calcarstraat 33","address":"Elisa van Calcarstraat 33","city":"Hoofddorp","operatorName":"Ubitricity","maxPowerKw":22,"isMegawatt":false,"status":"AVAILABLE","source":"ndw","priceKwh":0.267}},{"type":"Feature","geometry":{"type":"Point","coordinates":[4.661745,52.31568]},"properties":{"type":"charge","layer":"passenger","locationId":"0AFE8E69-1FCE-43F5-9F86-C1C9BF9C4EB3","name":"TNLP034658 - Bervoetsbos 240, Hoofddorp","address":"240 Bervoetsbos","city":"Hoofddorp","operatorName":"TotalEnergies","maxPowerKw":13,"isMegawatt":false,"status":"UNAVAILABLE","source":"ndw"}},{"type":"Feature","geometry":{"type":"Point","coordinates":[4.677029,52.303857]},"properties":{"type":"charge","layer":"passenger","locationId":"866d8aa866ad0b3501636a3e329336df","name":"Bernadottestraat 15","address":"Bernadottestraat 15","city":"Hoofddorp","operatorName":"Vattenfall InCharge","maxPowerKw":11,"isMegawatt":false,"status":"AVAILABLE","source":"ndw","priceKwh":0.2805}},{"type":"Feature","geometry":{"type":"Point","coordinates":[4.731645,52.267761]},"properties":{"type":"charge","layer":"passenger","locationId":"647f29176ddd59001cf9de0e","name":"Zantingh Paal 3","address":"Aarbergerweg 9","city":"Rijsenhout","operatorName":"E-Flux by Road","maxPowerKw":11,"isMegawatt":false,"status":"AVAILABLE","source":"ndw","priceKwh":0.56}},{"type":"Feature","geometry":{"type":"Point","coordinates":[4.781659,52.285852]},"properties":{"type":"charge","layer":"passenger","locationId":"685513e9adc6329cfc0494c9","name":"Lader 9 (180kW) - T184-HU1-4723-018","address":"Fokkerweg 171","city":"Oude Meer","operatorName":"NXT Charging Solutions","maxPowerKw":180,"isMegawatt":false,"status":"CHARGING","source":"ndw","priceKwh":0.57}},{"type":"Feature","geometry":{"type":"Point","coordinates":[4.751886,52.278545]},"properties":{"type":"charge","layer":"passenger","locationId":"90932562","name":"Van Leeuwen Boeingavenue 50","address":"Boeingavenue 50","city":"Schiphol-Rijk","operatorName":"Van Leeuwen","maxPowerKw":22,"isMegawatt":false,"status":"AVAILABLE","source":"ndw"}},{"type":"Feature","geometry":{"type":"Point","coordinates":[4.690693,52.307251]},"properties":{"type":"charge","layer":"passenger","locationId":"90944640","name":"Van Leeuwen Lapats","address":"Kruisweg 1043","city":"Hoofddorp","operatorName":"Van Leeuwen","maxPowerKw":2,"isMegawatt":false,"status":"UNAVAILABLE","source":"ndw"}},{"type":"Feature","geometry":{"type":"Point","coordinates":[4.664585,52.305021]},"properties":{"type":"charge","layer":"passenger","locationId":"4309716","name":"Laadnet VvE Sterkenburg","address":"Assumburg 59-93","city":"Hoofddorp","operatorName":"Laadnet","maxPowerKw":22,"isMegawatt":false,"status":"AVAILABLE","source":"ndw"}},{"type":"Feature","geometry":{"type":"Point","coordinates":[4.676177,52.351928]},"properties":{"type":"charge","layer":"passenger","locationId":"91086327","name":"50five-S NL 17B33212","address":"Spieringhof 6","city":"Vijfhuizen","operatorName":"50five","maxPowerKw":11,"isMegawatt":false,"status":"AVAILABLE","source":"ndw"}},{"type":"Feature","geometry":{"type":"Point","coordinates":[4.628462,52.252572]},"properties":{"type":"charge","layer":"passenger","locationId":"63422300","name":"Van Leeuwen Ploegkozijnen","address":"Pesetaweg 45","city":"Nieuw Vennep","operatorName":"Van Leeuwen","maxPowerKw":22,"isMegawatt":false,"status":"AVAILABLE","source":"ndw"}},{"type":"Feature","geometry":{"type":"Point","coordinates":[4.612422,52.273773]},"properties":{"type":"charge","layer":"passenger","locationId":"87A1474F-8FF6-45BC-B0BA-5DA2F5A2245F","name":"TNLP006621 - Vossestein 20, Nieuw-Vennep","address":"20 Vossestein","city":"Nieuw-Vennep","operatorName":"TotalEnergies","maxPowerKw":13,"isMegawatt":false,"status":"AVAILABLE","source":"ndw"}},{"type":"Feature","geometry":{"type":"Point","coordinates":[4.67195,52.29262]},"properties":{"type":"charge","layer":"passenger","locationId":"620","name":"Shell Recharge NL Judith Leysterstraat 1","address":"Judith Leysterstraat 1","city":"Hoofddorp","operatorName":"Ubitricity","maxPowerKw":11,"isMegawatt":false,"status":"CHARGING","source":"ndw","priceKwh":0.392}},{"type":"Feature","geometry":{"type":"Point","coordinates":[4.653031,52.302712]},"properties":{"type":"charge","layer":"passenger","locationId":"ad3d9adb-b461-423a-9dc1-f5272986a1b3","name":"Walenburg 2","address":"Walenburg 2","city":"Hoofddorp","operatorName":"Vattenfall InCharge","maxPowerKw":11,"isMegawatt":false,"status":"AVAILABLE","source":"ndw","priceKwh":0.4316}},{"type":"Feature","geometry":{"type":"Point","coordinates":[4.68207,52.295428]},"properties":{"type":"charge","layer":"passenger","locationId":"69b7cc3b29eb5a94a3d246cc","name":"Opaallaan 1206–1212","address":"Opaallaan 1206-1212","city":"Hoofddorp","operatorName":"Pluq","maxPowerKw":11,"isMegawatt":false,"status":"AVAILABLE","source":"ndw","priceKwh":0.4}},{"type":"Feature","geometry":{"type":"Point","coordinates":[4.641529,52.300993]},"properties":{"type":"charge","layer":"passenger","locationId":"91056185","name":"50five-S NL 03005114","address":"Belfort 19","city":"Hoofddorp","operatorName":"50five","maxPowerKw":4,"isMegawatt":false,"status":"AVAILABLE","source":"ndw"}},{"type":"Feature","geometry":{"type":"Point","coordinates":[4.637249,52.264397]},"properties":{"type":"charge","layer":"passenger","locationId":"91299548","name":"50five-S NL Location","address":"Bosstraat","city":"Nieuw-Vennep","operatorName":"50five","maxPowerKw":11,"isMegawatt":false,"status":"AVAILABLE","source":"ndw"}},{"type":"Feature","geometry":{"type":"Point","coordinates":[4.809174,52.307209]},"properties":{"type":"charge","layer":"passenger","locationId":"69aecf40f3ef2f87603f8a3d","name":"Toren Centrum","address":"Stationsplein-ZW 1001","city":"Schiphol","operatorName":"E-Flux by Road","maxPowerKw":22,"isMegawatt":false,"status":"AVAILABLE","source":"ndw","priceKwh":0.2584}},{"type":"Feature","geometry":{"type":"Point","coordinates":[4.781397,52.333904]},"properties":{"type":"charge","layer":"passenger","locationId":"FAF086B2-279F-491B-B679-6FE6FCD55E71","name":"TNLP015340 - Plesmanlaan 41, Badhoevedorp","address":"41 Plesmanlaan","city":"Badhoevedorp","operatorName":"TotalEnergies","maxPowerKw":17,"isMegawatt":false,"status":"AVAILABLE","source":"ndw"}},{"type":"Feature","geometry":{"type":"Point","coordinates":[4.75736,52.38188]},"properties":{"type":"charge","layer":"passenger","locationId":"280626D7-6E83-4E18-AB7D-287034CCE9CE","name":"PP005053 - Houtrijkstraat 40, Halfweg","address":"40 Houtrijkstraat","city":"Halfweg","operatorName":"TotalEnergies","maxPowerKw":11,"isMegawatt":false,"status":"AVAILABLE","source":"ndw"}},{"type":"Feature","geometry":{"type":"Point","coordinates":[4.688993,52.295837]},"properties":{"type":"charge","layer":"passenger","locationId":"40891ed8-e60a-41ee-a575-0ca58fd00439","name":"Graan voor Visch 16001","address":"Graan voor Visch 16001","city":"Hoofddorp","operatorName":"Vattenfall InCharge","maxPowerKw":11,"isMegawatt":false,"status":"UNAVAILABLE","source":"ndw","priceKwh":0.4316}},{"type":"Feature","geometry":{"type":"Point","coordinates":[4.703837,52.289047]},"properties":{"type":"charge","layer":"passenger","locationId":"922985","name":"P32 DAE_NL_2000452","address":"Taurusavenue 133","city":"Hoofddorp","operatorName":"DAEN Mobility","maxPowerKw":22,"isMegawatt":false,"status":"AVAILABLE","source":"ndw","priceKwh":0.36}},{"type":"Feature","geometry":{"type":"Point","coordinates":[4.62963,52.30543]},"properties":{"type":"charge","layer":"passenger","locationId":"e77ccafa-414b-4501-8bf1-2ee690829db6","name":"PP001448 - Westhove 46, Hoofddorp","address":"46 Westhove","city":"Hoofddorp","operatorName":"TotalEnergies","maxPowerKw":11,"isMegawatt":false,"status":"CHARGING","source":"ndw"}},{"type":"Feature","geometry":{"type":"Point","coordinates":[4.616758,52.269317]},"properties":{"type":"charge","layer":"passenger","locationId":"916c0122-042b-4f7c-ac55-4d5229fbec79","name":"Beethovenlaan 26","address":"Beethovenlaan 26","city":"NIEUW-VENNEP","operatorName":"Vattenfall InCharge","maxPowerKw":11,"isMegawatt":false,"status":"AVAILABLE","source":"ndw","priceKwh":0.4316}},{"type":"Feature","geometry":{"type":"Point","coordinates":[4.703837,52.289047]},"properties":{"type":"charge","layer":"passenger","locationId":"923004","name":"P40 DAE_NL_2001212","address":"Taurusavenue 133","city":"Hoofddorp","operatorName":"DAEN Mobility","maxPowerKw":22,"isMegawatt":false,"status":"AVAILABLE","source":"ndw"}},{"type":"Feature","geometry":{"type":"Point","coordinates":[4.703837,52.289047]},"properties":{"type":"charge","layer":"passenger","locationId":"923011","name":"P47 DAE_NL_2000467","address":"Taurusavenue 133","city":"Hoofddorp","operatorName":"DAEN Mobility","maxPowerKw":22,"isMegawatt":false,"status":"AVAILABLE","source":"ndw","priceKwh":0.36}},{"type":"Feature","geometry":{"type":"Point","coordinates":[4.703837,52.289047]},"properties":{"type":"charge","layer":"passenger","locationId":"923015","name":"P53 DAE_NL_2000471","address":"Taurusavenue 133","city":"Hoofddorp","operatorName":"DAEN Mobility","maxPowerKw":22,"isMegawatt":false,"status":"AVAILABLE","source":"ndw","priceKwh":0.36}},{"type":"Feature","geometry":{"type":"Point","coordinates":[4.762054,52.348278]},"properties":{"type":"charge","layer":"passenger","locationId":"6752f1f026783c8eb60b1c0a","name":"New Yorkstraat 16","address":"New Yorkstraat 16","city":"Lijnden","operatorName":"E-Flux by Road","maxPowerKw":22,"isMegawatt":false,"status":"UNAVAILABLE","source":"ndw","priceKwh":0.38}},{"type":"Feature","geometry":{"type":"Point","coordinates":[4.703837,52.289047]},"properties":{"type":"charge","layer":"passenger","locationId":"922991","name":"P34 DAE_NL_2000454","address":"Taurusavenue 133","city":"Hoofddorp","operatorName":"DAEN Mobility","maxPowerKw":22,"isMegawatt":false,"status":"AVAILABLE","source":"ndw","priceKwh":0.36}},{"type":"Feature","geometry":{"type":"Point","coordinates":[4.68064,52.30221]},"properties":{"type":"charge","layer":"passenger","locationId":"877d78f87a7616dbce84621f75ee3fea","name":"Martin Luther Kingstraat 7","address":"Martin Luther Kingstraat 7","city":"Hoofddorp","operatorName":"Vattenfall InCharge","maxPowerKw":11,"isMegawatt":false,"status":"AVAILABLE","source":"ndw","priceKwh":0.2805}},{"type":"Feature","geometry":{"type":"Point","coordinates":[4.664594,52.29264]},"properties":{"type":"charge","layer":"passenger","locationId":"05051F18-C493-4AF3-886D-8A61B6E48582","name":"PP005197 - Koningin Maximalaan 59, Hoofddorp","address":"59 Koningin Maximalaan","city":"Hoofddorp","operatorName":"TotalEnergies","maxPowerKw":13,"isMegawatt":false,"status":"AVAILABLE","source":"ndw"}},{"type":"Feature","geometry":{"type":"Point","coordinates":[4.70601,52.30965]},"properties":{"type":"charge","layer":"passenger","locationId":"251","name":"Shell Recharge NL Arnolduspark 13","address":"Arnolduspark 13","city":"Hoofddorp","operatorName":"Ubitricity","maxPowerKw":11,"isMegawatt":false,"status":"CHARGING","source":"ndw","priceKwh":0.392}},{"type":"Feature","geometry":{"type":"Point","coordinates":[4.61667,52.26777]},"properties":{"type":"charge","layer":"passenger","locationId":"654","name":"Shell Recharge NL Beethovenlaan 81","address":"Beethovenlaan 81","city":"Nieuw-Vennep","operatorName":"Ubitricity","maxPowerKw":11,"isMegawatt":false,"status":"AVAILABLE","source":"ndw","priceKwh":0.392}},{"type":"Feature","geometry":{"type":"Point","coordinates":[4.652366,52.310158]},"properties":{"type":"charge","layer":"passenger","locationId":"C61D9557-E622-4BEB-ACBC-933C5BA891F7","name":"TNLP015331 - Speulderbos 19, Hoofddorp","address":"19 Speulderbos","city":"Hoofddorp","operatorName":"TotalEnergies","maxPowerKw":13,"isMegawatt":false,"status":"AVAILABLE","source":"ndw"}},{"type":"Feature","geometry":{"type":"Point","coordinates":[4.649427,52.320243]},"properties":{"type":"charge","layer":"passenger","locationId":"bcc40956-4385-487b-b37d-ea2b2ff8663d","name":"Kobbeduinen","address":"Kobbeduinen 15","city":"Hoofddorp","operatorName":"Vattenfall InCharge","maxPowerKw":11,"isMegawatt":false,"status":"UNAVAILABLE","source":"ndw","priceKwh":0.4316}},{"type":"Feature","geometry":{"type":"Point","coordinates":[4.751054,52.306227]},"properties":{"type":"charge","layer":"passenger","locationId":"691dc196f9517d3283ffa566","name":"Hilton Amsterdam Airport Schiphol","address":"Boulevard 701","city":"Schiphol","operatorName":"E-Flux by Road","maxPowerKw":22,"isMegawatt":false,"status":"AVAILABLE","source":"ndw","priceKwh":0.88}},{"type":"Feature","geometry":{"type":"Point","coordinates":[4.63959,52.30669]},"properties":{"type":"charge","layer":"passenger","locationId":"699","name":"Shell Recharge NL Aalburgplein 57","address":"Aalburgplein 57","city":"Hoofddorp","operatorName":"Ubitricity","maxPowerKw":11,"isMegawatt":false,"status":"AVAILABLE","source":"ndw","priceKwh":0.392}},{"type":"Feature","geometry":{"type":"Point","coordinates":[4.6996883,52.3008844]},"properties":{"type":"charge","layer":"passenger","locationId":"856","name":"Shell Recharge NL Wilhelminalaan 48","address":"Wilhelminalaan 48","city":"Hoofddorp","operatorName":"Ubitricity","maxPowerKw":22,"isMegawatt":false,"status":"AVAILABLE","source":"ndw","priceKwh":0.267}},{"type":"Feature","geometry":{"type":"Point","coordinates":[4.591997,52.235669]},"properties":{"type":"charge","layer":"passenger","locationId":"91121205","name":"50five-S NL 07102779","address":"Hoofdweg Westzijde 1571","city":"Abbenes","operatorName":"50five","maxPowerKw":11,"isMegawatt":false,"status":"AVAILABLE","source":"ndw"}},{"type":"Feature","geometry":{"type":"Point","coordinates":[4.773202,52.344771]},"properties":{"type":"charge","layer":"passenger","locationId":"49817cde-ab70-467f-9cdd-e7a7e20814e8","name":"Begoniastraat","address":"Begoniastraat 20","city":"Badhoevedorp","operatorName":"Vattenfall InCharge","maxPowerKw":11,"isMegawatt":false,"status":"UNAVAILABLE","source":"ndw","priceKwh":0.4316}},{"type":"Feature","geometry":{"type":"Point","coordinates":[4.739158,52.282225]},"properties":{"type":"charge","layer":"passenger","locationId":"91091166","name":"50five-S NL ICUEVE000466","address":"Aalsmeerderweg 604","city":"Rozenburg","operatorName":"50five","maxPowerKw":22,"isMegawatt":false,"status":"UNAVAILABLE","source":"ndw"}},{"type":"Feature","geometry":{"type":"Point","coordinates":[4.746423,52.298016]},"properties":{"type":"charge","layer":"passenger","locationId":"DA3A60E6-0706-4A9D-850C-CA1665DA5652","name":"Eneco eMobility dnata BV - Pelikaanweg 1 - Schiphol-Rijk","address":"Pelikaanweg 1","city":"Amsterdam Airport Schiphol","operatorName":"Eneco","maxPowerKw":22,"isMegawatt":false,"status":"UNAVAILABLE","source":"ndw","priceKwh":0.32}},{"type":"Feature","geometry":{"type":"Point","coordinates":[4.732039,52.385385]},"properties":{"type":"charge","layer":"passenger","locationId":"91276113","name":"50five-S NL 18B16988","address":"Leeweg 5","city":"Zwanenburg","operatorName":"50five","maxPowerKw":11,"isMegawatt":false,"status":"AVAILABLE","source":"ndw"}},{"type":"Feature","geometry":{"type":"Point","coordinates":[4.640769,52.300148]},"properties":{"type":"charge","layer":"passenger","locationId":"669e0855f95132001c4f929f","name":"E-Flux Loadstation","address":"Obelisk 2","city":"Hoofddorp","operatorName":"E-Flux by Road","maxPowerKw":22,"isMegawatt":false,"status":"AVAILABLE","source":"ndw","priceKwh":0.56}},{"type":"Feature","geometry":{"type":"Point","coordinates":[4.671448,52.232097]},"properties":{"type":"charge","layer":"passenger","locationId":"6372a63c50716dc72fd1c511","name":"Grand Café de Parel","address":"Leimuiderdijk 364","city":"Leimuiderbrug","operatorName":"E-Flux by Road","maxPowerKw":7,"isMegawatt":false,"status":"AVAILABLE","source":"ndw","priceKwh":0.75}},{"type":"Feature","geometry":{"type":"Point","coordinates":[4.711509,52.29134]},"properties":{"type":"charge","layer":"passenger","locationId":"91106922","name":"50five-S NL ICUEVE000483","address":"Siriusdreef 10","city":"Hoofddorp","operatorName":"50five","maxPowerKw":22,"isMegawatt":false,"status":"UNAVAILABLE","source":"ndw"}},{"type":"Feature","geometry":{"type":"Point","coordinates":[4.750809,52.279605]},"properties":{"type":"charge","layer":"passenger","locationId":"689a009f5e9ceb8656f4538e","name":"roger ciapponi 's station","address":"boeingavenue 2","city":"schiphol-rijk","operatorName":"E-Flux by Road","maxPowerKw":22,"isMegawatt":false,"status":"AVAILABLE","source":"ndw","priceKwh":0.73}},{"type":"Feature","geometry":{"type":"Point","coordinates":[4.74274,52.385635]},"properties":{"type":"charge","layer":"passenger","locationId":"NLLOC001523","name":"NLD, Badhoevedorp, Haarlemmerstraatweg 51","address":"Haarlemmerstraatweg 51","city":"Halfweg","operatorName":"Allego","maxPowerKw":11,"isMegawatt":false,"status":"AVAILABLE","source":"ndw","priceKwh":0.322}},{"type":"Feature","geometry":{"type":"Point","coordinates":[4.761966,52.341571]},"properties":{"type":"charge","layer":"passenger","locationId":"AEB71ADC-0F8B-4281-A2D9-488BF6E6048E","name":"Eneco eMobility ASR Dutch Core Residential Fund Rivage","address":"Oleanderlaan 176","city":"Badhoevedorp","operatorName":"Eneco","maxPowerKw":22,"isMegawatt":false,"status":"AVAILABLE","source":"ndw","priceKwh":0.32}},{"type":"Feature","geometry":{"type":"Point","coordinates":[4.68258,52.29756]},"properties":{"type":"charge","layer":"passenger","locationId":"164","name":"Shell Recharge NL Graan voor Visch 17201","address":"Graan voor Visch 17201","city":"Hoofddorp","operatorName":"Ubitricity","maxPowerKw":11,"isMegawatt":false,"status":"AVAILABLE","source":"ndw","priceKwh":0.392}},{"type":"Feature","geometry":{"type":"Point","coordinates":[4.700226,52.280495]},"properties":{"type":"charge","layer":"passenger","locationId":"147A0B2B-1945-4748-90E1-7838B967D95F","name":"Eneco eMobility Dreamstreet 21 - Hoofddorp - Selp","address":"Dreamstreet 21","city":"Hoofddorp","operatorName":"Eneco","maxPowerKw":11,"isMegawatt":false,"status":"AVAILABLE","source":"ndw"}},{"type":"Feature","geometry":{"type":"Point","coordinates":[4.655342,52.315376]},"properties":{"type":"charge","layer":"passenger","locationId":"23CD8E7B-2BD3-4B42-A730-A23F9385F278","name":"PP005580 - Wallebos 102, Hoofddorp","address":"102 Wallebos","city":"Hoofddorp","operatorName":"TotalEnergies","maxPowerKw":13,"isMegawatt":false,"status":"AVAILABLE","source":"ndw"}},{"type":"Feature","geometry":{"type":"Point","coordinates":[4.57174,52.25734]},"properties":{"type":"charge","layer":"passenger","locationId":"667","name":"Shell Recharge NL Muntstraat 149","address":"Muntstraat 149","city":"Lisserbroek","operatorName":"Ubitricity","maxPowerKw":11,"isMegawatt":false,"status":"AVAILABLE","source":"ndw","priceKwh":0.392}},{"type":"Feature","geometry":{"type":"Point","coordinates":[4.645953,52.270655]},"properties":{"type":"charge","layer":"passenger","locationId":"64804709f0d462001c9a2a98","name":"Kees Nielen 's station","address":"Haverstraat  99","city":"Nieuw Vennep","operatorName":"E-Flux by Road","maxPowerKw":22,"isMegawatt":false,"status":"AVAILABLE","source":"ndw"}},{"type":"Feature","geometry":{"type":"Point","coordinates":[4.6701755,52.3104603]},"properties":{"type":"charge","layer":"passenger","locationId":"1364","name":"Shell Recharge NL Skagerrak 384","address":"Skagerrak 384","city":"Hoofddorp","operatorName":"Ubitricity","maxPowerKw":22,"isMegawatt":false,"status":"AVAILABLE","source":"ndw","priceKwh":0.267}},{"type":"Feature","geometry":{"type":"Point","coordinates":[4.658907,52.321228]},"properties":{"type":"charge","layer":"passenger","locationId":"4d5a32b2-607d-4ba8-903f-fe084737ffab","name":"Ravensbos 123","address":"Ravensbos 123","city":"Hoofddorp","operatorName":"Vattenfall InCharge","maxPowerKw":11,"isMegawatt":false,"status":"AVAILABLE","source":"ndw","priceKwh":0.4316}},{"type":"Feature","geometry":{"type":"Point","coordinates":[4.60678,52.26984]},"properties":{"type":"charge","layer":"passenger","locationId":"740","name":"Shell Recharge NL Zuilensteinsingel 70","address":"Zuilensteinsingel 70","city":"Nieuw-Vennep","operatorName":"Ubitricity","maxPowerKw":11,"isMegawatt":false,"status":"AVAILABLE","source":"ndw","priceKwh":0.392}},{"type":"Feature","geometry":{"type":"Point","coordinates":[4.639077,52.274522]},"properties":{"type":"charge","layer":"passenger","locationId":"3966704","name":"Laadnet Athenelaan","address":"Athenelaan 191","city":"Nieuw-Vennep","operatorName":"Laadnet","maxPowerKw":11,"isMegawatt":false,"status":"CHARGING","source":"ndw"}},{"type":"Feature","geometry":{"type":"Point","coordinates":[4.628203,52.264174]},"properties":{"type":"charge","layer":"passenger","locationId":"66db08f3231266001c9aac63","name":"Protestantse Gemeente de Rank","address":"Eugenie Prévinaireweg  14","city":"Nieuw-Vennep","operatorName":"E-Flux by Road","maxPowerKw":22,"isMegawatt":false,"status":"AVAILABLE","source":"ndw","priceKwh":0.4}},{"type":"Feature","geometry":{"type":"Point","coordinates":[4.7806062,52.3427363]},"properties":{"type":"charge","layer":"passenger","locationId":"1711","name":"Shell Recharge NL Pascalstraat 20","address":"Pascalstraat 20","city":"Badhoevedorp","operatorName":"Ubitricity","maxPowerKw":22,"isMegawatt":false,"status":"AVAILABLE","source":"ndw","priceKwh":0.267}},{"type":"Feature","geometry":{"type":"Point","coordinates":[4.698979,52.307224]},"properties":{"type":"charge","layer":"passenger","locationId":"d174add4762d55c2ffb440444b50a14e","name":"Van Den Berghlaan 609","address":"Van Den Berghlaan 609","city":"Hoofddorp","operatorName":"Vattenfall InCharge","maxPowerKw":11,"isMegawatt":false,"status":"AVAILABLE","source":"ndw","priceKwh":0.2805}},{"type":"Feature","geometry":{"type":"Point","coordinates":[4.637579,52.260088]},"properties":{"type":"charge","layer":"passenger","locationId":"6926db04dbf2ff2a3031a0f8","name":"Bob Verkuijl 's station","address":"Wikkestraat  25","city":"Nieuw-Vennep","operatorName":"E-Flux by Road","maxPowerKw":22,"isMegawatt":false,"status":"CHARGING","source":"ndw","priceKwh":0.38}},{"type":"Feature","geometry":{"type":"Point","coordinates":[4.639212,52.2988043]},"properties":{"type":"charge","layer":"passenger","locationId":"2278","name":"Shell Recharge NL Lakenhallen 46","address":"Lakenhallen 46","city":"Hoofddorp","operatorName":"Ubitricity","maxPowerKw":22,"isMegawatt":false,"status":"AVAILABLE","source":"ndw","priceKwh":0.267}},{"type":"Feature","geometry":{"type":"Point","coordinates":[4.67287,52.30959]},"properties":{"type":"charge","layer":"passenger","locationId":"4812141c-6f59-4f9a-9940-a1afba4921d4","name":"PP001309 - Skagerrak 109, Hoofddorp","address":"109 Skagerrak","city":"Hoofddorp","operatorName":"TotalEnergies","maxPowerKw":11,"isMegawatt":false,"status":"UNAVAILABLE","source":"ndw"}},{"type":"Feature","geometry":{"type":"Point","coordinates":[4.743949,52.378494]},"properties":{"type":"charge","layer":"passenger","locationId":"D168357A-77A2-4419-B9CF-8B546FD140BE","name":"TNLP008606 - Plantsoenlaan 87, Zwanenburg","address":"87 Plantsoenlaan","city":"Zwanenburg","operatorName":"TotalEnergies","maxPowerKw":14,"isMegawatt":false,"status":"AVAILABLE","source":"ndw"}},{"type":"Feature","geometry":{"type":"Point","coordinates":[4.66724,52.31486]},"properties":{"type":"charge","layer":"passenger","locationId":"e63d99c8-7337-4f9f-9f14-b952db20de5d","name":"PP001403 - Stoholm 4, Hoofddorp","address":"4 Stoholm","city":"Hoofddorp","operatorName":"TotalEnergies","maxPowerKw":11,"isMegawatt":false,"status":"AVAILABLE","source":"ndw"}},{"type":"Feature","geometry":{"type":"Point","coordinates":[4.574362,52.256577]},"properties":{"type":"charge","layer":"passenger","locationId":"bad5ee82-786d-455a-9785-aff630a75779","name":"Dopheidestraat","address":"Dopheidestraat 2","city":"Lisserbroek","operatorName":"Vattenfall InCharge","maxPowerKw":11,"isMegawatt":false,"status":"AVAILABLE","source":"ndw","priceKwh":0.4316}},{"type":"Feature","geometry":{"type":"Point","coordinates":[4.637624,52.305446]},"properties":{"type":"charge","layer":"passenger","locationId":"91150351","name":"50five-S NL 07102215","address":"Kramerhof 12","city":"Hoofddorp","operatorName":"50five","maxPowerKw":8,"isMegawatt":false,"status":"AVAILABLE","source":"ndw"}},{"type":"Feature","geometry":{"type":"Point","coordinates":[4.63155,52.33332]},"properties":{"type":"charge","layer":"passenger","locationId":"1605835","name":"Laadnet De Ruijtermeubel","address":"Spaarneweg 24","city":"Cruquius","operatorName":"Laadnet","maxPowerKw":22,"isMegawatt":false,"status":"AVAILABLE","source":"ndw"}},{"type":"Feature","geometry":{"type":"Point","coordinates":[4.61441,52.26612]},"properties":{"type":"charge","layer":"passenger","locationId":"168","name":"Shell Recharge NL Schubertlaan 44","address":"Schubertlaan 44","city":"Nieuw-Vennep","operatorName":"Ubitricity","maxPowerKw":11,"isMegawatt":false,"status":"AVAILABLE","source":"ndw","priceKwh":0.392}},{"type":"Feature","geometry":{"type":"Point","coordinates":[4.731853,52.38597]},"properties":{"type":"charge","layer":"passenger","locationId":"91275188","name":"50five-S NL 18B13860","address":"Zwanenburgerdijk 291","city":"Zwanenburg","operatorName":"50five","maxPowerKw":11,"isMegawatt":false,"status":"AVAILABLE","source":"ndw"}},{"type":"Feature","geometry":{"type":"Point","coordinates":[4.68594,52.28984]},"properties":{"type":"charge","layer":"passenger","locationId":"C8A4A11C-46F0-45E2-AC05-ECFECE4BEF7A","name":"TNLP003644 - Saffierlaan 4, Hoofddorp","address":"4 Saffierlaan","city":"Hoofddorp","operatorName":"TotalEnergies","maxPowerKw":17,"isMegawatt":false,"status":"AVAILABLE","source":"ndw"}},{"type":"Feature","geometry":{"type":"Point","coordinates":[4.685528,52.251676]},"properties":{"type":"charge","layer":"passenger","locationId":"91276129","name":"50five-S NL ICUEVE000721","address":"Lavendelweg 10","city":"Rijsenhout","operatorName":"50five","maxPowerKw":22,"isMegawatt":false,"status":"UNAVAILABLE","source":"ndw"}},{"type":"Feature","geometry":{"type":"Point","coordinates":[4.64908,52.337213]},"properties":{"type":"charge","layer":"passenger","locationId":"6a4cacd17549e7ea10ab657c","name":"Paul De SWART 's station","address":"Laan van Wickevoort 52","city":"Cruquius","operatorName":"E-Flux by Road","maxPowerKw":11,"isMegawatt":false,"status":"AVAILABLE","source":"ndw","priceKwh":0.58}},{"type":"Feature","geometry":{"type":"Point","coordinates":[4.632788,52.301083]},"properties":{"type":"charge","layer":"passenger","locationId":"CFFC83E4-96CD-44B9-AD3C-25736C7037C7","name":"TNLP015073 - Bennebroekerweg 800a, Hoofddorp","address":"800a Bennebroekerweg","city":"Hoofddorp","operatorName":"TotalEnergies","maxPowerKw":13,"isMegawatt":false,"status":"AVAILABLE","source":"ndw"}},{"type":"Feature","geometry":{"type":"Point","coordinates":[4.64228,52.31376]},"properties":{"type":"charge","layer":"passenger","locationId":"76880822-7ff0-4b96-ae91-6b4da304824a","name":"PP001419 - De Slufter 56, Hoofddorp","address":"56 De Slufter","city":"Hoofddorp","operatorName":"TotalEnergies","maxPowerKw":11,"isMegawatt":false,"status":"AVAILABLE","source":"ndw"}},{"type":"Feature","geometry":{"type":"Point","coordinates":[4.632158,52.33439]},"properties":{"type":"charge","layer":"passenger","locationId":"56062021","name":"Laadpaal24 56062021","address":"Spaarneweg 18","city":"Cruquius","operatorName":"Laadpaal24","maxPowerKw":22,"isMegawatt":false,"status":"UNAVAILABLE","source":"ndw"}},{"type":"Feature","geometry":{"type":"Point","coordinates":[4.68078,52.292]},"properties":{"type":"charge","layer":"passenger","locationId":"812E371F-E4AC-4468-8427-0CDD94A7C97D","name":"TNLP003607 - Jadelaan 157, Hoofddorp","address":"157 Jadelaan","city":"Hoofddorp","operatorName":"TotalEnergies","maxPowerKw":17,"isMegawatt":false,"status":"AVAILABLE","source":"ndw"}},{"type":"Feature","geometry":{"type":"Point","coordinates":[4.681494,52.292935]},"properties":{"type":"charge","layer":"passenger","locationId":"89182984","name":"Van Leeuwen Opaallaan","address":"Opaallaan","city":"Hoofddorp","operatorName":"Van Leeuwen","maxPowerKw":22,"isMegawatt":false,"status":"AVAILABLE","source":"ndw"}},{"type":"Feature","geometry":{"type":"Point","coordinates":[4.71035,52.301933]},"properties":{"type":"charge","layer":"passenger","locationId":"91230860","name":"50five-S NL 07119008","address":"Bolstralaan 19","city":"Hoofddorp","operatorName":"50five","maxPowerKw":11,"isMegawatt":false,"status":"AVAILABLE","source":"ndw"}},{"type":"Feature","geometry":{"type":"Point","coordinates":[4.698983,52.2934]},"properties":{"type":"charge","layer":"passenger","locationId":"91196571","name":"50five-S NL 08100604","address":"Mercuriusplein 1","city":"Hoofddorp","operatorName":"50five","maxPowerKw":11,"isMegawatt":false,"status":"UNAVAILABLE","source":"ndw"}},{"type":"Feature","geometry":{"type":"Point","coordinates":[4.694237,52.361552]},"properties":{"type":"charge","layer":"passenger","locationId":"676490cd381466804d2f5b38","name":"Stal station","address":"Kromme Spieringweg 268 A","city":"Vijfhuizen","operatorName":"E-Flux by Road","maxPowerKw":14,"isMegawatt":false,"status":"AVAILABLE","source":"ndw","priceKwh":0.47}},{"type":"Feature","geometry":{"type":"Point","coordinates":[4.660594,52.298634]},"properties":{"type":"charge","layer":"passenger","locationId":"281C96D4-25AF-4AE4-86B6-C5738A6E49BD","name":"TNLP034232 - Rondenburglaan 98, Hoofddorp","address":"98 Rondenburglaan","city":"Hoofddorp","operatorName":"TotalEnergies","maxPowerKw":13,"isMegawatt":false,"status":"UNAVAILABLE","source":"ndw"}},{"type":"Feature","geometry":{"type":"Point","coordinates":[4.684933,52.352699]},"properties":{"type":"charge","layer":"passenger","locationId":"91228190","name":"50five-S NL 07142645","address":"Mient 126","city":"Vijfhuizen","operatorName":"50five","maxPowerKw":14,"isMegawatt":false,"status":"AVAILABLE","source":"ndw"}},{"type":"Feature","geometry":{"type":"Point","coordinates":[4.695941,52.314035]},"properties":{"type":"charge","layer":"passenger","locationId":"646dfb2d0e4a3d001cef5c84","name":"GYM Hoofddorp (Sportschool)","address":"Daalmeerstraat 3","city":"Hoofddorp","operatorName":"E-Flux by Road","maxPowerKw":11,"isMegawatt":false,"status":"AVAILABLE","source":"ndw","priceKwh":0.63}},{"type":"Feature","geometry":{"type":"Point","coordinates":[4.651649,52.32387]},"properties":{"type":"charge","layer":"passenger","locationId":"91228838","name":"50five-S NL 18B02599","address":"Spaarnepoort 1","city":"Hoofddorp","operatorName":"50five","maxPowerKw":11,"isMegawatt":false,"status":"AVAILABLE","source":"ndw"}},{"type":"Feature","geometry":{"type":"Point","coordinates":[4.781659,52.285852]},"properties":{"type":"charge","layer":"passenger","locationId":"68551318283e1cd66fe7a6cd","name":"Lader 10 (50 kW) - T54HV-IT3-0624-001","address":"Fokkerweg 171","city":"Oude Meer","operatorName":"NXT Charging Solutions","maxPowerKw":63,"isMegawatt":false,"status":"AVAILABLE","source":"ndw","priceKwh":0.57}},{"type":"Feature","geometry":{"type":"Point","coordinates":[4.606181,52.25974]},"properties":{"type":"charge","layer":"passenger","locationId":"272C9374-FFA2-43F8-8A26-2125C9923FD5","name":"Eneco eMobility Transdev - Nieuw Vennep - Getsewoudweg","address":"Getsewoudweg 4","city":"Nieuw Vennep","operatorName":"Eneco","maxPowerKw":22,"isMegawatt":false,"status":"AVAILABLE","source":"ndw"}},{"type":"Feature","geometry":{"type":"Point","coordinates":[4.703837,52.289047]},"properties":{"type":"charge","layer":"passenger","locationId":"922988","name":"P55 DAE_NL_2000473","address":"Taurusavenue 133","city":"Hoofddorp","operatorName":"DAEN Mobility","maxPowerKw":22,"isMegawatt":false,"status":"AVAILABLE","source":"ndw","priceKwh":0.36}},{"type":"Feature","geometry":{"type":"Point","coordinates":[4.655048,52.29129]},"properties":{"type":"charge","layer":"passenger","locationId":"CE3A4F98-1A09-4286-85D4-39D41C1CDB91","name":"PP005057 - John Deelaan 7, Hoofddorp","address":"7 John Deelaan","city":"Hoofddorp","operatorName":"TotalEnergies","maxPowerKw":13,"isMegawatt":false,"status":"AVAILABLE","source":"ndw"}},{"type":"Feature","geometry":{"type":"Point","coordinates":[4.65435,52.2667]},"properties":{"type":"charge","layer":"passenger","locationId":"377E6529-6236-4DFC-AEF1-BB7588186F30","name":"Eneco eMobility Verlaan Holding B.V. -Vennep","address":"Luzernestraat 81","city":"Nieuw-Vennep","operatorName":"Eneco","maxPowerKw":22,"isMegawatt":false,"status":"AVAILABLE","source":"ndw","priceKwh":0.28}},{"type":"Feature","geometry":{"type":"Point","coordinates":[4.645669,52.319745]},"properties":{"type":"charge","layer":"passenger","locationId":"c13b6041-4113-4652-bcc5-92a33292e320","name":"Het Oerd 101","address":"Het Oerd 101","city":"Hoofddorp","operatorName":"Vattenfall InCharge","maxPowerKw":11,"isMegawatt":false,"status":"UNAVAILABLE","source":"ndw","priceKwh":0.4316}},{"type":"Feature","geometry":{"type":"Point","coordinates":[4.678309,52.296871]},"properties":{"type":"charge","layer":"passenger","locationId":"981F1B7C-2507-4E7C-ACEE-DEA5AA576D38","name":"Eneco eMobility Irene Vorrinkstraat 50 Hoofddorp","address":"Irene Vorrinkstraat 50","city":"Hoofddorp","operatorName":"Eneco","maxPowerKw":22,"isMegawatt":false,"status":"UNAVAILABLE","source":"ndw","priceKwh":0.32}},{"type":"Feature","geometry":{"type":"Point","coordinates":[4.693514,52.376869]},"properties":{"type":"charge","layer":"passenger","locationId":"C5ABAFCF-C3C1-4A9D-88F8-60674F25F41D","name":"Eneco eMobility Wilchem Vijfhuizen","address":"Spaarnwouderweg 52","city":"Vijfhuizen","operatorName":"Eneco","maxPowerKw":50,"isMegawatt":false,"status":"AVAILABLE","source":"ndw","priceKwh":0.33}},{"type":"Feature","geometry":{"type":"Point","coordinates":[4.679347,52.34659]},"properties":{"type":"charge","layer":"passenger","locationId":"43D29F75-B1D1-4E16-AEDC-030D694B9EE7","name":"TNLP003638 - Arsenaal 23, Vijfhuizen","address":"23 Arsenaal","city":"Vijfhuizen","operatorName":"TotalEnergies","maxPowerKw":17,"isMegawatt":false,"status":"AVAILABLE","source":"ndw"}},{"type":"Feature","geometry":{"type":"Point","coordinates":[4.676793,52.297985]},"properties":{"type":"charge","layer":"passenger","locationId":"58c74cd4-5c2d-42ee-8333-a0688ef93029","name":"Etta Palmstraat","address":"Etta Palmstraat 112","city":"Hoofddorp","operatorName":"Vattenfall InCharge","maxPowerKw":11,"isMegawatt":false,"status":"AVAILABLE","source":"ndw","priceKwh":0.4316}},{"type":"Feature","geometry":{"type":"Point","coordinates":[4.654336,52.29108]},"properties":{"type":"charge","layer":"passenger","locationId":"91095144","name":"50five-S NL ICUCOMPACT001256","address":"Laan van Buckingham 1","city":"Hoofddorp","operatorName":"50five","maxPowerKw":4,"isMegawatt":false,"status":"UNAVAILABLE","source":"ndw"}},{"type":"Feature","geometry":{"type":"Point","coordinates":[4.632994,52.331343]},"properties":{"type":"charge","layer":"passenger","locationId":"2daff535558c4518b5328bd16c76a9bf","name":" Zwaanshoek Mijn Veranda","address":"Crommelinbaan 16","city":"Cruquius","operatorName":"Opcharge","maxPowerKw":22,"isMegawatt":false,"status":"AVAILABLE","source":"ndw","priceKwh":0.54}},{"type":"Feature","geometry":{"type":"Point","coordinates":[4.73148,52.38423]},"properties":{"type":"charge","layer":"passenger","locationId":"91276406","name":"50five-S NL 08102008","address":"Leeweg 2","city":"Zwanenburg","operatorName":"50five","maxPowerKw":22,"isMegawatt":false,"status":"AVAILABLE","source":"ndw"}},{"type":"Feature","geometry":{"type":"Point","coordinates":[4.766111,52.284056]},"properties":{"type":"charge","layer":"passenger","locationId":"499F71D2-CC43-492B-B6D5-C510431F3A77","name":"Eneco eMobility EdgeConnex - Schiphol-Rijk","address":"Koolhovenlaan 12","city":"SCHIPHOL-RIJK","operatorName":"Eneco","maxPowerKw":11,"isMegawatt":false,"status":"UNAVAILABLE","source":"ndw","priceKwh":0.33}},{"type":"Feature","geometry":{"type":"Point","coordinates":[4.616579,52.261875]},"properties":{"type":"charge","layer":"passenger","locationId":"3E87A7A1-220C-4FA5-97FA-7FDCC49E0EB2","name":"TNLP009189 - Houtrijk 54, Nieuw-Vennep","address":"54 Houtrijk","city":"Nieuw-Vennep","operatorName":"TotalEnergies","maxPowerKw":13,"isMegawatt":false,"status":"AVAILABLE","source":"ndw"}},{"type":"Feature","geometry":{"type":"Point","coordinates":[4.621257,52.266064]},"properties":{"type":"charge","layer":"passenger","locationId":"4E821616-D4F8-43B9-99F7-F8504778BBDA","name":"TNLP015310 - Sportveldweg 85, Nieuw-Vennep","address":"85 Sportveldweg","city":"Nieuw-Vennep","operatorName":"TotalEnergies","maxPowerKw":13,"isMegawatt":false,"status":"AVAILABLE","source":"ndw"}},{"type":"Feature","geometry":{"type":"Point","coordinates":[4.756876,52.279928]},"properties":{"type":"charge","layer":"passenger","locationId":"91106706","name":"50five-S NL 03008343","address":"Koolhovenlaan 102","city":"Schiphol-Rijk","operatorName":"50five","maxPowerKw":22,"isMegawatt":false,"status":"AVAILABLE","source":"ndw"}},{"type":"Feature","geometry":{"type":"Point","coordinates":[4.631946,52.334763]},"properties":{"type":"charge","layer":"passenger","locationId":"B3B5EA35-0CAB-4643-94D4-C71CCCA9C6C3","name":"TNLP003669 - Spaarneweg 16, Cruquius","address":"16 Spaarneweg","city":"Cruquius","operatorName":"TotalEnergies","maxPowerKw":17,"isMegawatt":false,"status":"AVAILABLE","source":"ndw"}},{"type":"Feature","geometry":{"type":"Point","coordinates":[4.791402,52.339262]},"properties":{"type":"charge","layer":"passenger","locationId":"91121941","name":"50five-S NL 07106729","address":"Valkstraat 5","city":"Haarlemmermeer","operatorName":"50five","maxPowerKw":11,"isMegawatt":false,"status":"AVAILABLE","source":"ndw"}},{"type":"Feature","geometry":{"type":"Point","coordinates":[4.686011,52.351593]},"properties":{"type":"charge","layer":"passenger","locationId":"2C1B5944-EBC1-4193-B0E5-34C8483F6CA1","name":"TNLP008063 - Vliegersplein 111, Vijfhuizen","address":"111 Vliegersplein","city":"Vijfhuizen","operatorName":"TotalEnergies","maxPowerKw":15,"isMegawatt":false,"status":"AVAILABLE","source":"ndw"}},{"type":"Feature","geometry":{"type":"Point","coordinates":[4.7850005,52.3368933]},"properties":{"type":"charge","layer":"passenger","locationId":"752","name":"Shell Recharge NL Groenezoom 2","address":"Groenezoom 2","city":"Badhoevedorp","operatorName":"Ubitricity","maxPowerKw":11,"isMegawatt":false,"status":"AVAILABLE","source":"ndw","priceKwh":0.392}},{"type":"Feature","geometry":{"type":"Point","coordinates":[4.692112,52.380386]},"properties":{"type":"charge","layer":"passenger","locationId":"89286152","name":"Van Leeuwen 89286152","address":"Liebrugweg 10","city":"Halfweg","operatorName":"Van Leeuwen","maxPowerKw":22,"isMegawatt":false,"status":"UNAVAILABLE","source":"ndw"}},{"type":"Feature","geometry":{"type":"Point","coordinates":[4.6926948,52.310638]},"properties":{"type":"charge","layer":"passenger","locationId":"928","name":"Shell Recharge NL Beemsterstraat 68","address":"Beemsterstraat 68","city":"Hoofddorp","operatorName":"Ubitricity","maxPowerKw":22,"isMegawatt":false,"status":"AVAILABLE","source":"ndw","priceKwh":0.267}},{"type":"Feature","geometry":{"type":"Point","coordinates":[4.715565,52.385011]},"properties":{"type":"charge","layer":"passenger","locationId":"674ef042e6bd405be063236e","name":"BOB INFRATECHNIEK BV 1","address":"Haarlemmerstraatweg 121","city":"Halfweg","operatorName":"E-Flux by Road","maxPowerKw":17,"isMegawatt":false,"status":"AVAILABLE","source":"ndw","priceKwh":0.4}},{"type":"Feature","geometry":{"type":"Point","coordinates":[4.61951,52.281742]},"properties":{"type":"charge","layer":"passenger","locationId":"4669D01D-C398-4ED2-BADA-203F223A9D92","name":"TNLP007964 - Sarabande 7, Nieuw-Vennep","address":"7 Sarabande","city":"Nieuw-Vennep","operatorName":"TotalEnergies","maxPowerKw":13,"isMegawatt":false,"status":"AVAILABLE","source":"ndw"}},{"type":"Feature","geometry":{"type":"Point","coordinates":[4.751123,52.38463]},"properties":{"type":"charge","layer":"passenger","locationId":"D2E82E12-20CD-4D77-99BF-882A1DCB1337","name":"PP005186 - Dokter Baumannplein 19, Halfweg","address":"19 Dokter Baumannplein","city":"Halfweg","operatorName":"TotalEnergies","maxPowerKw":15,"isMegawatt":false,"status":"AVAILABLE","source":"ndw"}},{"type":"Feature","geometry":{"type":"Point","coordinates":[4.64769,52.301643]},"properties":{"type":"charge","layer":"passenger","locationId":"EE48E347-A368-4079-AE89-F5DD20F1CBC9","name":"TNLP015312 - IJweg 1242, Hoofddorp","address":"1242 IJweg","city":"Hoofddorp","operatorName":"TotalEnergies","maxPowerKw":13,"isMegawatt":false,"status":"AVAILABLE","source":"ndw"}},{"type":"Feature","geometry":{"type":"Point","coordinates":[4.801723,52.321131]},"properties":{"type":"charge","layer":"passenger","locationId":"41C93863-E308-4F5B-8952-59024BFFE089","name":"Eneco eMobility Transdev - Schiphol - Cateringweg","address":"Cateringweg 12","city":"Schiphol","operatorName":"Eneco","maxPowerKw":22,"isMegawatt":false,"status":"AVAILABLE","source":"ndw","priceKwh":0.32}},{"type":"Feature","geometry":{"type":"Point","coordinates":[4.693366,52.312532]},"properties":{"type":"charge","layer":"passenger","locationId":"68e62ccc837895910b7c29f6","name":"Hoogvliet, Graftermeerstraat 28 Hoofddorp - I","address":"Graftermeerstraat 28","city":"Hoofddorp","operatorName":"E-Flux by Road","maxPowerKw":22,"isMegawatt":false,"status":"AVAILABLE","source":"ndw","priceKwh":0.38}},{"type":"Feature","geometry":{"type":"Point","coordinates":[4.67739,52.34819]},"properties":{"type":"charge","layer":"passenger","locationId":"308DC444-9AEB-4E23-BD86-4E008B4237EC","name":"TNLP003528 - Zijweer 11, Vijfhuizen","address":"11 Zijweer","city":"Vijfhuizen","operatorName":"TotalEnergies","maxPowerKw":17,"isMegawatt":false,"status":"AVAILABLE","source":"ndw"}},{"type":"Feature","geometry":{"type":"Point","coordinates":[4.69236,52.29354]},"properties":{"type":"charge","layer":"passenger","locationId":"efcd996634fef3c0c143c4c9e06e3d6d","name":"Graan voor Visch 15236","address":"Graan voor Visch 15236","city":"Hoofddorp","operatorName":"Vattenfall InCharge","maxPowerKw":11,"isMegawatt":false,"status":"AVAILABLE","source":"ndw","priceKwh":0.2805}},{"type":"Feature","geometry":{"type":"Point","coordinates":[4.67111,52.29521]},"properties":{"type":"charge","layer":"passenger","locationId":"712","name":"Shell Recharge NL Mathilde Wibautstraat 23","address":"Mathilde Wibautstraat 23","city":"Hoofddorp","operatorName":"Ubitricity","maxPowerKw":11,"isMegawatt":false,"status":"AVAILABLE","source":"ndw","priceKwh":0.392}},{"type":"Feature","geometry":{"type":"Point","coordinates":[4.60841,52.27162]},"properties":{"type":"charge","layer":"passenger","locationId":"739","name":"Shell Recharge NL Laan van Loevestein 20","address":"Laan van Loevestein 20","city":"Nieuw-Vennep","operatorName":"Ubitricity","maxPowerKw":11,"isMegawatt":false,"status":"CHARGING","source":"ndw","priceKwh":0.392}},{"type":"Feature","geometry":{"type":"Point","coordinates":[4.764052,52.346673]},"properties":{"type":"charge","layer":"passenger","locationId":"91149488","name":"50five-S NL 09001562","address":"Singaporestraat 9","city":"Lijnden","operatorName":"50five","maxPowerKw":22,"isMegawatt":false,"status":"AVAILABLE","source":"ndw"}},{"type":"Feature","geometry":{"type":"Point","coordinates":[4.6960319,52.3074349]},"properties":{"type":"charge","layer":"passenger","locationId":"929","name":"Shell Recharge NL Dokter van Dorstensstraat 1","address":"Dokter van Dorstensstraat 1","city":"Hoofddorp","operatorName":"Ubitricity","maxPowerKw":22,"isMegawatt":false,"status":"AVAILABLE","source":"ndw","priceKwh":0.267}},{"type":"Feature","geometry":{"type":"Point","coordinates":[4.63651,52.31019]},"properties":{"type":"charge","layer":"passenger","locationId":"228","name":"Shell Recharge NL Schelphoek 1","address":"Schelphoek 1","city":"Hoofddorp","operatorName":"Ubitricity","maxPowerKw":11,"isMegawatt":false,"status":"AVAILABLE","source":"ndw","priceKwh":0.392}},{"type":"Feature","geometry":{"type":"Point","coordinates":[4.751168,52.276359]},"properties":{"type":"charge","layer":"passenger","locationId":"90310439","name":"Van Leeuwen Priveterrein","address":"Boeingavenue 223-229","city":"Schiphol","operatorName":"Van Leeuwen","maxPowerKw":22,"isMegawatt":false,"status":"AVAILABLE","source":"ndw"}},{"type":"Feature","geometry":{"type":"Point","coordinates":[4.62616,52.276811]},"properties":{"type":"charge","layer":"passenger","locationId":"d1b72aea-33ae-4fca-9403-35b2ecd40cdf","name":"Faustlaan","address":"Faustlaan 42","city":"NIEUW-VENNEP","operatorName":"Vattenfall InCharge","maxPowerKw":11,"isMegawatt":false,"status":"AVAILABLE","source":"ndw","priceKwh":0.4316}},{"type":"Feature","geometry":{"type":"Point","coordinates":[4.754936,52.307292]},"properties":{"type":"charge","layer":"passenger","locationId":"653221c0ecf2f9001cf29e95","name":"Hilton Amsterdam Airport Schiphol","address":"Boulevard 701","city":"Schiphol","operatorName":"E-Flux by Road","maxPowerKw":22,"isMegawatt":false,"status":"AVAILABLE","source":"ndw","priceKwh":0.88}},{"type":"Feature","geometry":{"type":"Point","coordinates":[4.626352,52.252895]},"properties":{"type":"charge","layer":"passenger","locationId":"6708d344dc4446001c29306f","name":"Jacot","address":"Pesetaweg 31","city":"Nieuw Vennep","operatorName":"E-Flux by Road","maxPowerKw":22,"isMegawatt":false,"status":"AVAILABLE","source":"ndw","priceKwh":0.58}},{"type":"Feature","geometry":{"type":"Point","coordinates":[4.628288,52.262165]},"properties":{"type":"charge","layer":"passenger","locationId":"91045370","name":"50five-S NL 07109101","address":"Dokter van Haeringenplantsoen 34","city":"Nieuw-Vennep","operatorName":"50five","maxPowerKw":11,"isMegawatt":false,"status":"UNAVAILABLE","source":"ndw"}},{"type":"Feature","geometry":{"type":"Point","coordinates":[4.750844,52.346833]},"properties":{"type":"charge","layer":"passenger","locationId":"4175083","name":"Laadnet Spicy Soda Schipholweg","address":"Schipholweg 641","city":"Lijnden","operatorName":"Laadnet","maxPowerKw":22,"isMegawatt":false,"status":"AVAILABLE","source":"ndw"}},{"type":"Feature","geometry":{"type":"Point","coordinates":[4.785065,52.342346]},"properties":{"type":"charge","layer":"passenger","locationId":"1ED1C424-2356-4EE9-9B9D-ED8347694B7F","name":"TNLP009449 - Sloterweg 17, Badhoevedorp","address":"17 Sloterweg","city":"Badhoevedorp","operatorName":"TotalEnergies","maxPowerKw":17,"isMegawatt":false,"status":"AVAILABLE","source":"ndw"}},{"type":"Feature","geometry":{"type":"Point","coordinates":[4.69903,52.291708]},"properties":{"type":"charge","layer":"passenger","locationId":"0FC720C6-4781-450D-B93A-9BC6A3B283F3","name":"Eneco eMobility LITEON Technology - Taurusavenue - Hoofddorp","address":"Taurusavenue 33A","city":"Hoofddorp","operatorName":"Eneco","maxPowerKw":11,"isMegawatt":false,"status":"AVAILABLE","source":"ndw","priceKwh":0.32}},{"type":"Feature","geometry":{"type":"Point","coordinates":[4.703837,52.289047]},"properties":{"type":"charge","layer":"passenger","locationId":"923005","name":"P42 DAE_NL_2000462","address":"Taurusavenue 133","city":"Hoofddorp","operatorName":"DAEN Mobility","maxPowerKw":22,"isMegawatt":false,"status":"CHARGING","source":"ndw","priceKwh":0.36}},{"type":"Feature","geometry":{"type":"Point","coordinates":[4.62846,52.27864]},"properties":{"type":"charge","layer":"passenger","locationId":"261","name":"Shell Recharge NL Jive 5","address":"Jive 5","city":"Nieuw-Vennep","operatorName":"Ubitricity","maxPowerKw":11,"isMegawatt":false,"status":"AVAILABLE","source":"ndw","priceKwh":0.392}},{"type":"Feature","geometry":{"type":"Point","coordinates":[4.650414,52.304682]},"properties":{"type":"charge","layer":"passenger","locationId":"91232452","name":"50five-S NL 03010766","address":"Andelhof 2","city":"Hoofddorp","operatorName":"50five","maxPowerKw":4,"isMegawatt":false,"status":"AVAILABLE","source":"ndw"}},{"type":"Feature","geometry":{"type":"Point","coordinates":[4.693355,52.31253]},"properties":{"type":"charge","layer":"passenger","locationId":"68e62d3374df921abde7e844","name":"Hoogvliet, Graftermeerstraat 28 Hoofddorp - II","address":"Graftermeerstraat 28","city":"Hoofddorp","operatorName":"E-Flux by Road","maxPowerKw":22,"isMegawatt":false,"status":"AVAILABLE","source":"ndw","priceKwh":0.38}},{"type":"Feature","geometry":{"type":"Point","coordinates":[4.57635,52.25802]},"properties":{"type":"charge","layer":"passenger","locationId":"A739F5AF-6A03-44A4-B0B2-C0A9570AA873","name":"TNLP003590 - Waterlelieplantsoen 30, Lisserbroek","address":"30 Waterlelieplantsoen","city":"Lisserbroek","operatorName":"TotalEnergies","maxPowerKw":17,"isMegawatt":false,"status":"AVAILABLE","source":"ndw"}},{"type":"Feature","geometry":{"type":"Point","coordinates":[4.750286,52.383442]},"properties":{"type":"charge","layer":"passenger","locationId":"23D9082F-9731-40FA-A530-2D2D8EDBA7E9","name":"PP005274 - Haarlemmermeerstraat 15, Halfweg","address":"15 Haarlemmermeerstraat","city":"Halfweg","operatorName":"TotalEnergies","maxPowerKw":11,"isMegawatt":false,"status":"AVAILABLE","source":"ndw"}},{"type":"Feature","geometry":{"type":"Point","coordinates":[4.7014392,52.3023084]},"properties":{"type":"charge","layer":"passenger","locationId":"931","name":"Shell Recharge NL Leeghwaterstraat 59","address":"Leeghwaterstraat 59","city":"Hoofddorp","operatorName":"Ubitricity","maxPowerKw":22,"isMegawatt":false,"status":"AVAILABLE","source":"ndw","priceKwh":0.267}},{"type":"Feature","geometry":{"type":"Point","coordinates":[4.651653,52.33661]},"properties":{"type":"charge","layer":"passenger","locationId":"6441adcc-0a54-434e-92e7-eacfa99e378f","name":"TNLP006643 - Oldenburgerlaan 47, Cruquius","address":"47 Oldenburgerlaan","city":"Cruquius","operatorName":"TotalEnergies","maxPowerKw":13,"isMegawatt":false,"status":"AVAILABLE","source":"ndw"}},{"type":"Feature","geometry":{"type":"Point","coordinates":[4.6567273,52.3114393]},"properties":{"type":"charge","layer":"passenger","locationId":"896","name":"Shell Recharge NL Ommerbos 99","address":"Ommerbos 99","city":"Hoofddorp","operatorName":"Ubitricity","maxPowerKw":22,"isMegawatt":false,"status":"AVAILABLE","source":"ndw","priceKwh":0.267}},{"type":"Feature","geometry":{"type":"Point","coordinates":[4.6563095,52.2898907]},"properties":{"type":"charge","layer":"passenger","locationId":"1290","name":"Shell Recharge NL Laan van Norfolk 56","address":"Laan van Norfolk 56","city":"Hoofddorp","operatorName":"Ubitricity","maxPowerKw":22,"isMegawatt":false,"status":"AVAILABLE","source":"ndw","priceKwh":0.267}},{"type":"Feature","geometry":{"type":"Point","coordinates":[4.63355,52.312242]},"properties":{"type":"charge","layer":"passenger","locationId":"1445","name":"Shell Recharge NL Banjaard 1","address":"Banjaard 1","city":"Hoofddorp","operatorName":"Ubitricity","maxPowerKw":22,"isMegawatt":false,"status":"AVAILABLE","source":"ndw","priceKwh":0.267}},{"type":"Feature","geometry":{"type":"Point","coordinates":[4.6603,52.29787]},"properties":{"type":"charge","layer":"passenger","locationId":"252","name":"Shell Recharge NL Ridderburgpark 5","address":"Ridderburgpark 5","city":"Hoofddorp","operatorName":"Ubitricity","maxPowerKw":11,"isMegawatt":false,"status":"AVAILABLE","source":"ndw","priceKwh":0.392}},{"type":"Feature","geometry":{"type":"Point","coordinates":[4.63971,52.27057]},"properties":{"type":"charge","layer":"passenger","locationId":"257","name":"Shell Recharge NL Beurtschipper 69","address":"Beurtschipper 69","city":"Nieuw-Vennep","operatorName":"Ubitricity","maxPowerKw":11,"isMegawatt":false,"status":"AVAILABLE","source":"ndw","priceKwh":0.392}},{"type":"Feature","geometry":{"type":"Point","coordinates":[4.577864,52.255131]},"properties":{"type":"charge","layer":"passenger","locationId":"91094690","name":"50five-S NL 03013903","address":"Forsythiastraat 44","city":"Lisserbroek","operatorName":"50five","maxPowerKw":11,"isMegawatt":false,"status":"AVAILABLE","source":"ndw"}},{"type":"Feature","geometry":{"type":"Point","coordinates":[4.628054,52.258746]},"properties":{"type":"charge","layer":"passenger","locationId":"91108678","name":"50five-S NL 08104915","address":"Frankweg 20","city":"Nieuw-Vennep","operatorName":"50five","maxPowerKw":22,"isMegawatt":false,"status":"AVAILABLE","source":"ndw"}},{"type":"Feature","geometry":{"type":"Point","coordinates":[4.699413,52.291617]},"properties":{"type":"charge","layer":"passenger","locationId":"91108917","name":"50five-S NL 04000383","address":"Taurusavenue 16","city":"Hoofddorp","operatorName":"50five","maxPowerKw":7,"isMegawatt":false,"status":"AVAILABLE","source":"ndw"}},{"type":"Feature","geometry":{"type":"Point","coordinates":[4.697294,52.307759]},"properties":{"type":"charge","layer":"passenger","locationId":"91106108","name":"50five-S NL 03009452","address":"Neptunusstraat 71","city":"Hoofddorp","operatorName":"50five","maxPowerKw":11,"isMegawatt":false,"status":"AVAILABLE","source":"ndw"}},{"type":"Feature","geometry":{"type":"Point","coordinates":[4.765025,52.345512]},"properties":{"type":"charge","layer":"passenger","locationId":"91168995","name":"50five-S NL 03008515","address":"Singaporestraat 9-11","city":"Lijnden","operatorName":"50five","maxPowerKw":4,"isMegawatt":false,"status":"AVAILABLE","source":"ndw"}},{"type":"Feature","geometry":{"type":"Point","coordinates":[4.64733,52.3074]},"properties":{"type":"charge","layer":"passenger","locationId":"4dab57a9ac5afc5ce6888b5d4314372e","name":"Henri Didonweg 114","address":"Henri Didonweg 114","city":"Hoofddorp","operatorName":"Vattenfall InCharge","maxPowerKw":11,"isMegawatt":false,"status":"UNAVAILABLE","source":"ndw","priceKwh":0.2805}},{"type":"Feature","geometry":{"type":"Point","coordinates":[4.732118,52.385847]},"properties":{"type":"charge","layer":"passenger","locationId":"91276058","name":"50five-S NL 18B14050","address":"Zwanenburgerdijk 291","city":"Zwanenburg","operatorName":"50five","maxPowerKw":11,"isMegawatt":false,"status":"AVAILABLE","source":"ndw"}},{"type":"Feature","geometry":{"type":"Point","coordinates":[4.667653,52.306713]},"properties":{"type":"charge","layer":"passenger","locationId":"7A30C4DE-0C30-4FA0-94B0-DD367420BA88","name":"TNLP034010 - Birkholm 22, Hoofddorp","address":"22 Birkholm","city":"Hoofddorp","operatorName":"TotalEnergies","maxPowerKw":13,"isMegawatt":false,"status":"UNAVAILABLE","source":"ndw"}},{"type":"Feature","geometry":{"type":"Point","coordinates":[4.72337,52.431175]},"properties":{"type":"charge","layer":"passenger","locationId":"68357c89728096f1a5a3eeba","name":"NXT 50five - Spaarndam - Pontplein 1 - DC","address":"Pontplein 1","city":"Spaarndam","operatorName":"NXT50Five","maxPowerKw":300,"isMegawatt":false,"status":"AVAILABLE","source":"ndw","priceKwh":0.63}},{"type":"Feature","geometry":{"type":"Point","coordinates":[4.67252,52.315296]},"properties":{"type":"charge","layer":"passenger","locationId":"AF35BCF7-A227-497F-86CE-7BE92611EC51","name":"TNLP015472 - Musholm 140, Hoofddorp","address":"140 Musholm","city":"Hoofddorp","operatorName":"TotalEnergies","maxPowerKw":13,"isMegawatt":false,"status":"CHARGING","source":"ndw"}},{"type":"Feature","geometry":{"type":"Point","coordinates":[4.783635,52.337034]},"properties":{"type":"charge","layer":"passenger","locationId":"91171871","name":"50five-S NL 03006564","address":"Roerdompstraat 29","city":"Badhoevedorp","operatorName":"50five","maxPowerKw":2,"isMegawatt":false,"status":"AVAILABLE","source":"ndw"}},{"type":"Feature","geometry":{"type":"Point","coordinates":[4.775761,52.34178]},"properties":{"type":"charge","layer":"passenger","locationId":"91232786","name":"50five-S NL 07115075","address":"Einsteinlaan 10","city":"Badhoevedorp","operatorName":"50five","maxPowerKw":4,"isMegawatt":false,"status":"CHARGING","source":"ndw"}},{"type":"Feature","geometry":{"type":"Point","coordinates":[4.663375,52.305394]},"properties":{"type":"charge","layer":"passenger","locationId":"bfa4d614-f5ba-4d33-83dc-299bafa03be8","name":"Giessenburg 32","address":"Giessenburg 32","city":"Hoofddorp","operatorName":"Vattenfall InCharge","maxPowerKw":11,"isMegawatt":false,"status":"AVAILABLE","source":"ndw","priceKwh":0.4316}},{"type":"Feature","geometry":{"type":"Point","coordinates":[4.731439,52.385718]},"properties":{"type":"charge","layer":"passenger","locationId":"91276353","name":"50five-S NL 19B04067","address":"Zwanenburgerdijk 287","city":"Zwanenburg","operatorName":"50five","maxPowerKw":11,"isMegawatt":false,"status":"AVAILABLE","source":"ndw"}},{"type":"Feature","geometry":{"type":"Point","coordinates":[4.63516,52.26357]},"properties":{"type":"charge","layer":"passenger","locationId":"465","name":"Shell Recharge NL St. Anthoniusstraat 5","address":"St. Anthoniusstraat 5","city":"Nieuw-Vennep","operatorName":"Ubitricity","maxPowerKw":11,"isMegawatt":false,"status":"AVAILABLE","source":"ndw","priceKwh":0.392}},{"type":"Feature","geometry":{"type":"Point","coordinates":[4.766859,52.34267]},"properties":{"type":"charge","layer":"passenger","locationId":"91051370","name":"50five-S NL 17B31486","address":"Dr. Henriette Boasstraat 8","city":"Badhoevedorp","operatorName":"50five","maxPowerKw":11,"isMegawatt":false,"status":"AVAILABLE","source":"ndw"}},{"type":"Feature","geometry":{"type":"Point","coordinates":[4.66612,52.29722]},"properties":{"type":"charge","layer":"passenger","locationId":"434","name":"Shell Recharge NL Carry Pothuisstraat 68","address":"Carry Pothuisstraat 68","city":"Hoofddorp","operatorName":"Ubitricity","maxPowerKw":11,"isMegawatt":false,"status":"AVAILABLE","source":"ndw","priceKwh":0.392}},{"type":"Feature","geometry":{"type":"Point","coordinates":[4.632557,52.30093]},"properties":{"type":"charge","layer":"passenger","locationId":"b0ab960c-e4f3-4cbb-b238-b313b5041ce3","name":"PP001842 - Bennebroekerweg 800, Hoofddorp","address":"800 Bennebroekerweg","city":"Hoofddorp","operatorName":"TotalEnergies","maxPowerKw":50,"isMegawatt":false,"status":"AVAILABLE","source":"ndw"}},{"type":"Feature","geometry":{"type":"Point","coordinates":[4.735954,52.37809]},"properties":{"type":"charge","layer":"passenger","locationId":"13D437B4-334C-4120-A9D0-86E2A8F78A29","name":"PP005203 - Hoekenes 17, Zwanenburg","address":"17 Hoekenes","city":"Zwanenburg","operatorName":"TotalEnergies","maxPowerKw":11,"isMegawatt":false,"status":"AVAILABLE","source":"ndw"}},{"type":"Feature","geometry":{"type":"Point","coordinates":[4.688582,52.257264]},"properties":{"type":"charge","layer":"passenger","locationId":"69afbdd6a59b7c858b2f0b48","name":"Van der Valk - Haarlemmermeer - Charging Stations","address":"A4 3","city":"Hoofddorp","operatorName":"Valk Energy","maxPowerKw":11,"isMegawatt":false,"status":"AVAILABLE","source":"ndw","priceKwh":0.59}},{"type":"Feature","geometry":{"type":"Point","coordinates":[4.632701,52.305357]},"properties":{"type":"charge","layer":"passenger","locationId":"643d6019ead28500124e3aad","name":"Volt Time Deltaweg 29","address":"Deltaweg 29","city":"Hoofddorp","operatorName":"E-Flux by Road","maxPowerKw":12,"isMegawatt":false,"status":"AVAILABLE","source":"ndw","priceKwh":0.63}},{"type":"Feature","geometry":{"type":"Point","coordinates":[4.73097,52.38007]},"properties":{"type":"charge","layer":"passenger","locationId":"211","name":"Shell Recharge NL Amestelle 27","address":"Amestelle 27","city":"Zwanenburg","operatorName":"Ubitricity","maxPowerKw":11,"isMegawatt":false,"status":"AVAILABLE","source":"ndw","priceKwh":0.392}},{"type":"Feature","geometry":{"type":"Point","coordinates":[4.704293,52.289972]},"properties":{"type":"charge","layer":"passenger","locationId":"91314832","name":"50five-S NL Location","address":"Taurusavenue 36","city":"Hoofddorp","operatorName":"50five","maxPowerKw":11,"isMegawatt":false,"status":"AVAILABLE","source":"ndw"}},{"type":"Feature","geometry":{"type":"Point","coordinates":[4.640496,52.304895]},"properties":{"type":"charge","layer":"passenger","locationId":"91171882","name":"50five-S NL 17B19063","address":"Naxos 33","city":"Hoofddorp","operatorName":"50five","maxPowerKw":22,"isMegawatt":false,"status":"AVAILABLE","source":"ndw"}},{"type":"Feature","geometry":{"type":"Point","coordinates":[4.67917,52.24027]},"properties":{"type":"charge","layer":"passenger","locationId":"512","name":"Shell Recharge NL Oude Venneperweg 24","address":"Oude Venneperweg 24","city":"Burgerveen","operatorName":"Ubitricity","maxPowerKw":11,"isMegawatt":false,"status":"AVAILABLE","source":"ndw","priceKwh":0.392}},{"type":"Feature","geometry":{"type":"Point","coordinates":[4.61854,52.28089]},"properties":{"type":"charge","layer":"passenger","locationId":"f28b1130-11cb-4194-9cb1-8e0401dd0572","name":"PP001293 - Sarabande 1, Nieuw-Vennep","address":"1 Sarabande","city":"Nieuw-Vennep","operatorName":"TotalEnergies","maxPowerKw":11,"isMegawatt":false,"status":"AVAILABLE","source":"ndw"}},{"type":"Feature","geometry":{"type":"Point","coordinates":[4.703837,52.289047]},"properties":{"type":"charge","layer":"passenger","locationId":"923039","name":"P45 DAE_NL_2000465","address":"Taurusavenue 133","city":"Hoofddorp","operatorName":"DAEN Mobility","maxPowerKw":22,"isMegawatt":false,"status":"AVAILABLE","source":"ndw","priceKwh":0.36}},{"type":"Feature","geometry":{"type":"Point","coordinates":[4.683619,52.352271]},"properties":{"type":"charge","layer":"passenger","locationId":"F81C2BE4-BF46-4DF9-BBF8-0B127EB8D73A","name":"Eneco eMobility Tandartsenpraktijk Vijfhuizen","address":"Mient 55","city":"Vijfhuizen","operatorName":"Eneco","maxPowerKw":22,"isMegawatt":false,"status":"CHARGING","source":"ndw","priceKwh":0.52}},{"type":"Feature","geometry":{"type":"Point","coordinates":[4.79148,52.33469]},"properties":{"type":"charge","layer":"passenger","locationId":"e617668e-8815-4869-bb68-09d9e7f49b11","name":"PP001321 - Dellaertlaan 24, Badhoevedorp","address":"24 Dellaertlaan","city":"Badhoevedorp","operatorName":"TotalEnergies","maxPowerKw":11,"isMegawatt":false,"status":"AVAILABLE","source":"ndw"}},{"type":"Feature","geometry":{"type":"Point","coordinates":[4.59424,52.28719]},"properties":{"type":"charge","layer":"passenger","locationId":"ed46df65-205e-4b06-bbac-72af439cc5a7","name":"PP001369 - Rietkraag 14, Beinsdorp","address":"14 Rietkraag","city":"Beinsdorp","operatorName":"TotalEnergies","maxPowerKw":11,"isMegawatt":false,"status":"UNAVAILABLE","source":"ndw"}},{"type":"Feature","geometry":{"type":"Point","coordinates":[4.809174,52.307209]},"properties":{"type":"charge","layer":"passenger","locationId":"699d90967c92704bc5851c1d","name":"SPL-O Tussenterrein","address":"Stationsplein-ZW 1001","city":"Schiphol","operatorName":"E-Flux by Road","maxPowerKw":22,"isMegawatt":false,"status":"UNAVAILABLE","source":"ndw","priceKwh":0.2584}},{"type":"Feature","geometry":{"type":"Point","coordinates":[4.62791,52.27553]},"properties":{"type":"charge","layer":"passenger","locationId":"fcb874bc-6b93-4240-a01f-d9952fde3f1a","name":"PP001328 - Griseldalaan 52, Nieuw-Vennep","address":"52 Griseldalaan","city":"Nieuw-Vennep","operatorName":"TotalEnergies","maxPowerKw":11,"isMegawatt":false,"status":"AVAILABLE","source":"ndw"}},{"type":"Feature","geometry":{"type":"Point","coordinates":[4.669436,52.291126]},"properties":{"type":"charge","layer":"passenger","locationId":"23af6dc2-21cc-445c-8763-b4fb4e5a45af","name":"TNLP034199 - Prinses Catharina-Amalialaan 30, Hoofddorp","address":"30 Prinses Catharina-Amalialaan","city":"Hoofddorp","operatorName":"TotalEnergies","maxPowerKw":13,"isMegawatt":false,"status":"AVAILABLE","source":"ndw"}},{"type":"Feature","geometry":{"type":"Point","coordinates":[4.625725,52.27982]},"properties":{"type":"charge","layer":"passenger","locationId":"5788d073-7f15-4904-9aad-0da53b5f16c0","name":"Sarabande 146","address":"Sarabande 146","city":"NIEUW-VENNEP","operatorName":"Vattenfall InCharge","maxPowerKw":11,"isMegawatt":false,"status":"AVAILABLE","source":"ndw","priceKwh":0.4316}},{"type":"Feature","geometry":{"type":"Point","coordinates":[4.77971,52.34063]},"properties":{"type":"charge","layer":"passenger","locationId":"1f7e1c0f4819f0dafbf627573dbb0de2","name":"Einsteinlaan 3","address":"Einsteinlaan 3","city":"Badhoevedorp","operatorName":"Vattenfall InCharge","maxPowerKw":11,"isMegawatt":false,"status":"AVAILABLE","source":"ndw","priceKwh":0.2805}},{"type":"Feature","geometry":{"type":"Point","coordinates":[4.673383,52.316971]},"properties":{"type":"charge","layer":"passenger","locationId":"91230429","name":"50five-S NL 18B12174","address":"Adrianahoeve 8","city":"Hoofddorp","operatorName":"50five","maxPowerKw":11,"isMegawatt":false,"status":"AVAILABLE","source":"ndw"}},{"type":"Feature","geometry":{"type":"Point","coordinates":[4.703837,52.289047]},"properties":{"type":"charge","layer":"passenger","locationId":"923051","name":"P74 DAE_NL_2000950","address":"Taurusavenue 133","city":"Hoofddorp","operatorName":"DAEN Mobility","maxPowerKw":11,"isMegawatt":false,"status":"AVAILABLE","source":"ndw","priceKwh":0.36}},{"type":"Feature","geometry":{"type":"Point","coordinates":[4.782081,52.289069]},"properties":{"type":"charge","layer":"passenger","locationId":"60bde56f77fb1486e3886f16","name":"Nog niet actief","address":"Breguetlaan 67A","city":"Oude Meer","operatorName":"E-Flux by Road","maxPowerKw":11,"isMegawatt":false,"status":"UNAVAILABLE","source":"ndw","priceKwh":0.95}},{"type":"Feature","geometry":{"type":"Point","coordinates":[4.754971,52.375572]},"properties":{"type":"charge","layer":"passenger","locationId":"006FA8ED-1350-418A-88B6-18DC0DDE393F","name":"TNLP009200 - Wilgenlaan 84, Zwanenburg","address":"84 Wilgenlaan","city":"Zwanenburg","operatorName":"TotalEnergies","maxPowerKw":17,"isMegawatt":false,"status":"AVAILABLE","source":"ndw"}},{"type":"Feature","geometry":{"type":"Point","coordinates":[4.685694,52.297215]},"properties":{"type":"charge","layer":"passenger","locationId":"267CA4A8-5D97-4924-A3C0-AF47343041CC","name":"TNLP009902 - Graan voor Visch 17801, Hoofddorp","address":"17801 Graan voor Visch","city":"Hoofddorp","operatorName":"TotalEnergies","maxPowerKw":13,"isMegawatt":false,"status":"AVAILABLE","source":"ndw"}},{"type":"Feature","geometry":{"type":"Point","coordinates":[4.620711,52.313427]},"properties":{"type":"charge","layer":"passenger","locationId":"B16E1D73-3C20-4615-BC34-260EE87731DA","name":"TNLP007108 - Noppenstraat 18, Zwaanshoek","address":"18 Noppenstraat","city":"Zwaanshoek","operatorName":"TotalEnergies","maxPowerKw":13,"isMegawatt":false,"status":"AVAILABLE","source":"ndw"}},{"type":"Feature","geometry":{"type":"Point","coordinates":[4.697133,52.298275]},"properties":{"type":"charge","layer":"passenger","locationId":"B334E34A-E892-41C6-ADF2-25500EB401D1","name":"TNLP015180 - De Fruittuinen 49, Hoofddorp","address":"49 De Fruittuinen","city":"Hoofddorp","operatorName":"TotalEnergies","maxPowerKw":17,"isMegawatt":false,"status":"UNAVAILABLE","source":"ndw"}},{"type":"Feature","geometry":{"type":"Point","coordinates":[4.660652,52.31622]},"properties":{"type":"charge","layer":"passenger","locationId":"915DC60D-1CE4-47FA-A67D-2706825571B0","name":"PP005387 - Albergerbos 3, Hoofddorp","address":"3 Albergerbos","city":"Hoofddorp","operatorName":"TotalEnergies","maxPowerKw":13,"isMegawatt":false,"status":"AVAILABLE","source":"ndw"}},{"type":"Feature","geometry":{"type":"Point","coordinates":[4.66885,52.29602]},"properties":{"type":"charge","layer":"passenger","locationId":"C60A62EF-1FE6-4D39-A210-3C8B7F0F1B90","name":"TNLP003622 - Femina Mullerstraat 92, Hoofddorp","address":"92 Femina Mullerstraat","city":"Hoofddorp","operatorName":"TotalEnergies","maxPowerKw":17,"isMegawatt":false,"status":"UNAVAILABLE","source":"ndw"}},{"type":"Feature","geometry":{"type":"Point","coordinates":[4.677878,52.353546]},"properties":{"type":"charge","layer":"passenger","locationId":"100a3b2d-7201-4118-a741-ab87f7fafb9b","name":"TNLP015337 - d'Yserinckweg 122, Vijfhuizen","address":"122 d'Yserinckweg","city":"Vijfhuizen","operatorName":"TotalEnergies","maxPowerKw":13,"isMegawatt":false,"status":"AVAILABLE","source":"ndw"}},{"type":"Feature","geometry":{"type":"Point","coordinates":[4.65613,52.322086]},"properties":{"type":"charge","layer":"passenger","locationId":"E2B8B0BB-9C0A-4A7F-9EF2-5D721D9F0A5E","name":"TNLP015054 - Waddenweg 201, Hoofddorp","address":"201 Waddenweg","city":"Hoofddorp","operatorName":"TotalEnergies","maxPowerKw":13,"isMegawatt":false,"status":"AVAILABLE","source":"ndw"}},{"type":"Feature","geometry":{"type":"Point","coordinates":[4.67836,52.34592]},"properties":{"type":"charge","layer":"passenger","locationId":"0470955a802bcdca6fdca038f76bc3ae","name":"Arsenaal 57","address":"Arsenaal 57","city":"Vijfhuizen","operatorName":"Vattenfall InCharge","maxPowerKw":11,"isMegawatt":false,"status":"AVAILABLE","source":"ndw","priceKwh":0.2805}},{"type":"Feature","geometry":{"type":"Point","coordinates":[4.675546,52.29542]},"properties":{"type":"charge","layer":"passenger","locationId":"33424CC1-3648-4146-AD0E-247BCF498EBD","name":"PP005581 - Elisa van Calcarstraat 23, Hoofddorp","address":"23 Elisa van Calcarstraat","city":"Hoofddorp","operatorName":"TotalEnergies","maxPowerKw":13,"isMegawatt":false,"status":"AVAILABLE","source":"ndw"}},{"type":"Feature","geometry":{"type":"Point","coordinates":[4.63596,52.27222]},"properties":{"type":"charge","layer":"passenger","locationId":"1569","name":"Shell Recharge NL Marskramer 22","address":"Marskramer 22","city":"Haarlemmermeer","operatorName":"Ubitricity","maxPowerKw":11,"isMegawatt":false,"status":"AVAILABLE","source":"ndw","priceKwh":0.392}},{"type":"Feature","geometry":{"type":"Point","coordinates":[4.78035,52.34142]},"properties":{"type":"charge","layer":"passenger","locationId":"77c6ffc3-ba80-407f-bee4-5d1039cba45e","name":"PP001633 - Newtonstraat 2, Badhoevedorp","address":"2 Newtonstraat","city":"Badhoevedorp","operatorName":"TotalEnergies","maxPowerKw":11,"isMegawatt":false,"status":"CHARGING","source":"ndw"}},{"type":"Feature","geometry":{"type":"Point","coordinates":[4.667645,52.312843]},"properties":{"type":"charge","layer":"passenger","locationId":"1033412F-9627-4712-B11F-2F0F9B4B70C1","name":"PP005216 - Grote Belt 182, Hoofddorp","address":"182 Grote Belt","city":"Hoofddorp","operatorName":"TotalEnergies","maxPowerKw":13,"isMegawatt":false,"status":"AVAILABLE","source":"ndw"}},{"type":"Feature","geometry":{"type":"Point","coordinates":[4.6857687,52.2920723]},"properties":{"type":"charge","layer":"passenger","locationId":"1919","name":"Shell Recharge NL Smaragdlaan 16","address":"Smaragdlaan 16","city":"Hoofddorp","operatorName":"Ubitricity","maxPowerKw":22,"isMegawatt":false,"status":"AVAILABLE","source":"ndw","priceKwh":0.267}},{"type":"Feature","geometry":{"type":"Point","coordinates":[4.65787,52.292227]},"properties":{"type":"charge","layer":"passenger","locationId":"eb1ac941f815de15b8b20cf877ab81bb","name":"Thomas Morelaan 80","address":"Thomas Morelaan 80","city":"Hoofddorp","operatorName":"Vattenfall InCharge","maxPowerKw":11,"isMegawatt":false,"status":"CHARGING","source":"ndw","priceKwh":0.2805}},{"type":"Feature","geometry":{"type":"Point","coordinates":[4.747556,52.356064]},"properties":{"type":"charge","layer":"passenger","locationId":"640f02e32074920012b1caad","name":"Lijnden 180 KWh lader 1","address":"Raasdorperweg 86","city":"Lijnden","operatorName":"E-Flux by Road","maxPowerKw":50,"isMegawatt":false,"status":"AVAILABLE","source":"ndw","priceKwh":0.62}},{"type":"Feature","geometry":{"type":"Point","coordinates":[4.68207,52.295428]},"properties":{"type":"charge","layer":"passenger","locationId":"69b7cb1b23f2940636fba43c","name":"Opaallaan 1180","address":"Opaallaan 1206","city":"Hoofddorp","operatorName":"Pluq","maxPowerKw":11,"isMegawatt":false,"status":"AVAILABLE","source":"ndw","priceKwh":0.4}},{"type":"Feature","geometry":{"type":"Point","coordinates":[4.683894,52.348362]},"properties":{"type":"charge","layer":"passenger","locationId":"9F594D7C-9F09-4A83-A0AC-378018DA402C","name":"PP005330 - Jack Sharp Park 31, Vijfhuizen","address":"31 Jack Sharp Park","city":"Vijfhuizen","operatorName":"TotalEnergies","maxPowerKw":15,"isMegawatt":false,"status":"AVAILABLE","source":"ndw"}},{"type":"Feature","geometry":{"type":"Point","coordinates":[4.625983,52.259669]},"properties":{"type":"charge","layer":"passenger","locationId":"91066162","name":"50five-S NL 17B23397","address":"Vronen 62","city":"Nieuw-Vennep","operatorName":"50five","maxPowerKw":11,"isMegawatt":false,"status":"UNAVAILABLE","source":"ndw"}},{"type":"Feature","geometry":{"type":"Point","coordinates":[4.637269,52.300434]},"properties":{"type":"charge","layer":"passenger","locationId":"A9F30E1D-4AA1-473C-A148-7D0AC7E5162C","name":"TNLP009849 - Galleria 51, Hoofddorp","address":"51 Galleria","city":"Hoofddorp","operatorName":"TotalEnergies","maxPowerKw":13,"isMegawatt":false,"status":"AVAILABLE","source":"ndw"}},{"type":"Feature","geometry":{"type":"Point","coordinates":[4.628063,52.26543]},"properties":{"type":"charge","layer":"passenger","locationId":"20D22D6E-A2CA-4473-B754-766B28EC14C9","name":"TNLP003666 - Elemastraat 93, Nieuw-Vennep","address":"93 Elemastraat","city":"Nieuw-Vennep","operatorName":"TotalEnergies","maxPowerKw":17,"isMegawatt":false,"status":"CHARGING","source":"ndw"}},{"type":"Feature","geometry":{"type":"Point","coordinates":[4.66204,52.29257]},"properties":{"type":"charge","layer":"passenger","locationId":"e2d08ef4a006ebf52166ee852c9f2e09","name":"Jane Seymourlaan 1","address":"Jane Seymourlaan 1","city":"Hoofddorp","operatorName":"Vattenfall InCharge","maxPowerKw":11,"isMegawatt":false,"status":"AVAILABLE","source":"ndw","priceKwh":0.2805}},{"type":"Feature","geometry":{"type":"Point","coordinates":[4.631276,52.278168]},"properties":{"type":"charge","layer":"passenger","locationId":"974E95C4-0C38-4810-BDB1-F04D932B07FE","name":"TNLP008836 - Bolero 2, Nieuw-Vennep","address":"2 Bolero","city":"Nieuw-Vennep","operatorName":"TotalEnergies","maxPowerKw":14,"isMegawatt":false,"status":"AVAILABLE","source":"ndw"}},{"type":"Feature","geometry":{"type":"Point","coordinates":[4.703837,52.289047]},"properties":{"type":"charge","layer":"passenger","locationId":"923017","name":"P75_82 DAE_NL_2000949","address":"Taurusavenue 133","city":"Hoofddorp","operatorName":"DAEN Mobility","maxPowerKw":22,"isMegawatt":false,"status":"AVAILABLE","source":"ndw","priceKwh":0.36}},{"type":"Feature","geometry":{"type":"Point","coordinates":[4.688448,52.414577]},"properties":{"type":"charge","layer":"passenger","locationId":"B95416A0-A7FE-4735-B19E-9EA119256A2F","name":"TNLP009168 - Floris Balthasarstraat 2, Spaarndam","address":"2 Floris Balthasarstraat","city":"Spaarndam","operatorName":"TotalEnergies","maxPowerKw":13,"isMegawatt":false,"status":"AVAILABLE","source":"ndw"}},{"type":"Feature","geometry":{"type":"Point","coordinates":[4.778969,52.343094]},"properties":{"type":"charge","layer":"passenger","locationId":"40C4B29D-DE0E-43FE-8EFF-17D87D97FBF5","name":"PP005231 - Pascalstraat 56, Badhoevedorp","address":"56 Pascalstraat","city":"Badhoevedorp","operatorName":"TotalEnergies","maxPowerKw":11,"isMegawatt":false,"status":"AVAILABLE","source":"ndw"}},{"type":"Feature","geometry":{"type":"Point","coordinates":[4.71011,52.30415]},"properties":{"type":"charge","layer":"passenger","locationId":"2F48E8AE-6A95-414F-8902-F02E4EF3D781","name":"TNLP003612 - Hendrik Andriessenlaan 1, Hoofddorp","address":"1 Hendrik Andriessenlaan","city":"Hoofddorp","operatorName":"TotalEnergies","maxPowerKw":17,"isMegawatt":false,"status":"AVAILABLE","source":"ndw"}},{"type":"Feature","geometry":{"type":"Point","coordinates":[4.684239,52.31332]},"properties":{"type":"charge","layer":"passenger","locationId":"7B15366B-CC80-45E0-82F9-381150EBA6AA","name":"TNLP015460 - Legmeerstraat 60, Hoofddorp","address":"60 Legmeerstraat","city":"Hoofddorp","operatorName":"TotalEnergies","maxPowerKw":17,"isMegawatt":false,"status":"UNAVAILABLE","source":"ndw"}},{"type":"Feature","geometry":{"type":"Point","coordinates":[4.77732,52.33921]},"properties":{"type":"charge","layer":"passenger","locationId":"1A8EBCF7-64F6-4320-96C5-846A11648755","name":"PP005153 - Zeemanlaan 7, Badhoevedorp","address":"7 Zeemanlaan","city":"Badhoevedorp","operatorName":"TotalEnergies","maxPowerKw":11,"isMegawatt":false,"status":"AVAILABLE","source":"ndw"}},{"type":"Feature","geometry":{"type":"Point","coordinates":[4.6392919,52.3008398]},"properties":{"type":"charge","layer":"passenger","locationId":"1260","name":"Shell Recharge NL Hermitage 20","address":"Hermitage 20","city":"Hoofddorp","operatorName":"Ubitricity","maxPowerKw":22,"isMegawatt":false,"status":"AVAILABLE","source":"ndw","priceKwh":0.267}},{"type":"Feature","geometry":{"type":"Point","coordinates":[4.626411,52.306107]},"properties":{"type":"charge","layer":"passenger","locationId":"7385AFEB-A89C-43AC-AFBE-F9D5DC93D555","name":"TNLP006706 - Westhove 61, Hoofddorp","address":"61 Westhove","city":"Hoofddorp","operatorName":"TotalEnergies","maxPowerKw":13,"isMegawatt":false,"status":"CHARGING","source":"ndw"}},{"type":"Feature","geometry":{"type":"Point","coordinates":[4.618282,52.253251]},"properties":{"type":"charge","layer":"passenger","locationId":"d1bddfd3f1c14cb4ab033cba2bfb42ea","name":"Uneti Labs","address":"Hoofdweg 1490","city":"Nieuw-Vennep","operatorName":"","maxPowerKw":11,"isMegawatt":false,"status":"AVAILABLE","source":"ndw","priceKwh":0.35}},{"type":"Feature","geometry":{"type":"Point","coordinates":[4.78849,52.339178]},"properties":{"type":"charge","layer":"passenger","locationId":"b62ca61f-d7fe-4119-a015-8ce9086f7fa6","name":"Toevluchtstraat","address":"Toevluchtstraat 51","city":"Badhoevedorp","operatorName":"Vattenfall InCharge","maxPowerKw":11,"isMegawatt":false,"status":"UNAVAILABLE","source":"ndw","priceKwh":0.4316}},{"type":"Feature","geometry":{"type":"Point","coordinates":[4.632512,52.307592]},"properties":{"type":"charge","layer":"passenger","locationId":"2fd83359-ba0b-44b7-876e-02d0611143c1","name":"Wijtvliet 10","address":"Wijtvliet 10","city":"Hoofddorp","operatorName":"Vattenfall InCharge","maxPowerKw":11,"isMegawatt":false,"status":"AVAILABLE","source":"ndw","priceKwh":0.4316}},{"type":"Feature","geometry":{"type":"Point","coordinates":[4.708671,52.294466]},"properties":{"type":"charge","layer":"passenger","locationId":"B9FDDBC6-2BB1-43E5-83EA-81ACAC94D108","name":"Eneco eMobility Abbott B.V. - Hoofddorp","address":"Wegalaan 9","city":"Hoofddorp","operatorName":"Eneco","maxPowerKw":22,"isMegawatt":false,"status":"UNAVAILABLE","source":"ndw","priceKwh":0.32}},{"type":"Feature","geometry":{"type":"Point","coordinates":[4.609953,52.277954]},"properties":{"type":"charge","layer":"passenger","locationId":"2300711","name":"Laadnet Venneperweg","address":"Venneperweg 905","city":"Nieuw-vennep","operatorName":"Laadnet","maxPowerKw":22,"isMegawatt":false,"status":"AVAILABLE","source":"ndw"}},{"type":"Feature","geometry":{"type":"Point","coordinates":[4.698671,52.266638]},"properties":{"type":"charge","layer":"passenger","locationId":"91108791","name":"50five-S NL 09101436","address":"Bennebroekerweg 265","city":"Rijsenhout","operatorName":"50five","maxPowerKw":11,"isMegawatt":false,"status":"AVAILABLE","source":"ndw"}},{"type":"Feature","geometry":{"type":"Point","coordinates":[4.72496,52.291763]},"properties":{"type":"charge","layer":"passenger","locationId":"NLENV14","name":"Hoofddorp, Hoeksteen 38","address":"Hoeksteen 38","city":"Hoofddorp","operatorName":"","maxPowerKw":22,"isMegawatt":false,"status":"AVAILABLE","source":"ndw","priceKwh":0.5}},{"type":"Feature","geometry":{"type":"Point","coordinates":[4.614228,52.272554]},"properties":{"type":"charge","layer":"passenger","locationId":"53e0c5e7-bdf9-4fe5-a111-055f4970f9cd","name":"Sandestein 40","address":"Sandestein 40","city":"NIEUW-VENNEP","operatorName":"Vattenfall InCharge","maxPowerKw":11,"isMegawatt":false,"status":"AVAILABLE","source":"ndw","priceKwh":0.4316}},{"type":"Feature","geometry":{"type":"Point","coordinates":[4.69148,52.30596]},"properties":{"type":"charge","layer":"passenger","locationId":"FFA5152F-037D-4C38-AE77-30D030257919","name":"TNLP003667 - Raadhuislaan 2, Hoofddorp","address":"2 Raadhuislaan","city":"Hoofddorp","operatorName":"TotalEnergies","maxPowerKw":17,"isMegawatt":false,"status":"AVAILABLE","source":"ndw"}},{"type":"Feature","geometry":{"type":"Point","coordinates":[4.654858,52.290833]},"properties":{"type":"charge","layer":"passenger","locationId":"481de11d-3acc-4c3a-aa7b-ccbb2b469b8e","name":"TNLP034107 - Laan van York 2, Hoofddorp","address":"2 Laan van York","city":"Hoofddorp","operatorName":"TotalEnergies","maxPowerKw":13,"isMegawatt":false,"status":"AVAILABLE","source":"ndw"}},{"type":"Feature","geometry":{"type":"Point","coordinates":[4.731645,52.267761]},"properties":{"type":"charge","layer":"passenger","locationId":"643e33062cf57e0011d56912","name":"Zantingh Paal 2","address":"Aarbergerweg  9","city":"Rijsenhout","operatorName":"E-Flux by Road","maxPowerKw":11,"isMegawatt":false,"status":"AVAILABLE","source":"ndw","priceKwh":0.56}},{"type":"Feature","geometry":{"type":"Point","coordinates":[4.604465,52.269035]},"properties":{"type":"charge","layer":"passenger","locationId":"4f306f90-eefc-46bc-9cf0-86525356e14c","name":"Laapersveld 15","address":"Laapersveld 15","city":"NIEUW-VENNEP","operatorName":"Vattenfall InCharge","maxPowerKw":11,"isMegawatt":false,"status":"UNAVAILABLE","source":"ndw","priceKwh":0.4316}},{"type":"Feature","geometry":{"type":"Point","coordinates":[4.61613,52.27758]},"properties":{"type":"charge","layer":"passenger","locationId":"9D55C185-B57D-4F13-9E6F-90E9EA725E7D","name":"TNLP015330 - Lekpoort 25, Nieuw-Vennep","address":"25 Lekpoort","city":"Nieuw-Vennep","operatorName":"TotalEnergies","maxPowerKw":13,"isMegawatt":false,"status":"AVAILABLE","source":"ndw"}},{"type":"Feature","geometry":{"type":"Point","coordinates":[4.657635,52.338171]},"properties":{"type":"charge","layer":"passenger","locationId":"3807","name":"50five Exploitatie Haarlemmermeersche Golfclub","address":"Spieringweg 745","city":"Cruquius","operatorName":"50five","maxPowerKw":17,"isMegawatt":false,"status":"CHARGING","source":"ndw"}},{"type":"Feature","geometry":{"type":"Point","coordinates":[4.703837,52.289047]},"properties":{"type":"charge","layer":"passenger","locationId":"923001","name":"P80 DAE_NL_2000478","address":"Taurusavenue 133","city":"Hoofddorp","operatorName":"DAEN Mobility","maxPowerKw":22,"isMegawatt":false,"status":"AVAILABLE","source":"ndw","priceKwh":0.36}},{"type":"Feature","geometry":{"type":"Point","coordinates":[4.706594,52.29961]},"properties":{"type":"charge","layer":"passenger","locationId":"E1AB5D71-B3C4-40C0-A1AF-90BC8723C5E1","name":"TNLP008068 - Kalorama 101, Hoofddorp","address":"101 Kalorama","city":"Hoofddorp","operatorName":"TotalEnergies","maxPowerKw":13,"isMegawatt":false,"status":"CHARGING","source":"ndw"}},{"type":"Feature","geometry":{"type":"Point","coordinates":[4.638794,52.316235]},"properties":{"type":"charge","layer":"passenger","locationId":"22F611F4-2BD5-46F2-82A1-CB4AB31010DD","name":"TNLP005782 - De Muy 387, Hoofddorp","address":"387 De Muy","city":"Hoofddorp","operatorName":"TotalEnergies","maxPowerKw":13,"isMegawatt":false,"status":"AVAILABLE","source":"ndw"}},{"type":"Feature","geometry":{"type":"Point","coordinates":[4.626226,52.274117]},"properties":{"type":"charge","layer":"passenger","locationId":"2A59FC2F-2CEE-44D3-850E-96F2E7FED661","name":"TNLP008841 - Toscalaan 10, Nieuw-Vennep","address":"10 Toscalaan","city":"Nieuw-Vennep","operatorName":"TotalEnergies","maxPowerKw":14,"isMegawatt":false,"status":"AVAILABLE","source":"ndw"}},{"type":"Feature","geometry":{"type":"Point","coordinates":[4.767542,52.349624]},"properties":{"type":"charge","layer":"passenger","locationId":"4219089","name":"Laadnet Dex Corporation","address":"Melbournestraat 7","city":"Lijnden","operatorName":"Laadnet","maxPowerKw":22,"isMegawatt":false,"status":"AVAILABLE","source":"ndw"}},{"type":"Feature","geometry":{"type":"Point","coordinates":[4.705888,52.30912]},"properties":{"type":"charge","layer":"passenger","locationId":"5bb7e1d9-3454-4739-8baf-cc03bf7fdb5f","name":"EV Hub - Arnolduspark 15, Hoofddorp","address":"15 Arnolduspark","city":"Hoofddorp","operatorName":"TotalEnergies","maxPowerKw":50,"isMegawatt":false,"status":"CHARGING","source":"ndw"}},{"type":"Feature","geometry":{"type":"Point","coordinates":[4.679415,52.292888]},"properties":{"type":"charge","layer":"passenger","locationId":"4267736","name":"Laadnet Autobedrijf Hartgerink en Klomp","address":"Opaallaan 22-26","city":"Hoofddorp","operatorName":"Laadnet","maxPowerKw":22,"isMegawatt":false,"status":"AVAILABLE","source":"ndw"}},{"type":"Feature","geometry":{"type":"Point","coordinates":[4.770749,52.340656]},"properties":{"type":"charge","layer":"passenger","locationId":"6388c5569cfae2001da3ac04","name":"KOR BUSINESS BV","address":"Dokter Sabelstraat 14","city":"Badhoevedorp","operatorName":"E-Flux by Road","maxPowerKw":11,"isMegawatt":false,"status":"AVAILABLE","source":"ndw","priceKwh":1.03}},{"type":"Feature","geometry":{"type":"Point","coordinates":[4.570164,52.257879]},"properties":{"type":"charge","layer":"passenger","locationId":"64d359c9cc6418001c28b397","name":"Restaurant Het Oude Dykhuys","address":"Lisserdijk 567","city":"Lisserbroek","operatorName":"E-Flux by Road","maxPowerKw":22,"isMegawatt":false,"status":"AVAILABLE","source":"ndw","priceKwh":0.53}},{"type":"Feature","geometry":{"type":"Point","coordinates":[4.712742,52.295347]},"properties":{"type":"charge","layer":"passenger","locationId":"60212943","name":"50five Exploitatie Regus Hoofddorp","address":"Bloemlaan 2","city":"Hoofddorp","operatorName":"50five","maxPowerKw":22,"isMegawatt":false,"status":"AVAILABLE","source":"ndw"}},{"type":"Feature","geometry":{"type":"Point","coordinates":[4.781659,52.285852]},"properties":{"type":"charge","layer":"passenger","locationId":"685513a75ad8d904e1495dab","name":"Lader 8 (180kW) - T184-HU1-4723-021","address":"Fokkerweg 171","city":"Oude Meer","operatorName":"NXT Charging Solutions","maxPowerKw":180,"isMegawatt":false,"status":"CHARGING","source":"ndw","priceKwh":0.57}},{"type":"Feature","geometry":{"type":"Point","coordinates":[4.62907,52.30806]},"properties":{"type":"charge","layer":"passenger","locationId":"4635B602-367A-470C-B163-1EB5351FFA10","name":"Laadplein - PP001461 - Landlust 1, Hoofddorp","address":"1 Landlust","city":"Hoofddorp","operatorName":"TotalEnergies","maxPowerKw":11,"isMegawatt":false,"status":"AVAILABLE","source":"ndw"}},{"type":"Feature","geometry":{"type":"Point","coordinates":[4.6377997,52.306824]},"properties":{"type":"charge","layer":"passenger","locationId":"5D01AC0B-9E2A-4E79-B961-BE8035DDC688","name":"TNLP009994 - Drongelenplein 58, Hoofddorp","address":"58 Drongelenplein","city":"Hoofddorp","operatorName":"TotalEnergies","maxPowerKw":13,"isMegawatt":false,"status":"AVAILABLE","source":"ndw"}},{"type":"Feature","geometry":{"type":"Point","coordinates":[4.702163,52.299698]},"properties":{"type":"charge","layer":"passenger","locationId":"65C40E4E-F196-4676-8261-B4A29266400B","name":"TNLP015094 - Boslaan 7, Hoofddorp","address":"7 Boslaan","city":"Hoofddorp","operatorName":"TotalEnergies","maxPowerKw":13,"isMegawatt":false,"status":"AVAILABLE","source":"ndw"}},{"type":"Feature","geometry":{"type":"Point","coordinates":[4.61979,52.259168]},"properties":{"type":"charge","layer":"passenger","locationId":"91064560","name":"50five-S NL 07106202","address":"Gommerskerspel 16","city":"Nieuw-Vennep","operatorName":"50five","maxPowerKw":11,"isMegawatt":false,"status":"AVAILABLE","source":"ndw"}},{"type":"Feature","geometry":{"type":"Point","coordinates":[4.703837,52.289047]},"properties":{"type":"charge","layer":"passenger","locationId":"923012","name":"P48 DAE_NL_2000468","address":"Taurusavenue 133","city":"Hoofddorp","operatorName":"DAEN Mobility","maxPowerKw":22,"isMegawatt":false,"status":"AVAILABLE","source":"ndw","priceKwh":0.36}},{"type":"Feature","geometry":{"type":"Point","coordinates":[4.648243,52.319134]},"properties":{"type":"charge","layer":"passenger","locationId":"A353F156-F01D-43A6-B394-711C483A96D7","name":"PP005582 - De Vleyen 38, Hoofddorp","address":"38 De Vleyen","city":"Hoofddorp","operatorName":"TotalEnergies","maxPowerKw":15,"isMegawatt":false,"status":"AVAILABLE","source":"ndw"}},{"type":"Feature","geometry":{"type":"Point","coordinates":[4.71666,52.385212]},"properties":{"type":"charge","layer":"passenger","locationId":"91108739","name":"50five-S NL 09101331","address":"Haarlemmerstraatweg 111","city":"Halfweg","operatorName":"50five","maxPowerKw":11,"isMegawatt":false,"status":"UNAVAILABLE","source":"ndw"}},{"type":"Feature","geometry":{"type":"Point","coordinates":[4.813058,52.316921]},"properties":{"type":"charge","layer":"passenger","locationId":"91284216","name":"50five-S NL 18B15038","address":"Nieuwemeerdijk 465","city":"Badhoevedorp","operatorName":"50five","maxPowerKw":11,"isMegawatt":false,"status":"UNAVAILABLE","source":"ndw"}},{"type":"Feature","geometry":{"type":"Point","coordinates":[4.66273,52.30249]},"properties":{"type":"charge","layer":"passenger","locationId":"408","name":"Shell Recharge NL Lemenburg 69","address":"Lemenburg 69","city":"Hoofddorp","operatorName":"Ubitricity","maxPowerKw":11,"isMegawatt":false,"status":"CHARGING","source":"ndw","priceKwh":0.392}},{"type":"Feature","geometry":{"type":"Point","coordinates":[4.651812,52.323897]},"properties":{"type":"charge","layer":"passenger","locationId":"91231393","name":"50five-S NL 09001301","address":"Spaarnepoort 1","city":"Hoofddorp","operatorName":"50five","maxPowerKw":11,"isMegawatt":false,"status":"AVAILABLE","source":"ndw"}},{"type":"Feature","geometry":{"type":"Point","coordinates":[4.69004,52.30162]},"properties":{"type":"charge","layer":"passenger","locationId":"ce0e8f36-3994-4d4b-a736-3a93f1f10f5b","name":"PP001338 - Cor van de Meerstraat 29, Hoofddorp","address":"29 Cor van de Meerstraat","city":"Hoofddorp","operatorName":"TotalEnergies","maxPowerKw":17,"isMegawatt":false,"status":"CHARGING","source":"ndw"}},{"type":"Feature","geometry":{"type":"Point","coordinates":[4.73537,52.38352]},"properties":{"type":"charge","layer":"passenger","locationId":"06D2F5C5-8505-45DF-B30A-232CBBC09443","name":"Eneco eMobility TSN Amsterdam - Zwanenburg","address":"Weerenweg 25","city":"Zwanenburg","operatorName":"Eneco","maxPowerKw":22,"isMegawatt":false,"status":"AVAILABLE","source":"ndw","priceKwh":0.32}},{"type":"Feature","geometry":{"type":"Point","coordinates":[4.65451,52.30347]},"properties":{"type":"charge","layer":"passenger","locationId":"c36c72a5d04404703ac83c7ad5c271e1","name":"Spannenburg 43","address":"Spannenburg 43","city":"Hoofddorp","operatorName":"Vattenfall InCharge","maxPowerKw":11,"isMegawatt":false,"status":"AVAILABLE","source":"ndw","priceKwh":0.2805}},{"type":"Feature","geometry":{"type":"Point","coordinates":[4.63625,52.31448]},"properties":{"type":"charge","layer":"passenger","locationId":"162","name":"Shell Recharge NL Kranenhout 16","address":"Kranenhout 16","city":"Hoofddorp","operatorName":"Ubitricity","maxPowerKw":11,"isMegawatt":false,"status":"AVAILABLE","source":"ndw","priceKwh":0.392}},{"type":"Feature","geometry":{"type":"Point","coordinates":[4.657735,52.289356]},"properties":{"type":"charge","layer":"passenger","locationId":"A454398E-A3B7-4B15-AC59-C3D2174B8D84","name":"PP005213 - Laan van Norfolk 10, Hoofddorp","address":"10 Laan van Norfolk","city":"Hoofddorp","operatorName":"TotalEnergies","maxPowerKw":13,"isMegawatt":false,"status":"CHARGING","source":"ndw"}},{"type":"Feature","geometry":{"type":"Point","coordinates":[4.61386,52.27226]},"properties":{"type":"charge","layer":"passenger","locationId":"b7b2963a-1749-409d-93b4-46eb3d38d6f7","name":"PP001324 - Sandestein 42, Nieuw-Vennep","address":"42 Sandestein","city":"Nieuw-Vennep","operatorName":"TotalEnergies","maxPowerKw":11,"isMegawatt":false,"status":"UNAVAILABLE","source":"ndw"}},{"type":"Feature","geometry":{"type":"Point","coordinates":[4.63142,52.2705]},"properties":{"type":"charge","layer":"passenger","locationId":"7c637907-5eb1-4416-a713-05c7602f221b","name":"PP005273 - Warande 151, Nieuw Vennep","address":"151 Warande","city":"Nieuw Vennep","operatorName":"TotalEnergies","maxPowerKw":13,"isMegawatt":false,"status":"CHARGING","source":"ndw"}},{"type":"Feature","geometry":{"type":"Point","coordinates":[4.6895,52.30591]},"properties":{"type":"charge","layer":"passenger","locationId":"2400571","name":"Laadnet Stroet laadpaal Fortweg 21!","address":"Fortweg 21","city":"Hoofddorp","operatorName":"Laadnet","maxPowerKw":22,"isMegawatt":false,"status":"AVAILABLE","source":"ndw"}},{"type":"Feature","geometry":{"type":"Point","coordinates":[4.668789,52.314262]},"properties":{"type":"charge","layer":"passenger","locationId":"BDB02471-0541-4ED9-9BBD-529E5A9AFD58","name":"TNLP015430 - Grote Belt 68, Hoofddorp","address":"68 Grote Belt","city":"Hoofddorp","operatorName":"TotalEnergies","maxPowerKw":13,"isMegawatt":false,"status":"AVAILABLE","source":"ndw"}},{"type":"Feature","geometry":{"type":"Point","coordinates":[4.793009,52.332991]},"properties":{"type":"charge","layer":"passenger","locationId":"156efd08-bb6c-4799-9cf3-d5e3d561d81f","name":"Dellaertlaan","address":"Dellaertlaan 144","city":"Badhoevedorp","operatorName":"Vattenfall InCharge","maxPowerKw":11,"isMegawatt":false,"status":"UNAVAILABLE","source":"ndw","priceKwh":0.4316}},{"type":"Feature","geometry":{"type":"Point","coordinates":[4.642467,52.317738]},"properties":{"type":"charge","layer":"passenger","locationId":"304430BD-6A25-4DE3-9C12-99C9CF1B6BC3","name":"TNLP007847 - Vuurboetsduin 93, Hoofddorp","address":"93 Vuurboetsduin","city":"Hoofddorp","operatorName":"TotalEnergies","maxPowerKw":13,"isMegawatt":false,"status":"AVAILABLE","source":"ndw"}},{"type":"Feature","geometry":{"type":"Point","coordinates":[4.687061,52.28991]},"properties":{"type":"charge","layer":"passenger","locationId":"0D21E86D-4822-4E66-B5BE-880A05C26FA7","name":"TNLP003626 - Saffierlaan 4, Hoofddorp","address":"4 Saffierlaan","city":"Hoofddorp","operatorName":"TotalEnergies","maxPowerKw":17,"isMegawatt":false,"status":"CHARGING","source":"ndw"}},{"type":"Feature","geometry":{"type":"Point","coordinates":[4.56075,52.21955]},"properties":{"type":"charge","layer":"passenger","locationId":"5a7d0793-5433-4b25-8333-18f69ef54476","name":"PP001650 - Zweilandstraat 29, Buitenkaag","address":"29 Zweilandstraat","city":"Buitenkaag","operatorName":"TotalEnergies","maxPowerKw":11,"isMegawatt":false,"status":"CHARGING","source":"ndw"}},{"type":"Feature","geometry":{"type":"Point","coordinates":[4.609096,52.268345]},"properties":{"type":"charge","layer":"passenger","locationId":"AA31BD7D-D24F-4651-A570-5D2B8E0F73D6","name":"TNLP015329 - Zuilensteinsingel 130, Nieuw-Vennep","address":"130 Zuilensteinsingel","city":"Nieuw-Vennep","operatorName":"TotalEnergies","maxPowerKw":13,"isMegawatt":false,"status":"CHARGING","source":"ndw"}},{"type":"Feature","geometry":{"type":"Point","coordinates":[4.66499,52.30097]},"properties":{"type":"charge","layer":"passenger","locationId":"BA2A7DA8-E266-4541-A6EA-D33F20C7E5F3","name":"TNLP007840 - Markenburg 143, Hoofddorp","address":"143 Markenburg","city":"Hoofddorp","operatorName":"TotalEnergies","maxPowerKw":17,"isMegawatt":false,"status":"AVAILABLE","source":"ndw"}},{"type":"Feature","geometry":{"type":"Point","coordinates":[4.677237,52.301186]},"properties":{"type":"charge","layer":"passenger","locationId":"3D86D7F6-9F2C-4FC6-A717-E6C2931943AD","name":"PP005047 - Hammarskjöldstraat 224, Hoofddorp","address":"224 Hammarskjöldstraat","city":"Hoofddorp","operatorName":"TotalEnergies","maxPowerKw":13,"isMegawatt":false,"status":"AVAILABLE","source":"ndw"}},{"type":"Feature","geometry":{"type":"Point","coordinates":[4.652945,52.316522]},"properties":{"type":"charge","layer":"passenger","locationId":"471","name":"Shell Recharge NL Tolheksbos 77","address":"Tolheksbos 77","city":"Hoofddorp","operatorName":"Ubitricity","maxPowerKw":11,"isMegawatt":false,"status":"AVAILABLE","source":"ndw","priceKwh":0.392}},{"type":"Feature","geometry":{"type":"Point","coordinates":[4.632665,52.304035]},"properties":{"type":"charge","layer":"passenger","locationId":"CB772AA6-EFB0-4DBB-938C-D50AA20CE177","name":"TNLP015316 - Van Marsbergenstraat 9, Hoofddorp","address":"9 Van Marsbergenstraat","city":"Hoofddorp","operatorName":"TotalEnergies","maxPowerKw":13,"isMegawatt":false,"status":"AVAILABLE","source":"ndw"}},{"type":"Feature","geometry":{"type":"Point","coordinates":[4.669036,52.29809]},"properties":{"type":"charge","layer":"passenger","locationId":"a95b63580103602fbb99f0b05d543b31","name":"Haya van Somerensingel 49","address":"Haya van Somerensingel 49","city":"Hoofddorp","operatorName":"Vattenfall InCharge","maxPowerKw":11,"isMegawatt":false,"status":"AVAILABLE","source":"ndw","priceKwh":0.2805}},{"type":"Feature","geometry":{"type":"Point","coordinates":[4.659977,52.30425]},"properties":{"type":"charge","layer":"passenger","locationId":"07A4C42F-9BE8-4E81-8348-5969C7196ECB","name":"TNLP034154 - Edelenburg 135, Hoofddorp","address":"135 Edelenburg","city":"Hoofddorp","operatorName":"TotalEnergies","maxPowerKw":13,"isMegawatt":false,"status":"UNAVAILABLE","source":"ndw"}},{"type":"Feature","geometry":{"type":"Point","coordinates":[4.682922,52.34492]},"properties":{"type":"charge","layer":"passenger","locationId":"2fb72af9-2b1c-48bb-8cf9-c621dd5272cc","name":"TNLP034601 - Floriadepark 88, Vijfhuizen","address":"88 Floriadepark","city":"Vijfhuizen","operatorName":"TotalEnergies","maxPowerKw":13,"isMegawatt":false,"status":"CHARGING","source":"ndw"}},{"type":"Feature","geometry":{"type":"Point","coordinates":[4.715203,52.258827]},"properties":{"type":"charge","layer":"passenger","locationId":"8D41D394-A6B5-45C0-9AAE-EE766A43E9BA","name":"PP004224 - Werf 15, Rijsenhout","address":"15 Werf","city":"Rijsenhout","operatorName":"TotalEnergies","maxPowerKw":11,"isMegawatt":false,"status":"AVAILABLE","source":"ndw"}},{"type":"Feature","geometry":{"type":"Point","coordinates":[4.661045,52.29427]},"properties":{"type":"charge","layer":"passenger","locationId":"A18E8ED9-3CF1-4406-9B44-4652EC5FC357","name":"TNLP034011 - Albertje Onosplantsoen 38, Hoofddorp","address":"38 Albertje Onosplantsoen","city":"Hoofddorp","operatorName":"TotalEnergies","maxPowerKw":13,"isMegawatt":false,"status":"UNAVAILABLE","source":"ndw"}},{"type":"Feature","geometry":{"type":"Point","coordinates":[4.643611,52.319523]},"properties":{"type":"charge","layer":"passenger","locationId":"BC345626-3A61-483D-9060-7D88D5A0448E","name":"TNLP008005 - Boschplaat 152, Hoofddorp","address":"152 Boschplaat","city":"Hoofddorp","operatorName":"TotalEnergies","maxPowerKw":13,"isMegawatt":false,"status":"AVAILABLE","source":"ndw"}},{"type":"Feature","geometry":{"type":"Point","coordinates":[4.6472,52.22199]},"properties":{"type":"charge","layer":"passenger","locationId":"c5ba1ed2-ee9e-4ff7-b799-e1bacce64eb6","name":"TNLP006406 - Lisserweg 2, Weteringbrug","address":"2 Lisserweg","city":"Weteringbrug","operatorName":"TotalEnergies","maxPowerKw":13,"isMegawatt":false,"status":"AVAILABLE","source":"ndw"}},{"type":"Feature","geometry":{"type":"Point","coordinates":[4.641183,52.273598]},"properties":{"type":"charge","layer":"passenger","locationId":"E09FD396-1068-4A51-B623-2ACA3E713992","name":"TNLP008874 - Seoellaan 1, Nieuw-Vennep","address":"1 Seoellaan","city":"Nieuw-Vennep","operatorName":"TotalEnergies","maxPowerKw":13,"isMegawatt":false,"status":"UNAVAILABLE","source":"ndw"}},{"type":"Feature","geometry":{"type":"Point","coordinates":[4.63104,52.330148]},"properties":{"type":"charge","layer":"passenger","locationId":"922702","name":"Intratuin Cruquius (2)","address":"spaarneweg 251","city":"Cruqius","operatorName":"DAEN Mobility","maxPowerKw":11,"isMegawatt":false,"status":"AVAILABLE","source":"ndw","priceKwh":0.38}},{"type":"Feature","geometry":{"type":"Point","coordinates":[4.69633,52.311662]},"properties":{"type":"charge","layer":"passenger","locationId":"4250356","name":"Laadnet www.ammatch.nl","address":"Wijkermeerstraat 36","city":"Hoofddorp","operatorName":"Laadnet","maxPowerKw":11,"isMegawatt":false,"status":"UNAVAILABLE","source":"ndw"}},{"type":"Feature","geometry":{"type":"Point","coordinates":[4.65295,52.31354]},"properties":{"type":"charge","layer":"passenger","locationId":"5816b8d0-9b48-4292-8d51-be1c5d604aa3","name":"PP001568 - Willemsbos 220, Hoofddorp","address":"220 Willemsbos","city":"Hoofddorp","operatorName":"TotalEnergies","maxPowerKw":11,"isMegawatt":false,"status":"AVAILABLE","source":"ndw"}},{"type":"Feature","geometry":{"type":"Point","coordinates":[4.771232,52.345567]},"properties":{"type":"charge","layer":"passenger","locationId":"7cd3e4d6-90a9-4614-96e9-f0db77bdf0cc","name":"Fresiastraat","address":"Fresiastraat 27","city":"Badhoevedorp","operatorName":"Vattenfall InCharge","maxPowerKw":11,"isMegawatt":false,"status":"UNAVAILABLE","source":"ndw","priceKwh":0.4316}},{"type":"Feature","geometry":{"type":"Point","coordinates":[4.774304,52.33714]},"properties":{"type":"charge","layer":"passenger","locationId":"e10192c2-e507-413d-8bcb-3ab430669ba6","name":"TNLP006486 - Boylestraat 1, Badhoevedorp","address":"1 Boylestraat","city":"Badhoevedorp","operatorName":"TotalEnergies","maxPowerKw":17,"isMegawatt":false,"status":"AVAILABLE","source":"ndw"}},{"type":"Feature","geometry":{"type":"Point","coordinates":[4.633106,52.309467]},"properties":{"type":"charge","layer":"passenger","locationId":"5949FA2E-3E89-4394-9BBB-F7FAB6AD7C0A","name":"PP005056 - Oosterschelde 34, Hoofddorp","address":"34 Oosterschelde","city":"Hoofddorp","operatorName":"TotalEnergies","maxPowerKw":13,"isMegawatt":false,"status":"AVAILABLE","source":"ndw"}},{"type":"Feature","geometry":{"type":"Point","coordinates":[4.650596,52.323097]},"properties":{"type":"charge","layer":"passenger","locationId":"49212DB3-8071-463A-A85B-04E291831018","name":"TNLP007682 - Simonszand 52, Hoofddorp","address":"52 Simonszand","city":"Hoofddorp","operatorName":"TotalEnergies","maxPowerKw":13,"isMegawatt":false,"status":"CHARGING","source":"ndw"}},{"type":"Feature","geometry":{"type":"Point","coordinates":[4.67467,52.29941]},"properties":{"type":"charge","layer":"passenger","locationId":"58e9151d71f7f3f98119a26330129997","name":"Joke Smitstraat 51","address":"Joke Smitstraat 51","city":"Hoofddorp","operatorName":"Vattenfall InCharge","maxPowerKw":11,"isMegawatt":false,"status":"AVAILABLE","source":"ndw","priceKwh":0.2805}},{"type":"Feature","geometry":{"type":"Point","coordinates":[4.652189,52.302155]},"properties":{"type":"charge","layer":"passenger","locationId":"DC0203B5-5494-4765-8DEA-1037CA83C44D","name":"PP005250 - Weerdenburg 31, Hoofddorp","address":"31 Weerdenburg","city":"Hoofddorp","operatorName":"TotalEnergies","maxPowerKw":13,"isMegawatt":false,"status":"AVAILABLE","source":"ndw"}},{"type":"Feature","geometry":{"type":"Point","coordinates":[4.65692,52.32009]},"properties":{"type":"charge","layer":"passenger","locationId":"D6CAEB49-47CD-4FA1-9B47-E91AF2685C77","name":"TNLP015448 - Roekenbos 103, Hoofddorp","address":"103 Roekenbos","city":"Hoofddorp","operatorName":"TotalEnergies","maxPowerKw":13,"isMegawatt":false,"status":"AVAILABLE","source":"ndw"}},{"type":"Feature","geometry":{"type":"Point","coordinates":[4.69897,52.31098]},"properties":{"type":"charge","layer":"passenger","locationId":"0D7E0496-ED17-4B76-8F77-7922E17EDAD0","name":"PP001705 - Achtermeerstraat 66, Hoofddorp","address":"66 Achtermeerstraat","city":"Hoofddorp","operatorName":"TotalEnergies","maxPowerKw":11,"isMegawatt":false,"status":"AVAILABLE","source":"ndw"}},{"type":"Feature","geometry":{"type":"Point","coordinates":[4.705943,52.258602]},"properties":{"type":"charge","layer":"passenger","locationId":"A088595E-3022-4BF3-A2D9-C1D9948CB288","name":"TNLP007073 - Piet Lanserhof 39, Rijsenhout","address":"39 Piet Lanserhof","city":"Rijsenhout","operatorName":"TotalEnergies","maxPowerKw":17,"isMegawatt":false,"status":"CHARGING","source":"ndw"}},{"type":"Feature","geometry":{"type":"Point","coordinates":[4.800847,52.321644]},"properties":{"type":"charge","layer":"passenger","locationId":"660ffe7535eab4001c483bad","name":"Vakif BV (links)","address":"Cateringweg 10","city":"Schiphol","operatorName":"E-Flux by Road","maxPowerKw":22,"isMegawatt":false,"status":"AVAILABLE","source":"ndw","priceKwh":0.41}},{"type":"Feature","geometry":{"type":"Point","coordinates":[4.666617,52.312397]},"properties":{"type":"charge","layer":"passenger","locationId":"4BE0AD5E-DFFA-4724-BDF0-D5A4315213F0","name":"TNLP034666 - Grote Belt 201, Hoofddorp","address":"201 Grote Belt","city":"Hoofddorp","operatorName":"TotalEnergies","maxPowerKw":13,"isMegawatt":false,"status":"UNAVAILABLE","source":"ndw"}},{"type":"Feature","geometry":{"type":"Point","coordinates":[4.74829,52.286519]},"properties":{"type":"charge","layer":"passenger","locationId":"91179954","name":"50five-S NL Schiphol, Folkstoneweg 182","address":"Folkstoneweg 182","city":"Schiphol","operatorName":"50five","maxPowerKw":11,"isMegawatt":false,"status":"AVAILABLE","source":"ndw"}},{"type":"Feature","geometry":{"type":"Point","coordinates":[4.689424,52.330641]},"properties":{"type":"charge","layer":"passenger","locationId":"677fe2b9e36248979186e349","name":"Ostara's station","address":"Ijweg 760","city":"Hoofddorp","operatorName":"E-Flux by Road","maxPowerKw":11,"isMegawatt":false,"status":"AVAILABLE","source":"ndw","priceKwh":0.58}},{"type":"Feature","geometry":{"type":"Point","coordinates":[4.63906,52.30747]},"properties":{"type":"charge","layer":"passenger","locationId":"0b7364de41bd864583dae80fcec26506","name":"Almkerkplein 52","address":"Almkerkplein 52","city":"Hoofddorp","operatorName":"Vattenfall InCharge","maxPowerKw":11,"isMegawatt":false,"status":"AVAILABLE","source":"ndw","priceKwh":0.2805}},{"type":"Feature","geometry":{"type":"Point","coordinates":[4.743826,52.382698]},"properties":{"type":"charge","layer":"passenger","locationId":"676D8ECA-72C3-4711-B421-2FD05980A9D4","name":"TNLP008151 - Domineeslaan 6, Zwanenburg","address":"6 Domineeslaan","city":"Zwanenburg","operatorName":"TotalEnergies","maxPowerKw":17,"isMegawatt":false,"status":"AVAILABLE","source":"ndw"}},{"type":"Feature","geometry":{"type":"Point","coordinates":[4.696965,52.31082]},"properties":{"type":"charge","layer":"passenger","locationId":"9D13C3C7-BA63-4537-9E08-A930003FD3A2","name":"TNLP007634 - Achtermeerstraat 34, Hoofddorp","address":"34 Achtermeerstraat","city":"Hoofddorp","operatorName":"TotalEnergies","maxPowerKw":13,"isMegawatt":false,"status":"AVAILABLE","source":"ndw"}},{"type":"Feature","geometry":{"type":"Point","coordinates":[4.794984,52.336052]},"properties":{"type":"charge","layer":"passenger","locationId":"C6251E82-F038-4056-81D9-24CF06C3D802","name":"TNLP009958 - Jan van Gentstraat 95, Badhoevedorp","address":"95 Jan van Gentstraat","city":"Badhoevedorp","operatorName":"TotalEnergies","maxPowerKw":17,"isMegawatt":false,"status":"AVAILABLE","source":"ndw"}},{"type":"Feature","geometry":{"type":"Point","coordinates":[4.61355,52.269]},"properties":{"type":"charge","layer":"passenger","locationId":"7C435D5F-58AE-47F7-B1DB-DB34934E5C6B","name":"TNLP015449 - Vivaldisingel 91, Nieuw-Vennep","address":"91 Vivaldisingel","city":"Nieuw-Vennep","operatorName":"TotalEnergies","maxPowerKw":13,"isMegawatt":false,"status":"AVAILABLE","source":"ndw"}},{"type":"Feature","geometry":{"type":"Point","coordinates":[4.64361,52.3049]},"properties":{"type":"charge","layer":"passenger","locationId":"570ed40cfe98b25625a73642c6699b4e","name":"Sordello 100","address":"Sordello 100","city":"Hoofddorp","operatorName":"Vattenfall InCharge","maxPowerKw":11,"isMegawatt":false,"status":"AVAILABLE","source":"ndw","priceKwh":0.2805}},{"type":"Feature","geometry":{"type":"Point","coordinates":[4.786496,52.340747]},"properties":{"type":"charge","layer":"passenger","locationId":"7b188ab6-6a70-4cb3-b2bc-32f433f156f2","name":"TNLP034684","address":"Pelikaanstraat 14","city":"Badhoevedorp","operatorName":"TotalEnergies","maxPowerKw":14,"isMegawatt":false,"status":"AVAILABLE","source":"ndw"}},{"type":"Feature","geometry":{"type":"Point","coordinates":[4.693527,52.305067]},"properties":{"type":"charge","layer":"passenger","locationId":"OST20P0044_0012_2","name":"OST20P0044_0012_2","address":"Marktplein 92","city":"Hoofddorp","operatorName":"e-VOLTT","maxPowerKw":11,"isMegawatt":false,"status":"CHARGING","source":"ndw","priceKwh":0.47}},{"type":"Feature","geometry":{"type":"Point","coordinates":[4.69809,52.29467]},"properties":{"type":"charge","layer":"passenger","locationId":"79F2968A-39BF-4E30-B10B-FFB237385038","name":"TNLP003613 - Saturnusstraat 25, Hoofddorp","address":"25 Saturnusstraat","city":"Hoofddorp","operatorName":"TotalEnergies","maxPowerKw":17,"isMegawatt":false,"status":"AVAILABLE","source":"ndw"}},{"type":"Feature","geometry":{"type":"Point","coordinates":[4.703837,52.289047]},"properties":{"type":"charge","layer":"passenger","locationId":"922996","name":"P93 DAE_NL_2000482","address":"Taurusavenue 133","city":"Hoofddorp","operatorName":"DAEN Mobility","maxPowerKw":22,"isMegawatt":false,"status":"AVAILABLE","source":"ndw","priceKwh":0.36}},{"type":"Feature","geometry":{"type":"Point","coordinates":[4.69204,52.29448]},"properties":{"type":"charge","layer":"passenger","locationId":"323C3613-F391-4A78-9076-D0118A072D2A","name":"TNLP008764 - Graan voor Visch 14501, Hoofddorp","address":"14501 Graan voor Visch","city":"Hoofddorp","operatorName":"TotalEnergies","maxPowerKw":14,"isMegawatt":false,"status":"AVAILABLE","source":"ndw"}},{"type":"Feature","geometry":{"type":"Point","coordinates":[4.678955,52.308974]},"properties":{"type":"charge","layer":"passenger","locationId":"df67321b-ebd0-43e0-ae57-75dcce2f2de7","name":"Kaj Munkweg 45","address":"Kaj Munkweg 45","city":"Hoofddorp","operatorName":"Vattenfall InCharge","maxPowerKw":11,"isMegawatt":false,"status":"CHARGING","source":"ndw","priceKwh":0.4316}},{"type":"Feature","geometry":{"type":"Point","coordinates":[4.612496,52.268105]},"properties":{"type":"charge","layer":"passenger","locationId":"9FBA5DF6-44C4-4AD4-8390-46BA98107859","name":"TNLP008825 - Deliuslaan 38, Nieuw-Vennep","address":"38 Deliuslaan","city":"Nieuw-Vennep","operatorName":"TotalEnergies","maxPowerKw":14,"isMegawatt":false,"status":"AVAILABLE","source":"ndw"}},{"type":"Feature","geometry":{"type":"Point","coordinates":[4.667098,52.29222]},"properties":{"type":"charge","layer":"passenger","locationId":"B392DBB8-9441-4342-AFD8-707844B9BCF3","name":"TNLP034064 - Koningin Maximalaan 7, Hoofddorp","address":"7 Koningin Maximalaan","city":"Hoofddorp","operatorName":"TotalEnergies","maxPowerKw":13,"isMegawatt":false,"status":"UNAVAILABLE","source":"ndw"}},{"type":"Feature","geometry":{"type":"Point","coordinates":[4.646115,52.302643]},"properties":{"type":"charge","layer":"passenger","locationId":"22DCB1EF-3147-4B9A-9AC1-C8B6AE2B576F","name":"TNLP015425 - Navona 44, Hoofdddorp","address":"44 Navona","city":"Hoofdddorp","operatorName":"TotalEnergies","maxPowerKw":17,"isMegawatt":false,"status":"UNAVAILABLE","source":"ndw"}},{"type":"Feature","geometry":{"type":"Point","coordinates":[4.728415,52.381948]},"properties":{"type":"charge","layer":"passenger","locationId":"f8920658-06b8-453f-9fa7-c06b29ebd68e","name":"Amestelle","address":"Amestelle 271","city":"Zwanenburg","operatorName":"Vattenfall InCharge","maxPowerKw":11,"isMegawatt":false,"status":"UNAVAILABLE","source":"ndw","priceKwh":0.4316}},{"type":"Feature","geometry":{"type":"Point","coordinates":[4.710089,52.291987]},"properties":{"type":"charge","layer":"passenger","locationId":"2876","name":"50five Exploitatie Siriusdreef / Openbaar","address":"Siriusdreef 35","city":"Hoofddorp","operatorName":"50five","maxPowerKw":11,"isMegawatt":false,"status":"AVAILABLE","source":"ndw"}},{"type":"Feature","geometry":{"type":"Point","coordinates":[4.703837,52.289047]},"properties":{"type":"charge","layer":"passenger","locationId":"923003","name":"P78 DAE_NL_2000476","address":"Taurusavenue 133","city":"Hoofddorp","operatorName":"DAEN Mobility","maxPowerKw":22,"isMegawatt":false,"status":"AVAILABLE","source":"ndw","priceKwh":0.36}},{"type":"Feature","geometry":{"type":"Point","coordinates":[4.657265,52.290833]},"properties":{"type":"charge","layer":"passenger","locationId":"37714FAF-1F30-4274-9421-36B4315D8A8C","name":"TNLP006067 - Laan van Tudor 23, Hoofddorp","address":"23 Laan van Tudor","city":"Hoofddorp","operatorName":"TotalEnergies","maxPowerKw":13,"isMegawatt":false,"status":"AVAILABLE","source":"ndw"}},{"type":"Feature","geometry":{"type":"Point","coordinates":[4.644255,52.300851]},"properties":{"type":"charge","layer":"passenger","locationId":"91121432","name":"50five-S NL PD22300009848","address":"Lingenhof 7","city":"Hoofddorp","operatorName":"50five","maxPowerKw":4,"isMegawatt":false,"status":"UNAVAILABLE","source":"ndw"}},{"type":"Feature","geometry":{"type":"Point","coordinates":[4.752517,52.347675]},"properties":{"type":"charge","layer":"passenger","locationId":"91147570","name":"50five-S NL ICUEVE000465","address":"Hoofdweg 69","city":"Lijnden","operatorName":"50five","maxPowerKw":22,"isMegawatt":false,"status":"UNAVAILABLE","source":"ndw"}},{"type":"Feature","geometry":{"type":"Point","coordinates":[4.702556,52.291028]},"properties":{"type":"charge","layer":"passenger","locationId":"91148252","name":"50five-S NL 04001377","address":"Taurusavenue 16","city":"Hoofddorp","operatorName":"50five","maxPowerKw":7,"isMegawatt":false,"status":"AVAILABLE","source":"ndw"}},{"type":"Feature","geometry":{"type":"Point","coordinates":[4.762097,52.293365]},"properties":{"type":"charge","layer":"passenger","locationId":"91171958","name":"50five-S NL 08001074","address":"Anchoragelaan 50","city":"Schiphol","operatorName":"50five","maxPowerKw":22,"isMegawatt":false,"status":"UNAVAILABLE","source":"ndw"}},{"type":"Feature","geometry":{"type":"Point","coordinates":[4.658184,52.299889]},"properties":{"type":"charge","layer":"passenger","locationId":"77caccec-d28b-409e-a0ff-4bb82181856a","name":"Rondenburglaan","address":"Rondenburglaan 28","city":"Hoofddorp","operatorName":"Vattenfall InCharge","maxPowerKw":11,"isMegawatt":false,"status":"UNAVAILABLE","source":"ndw","priceKwh":0.4316}},{"type":"Feature","geometry":{"type":"Point","coordinates":[4.7059,52.25861]},"properties":{"type":"charge","layer":"passenger","locationId":"f328d03c9d80c7f76a7df85d9fd8d8d9","name":"Piet Lanserhof 39","address":"Piet Lanserhof 39","city":"Rijsenhout","operatorName":"Vattenfall InCharge","maxPowerKw":11,"isMegawatt":false,"status":"AVAILABLE","source":"ndw","priceKwh":0.2805}},{"type":"Feature","geometry":{"type":"Point","coordinates":[4.61801,52.27795]},"properties":{"type":"charge","layer":"passenger","locationId":"ee8df65e-fe7e-477b-b896-44cba17c86b1","name":"PP001465 - Regulierspoort 41, Nieuw-Vennep","address":"41 Regulierspoort","city":"Nieuw-Vennep","operatorName":"TotalEnergies","maxPowerKw":11,"isMegawatt":false,"status":"UNAVAILABLE","source":"ndw"}},{"type":"Feature","geometry":{"type":"Point","coordinates":[4.708652,52.292557]},"properties":{"type":"charge","layer":"passenger","locationId":"69c26a615deddacbd7bcdb39","name":"Polarisavenue 151-2","address":"Polarisavenue 151-2","city":"Hoofddorp","operatorName":"Pluq","maxPowerKw":22,"isMegawatt":false,"status":"AVAILABLE","source":"ndw","priceKwh":0.4}},{"type":"Feature","geometry":{"type":"Point","coordinates":[4.750064,52.278681]},"properties":{"type":"charge","layer":"passenger","locationId":"689a024bbbb9eb99950db6ae","name":"roger ciapponi 's station","address":"Boeingavenue  2","city":"Schiphol-rijk","operatorName":"E-Flux by Road","maxPowerKw":22,"isMegawatt":false,"status":"AVAILABLE","source":"ndw","priceKwh":0.73}},{"type":"Feature","geometry":{"type":"Point","coordinates":[4.676257,52.348473]},"properties":{"type":"charge","layer":"passenger","locationId":"B165C714-99F1-4C7E-855A-D098DF514086","name":"TNLP009909 - Telraam 6, Vijfhuizen","address":"6 Telraam","city":"Vijfhuizen","operatorName":"TotalEnergies","maxPowerKw":13,"isMegawatt":false,"status":"AVAILABLE","source":"ndw"}},{"type":"Feature","geometry":{"type":"Point","coordinates":[4.6194,52.26991]},"properties":{"type":"charge","layer":"passenger","locationId":"acab9626-3472-4134-b7ad-d1d6d3d8ff76","name":"PP001355 - Strausslaan 57, Nieuw-Vennep","address":"57 Strausslaan","city":"Nieuw-Vennep","operatorName":"TotalEnergies","maxPowerKw":11,"isMegawatt":false,"status":"UNAVAILABLE","source":"ndw"}},{"type":"Feature","geometry":{"type":"Point","coordinates":[4.64303,52.33537]},"properties":{"type":"charge","layer":"passenger","locationId":"f0bd6588fa3424520aaa0ca074eed46b","name":"Ligusterweg 3","address":"Ligusterweg 3","city":"Cruquius","operatorName":"Vattenfall InCharge","maxPowerKw":11,"isMegawatt":false,"status":"CHARGING","source":"ndw","priceKwh":0.2805}},{"type":"Feature","geometry":{"type":"Point","coordinates":[4.63618,52.25809]},"properties":{"type":"charge","layer":"passenger","locationId":"D5F036E7-E1CB-4C60-81E1-D99B913F664E","name":"TNLP003561 - Nachtschadestraat 16, Nieuw-Vennep","address":"16 Nachtschadestraat","city":"Nieuw-Vennep","operatorName":"TotalEnergies","maxPowerKw":17,"isMegawatt":false,"status":"CHARGING","source":"ndw"}},{"type":"Feature","geometry":{"type":"Point","coordinates":[4.616896,52.278867]},"properties":{"type":"charge","layer":"passenger","locationId":"4c16d151-c328-49bd-aca4-e263533f7d15","name":"Rijnpoort","address":"Rijnpoort 1","city":"NIEUW-VENNEP","operatorName":"Vattenfall InCharge","maxPowerKw":11,"isMegawatt":false,"status":"AVAILABLE","source":"ndw","priceKwh":0.4316}},{"type":"Feature","geometry":{"type":"Point","coordinates":[4.703254,52.290777]},"properties":{"type":"charge","layer":"passenger","locationId":"89176441","name":"50five Headfirst","address":"Taurusavenue 18","city":"Hoofddorp","operatorName":"50five","maxPowerKw":22,"isMegawatt":false,"status":"AVAILABLE","source":"ndw"}},{"type":"Feature","geometry":{"type":"Point","coordinates":[4.69774,52.30539]},"properties":{"type":"charge","layer":"passenger","locationId":"289aeca6-6a6c-4809-9bf1-e48520c9b5c7","name":"PP001292 - Nijverheidsstraat 17, Hoofddorp","address":"17 Nijverheidsstraat","city":"Hoofddorp","operatorName":"TotalEnergies","maxPowerKw":11,"isMegawatt":false,"status":"UNAVAILABLE","source":"ndw"}},{"type":"Feature","geometry":{"type":"Point","coordinates":[4.78266,52.3346]},"properties":{"type":"charge","layer":"passenger","locationId":"c3a535c8-664d-494e-9ead-df33452c069f","name":"PP001420 - Plesmanlaan 1, Badhoevedorp","address":"1 Plesmanlaan","city":"Badhoevedorp","operatorName":"TotalEnergies","maxPowerKw":11,"isMegawatt":false,"status":"UNAVAILABLE","source":"ndw"}},{"type":"Feature","geometry":{"type":"Point","coordinates":[4.619805,52.254931]},"properties":{"type":"charge","layer":"passenger","locationId":"91148172","name":"50five-S NL 07116442","address":"Hoofdweg 1279","city":"Nieuw-Vennep","operatorName":"50five","maxPowerKw":11,"isMegawatt":false,"status":"AVAILABLE","source":"ndw"}},{"type":"Feature","geometry":{"type":"Point","coordinates":[4.680658,52.286896]},"properties":{"type":"charge","layer":"passenger","locationId":"008A8019-E114-48EB-867B-9D3E5196A9FE","name":"Laadplein - PP005626 - Jacobus Spijkerdreef 4, Hoofddorp","address":"4 Jacobus Spijkerdreef","city":"Hoofddorp","operatorName":"TotalEnergies","maxPowerKw":15,"isMegawatt":false,"status":"AVAILABLE","source":"ndw"}},{"type":"Feature","geometry":{"type":"Point","coordinates":[4.66153,52.31884]},"properties":{"type":"charge","layer":"passenger","locationId":"21F57F9B-8F2F-436F-A116-9B09490F8047","name":"PP005034 - Corversbos 39, Hoofddorp","address":"39 Corversbos","city":"Hoofddorp","operatorName":"TotalEnergies","maxPowerKw":13,"isMegawatt":false,"status":"AVAILABLE","source":"ndw"}},{"type":"Feature","geometry":{"type":"Point","coordinates":[4.673724,52.36562]},"properties":{"type":"charge","layer":"passenger","locationId":"4435456F-8A83-4B85-BA9F-00EA5F7E6CFD","name":"TNLP007800 - Ringvaart-Vijfhuizerdijk 170, Vijfhuizen","address":"170 Ringvaart-Vijfhuizerdijk","city":"Vijfhuizen","operatorName":"TotalEnergies","maxPowerKw":15,"isMegawatt":false,"status":"AVAILABLE","source":"ndw"}},{"type":"Feature","geometry":{"type":"Point","coordinates":[4.625337,52.252542]},"properties":{"type":"charge","layer":"passenger","locationId":"67e3f097c77bc793d3bb6941","name":"Race Winning Brands Europe b.v.","address":"Pesetaweg 27","city":"Nieuw-Vennep","operatorName":"E-Flux by Road","maxPowerKw":22,"isMegawatt":false,"status":"AVAILABLE","source":"ndw","priceKwh":0.36}},{"type":"Feature","geometry":{"type":"Point","coordinates":[4.615869,52.276306]},"properties":{"type":"charge","layer":"passenger","locationId":"3E6103C5-8032-428A-9483-D3502BB9C4CE","name":"PP005623 - Dijkpoort 15, Nieuw-Vennep","address":"15 Dijkpoort","city":"Nieuw-Vennep","operatorName":"TotalEnergies","maxPowerKw":13,"isMegawatt":false,"status":"AVAILABLE","source":"ndw"}},{"type":"Feature","geometry":{"type":"Point","coordinates":[4.685787,52.307323]},"properties":{"type":"charge","layer":"passenger","locationId":"4A04084D-BCF7-4473-9054-6DDDD51BDCC4","name":"TNLP005876 - Ramaerstraat 2, Hoofddorp","address":"2 Ramaerstraat","city":"Hoofddorp","operatorName":"TotalEnergies","maxPowerKw":15,"isMegawatt":false,"status":"CHARGING","source":"ndw"}},{"type":"Feature","geometry":{"type":"Point","coordinates":[4.677009,52.306324]},"properties":{"type":"charge","layer":"passenger","locationId":"A0B47473-540E-4FF4-BE9E-4901E62529AD","name":"PP005177 - Kelloggstraat 155, Hoofddorp","address":"155 Kelloggstraat","city":"Hoofddorp","operatorName":"TotalEnergies","maxPowerKw":15,"isMegawatt":false,"status":"AVAILABLE","source":"ndw"}},{"type":"Feature","geometry":{"type":"Point","coordinates":[4.70121,52.30202]},"properties":{"type":"charge","layer":"passenger","locationId":"6a5a0908-94b0-42f7-bd08-844ca557b84a","name":"PP001406 - Leeghwaterstraat 59, Hoofddorp","address":"59 Leeghwaterstraat","city":"Hoofddorp","operatorName":"TotalEnergies","maxPowerKw":11,"isMegawatt":false,"status":"AVAILABLE","source":"ndw"}},{"type":"Feature","geometry":{"type":"Point","coordinates":[4.757719,52.352617]},"properties":{"type":"charge","layer":"passenger","locationId":"b36e6267-6c4e-4def-9b27-550c9f3ae9b5","name":"Nieuwerkerkerstraat 15","address":"Nieuwerkerkerstraat 15","city":"Lijnden","operatorName":"Vattenfall InCharge","maxPowerKw":11,"isMegawatt":false,"status":"UNAVAILABLE","source":"ndw","priceKwh":0.4316}},{"type":"Feature","geometry":{"type":"Point","coordinates":[4.648583,52.30812]},"properties":{"type":"charge","layer":"passenger","locationId":"E65CE741-977D-4739-AE5A-20CAA300E883","name":"PP004087 - Henri Didonweg 76, Hoofddorp","address":"76 Henri Didonweg","city":"Hoofddorp","operatorName":"TotalEnergies","maxPowerKw":13,"isMegawatt":false,"status":"AVAILABLE","source":"ndw"}},{"type":"Feature","geometry":{"type":"Point","coordinates":[4.682594,52.347954]},"properties":{"type":"charge","layer":"passenger","locationId":"328B04A3-0380-405B-B214-DEE4DB3D9E60","name":"TNLP034368 - Jack Sharp park 1, Vijfhuizen","address":"1 Jack Sharp park","city":"Vijfhuizen","operatorName":"TotalEnergies","maxPowerKw":13,"isMegawatt":false,"status":"UNAVAILABLE","source":"ndw"}},{"type":"Feature","geometry":{"type":"Point","coordinates":[4.703261,52.296764]},"properties":{"type":"charge","layer":"passenger","locationId":"91106446","name":"50five-S NL 03009453","address":"Neptuneslaan 71-93","city":"Hoofddorp","operatorName":"50five","maxPowerKw":11,"isMegawatt":false,"status":"AVAILABLE","source":"ndw"}},{"type":"Feature","geometry":{"type":"Point","coordinates":[4.731645,52.267761]},"properties":{"type":"charge","layer":"passenger","locationId":"643d5c64ead28500124d00e8","name":"Zantingh Paal 1","address":"Aarbergerweg  9","city":"Rijsenhout","operatorName":"E-Flux by Road","maxPowerKw":11,"isMegawatt":false,"status":"AVAILABLE","source":"ndw","priceKwh":0.56}},{"type":"Feature","geometry":{"type":"Point","coordinates":[4.649853,52.312248]},"properties":{"type":"charge","layer":"passenger","locationId":"c2675557-8126-46c3-9be5-6ad8f3940aae","name":"Zandbos","address":"Zandbos 44","city":"Hoofddorp","operatorName":"Vattenfall InCharge","maxPowerKw":11,"isMegawatt":false,"status":"CHARGING","source":"ndw","priceKwh":0.4316}},{"type":"Feature","geometry":{"type":"Point","coordinates":[4.630568,52.271972]},"properties":{"type":"charge","layer":"passenger","locationId":"547bc2c058a2de6ef5621e23bf973261","name":"Lucas Bolsstraat 2","address":"Lucas Bolsstraat 2","city":"Nieuw-Vennep","operatorName":"Vattenfall InCharge","maxPowerKw":11,"isMegawatt":false,"status":"AVAILABLE","source":"ndw","priceKwh":0.4316}},{"type":"Feature","geometry":{"type":"Point","coordinates":[4.61044,52.26749]},"properties":{"type":"charge","layer":"passenger","locationId":"20526388-C48B-4355-A547-16692EDCDE74","name":"TNLP003614 - Mozartlaan 1, Nieuw Vennep","address":"1 Mozartlaan","city":"Nieuw Vennep","operatorName":"TotalEnergies","maxPowerKw":17,"isMegawatt":false,"status":"AVAILABLE","source":"ndw"}},{"type":"Feature","geometry":{"type":"Point","coordinates":[4.7502,52.37449]},"properties":{"type":"charge","layer":"passenger","locationId":"F8A08112-2EA3-4004-B52C-C2A8B51294D1","name":"TNLP003672 - Essenlaan 64, Zwanenburg","address":"64 Essenlaan","city":"Zwanenburg","operatorName":"TotalEnergies","maxPowerKw":17,"isMegawatt":false,"status":"AVAILABLE","source":"ndw"}},{"type":"Feature","geometry":{"type":"Point","coordinates":[4.618458,52.275073]},"properties":{"type":"charge","layer":"passenger","locationId":"9f8ccc2d-30aa-4d13-a4ce-debb561ab429","name":"Herfstpark 2","address":"Herfstpark 2","city":"NIEUW-VENNEP","operatorName":"Vattenfall InCharge","maxPowerKw":11,"isMegawatt":false,"status":"CHARGING","source":"ndw","priceKwh":0.4316}},{"type":"Feature","geometry":{"type":"Point","coordinates":[4.77477,52.34307]},"properties":{"type":"charge","layer":"passenger","locationId":"af9ec3c6-3960-4539-adfa-04bb0deffdd8","name":"PP001485 - Snelliuslaan 1, Badhoevedorp","address":"1 Snelliuslaan","city":"Badhoevedorp","operatorName":"TotalEnergies","maxPowerKw":17,"isMegawatt":false,"status":"AVAILABLE","source":"ndw"}},{"type":"Feature","geometry":{"type":"Point","coordinates":[4.76,52.34]},"properties":{"type":"charge","layer":"passenger","locationId":"91227701","name":"50five-S NL Lijnden","address":"New Yorkstraat 10","city":"Lijnden","operatorName":"50five","maxPowerKw":22,"isMegawatt":false,"status":"UNAVAILABLE","source":"ndw"}},{"type":"Feature","geometry":{"type":"Point","coordinates":[4.772478,52.313025]},"properties":{"type":"charge","layer":"passenger","locationId":"653220cb13d2ff001cdc1156","name":"Hilton Amsterdam Airport Schiphol","address":"Boulevard  701","city":"Schiphol","operatorName":"E-Flux by Road","maxPowerKw":11,"isMegawatt":false,"status":"AVAILABLE","source":"ndw","priceKwh":0.88}},{"type":"Feature","geometry":{"type":"Point","coordinates":[4.691995,52.413624]},"properties":{"type":"charge","layer":"passenger","locationId":"81FE4D8C-9555-4A48-9BB2-40AB7CBEB876","name":"TNLP005711 - Westhoff 95, Spaarndam","address":"95 Westhoff","city":"Spaarndam","operatorName":"TotalEnergies","maxPowerKw":13,"isMegawatt":false,"status":"CHARGING","source":"ndw"}},{"type":"Feature","geometry":{"type":"Point","coordinates":[4.77911,52.33502]},"properties":{"type":"charge","layer":"passenger","locationId":"2811ce62-6132-4f03-a16b-3c89bd45af8e","name":"PP001508 - Pa Verkuijllaan 57, Badhoevedorp","address":"57 Pa Verkuijllaan","city":"Badhoevedorp","operatorName":"TotalEnergies","maxPowerKw":11,"isMegawatt":false,"status":"UNAVAILABLE","source":"ndw"}},{"type":"Feature","geometry":{"type":"Point","coordinates":[4.66171,52.313255]},"properties":{"type":"charge","layer":"passenger","locationId":"219B0BAF-B330-483F-8445-677EA8A3FFE5","name":"TNLP015097 - Mastbos 491, Hoofddorp","address":"491 Mastbos","city":"Hoofddorp","operatorName":"TotalEnergies","maxPowerKw":13,"isMegawatt":false,"status":"AVAILABLE","source":"ndw"}},{"type":"Feature","geometry":{"type":"Point","coordinates":[4.61848,52.25587]},"properties":{"type":"charge","layer":"passenger","locationId":"266562D1-5849-4D8B-8D95-A77BCFA6049C","name":"TNLP006434 - Hoofdweg 1279, Nieuw-Vennep","address":"1279 Hoofdweg","city":"Nieuw-Vennep","operatorName":"TotalEnergies","maxPowerKw":13,"isMegawatt":false,"status":"UNAVAILABLE","source":"ndw"}},{"type":"Feature","geometry":{"type":"Point","coordinates":[4.635646,52.264294]},"properties":{"type":"charge","layer":"passenger","locationId":"89840268","name":"Van Leeuwen De Rustende Jager","address":"Venneperweg 471","city":"Nieuw Vennep","operatorName":"Van Leeuwen","maxPowerKw":22,"isMegawatt":false,"status":"AVAILABLE","source":"ndw"}},{"type":"Feature","geometry":{"type":"Point","coordinates":[4.75237,52.3728]},"properties":{"type":"charge","layer":"passenger","locationId":"a9c36ca0-347c-45cf-9100-f636757bf232","name":"PP001367 - Populierenlaan 44, Zwanenburg","address":"44 Populierenlaan","city":"Zwanenburg","operatorName":"TotalEnergies","maxPowerKw":11,"isMegawatt":false,"status":"UNAVAILABLE","source":"ndw"}},{"type":"Feature","geometry":{"type":"Point","coordinates":[4.66479,52.29904]},"properties":{"type":"charge","layer":"passenger","locationId":"e9a720262db827f9d77ca7b8bf207870","name":"Anna de Waalstraat 133","address":"Anna de Waalstraat 133","city":"Hoofddorp","operatorName":"Vattenfall InCharge","maxPowerKw":11,"isMegawatt":false,"status":"UNAVAILABLE","source":"ndw","priceKwh":0.2805}},{"type":"Feature","geometry":{"type":"Point","coordinates":[4.745479,52.277897]},"properties":{"type":"charge","layer":"passenger","locationId":"NLENV132","name":"Schiphol, Beechavenue 54","address":"Beechavenue 54","city":"Haarlemmermeer","operatorName":"","maxPowerKw":22,"isMegawatt":false,"status":"AVAILABLE","source":"ndw","priceKwh":0.5}},{"type":"Feature","geometry":{"type":"Point","coordinates":[4.650803,52.304627]},"properties":{"type":"charge","layer":"passenger","locationId":"f6458e9b-e474-4b1f-8231-52d6e489066c","name":"Andelhof","address":"Andelhof 4","city":"Hoofddorp","operatorName":"Vattenfall InCharge","maxPowerKw":7,"isMegawatt":false,"status":"AVAILABLE","source":"ndw","priceKwh":0.4132}},{"type":"Feature","geometry":{"type":"Point","coordinates":[4.650655,52.247829]},"properties":{"type":"charge","layer":"passenger","locationId":"c67002aed984d536fc5ef127ce12ec5e","name":"Rijnlanderweg 1360","address":"Rijnlanderweg 1360","city":"Nieuw-Vennep","operatorName":"Vattenfall InCharge","maxPowerKw":22,"isMegawatt":false,"status":"CHARGING","source":"ndw"}},{"type":"Feature","geometry":{"type":"Point","coordinates":[4.809174,52.307209]},"properties":{"type":"charge","layer":"passenger","locationId":"699c6f247590a262ae00e50e","name":"SPL-O Garage P1 Hotelzijde","address":"Stationsplein Zuid-West 1001","city":"Schiphol","operatorName":"E-Flux by Road","maxPowerKw":22,"isMegawatt":false,"status":"AVAILABLE","source":"ndw","priceKwh":0.2584}},{"type":"Feature","geometry":{"type":"Point","coordinates":[4.620906,52.277133]},"properties":{"type":"charge","layer":"passenger","locationId":"bea6cad4-cc27-4a42-a5ff-44ce95f0af27","name":"Winterpark 44","address":"Winterpark 44","city":"NIEUW-VENNEP","operatorName":"Vattenfall InCharge","maxPowerKw":11,"isMegawatt":false,"status":"AVAILABLE","source":"ndw","priceKwh":0.4316}},{"type":"Feature","geometry":{"type":"Point","coordinates":[4.636765,52.238252]},"properties":{"type":"charge","layer":"passenger","locationId":"91056750","name":"50five-S NL 17B30176","address":"Rijnlanderweg 1474","city":"Haarlemmermeer","operatorName":"50five","maxPowerKw":9,"isMegawatt":false,"status":"CHARGING","source":"ndw"}},{"type":"Feature","geometry":{"type":"Point","coordinates":[4.681443,52.295467]},"properties":{"type":"charge","layer":"passenger","locationId":"66507627","name":"50five Exploitatie Hotel Executive Residency by Best Western","address":"Opaallaan 1204","city":"Hoofddorp","operatorName":"50five","maxPowerKw":11,"isMegawatt":false,"status":"AVAILABLE","source":"ndw"}},{"type":"Feature","geometry":{"type":"Point","coordinates":[4.686622,52.29967]},"properties":{"type":"charge","layer":"passenger","locationId":"47295d9b-56db-4890-a132-f30ac3b8dcc9","name":"Graan voor Visch 19801","address":"Graan voor Visch 19801","city":"Hoofddorp","operatorName":"Vattenfall InCharge","maxPowerKw":11,"isMegawatt":false,"status":"UNAVAILABLE","source":"ndw","priceKwh":0.4316}},{"type":"Feature","geometry":{"type":"Point","coordinates":[4.68059,52.30574]},"properties":{"type":"charge","layer":"passenger","locationId":"50baf376b73a0a040a5c88a4bc26dde1","name":"Wilsonstraat 10","address":"Wilsonstraat 10","city":"Hoofddorp","operatorName":"Vattenfall InCharge","maxPowerKw":11,"isMegawatt":false,"status":"AVAILABLE","source":"ndw","priceKwh":0.2805}},{"type":"Feature","geometry":{"type":"Point","coordinates":[4.688219,52.309394]},"properties":{"type":"charge","layer":"passenger","locationId":"f1461a1470667553ec806defba3261c6","name":"Prins Bernhardstraat 44","address":"Prins Bernhardstraat 44","city":"Hoofddorp","operatorName":"Vattenfall InCharge","maxPowerKw":11,"isMegawatt":false,"status":"AVAILABLE","source":"ndw","priceKwh":0.2805}},{"type":"Feature","geometry":{"type":"Point","coordinates":[4.653317,52.309485]},"properties":{"type":"charge","layer":"passenger","locationId":"de913804-34e6-4ba5-b3f3-adcd17094925","name":"Klaterbos","address":"Klaterbos 64","city":"Hoofddorp","operatorName":"Vattenfall InCharge","maxPowerKw":11,"isMegawatt":false,"status":"AVAILABLE","source":"ndw","priceKwh":0.4316}},{"type":"Feature","geometry":{"type":"Point","coordinates":[4.680945,52.30502]},"properties":{"type":"charge","layer":"passenger","locationId":"f992f850-105b-498e-98f4-551299ca9cd3","name":"Wilsonstraat","address":"Wilsonstraat 215","city":"Hoofddorp","operatorName":"Vattenfall InCharge","maxPowerKw":11,"isMegawatt":false,"status":"AVAILABLE","source":"ndw","priceKwh":0.4316}},{"type":"Feature","geometry":{"type":"Point","coordinates":[4.662193,52.298084]},"properties":{"type":"charge","layer":"passenger","locationId":"ea031ef1-6851-4e6f-94aa-ac6be487d8d9","name":"Maria Rutgerslaan","address":"Maria Rutgerslaan 137","city":"Hoofddorp","operatorName":"Vattenfall InCharge","maxPowerKw":11,"isMegawatt":false,"status":"UNAVAILABLE","source":"ndw","priceKwh":0.4316}},{"type":"Feature","geometry":{"type":"Point","coordinates":[4.634967,52.268945]},"properties":{"type":"charge","layer":"passenger","locationId":"5188ac39-e7e6-478a-bc0d-6884ec20b579","name":"Wageningenstraat","address":"Wageningenstraat 2","city":"NIEUW-VENNEP","operatorName":"Vattenfall InCharge","maxPowerKw":11,"isMegawatt":false,"status":"AVAILABLE","source":"ndw","priceKwh":0.4316}},{"type":"Feature","geometry":{"type":"Point","coordinates":[4.638174,52.271665]},"properties":{"type":"charge","layer":"passenger","locationId":"3eece4bf91cbeae2a38a6912d0407db1","name":"Turfsteker 74","address":"Turfsteker 74","city":"Nieuw-Vennep","operatorName":"Vattenfall InCharge","maxPowerKw":11,"isMegawatt":false,"status":"AVAILABLE","source":"ndw","priceKwh":0.2805}},{"type":"Feature","geometry":{"type":"Point","coordinates":[4.689417,52.412631]},"properties":{"type":"charge","layer":"passenger","locationId":"e6125fbd-9804-4ce8-ab6a-3f76ea2fb5aa","name":"Frans Verpoortenstraat","address":"Frans Verpoortenstraat 3","city":"Spaarndam","operatorName":"Vattenfall InCharge","maxPowerKw":11,"isMegawatt":false,"status":"UNAVAILABLE","source":"ndw","priceKwh":0.4316}},{"type":"Feature","geometry":{"type":"Point","coordinates":[4.659281,52.314086]},"properties":{"type":"charge","layer":"passenger","locationId":"50f1f447089154cbee798d4bded2774d","name":"Muiderbos 218","address":"Muiderbos 218","city":"Hoofddorp","operatorName":"Vattenfall InCharge","maxPowerKw":11,"isMegawatt":false,"status":"AVAILABLE","source":"ndw","priceKwh":0.2805}},{"type":"Feature","geometry":{"type":"Point","coordinates":[4.75156,52.37952]},"properties":{"type":"charge","layer":"passenger","locationId":"49181b5b-ba5b-45a8-b857-d27a96f9606d","name":"Dennenlaan","address":"Dennenlaan 16","city":"Zwanenburg","operatorName":"Vattenfall InCharge","maxPowerKw":11,"isMegawatt":false,"status":"UNAVAILABLE","source":"ndw","priceKwh":0.4316}},{"type":"Feature","geometry":{"type":"Point","coordinates":[4.655074,52.304769]},"properties":{"type":"charge","layer":"passenger","locationId":"40e4dfbd-697e-449c-8795-0b8bda48ad38","name":"Schoonenburgsingel","address":"Schoonenburgsingel 46","city":"Hoofddorp","operatorName":"Vattenfall InCharge","maxPowerKw":11,"isMegawatt":false,"status":"CHARGING","source":"ndw","priceKwh":0.4316}},{"type":"Feature","geometry":{"type":"Point","coordinates":[4.62206,52.27246]},"properties":{"type":"charge","layer":"passenger","locationId":"b1eba441b08db26f8594a36bf987010f","name":"Tancrediplantsoen 1","address":"Tancrediplantsoen 1","city":"Nieuw-Vennep","operatorName":"Vattenfall InCharge","maxPowerKw":11,"isMegawatt":false,"status":"AVAILABLE","source":"ndw","priceKwh":0.2805}},{"type":"Feature","geometry":{"type":"Point","coordinates":[4.645874,52.304541]},"properties":{"type":"charge","layer":"passenger","locationId":"c19ae7ed-5540-45bb-b0a9-4645ee311bdc","name":"Marathonstraat","address":"Marathonstraat 1","city":"Hoofddorp","operatorName":"Vattenfall InCharge","maxPowerKw":11,"isMegawatt":false,"status":"UNAVAILABLE","source":"ndw","priceKwh":0.4316}},{"type":"Feature","geometry":{"type":"Point","coordinates":[4.686326,52.261416]},"properties":{"type":"charge","layer":"freight","locationId":"31053","name":"Fastned Den Ruygen Hoek-West","address":"Den Ruygen Hoek-West A4","city":"Hoofddorp","operatorName":"Fastned","maxPowerKw":400,"isMegawatt":false,"status":"AVAILABLE","source":"ndw","priceKwh":0.6364,"freightKind":"hpc","freightReason":"power"}},{"type":"Feature","geometry":{"type":"Point","coordinates":[4.686117,52.258294]},"properties":{"type":"charge","layer":"freight","locationId":"50036","name":"Fastned Den Ruygen Hoek-Oost","address":"Den Ruygen Hoek-Oost A4","city":"Rijsenhout","operatorName":"Fastned","maxPowerKw":400,"isMegawatt":false,"status":"AVAILABLE","source":"ndw","priceKwh":0.6364,"freightKind":"hpc","freightReason":"power"}},{"type":"Feature","geometry":{"type":"Point","coordinates":[4.695723,52.270461]},"properties":{"type":"charge","layer":"freight","locationId":"679249d1fca9a2774e5491ad","name":"Changing Lane nieuw","address":"Changing Lane 10","city":"Hoofddorp","operatorName":"Alva Charging Services","maxPowerKw":401,"isMegawatt":false,"status":"AVAILABLE","source":"ndw","priceKwh":0.668,"freightKind":"hpc","freightReason":"power"}},{"type":"Feature","geometry":{"type":"Point","coordinates":[4.751681,52.303985]},"properties":{"type":"charge","layer":"freight","locationId":"32403","name":"Circle K Schiphol","address":"Westelijke Randweg 1","city":"Schiphol","operatorName":"Spirii","maxPowerKw":400,"isMegawatt":false,"status":"AVAILABLE","source":"ndw","priceKwh":0.65,"freightKind":"hpc","freightReason":"power"}},{"type":"Feature","geometry":{"type":"Point","coordinates":[4.781659,52.285852]},"properties":{"type":"charge","layer":"freight","locationId":"685512c95ad8d904e1493913","name":"Lader 4 (360kW) - T365-PL1-1324-001","address":"Fokkerweg  171","city":"Oude Meer","operatorName":"NXT Charging Solutions","maxPowerKw":396,"isMegawatt":false,"status":"AVAILABLE","source":"ndw","priceKwh":0.57,"freightKind":"hpc","freightReason":"power"}},{"type":"Feature","geometry":{"type":"Point","coordinates":[4.695787,52.27094]},"properties":{"type":"charge","layer":"freight","locationId":"63cfe655269e4e0012d20ff7","name":"DCB CHARGE Schiphol (E-Truck)","address":"Changing Lane 10","city":"Hoofddorp","operatorName":"E-Flux by Road","maxPowerKw":396,"isMegawatt":false,"status":"AVAILABLE","source":"ndw","priceKwh":0.63,"freightKind":"dedicated","freightReason":"truck-name"}},{"type":"Feature","geometry":{"type":"Point","coordinates":[4.780806,52.285874]},"properties":{"type":"charge","layer":"freight","locationId":"6855135a8264c763f11500e5","name":"Lader 7 (360kW) - T365-IT1-1124-008 171","address":"Fokkerweg 171","city":"Oude Meer","operatorName":"NXT Charging Solutions","maxPowerKw":396,"isMegawatt":false,"status":"UNAVAILABLE","source":"ndw","priceKwh":0.57,"freightKind":"hpc","freightReason":"power"}},{"type":"Feature","geometry":{"type":"Point","coordinates":[4.686932,52.261585]},"properties":{"type":"charge","layer":"freight","locationId":"52740","name":"Circle K Den Ruygen Hoek","address":"Rijksweg A4 1","city":"Hoofddorp","operatorName":"Spirii","maxPowerKw":400,"isMegawatt":false,"status":"AVAILABLE","source":"ndw","priceKwh":0.65,"freightKind":"hpc","freightReason":"power"}},{"type":"Feature","geometry":{"type":"Point","coordinates":[4.784877,52.329254]},"properties":{"type":"charge","layer":"freight","locationId":"93f8cf13-aab9-4ec3-ba08-a865778561ec","name":"Badhoevedorp, Netherlands","address":"275, Schipholweg","city":"Badhoevedorp","operatorName":"Tesla","maxPowerKw":500,"isMegawatt":false,"status":"AVAILABLE","source":"ndw","priceKwh":0.61,"freightKind":"hpc","freightReason":"power"}},{"type":"Feature","geometry":{"type":"MultiPolygon","coordinates":[[[[4.75785680660934,52.39658758422758],[4.7582977317294795,52.38794881284865],[4.758307510137688,52.387895301321386],[4.758512680436996,52.387193984674276],[4.75895188172015,52.384117720432926],[4.759077247368544,52.38094084875086],[4.75912394867539,52.37932941255933],[4.757255690303847,52.3779786909069],[4.756717116022964,52.37783793448848],[4.758379623832573,52.37401548400951],[4.758473738095446,52.371093347281715],[4.757836302271469,52.36871832242755],[4.755880084766037,52.36180772251506],[4.754836377862259,52.35790754781817],[4.755683059838876,52.35615026081174],[4.767392004152676,52.35126878585877],[4.773295796565222,52.34892181142162],[4.78080397760941,52.34584639262617],[4.791101543702349,52.341500406078524],[4.797325692119152,52.33559667666483],[4.79821566978616,52.3350419410639],[4.798796528109875,52.334800414741096],[4.803047726585973,52.33303298119191],[4.81640365401841,52.32740605487086],[4.817121129149457,52.32692535834391],[4.818752187798921,52.32556050286256],[4.819061389651349,52.323318583563946],[4.816123867609106,52.31349149005807],[4.817152433981392,52.31196717331174],[4.817075190636203,52.3118208889773],[4.809883549285995,52.30577641823565],[4.803702070348251,52.30358432155153],[4.798835652427541,52.30142145517163],[4.795663249695154,52.29932426534658],[4.794442835623752,52.29626738965151],[4.793248213307457,52.29409981892841],[4.788341444294597,52.28853133159082],[4.77991039792506,52.28313069995982],[4.771019884145452,52.27936662335646],[4.765113040363691,52.27678256586847],[4.7568784803849935,52.27440155478634],[4.751321999465959,52.27368991100238],[4.746699252184087,52.27225376993994],[4.745618074323624,52.271643225771335],[4.743765321231747,52.26983802664308],[4.739234850964529,52.26761394255451],[4.734567187989703,52.26654707909945],[4.7297953145459335,52.26516340900668],[4.725877059540989,52.26333926372762],[4.720785472571687,52.25878191352721],[4.713219942509102,52.25540130778456],[4.705266860844065,52.246755604454094],[4.701866933796449,52.24446831385007],[4.695512376720403,52.2432231661034],[4.692713213495103,52.24272009379055],[4.6812482111317895,52.239143278645045],[4.677073326165769,52.234387093339066],[4.670347535106556,52.230756173267665],[4.668345204372014,52.22958079790459],[4.665846622612174,52.22799679785577],[4.658473116710401,52.22609866729362],[4.6538531233518805,52.22434605028343],[4.647177121371255,52.221206264246746],[4.644021440782033,52.220651560577075],[4.638573875226565,52.218487010732595],[4.632633763978882,52.21618466591504],[4.625844549867281,52.21530171354841],[4.625843955511473,52.215301643204526],[4.622483102936737,52.21492314343634],[4.6184364518219985,52.214476171998044],[4.6027608989665785,52.21455868818365],[4.5981800844421565,52.21554559720524],[4.583552534154776,52.2188746422603],[4.573756306822289,52.21725766193113],[4.572201543858037,52.21699955216132],[4.558432520204699,52.21879899631679],[4.556614739127327,52.219273505349605],[4.553933367633588,52.222205874044384],[4.550469762324709,52.2267451628093],[4.55362439143061,52.230933409639036],[4.555611101258823,52.23201776229385],[4.555618387201367,52.23201923102437],[4.56078308655251,52.23306039584063],[4.562272050729639,52.233843868147204],[4.562920608348094,52.23472358324306],[4.564183154884076,52.23862917113889],[4.565052089823788,52.241423951102576],[4.565347157648961,52.242348248683584],[4.566208608481234,52.2450139406277],[4.567831542896499,52.25074771020048],[4.568763143679415,52.25567131379309],[4.569537078619935,52.25986058735207],[4.568448167242659,52.26470583065366],[4.568252170844055,52.26555211166977],[4.5680378878001155,52.26651772838316],[4.568335351042152,52.268553712770554],[4.57274859290163,52.2712403406438],[4.577121878153816,52.27380288720349],[4.577190909512793,52.27384332683606],[4.584143504555519,52.27791563525856],[4.584873848847781,52.27833292181376],[4.588206709287626,52.28023267549439],[4.5888719205787485,52.28110824434491],[4.589535873083567,52.282479002172416],[4.59133656780135,52.28595828485204],[4.593737358526349,52.28870114174983],[4.595595579890129,52.29079889372486],[4.59635823095529,52.29184339867267],[4.5964761320939775,52.29444599357118],[4.598243522341632,52.29773605676373],[4.599827892930312,52.29987008218382],[4.602332597043968,52.303243262176096],[4.6047374366091125,52.306279148691054],[4.610263760380549,52.31087960746788],[4.611532691398743,52.312240309961005],[4.6116756318049985,52.31356012786797],[4.6115298151194315,52.318335110487915],[4.611383476824841,52.322204762150456],[4.6113855666702666,52.32225072240679],[4.611661493636699,52.32542002059198],[4.613466804532722,52.32806462844071],[4.61656380954327,52.331473557077196],[4.6201007917120105,52.33371877755476],[4.630583838698249,52.33753446400176],[4.63964751664098,52.33890623989739],[4.647627952251755,52.34006896958984],[4.651657163415336,52.34155986728543],[4.656411368796874,52.34363919818696],[4.659232075994219,52.34486848308306],[4.660814888065086,52.34553794741528],[4.671481924135745,52.35014702978515],[4.675632806102522,52.35287955087747],[4.67646642766795,52.35618096104611],[4.675243851808947,52.35946896008696],[4.672091243836476,52.368158034575416],[4.671377136393972,52.37037434415018],[4.671376417968813,52.37038046412261],[4.6727138793072145,52.37422482614723],[4.677382839226449,52.37708820073596],[4.685995002341393,52.38351778023069],[4.685970054301379,52.384017938982524],[4.686920474472339,52.38744377561425],[4.682595220637449,52.38821615008563],[4.68143941256332,52.389915932618216],[4.681189722858352,52.3902867217492],[4.6777156329385345,52.389737623122436],[4.67454090926965,52.390911293231156],[4.67345726810804,52.394067361050475],[4.675629783939966,52.397249339113515],[4.678569664839288,52.39851477227921],[4.678685074780725,52.399477489976505],[4.6686640050504815,52.40139942169087],[4.668815644191445,52.404162815238934],[4.674378858427746,52.406469337854446],[4.671961779788357,52.409447088238664],[4.675506470514708,52.40962525394211],[4.68112998365208,52.41231707507304],[4.682475589674668,52.41384872512427],[4.691485391584234,52.41881400599795],[4.700536651407571,52.42551296962929],[4.710654404985768,52.42769282492089],[4.7219825305461445,52.43333626450937],[4.739207509864497,52.431063954001914],[4.738566178693907,52.42922283355206],[4.728758226044917,52.40071145301527],[4.757481272631896,52.39688292043053],[4.75785680660934,52.39658758422758]]]]},"properties":{"type":"boundary","gemeente":"Haarlemmermeer","code":"GM0394"}}]}