{"type":"FeatureCollection","metadata":{"gemeente":"Haarlem","slug":"haarlem","code":"GM0392","generated_at":"2026-08-08T12:05:52.020Z","total_passenger":511,"total_freight":1,"bounds":[4.599551411940689,52.33890623989739,4.686920474472339,52.428569635849755],"operators":["50five","ChargePoint","E-Flux by Road","Eneco","Fastned","Fleet Charge Services","Laadnet","Laadpaal24","Opcharge","Spirii","Tesla","TotalEnergies","Ubitricity","Van Leeuwen","Vattenfall InCharge"]},"features":[{"type":"Feature","geometry":{"type":"Point","coordinates":[4.6451,52.382175]},"properties":{"type":"charge","layer":"passenger","locationId":"06CA1F97-23FE-43AD-98B7-41FA0E696497","name":"TNLP007729 - Korte Dijk 7, Haarlem","address":"7 Korte Dijk","city":"Haarlem","operatorName":"TotalEnergies","maxPowerKw":13,"isMegawatt":false,"status":"AVAILABLE","source":"ndw"}},{"type":"Feature","geometry":{"type":"Point","coordinates":[4.644547,52.405144]},"properties":{"type":"charge","layer":"passenger","locationId":"AED7D5B1-EA89-44D5-839B-3D4BACC61804","name":"TNLP007650 - Middenweg 98, Haarlem","address":"98 Middenweg","city":"Haarlem","operatorName":"TotalEnergies","maxPowerKw":13,"isMegawatt":false,"status":"CHARGING","source":"ndw"}},{"type":"Feature","geometry":{"type":"Point","coordinates":[4.65947,52.38084]},"properties":{"type":"charge","layer":"passenger","locationId":"5E0F136B-6ACB-4D8F-8A83-20CA16CA34AC","name":"PP001920 - Doctor Schaepmanstraat 193, Haarlem","address":"193 Doctor Schaepmanstraat","city":"Haarlem","operatorName":"TotalEnergies","maxPowerKw":13,"isMegawatt":false,"status":"AVAILABLE","source":"ndw"}},{"type":"Feature","geometry":{"type":"Point","coordinates":[4.658506,52.350174]},"properties":{"type":"charge","layer":"passenger","locationId":"fe2e0e19-2973-4513-aa71-1a695bb67392","name":"PP005104 - Weldam 29, Haarlem","address":"29 Weldam","city":"Haarlem","operatorName":"TotalEnergies","maxPowerKw":15,"isMegawatt":false,"status":"AVAILABLE","source":"ndw"}},{"type":"Feature","geometry":{"type":"Point","coordinates":[4.65312,52.366407]},"properties":{"type":"charge","layer":"passenger","locationId":"91229730","name":"50five-S NL 19B03105","address":"Boerhaavelaan 22","city":"Haarlem","operatorName":"50five","maxPowerKw":11,"isMegawatt":false,"status":"AVAILABLE","source":"ndw"}},{"type":"Feature","geometry":{"type":"Point","coordinates":[4.644626,52.419624]},"properties":{"type":"charge","layer":"passenger","locationId":"BE3683BB-1A98-495D-A218-430C9B48538B","name":"TNLP006900 - P.C. Boutensstraat 244, Haarlem","address":"244 P.C. Boutensstraat","city":"Haarlem","operatorName":"TotalEnergies","maxPowerKw":15,"isMegawatt":false,"status":"AVAILABLE","source":"ndw"}},{"type":"Feature","geometry":{"type":"Point","coordinates":[4.6383128,52.37873]},"properties":{"type":"charge","layer":"passenger","locationId":"1042","name":"Shell Recharge NL Spaarne 49","address":"Spaarne 49","city":"Haarlem","operatorName":"Ubitricity","maxPowerKw":22,"isMegawatt":false,"status":"AVAILABLE","source":"ndw","priceKwh":0.267}},{"type":"Feature","geometry":{"type":"Point","coordinates":[4.66461,52.36122]},"properties":{"type":"charge","layer":"passenger","locationId":"A80B2A08-214D-433D-A312-D66A97F912EC","name":"PP005382 - Robert Kochlaan 708, Haarlem","address":"708 Robert Kochlaan","city":"Haarlem","operatorName":"TotalEnergies","maxPowerKw":13,"isMegawatt":false,"status":"AVAILABLE","source":"ndw"}},{"type":"Feature","geometry":{"type":"Point","coordinates":[4.65015,52.34799]},"properties":{"type":"charge","layer":"passenger","locationId":"B8855F44-D7CA-4BF7-9FB1-21A8A1908DDB","name":"PP005054 - Beveland 126, Haarlem","address":"126 Beveland","city":"Haarlem","operatorName":"TotalEnergies","maxPowerKw":13,"isMegawatt":false,"status":"AVAILABLE","source":"ndw"}},{"type":"Feature","geometry":{"type":"Point","coordinates":[4.640602,52.385593]},"properties":{"type":"charge","layer":"passenger","locationId":"23F4B02F-B46F-4014-BA77-1C14A16A8F8E","name":"TNLP006763 - Parklaan 79, Haarlem","address":"79 Parklaan","city":"Haarlem","operatorName":"TotalEnergies","maxPowerKw":13,"isMegawatt":false,"status":"AVAILABLE","source":"ndw"}},{"type":"Feature","geometry":{"type":"Point","coordinates":[4.64153,52.38695]},"properties":{"type":"charge","layer":"passenger","locationId":"1622","name":"Shell Recharge NL Ripperdapark 11","address":"Ripperdapark 11","city":"Haarlem","operatorName":"Ubitricity","maxPowerKw":11,"isMegawatt":false,"status":"CHARGING","source":"ndw","priceKwh":0.392}},{"type":"Feature","geometry":{"type":"Point","coordinates":[4.64067,52.37622]},"properties":{"type":"charge","layer":"passenger","locationId":"24045C03-2CE5-4106-9CFC-02B10E960929","name":"TNLP003537 - Zuider Buiten Spaarne 22, Haarlem","address":"22 Zuider Buiten Spaarne","city":"Haarlem","operatorName":"TotalEnergies","maxPowerKw":17,"isMegawatt":false,"status":"AVAILABLE","source":"ndw"}},{"type":"Feature","geometry":{"type":"Point","coordinates":[4.679806,52.41307]},"properties":{"type":"charge","layer":"passenger","locationId":"1D508932-0E19-4955-9BE1-091D8F4E54F7","name":"TNLP009791 - Grote Sluis 2 A, Spaarndam Gem. Haarlem","address":"2 A Grote Sluis","city":"Spaarndam Gem. Haarlem","operatorName":"TotalEnergies","maxPowerKw":13,"isMegawatt":false,"status":"AVAILABLE","source":"ndw"}},{"type":"Feature","geometry":{"type":"Point","coordinates":[4.640355,52.389957]},"properties":{"type":"charge","layer":"passenger","locationId":"4d9a2559-b2e3-4f21-a3f7-72e63184096b","name":"TNLP007316 - Kloppersingel 1, Haarlem","address":"1 Kloppersingel","city":"Haarlem","operatorName":"TotalEnergies","maxPowerKw":13,"isMegawatt":false,"status":"AVAILABLE","source":"ndw"}},{"type":"Feature","geometry":{"type":"Point","coordinates":[4.630462,52.391165]},"properties":{"type":"charge","layer":"passenger","locationId":"91299539","name":"50five-S NL Location","address":"Bretinerstraat","city":"Haarlem","operatorName":"50five","maxPowerKw":11,"isMegawatt":false,"status":"AVAILABLE","source":"ndw"}},{"type":"Feature","geometry":{"type":"Point","coordinates":[4.62803,52.3821]},"properties":{"type":"charge","layer":"passenger","locationId":"0819A3CB-15E8-41ED-BE72-E4BF931CBE67","name":"Eneco eMobility Broekhuis Volkswagen Seat Skoda Audi Haarlem","address":"Leidsevaart 10","city":"Haarlem","operatorName":"Eneco","maxPowerKw":50,"isMegawatt":false,"status":"AVAILABLE","source":"ndw","priceKwh":0.45}},{"type":"Feature","geometry":{"type":"Point","coordinates":[4.61131,52.37387]},"properties":{"type":"charge","layer":"passenger","locationId":"eb15c104-7246-4bb0-b4ca-ea2d301384ad","name":"TNLP006903 - Doverstraat 13, Haarlem","address":"13 Doverstraat","city":"Haarlem","operatorName":"TotalEnergies","maxPowerKw":13,"isMegawatt":false,"status":"AVAILABLE","source":"ndw"}},{"type":"Feature","geometry":{"type":"Point","coordinates":[4.610549,52.371407]},"properties":{"type":"charge","layer":"passenger","locationId":"AC378FA3-D4A2-4990-9C59-30DE3737DD3A","name":"TNLP009767 - Lorentzkade 128, Haarlem","address":"128 Lorentzkade","city":"Haarlem","operatorName":"TotalEnergies","maxPowerKw":13,"isMegawatt":false,"status":"AVAILABLE","source":"ndw"}},{"type":"Feature","geometry":{"type":"Point","coordinates":[4.615355,52.377827]},"properties":{"type":"charge","layer":"passenger","locationId":"88FE5976-7193-4069-902A-44794D180CDB","name":"TNLP007248 - Kortenaerstraat 3, Haarlem","address":"3 Kortenaerstraat","city":"Haarlem","operatorName":"TotalEnergies","maxPowerKw":13,"isMegawatt":false,"status":"CHARGING","source":"ndw"}},{"type":"Feature","geometry":{"type":"Point","coordinates":[4.651465,52.37547]},"properties":{"type":"charge","layer":"passenger","locationId":"1BBE29B8-F8BA-4024-B2A7-6C86DE99F2C8","name":"TNLP008816 - Damiatestraat 11, Haarlem","address":"11 Damiatestraat","city":"Haarlem","operatorName":"TotalEnergies","maxPowerKw":14,"isMegawatt":false,"status":"AVAILABLE","source":"ndw"}},{"type":"Feature","geometry":{"type":"Point","coordinates":[4.636524,52.37737]},"properties":{"type":"charge","layer":"passenger","locationId":"057f0955-878f-4573-997b-5f0082df7d84","name":"TNLP008772 - De Witstraat 4, Haarlem","address":"4 De Witstraat","city":"Haarlem","operatorName":"TotalEnergies","maxPowerKw":14,"isMegawatt":false,"status":"CHARGING","source":"ndw"}},{"type":"Feature","geometry":{"type":"Point","coordinates":[4.65278,52.37416]},"properties":{"type":"charge","layer":"passenger","locationId":"1528","name":"Shell Recharge NL Johan Wagenaarring 32","address":"Johan Wagenaarring 32","city":"Haarlem","operatorName":"Ubitricity","maxPowerKw":11,"isMegawatt":false,"status":"CHARGING","source":"ndw","priceKwh":0.392}},{"type":"Feature","geometry":{"type":"Point","coordinates":[4.63876,52.39759]},"properties":{"type":"charge","layer":"passenger","locationId":"6b8bf3a9396d7a69dc65f46d65b802b4","name":"Eerste Hogerwoerddwarsstraat 13","address":"Eerste Hogerwoerddwarsstraat 13","city":"Haarlem","operatorName":"Vattenfall InCharge","maxPowerKw":11,"isMegawatt":false,"status":"AVAILABLE","source":"ndw","priceKwh":0.2805}},{"type":"Feature","geometry":{"type":"Point","coordinates":[4.617427,52.36942]},"properties":{"type":"charge","layer":"passenger","locationId":"32E74967-B9B4-4E48-BB11-1FB174340360","name":"TNLP007568 - Prinsessekade 26, Haarlem","address":"26 Prinsessekade","city":"Haarlem","operatorName":"TotalEnergies","maxPowerKw":13,"isMegawatt":false,"status":"CHARGING","source":"ndw"}},{"type":"Feature","geometry":{"type":"Point","coordinates":[4.637614,52.402264]},"properties":{"type":"charge","layer":"passenger","locationId":"9B09C0C5-7265-45A1-ACCC-177CDF2FA7C7","name":"TNLP008092 - Marnixplein 9, Haarlem","address":"9 Marnixplein","city":"Haarlem","operatorName":"TotalEnergies","maxPowerKw":13,"isMegawatt":false,"status":"AVAILABLE","source":"ndw"}},{"type":"Feature","geometry":{"type":"Point","coordinates":[4.656045,52.359238]},"properties":{"type":"charge","layer":"passenger","locationId":"A04FDA49-CAC7-4352-AD56-853A564940F5","name":"Laadplein - TNLP006761 - Floridaplein 1, Haarlem","address":"1 Floridaplein","city":"Haarlem","operatorName":"TotalEnergies","maxPowerKw":15,"isMegawatt":false,"status":"AVAILABLE","source":"ndw"}},{"type":"Feature","geometry":{"type":"Point","coordinates":[4.634023,52.371246]},"properties":{"type":"charge","layer":"passenger","locationId":"B39CE9DD-C4CA-452E-B087-C810E73F4752","name":"PP005098 - Voorhoutstraat 14, Haarlem","address":"14 Voorhoutstraat","city":"Haarlem","operatorName":"TotalEnergies","maxPowerKw":13,"isMegawatt":false,"status":"AVAILABLE","source":"ndw"}},{"type":"Feature","geometry":{"type":"Point","coordinates":[4.628018,52.382645]},"properties":{"type":"charge","layer":"passenger","locationId":"F91ED937-1696-43C7-938A-AEC21347FE9B","name":"TNLP008020 - Ruychaverstraat 69, Haarlem","address":"69 Ruychaverstraat","city":"Haarlem","operatorName":"TotalEnergies","maxPowerKw":13,"isMegawatt":false,"status":"AVAILABLE","source":"ndw"}},{"type":"Feature","geometry":{"type":"Point","coordinates":[4.647179,52.4052235]},"properties":{"type":"charge","layer":"passenger","locationId":"1811","name":"Shell Recharge NL Van Nesstraat 20","address":"Van Nesstraat 20","city":"Haarlem","operatorName":"Ubitricity","maxPowerKw":22,"isMegawatt":false,"status":"AVAILABLE","source":"ndw","priceKwh":0.267}},{"type":"Feature","geometry":{"type":"Point","coordinates":[4.63321,52.371826]},"properties":{"type":"charge","layer":"passenger","locationId":"C047B0ED-814C-4A8A-AB87-D113F72FEF2F","name":"TNLP009956 - Kleine Houtweg 95, Haarlem","address":"95 Kleine Houtweg","city":"Haarlem","operatorName":"TotalEnergies","maxPowerKw":13,"isMegawatt":false,"status":"AVAILABLE","source":"ndw"}},{"type":"Feature","geometry":{"type":"Point","coordinates":[4.630137,52.39469]},"properties":{"type":"charge","layer":"passenger","locationId":"F3C7D6A1-005A-4B1F-BC62-578CA4F39EBF","name":"PP002510 - Santpoorterplein 26, Haarlem","address":"26 Santpoorterplein","city":"Haarlem","operatorName":"TotalEnergies","maxPowerKw":17,"isMegawatt":false,"status":"AVAILABLE","source":"ndw"}},{"type":"Feature","geometry":{"type":"Point","coordinates":[4.647108,52.36043]},"properties":{"type":"charge","layer":"passenger","locationId":"2FC5D8E2-952A-4CE9-BAE3-5626AE48DDC1","name":"TNLP034689 - Stavangerstraat 2, Haarlem","address":"2 Stavangerstraat","city":"Haarlem","operatorName":"TotalEnergies","maxPowerKw":13,"isMegawatt":false,"status":"AVAILABLE","source":"ndw"}},{"type":"Feature","geometry":{"type":"Point","coordinates":[4.61133,52.3697]},"properties":{"type":"charge","layer":"passenger","locationId":"7178CF2B-0991-4B46-A5EB-D725514E5DE2","name":"PP001032 - Christiaan Huygensplein 3, Haarlem","address":"3 Christiaan Huygensplein","city":"Haarlem","operatorName":"TotalEnergies","maxPowerKw":11,"isMegawatt":false,"status":"AVAILABLE","source":"ndw"}},{"type":"Feature","geometry":{"type":"Point","coordinates":[4.645076,52.359097]},"properties":{"type":"charge","layer":"passenger","locationId":"AD4DA212-7AA9-45BF-8B61-E56D2A6735B2","name":"TNLP007897 - Antwerpenstraat 2, Haarlem","address":"2 Antwerpenstraat","city":"Haarlem","operatorName":"TotalEnergies","maxPowerKw":15,"isMegawatt":false,"status":"CHARGING","source":"ndw"}},{"type":"Feature","geometry":{"type":"Point","coordinates":[4.6474283,52.4024354]},"properties":{"type":"charge","layer":"passenger","locationId":"1325","name":"Shell Recharge NL Overtonweg 10","address":"Overtonweg 10","city":"Haarlem","operatorName":"Ubitricity","maxPowerKw":22,"isMegawatt":false,"status":"AVAILABLE","source":"ndw","priceKwh":0.267}},{"type":"Feature","geometry":{"type":"Point","coordinates":[4.6478892,52.3940742]},"properties":{"type":"charge","layer":"passenger","locationId":"1244","name":"Shell Recharge NL Gedempte Schalk Burgergracht 44","address":"Gedempte Schalk Burgergracht 44","city":"Haarlem","operatorName":"Ubitricity","maxPowerKw":22,"isMegawatt":false,"status":"AVAILABLE","source":"ndw","priceKwh":0.267}},{"type":"Feature","geometry":{"type":"Point","coordinates":[4.62042,52.3762]},"properties":{"type":"charge","layer":"passenger","locationId":"707","name":"Shell Recharge NL Emmaplein 44","address":"Emmaplein 44","city":"Haarlem","operatorName":"Ubitricity","maxPowerKw":11,"isMegawatt":false,"status":"AVAILABLE","source":"ndw","priceKwh":0.392}},{"type":"Feature","geometry":{"type":"Point","coordinates":[4.649526,52.380295]},"properties":{"type":"charge","layer":"passenger","locationId":"3D65BD6A-3C94-4A9B-ADEF-3D45A139CE95","name":"TNLP009970 - Zuidpolderstraat 212, Haarlem","address":"212 Zuidpolderstraat","city":"Haarlem","operatorName":"TotalEnergies","maxPowerKw":13,"isMegawatt":false,"status":"CHARGING","source":"ndw"}},{"type":"Feature","geometry":{"type":"Point","coordinates":[4.617143,52.377269]},"properties":{"type":"charge","layer":"passenger","locationId":"NLENV97","name":"Haarlem, Lutherlaan 11","address":"Lutherlaan 11","city":"Haarlem","operatorName":"","maxPowerKw":22,"isMegawatt":false,"status":"AVAILABLE","source":"ndw","priceKwh":0.5}},{"type":"Feature","geometry":{"type":"Point","coordinates":[4.652245,52.401848]},"properties":{"type":"charge","layer":"passenger","locationId":"15BB5D20-5A43-4A8B-B28D-7BC0E284B2EC","name":"PP005008 - Archipelstraat 66, Haarlem","address":"66 Archipelstraat","city":"Haarlem","operatorName":"TotalEnergies","maxPowerKw":13,"isMegawatt":false,"status":"AVAILABLE","source":"ndw"}},{"type":"Feature","geometry":{"type":"Point","coordinates":[4.62727,52.37959]},"properties":{"type":"charge","layer":"passenger","locationId":"039011f1-5413-4beb-aa4e-2669d9459461","name":"PP001127 - Mauritsstraat 11, Haarlem","address":"11 Mauritsstraat","city":"Haarlem","operatorName":"TotalEnergies","maxPowerKw":11,"isMegawatt":false,"status":"AVAILABLE","source":"ndw"}},{"type":"Feature","geometry":{"type":"Point","coordinates":[4.625412,52.39235]},"properties":{"type":"charge","layer":"passenger","locationId":"286A4C03-62F0-400E-9696-4F46D4D083A7","name":"PP001659 - Tetterodestraat 132, Haarlem","address":"132 Tetterodestraat","city":"Haarlem","operatorName":"TotalEnergies","maxPowerKw":13,"isMegawatt":false,"status":"AVAILABLE","source":"ndw"}},{"type":"Feature","geometry":{"type":"Point","coordinates":[4.647579,52.37047]},"properties":{"type":"charge","layer":"passenger","locationId":"13E0798D-2177-4300-B82C-B668883CA611","name":"TNLP005927 - Merovingenstraat 79, Haarlem","address":"79 Merovingenstraat","city":"Haarlem","operatorName":"TotalEnergies","maxPowerKw":13,"isMegawatt":false,"status":"AVAILABLE","source":"ndw"}},{"type":"Feature","geometry":{"type":"Point","coordinates":[4.62587,52.37719]},"properties":{"type":"charge","layer":"passenger","locationId":"84593A32-3145-412E-909D-992978D9D7CA","name":"PP001412 - Koninginneweg 8, Haarlem","address":"8 Koninginneweg","city":"Haarlem","operatorName":"TotalEnergies","maxPowerKw":11,"isMegawatt":false,"status":"AVAILABLE","source":"ndw"}},{"type":"Feature","geometry":{"type":"Point","coordinates":[4.63852,52.37908]},"properties":{"type":"charge","layer":"passenger","locationId":"1BF8DB90-280C-4205-92AF-33D5AE3C23D9","name":"PP004182 - Spaarne 39, Haarlem","address":"39 Spaarne","city":"Haarlem","operatorName":"TotalEnergies","maxPowerKw":13,"isMegawatt":false,"status":"UNAVAILABLE","source":"ndw"}},{"type":"Feature","geometry":{"type":"Point","coordinates":[4.654877,52.407448]},"properties":{"type":"charge","layer":"passenger","locationId":"3DB090AD-0E71-4077-845B-3D06B1A70FDD","name":"TNLP015463 - Caninefatenstraat 67, Haarlem","address":"67 Caninefatenstraat","city":"Haarlem","operatorName":"TotalEnergies","maxPowerKw":17,"isMegawatt":false,"status":"AVAILABLE","source":"ndw"}},{"type":"Feature","geometry":{"type":"Point","coordinates":[4.62821,52.39103]},"properties":{"type":"charge","layer":"passenger","locationId":"1626","name":"Shell Recharge NL Santpoorterstraat 24","address":"Santpoorterstraat 24","city":"Haarlem","operatorName":"Ubitricity","maxPowerKw":11,"isMegawatt":false,"status":"AVAILABLE","source":"ndw","priceKwh":0.392}},{"type":"Feature","geometry":{"type":"Point","coordinates":[4.61387,52.37753]},"properties":{"type":"charge","layer":"passenger","locationId":"258c82d2-69e7-40d3-a6ab-f9f89845dc5c","name":"PP002077 - Gibraltarstraat 36, Haarlem","address":"36 Gibraltarstraat","city":"Haarlem","operatorName":"TotalEnergies","maxPowerKw":11,"isMegawatt":false,"status":"CHARGING","source":"ndw"}},{"type":"Feature","geometry":{"type":"Point","coordinates":[4.62153,52.37856]},"properties":{"type":"charge","layer":"passenger","locationId":"514","name":"Shell Recharge NL Oranjeboomstraat 194","address":"Oranjeboomstraat 194","city":"Haarlem","operatorName":"Ubitricity","maxPowerKw":11,"isMegawatt":false,"status":"AVAILABLE","source":"ndw","priceKwh":0.392}},{"type":"Feature","geometry":{"type":"Point","coordinates":[4.67053,52.384458]},"properties":{"type":"charge","layer":"passenger","locationId":"91179843","name":"50five-S NL Haarlem, Laan Van Decima 1","address":"Laan van Decima 1","city":"Haarlem","operatorName":"50five","maxPowerKw":11,"isMegawatt":false,"status":"AVAILABLE","source":"ndw"}},{"type":"Feature","geometry":{"type":"Point","coordinates":[4.6429557,52.3981395]},"properties":{"type":"charge","layer":"passenger","locationId":"1333","name":"Shell Recharge NL Pijnboomstraat 4","address":"Pijnboomstraat 4","city":"Haarlem","operatorName":"Ubitricity","maxPowerKw":22,"isMegawatt":false,"status":"AVAILABLE","source":"ndw","priceKwh":0.267}},{"type":"Feature","geometry":{"type":"Point","coordinates":[4.63071,52.38577]},"properties":{"type":"charge","layer":"passenger","locationId":"54B70856-7725-4894-BE54-BD3E0DBE0EB5","name":"PP004038 - Garenkokerskade 87, Haarlem","address":"87 Garenkokerskade","city":"Haarlem","operatorName":"TotalEnergies","maxPowerKw":13,"isMegawatt":false,"status":"AVAILABLE","source":"ndw"}},{"type":"Feature","geometry":{"type":"Point","coordinates":[4.6211886,52.3780419]},"properties":{"type":"charge","layer":"passenger","locationId":"812","name":"Shell Recharge NL Westergracht 51 A","address":"Westergracht 51 A","city":"Haarlem","operatorName":"Ubitricity","maxPowerKw":22,"isMegawatt":false,"status":"AVAILABLE","source":"ndw","priceKwh":0.267}},{"type":"Feature","geometry":{"type":"Point","coordinates":[4.626831,52.3955]},"properties":{"type":"charge","layer":"passenger","locationId":"1422870D-A42D-4FD2-8CBA-BCFF5CB48DD8","name":"TNLP009734, TNLP005665 - Verspronckweg 150, Haarlem","address":"150 Verspronckweg","city":"Haarlem","operatorName":"TotalEnergies","maxPowerKw":17,"isMegawatt":false,"status":"AVAILABLE","source":"ndw"}},{"type":"Feature","geometry":{"type":"Point","coordinates":[4.643992,52.404568]},"properties":{"type":"charge","layer":"passenger","locationId":"4383842C-3348-47F5-91B4-A12925627E6B","name":"PP001051 - Middenweg 125, Haarlem","address":"125 Middenweg","city":"Haarlem","operatorName":"TotalEnergies","maxPowerKw":13,"isMegawatt":false,"status":"AVAILABLE","source":"ndw"}},{"type":"Feature","geometry":{"type":"Point","coordinates":[4.62716,52.37839]},"properties":{"type":"charge","layer":"passenger","locationId":"58a95c43-60ec-45b8-9bb3-c49014d34e34","name":"PP002215 - Alexanderstraat 10, Haarlem","address":"10 Alexanderstraat","city":"Haarlem","operatorName":"TotalEnergies","maxPowerKw":11,"isMegawatt":false,"status":"AVAILABLE","source":"ndw"}},{"type":"Feature","geometry":{"type":"Point","coordinates":[4.65647,52.41007]},"properties":{"type":"charge","layer":"passenger","locationId":"1AEC6818-3D1A-42C5-B0A8-205FAAB90676","name":"PP005086 - Vondelweg 128, Haarlem","address":"128 Vondelweg","city":"Haarlem","operatorName":"TotalEnergies","maxPowerKw":13,"isMegawatt":false,"status":"CHARGING","source":"ndw"}},{"type":"Feature","geometry":{"type":"Point","coordinates":[4.645023,52.400127]},"properties":{"type":"charge","layer":"passenger","locationId":"51F0F2DB-E6AE-4B4E-87C1-E140840C90FD","name":"TNLP009242 - Rijksstraatweg 20, Haarlem","address":"20 Rijksstraatweg","city":"Haarlem","operatorName":"TotalEnergies","maxPowerKw":13,"isMegawatt":false,"status":"AVAILABLE","source":"ndw"}},{"type":"Feature","geometry":{"type":"Point","coordinates":[4.621067,52.364517]},"properties":{"type":"charge","layer":"passenger","locationId":"56D0A987-F7E4-41BE-898E-557471B0D3E7","name":"TNLP008484 - Spanjaardslaan 1, Haarlem","address":"1 Spanjaardslaan","city":"Haarlem","operatorName":"TotalEnergies","maxPowerKw":14,"isMegawatt":false,"status":"AVAILABLE","source":"ndw"}},{"type":"Feature","geometry":{"type":"Point","coordinates":[4.650578,52.379673]},"properties":{"type":"charge","layer":"passenger","locationId":"2828b6be-65cc-4fb4-bfed-f0da8ccebca9","name":"TNLP034220 - Tweede Vooruitgangstraat 48, Haarlem","address":"48 Tweede Vooruitgangstraat","city":"Haarlem","operatorName":"TotalEnergies","maxPowerKw":13,"isMegawatt":false,"status":"CHARGING","source":"ndw"}},{"type":"Feature","geometry":{"type":"Point","coordinates":[4.61981,52.370226]},"properties":{"type":"charge","layer":"passenger","locationId":"91051418","name":"50five-S NL 07101949","address":"Boekenrodestraat 2","city":"Haarlem","operatorName":"50five","maxPowerKw":11,"isMegawatt":false,"status":"AVAILABLE","source":"ndw"}},{"type":"Feature","geometry":{"type":"Point","coordinates":[4.625342,52.37118]},"properties":{"type":"charge","layer":"passenger","locationId":"91051583","name":"50five-S NL 07101064","address":"Hazepaterslaan 18","city":"Haarlem","operatorName":"50five","maxPowerKw":21,"isMegawatt":false,"status":"AVAILABLE","source":"ndw"}},{"type":"Feature","geometry":{"type":"Point","coordinates":[4.644207,52.39332]},"properties":{"type":"charge","layer":"passenger","locationId":"57546F34-977F-414F-AAF3-A8C7818AAA2E","name":"TNLP007127 - President Steijnstraat 95, Haarlem","address":"95 President Steijnstraat","city":"Haarlem","operatorName":"TotalEnergies","maxPowerKw":13,"isMegawatt":false,"status":"UNAVAILABLE","source":"ndw"}},{"type":"Feature","geometry":{"type":"Point","coordinates":[4.661728,52.385164]},"properties":{"type":"charge","layer":"passenger","locationId":"31413","name":"Fastned Fustweg","address":"Fustweg","city":"Haarlem","operatorName":"Fastned","maxPowerKw":300,"isMegawatt":false,"status":"AVAILABLE","source":"ndw","priceKwh":0.6364}},{"type":"Feature","geometry":{"type":"Point","coordinates":[4.625686,52.386333]},"properties":{"type":"charge","layer":"passenger","locationId":"DB68B13A-679F-4F09-97E7-DC0FCE662CF0","name":"PP004232 - Garenkokerskade 2, Haarlem","address":"2 Garenkokerskade","city":"Haarlem","operatorName":"TotalEnergies","maxPowerKw":13,"isMegawatt":false,"status":"AVAILABLE","source":"ndw"}},{"type":"Feature","geometry":{"type":"Point","coordinates":[4.6619226,52.3651951]},"properties":{"type":"charge","layer":"passenger","locationId":"1232","name":"Shell Recharge NL Ekamastraat 17","address":"Ekamastraat 17","city":"Haarlem","operatorName":"Ubitricity","maxPowerKw":22,"isMegawatt":false,"status":"AVAILABLE","source":"ndw","priceKwh":0.267}},{"type":"Feature","geometry":{"type":"Point","coordinates":[4.648166,52.395264]},"properties":{"type":"charge","layer":"passenger","locationId":"071F559C-9BE0-4964-B175-5D36667A476C","name":"TNLP007245 - Dr. Leijdsstraat 92, Haarlem","address":"92 Dr. Leijdsstraat","city":"Haarlem","operatorName":"TotalEnergies","maxPowerKw":13,"isMegawatt":false,"status":"AVAILABLE","source":"ndw"}},{"type":"Feature","geometry":{"type":"Point","coordinates":[4.6216746,52.3732037]},"properties":{"type":"charge","layer":"passenger","locationId":"916","name":"Shell Recharge NL Prins Clausstraat 32","address":"Prins Clausstraat 32","city":"Haarlem","operatorName":"Ubitricity","maxPowerKw":22,"isMegawatt":false,"status":"AVAILABLE","source":"ndw","priceKwh":0.267}},{"type":"Feature","geometry":{"type":"Point","coordinates":[4.663934,52.386229]},"properties":{"type":"charge","layer":"passenger","locationId":"NLCPIL7158945","name":"FOURCE BV HAARLEM 4","address":"145 Oudeweg","city":"Haarlem","operatorName":"ChargePoint","maxPowerKw":22,"isMegawatt":false,"status":"AVAILABLE","source":"ndw","priceKwh":0.5}},{"type":"Feature","geometry":{"type":"Point","coordinates":[4.637794,52.397133]},"properties":{"type":"charge","layer":"passenger","locationId":"87F98DAC-ED50-47EC-B2A1-5F0ABD8FE074","name":"TNLP008079 - Hogerwoerdstraat 2, Haarlem","address":"2 Hogerwoerdstraat","city":"Haarlem","operatorName":"TotalEnergies","maxPowerKw":13,"isMegawatt":false,"status":"AVAILABLE","source":"ndw"}},{"type":"Feature","geometry":{"type":"Point","coordinates":[4.631455,52.39126]},"properties":{"type":"charge","layer":"passenger","locationId":"9057CC9E-08F1-4B46-9AAA-0252B7E9C60E","name":"TNLP007509 - Kleverparkweg 15, Haarlem","address":"15 Kleverparkweg","city":"Haarlem","operatorName":"TotalEnergies","maxPowerKw":13,"isMegawatt":false,"status":"CHARGING","source":"ndw"}},{"type":"Feature","geometry":{"type":"Point","coordinates":[4.62891,52.38987]},"properties":{"type":"charge","layer":"passenger","locationId":"609","name":"Shell Recharge NL Goltziusstraat 13","address":"Goltziusstraat 13","city":"Haarlem","operatorName":"Ubitricity","maxPowerKw":11,"isMegawatt":false,"status":"AVAILABLE","source":"ndw","priceKwh":0.392}},{"type":"Feature","geometry":{"type":"Point","coordinates":[4.6340416,52.397773]},"properties":{"type":"charge","layer":"passenger","locationId":"1708","name":"Shell Recharge NL Duinoordstraat 1","address":"Duinoordstraat 1","city":"Haarlem","operatorName":"Ubitricity","maxPowerKw":22,"isMegawatt":false,"status":"AVAILABLE","source":"ndw","priceKwh":0.267}},{"type":"Feature","geometry":{"type":"Point","coordinates":[4.644857,52.407173]},"properties":{"type":"charge","layer":"passenger","locationId":"C6FC5922-6190-4167-817D-2E9FB4C60748","name":"TNLP008828 - Van Nesstraat 106, Haarlem","address":"106 Van Nesstraat","city":"Haarlem","operatorName":"TotalEnergies","maxPowerKw":13,"isMegawatt":false,"status":"AVAILABLE","source":"ndw"}},{"type":"Feature","geometry":{"type":"Point","coordinates":[4.65706,52.37881]},"properties":{"type":"charge","layer":"passenger","locationId":"079E61ED-27CB-4C38-91BF-E0924C7A5457","name":"PP004210 - Van Zeggelenplein 14, Haarlem","address":"14 Van Zeggelenplein","city":"Haarlem","operatorName":"TotalEnergies","maxPowerKw":13,"isMegawatt":false,"status":"UNAVAILABLE","source":"ndw"}},{"type":"Feature","geometry":{"type":"Point","coordinates":[4.64065,52.37275]},"properties":{"type":"charge","layer":"passenger","locationId":"668","name":"Shell Recharge NL Bakkerstraat 51","address":"Bakkerstraat 51","city":"Haarlem","operatorName":"Ubitricity","maxPowerKw":11,"isMegawatt":false,"status":"AVAILABLE","source":"ndw","priceKwh":0.392}},{"type":"Feature","geometry":{"type":"Point","coordinates":[4.617287,52.38594]},"properties":{"type":"charge","layer":"passenger","locationId":"B8BE8C79-59CC-4548-8DBA-26489311871E","name":"TNLP009778 - Narcisplantsoen 28, Haarlem","address":"28 Narcisplantsoen","city":"Haarlem","operatorName":"TotalEnergies","maxPowerKw":13,"isMegawatt":false,"status":"AVAILABLE","source":"ndw"}},{"type":"Feature","geometry":{"type":"Point","coordinates":[4.63451,52.37384]},"properties":{"type":"charge","layer":"passenger","locationId":"1458","name":"Shell Recharge NL Badhuisstraat 13","address":"Badhuisstraat 13","city":"Haarlem","operatorName":"Ubitricity","maxPowerKw":11,"isMegawatt":false,"status":"CHARGING","source":"ndw","priceKwh":0.392}},{"type":"Feature","geometry":{"type":"Point","coordinates":[4.647737,52.39184]},"properties":{"type":"charge","layer":"passenger","locationId":"297625ED-9A96-4D8E-A448-784F407B5377","name":"TNLP003630 - Paul Krugerkade 45, Haarlem","address":"45 Paul Krugerkade","city":"Haarlem","operatorName":"TotalEnergies","maxPowerKw":17,"isMegawatt":false,"status":"AVAILABLE","source":"ndw"}},{"type":"Feature","geometry":{"type":"Point","coordinates":[4.6590284,52.3662548]},"properties":{"type":"charge","layer":"passenger","locationId":"1402","name":"Shell Recharge NL Westermanstraat 1","address":"Westermanstraat 1","city":"Haarlem","operatorName":"Ubitricity","maxPowerKw":22,"isMegawatt":false,"status":"CHARGING","source":"ndw","priceKwh":0.267}},{"type":"Feature","geometry":{"type":"Point","coordinates":[4.62917,52.3797]},"properties":{"type":"charge","layer":"passenger","locationId":"258","name":"Shell Recharge NL Gedempte Voldersgracht 22","address":"Gedempte Voldersgracht 22","city":"Haarlem","operatorName":"Ubitricity","maxPowerKw":11,"isMegawatt":false,"status":"AVAILABLE","source":"ndw","priceKwh":0.392}},{"type":"Feature","geometry":{"type":"Point","coordinates":[4.629632,52.384422]},"properties":{"type":"charge","layer":"passenger","locationId":"11966E7A-7B62-4E56-B7AD-B7BFE2E6BAB8","name":"TNLP006333 - Burgemeester Sandbergstraat 7, Haarlem","address":"7 Burgemeester Sandbergstraat","city":"Haarlem","operatorName":"TotalEnergies","maxPowerKw":13,"isMegawatt":false,"status":"UNAVAILABLE","source":"ndw"}},{"type":"Feature","geometry":{"type":"Point","coordinates":[4.647411,52.397537]},"properties":{"type":"charge","layer":"passenger","locationId":"b2f0af84-cf57-4f00-a8a5-9fcc39093416","name":"TNLP008018 - Atjehstraat 38, Haarlem","address":"38 Atjehstraat","city":"Haarlem","operatorName":"TotalEnergies","maxPowerKw":13,"isMegawatt":false,"status":"CHARGING","source":"ndw"}},{"type":"Feature","geometry":{"type":"Point","coordinates":[4.63779,52.39054]},"properties":{"type":"charge","layer":"passenger","locationId":"393A854F-7427-40BC-A13F-1B26312369BF","name":"PP002268","address":"Schotersingel 2","city":"Haarlem","operatorName":"TotalEnergies","maxPowerKw":17,"isMegawatt":false,"status":"AVAILABLE","source":"ndw"}},{"type":"Feature","geometry":{"type":"Point","coordinates":[4.62366,52.38524]},"properties":{"type":"charge","layer":"passenger","locationId":"6D3928E4-5A33-4775-9AE0-EE13E7500EFC","name":"PP002251","address":"Anslijnstraat 2","city":"Haarlem","operatorName":"TotalEnergies","maxPowerKw":17,"isMegawatt":false,"status":"AVAILABLE","source":"ndw"}},{"type":"Feature","geometry":{"type":"Point","coordinates":[4.630399,52.36177]},"properties":{"type":"charge","layer":"passenger","locationId":"94A8C2EA-A720-4271-8B49-699F223CF33D","name":"PP005234 - Willem de Zwijgerlaan 8, Haarlem","address":"8 Willem de Zwijgerlaan","city":"Haarlem","operatorName":"TotalEnergies","maxPowerKw":13,"isMegawatt":false,"status":"UNAVAILABLE","source":"ndw"}},{"type":"Feature","geometry":{"type":"Point","coordinates":[4.65364,52.4064]},"properties":{"type":"charge","layer":"passenger","locationId":"148C9CAB-4CC4-45D6-A8BE-4C71A6E095D8","name":"PP004164 - Jan Gijzenkade 52, Haarlem","address":"52 Jan Gijzenkade","city":"Haarlem","operatorName":"TotalEnergies","maxPowerKw":13,"isMegawatt":false,"status":"AVAILABLE","source":"ndw"}},{"type":"Feature","geometry":{"type":"Point","coordinates":[4.65261,52.41597]},"properties":{"type":"charge","layer":"passenger","locationId":"AE2D27EF-3590-4928-841B-C24EDE38BFB3","name":"PP004173 - Eksterlaan 67, Haarlem","address":"67 Eksterlaan","city":"Haarlem","operatorName":"TotalEnergies","maxPowerKw":13,"isMegawatt":false,"status":"UNAVAILABLE","source":"ndw"}},{"type":"Feature","geometry":{"type":"Point","coordinates":[4.661646,52.37794]},"properties":{"type":"charge","layer":"passenger","locationId":"7D982DC4-12CF-4110-A6D3-B5B68C33AEBD","name":"TNLP007178 - Prinses Beatrixplein 87, Haarlem","address":"87 Prinses Beatrixplein","city":"Haarlem","operatorName":"TotalEnergies","maxPowerKw":13,"isMegawatt":false,"status":"AVAILABLE","source":"ndw"}},{"type":"Feature","geometry":{"type":"Point","coordinates":[4.61761,52.37261]},"properties":{"type":"charge","layer":"passenger","locationId":"676","name":"Shell Recharge NL Van Oosten de Bruijnstraat 183","address":"Van Oosten de Bruijnstraat 183","city":"Haarlem","operatorName":"Ubitricity","maxPowerKw":11,"isMegawatt":false,"status":"AVAILABLE","source":"ndw","priceKwh":0.392}},{"type":"Feature","geometry":{"type":"Point","coordinates":[4.6441529,52.3836512]},"properties":{"type":"charge","layer":"passenger","locationId":"1255","name":"Shell Recharge NL Harmenjansweg 25","address":"Harmenjansweg 25","city":"Haarlem","operatorName":"Ubitricity","maxPowerKw":22,"isMegawatt":false,"status":"AVAILABLE","source":"ndw","priceKwh":0.267}},{"type":"Feature","geometry":{"type":"Point","coordinates":[4.654495,52.409553]},"properties":{"type":"charge","layer":"passenger","locationId":"c44678ea-884c-4fb4-9c88-36272f03dad9","name":"Batavierenplantsoen 17","address":"Batavierenplantsoen 17","city":"Haarlem","operatorName":"Vattenfall InCharge","maxPowerKw":11,"isMegawatt":false,"status":"UNAVAILABLE","source":"ndw","priceKwh":0.4316}},{"type":"Feature","geometry":{"type":"Point","coordinates":[4.649925,52.422492]},"properties":{"type":"charge","layer":"passenger","locationId":"91231283","name":"50five-S NL 09140142","address":"Vondelweg 999","city":"Haarlem","operatorName":"50five","maxPowerKw":21,"isMegawatt":false,"status":"AVAILABLE","source":"ndw"}},{"type":"Feature","geometry":{"type":"Point","coordinates":[4.644249,52.404675]},"properties":{"type":"charge","layer":"passenger","locationId":"1A28855A-9502-4CFA-82C9-8BC4A6818F3F","name":"PP005257 - Middenweg 96A, Haarlem","address":"96A Middenweg","city":"Haarlem","operatorName":"TotalEnergies","maxPowerKw":13,"isMegawatt":false,"status":"UNAVAILABLE","source":"ndw"}},{"type":"Feature","geometry":{"type":"Point","coordinates":[4.651119,52.378952]},"properties":{"type":"charge","layer":"passenger","locationId":"91094045","name":"50five-S NL 07000809","address":"Busken Huëtstraat 18","city":"Haarlem","operatorName":"50five","maxPowerKw":11,"isMegawatt":false,"status":"AVAILABLE","source":"ndw"}},{"type":"Feature","geometry":{"type":"Point","coordinates":[4.638121,52.3741952]},"properties":{"type":"charge","layer":"passenger","locationId":"1186","name":"Shell Recharge NL Asterstraat 14","address":"Asterstraat 14","city":"Haarlem","operatorName":"Ubitricity","maxPowerKw":22,"isMegawatt":false,"status":"AVAILABLE","source":"ndw","priceKwh":0.267}},{"type":"Feature","geometry":{"type":"Point","coordinates":[4.64846,52.4084]},"properties":{"type":"charge","layer":"passenger","locationId":"1548","name":"Shell Recharge NL Korteweg 37","address":"Korteweg 37","city":"Haarlem","operatorName":"Ubitricity","maxPowerKw":22,"isMegawatt":false,"status":"AVAILABLE","source":"ndw","priceKwh":0.392}},{"type":"Feature","geometry":{"type":"Point","coordinates":[4.63394,52.36448]},"properties":{"type":"charge","layer":"passenger","locationId":"56352002-4d89-48d9-b831-b87aba49a275","name":"PP001025 - Spaarnelaan 25, Haarlem","address":"25 Spaarnelaan","city":"Haarlem","operatorName":"TotalEnergies","maxPowerKw":11,"isMegawatt":false,"status":"UNAVAILABLE","source":"ndw"}},{"type":"Feature","geometry":{"type":"Point","coordinates":[4.63905,52.40042]},"properties":{"type":"charge","layer":"passenger","locationId":"d939a2dc-ef3b-41dc-841d-d48a9b63cf8d","name":"PP001526 - Eikenstraat 32, Haarlem","address":"32 Eikenstraat","city":"Haarlem","operatorName":"TotalEnergies","maxPowerKw":11,"isMegawatt":false,"status":"AVAILABLE","source":"ndw"}},{"type":"Feature","geometry":{"type":"Point","coordinates":[4.64319,52.40209]},"properties":{"type":"charge","layer":"passenger","locationId":"387","name":"Shell Recharge NL Middenweg 46","address":"Middenweg 46","city":"Haarlem","operatorName":"Ubitricity","maxPowerKw":11,"isMegawatt":false,"status":"CHARGING","source":"ndw","priceKwh":0.392}},{"type":"Feature","geometry":{"type":"Point","coordinates":[4.66199,52.39591]},"properties":{"type":"charge","layer":"passenger","locationId":"18B7B3CD-28B9-47AE-A412-C4571375FB25","name":"Eneco eMobility Waarderweg 50A Haarlem","address":"Waarderweg 50A","city":"Haarlem","operatorName":"Eneco","maxPowerKw":22,"isMegawatt":false,"status":"AVAILABLE","source":"ndw","priceKwh":0.32}},{"type":"Feature","geometry":{"type":"Point","coordinates":[4.61737,52.381521]},"properties":{"type":"charge","layer":"passenger","locationId":"3964795","name":"Laadnet Oprit","address":"Jan van Galenstraat 78","city":"Haarlem","operatorName":"Laadnet","maxPowerKw":11,"isMegawatt":false,"status":"AVAILABLE","source":"ndw"}},{"type":"Feature","geometry":{"type":"Point","coordinates":[4.664795,52.367275]},"properties":{"type":"charge","layer":"passenger","locationId":"642c133b7da7310012654c5f","name":"Van Voorthuijsenschool","address":"Professor Eijkmanlaan 1","city":"Haarlem","operatorName":"E-Flux by Road","maxPowerKw":22,"isMegawatt":false,"status":"AVAILABLE","source":"ndw","priceKwh":0.65}},{"type":"Feature","geometry":{"type":"Point","coordinates":[4.604776,52.383688]},"properties":{"type":"charge","layer":"passenger","locationId":"688b5f28cbaafe22ee1516dc","name":"MJ","address":"Denys van Hullelaan 26","city":"Haarlem","operatorName":"E-Flux by Road","maxPowerKw":14,"isMegawatt":false,"status":"AVAILABLE","source":"ndw","priceKwh":0.43}},{"type":"Feature","geometry":{"type":"Point","coordinates":[4.652691,52.401886]},"properties":{"type":"charge","layer":"passenger","locationId":"D3CD038B-06EF-4A9E-B87D-5E14940133A2","name":"TNLP009473 - Archipelstraat 72, Haarlem","address":"72 Archipelstraat","city":"Haarlem","operatorName":"TotalEnergies","maxPowerKw":13,"isMegawatt":false,"status":"UNAVAILABLE","source":"ndw"}},{"type":"Feature","geometry":{"type":"Point","coordinates":[4.64613,52.35241]},"properties":{"type":"charge","layer":"passenger","locationId":"2B5A012B-284A-4B95-A6DF-144FE01C9903","name":"TNLP007047 - Hondsbos 2, Haarlem","address":"2 Hondsbos","city":"Haarlem","operatorName":"TotalEnergies","maxPowerKw":13,"isMegawatt":false,"status":"UNAVAILABLE","source":"ndw"}},{"type":"Feature","geometry":{"type":"Point","coordinates":[4.64904,52.3511]},"properties":{"type":"charge","layer":"passenger","locationId":"F5DC95D5-5E4B-4ECA-8212-D64C5FC0FD36","name":"PP004212 - Pampus 190, Haarlem","address":"190 Pampus","city":"Haarlem","operatorName":"TotalEnergies","maxPowerKw":13,"isMegawatt":false,"status":"UNAVAILABLE","source":"ndw"}},{"type":"Feature","geometry":{"type":"Point","coordinates":[4.645946,52.405901]},"properties":{"type":"charge","layer":"passenger","locationId":"40aada99-a5eb-4195-93c8-377e4021341c","name":"Van Nesstraat","address":"Van Nesstraat 67","city":"Haarlem","operatorName":"Vattenfall InCharge","maxPowerKw":11,"isMegawatt":false,"status":"UNAVAILABLE","source":"ndw","priceKwh":0.4316}},{"type":"Feature","geometry":{"type":"Point","coordinates":[4.657051,52.385231]},"properties":{"type":"charge","layer":"passenger","locationId":"6242e7bc1096576428dc7606","name":"MAAK Terrein 2","address":"Oudeweg 91-95","city":"Haarlem","operatorName":"E-Flux by Road","maxPowerKw":11,"isMegawatt":false,"status":"AVAILABLE","source":"ndw","priceKwh":0.38}},{"type":"Feature","geometry":{"type":"Point","coordinates":[4.650415,52.421674]},"properties":{"type":"charge","layer":"passenger","locationId":"91229954","name":"50five-S NL 09001309","address":"Vondelweg 999","city":"Haarlem","operatorName":"50five","maxPowerKw":21,"isMegawatt":false,"status":"AVAILABLE","source":"ndw"}},{"type":"Feature","geometry":{"type":"Point","coordinates":[4.64043,52.38369]},"properties":{"type":"charge","layer":"passenger","locationId":"6F8DB1CC-488A-49D4-BE61-B4C049E55638","name":"PP004031 - Zakstraat 2, Haarlem","address":"2 Zakstraat","city":"Haarlem","operatorName":"TotalEnergies","maxPowerKw":13,"isMegawatt":false,"status":"UNAVAILABLE","source":"ndw"}},{"type":"Feature","geometry":{"type":"Point","coordinates":[4.669743,52.386405]},"properties":{"type":"charge","layer":"passenger","locationId":"91146701","name":"50five-S NL 18B05499","address":"Swensweg 5","city":"Haarlem","operatorName":"50five","maxPowerKw":11,"isMegawatt":false,"status":"AVAILABLE","source":"ndw"}},{"type":"Feature","geometry":{"type":"Point","coordinates":[4.631774,52.374746]},"properties":{"type":"charge","layer":"passenger","locationId":"89254055","name":"Van Leeuwen Houtplein 33","address":"Houtplein 33","city":"Haarlem","operatorName":"Van Leeuwen","maxPowerKw":22,"isMegawatt":false,"status":"AVAILABLE","source":"ndw"}},{"type":"Feature","geometry":{"type":"Point","coordinates":[4.64378,52.36646]},"properties":{"type":"charge","layer":"passenger","locationId":"8C1524D3-3559-4460-8B24-BD6E94475EEE","name":"PP004162 - Schotlandstraat 97, Haarlem","address":"97 Schotlandstraat","city":"Haarlem","operatorName":"TotalEnergies","maxPowerKw":13,"isMegawatt":false,"status":"CHARGING","source":"ndw"}},{"type":"Feature","geometry":{"type":"Point","coordinates":[4.629012,52.401672]},"properties":{"type":"charge","layer":"passenger","locationId":"7392432A-3CD2-41EC-9CAC-AC767BA0C9E9","name":"TNLP006424 - Van Riebeecklaan 1, Haarlem","address":"1 Van Riebeecklaan","city":"Haarlem","operatorName":"TotalEnergies","maxPowerKw":13,"isMegawatt":false,"status":"AVAILABLE","source":"ndw"}},{"type":"Feature","geometry":{"type":"Point","coordinates":[4.638738,52.37814]},"properties":{"type":"charge","layer":"passenger","locationId":"3e232a51-3fda-4448-adc0-9ea979a40a44","name":"TNLP006119 - Spaarne 67, Haarlem","address":"67 Spaarne","city":"Haarlem","operatorName":"TotalEnergies","maxPowerKw":13,"isMegawatt":false,"status":"AVAILABLE","source":"ndw"}},{"type":"Feature","geometry":{"type":"Point","coordinates":[4.653928,52.36987]},"properties":{"type":"charge","layer":"passenger","locationId":"13B64F54-E91A-4E06-9FA9-30CF17FA3FDB","name":"TNLP007413 - Poeldijkweg 82, Haarlem","address":"82 Poeldijkweg","city":"Haarlem","operatorName":"TotalEnergies","maxPowerKw":13,"isMegawatt":false,"status":"CHARGING","source":"ndw"}},{"type":"Feature","geometry":{"type":"Point","coordinates":[4.65114,52.35904]},"properties":{"type":"charge","layer":"passenger","locationId":"73A9843A-BD1D-4771-80BD-71FB6EFC554F","name":"PP004011 - Tiranaplantsoen 2, Haarlem","address":"2 Tiranaplantsoen","city":"Haarlem","operatorName":"TotalEnergies","maxPowerKw":13,"isMegawatt":false,"status":"AVAILABLE","source":"ndw"}},{"type":"Feature","geometry":{"type":"Point","coordinates":[4.61229,52.38812]},"properties":{"type":"charge","layer":"passenger","locationId":"703","name":"Shell Recharge NL Bijdorplaan 124","address":"Bijdorplaan 124","city":"Haarlem","operatorName":"Ubitricity","maxPowerKw":11,"isMegawatt":false,"status":"AVAILABLE","source":"ndw","priceKwh":0.392}},{"type":"Feature","geometry":{"type":"Point","coordinates":[4.660215,52.367657]},"properties":{"type":"charge","layer":"passenger","locationId":"E3F933E8-0917-4C69-A4C7-7822AC81EF17","name":"TNLP008922 - Jan van der Horststraat 34, Haarlem","address":"34 Jan van der Horststraat","city":"Haarlem","operatorName":"TotalEnergies","maxPowerKw":14,"isMegawatt":false,"status":"CHARGING","source":"ndw"}},{"type":"Feature","geometry":{"type":"Point","coordinates":[4.64245,52.36179]},"properties":{"type":"charge","layer":"passenger","locationId":"2b0718ad-4980-4d77-8f8b-d6a44a498a4e","name":"PP004176 - Engelandlaan 492, Haarlem","address":"492 Engelandlaan","city":"Haarlem","operatorName":"TotalEnergies","maxPowerKw":13,"isMegawatt":false,"status":"CHARGING","source":"ndw"}},{"type":"Feature","geometry":{"type":"Point","coordinates":[4.634138,52.396652]},"properties":{"type":"charge","layer":"passenger","locationId":"6E7B8ACF-CD45-4A04-9D3D-E20694B9C0AC","name":"TNLP007098 - Marnixstraat 24, Haarlem","address":"24 Marnixstraat","city":"Haarlem","operatorName":"TotalEnergies","maxPowerKw":13,"isMegawatt":false,"status":"AVAILABLE","source":"ndw"}},{"type":"Feature","geometry":{"type":"Point","coordinates":[4.658778,52.39555]},"properties":{"type":"charge","layer":"passenger","locationId":"81F05E60-1892-4CEA-9C29-F8ECBDF4D17D","name":"Eneco eMobility Transdev - Haarlem - Industrieweg 5","address":"Industrieweg 5","city":"Haarlem","operatorName":"Eneco","maxPowerKw":22,"isMegawatt":false,"status":"AVAILABLE","source":"ndw","priceKwh":0.45}},{"type":"Feature","geometry":{"type":"Point","coordinates":[4.633557,52.38405]},"properties":{"type":"charge","layer":"passenger","locationId":"87147fcc-6c3c-4273-8d98-166bfb409eef","name":"TNLP009639 - Nassaulaan 62, Haarlem","address":"62 Nassaulaan","city":"Haarlem","operatorName":"TotalEnergies","maxPowerKw":13,"isMegawatt":false,"status":"CHARGING","source":"ndw"}},{"type":"Feature","geometry":{"type":"Point","coordinates":[4.60431,52.38346]},"properties":{"type":"charge","layer":"passenger","locationId":"C58A52A0-1175-463E-B1AF-8443B3BBD344","name":"TNLP003662 - Ramplaan 43, Haarlem","address":"43 Ramplaan","city":"Haarlem","operatorName":"TotalEnergies","maxPowerKw":17,"isMegawatt":false,"status":"AVAILABLE","source":"ndw"}},{"type":"Feature","geometry":{"type":"Point","coordinates":[4.647691,52.413578]},"properties":{"type":"charge","layer":"passenger","locationId":"F2573876-FED3-4C0D-9B19-77104B80C9F6","name":"TNLP009116 - Flevoplein 9, Haarlem","address":"9 Flevoplein","city":"Haarlem","operatorName":"TotalEnergies","maxPowerKw":13,"isMegawatt":false,"status":"AVAILABLE","source":"ndw"}},{"type":"Feature","geometry":{"type":"Point","coordinates":[4.6454,52.3886984]},"properties":{"type":"charge","layer":"passenger","locationId":"1346","name":"Shell Recharge NL Rozenhagenplein 13","address":"Rozenhagenplein 13","city":"Haarlem","operatorName":"Ubitricity","maxPowerKw":22,"isMegawatt":false,"status":"AVAILABLE","source":"ndw","priceKwh":0.267}},{"type":"Feature","geometry":{"type":"Point","coordinates":[4.65214,52.34678]},"properties":{"type":"charge","layer":"passenger","locationId":"574","name":"Shell Recharge NL Vogelwaarde 75","address":"Vogelwaarde 75","city":"Haarlem","operatorName":"Ubitricity","maxPowerKw":11,"isMegawatt":false,"status":"AVAILABLE","source":"ndw","priceKwh":0.392}},{"type":"Feature","geometry":{"type":"Point","coordinates":[4.63599,52.39957]},"properties":{"type":"charge","layer":"passenger","locationId":"77F2B7D9-2E53-4854-BA38-8D8CD2A866EB","name":"TNLP003596 - Stuyvesantstraat 2, Haarlem","address":"2 Stuyvesantstraat","city":"Haarlem","operatorName":"TotalEnergies","maxPowerKw":17,"isMegawatt":false,"status":"AVAILABLE","source":"ndw"}},{"type":"Feature","geometry":{"type":"Point","coordinates":[4.606261,52.38075]},"properties":{"type":"charge","layer":"passenger","locationId":"C8960E18-B964-4780-8F8B-A6C666787C5A","name":"TNLP008181 - Hendrik Roozenlaan 30, Haarlem","address":"30 Hendrik Roozenlaan","city":"Haarlem","operatorName":"TotalEnergies","maxPowerKw":13,"isMegawatt":false,"status":"AVAILABLE","source":"ndw"}},{"type":"Feature","geometry":{"type":"Point","coordinates":[4.62853,52.38554]},"properties":{"type":"charge","layer":"passenger","locationId":"18","name":"Shell Recharge NL Garenkokerskade 48","address":"Garenkokerskade 48","city":"Haarlem","operatorName":"Ubitricity","maxPowerKw":11,"isMegawatt":false,"status":"AVAILABLE","source":"ndw","priceKwh":0.392}},{"type":"Feature","geometry":{"type":"Point","coordinates":[4.648341,52.366722]},"properties":{"type":"charge","layer":"passenger","locationId":"6943d3c1401d63cb6112cb31","name":"Targray station Haarlem","address":"Ierlandstraat  87","city":"Haarlem","operatorName":"E-Flux by Road","maxPowerKw":22,"isMegawatt":false,"status":"AVAILABLE","source":"ndw","priceKwh":0.49}},{"type":"Feature","geometry":{"type":"Point","coordinates":[4.64265,52.39803]},"properties":{"type":"charge","layer":"passenger","locationId":"0BBF7A53-9F94-4935-A736-0369BA7005D3","name":"PP005064 - Pijnboomstraat 15, Haarlem","address":"15 Pijnboomstraat","city":"Haarlem","operatorName":"TotalEnergies","maxPowerKw":13,"isMegawatt":false,"status":"UNAVAILABLE","source":"ndw"}},{"type":"Feature","geometry":{"type":"Point","coordinates":[4.650848,52.422512]},"properties":{"type":"charge","layer":"passenger","locationId":"91228756","name":"50five-S NL 08000951","address":"Vondelweg 999","city":"Haarlem","operatorName":"50five","maxPowerKw":21,"isMegawatt":false,"status":"AVAILABLE","source":"ndw"}},{"type":"Feature","geometry":{"type":"Point","coordinates":[4.650974,52.367037]},"properties":{"type":"charge","layer":"passenger","locationId":"91231439","name":"50five-S NL 08002541","address":"Boerhaavelaan 22","city":"Haarlem","operatorName":"50five","maxPowerKw":11,"isMegawatt":false,"status":"AVAILABLE","source":"ndw"}},{"type":"Feature","geometry":{"type":"Point","coordinates":[4.63893,52.40565]},"properties":{"type":"charge","layer":"passenger","locationId":"b788c33c-ef73-41c2-a853-2bc12843cd03","name":"PP002017 - Planetenplein 22, Haarlem","address":"22 Planetenplein","city":"Haarlem","operatorName":"TotalEnergies","maxPowerKw":11,"isMegawatt":false,"status":"AVAILABLE","source":"ndw"}},{"type":"Feature","geometry":{"type":"Point","coordinates":[4.645702,52.382835]},"properties":{"type":"charge","layer":"passenger","locationId":"ECBC966C-B948-40E2-A3FB-5F154E34EAD0","name":"TNLP009471 - Papentorenvest 44, Haarlem","address":"44 Papentorenvest","city":"Haarlem","operatorName":"TotalEnergies","maxPowerKw":13,"isMegawatt":false,"status":"AVAILABLE","source":"ndw"}},{"type":"Feature","geometry":{"type":"Point","coordinates":[4.653004,52.41796]},"properties":{"type":"charge","layer":"passenger","locationId":"2EC59713-D6D9-4A3E-8818-85CB17F94511","name":"PP005260 - Gijsbrecht van Aemstelstraat 118, Haarlem","address":"118 Gijsbrecht van Aemstelstraat","city":"Haarlem","operatorName":"TotalEnergies","maxPowerKw":13,"isMegawatt":false,"status":"UNAVAILABLE","source":"ndw"}},{"type":"Feature","geometry":{"type":"Point","coordinates":[4.656968,52.35288]},"properties":{"type":"charge","layer":"passenger","locationId":"1C6326F9-6FAB-4F45-9FED-ABEE8E8E42FC","name":"TNLP007708 - Scharreveld 33, Haarlem","address":"33 Scharreveld","city":"Haarlem","operatorName":"TotalEnergies","maxPowerKw":15,"isMegawatt":false,"status":"CHARGING","source":"ndw"}},{"type":"Feature","geometry":{"type":"Point","coordinates":[4.647628,52.393185]},"properties":{"type":"charge","layer":"passenger","locationId":"685A67DD-BAD7-4489-BB86-C4CE1F7FE772","name":"TNLP015064 - Gedempte Schalk Burgergracht 42b, Haarlem","address":"42b Gedempte Schalk Burgergracht","city":"Haarlem","operatorName":"TotalEnergies","maxPowerKw":13,"isMegawatt":false,"status":"AVAILABLE","source":"ndw"}},{"type":"Feature","geometry":{"type":"Point","coordinates":[4.640556,52.403595]},"properties":{"type":"charge","layer":"passenger","locationId":"97045926-546C-47DE-8E51-D34455B1860A","name":"TNLP006746 - Orionweg 82, Haarlem","address":"82 Orionweg","city":"Haarlem","operatorName":"TotalEnergies","maxPowerKw":13,"isMegawatt":false,"status":"AVAILABLE","source":"ndw"}},{"type":"Feature","geometry":{"type":"Point","coordinates":[4.64689,52.36258]},"properties":{"type":"charge","layer":"passenger","locationId":"B3BDB3F6-6F93-4D8E-87AA-B0FC873AD21B","name":"PP001029 - Portugalstraat 4, Haarlem","address":"4 Portugalstraat","city":"Haarlem","operatorName":"TotalEnergies","maxPowerKw":13,"isMegawatt":false,"status":"AVAILABLE","source":"ndw"}},{"type":"Feature","geometry":{"type":"Point","coordinates":[4.61314,52.37513]},"properties":{"type":"charge","layer":"passenger","locationId":"E48AB0D2-EE67-4860-B00F-220FACBB2D0B","name":"PP004046 - Theemsplein 34, Haarlem","address":"34 Theemsplein","city":"Haarlem","operatorName":"TotalEnergies","maxPowerKw":13,"isMegawatt":false,"status":"UNAVAILABLE","source":"ndw"}},{"type":"Feature","geometry":{"type":"Point","coordinates":[4.648925,52.353565]},"properties":{"type":"charge","layer":"passenger","locationId":"E93B7534-60F4-407F-8EE2-6915F00971A6","name":"TNLP008190 - Zuiderzeelaan 1, Haarlem","address":"1 Zuiderzeelaan","city":"Haarlem","operatorName":"TotalEnergies","maxPowerKw":13,"isMegawatt":false,"status":"AVAILABLE","source":"ndw"}},{"type":"Feature","geometry":{"type":"Point","coordinates":[4.657122,52.405903]},"properties":{"type":"charge","layer":"passenger","locationId":"D53D6C57-1176-4ECA-898B-76EC0528FBDF","name":"PP004297 - Spaarndamseweg 103, 2025 AM Haarlem","address":"4 Vondelweg","city":"Haarlem","operatorName":"TotalEnergies","maxPowerKw":13,"isMegawatt":false,"status":"AVAILABLE","source":"ndw"}},{"type":"Feature","geometry":{"type":"Point","coordinates":[4.62183,52.381801]},"properties":{"type":"charge","layer":"passenger","locationId":"d97650fd-c9f2-4d5f-98f0-2e9d21fbc2c2","name":"Brouwersplein","address":"Brouwersplein 9","city":"Haarlem","operatorName":"Vattenfall InCharge","maxPowerKw":11,"isMegawatt":false,"status":"UNAVAILABLE","source":"ndw","priceKwh":0.4316}},{"type":"Feature","geometry":{"type":"Point","coordinates":[4.653581,52.387515]},"properties":{"type":"charge","layer":"passenger","locationId":"89966802","name":"Van Leeuwen Spaarnelanden eigen terrein","address":"Minckelersweg 40","city":"Haarlem","operatorName":"Van Leeuwen","maxPowerKw":22,"isMegawatt":false,"status":"AVAILABLE","source":"ndw"}},{"type":"Feature","geometry":{"type":"Point","coordinates":[4.663959,52.375563]},"properties":{"type":"charge","layer":"passenger","locationId":"6a3a6a7c06368c04ad4c888f","name":"Laadpaal MMS","address":"Martin monnickendamstraat 11","city":"Haarlem","operatorName":"E-Flux by Road","maxPowerKw":11,"isMegawatt":false,"status":"AVAILABLE","source":"ndw","priceKwh":0.43}},{"type":"Feature","geometry":{"type":"Point","coordinates":[4.649149,52.419483]},"properties":{"type":"charge","layer":"passenger","locationId":"0A74E930-F595-4384-8C6E-3825935A5898","name":"PP005121 - Muiderslotweg 5, Haarlem","address":"5 Muiderslotweg","city":"Haarlem","operatorName":"TotalEnergies","maxPowerKw":17,"isMegawatt":false,"status":"AVAILABLE","source":"ndw"}},{"type":"Feature","geometry":{"type":"Point","coordinates":[4.601361,52.38247]},"properties":{"type":"charge","layer":"passenger","locationId":"270E8634-57C0-48C1-BB86-E53CA96A900E","name":"TNLP008173 - Midden Tuindorpslaan 25, Haarlem","address":"25 Midden Tuindorpslaan","city":"Haarlem","operatorName":"TotalEnergies","maxPowerKw":13,"isMegawatt":false,"status":"AVAILABLE","source":"ndw"}},{"type":"Feature","geometry":{"type":"Point","coordinates":[4.663064,52.388948]},"properties":{"type":"charge","layer":"passenger","locationId":"681dadbc98ab26b63e5d5406","name":"businessplaza Haarlem","address":"Waarderweg 19","city":"Haarlem","operatorName":"E-Flux by Road","maxPowerKw":11,"isMegawatt":false,"status":"AVAILABLE","source":"ndw","priceKwh":0.5}},{"type":"Feature","geometry":{"type":"Point","coordinates":[4.63315,52.39312]},"properties":{"type":"charge","layer":"passenger","locationId":"1625","name":"Shell Recharge NL Saenredamstraat 132","address":"Saenredamstraat 132","city":"Haarlem","operatorName":"Ubitricity","maxPowerKw":11,"isMegawatt":false,"status":"AVAILABLE","source":"ndw","priceKwh":0.392}},{"type":"Feature","geometry":{"type":"Point","coordinates":[4.675909,52.41658]},"properties":{"type":"charge","layer":"passenger","locationId":"554396AB-4281-4A7D-A68B-15F2B42EF696","name":"TNLP005798 - Visserseinde 22, Spaarndam Gem. Haarlem","address":"22 Visserseinde","city":"Spaarndam Gem. Haarlem","operatorName":"TotalEnergies","maxPowerKw":13,"isMegawatt":false,"status":"AVAILABLE","source":"ndw"}},{"type":"Feature","geometry":{"type":"Point","coordinates":[4.63873,52.37576]},"properties":{"type":"charge","layer":"passenger","locationId":"f3344352-b64c-4eb8-8436-1f3910d08c9a","name":"PP002116 - Koningsteinstraat 1, Haarlem","address":"1 Koningsteinstraat","city":"Haarlem","operatorName":"TotalEnergies","maxPowerKw":11,"isMegawatt":false,"status":"CHARGING","source":"ndw"}},{"type":"Feature","geometry":{"type":"Point","coordinates":[4.62663,52.40042]},"properties":{"type":"charge","layer":"passenger","locationId":"C33C114A-C521-433C-9101-30AA23879E77","name":"TNLP003539 - Ijsbaanlaan 4, haarlem","address":"4 Ijsbaanlaan","city":"haarlem","operatorName":"TotalEnergies","maxPowerKw":17,"isMegawatt":false,"status":"AVAILABLE","source":"ndw"}},{"type":"Feature","geometry":{"type":"Point","coordinates":[4.664362,52.3591]},"properties":{"type":"charge","layer":"passenger","locationId":"0f804fe9-d1c6-4c8b-bc35-e538c532cc35","name":"PP005019 - Bernadottelaan 4-98, Haarlem","address":"4-98 Bernadottelaan","city":"Haarlem","operatorName":"TotalEnergies","maxPowerKw":13,"isMegawatt":false,"status":"CHARGING","source":"ndw"}},{"type":"Feature","geometry":{"type":"Point","coordinates":[4.629373,52.376427]},"properties":{"type":"charge","layer":"passenger","locationId":"FE497918-3AD6-4C9B-B443-556251BFC396","name":"TNLP007094 - Raamvest 39zw, Haarlem","address":"39zw Raamvest","city":"Haarlem","operatorName":"TotalEnergies","maxPowerKw":13,"isMegawatt":false,"status":"UNAVAILABLE","source":"ndw"}},{"type":"Feature","geometry":{"type":"Point","coordinates":[4.62485,52.37246]},"properties":{"type":"charge","layer":"passenger","locationId":"728","name":"Shell Recharge NL Koninginneweg 114","address":"Koninginneweg 114","city":"Haarlem","operatorName":"Ubitricity","maxPowerKw":11,"isMegawatt":false,"status":"AVAILABLE","source":"ndw","priceKwh":0.392}},{"type":"Feature","geometry":{"type":"Point","coordinates":[4.6324,52.40017]},"properties":{"type":"charge","layer":"passenger","locationId":"34999C08-6414-46AF-A6B5-01C763BA7313","name":"PP001053 - Stuyvesantplein 1, Haarlem","address":"1 Stuyvesantplein","city":"Haarlem","operatorName":"TotalEnergies","maxPowerKw":11,"isMegawatt":false,"status":"AVAILABLE","source":"ndw"}},{"type":"Feature","geometry":{"type":"Point","coordinates":[4.635585,52.37113]},"properties":{"type":"charge","layer":"passenger","locationId":"0a8cacbc-e3e9-45c5-a06b-2847d79a8c19","name":"TNLP009489 - Vlietsorgstraat 15, Haarlem","address":"15 Vlietsorgstraat","city":"Haarlem","operatorName":"TotalEnergies","maxPowerKw":13,"isMegawatt":false,"status":"AVAILABLE","source":"ndw"}},{"type":"Feature","geometry":{"type":"Point","coordinates":[4.658806,52.398289]},"properties":{"type":"charge","layer":"passenger","locationId":"3845371","name":"Laadnet Bosch Rexroth","address":"Tingietersweg 47","city":"Haarlem","operatorName":"Laadnet","maxPowerKw":22,"isMegawatt":false,"status":"AVAILABLE","source":"ndw"}},{"type":"Feature","geometry":{"type":"Point","coordinates":[4.66416,52.39593]},"properties":{"type":"charge","layer":"passenger","locationId":"D5400171-2DEA-4E9D-9456-ED153E423046","name":"Eneco eMobility Emrikweg 14-16 Haarlem","address":"Emrikweg 14-16","city":"Haarlem","operatorName":"Eneco","maxPowerKw":22,"isMegawatt":false,"status":"AVAILABLE","source":"ndw","priceKwh":0.32}},{"type":"Feature","geometry":{"type":"Point","coordinates":[4.667719,52.376907]},"properties":{"type":"charge","layer":"passenger","locationId":"16318456-093D-4E92-A0F2-CB55B71BB945","name":"PP005017 - Antonio Netostraat 1, Haarlem","address":"1 Antonio Netostraat","city":"Haarlem","operatorName":"TotalEnergies","maxPowerKw":13,"isMegawatt":false,"status":"AVAILABLE","source":"ndw"}},{"type":"Feature","geometry":{"type":"Point","coordinates":[4.664709,52.358026]},"properties":{"type":"charge","layer":"passenger","locationId":"7706315cea214e4aede640423ff40d45","name":"Bernadottelaan 122","address":"Bernadottelaan 122","city":"Haarlem","operatorName":"Vattenfall InCharge","maxPowerKw":11,"isMegawatt":false,"status":"CHARGING","source":"ndw","priceKwh":0.2805}},{"type":"Feature","geometry":{"type":"Point","coordinates":[4.649502,52.414162]},"properties":{"type":"charge","layer":"passenger","locationId":"bbbdbf62c1e44dbc3c83b82f7a4009cb","name":"Maasstraat 12","address":"Maasstraat 12","city":"Haarlem","operatorName":"Vattenfall InCharge","maxPowerKw":11,"isMegawatt":false,"status":"CHARGING","source":"ndw","priceKwh":0.2805}},{"type":"Feature","geometry":{"type":"Point","coordinates":[4.648921,52.404026]},"properties":{"type":"charge","layer":"passenger","locationId":"67d0f029-2496-49f7-b5bd-13d82dcb88ef","name":"PP005184 - Spaarnhovenstraat 8, Haarlem","address":"8 Spaarnhovenstraat","city":"Haarlem","operatorName":"TotalEnergies","maxPowerKw":13,"isMegawatt":false,"status":"CHARGING","source":"ndw"}},{"type":"Feature","geometry":{"type":"Point","coordinates":[4.624479,52.37088]},"properties":{"type":"charge","layer":"passenger","locationId":"3DB1A3E8-8B29-4E51-814D-61AC8488429E","name":"TNLP034535 - Outgert Pieterslaan 2, Haarlem","address":"2 Outgert Pieterslaan","city":"Haarlem","operatorName":"TotalEnergies","maxPowerKw":13,"isMegawatt":false,"status":"UNAVAILABLE","source":"ndw"}},{"type":"Feature","geometry":{"type":"Point","coordinates":[4.654669,52.404382]},"properties":{"type":"charge","layer":"passenger","locationId":"3726e41f4a871b6854ca1d6810480fa3","name":"Bandoengstraat 74","address":"Bandoengstraat 74","city":"Haarlem","operatorName":"Vattenfall InCharge","maxPowerKw":11,"isMegawatt":false,"status":"AVAILABLE","source":"ndw","priceKwh":0.2805}},{"type":"Feature","geometry":{"type":"Point","coordinates":[4.663215,52.392849]},"properties":{"type":"charge","layer":"passenger","locationId":"feace76b4906b1a8af393a8f713ed886","name":"Mollerusweg 60","address":"Mollerusweg 60","city":"Haarlem","operatorName":"Vattenfall InCharge","maxPowerKw":11,"isMegawatt":false,"status":"AVAILABLE","source":"ndw","priceKwh":0.2805}},{"type":"Feature","geometry":{"type":"Point","coordinates":[4.626384,52.39094]},"properties":{"type":"charge","layer":"passenger","locationId":"7B2A7574-F0FC-495D-BEA7-90F44A5A257A","name":"PP005132 - Verspronckweg 92, Haarlem","address":"92 Verspronckweg","city":"Haarlem","operatorName":"TotalEnergies","maxPowerKw":13,"isMegawatt":false,"status":"AVAILABLE","source":"ndw"}},{"type":"Feature","geometry":{"type":"Point","coordinates":[4.64321,52.41687]},"properties":{"type":"charge","layer":"passenger","locationId":"D61CDA26-6322-4552-8799-09FE146984D1","name":"PP004047 - Delftlaan 481, Haarlem","address":"481 Delftlaan","city":"Haarlem","operatorName":"TotalEnergies","maxPowerKw":13,"isMegawatt":false,"status":"AVAILABLE","source":"ndw"}},{"type":"Feature","geometry":{"type":"Point","coordinates":[4.63222,52.39896]},"properties":{"type":"charge","layer":"passenger","locationId":"D6666F5A-F114-4ACE-B9A1-8585448F58F8","name":"PP005392 - Heussensstraat 50, Haarlem","address":"50 Heussensstraat","city":"Haarlem","operatorName":"TotalEnergies","maxPowerKw":13,"isMegawatt":false,"status":"UNAVAILABLE","source":"ndw"}},{"type":"Feature","geometry":{"type":"Point","coordinates":[4.618088,52.37996]},"properties":{"type":"charge","layer":"passenger","locationId":"38dfb187-8c7e-4996-9ded-b67adf8c7524","name":"Laadplein - PP005368 - Leidsestraat 152, Haarlem","address":"152 Leidsestraat","city":"Haarlem","operatorName":"TotalEnergies","maxPowerKw":17,"isMegawatt":false,"status":"AVAILABLE","source":"ndw"}},{"type":"Feature","geometry":{"type":"Point","coordinates":[4.657074,52.3852]},"properties":{"type":"charge","layer":"passenger","locationId":"6242e70d109657e090dc6a5d","name":"MAAK terrein 1","address":"Oudeweg 91-95","city":"Haarlem","operatorName":"E-Flux by Road","maxPowerKw":11,"isMegawatt":false,"status":"AVAILABLE","source":"ndw","priceKwh":0.38}},{"type":"Feature","geometry":{"type":"Point","coordinates":[4.63701,52.3714]},"properties":{"type":"charge","layer":"passenger","locationId":"F53A8E25-A4F1-4B45-A8D5-6255A8AE9B80","name":"PP004207 - Twijnderslaan 56, Haarlem","address":"56 Twijnderslaan","city":"Haarlem","operatorName":"TotalEnergies","maxPowerKw":13,"isMegawatt":false,"status":"UNAVAILABLE","source":"ndw"}},{"type":"Feature","geometry":{"type":"Point","coordinates":[4.6152134,52.3769948]},"properties":{"type":"charge","layer":"passenger","locationId":"1751","name":"Shell Recharge NL Gibraltarstraat 1","address":"Gibraltarstraat 1","city":"Haarlem","operatorName":"Ubitricity","maxPowerKw":22,"isMegawatt":false,"status":"AVAILABLE","source":"ndw","priceKwh":0.267}},{"type":"Feature","geometry":{"type":"Point","coordinates":[4.621773,52.386765]},"properties":{"type":"charge","layer":"passenger","locationId":"3F847574-0E5F-49B5-9DC2-148ECF027E29","name":"TNLP007172 - Delfstraat 2, Haarlem","address":"2 Delfstraat","city":"Haarlem","operatorName":"TotalEnergies","maxPowerKw":13,"isMegawatt":false,"status":"AVAILABLE","source":"ndw"}},{"type":"Feature","geometry":{"type":"Point","coordinates":[4.653412,52.363182]},"properties":{"type":"charge","layer":"passenger","locationId":"60b4d8bc2caf1af9f3c45a87","name":"De Keizer - Haarlem","address":"Surinamepad 11","city":"Haarlem","operatorName":"Fleet Charge Services","maxPowerKw":22,"isMegawatt":false,"status":"AVAILABLE","source":"ndw","priceKwh":0.52}},{"type":"Feature","geometry":{"type":"Point","coordinates":[4.62557,52.37933]},"properties":{"type":"charge","layer":"passenger","locationId":"20fb1b23-455c-404d-bb7f-a4fa075730cc","name":"PP001996 - Leidsevaart 90, Haarlem","address":"90 Leidsevaart","city":"Haarlem","operatorName":"TotalEnergies","maxPowerKw":11,"isMegawatt":false,"status":"AVAILABLE","source":"ndw"}},{"type":"Feature","geometry":{"type":"Point","coordinates":[4.606065,52.368483]},"properties":{"type":"charge","layer":"passenger","locationId":"5910a79a-24f6-4dc5-a4df-12d781383041","name":"Helmlaan","address":"Helmlaan 42","city":"Haarlem","operatorName":"Vattenfall InCharge","maxPowerKw":11,"isMegawatt":false,"status":"UNAVAILABLE","source":"ndw","priceKwh":0.4316}},{"type":"Feature","geometry":{"type":"Point","coordinates":[4.644673,52.3507]},"properties":{"type":"charge","layer":"passenger","locationId":"96B8529D-E645-498D-97E1-37FF3A2FFA4E","name":"TNLP015333 - Park Oosterspaarn 40, Haarlem","address":"40 Park Oosterspaarn","city":"Haarlem","operatorName":"TotalEnergies","maxPowerKw":13,"isMegawatt":false,"status":"UNAVAILABLE","source":"ndw"}},{"type":"Feature","geometry":{"type":"Point","coordinates":[4.62348,52.37602]},"properties":{"type":"charge","layer":"passenger","locationId":"05B16CCF-D8F8-44FE-8EFB-7915F8750795","name":"PP004175 - Noorder Emmakade 23, Haarlem","address":"23 Noorder Emmakade","city":"Haarlem","operatorName":"TotalEnergies","maxPowerKw":13,"isMegawatt":false,"status":"UNAVAILABLE","source":"ndw"}},{"type":"Feature","geometry":{"type":"Point","coordinates":[4.66823,52.37793]},"properties":{"type":"charge","layer":"passenger","locationId":"744","name":"Shell Recharge NL Solidarnoscstraat 114","address":"Solidarnoscstraat 114","city":"Haarlem","operatorName":"Ubitricity","maxPowerKw":11,"isMegawatt":false,"status":"CHARGING","source":"ndw","priceKwh":0.392}},{"type":"Feature","geometry":{"type":"Point","coordinates":[4.62813,52.38027]},"properties":{"type":"charge","layer":"passenger","locationId":"5b03ac34-dafd-4bfb-ad18-4e51f9fde829","name":"TNLP005866 - Wilhelminastraat 19, Haarlem","address":"19 Wilhelminastraat","city":"Haarlem","operatorName":"TotalEnergies","maxPowerKw":13,"isMegawatt":false,"status":"AVAILABLE","source":"ndw"}},{"type":"Feature","geometry":{"type":"Point","coordinates":[4.666022,52.353096]},"properties":{"type":"charge","layer":"passenger","locationId":"CF28DE31-8242-495A-96D1-668F6361FF82","name":"TNLP007063 - Bernadottelaan 174, Haarlem","address":"174 Bernadottelaan","city":"Haarlem","operatorName":"TotalEnergies","maxPowerKw":13,"isMegawatt":false,"status":"AVAILABLE","source":"ndw"}},{"type":"Feature","geometry":{"type":"Point","coordinates":[4.655833,52.36372]},"properties":{"type":"charge","layer":"passenger","locationId":"532271C1-CA0A-4F9A-84E0-813194C876DA","name":"TNLP008767 - Edward Jennerstraat 5a, Haarlem","address":"5a Edward Jennerstraat","city":"Haarlem","operatorName":"TotalEnergies","maxPowerKw":13,"isMegawatt":false,"status":"AVAILABLE","source":"ndw"}},{"type":"Feature","geometry":{"type":"Point","coordinates":[4.62796,52.37505]},"properties":{"type":"charge","layer":"passenger","locationId":"1B3024AF-14EA-46FC-83F5-245AD0AD0CCF","name":"TNLP003580 - Lorentzplein 16, Haarlem","address":"16 Lorentzplein","city":"Haarlem","operatorName":"TotalEnergies","maxPowerKw":17,"isMegawatt":false,"status":"AVAILABLE","source":"ndw"}},{"type":"Feature","geometry":{"type":"Point","coordinates":[4.6465301,52.3644229]},"properties":{"type":"charge","layer":"passenger","locationId":"1724","name":"Shell Recharge NL Belgiëlaan 8A","address":"Belgiëlaan 8A","city":"Haarlem","operatorName":"Ubitricity","maxPowerKw":22,"isMegawatt":false,"status":"AVAILABLE","source":"ndw","priceKwh":0.267}},{"type":"Feature","geometry":{"type":"Point","coordinates":[4.655859,52.381214]},"properties":{"type":"charge","layer":"passenger","locationId":"0F480D90-4150-4DB0-8ECE-99C5704C722A","name":"TNLP005925 - Amsterdamsevaart 174, Haarlem","address":"174 Amsterdamsevaart","city":"Haarlem","operatorName":"TotalEnergies","maxPowerKw":13,"isMegawatt":false,"status":"UNAVAILABLE","source":"ndw"}},{"type":"Feature","geometry":{"type":"Point","coordinates":[4.650724,52.366192]},"properties":{"type":"charge","layer":"passenger","locationId":"91228164","name":"50five-S NL 18B02690","address":"Boerhaavelaan 22","city":"Haarlem","operatorName":"50five","maxPowerKw":22,"isMegawatt":false,"status":"UNAVAILABLE","source":"ndw"}},{"type":"Feature","geometry":{"type":"Point","coordinates":[4.659225,52.38441]},"properties":{"type":"charge","layer":"passenger","locationId":"91232012","name":"50five-S NL 19B01462","address":"Jan van Krimpenweg 7","city":"Haarlem","operatorName":"50five","maxPowerKw":11,"isMegawatt":false,"status":"AVAILABLE","source":"ndw"}},{"type":"Feature","geometry":{"type":"Point","coordinates":[4.63925,52.40861]},"properties":{"type":"charge","layer":"passenger","locationId":"20565646-20BB-46C1-A58C-8DA9D2668A01","name":"PP004213 - Plesmanplein 9, Haarlem","address":"9 Plesmanplein","city":"Haarlem","operatorName":"TotalEnergies","maxPowerKw":13,"isMegawatt":false,"status":"UNAVAILABLE","source":"ndw"}},{"type":"Feature","geometry":{"type":"Point","coordinates":[4.603702,52.372066]},"properties":{"type":"charge","layer":"passenger","locationId":"91148979","name":"50five-S NL 17B07605","address":"Wegedoornweg 8","city":"Haarlem","operatorName":"50five","maxPowerKw":11,"isMegawatt":false,"status":"AVAILABLE","source":"ndw"}},{"type":"Feature","geometry":{"type":"Point","coordinates":[4.64917,52.38562]},"properties":{"type":"charge","layer":"passenger","locationId":"509f8a16-65b0-4de2-8d93-545ac5f7d50e","name":"TNLP009405 - Kick Smitweg 7, Haarlem","address":"7 Kick Smitweg","city":"Haarlem","operatorName":"TotalEnergies","maxPowerKw":13,"isMegawatt":false,"status":"AVAILABLE","source":"ndw"}},{"type":"Feature","geometry":{"type":"Point","coordinates":[4.665436,52.375957]},"properties":{"type":"charge","layer":"passenger","locationId":"7F74DB8A-3CD8-4502-956F-D7C4301E31DB","name":"PP005381 - Louis Hartzstraat 31, Haarlem","address":"31 Louis Hartzstraat","city":"Haarlem","operatorName":"TotalEnergies","maxPowerKw":13,"isMegawatt":false,"status":"AVAILABLE","source":"ndw"}},{"type":"Feature","geometry":{"type":"Point","coordinates":[4.611499,52.365417]},"properties":{"type":"charge","layer":"passenger","locationId":"94637FFA-99C5-4636-BB82-0E081FF0A229","name":"TNLP015453 - Grijpensteinweg 8, Haarlem","address":"8 Grijpensteinweg","city":"Haarlem","operatorName":"TotalEnergies","maxPowerKw":17,"isMegawatt":false,"status":"AVAILABLE","source":"ndw"}},{"type":"Feature","geometry":{"type":"Point","coordinates":[4.64631,52.36208]},"properties":{"type":"charge","layer":"passenger","locationId":"9FE92D37-20B0-4BB3-8481-3F9B12A4CEEF","name":"PP004203 - Monacopad 82, Haarlem","address":"82 Monacopad","city":"Haarlem","operatorName":"TotalEnergies","maxPowerKw":15,"isMegawatt":false,"status":"AVAILABLE","source":"ndw"}},{"type":"Feature","geometry":{"type":"Point","coordinates":[4.629755,52.373312]},"properties":{"type":"charge","layer":"passenger","locationId":"1143","name":"50five 1143","address":"Hoge Duin en Daalseweg 31","city":"Bloemendaal","operatorName":"50five","maxPowerKw":4,"isMegawatt":false,"status":"CHARGING","source":"ndw"}},{"type":"Feature","geometry":{"type":"Point","coordinates":[4.656813,52.361126]},"properties":{"type":"charge","layer":"passenger","locationId":"23CFFABD-58E5-4ECC-B50B-AFCF71D454F1","name":"TNLP034012 - Professor Donderslaan 110, Haarlem","address":"110 Professor Donderslaan","city":"Haarlem","operatorName":"TotalEnergies","maxPowerKw":13,"isMegawatt":false,"status":"CHARGING","source":"ndw"}},{"type":"Feature","geometry":{"type":"Point","coordinates":[4.65455,52.41086]},"properties":{"type":"charge","layer":"passenger","locationId":"520","name":"Shell Recharge NL Havikstraat 2","address":"Havikstraat 2","city":"Haarlem","operatorName":"Ubitricity","maxPowerKw":11,"isMegawatt":false,"status":"AVAILABLE","source":"ndw","priceKwh":0.392}},{"type":"Feature","geometry":{"type":"Point","coordinates":[4.64356,52.37673]},"properties":{"type":"charge","layer":"passenger","locationId":"0C6041F6-741C-4B3C-9072-9C590DD88901","name":"TNLP003617 - Haarlemmermeerstraat 2, Haarlem","address":"2 Haarlemmermeerstraat","city":"Haarlem","operatorName":"TotalEnergies","maxPowerKw":17,"isMegawatt":false,"status":"AVAILABLE","source":"ndw"}},{"type":"Feature","geometry":{"type":"Point","coordinates":[4.60693,52.38053]},"properties":{"type":"charge","layer":"passenger","locationId":"432C5A5D-18E7-46C3-9C9B-9A331248BD89","name":"TNLP008377 - Leendert Meeszstraat 74, Haarlem","address":"74 Leendert Meeszstraat","city":"Haarlem","operatorName":"TotalEnergies","maxPowerKw":13,"isMegawatt":false,"status":"UNAVAILABLE","source":"ndw"}},{"type":"Feature","geometry":{"type":"Point","coordinates":[4.62855,52.37452]},"properties":{"type":"charge","layer":"passenger","locationId":"33ED7D9A-6BB4-4147-A2C3-8272D5356E6D","name":"PP004156 - Lorentzplein 34, Haarlem","address":"34 Lorentzplein","city":"Haarlem","operatorName":"TotalEnergies","maxPowerKw":13,"isMegawatt":false,"status":"UNAVAILABLE","source":"ndw"}},{"type":"Feature","geometry":{"type":"Point","coordinates":[4.65789,52.36191]},"properties":{"type":"charge","layer":"passenger","locationId":"08f15c28-d433-4f33-b6ff-ae670c9a2e8e","name":"PP004000 - Alexander Flemingstraat 58, Haarlem","address":"58 Alexander Flemingstraat","city":"Haarlem","operatorName":"TotalEnergies","maxPowerKw":13,"isMegawatt":false,"status":"CHARGING","source":"ndw"}},{"type":"Feature","geometry":{"type":"Point","coordinates":[4.66821,52.386491]},"properties":{"type":"charge","layer":"passenger","locationId":"91110478","name":"50five-S NL 18B13245","address":"Busweg 1","city":"Haarlem","operatorName":"50five","maxPowerKw":19,"isMegawatt":false,"status":"AVAILABLE","source":"ndw"}},{"type":"Feature","geometry":{"type":"Point","coordinates":[4.6267308,52.380602]},"properties":{"type":"charge","layer":"passenger","locationId":"1197","name":"Shell Recharge NL Boterplein 40","address":"Boterplein 40","city":"Haarlem","operatorName":"Ubitricity","maxPowerKw":22,"isMegawatt":false,"status":"AVAILABLE","source":"ndw","priceKwh":0.267}},{"type":"Feature","geometry":{"type":"Point","coordinates":[4.65496,52.34896]},"properties":{"type":"charge","layer":"passenger","locationId":"0591D8DF-8116-4ED3-AC99-B56F1BBE142E","name":"PP005070 - Henckenshagen 24, Haarlem","address":"24 Henckenshagen","city":"Haarlem","operatorName":"TotalEnergies","maxPowerKw":13,"isMegawatt":false,"status":"AVAILABLE","source":"ndw"}},{"type":"Feature","geometry":{"type":"Point","coordinates":[4.6169,52.38446]},"properties":{"type":"charge","layer":"passenger","locationId":"734","name":"Shell Recharge NL Narcisplantsoen 131","address":"Narcisplantsoen 131","city":"Haarlem","operatorName":"Ubitricity","maxPowerKw":11,"isMegawatt":false,"status":"AVAILABLE","source":"ndw","priceKwh":0.392}},{"type":"Feature","geometry":{"type":"Point","coordinates":[4.641277,52.395042]},"properties":{"type":"charge","layer":"passenger","locationId":"0E875E07-508C-4953-8C31-4F91835926CD","name":"TNLP005977 - Schoterweg 158, Haarlem","address":"158 Schoterweg","city":"Haarlem","operatorName":"TotalEnergies","maxPowerKw":13,"isMegawatt":false,"status":"AVAILABLE","source":"ndw"}},{"type":"Feature","geometry":{"type":"Point","coordinates":[4.645628,52.364773]},"properties":{"type":"charge","layer":"passenger","locationId":"2C02AACE-D1A5-4758-BA25-D6B2F6B14AF0","name":"PP005546 - Belgiëlaan 29, Haarlem","address":"29 Belgiëlaan","city":"Haarlem","operatorName":"TotalEnergies","maxPowerKw":13,"isMegawatt":false,"status":"UNAVAILABLE","source":"ndw"}},{"type":"Feature","geometry":{"type":"Point","coordinates":[4.65487,52.37673]},"properties":{"type":"charge","layer":"passenger","locationId":"731","name":"Shell Recharge NL van Zeggelenstraat 18","address":"van Zeggelenstraat 18","city":"Haarlem","operatorName":"Ubitricity","maxPowerKw":11,"isMegawatt":false,"status":"UNAVAILABLE","source":"ndw","priceKwh":0.392}},{"type":"Feature","geometry":{"type":"Point","coordinates":[4.63113,52.39616]},"properties":{"type":"charge","layer":"passenger","locationId":"5ee842d3-6911-4aa2-b8da-4fbbf588db58","name":"PP001021 - Ter Cleeffstraat 137, Haarlem","address":"137 Ter Cleeffstraat","city":"Haarlem","operatorName":"TotalEnergies","maxPowerKw":11,"isMegawatt":false,"status":"UNAVAILABLE","source":"ndw"}},{"type":"Feature","geometry":{"type":"Point","coordinates":[4.6456175,52.3707361]},"properties":{"type":"charge","layer":"passenger","locationId":"1709","name":"Shell Recharge NL Clothildestraat 359","address":"Clothildestraat 359","city":"Haarlem","operatorName":"Ubitricity","maxPowerKw":22,"isMegawatt":false,"status":"AVAILABLE","source":"ndw","priceKwh":0.267}},{"type":"Feature","geometry":{"type":"Point","coordinates":[4.64891,52.39573]},"properties":{"type":"charge","layer":"passenger","locationId":"729","name":"Shell Recharge NL Transvaalstraat 25","address":"Transvaalstraat 25","city":"Haarlem","operatorName":"Ubitricity","maxPowerKw":11,"isMegawatt":false,"status":"AVAILABLE","source":"ndw","priceKwh":0.392}},{"type":"Feature","geometry":{"type":"Point","coordinates":[4.653158,52.367122]},"properties":{"type":"charge","layer":"passenger","locationId":"91229939","name":"50five-S NL 19B02824","address":"Boerhaavelaan 22","city":"Haarlem","operatorName":"50five","maxPowerKw":11,"isMegawatt":false,"status":"AVAILABLE","source":"ndw"}},{"type":"Feature","geometry":{"type":"Point","coordinates":[4.611103,52.37057]},"properties":{"type":"charge","layer":"passenger","locationId":"85898a5ca83f9f47c68720022af91398","name":"Thomsonlaan 41","address":"Thomsonlaan 41","city":"Haarlem","operatorName":"Vattenfall InCharge","maxPowerKw":11,"isMegawatt":false,"status":"AVAILABLE","source":"ndw","priceKwh":0.2805}},{"type":"Feature","geometry":{"type":"Point","coordinates":[4.64473,52.38868]},"properties":{"type":"charge","layer":"passenger","locationId":"381","name":"Shell Recharge NL Kloppersingel 125","address":"Kloppersingel 125","city":"Haarlem","operatorName":"Ubitricity","maxPowerKw":11,"isMegawatt":false,"status":"AVAILABLE","source":"ndw","priceKwh":0.392}},{"type":"Feature","geometry":{"type":"Point","coordinates":[4.62052,52.36803]},"properties":{"type":"charge","layer":"passenger","locationId":"663","name":"Shell Recharge NL Zomerluststraat 2","address":"Zomerluststraat 2","city":"Haarlem","operatorName":"Ubitricity","maxPowerKw":11,"isMegawatt":false,"status":"CHARGING","source":"ndw","priceKwh":0.392}},{"type":"Feature","geometry":{"type":"Point","coordinates":[4.6685,52.37443]},"properties":{"type":"charge","layer":"passenger","locationId":"605","name":"Shell Recharge NL Kartinistraat 6","address":"Kartinistraat 6","city":"Haarlem","operatorName":"Ubitricity","maxPowerKw":11,"isMegawatt":false,"status":"AVAILABLE","source":"ndw","priceKwh":0.392}},{"type":"Feature","geometry":{"type":"Point","coordinates":[4.626966,52.38088]},"properties":{"type":"charge","layer":"passenger","locationId":"760AE57B-D248-4552-884F-EFA29984408F","name":"TNLP009000 - Leidsevaart 50, Haarlem","address":"50 Leidsevaart","city":"Haarlem","operatorName":"TotalEnergies","maxPowerKw":17,"isMegawatt":false,"status":"UNAVAILABLE","source":"ndw"}},{"type":"Feature","geometry":{"type":"Point","coordinates":[4.663214,52.382974]},"properties":{"type":"charge","layer":"passenger","locationId":"E0713BBB-0FEA-4FBF-9C50-625E795E2228","name":"Eneco eMobility Transdev - Haarlem - Jan van Krimpenweg 16","address":"Jan van Krimpenweg 16","city":"Haarlem","operatorName":"Eneco","maxPowerKw":11,"isMegawatt":false,"status":"AVAILABLE","source":"ndw","priceKwh":0.45}},{"type":"Feature","geometry":{"type":"Point","coordinates":[4.65254,52.40769]},"properties":{"type":"charge","layer":"passenger","locationId":"A2352C9F-280A-4666-BB3A-BFB5E871AF5A","name":"PP004202 - Jan Gijzenkade 182, Haarlem","address":"182 Jan Gijzenkade","city":"Haarlem","operatorName":"TotalEnergies","maxPowerKw":13,"isMegawatt":false,"status":"CHARGING","source":"ndw"}},{"type":"Feature","geometry":{"type":"Point","coordinates":[4.62804,52.36998]},"properties":{"type":"charge","layer":"passenger","locationId":"A52B3C11-5B34-434D-BAE9-DCD79A56475C","name":"PP005082 - Meester Lottelaan 301, Haarlem","address":"301 Meester Lottelaan","city":"Haarlem","operatorName":"TotalEnergies","maxPowerKw":15,"isMegawatt":false,"status":"AVAILABLE","source":"ndw"}},{"type":"Feature","geometry":{"type":"Point","coordinates":[4.6065,52.38421]},"properties":{"type":"charge","layer":"passenger","locationId":"32F0694A-6F5D-4100-B339-AEC08FE321BF","name":"PP004168 - Pieter Wantelaan 52, Haarlem","address":"52 Pieter Wantelaan","city":"Haarlem","operatorName":"TotalEnergies","maxPowerKw":13,"isMegawatt":false,"status":"UNAVAILABLE","source":"ndw"}},{"type":"Feature","geometry":{"type":"Point","coordinates":[4.63305,52.38786]},"properties":{"type":"charge","layer":"passenger","locationId":"4F66A727-04F9-403F-B128-84B5ADCD57C9","name":"Eneco eMobility Kenaupark 3 Haarlem","address":"Kenaupark 3","city":"Haarlem","operatorName":"Eneco","maxPowerKw":22,"isMegawatt":false,"status":"AVAILABLE","source":"ndw","priceKwh":0.4}},{"type":"Feature","geometry":{"type":"Point","coordinates":[4.65077,52.41699]},"properties":{"type":"charge","layer":"passenger","locationId":"3B5D9A71-D596-4689-A9A1-96340B74CEE3","name":"TNLP009685 - Jan Luykenstraat 11, Haarlem","address":"11 Jan Luykenstraat","city":"Haarlem","operatorName":"TotalEnergies","maxPowerKw":13,"isMegawatt":false,"status":"AVAILABLE","source":"ndw"}},{"type":"Feature","geometry":{"type":"Point","coordinates":[4.625579,52.396004]},"properties":{"type":"charge","layer":"passenger","locationId":"651B2A4F-F229-4984-AD72-3D88FF5CD4B0","name":"TNLP006580 - Badmintonpad 1, Haarlem","address":"1 Badmintonpad","city":"Haarlem","operatorName":"TotalEnergies","maxPowerKw":15,"isMegawatt":false,"status":"AVAILABLE","source":"ndw"}},{"type":"Feature","geometry":{"type":"Point","coordinates":[4.63291,52.40412]},"properties":{"type":"charge","layer":"passenger","locationId":"A8BC2C08-E556-47BD-AE13-8D3DD33A1F1B","name":"PP004169 - Zaanenlaan 154, Haarlem","address":"154 Zaanenlaan","city":"Haarlem","operatorName":"TotalEnergies","maxPowerKw":13,"isMegawatt":false,"status":"UNAVAILABLE","source":"ndw"}},{"type":"Feature","geometry":{"type":"Point","coordinates":[4.644099,52.368053]},"properties":{"type":"charge","layer":"passenger","locationId":"BEA22A7F-1789-4B8C-BA30-D72C0B3E6175","name":"TNLP009011 - Wijnruiterpad 7, Haarlem","address":"7 Wijnruiterpad","city":"Haarlem","operatorName":"TotalEnergies","maxPowerKw":13,"isMegawatt":false,"status":"UNAVAILABLE","source":"ndw"}},{"type":"Feature","geometry":{"type":"Point","coordinates":[4.646311,52.38085]},"properties":{"type":"charge","layer":"passenger","locationId":"5D270967-0A98-4601-A462-44167478C089","name":"PP005031 - Oostvest 60, Haarlem","address":"60 Oostvest","city":"Haarlem","operatorName":"TotalEnergies","maxPowerKw":13,"isMegawatt":false,"status":"UNAVAILABLE","source":"ndw"}},{"type":"Feature","geometry":{"type":"Point","coordinates":[4.64415,52.41414]},"properties":{"type":"charge","layer":"passenger","locationId":"CA96F8BA-1B06-4F22-945F-71039F813B14","name":"PP004014 - Van Moerkerkenstraat 48, Haarlem","address":"48 Van Moerkerkenstraat","city":"Haarlem","operatorName":"TotalEnergies","maxPowerKw":13,"isMegawatt":false,"status":"AVAILABLE","source":"ndw"}},{"type":"Feature","geometry":{"type":"Point","coordinates":[4.64537,52.371006]},"properties":{"type":"charge","layer":"passenger","locationId":"FBC90B70-7288-4AD1-A033-E7E73A951198","name":"TNLP015255 - Graafschapstraat 82, Haarlem","address":"82 Graafschapstraat","city":"Haarlem","operatorName":"TotalEnergies","maxPowerKw":13,"isMegawatt":false,"status":"CHARGING","source":"ndw"}},{"type":"Feature","geometry":{"type":"Point","coordinates":[4.65038,52.42595]},"properties":{"type":"charge","layer":"passenger","locationId":"93DF1CE5-6F5A-4E58-9A46-D38AA38C0D7A","name":"TNLP008093 - van der Aartweg 31, Haarlem","address":"31 van der Aartweg","city":"Haarlem","operatorName":"TotalEnergies","maxPowerKw":15,"isMegawatt":false,"status":"AVAILABLE","source":"ndw"}},{"type":"Feature","geometry":{"type":"Point","coordinates":[4.651837,52.35293]},"properties":{"type":"charge","layer":"passenger","locationId":"B2CA36C4-DD3B-47C3-81CA-0325AE9761E2","name":"TNLP015440 - Gaasterlandstraat 150, Haarlem","address":"150 Gaasterlandstraat","city":"Haarlem","operatorName":"TotalEnergies","maxPowerKw":17,"isMegawatt":false,"status":"AVAILABLE","source":"ndw"}},{"type":"Feature","geometry":{"type":"Point","coordinates":[4.646137,52.39837]},"properties":{"type":"charge","layer":"passenger","locationId":"23B24440-7F18-4953-BCA6-EEFDCAAB3996","name":"TNLP006117 - Lombokstraat 24, Haarlem","address":"24 Lombokstraat","city":"Haarlem","operatorName":"TotalEnergies","maxPowerKw":13,"isMegawatt":false,"status":"CHARGING","source":"ndw"}},{"type":"Feature","geometry":{"type":"Point","coordinates":[4.631212,52.363415]},"properties":{"type":"charge","layer":"passenger","locationId":"2CE41FFD-2270-4DC3-9838-ACB187A2CA90","name":"TNLP006921 - Prins Mauritslaan 3, Haarlem","address":"3 Prins Mauritslaan","city":"Haarlem","operatorName":"TotalEnergies","maxPowerKw":13,"isMegawatt":false,"status":"CHARGING","source":"ndw"}},{"type":"Feature","geometry":{"type":"Point","coordinates":[4.637986,52.37397]},"properties":{"type":"charge","layer":"passenger","locationId":"DD1CE320-E16A-4451-96F4-560254E7F55F","name":"TNLP005760 - De Keijstraat 5, Haarlem","address":"5 De Keijstraat","city":"Haarlem","operatorName":"TotalEnergies","maxPowerKw":13,"isMegawatt":false,"status":"UNAVAILABLE","source":"ndw"}},{"type":"Feature","geometry":{"type":"Point","coordinates":[4.659218,52.389277]},"properties":{"type":"charge","layer":"passenger","locationId":"64b8db2bfaf7ce001ce4e545","name":"SGNL - eigen terrein -","address":"Claes Tillyweg 2","city":"Haarlem","operatorName":"E-Flux by Road","maxPowerKw":11,"isMegawatt":false,"status":"AVAILABLE","source":"ndw","priceKwh":0.38}},{"type":"Feature","geometry":{"type":"Point","coordinates":[4.6588,52.38781]},"properties":{"type":"charge","layer":"passenger","locationId":"88945207","name":"Van Leeuwen 88945207","address":"Nijverheidsweg 23","city":"Haarlem","operatorName":"Van Leeuwen","maxPowerKw":22,"isMegawatt":false,"status":"AVAILABLE","source":"ndw"}},{"type":"Feature","geometry":{"type":"Point","coordinates":[4.617507,52.3839]},"properties":{"type":"charge","layer":"passenger","locationId":"d3519592-4443-4c16-88ce-a15442120aec","name":"Houtmankade","address":"Houtmankade 29","city":"Haarlem","operatorName":"Vattenfall InCharge","maxPowerKw":11,"isMegawatt":false,"status":"UNAVAILABLE","source":"ndw","priceKwh":0.4316}},{"type":"Feature","geometry":{"type":"Point","coordinates":[4.603758,52.38339]},"properties":{"type":"charge","layer":"passenger","locationId":"d9fb6291-4403-4bb1-be68-0cd78bb9f203","name":"TNLP008065 - Ramplaan 44, Haarlem","address":"44 Ramplaan","city":"Haarlem","operatorName":"TotalEnergies","maxPowerKw":13,"isMegawatt":false,"status":"AVAILABLE","source":"ndw"}},{"type":"Feature","geometry":{"type":"Point","coordinates":[4.658604,52.421738]},"properties":{"type":"charge","layer":"passenger","locationId":"19FF4A53-4907-4835-ACCC-F450621C58DD","name":"TNLP007571 - Vergierdeweg 271, Haarlem","address":"271 Vergierdeweg","city":"Haarlem","operatorName":"TotalEnergies","maxPowerKw":15,"isMegawatt":false,"status":"AVAILABLE","source":"ndw"}},{"type":"Feature","geometry":{"type":"Point","coordinates":[4.63415,52.37529]},"properties":{"type":"charge","layer":"passenger","locationId":"92AEB489-3005-4523-B64F-692B25A11F1F","name":"PP004042 - Zadelmakerslaan 130, Haarlem","address":"130 Zadelmakerslaan","city":"Haarlem","operatorName":"TotalEnergies","maxPowerKw":13,"isMegawatt":false,"status":"UNAVAILABLE","source":"ndw"}},{"type":"Feature","geometry":{"type":"Point","coordinates":[4.663083,52.378442]},"properties":{"type":"charge","layer":"passenger","locationId":"ff796af8723e641634edf8c91417382e","name":"Pr. Beatrixplein 14","address":"Pr. Beatrixplein 14","city":"Haarlem","operatorName":"Vattenfall InCharge","maxPowerKw":11,"isMegawatt":false,"status":"CHARGING","source":"ndw","priceKwh":0.2805}},{"type":"Feature","geometry":{"type":"Point","coordinates":[4.633538,52.374027]},"properties":{"type":"charge","layer":"passenger","locationId":"5CAF35F2-1219-477A-B0AB-3A7B14082A97","name":"TNLP006016 - Baan 41, Haarlem","address":"41 Baan","city":"Haarlem","operatorName":"TotalEnergies","maxPowerKw":13,"isMegawatt":false,"status":"UNAVAILABLE","source":"ndw"}},{"type":"Feature","geometry":{"type":"Point","coordinates":[4.627581,52.371286]},"properties":{"type":"charge","layer":"passenger","locationId":"91086659","name":"50five-S NL 17B02777","address":"Floraplein 22","city":"Haarlem","operatorName":"50five","maxPowerKw":12,"isMegawatt":false,"status":"AVAILABLE","source":"ndw"}},{"type":"Feature","geometry":{"type":"Point","coordinates":[4.612143,52.367725]},"properties":{"type":"charge","layer":"passenger","locationId":"AD68AB73-F62A-4119-8BD7-3F3902332B8E","name":"TNLP007209 - Einsteinstraat 4, Haarlem","address":"4 Einsteinstraat","city":"Haarlem","operatorName":"TotalEnergies","maxPowerKw":13,"isMegawatt":false,"status":"AVAILABLE","source":"ndw"}},{"type":"Feature","geometry":{"type":"Point","coordinates":[4.6408,52.38977]},"properties":{"type":"charge","layer":"passenger","locationId":"74ADADA3-8E5A-4F21-9D1C-999C81EA0698","name":"TNLP008293 - Kloppersingel 1, Haarlem","address":"1 Kloppersingel","city":"Haarlem","operatorName":"TotalEnergies","maxPowerKw":13,"isMegawatt":false,"status":"AVAILABLE","source":"ndw"}},{"type":"Feature","geometry":{"type":"Point","coordinates":[4.65,52.41802]},"properties":{"type":"charge","layer":"passenger","locationId":"0299b43f-c8ef-4def-9078-3d5d8567a1ec","name":"PP001648 - Muiderkring 1, Haarlem","address":"1 Muiderkring","city":"Haarlem","operatorName":"TotalEnergies","maxPowerKw":11,"isMegawatt":false,"status":"AVAILABLE","source":"ndw"}},{"type":"Feature","geometry":{"type":"Point","coordinates":[4.671212,52.381054]},"properties":{"type":"charge","layer":"passenger","locationId":"25D85AA8-373A-4D9F-BBD3-34BFB0544CB9","name":"TNLP006841 - Diakenhuisweg 194, Haarlem","address":"194 Diakenhuisweg","city":"Haarlem","operatorName":"TotalEnergies","maxPowerKw":15,"isMegawatt":false,"status":"AVAILABLE","source":"ndw"}},{"type":"Feature","geometry":{"type":"Point","coordinates":[4.6576971,52.3800612]},"properties":{"type":"charge","layer":"passenger","locationId":"1045","name":"Shell Recharge NL J. Craandijkstraat 18","address":"J. Craandijkstraat 18","city":"Haarlem","operatorName":"Ubitricity","maxPowerKw":22,"isMegawatt":false,"status":"AVAILABLE","source":"ndw","priceKwh":0.267}},{"type":"Feature","geometry":{"type":"Point","coordinates":[4.644189,52.381676]},"properties":{"type":"charge","layer":"passenger","locationId":"327DC06E-4BFE-44A9-A4A0-8991E776B4E5","name":"TNLP006258 - Koudenhorn 76, Haarlem","address":"76 Koudenhorn","city":"Haarlem","operatorName":"TotalEnergies","maxPowerKw":13,"isMegawatt":false,"status":"UNAVAILABLE","source":"ndw"}},{"type":"Feature","geometry":{"type":"Point","coordinates":[4.623542,52.376408]},"properties":{"type":"charge","layer":"passenger","locationId":"86A88ED4-3D1A-4F30-93C9-F186E52F46F4","name":"TNLP015043 - Noorder Emmakade 23a, Haarlem","address":"23a Noorder Emmakade","city":"Haarlem","operatorName":"TotalEnergies","maxPowerKw":13,"isMegawatt":false,"status":"AVAILABLE","source":"ndw"}},{"type":"Feature","geometry":{"type":"Point","coordinates":[4.643358,52.403248]},"properties":{"type":"charge","layer":"passenger","locationId":"BE388173-C2FA-4115-9575-65C7324ACF38","name":"TNLP007206 - Middenweg 81, Haarlem","address":"81 Middenweg","city":"Haarlem","operatorName":"TotalEnergies","maxPowerKw":13,"isMegawatt":false,"status":"UNAVAILABLE","source":"ndw"}},{"type":"Feature","geometry":{"type":"Point","coordinates":[4.6423021,52.3938055]},"properties":{"type":"charge","layer":"passenger","locationId":"1038","name":"Shell Recharge NL Generaal Bothastraat 45","address":"Generaal Bothastraat 45","city":"Haarlem","operatorName":"Ubitricity","maxPowerKw":22,"isMegawatt":false,"status":"AVAILABLE","source":"ndw","priceKwh":0.267}},{"type":"Feature","geometry":{"type":"Point","coordinates":[4.61847,52.38244]},"properties":{"type":"charge","layer":"passenger","locationId":"68074C80-D2DF-4849-B850-BF1A38AD1098","name":"PP004106 - Koppestokstraat 39, Haarlem","address":"39 Koppestokstraat","city":"Haarlem","operatorName":"TotalEnergies","maxPowerKw":13,"isMegawatt":false,"status":"CHARGING","source":"ndw"}},{"type":"Feature","geometry":{"type":"Point","coordinates":[4.651331,52.385368]},"properties":{"type":"charge","layer":"passenger","locationId":"7d71421303e8a25a869cfdf5590729f8","name":"Wim van Eststraat 29","address":"Wim van Eststraat 29","city":"Haarlem","operatorName":"Vattenfall InCharge","maxPowerKw":11,"isMegawatt":false,"status":"AVAILABLE","source":"ndw","priceKwh":0.2805}},{"type":"Feature","geometry":{"type":"Point","coordinates":[4.64381,52.3566]},"properties":{"type":"charge","layer":"passenger","locationId":"1495","name":"Shell Recharge NL Engelandlaan 1242","address":"Engelandlaan 1242","city":"Haarlem","operatorName":"Ubitricity","maxPowerKw":11,"isMegawatt":false,"status":"AVAILABLE","source":"ndw","priceKwh":0.392}},{"type":"Feature","geometry":{"type":"Point","coordinates":[4.607339,52.384933]},"properties":{"type":"charge","layer":"passenger","locationId":"E23F6D8E-E424-4593-8585-EA02329940E3","name":"TNLP007196 - Lambrecht van Dalelaan 70, Haarlem","address":"70 Lambrecht van Dalelaan","city":"Haarlem","operatorName":"TotalEnergies","maxPowerKw":13,"isMegawatt":false,"status":"AVAILABLE","source":"ndw"}},{"type":"Feature","geometry":{"type":"Point","coordinates":[4.639083,52.37632]},"properties":{"type":"charge","layer":"passenger","locationId":"91097699","name":"50five-S NL 03003213","address":"petrus planciusstraat 14","city":"Haarlem","operatorName":"50five","maxPowerKw":7,"isMegawatt":false,"status":"AVAILABLE","source":"ndw"}},{"type":"Feature","geometry":{"type":"Point","coordinates":[4.645029,52.383518]},"properties":{"type":"charge","layer":"passenger","locationId":"500e5b3a24a14be48366","name":"De Koepel Haarlem","address":"Harmenjansweg 4","city":"Haarlem","operatorName":"Opcharge","maxPowerKw":22,"isMegawatt":false,"status":"AVAILABLE","source":"ndw","priceKwh":0.49}},{"type":"Feature","geometry":{"type":"Point","coordinates":[4.620922,52.381977]},"properties":{"type":"charge","layer":"passenger","locationId":"90086784-26fa-4b47-882e-44b1a01b07dc","name":"TNLP007416 - Brouwersplein 19, Haarlem","address":"19 Brouwersplein","city":"Haarlem","operatorName":"TotalEnergies","maxPowerKw":13,"isMegawatt":false,"status":"AVAILABLE","source":"ndw"}},{"type":"Feature","geometry":{"type":"Point","coordinates":[4.64596,52.37524]},"properties":{"type":"charge","layer":"passenger","locationId":"fd92c862-3eb1-480b-b716-7844feb562a6","name":"PP001458 - Patriarchstraat 17, Haarlem","address":"17 Patriarchstraat","city":"Haarlem","operatorName":"TotalEnergies","maxPowerKw":11,"isMegawatt":false,"status":"AVAILABLE","source":"ndw"}},{"type":"Feature","geometry":{"type":"Point","coordinates":[4.62841,52.37975]},"properties":{"type":"charge","layer":"passenger","locationId":"dd9580d6-8933-4f4f-a33e-de96f9574b54","name":"PP002165 - Oude Zijlvest 49, Haarlem","address":"49 Oude Zijlvest","city":"Haarlem","operatorName":"TotalEnergies","maxPowerKw":11,"isMegawatt":false,"status":"AVAILABLE","source":"ndw"}},{"type":"Feature","geometry":{"type":"Point","coordinates":[4.666962,52.386353]},"properties":{"type":"charge","layer":"passenger","locationId":"3966747","name":"Laadnet DNP Imagingcomm Europe","address":"Oudeweg 42","city":"Haarlem","operatorName":"Laadnet","maxPowerKw":22,"isMegawatt":false,"status":"AVAILABLE","source":"ndw"}},{"type":"Feature","geometry":{"type":"Point","coordinates":[4.644253,52.373528]},"properties":{"type":"charge","layer":"passenger","locationId":"D17ECEB6-62A7-479B-B4F7-56820ABD37DF","name":"PP005037 - Slachthuisstraat 12, Haarlem","address":"12 Slachthuisstraat","city":"Haarlem","operatorName":"TotalEnergies","maxPowerKw":13,"isMegawatt":false,"status":"UNAVAILABLE","source":"ndw"}},{"type":"Feature","geometry":{"type":"Point","coordinates":[4.66007,52.366142]},"properties":{"type":"charge","layer":"passenger","locationId":"100D250C-B3DF-4D1E-BAC4-7063AD9B1FA8","name":"TNLP009296 - Ledeboerstraat 3, Haarlem","address":"3 Ledeboerstraat","city":"Haarlem","operatorName":"TotalEnergies","maxPowerKw":13,"isMegawatt":false,"status":"UNAVAILABLE","source":"ndw"}},{"type":"Feature","geometry":{"type":"Point","coordinates":[4.625233,52.370476]},"properties":{"type":"charge","layer":"passenger","locationId":"DA03C76D-A348-4BA7-B112-E8209080B0B9","name":"TNLP005921 - Diaconessenplein 12, Haarlem","address":"12 Diaconessenplein","city":"Haarlem","operatorName":"TotalEnergies","maxPowerKw":13,"isMegawatt":false,"status":"AVAILABLE","source":"ndw"}},{"type":"Feature","geometry":{"type":"Point","coordinates":[4.641808,52.401809]},"properties":{"type":"charge","layer":"passenger","locationId":"9d2439ad-db14-4340-8f9d-563299e43bf0","name":"Orionweg","address":"Orionweg 14","city":"Haarlem","operatorName":"Vattenfall InCharge","maxPowerKw":11,"isMegawatt":false,"status":"UNAVAILABLE","source":"ndw","priceKwh":0.4316}},{"type":"Feature","geometry":{"type":"Point","coordinates":[4.63381,52.38758]},"properties":{"type":"charge","layer":"passenger","locationId":"713","name":"Shell Recharge NL Kenaupark 7","address":"Kenaupark 7","city":"Haarlem","operatorName":"Ubitricity","maxPowerKw":11,"isMegawatt":false,"status":"AVAILABLE","source":"ndw","priceKwh":0.392}},{"type":"Feature","geometry":{"type":"Point","coordinates":[4.652343,52.366516]},"properties":{"type":"charge","layer":"passenger","locationId":"91229227","name":"50five-S NL 08000953","address":"Boerhaavelaan 22","city":"Haarlem","operatorName":"50five","maxPowerKw":21,"isMegawatt":false,"status":"UNAVAILABLE","source":"ndw"}},{"type":"Feature","geometry":{"type":"Point","coordinates":[4.650336,52.366647]},"properties":{"type":"charge","layer":"passenger","locationId":"91232958","name":"50five-S NL 09001637","address":"Boerhaavelaan 22","city":"Haarlem","operatorName":"50five","maxPowerKw":22,"isMegawatt":false,"status":"AVAILABLE","source":"ndw"}},{"type":"Feature","geometry":{"type":"Point","coordinates":[4.65511,52.41793]},"properties":{"type":"charge","layer":"passenger","locationId":"A433500C-68E7-49CA-97FE-3CC36EAA225D","name":"PP002509 - Muiderslotweg 162, Haarlem","address":"162 Muiderslotweg","city":"Haarlem","operatorName":"TotalEnergies","maxPowerKw":13,"isMegawatt":false,"status":"UNAVAILABLE","source":"ndw"}},{"type":"Feature","geometry":{"type":"Point","coordinates":[4.65095,52.422769]},"properties":{"type":"charge","layer":"passenger","locationId":"91231211","name":"50five-S NL 18B02579","address":"Vondelweg 999","city":"Haarlem","operatorName":"50five","maxPowerKw":21,"isMegawatt":false,"status":"AVAILABLE","source":"ndw"}},{"type":"Feature","geometry":{"type":"Point","coordinates":[4.643207,52.375376]},"properties":{"type":"charge","layer":"passenger","locationId":"91314795","name":"50five-S NL Location","address":"Schalkwijkerstraat 13C","city":"Haarlem","operatorName":"50five","maxPowerKw":11,"isMegawatt":false,"status":"AVAILABLE","source":"ndw"}},{"type":"Feature","geometry":{"type":"Point","coordinates":[4.625854,52.375786]},"properties":{"type":"charge","layer":"passenger","locationId":"91064056","name":"50five-S NL 07108906","address":"Tempeliersstraat 8","city":"Haarlem","operatorName":"50five","maxPowerKw":14,"isMegawatt":false,"status":"AVAILABLE","source":"ndw"}},{"type":"Feature","geometry":{"type":"Point","coordinates":[4.62012,52.38676]},"properties":{"type":"charge","layer":"passenger","locationId":"3a17cee6bd03e4e7bd6902eadbeca7da","name":"Emmalaan 2","address":"Emmalaan 2","city":"Haarlem","operatorName":"Vattenfall InCharge","maxPowerKw":11,"isMegawatt":false,"status":"AVAILABLE","source":"ndw","priceKwh":0.2805}},{"type":"Feature","geometry":{"type":"Point","coordinates":[4.64116,52.38404]},"properties":{"type":"charge","layer":"passenger","locationId":"40627402-600D-412A-B3E8-02DA9C72348C","name":"TNLP003658 - Koudenhorn 2, Haarlem","address":"2 Koudenhorn","city":"Haarlem","operatorName":"TotalEnergies","maxPowerKw":17,"isMegawatt":false,"status":"CHARGING","source":"ndw"}},{"type":"Feature","geometry":{"type":"Point","coordinates":[4.633883,52.390044]},"properties":{"type":"charge","layer":"passenger","locationId":"91094162","name":"50five-S NL 03013081","address":"Schotersingel 89","city":"Haarlem","operatorName":"50five","maxPowerKw":11,"isMegawatt":false,"status":"CHARGING","source":"ndw"}},{"type":"Feature","geometry":{"type":"Point","coordinates":[4.621266,52.368843]},"properties":{"type":"charge","layer":"passenger","locationId":"F2DCBBF2-C597-462A-B4C1-8B05CD2A150B","name":"TNLP006190 - Wagenweg 188, Haarlem","address":"188 Wagenweg","city":"Haarlem","operatorName":"TotalEnergies","maxPowerKw":13,"isMegawatt":false,"status":"UNAVAILABLE","source":"ndw"}},{"type":"Feature","geometry":{"type":"Point","coordinates":[4.655841,52.419308]},"properties":{"type":"charge","layer":"passenger","locationId":"D6A88FE0-8CAA-442F-AEBC-52B2355BD34F","name":"TNLP008081 - Vergierdeweg 249, Haarlem","address":"249 Vergierdeweg","city":"Haarlem","operatorName":"TotalEnergies","maxPowerKw":13,"isMegawatt":false,"status":"CHARGING","source":"ndw"}},{"type":"Feature","geometry":{"type":"Point","coordinates":[4.636973,52.373363]},"properties":{"type":"charge","layer":"passenger","locationId":"8AB45A17-D9CC-4049-BFE8-A7FD17FF39FA","name":"TNLP007761 - Bakkerstraat 2, Haarlem","address":"2 Bakkerstraat","city":"Haarlem","operatorName":"TotalEnergies","maxPowerKw":13,"isMegawatt":false,"status":"UNAVAILABLE","source":"ndw"}},{"type":"Feature","geometry":{"type":"Point","coordinates":[4.672548,52.378956]},"properties":{"type":"charge","layer":"passenger","locationId":"6A92DA72-4CED-4598-B2CA-88BB64D0E3C9","name":"TNLP007259 - Amnesty Internationalweg 39, Haarlem","address":"39 Amnesty Internationalweg","city":"Haarlem","operatorName":"TotalEnergies","maxPowerKw":13,"isMegawatt":false,"status":"AVAILABLE","source":"ndw"}},{"type":"Feature","geometry":{"type":"Point","coordinates":[4.659109,52.397941]},"properties":{"type":"charge","layer":"passenger","locationId":"56270787","name":"50five New Star / Engeman","address":"Wateringweg 62/B","city":"Haarlem","operatorName":"50five","maxPowerKw":11,"isMegawatt":false,"status":"AVAILABLE","source":"ndw"}},{"type":"Feature","geometry":{"type":"Point","coordinates":[4.64692,52.40124]},"properties":{"type":"charge","layer":"passenger","locationId":"692","name":"Shell Recharge NL Zaanenstraat 19","address":"Zaanenstraat 19","city":"Haarlem","operatorName":"Ubitricity","maxPowerKw":11,"isMegawatt":false,"status":"AVAILABLE","source":"ndw","priceKwh":0.392}},{"type":"Feature","geometry":{"type":"Point","coordinates":[4.60321,52.380718]},"properties":{"type":"charge","layer":"passenger","locationId":"91086812","name":"50five-S NL ICUCOMPACT000499","address":"Ramplaan 111","city":"Haarlem","operatorName":"50five","maxPowerKw":4,"isMegawatt":false,"status":"UNAVAILABLE","source":"ndw"}},{"type":"Feature","geometry":{"type":"Point","coordinates":[4.629467,52.38534]},"properties":{"type":"charge","layer":"passenger","locationId":"7126dcb7-3ff2-41b5-834f-7a648870a1ae","name":"TNLP009091 - Garenkokerskade 66, Haarlem","address":"66 Garenkokerskade","city":"Haarlem","operatorName":"TotalEnergies","maxPowerKw":13,"isMegawatt":false,"status":"AVAILABLE","source":"ndw"}},{"type":"Feature","geometry":{"type":"Point","coordinates":[4.654679,52.38014]},"properties":{"type":"charge","layer":"passenger","locationId":"d7877fe1-944e-4142-9724-eeef4184651f","name":"TNLP007969 - Teding van Berkhoutstraat 43, Haarlem","address":"43 Teding van Berkhoutstraat","city":"Haarlem","operatorName":"TotalEnergies","maxPowerKw":13,"isMegawatt":false,"status":"CHARGING","source":"ndw"}},{"type":"Feature","geometry":{"type":"Point","coordinates":[4.62627,52.39446]},"properties":{"type":"charge","layer":"passenger","locationId":"B2B75DC8-7184-45FB-9978-B45C14BD7218","name":"TNLP007113 - Meester Cornelisstraat 130, Haarlem","address":"130 Meester Cornelisstraat","city":"Haarlem","operatorName":"TotalEnergies","maxPowerKw":13,"isMegawatt":false,"status":"AVAILABLE","source":"ndw"}},{"type":"Feature","geometry":{"type":"Point","coordinates":[4.664428,52.399329]},"properties":{"type":"charge","layer":"passenger","locationId":"75228473","name":"Van Leeuwen 75228473","address":"Watze Hilariusweg 6","city":"Haarlem","operatorName":"Van Leeuwen","maxPowerKw":22,"isMegawatt":false,"status":"AVAILABLE","source":"ndw"}},{"type":"Feature","geometry":{"type":"Point","coordinates":[4.6561,52.41566]},"properties":{"type":"charge","layer":"passenger","locationId":"360","name":"Shell Recharge NL Gijsbrecht van Amstelstraat 227","address":"Gijsbrecht van Amstelstraat 227","city":"Haarlem","operatorName":"Ubitricity","maxPowerKw":11,"isMegawatt":false,"status":"AVAILABLE","source":"ndw","priceKwh":0.392}},{"type":"Feature","geometry":{"type":"Point","coordinates":[4.670209,52.386428]},"properties":{"type":"charge","layer":"passenger","locationId":"91107194","name":"50five-S NL 18B05441","address":"Swensweg 5","city":"Haarlem","operatorName":"50five","maxPowerKw":19,"isMegawatt":false,"status":"AVAILABLE","source":"ndw"}},{"type":"Feature","geometry":{"type":"Point","coordinates":[4.65568,52.41447]},"properties":{"type":"charge","layer":"passenger","locationId":"704","name":"Shell Recharge NL Eksterlaan 234","address":"Eksterlaan 234","city":"Haarlem","operatorName":"Ubitricity","maxPowerKw":11,"isMegawatt":false,"status":"AVAILABLE","source":"ndw","priceKwh":0.392}},{"type":"Feature","geometry":{"type":"Point","coordinates":[4.632608,52.403236]},"properties":{"type":"charge","layer":"passenger","locationId":"1274450A-2B34-474D-8BBA-5E1CF0AC1C23","name":"TNLP007101 - Wilgenstraat 116, Haarlem","address":"116 Wilgenstraat","city":"Haarlem","operatorName":"TotalEnergies","maxPowerKw":13,"isMegawatt":false,"status":"UNAVAILABLE","source":"ndw"}},{"type":"Feature","geometry":{"type":"Point","coordinates":[4.633769,52.393963]},"properties":{"type":"charge","layer":"passenger","locationId":"6C6EDE9A-3C1D-4D4A-94A9-880B2D4C522F","name":"PP004102 - Gerrit van Heesstraat 18, Haarlem","address":"18 Gerrit van Heesstraat","city":"Haarlem","operatorName":"TotalEnergies","maxPowerKw":13,"isMegawatt":false,"status":"UNAVAILABLE","source":"ndw"}},{"type":"Feature","geometry":{"type":"Point","coordinates":[4.633238,52.391662]},"properties":{"type":"charge","layer":"passenger","locationId":"91276200","name":"50five-S NL 08102176","address":"Mauveplein 26","city":"Haarlem","operatorName":"50five","maxPowerKw":11,"isMegawatt":false,"status":"AVAILABLE","source":"ndw"}},{"type":"Feature","geometry":{"type":"Point","coordinates":[4.64514,52.3984]},"properties":{"type":"charge","layer":"passenger","locationId":"D012F627-B25B-43D2-9FC1-BAC63E31903D","name":"Eneco eMobility Albert Heijn - Soendaplein 18","address":"Soendaplein 18","city":"Haarlem","operatorName":"Eneco","maxPowerKw":150,"isMegawatt":false,"status":"AVAILABLE","source":"ndw","priceKwh":0.62}},{"type":"Feature","geometry":{"type":"Point","coordinates":[4.66438,52.386356]},"properties":{"type":"charge","layer":"passenger","locationId":"NLCPIL7158735","name":"FOURCE BV HAARLEM 1","address":"145 Oudeweg","city":"Haarlem","operatorName":"ChargePoint","maxPowerKw":22,"isMegawatt":false,"status":"AVAILABLE","source":"ndw","priceKwh":0.5}},{"type":"Feature","geometry":{"type":"Point","coordinates":[4.6453,52.38361]},"properties":{"type":"charge","layer":"passenger","locationId":"61e6e3f5d8d54841f9635503","name":"De Koepel Haarlem","address":"Harmenjansweg 4","city":"Haarlem","operatorName":"E-Flux by Road","maxPowerKw":22,"isMegawatt":false,"status":"UNAVAILABLE","source":"ndw"}},{"type":"Feature","geometry":{"type":"Point","coordinates":[4.64964,52.37108]},"properties":{"type":"charge","layer":"passenger","locationId":"698","name":"Shell Recharge NL Hannie Schaftstraat 46","address":"Hannie Schaftstraat 46","city":"Haarlem","operatorName":"Ubitricity","maxPowerKw":11,"isMegawatt":false,"status":"AVAILABLE","source":"ndw","priceKwh":0.392}},{"type":"Feature","geometry":{"type":"Point","coordinates":[4.653442,52.39204]},"properties":{"type":"charge","layer":"passenger","locationId":"3400D3DA-5746-4349-A289-8C4EEB3ED167","name":"TNLP008850 - Kuppersweg 18, Haarlem","address":"18 Kuppersweg","city":"Haarlem","operatorName":"TotalEnergies","maxPowerKw":14,"isMegawatt":false,"status":"AVAILABLE","source":"ndw"}},{"type":"Feature","geometry":{"type":"Point","coordinates":[4.65909,52.35766]},"properties":{"type":"charge","layer":"passenger","locationId":"49E5EF5B-F876-4A2F-9D03-C9F18BBAB5D8","name":"PP004211 - Stresemannlaan 19, Haarlem","address":"19 Stresemannlaan","city":"Haarlem","operatorName":"TotalEnergies","maxPowerKw":13,"isMegawatt":false,"status":"UNAVAILABLE","source":"ndw"}},{"type":"Feature","geometry":{"type":"Point","coordinates":[4.61328,52.36928]},"properties":{"type":"charge","layer":"passenger","locationId":"715","name":"Shell Recharge NL Stephensonstraat 39","address":"Stephensonstraat 39","city":"Haarlem","operatorName":"Ubitricity","maxPowerKw":11,"isMegawatt":false,"status":"CHARGING","source":"ndw","priceKwh":0.392}},{"type":"Feature","geometry":{"type":"Point","coordinates":[4.608105,52.36659]},"properties":{"type":"charge","layer":"passenger","locationId":"E448CCB6-B57E-46BB-8956-1909FC4A0905","name":"TNLP006246 - Van Leeuwenhoekstraat 5, Haarlem","address":"5 Van Leeuwenhoekstraat","city":"Haarlem","operatorName":"TotalEnergies","maxPowerKw":13,"isMegawatt":false,"status":"UNAVAILABLE","source":"ndw"}},{"type":"Feature","geometry":{"type":"Point","coordinates":[4.6615631,52.3550853]},"properties":{"type":"charge","layer":"passenger","locationId":"1406","name":"Shell Recharge NL William Boothstraat 225","address":"William Boothstraat 225","city":"Haarlem","operatorName":"Ubitricity","maxPowerKw":22,"isMegawatt":false,"status":"CHARGING","source":"ndw","priceKwh":0.267}},{"type":"Feature","geometry":{"type":"Point","coordinates":[4.619253,52.3818648]},"properties":{"type":"charge","layer":"passenger","locationId":"1044","name":"Shell Recharge NL Olycanstraat 54","address":"Olycanstraat 54","city":"Haarlem","operatorName":"Ubitricity","maxPowerKw":22,"isMegawatt":false,"status":"CHARGING","source":"ndw","priceKwh":0.267}},{"type":"Feature","geometry":{"type":"Point","coordinates":[4.628839,52.399711]},"properties":{"type":"charge","layer":"passenger","locationId":"91097193","name":"50five-S NL 07141611","address":"Delftlaan 23","city":"Haarlem","operatorName":"50five","maxPowerKw":11,"isMegawatt":false,"status":"AVAILABLE","source":"ndw"}},{"type":"Feature","geometry":{"type":"Point","coordinates":[4.64378,52.40746]},"properties":{"type":"charge","layer":"passenger","locationId":"8B55003B-18FB-484E-8892-4E277C75976E","name":"PP004032 - Planetenlaan 13, Haarlem","address":"13 Planetenlaan","city":"Haarlem","operatorName":"TotalEnergies","maxPowerKw":13,"isMegawatt":false,"status":"UNAVAILABLE","source":"ndw"}},{"type":"Feature","geometry":{"type":"Point","coordinates":[4.657926,52.35685]},"properties":{"type":"charge","layer":"passenger","locationId":"E5B2FF07-70C0-4E61-B067-EC3EE94D72F1","name":"TNLP006354 - Jan van Zutphenstraat 28, Haarlem","address":"28 Jan van Zutphenstraat","city":"Haarlem","operatorName":"TotalEnergies","maxPowerKw":13,"isMegawatt":false,"status":"UNAVAILABLE","source":"ndw"}},{"type":"Feature","geometry":{"type":"Point","coordinates":[4.65015,52.41148]},"properties":{"type":"charge","layer":"passenger","locationId":"D14B8B9D-7DE2-4AE4-900C-E09C10F6CA95","name":"PP004020 - Hunzestraat 24, Haarlem","address":"24 Hunzestraat","city":"Haarlem","operatorName":"TotalEnergies","maxPowerKw":13,"isMegawatt":false,"status":"UNAVAILABLE","source":"ndw"}},{"type":"Feature","geometry":{"type":"Point","coordinates":[4.64773,52.39392]},"properties":{"type":"charge","layer":"passenger","locationId":"0499A184-4219-46BB-936E-A52DC1D8CE76","name":"PP004329 - Gedempte Schalkburgergracht 42, Haarlem","address":"42 Gedempte Schalkburgergracht","city":"Haarlem","operatorName":"TotalEnergies","maxPowerKw":13,"isMegawatt":false,"status":"UNAVAILABLE","source":"ndw"}},{"type":"Feature","geometry":{"type":"Point","coordinates":[4.64922,52.41535]},"properties":{"type":"charge","layer":"passenger","locationId":"58D7ED2B-2E17-4BAB-8F76-385136CD40E0","name":"TNLP003603 - Waalstraat 6, Haarlem","address":"6 Waalstraat","city":"Haarlem","operatorName":"TotalEnergies","maxPowerKw":17,"isMegawatt":false,"status":"AVAILABLE","source":"ndw"}},{"type":"Feature","geometry":{"type":"Point","coordinates":[4.64495,52.39231]},"properties":{"type":"charge","layer":"passenger","locationId":"dc819cf4-9ffa-4b55-a2df-87c606d04a34","name":"Laadplein - PP004315 - Paul Krugerkade 19, Haarlem","address":"19 Paul Krugerkade","city":"Haarlem","operatorName":"TotalEnergies","maxPowerKw":15,"isMegawatt":false,"status":"AVAILABLE","source":"ndw"}},{"type":"Feature","geometry":{"type":"Point","coordinates":[4.61611,52.379803]},"properties":{"type":"charge","layer":"passenger","locationId":"BBA0766C-0255-4922-962B-4D1C3376A3AA","name":"TNLP009204 - De Ruijterweg 15, Haarlem","address":"15 De Ruijterweg","city":"Haarlem","operatorName":"TotalEnergies","maxPowerKw":13,"isMegawatt":false,"status":"AVAILABLE","source":"ndw"}},{"type":"Feature","geometry":{"type":"Point","coordinates":[4.661823,52.395205]},"properties":{"type":"charge","layer":"passenger","locationId":"67B72381-0C18-493B-819C-C6C850ABF352","name":"Eneco eMobility Transdev - Haarlem - Waarderweg 48","address":"Waarderweg 48","city":"Haarlem","operatorName":"Eneco","maxPowerKw":11,"isMegawatt":false,"status":"AVAILABLE","source":"ndw","priceKwh":0.45}},{"type":"Feature","geometry":{"type":"Point","coordinates":[4.64324,52.3819]},"properties":{"type":"charge","layer":"passenger","locationId":"745","name":"Shell Recharge NL Koudenhorn 64","address":"Koudenhorn 64","city":"Haarlem","operatorName":"Ubitricity","maxPowerKw":11,"isMegawatt":false,"status":"AVAILABLE","source":"ndw","priceKwh":0.392}},{"type":"Feature","geometry":{"type":"Point","coordinates":[4.62683,52.371]},"properties":{"type":"charge","layer":"passenger","locationId":"C52E0FAE-6D8F-4CE8-83B1-61B3BC9F0AEA","name":"TNLP008365 - Hazepaterslaan 18, Haarlem","address":"18 Hazepaterslaan","city":"Haarlem","operatorName":"TotalEnergies","maxPowerKw":13,"isMegawatt":false,"status":"AVAILABLE","source":"ndw"}},{"type":"Feature","geometry":{"type":"Point","coordinates":[4.645206,52.384154]},"properties":{"type":"charge","layer":"passenger","locationId":"91230003","name":"50five-S NL 08002650","address":"Kaapstanderstraat 1a","city":"Haarlem","operatorName":"50five","maxPowerKw":11,"isMegawatt":false,"status":"AVAILABLE","source":"ndw"}},{"type":"Feature","geometry":{"type":"Point","coordinates":[4.634974,52.361861]},"properties":{"type":"charge","layer":"passenger","locationId":"2554","name":"50five 2554","address":"Crayenesterlaan 91","city":"Haarlem","operatorName":"50five","maxPowerKw":11,"isMegawatt":false,"status":"AVAILABLE","source":"ndw","priceKwh":0.511}},{"type":"Feature","geometry":{"type":"Point","coordinates":[4.61214,52.36581]},"properties":{"type":"charge","layer":"passenger","locationId":"16514BBC-203E-4C3B-BD8C-90BE86A3C3DC","name":"PP004127 - Munterslaan 4, Haarlem","address":"4 Munterslaan","city":"Haarlem","operatorName":"TotalEnergies","maxPowerKw":13,"isMegawatt":false,"status":"UNAVAILABLE","source":"ndw"}},{"type":"Feature","geometry":{"type":"Point","coordinates":[4.63043,52.38966]},"properties":{"type":"charge","layer":"passenger","locationId":"fbac4710-ca70-43a5-ba10-b7240a8af283","name":"PP001410 - Van der Vinnestraat 1, Haarlem","address":"1 Van der Vinnestraat","city":"Haarlem","operatorName":"TotalEnergies","maxPowerKw":11,"isMegawatt":false,"status":"UNAVAILABLE","source":"ndw"}},{"type":"Feature","geometry":{"type":"Point","coordinates":[4.65344,52.41251]},"properties":{"type":"charge","layer":"passenger","locationId":"3A929711-C47C-4D92-87B4-37A089974E8A","name":"PP004346 - Lijsterstraat 40, Haarlem","address":"40 Lijsterstraat","city":"Haarlem","operatorName":"TotalEnergies","maxPowerKw":13,"isMegawatt":false,"status":"UNAVAILABLE","source":"ndw"}},{"type":"Feature","geometry":{"type":"Point","coordinates":[4.609215,52.38191]},"properties":{"type":"charge","layer":"passenger","locationId":"46361D67-68B2-4ADD-BCCC-F603807F07AB","name":"TNLP006734 - Pieter Wantelaan 2, Haarlem","address":"2 Pieter Wantelaan","city":"Haarlem","operatorName":"TotalEnergies","maxPowerKw":13,"isMegawatt":false,"status":"AVAILABLE","source":"ndw"}},{"type":"Feature","geometry":{"type":"Point","coordinates":[4.640587,52.385384]},"properties":{"type":"charge","layer":"passenger","locationId":"C2436C13-281D-447C-9E16-8BA5F0266EB2","name":"PP004094 - Parklaan 64, Haarlem","address":"64 Parklaan","city":"Haarlem","operatorName":"TotalEnergies","maxPowerKw":13,"isMegawatt":false,"status":"UNAVAILABLE","source":"ndw"}},{"type":"Feature","geometry":{"type":"Point","coordinates":[4.643481,52.375595]},"properties":{"type":"charge","layer":"passenger","locationId":"26A2A5DE-AA34-4B99-952A-BCF48869F322","name":"TNLP007326 - Schalkwijkerstraat 13, Haarlem","address":"13 Schalkwijkerstraat","city":"Haarlem","operatorName":"TotalEnergies","maxPowerKw":13,"isMegawatt":false,"status":"AVAILABLE","source":"ndw"}},{"type":"Feature","geometry":{"type":"Point","coordinates":[4.641553,52.383865]},"properties":{"type":"charge","layer":"passenger","locationId":"6448FF48-0D0B-4962-9C26-03DA3D8DFF50","name":"TNLP007967 - Koudenhorn 4, Haarlem","address":"4 Koudenhorn","city":"Haarlem","operatorName":"TotalEnergies","maxPowerKw":13,"isMegawatt":false,"status":"UNAVAILABLE","source":"ndw"}},{"type":"Feature","geometry":{"type":"Point","coordinates":[4.664818,52.38802]},"properties":{"type":"charge","layer":"passenger","locationId":"BE564B0C-E246-4BFA-AD36-7C53679C5D72","name":"TNLP006966 - H.N. Werkmanweg 17, Haarlem","address":"17 H.N. Werkmanweg","city":"Haarlem","operatorName":"TotalEnergies","maxPowerKw":15,"isMegawatt":false,"status":"AVAILABLE","source":"ndw"}},{"type":"Feature","geometry":{"type":"Point","coordinates":[4.633439,52.39241]},"properties":{"type":"charge","layer":"passenger","locationId":"EDF51735-1037-4767-A317-AA74BF2CC45C","name":"TNLP008375 - Torrentiusstraat 23, Haarlem","address":"23 Torrentiusstraat","city":"Haarlem","operatorName":"TotalEnergies","maxPowerKw":13,"isMegawatt":false,"status":"CHARGING","source":"ndw"}},{"type":"Feature","geometry":{"type":"Point","coordinates":[4.619167,52.371017]},"properties":{"type":"charge","layer":"passenger","locationId":"D2247A48-DA9D-4C46-898A-28952F4B0F94","name":"TNLP005719 - Schouwtjesplein 3, Haarlem","address":"3 Schouwtjesplein","city":"Haarlem","operatorName":"TotalEnergies","maxPowerKw":13,"isMegawatt":false,"status":"UNAVAILABLE","source":"ndw"}},{"type":"Feature","geometry":{"type":"Point","coordinates":[4.644,52.40436]},"properties":{"type":"charge","layer":"passenger","locationId":"A98A611B-597E-4699-BF2B-B017BCCFBDF0","name":"TNLP009822 - Overtonstraat 42, Haarlem","address":"42 Overtonstraat","city":"Haarlem","operatorName":"TotalEnergies","maxPowerKw":13,"isMegawatt":false,"status":"CHARGING","source":"ndw"}},{"type":"Feature","geometry":{"type":"Point","coordinates":[4.647791,52.37816]},"properties":{"type":"charge","layer":"passenger","locationId":"7C96D6EC-5368-4A30-B030-9409B558D051","name":"TNLP006769 - Teylerstraat 63, Haarlem","address":"63 Teylerstraat","city":"Haarlem","operatorName":"TotalEnergies","maxPowerKw":13,"isMegawatt":false,"status":"UNAVAILABLE","source":"ndw"}},{"type":"Feature","geometry":{"type":"Point","coordinates":[4.650075,52.400108]},"properties":{"type":"charge","layer":"passenger","locationId":"679efa90-ad30-4edb-8d19-d9dfc762e602","name":"Molukkenstraat","address":"Molukkenstraat 56","city":"Haarlem","operatorName":"Vattenfall InCharge","maxPowerKw":11,"isMegawatt":false,"status":"UNAVAILABLE","source":"ndw","priceKwh":0.4316}},{"type":"Feature","geometry":{"type":"Point","coordinates":[4.607504,52.382183]},"properties":{"type":"charge","layer":"passenger","locationId":"821c9bab-f04b-499f-8a7f-109698db2413","name":"TNLP008392 - Gilles Schoolmeesterlaan 2, Haarlem","address":"2 Gilles Schoolmeesterlaan","city":"Haarlem","operatorName":"TotalEnergies","maxPowerKw":13,"isMegawatt":false,"status":"AVAILABLE","source":"ndw"}},{"type":"Feature","geometry":{"type":"Point","coordinates":[4.657513,52.377106]},"properties":{"type":"charge","layer":"passenger","locationId":"46DC59FB-612E-48F1-9409-5F2914697476","name":"TNLP007188 - Jac. van Looystraat 29, Haarlem","address":"29 Jac. van Looystraat","city":"Haarlem","operatorName":"TotalEnergies","maxPowerKw":13,"isMegawatt":false,"status":"UNAVAILABLE","source":"ndw"}},{"type":"Feature","geometry":{"type":"Point","coordinates":[4.637319,52.353497]},"properties":{"type":"charge","layer":"passenger","locationId":"6842A177-D614-4F2C-BCF0-1645FDA6107E","name":"PP005230 - Jaagpad 22, Haarlem","address":"22 Jaagpad","city":"Haarlem","operatorName":"TotalEnergies","maxPowerKw":15,"isMegawatt":false,"status":"AVAILABLE","source":"ndw"}},{"type":"Feature","geometry":{"type":"Point","coordinates":[4.65101,52.38622]},"properties":{"type":"charge","layer":"passenger","locationId":"9183a7a4-03f5-4be8-a96f-f6812c3f950c","name":"PP001035 - Wim van Eststraat 1, Haarlem","address":"1 Wim van Eststraat","city":"Haarlem","operatorName":"TotalEnergies","maxPowerKw":11,"isMegawatt":false,"status":"AVAILABLE","source":"ndw"}},{"type":"Feature","geometry":{"type":"Point","coordinates":[4.66275,52.35487]},"properties":{"type":"charge","layer":"passenger","locationId":"DCACF1A7-9B53-4E3E-B290-F577DD379CBA","name":"PP004010 - Albert Schweitzerlaan 73, Haarlem","address":"73 Albert Schweitzerlaan","city":"Haarlem","operatorName":"TotalEnergies","maxPowerKw":13,"isMegawatt":false,"status":"UNAVAILABLE","source":"ndw"}},{"type":"Feature","geometry":{"type":"Point","coordinates":[4.64981,52.36812]},"properties":{"type":"charge","layer":"passenger","locationId":"3237a8ab-07ea-49eb-8454-c3b7146f2944","name":"PP001523 - Roolandweg 85, Haarlem","address":"85 Roolandweg","city":"Haarlem","operatorName":"TotalEnergies","maxPowerKw":11,"isMegawatt":false,"status":"AVAILABLE","source":"ndw"}},{"type":"Feature","geometry":{"type":"Point","coordinates":[4.62688,52.37653]},"properties":{"type":"charge","layer":"passenger","locationId":"A6681389-AC18-4EC1-BB4B-E8580707D01D","name":"PP004200 - Van Eedenstraat 4, Haarlem","address":"4 Van Eedenstraat","city":"Haarlem","operatorName":"TotalEnergies","maxPowerKw":13,"isMegawatt":false,"status":"UNAVAILABLE","source":"ndw"}},{"type":"Feature","geometry":{"type":"Point","coordinates":[4.64205,52.37729]},"properties":{"type":"charge","layer":"passenger","locationId":"328DA87F-96F2-4271-8025-022AD1541378","name":"PP004204 - Lange Herenvest 126, Haarlem","address":"126 Lange Herenvest","city":"Haarlem","operatorName":"TotalEnergies","maxPowerKw":13,"isMegawatt":false,"status":"UNAVAILABLE","source":"ndw"}},{"type":"Feature","geometry":{"type":"Point","coordinates":[4.67322,52.38081]},"properties":{"type":"charge","layer":"passenger","locationId":"FEA28EBA-DE0D-4202-B7FF-4C4FEA83F5B2","name":"PP004292 - Diakenhuisweg 274, Haarlem","address":"274 Diakenhuisweg","city":"Haarlem","operatorName":"TotalEnergies","maxPowerKw":13,"isMegawatt":false,"status":"AVAILABLE","source":"ndw"}},{"type":"Feature","geometry":{"type":"Point","coordinates":[4.662711,52.357376]},"properties":{"type":"charge","layer":"passenger","locationId":"14bff675-c90c-4cd0-9ec4-5284b7c6dde0","name":"TNLP007569 - Stresemannlaan 155, Haarlem","address":"155 Stresemannlaan","city":"Haarlem","operatorName":"TotalEnergies","maxPowerKw":13,"isMegawatt":false,"status":"AVAILABLE","source":"ndw"}},{"type":"Feature","geometry":{"type":"Point","coordinates":[4.64902,52.37458]},"properties":{"type":"charge","layer":"passenger","locationId":"7e1be8c5-b52d-4017-bd8b-aaa6b7c78ffc","name":"PP001835 - Kruistochtstraat 59, Haarlem","address":"59 Kruistochtstraat","city":"Haarlem","operatorName":"TotalEnergies","maxPowerKw":11,"isMegawatt":false,"status":"CHARGING","source":"ndw"}},{"type":"Feature","geometry":{"type":"Point","coordinates":[4.660422,52.353035]},"properties":{"type":"charge","layer":"passenger","locationId":"9202D6D4-1F16-4977-9AC0-71B5072BF8D6","name":"TNLP034102 - Mary Fleischmannstraat 33, Haarlem","address":"33 Mary Fleischmannstraat","city":"Haarlem","operatorName":"TotalEnergies","maxPowerKw":13,"isMegawatt":false,"status":"UNAVAILABLE","source":"ndw"}},{"type":"Feature","geometry":{"type":"Point","coordinates":[4.640458,52.403736]},"properties":{"type":"charge","layer":"passenger","locationId":"d7a27c78-61c7-4396-b2ad-9c088af91dc8","name":"PP002169 - Orionweg 90, Haarlem","address":"90 Orionweg","city":"Haarlem","operatorName":"TotalEnergies","maxPowerKw":11,"isMegawatt":false,"status":"AVAILABLE","source":"ndw"}},{"type":"Feature","geometry":{"type":"Point","coordinates":[4.633323,52.371994]},"properties":{"type":"charge","layer":"passenger","locationId":"B9989CAA-D838-4451-A4E1-24FE3541C58A","name":"TNLP006577 - Kleine Houtweg 89, Haarlem","address":"89 Kleine Houtweg","city":"Haarlem","operatorName":"TotalEnergies","maxPowerKw":13,"isMegawatt":false,"status":"UNAVAILABLE","source":"ndw"}},{"type":"Feature","geometry":{"type":"Point","coordinates":[4.645466,52.38444]},"properties":{"type":"charge","layer":"passenger","locationId":"91228270","name":"50five-S NL 08100612","address":"Kaapstanderstraat 1","city":"Haarlem","operatorName":"50five","maxPowerKw":11,"isMegawatt":false,"status":"AVAILABLE","source":"ndw"}},{"type":"Feature","geometry":{"type":"Point","coordinates":[4.62664,52.37453]},"properties":{"type":"charge","layer":"passenger","locationId":"85397617-D22C-4A93-87FB-0203BE3EEB1A","name":"PP002171 - Mecklenburgstraat 9, Haarlem","address":"9 Mecklenburgstraat","city":"Haarlem","operatorName":"TotalEnergies","maxPowerKw":11,"isMegawatt":false,"status":"AVAILABLE","source":"ndw"}},{"type":"Feature","geometry":{"type":"Point","coordinates":[4.65417,52.35151]},"properties":{"type":"charge","layer":"passenger","locationId":"F50975AC-ED76-4A5C-8AC3-A2AB8653B6E1","name":"PP005081 - Engelenburg 349-407, Haarlem","address":"349-407 Engelenburg","city":"Haarlem","operatorName":"TotalEnergies","maxPowerKw":13,"isMegawatt":false,"status":"AVAILABLE","source":"ndw"}},{"type":"Feature","geometry":{"type":"Point","coordinates":[4.62168,52.36962]},"properties":{"type":"charge","layer":"passenger","locationId":"11415A4D-316F-44CD-B480-5EFD7CB0DC78","name":"PP004133 - Bos en Vaartstraat 5, Haarlem","address":"5 Bos en Vaartstraat","city":"Haarlem","operatorName":"TotalEnergies","maxPowerKw":13,"isMegawatt":false,"status":"UNAVAILABLE","source":"ndw"}},{"type":"Feature","geometry":{"type":"Point","coordinates":[4.610289,52.38294]},"properties":{"type":"charge","layer":"passenger","locationId":"179576B8-2D6A-4257-A2B5-2C44FE7BE740","name":"TNLP007712 - Pieter Wantelaan 32, Haarlem","address":"32 Pieter Wantelaan","city":"Haarlem","operatorName":"TotalEnergies","maxPowerKw":15,"isMegawatt":false,"status":"AVAILABLE","source":"ndw"}},{"type":"Feature","geometry":{"type":"Point","coordinates":[4.63922,52.38533]},"properties":{"type":"charge","layer":"passenger","locationId":"83331D42-B43F-4434-970E-DDD1474993FE","name":"PP001906 - Jansweg 69, Haarlem","address":"69 Jansweg","city":"Haarlem","operatorName":"TotalEnergies","maxPowerKw":11,"isMegawatt":false,"status":"AVAILABLE","source":"ndw"}},{"type":"Feature","geometry":{"type":"Point","coordinates":[4.658562,52.389282]},"properties":{"type":"charge","layer":"passenger","locationId":"F7386545-24E1-4F3F-93E8-4F8673B98E5A","name":"TNLP009632 - Claes Tillyweg 2, Haarlem","address":"2 Claes Tillyweg","city":"Haarlem","operatorName":"TotalEnergies","maxPowerKw":15,"isMegawatt":false,"status":"AVAILABLE","source":"ndw"}},{"type":"Feature","geometry":{"type":"Point","coordinates":[4.62345,52.37408]},"properties":{"type":"charge","layer":"passenger","locationId":"cfcf6456-e242-46b9-a5c9-4f5cf933e632","name":"PP002146 - Koninginneweg 82, Haarlem","address":"82 Koninginneweg","city":"Haarlem","operatorName":"TotalEnergies","maxPowerKw":11,"isMegawatt":false,"status":"AVAILABLE","source":"ndw"}},{"type":"Feature","geometry":{"type":"Point","coordinates":[4.62007,52.38671]},"properties":{"type":"charge","layer":"passenger","locationId":"14","name":"Shell Recharge NL Emmalaan 1","address":"Emmalaan 1","city":"Haarlem","operatorName":"Ubitricity","maxPowerKw":11,"isMegawatt":false,"status":"CHARGING","source":"ndw","priceKwh":0.392}},{"type":"Feature","geometry":{"type":"Point","coordinates":[4.63245,52.392654]},"properties":{"type":"charge","layer":"passenger","locationId":"1D28872C-B33A-43F4-8566-31BACC36389B","name":"TNLP006411 - Velserstraat 33, Haarlem","address":"33 Velserstraat","city":"Haarlem","operatorName":"TotalEnergies","maxPowerKw":13,"isMegawatt":false,"status":"UNAVAILABLE","source":"ndw"}},{"type":"Feature","geometry":{"type":"Point","coordinates":[4.670353,52.386594]},"properties":{"type":"charge","layer":"passenger","locationId":"91148149","name":"50five-S NL 08103496","address":"Swensweg 5","city":"Haarlem","operatorName":"50five","maxPowerKw":22,"isMegawatt":false,"status":"AVAILABLE","source":"ndw"}},{"type":"Feature","geometry":{"type":"Point","coordinates":[4.635466,52.376015]},"properties":{"type":"charge","layer":"passenger","locationId":"c6d23018-454d-4fe8-a343-46e7a4cb0eaf","name":"TNLP005968 - Kampervest 1, Haarlem","address":"1 Kampervest","city":"Haarlem","operatorName":"TotalEnergies","maxPowerKw":17,"isMegawatt":false,"status":"CHARGING","source":"ndw"}},{"type":"Feature","geometry":{"type":"Point","coordinates":[4.6388619,52.3823423]},"properties":{"type":"charge","layer":"passenger","locationId":"1428","name":"Shell Recharge NL Begijnhof 20","address":"Begijnhof 20","city":"Haarlem","operatorName":"Ubitricity","maxPowerKw":22,"isMegawatt":false,"status":"AVAILABLE","source":"ndw","priceKwh":0.267}},{"type":"Feature","geometry":{"type":"Point","coordinates":[4.63245,52.39068]},"properties":{"type":"charge","layer":"passenger","locationId":"E7C8A746-F2E5-47EF-9605-2751626E9E28","name":"PP004033 - Jan de Braystraat 10, Haarlem","address":"10 Jan de Braystraat","city":"Haarlem","operatorName":"TotalEnergies","maxPowerKw":13,"isMegawatt":false,"status":"UNAVAILABLE","source":"ndw"}},{"type":"Feature","geometry":{"type":"Point","coordinates":[4.656893,52.398582]},"properties":{"type":"charge","layer":"passenger","locationId":"91149819","name":"50five-S NL ICUEVE000092","address":"Tingietersweg 89-137","city":"Haarlem","operatorName":"50five","maxPowerKw":11,"isMegawatt":false,"status":"UNAVAILABLE","source":"ndw"}},{"type":"Feature","geometry":{"type":"Point","coordinates":[4.64319,52.36404]},"properties":{"type":"charge","layer":"passenger","locationId":"3FF50267-129D-4D00-ADA1-66852128EA42","name":"PP004009 - Engelandlaan 30-40, Haarlem","address":"30-40 Engelandlaan","city":"Haarlem","operatorName":"TotalEnergies","maxPowerKw":13,"isMegawatt":false,"status":"UNAVAILABLE","source":"ndw"}},{"type":"Feature","geometry":{"type":"Point","coordinates":[4.611731,52.376152]},"properties":{"type":"charge","layer":"passenger","locationId":"1B6B0F62-1F7B-47F9-A3E1-55903D72771A","name":"TNLP006875 - Lorentzkade 300, Haarlem","address":"300 Lorentzkade","city":"Haarlem","operatorName":"TotalEnergies","maxPowerKw":13,"isMegawatt":false,"status":"AVAILABLE","source":"ndw"}},{"type":"Feature","geometry":{"type":"Point","coordinates":[4.656336,52.366541]},"properties":{"type":"charge","layer":"passenger","locationId":"NLENV851","name":"Haarlem, Lysbeth Jan Bettepad","address":"Willem van Ospark 28","city":"Haarlem","operatorName":"","maxPowerKw":11,"isMegawatt":false,"status":"AVAILABLE","source":"ndw","priceKwh":0.5}},{"type":"Feature","geometry":{"type":"Point","coordinates":[4.65488,52.34804]},"properties":{"type":"charge","layer":"passenger","locationId":"7ac54d5f556b4395c450b52bc770299b","name":"Nemelaar 26","address":"Nemelaar 26","city":"Haarlem","operatorName":"Vattenfall InCharge","maxPowerKw":11,"isMegawatt":false,"status":"CHARGING","source":"ndw","priceKwh":0.2805}},{"type":"Feature","geometry":{"type":"Point","coordinates":[4.656846,52.374634]},"properties":{"type":"charge","layer":"passenger","locationId":"C91553A7-653F-47C9-9AB5-93BB82AFA5F2","name":"TNLP009771 - Prins Bernhardlaan 262, Haarlem","address":"262 Prins Bernhardlaan","city":"Haarlem","operatorName":"TotalEnergies","maxPowerKw":13,"isMegawatt":false,"status":"AVAILABLE","source":"ndw"}},{"type":"Feature","geometry":{"type":"Point","coordinates":[4.63264,52.3668]},"properties":{"type":"charge","layer":"passenger","locationId":"1293793F-7F7F-4F4E-B008-198DA4C8F375","name":"PP004199 - Kleine Houtweg 245, Haarlem","address":"245 Kleine Houtweg","city":"Haarlem","operatorName":"TotalEnergies","maxPowerKw":13,"isMegawatt":false,"status":"AVAILABLE","source":"ndw"}},{"type":"Feature","geometry":{"type":"Point","coordinates":[4.65212,52.40527]},"properties":{"type":"charge","layer":"passenger","locationId":"0ECE9883-EFEF-4F9D-AF7F-4CC77ED7FC99","name":"PP004265 - Indischestraat 153, Haarlem","address":"153 Indischestraat","city":"Haarlem","operatorName":"TotalEnergies","maxPowerKw":13,"isMegawatt":false,"status":"UNAVAILABLE","source":"ndw"}},{"type":"Feature","geometry":{"type":"Point","coordinates":[4.62788,52.37103]},"properties":{"type":"charge","layer":"passenger","locationId":"F7BA5FCE-0AEB-44C9-8D6D-8AEF616F5F6C","name":"TNLP015082 - Floraplein 28, Haarlem","address":"28 Floraplein","city":"Haarlem","operatorName":"TotalEnergies","maxPowerKw":13,"isMegawatt":false,"status":"AVAILABLE","source":"ndw"}},{"type":"Feature","geometry":{"type":"Point","coordinates":[4.6147,52.37952]},"properties":{"type":"charge","layer":"passenger","locationId":"724","name":"Shell Recharge NL Lorentzkade 436","address":"Lorentzkade 436","city":"Haarlem","operatorName":"Ubitricity","maxPowerKw":11,"isMegawatt":false,"status":"CHARGING","source":"ndw","priceKwh":0.392}},{"type":"Feature","geometry":{"type":"Point","coordinates":[4.627895,52.390133]},"properties":{"type":"charge","layer":"passenger","locationId":"87797C24-BA94-4234-B080-FE964FC60CA8","name":"TNLP008812 - Verspronckweg 56, Haarlem","address":"56 Verspronckweg","city":"Haarlem","operatorName":"TotalEnergies","maxPowerKw":14,"isMegawatt":false,"status":"AVAILABLE","source":"ndw"}},{"type":"Feature","geometry":{"type":"Point","coordinates":[4.61848,52.37398]},"properties":{"type":"charge","layer":"passenger","locationId":"7ff91352-0d9b-43aa-aa52-65f2a801c60f","name":"PP002182 - Adriaan de Jongestraat 22, Haarlem","address":"22 Adriaan de Jongestraat","city":"Haarlem","operatorName":"TotalEnergies","maxPowerKw":11,"isMegawatt":false,"status":"AVAILABLE","source":"ndw"}},{"type":"Feature","geometry":{"type":"Point","coordinates":[4.61148,52.37197]},"properties":{"type":"charge","layer":"passenger","locationId":"C02AD45D-1071-46A3-B174-DF0FBA089AA8","name":"PP004181 - Pijlslaan 105, Haarlem","address":"105 Pijlslaan","city":"Haarlem","operatorName":"TotalEnergies","maxPowerKw":13,"isMegawatt":false,"status":"UNAVAILABLE","source":"ndw"}},{"type":"Feature","geometry":{"type":"Point","coordinates":[4.66225,52.39005]},"properties":{"type":"charge","layer":"passenger","locationId":"1276944","name":"Laadnet Rexel Haarlem","address":"Waarderweg 35","city":"Haarlem","operatorName":"Laadnet","maxPowerKw":22,"isMegawatt":false,"status":"AVAILABLE","source":"ndw"}},{"type":"Feature","geometry":{"type":"Point","coordinates":[4.64446,52.39321]},"properties":{"type":"charge","layer":"passenger","locationId":"3c877ab5-249a-4977-a6e3-a896cc86c29a","name":"PP001801 - President Steijnstraat 93, Haarlem","address":"93 President Steijnstraat","city":"Haarlem","operatorName":"TotalEnergies","maxPowerKw":11,"isMegawatt":false,"status":"CHARGING","source":"ndw"}},{"type":"Feature","geometry":{"type":"Point","coordinates":[4.654067,52.395206]},"properties":{"type":"charge","layer":"passenger","locationId":"26264DC3-0C9C-47CD-ADCD-C2AF480384C6","name":"TNLP006495 - Waarderhaven 14, Haarlem","address":"14 Waarderhaven","city":"Haarlem","operatorName":"TotalEnergies","maxPowerKw":13,"isMegawatt":false,"status":"AVAILABLE","source":"ndw"}},{"type":"Feature","geometry":{"type":"Point","coordinates":[4.645729,52.378]},"properties":{"type":"charge","layer":"passenger","locationId":"87af161e-cdff-457f-ad62-a20cf47a8dc9","name":"TNLP009584 - Fabriciusstraat 34, Haarlem","address":"34 Fabriciusstraat","city":"Haarlem","operatorName":"TotalEnergies","maxPowerKw":17,"isMegawatt":false,"status":"AVAILABLE","source":"ndw"}},{"type":"Feature","geometry":{"type":"Point","coordinates":[4.60876,52.3835]},"properties":{"type":"charge","layer":"passenger","locationId":"DE2B0633-09B8-48B6-AD91-4A7986A05807","name":"PP004108 - Gilles Schoolmeesterlaan 34, Haarlem","address":"34 Gilles Schoolmeesterlaan","city":"Haarlem","operatorName":"TotalEnergies","maxPowerKw":13,"isMegawatt":false,"status":"UNAVAILABLE","source":"ndw"}},{"type":"Feature","geometry":{"type":"Point","coordinates":[4.663069,52.356695]},"properties":{"type":"charge","layer":"passenger","locationId":"37966c26ae13c32e1d6bbe9109c66e7a","name":"Majoor Bosshardtplantsoen 19","address":"Majoor Bosshardtplantsoen 19","city":"Haarlem","operatorName":"Vattenfall InCharge","maxPowerKw":11,"isMegawatt":false,"status":"AVAILABLE","source":"ndw","priceKwh":0.2805}},{"type":"Feature","geometry":{"type":"Point","coordinates":[4.648284,52.369411]},"properties":{"type":"charge","layer":"passenger","locationId":"f0521434-85df-49e4-8d29-4d50b6ce988a","name":"Haarlem, Netherlands","address":"2, Toekanweg","city":"Haarlem","operatorName":"Tesla","maxPowerKw":250,"isMegawatt":false,"status":"AVAILABLE","source":"ndw","priceKwh":0.53}},{"type":"Feature","geometry":{"type":"Point","coordinates":[4.627591,52.362877]},"properties":{"type":"charge","layer":"passenger","locationId":"209B701A-1B86-4F53-A1A9-9BF2A29225B5","name":"TNLP015075 - Churchilllaan 3, Haarlem","address":"3 Churchilllaan","city":"Haarlem","operatorName":"TotalEnergies","maxPowerKw":13,"isMegawatt":false,"status":"AVAILABLE","source":"ndw"}},{"type":"Feature","geometry":{"type":"Point","coordinates":[4.628665,52.37957]},"properties":{"type":"charge","layer":"passenger","locationId":"80EAC690-AA6A-4D53-9C00-001644C4616D","name":"TNLP009844 - Sophiaplein 8, Haarlem","address":"8 Sophiaplein","city":"Haarlem","operatorName":"TotalEnergies","maxPowerKw":17,"isMegawatt":false,"status":"AVAILABLE","source":"ndw"}},{"type":"Feature","geometry":{"type":"Point","coordinates":[4.65682,52.39683]},"properties":{"type":"charge","layer":"passenger","locationId":"504","name":"Shell Recharge NL Wateringweg 141","address":"Wateringweg 141","city":"Haarlem","operatorName":"Ubitricity","maxPowerKw":11,"isMegawatt":false,"status":"AVAILABLE","source":"ndw","priceKwh":0.392}},{"type":"Feature","geometry":{"type":"Point","coordinates":[4.645376,52.380993]},"properties":{"type":"charge","layer":"passenger","locationId":"2E1BE6DF-B71C-40BB-8E1D-EFA8DB002822","name":"PP005434 - Houtmarkt 23, Haarlem","address":"23 Houtmarkt","city":"Haarlem","operatorName":"TotalEnergies","maxPowerKw":13,"isMegawatt":false,"status":"AVAILABLE","source":"ndw"}},{"type":"Feature","geometry":{"type":"Point","coordinates":[4.662864,52.36136]},"properties":{"type":"charge","layer":"passenger","locationId":"637F3670-3354-4FAC-B12B-830AF9CEB648","name":"TNLP034323 - Robert Kochlaan 500, Haarlem","address":"500 Robert Kochlaan","city":"Haarlem","operatorName":"TotalEnergies","maxPowerKw":13,"isMegawatt":false,"status":"UNAVAILABLE","source":"ndw"}},{"type":"Feature","geometry":{"type":"Point","coordinates":[4.65314,52.353226]},"properties":{"type":"charge","layer":"passenger","locationId":"d29b047c-0cb4-4e88-8ae1-0f6df67bd6c4","name":"PP001538 - Waddenstraat 194, Haarlem","address":"194 Waddenstraat","city":"Haarlem","operatorName":"TotalEnergies","maxPowerKw":11,"isMegawatt":false,"status":"AVAILABLE","source":"ndw"}},{"type":"Feature","geometry":{"type":"Point","coordinates":[4.650148,52.362167]},"properties":{"type":"charge","layer":"passenger","locationId":"E117DB47-0EA7-4F9D-B664-3EA996FB10C4","name":"TNLP009794 - Polenstraat 91, Haarlem","address":"91 Polenstraat","city":"Haarlem","operatorName":"TotalEnergies","maxPowerKw":13,"isMegawatt":false,"status":"AVAILABLE","source":"ndw"}},{"type":"Feature","geometry":{"type":"Point","coordinates":[4.61155,52.37525]},"properties":{"type":"charge","layer":"passenger","locationId":"54BCEF51-A22D-4F80-8647-1A6913F2D93B","name":"PP002282 - Lorentzkade 232, Haarlem","address":"232 Lorentzkade","city":"Haarlem","operatorName":"TotalEnergies","maxPowerKw":17,"isMegawatt":false,"status":"CHARGING","source":"ndw"}},{"type":"Feature","geometry":{"type":"Point","coordinates":[4.632537,52.370342]},"properties":{"type":"charge","layer":"passenger","locationId":"288177D6-E86D-4426-B996-01EF4C2ED517","name":"TNLP006127 - Kleine Houtweg 127, Haarlem","address":"127 Kleine Houtweg","city":"Haarlem","operatorName":"TotalEnergies","maxPowerKw":13,"isMegawatt":false,"status":"UNAVAILABLE","source":"ndw"}},{"type":"Feature","geometry":{"type":"Point","coordinates":[4.6587,52.3675]},"properties":{"type":"charge","layer":"passenger","locationId":"45442424-FDF4-4F7D-A4CB-85300EC69B4C","name":"PP004054 - Frederik Ruyschstraat 27, Haarlem","address":"27 Frederik Ruyschstraat","city":"Haarlem","operatorName":"TotalEnergies","maxPowerKw":13,"isMegawatt":false,"status":"AVAILABLE","source":"ndw"}},{"type":"Feature","geometry":{"type":"Point","coordinates":[4.629681,52.405766]},"properties":{"type":"charge","layer":"passenger","locationId":"4e3fab75-071f-439a-a1ce-710ae3d5e2e2","name":"TNLP005982 - Laurens Reaellaan 37, Haarlem","address":"37 Laurens Reaellaan","city":"Haarlem","operatorName":"TotalEnergies","maxPowerKw":13,"isMegawatt":false,"status":"AVAILABLE","source":"ndw"}},{"type":"Feature","geometry":{"type":"Point","coordinates":[4.63274,52.3949]},"properties":{"type":"charge","layer":"passenger","locationId":"b94299a5-9125-46ad-b2aa-10d9b59f1bf1","name":"PP001663 - Jelgersmastraat 51, Haarlem","address":"51 Jelgersmastraat","city":"Haarlem","operatorName":"TotalEnergies","maxPowerKw":11,"isMegawatt":false,"status":"AVAILABLE","source":"ndw"}},{"type":"Feature","geometry":{"type":"Point","coordinates":[4.65125,52.38463]},"properties":{"type":"charge","layer":"passenger","locationId":"185DC31F-94AB-4618-B0F9-8EE9B9B6A438","name":"PP004270 - Bep van Klaverenstraat 64, Haarlem","address":"64 Bep van Klaverenstraat","city":"Haarlem","operatorName":"TotalEnergies","maxPowerKw":13,"isMegawatt":false,"status":"UNAVAILABLE","source":"ndw"}},{"type":"Feature","geometry":{"type":"Point","coordinates":[4.629777,52.405929]},"properties":{"type":"charge","layer":"passenger","locationId":"bdb422f11fedf9e53b7fc581d80a7632","name":"Laurens Reaellaan 48","address":"Laurens Reaellaan 48","city":"Haarlem","operatorName":"Vattenfall InCharge","maxPowerKw":11,"isMegawatt":false,"status":"AVAILABLE","source":"ndw","priceKwh":0.2805}},{"type":"Feature","geometry":{"type":"Point","coordinates":[4.63355,52.38477]},"properties":{"type":"charge","layer":"passenger","locationId":"9FE61CCF-8FFA-4CB7-B32E-7810BD7E31FF","name":"TNLP007706 - Nassauplein 81, Haarlem","address":"81 Nassauplein","city":"Haarlem","operatorName":"TotalEnergies","maxPowerKw":15,"isMegawatt":false,"status":"AVAILABLE","source":"ndw"}},{"type":"Feature","geometry":{"type":"Point","coordinates":[4.62884,52.380882]},"properties":{"type":"charge","layer":"passenger","locationId":"D6798238-66C1-4CF2-B42D-80BC6E794A98","name":"TNLP006525 - Oude Zijlvest 5, Haarlem","address":"5 Oude Zijlvest","city":"Haarlem","operatorName":"TotalEnergies","maxPowerKw":13,"isMegawatt":false,"status":"AVAILABLE","source":"ndw"}},{"type":"Feature","geometry":{"type":"Point","coordinates":[4.648103,52.40475]},"properties":{"type":"charge","layer":"passenger","locationId":"FE822630-1922-4583-94C3-7CC1F9140727","name":"TNLP008019 - Rijksstraatweg 149, Haarlem","address":"149 Rijksstraatweg","city":"Haarlem","operatorName":"TotalEnergies","maxPowerKw":13,"isMegawatt":false,"status":"CHARGING","source":"ndw"}},{"type":"Feature","geometry":{"type":"Point","coordinates":[4.6161,52.36941]},"properties":{"type":"charge","layer":"passenger","locationId":"9cb25f65f59faf08366278bdb08d5d4b","name":"ALF-0070152","address":"Leidsevaart 394","city":"Haarlem","operatorName":"Vattenfall InCharge","maxPowerKw":11,"isMegawatt":false,"status":"AVAILABLE","source":"ndw","priceKwh":0.2805}},{"type":"Feature","geometry":{"type":"Point","coordinates":[4.624566,52.374653]},"properties":{"type":"charge","layer":"passenger","locationId":"9A305FC9-08A5-420D-8088-91B62E474DD2","name":"TNLP008286 - Iordensstraat 15, Haarlem","address":"15 Iordensstraat","city":"Haarlem","operatorName":"TotalEnergies","maxPowerKw":13,"isMegawatt":false,"status":"AVAILABLE","source":"ndw"}},{"type":"Feature","geometry":{"type":"Point","coordinates":[4.61724,52.36267]},"properties":{"type":"charge","layer":"passenger","locationId":"400ab020-7056-4da2-91cf-5821f6549be8","name":"Laadplein - PP004319 - Claus Sluterweg 253, Haarlem","address":"253 Claus Sluterweg","city":"Haarlem","operatorName":"TotalEnergies","maxPowerKw":15,"isMegawatt":false,"status":"AVAILABLE","source":"ndw"}},{"type":"Feature","geometry":{"type":"Point","coordinates":[4.62504,52.379246]},"properties":{"type":"charge","layer":"passenger","locationId":"980ab642-c3e0-4856-abb1-b3631255324e","name":"TNLP008038 - Leidseplein 2, Haarlem","address":"2 Leidseplein","city":"Haarlem","operatorName":"TotalEnergies","maxPowerKw":13,"isMegawatt":false,"status":"AVAILABLE","source":"ndw"}},{"type":"Feature","geometry":{"type":"Point","coordinates":[4.644674,52.392216]},"properties":{"type":"charge","layer":"passenger","locationId":"cc3ef40d-6084-438e-961d-a20c5497ffad","name":"TNLP009568 - Paul Krugerkade 2, Haarlem","address":"2 Paul Krugerkade","city":"Haarlem","operatorName":"TotalEnergies","maxPowerKw":13,"isMegawatt":false,"status":"AVAILABLE","source":"ndw"}},{"type":"Feature","geometry":{"type":"Point","coordinates":[4.64537,52.40207]},"properties":{"type":"charge","layer":"passenger","locationId":"D124B76D-428E-40CB-85F9-FE9CBB19467C","name":"PP004294 - Rijksstraatweg 57, Haarlem","address":"57 Rijksstraatweg","city":"Haarlem","operatorName":"TotalEnergies","maxPowerKw":13,"isMegawatt":false,"status":"AVAILABLE","source":"ndw"}},{"type":"Feature","geometry":{"type":"Point","coordinates":[4.658349,52.37847]},"properties":{"type":"charge","layer":"passenger","locationId":"1659DDC2-9BDA-46A9-883C-EC59F2292F4F","name":"TNLP008156 - Van Zeggelenplein 30, Haarlem","address":"30 Van Zeggelenplein","city":"Haarlem","operatorName":"TotalEnergies","maxPowerKw":15,"isMegawatt":false,"status":"AVAILABLE","source":"ndw"}},{"type":"Feature","geometry":{"type":"Point","coordinates":[4.634939,52.40761]},"properties":{"type":"charge","layer":"passenger","locationId":"20B7186C-CD97-478E-81FD-F3EC620D5F5F","name":"PP004264 - Delftlaan 283, Haarlem","address":"283 Delftlaan","city":"Haarlem","operatorName":"TotalEnergies","maxPowerKw":13,"isMegawatt":false,"status":"AVAILABLE","source":"ndw"}},{"type":"Feature","geometry":{"type":"Point","coordinates":[4.62119,52.37195]},"properties":{"type":"charge","layer":"passenger","locationId":"320BE35B-C78E-4A24-A6D0-E3B8D47C4C92","name":"Laadplein - PP004208 - Prins Clausstraat 69, Haarlem","address":"69 Prins Clausstraat","city":"Haarlem","operatorName":"TotalEnergies","maxPowerKw":15,"isMegawatt":false,"status":"AVAILABLE","source":"ndw"}},{"type":"Feature","geometry":{"type":"Point","coordinates":[4.648729,52.42215]},"properties":{"type":"charge","layer":"passenger","locationId":"36DF83C6-F932-4CA8-8E4B-505EA50420AB","name":"TNLP007344 - Vondelweg 988, Haarlem","address":"988 Vondelweg","city":"Haarlem","operatorName":"TotalEnergies","maxPowerKw":13,"isMegawatt":false,"status":"AVAILABLE","source":"ndw"}},{"type":"Feature","geometry":{"type":"Point","coordinates":[4.610051,52.362985]},"properties":{"type":"charge","layer":"passenger","locationId":"91055614","name":"50five-S NL 17B14438","address":"Pieter van Musschenbroekstraat 1","city":"Haarlem","operatorName":"50five","maxPowerKw":11,"isMegawatt":false,"status":"AVAILABLE","source":"ndw"}},{"type":"Feature","geometry":{"type":"Point","coordinates":[4.655153,52.418045]},"properties":{"type":"charge","layer":"passenger","locationId":"d1e1e8d4-9aff-4828-b8f1-d202ade9556f","name":"TNLP015441 - Vergierdeweg 204, Haarlem","address":"204 Vergierdeweg","city":"Haarlem","operatorName":"TotalEnergies","maxPowerKw":17,"isMegawatt":false,"status":"AVAILABLE","source":"ndw"}},{"type":"Feature","geometry":{"type":"Point","coordinates":[4.647347,52.37279]},"properties":{"type":"charge","layer":"passenger","locationId":"93325FF8-AE42-4B98-A641-D29A82B37ED1","name":"TNLP009649 - Merovingenstraat 19, Haarlem","address":"19 Merovingenstraat","city":"Haarlem","operatorName":"TotalEnergies","maxPowerKw":13,"isMegawatt":false,"status":"AVAILABLE","source":"ndw"}},{"type":"Feature","geometry":{"type":"Point","coordinates":[4.633548,52.384453]},"properties":{"type":"charge","layer":"passenger","locationId":"019ED656-E0FC-4115-B341-D198ADBF297F","name":"TNLP006694 - Nassauplein 51, Haarlem","address":"51 Nassauplein","city":"Haarlem","operatorName":"TotalEnergies","maxPowerKw":15,"isMegawatt":false,"status":"AVAILABLE","source":"ndw"}},{"type":"Feature","geometry":{"type":"Point","coordinates":[4.60082,52.38255]},"properties":{"type":"charge","layer":"passenger","locationId":"56C57AF2-424D-4CDE-BCA5-08C8AC39DA87","name":"PP004021 - Ooster Tuindorpslaan 9, Haarlem","address":"9 Ooster Tuindorpslaan","city":"Haarlem","operatorName":"TotalEnergies","maxPowerKw":13,"isMegawatt":false,"status":"UNAVAILABLE","source":"ndw"}},{"type":"Feature","geometry":{"type":"Point","coordinates":[4.6369,52.410927]},"properties":{"type":"charge","layer":"passenger","locationId":"135A9F14-9D70-4891-818B-B1687D8DF8B2","name":"TNLP005945 - Delftlaan 353, Haarlem","address":"353 Delftlaan","city":"Haarlem","operatorName":"TotalEnergies","maxPowerKw":13,"isMegawatt":false,"status":"AVAILABLE","source":"ndw"}},{"type":"Feature","geometry":{"type":"Point","coordinates":[4.619877,52.36677]},"properties":{"type":"charge","layer":"passenger","locationId":"5E56D23E-FC33-4FEB-AB2F-4EEF484E0289","name":"TNLP007185 - Van Hogendorpstraat 1, Haarlem","address":"1 Van Hogendorpstraat","city":"Haarlem","operatorName":"TotalEnergies","maxPowerKw":13,"isMegawatt":false,"status":"AVAILABLE","source":"ndw"}},{"type":"Feature","geometry":{"type":"Point","coordinates":[4.648207,52.40074]},"properties":{"type":"charge","layer":"passenger","locationId":"EA4BCB26-BC06-498D-91DA-A4FD587EE2AD","name":"TNLP007156 - Zaanenstraat 34, Haarlem","address":"34 Zaanenstraat","city":"Haarlem","operatorName":"TotalEnergies","maxPowerKw":13,"isMegawatt":false,"status":"AVAILABLE","source":"ndw"}},{"type":"Feature","geometry":{"type":"Point","coordinates":[4.656944,52.40832]},"properties":{"type":"charge","layer":"passenger","locationId":"92C11ABA-B5D7-4297-BD7D-BA6CB85EE29A","name":"TNLP006428 - Willebrordstraat 17, Haarlem","address":"17 Willebrordstraat","city":"Haarlem","operatorName":"TotalEnergies","maxPowerKw":13,"isMegawatt":false,"status":"UNAVAILABLE","source":"ndw"}},{"type":"Feature","geometry":{"type":"Point","coordinates":[4.636792,52.405434]},"properties":{"type":"charge","layer":"passenger","locationId":"853674E7-1E14-4FFE-9C5A-B79FD4C81C55","name":"PP005013 - Pleiadenstraat 106, Haarlem","address":"106 Pleiadenstraat","city":"Haarlem","operatorName":"TotalEnergies","maxPowerKw":13,"isMegawatt":false,"status":"UNAVAILABLE","source":"ndw"}},{"type":"Feature","geometry":{"type":"Point","coordinates":[4.62915,52.37745]},"properties":{"type":"charge","layer":"passenger","locationId":"CBE1F066-BD6A-49DE-A15E-EA254CEAAB3D","name":"PP004022 - Nieuwe Kerksplein 16, Haarlem","address":"16 Nieuwe Kerksplein","city":"Haarlem","operatorName":"TotalEnergies","maxPowerKw":13,"isMegawatt":false,"status":"UNAVAILABLE","source":"ndw"}},{"type":"Feature","geometry":{"type":"Point","coordinates":[4.665786,52.365448]},"properties":{"type":"charge","layer":"passenger","locationId":"D8D7B896-085F-4A1B-8B2B-8553236C8D8E","name":"TNLP007407 - Van Konijnenburgstraat 2, Haarlem","address":"2 Van Konijnenburgstraat","city":"Haarlem","operatorName":"TotalEnergies","maxPowerKw":15,"isMegawatt":false,"status":"CHARGING","source":"ndw"}},{"type":"Feature","geometry":{"type":"Point","coordinates":[4.63471,52.39806]},"properties":{"type":"charge","layer":"passenger","locationId":"358","name":"Shell Recharge NL Marnixstraat 30","address":"Marnixstraat 30","city":"Haarlem","operatorName":"Ubitricity","maxPowerKw":11,"isMegawatt":false,"status":"AVAILABLE","source":"ndw","priceKwh":0.392}},{"type":"Feature","geometry":{"type":"Point","coordinates":[4.65376,52.4155]},"properties":{"type":"charge","layer":"passenger","locationId":"b6db2981-aefa-4642-a01a-e3f709e23799","name":"TNLP007801 - Eksterlaan 119, Haarlem","address":"119 Eksterlaan","city":"Haarlem","operatorName":"TotalEnergies","maxPowerKw":13,"isMegawatt":false,"status":"CHARGING","source":"ndw"}},{"type":"Feature","geometry":{"type":"Point","coordinates":[4.65327,52.37778]},"properties":{"type":"charge","layer":"passenger","locationId":"D292090E-576E-4041-A57E-07495CE3F3D6","name":"PP004015 - Drilsmaplein 24, Haarlem","address":"24 Drilsmaplein","city":"Haarlem","operatorName":"TotalEnergies","maxPowerKw":13,"isMegawatt":false,"status":"UNAVAILABLE","source":"ndw"}},{"type":"Feature","geometry":{"type":"Point","coordinates":[4.62474,52.38468]},"properties":{"type":"charge","layer":"passenger","locationId":"F1D0F7A8-63B6-4F2D-989F-2215B5261A77","name":"PP004324 - Bilderdijkstraat 1A, Haarlem","address":"1A Bilderdijkstraat","city":"Haarlem","operatorName":"TotalEnergies","maxPowerKw":13,"isMegawatt":false,"status":"UNAVAILABLE","source":"ndw"}},{"type":"Feature","geometry":{"type":"Point","coordinates":[4.665557,52.380688]},"properties":{"type":"charge","layer":"passenger","locationId":"9AA55DE2-BBBE-4FA3-BFED-400D050E674A","name":"PP005123 - Alexander Polaplein 18, Haarlem","address":"18 Alexander Polaplein","city":"Haarlem","operatorName":"TotalEnergies","maxPowerKw":13,"isMegawatt":false,"status":"AVAILABLE","source":"ndw"}},{"type":"Feature","geometry":{"type":"Point","coordinates":[4.64736,52.40747]},"properties":{"type":"charge","layer":"passenger","locationId":"09A6BED0-5580-45C9-89F1-8A798F7D2DF0","name":"PP004001 - Marsstraat 104, Haarlem","address":"104 Marsstraat","city":"Haarlem","operatorName":"TotalEnergies","maxPowerKw":13,"isMegawatt":false,"status":"UNAVAILABLE","source":"ndw"}},{"type":"Feature","geometry":{"type":"Point","coordinates":[4.66526,52.37885]},"properties":{"type":"charge","layer":"passenger","locationId":"AA1B5A9C-D4F2-4032-9042-E9172FBEBE4F","name":"PP004347 - Staalstraat 4, Haarlem","address":"4 Staalstraat","city":"Haarlem","operatorName":"TotalEnergies","maxPowerKw":13,"isMegawatt":false,"status":"AVAILABLE","source":"ndw"}},{"type":"Feature","geometry":{"type":"Point","coordinates":[4.629497,52.395234]},"properties":{"type":"charge","layer":"passenger","locationId":"2497eddccd105341c93dd62156559d70","name":"Deckerstraat 39","address":"Deckerstraat 39","city":"Haarlem","operatorName":"Vattenfall InCharge","maxPowerKw":11,"isMegawatt":false,"status":"AVAILABLE","source":"ndw","priceKwh":0.2805}},{"type":"Feature","geometry":{"type":"Point","coordinates":[4.640943,52.37519]},"properties":{"type":"charge","layer":"passenger","locationId":"6F3FDE8C-5640-408A-86B3-CF92109EDC04","name":"TNLP007728 - Linschotenstraat 65, Haarlem","address":"65 Linschotenstraat","city":"Haarlem","operatorName":"TotalEnergies","maxPowerKw":13,"isMegawatt":false,"status":"CHARGING","source":"ndw"}},{"type":"Feature","geometry":{"type":"Point","coordinates":[4.651078,52.379646]},"properties":{"type":"charge","layer":"passenger","locationId":"64D49CA0-D7E0-4689-A41C-151EFEBE36F7","name":"TNLP006279 - Potgieterstraat 2, Haarlem","address":"2 Potgieterstraat","city":"Haarlem","operatorName":"TotalEnergies","maxPowerKw":13,"isMegawatt":false,"status":"UNAVAILABLE","source":"ndw"}},{"type":"Feature","geometry":{"type":"Point","coordinates":[4.66841,52.3555]},"properties":{"type":"charge","layer":"passenger","locationId":"6B72EEF3-8ABB-433D-9004-A81ADDC661CE","name":"PP004028 - Pearl S. Buckstraat 1, Haarlem","address":"1 Pearl S. Buckstraat","city":"Haarlem","operatorName":"TotalEnergies","maxPowerKw":13,"isMegawatt":false,"status":"AVAILABLE","source":"ndw"}},{"type":"Feature","geometry":{"type":"Point","coordinates":[4.66238,52.38047]},"properties":{"type":"charge","layer":"passenger","locationId":"1BB58566-0ABE-48BD-8341-5CDFD79B94DE","name":"PP002279 - Berlagelaan 3, Haarlem","address":"3 Berlagelaan","city":"Haarlem","operatorName":"TotalEnergies","maxPowerKw":17,"isMegawatt":false,"status":"CHARGING","source":"ndw"}},{"type":"Feature","geometry":{"type":"Point","coordinates":[4.64294,52.389713]},"properties":{"type":"charge","layer":"passenger","locationId":"5dee174c-0da1-4587-9de8-7d4b38dd7328","name":"TNLP008593 - Kloppersingel 57, Haarlem","address":"57 Kloppersingel","city":"Haarlem","operatorName":"TotalEnergies","maxPowerKw":14,"isMegawatt":false,"status":"AVAILABLE","source":"ndw"}},{"type":"Feature","geometry":{"type":"Point","coordinates":[4.60814,52.37083]},"properties":{"type":"charge","layer":"passenger","locationId":"B7F6B2F1-880E-4EC9-A27E-C25A9F496580","name":"TNLP006891 - Egelantierlaan 12, Haarlem","address":"12 Egelantierlaan","city":"Haarlem","operatorName":"TotalEnergies","maxPowerKw":13,"isMegawatt":false,"status":"AVAILABLE","source":"ndw"}},{"type":"Feature","geometry":{"type":"Point","coordinates":[4.650811,52.4033]},"properties":{"type":"charge","layer":"passenger","locationId":"14e0a2fc-90aa-44b3-bf92-14f1b33b5f66","name":"TNLP007636 - Spaarnhovenstraat 57, Haarlem","address":"57 Spaarnhovenstraat","city":"Haarlem","operatorName":"TotalEnergies","maxPowerKw":15,"isMegawatt":false,"status":"CHARGING","source":"ndw"}},{"type":"Feature","geometry":{"type":"Point","coordinates":[4.652352,52.370445]},"properties":{"type":"charge","layer":"passenger","locationId":"230F630F-EE03-4803-9AE3-967B420F0A93","name":"TNLP009663 - Freddie Oversteegenstraat 423, Haarlem","address":"423 Freddie Oversteegenstraat","city":"Haarlem","operatorName":"TotalEnergies","maxPowerKw":17,"isMegawatt":false,"status":"AVAILABLE","source":"ndw"}},{"type":"Feature","geometry":{"type":"Point","coordinates":[4.638431,52.376198]},"properties":{"type":"charge","layer":"passenger","locationId":"7558714E-B7AC-420E-BC16-7C7FFAF0B834","name":"PP005252 - Petrus Planciusstraat 6, Haarlem","address":"6 Petrus Planciusstraat","city":"Haarlem","operatorName":"TotalEnergies","maxPowerKw":13,"isMegawatt":false,"status":"UNAVAILABLE","source":"ndw"}},{"type":"Feature","geometry":{"type":"Point","coordinates":[4.632768,52.376163]},"properties":{"type":"charge","layer":"passenger","locationId":"4C8ACD61-7E91-49C7-A74C-E83E700335F6","name":"TNLP009973 - Gasthuisvest 21, Haarlem","address":"21 Gasthuisvest","city":"Haarlem","operatorName":"TotalEnergies","maxPowerKw":13,"isMegawatt":false,"status":"CHARGING","source":"ndw"}},{"type":"Feature","geometry":{"type":"Point","coordinates":[4.62922,52.39693]},"properties":{"type":"charge","layer":"passenger","locationId":"3B616F36-60AB-4599-9A5C-1525F43E5FD4","name":"PP004007 - Jan Haringstraat 1, Haarlem","address":"1 Jan Haringstraat","city":"Haarlem","operatorName":"TotalEnergies","maxPowerKw":13,"isMegawatt":false,"status":"UNAVAILABLE","source":"ndw"}},{"type":"Feature","geometry":{"type":"Point","coordinates":[4.64216,52.39137]},"properties":{"type":"charge","layer":"passenger","locationId":"E205F6A3-29B5-4263-8C14-9385D4C12939","name":"PP004096 - Regulierstraat 36, Haarlem","address":"36 Regulierstraat","city":"Haarlem","operatorName":"TotalEnergies","maxPowerKw":13,"isMegawatt":false,"status":"UNAVAILABLE","source":"ndw"}},{"type":"Feature","geometry":{"type":"Point","coordinates":[4.619039,52.371268]},"properties":{"type":"charge","layer":"passenger","locationId":"992e19f5-535e-483a-9a51-6b028096194c","name":"Schouwtjeslaan","address":"Schouwtjeslaan 63","city":"Haarlem","operatorName":"Vattenfall InCharge","maxPowerKw":11,"isMegawatt":false,"status":"UNAVAILABLE","source":"ndw","priceKwh":0.4316}},{"type":"Feature","geometry":{"type":"Point","coordinates":[4.633593,52.40136]},"properties":{"type":"charge","layer":"passenger","locationId":"BDEE5C6F-76BE-4702-87F3-E51F98277311","name":"TNLP008753 - Plataanstraat 35, Haarlem","address":"35 Plataanstraat","city":"Haarlem","operatorName":"TotalEnergies","maxPowerKw":13,"isMegawatt":false,"status":"AVAILABLE","source":"ndw"}},{"type":"Feature","geometry":{"type":"Point","coordinates":[4.655359,52.42012]},"properties":{"type":"charge","layer":"passenger","locationId":"9BD03A36-31E8-4442-8CE0-CD5A4817C469","name":"TNLP006156 - Vondelweg 462, Haarlem","address":"462 Vondelweg","city":"Haarlem","operatorName":"TotalEnergies","maxPowerKw":13,"isMegawatt":false,"status":"UNAVAILABLE","source":"ndw"}},{"type":"Feature","geometry":{"type":"Point","coordinates":[4.625628,52.382545]},"properties":{"type":"charge","layer":"passenger","locationId":"5D26E27A-732F-4F45-B6E1-DA947D181BA2","name":"TNLP006171 - Waldeck Pyrmontstraat 1, Haarlem","address":"1 Waldeck Pyrmontstraat","city":"Haarlem","operatorName":"TotalEnergies","maxPowerKw":13,"isMegawatt":false,"status":"AVAILABLE","source":"ndw"}},{"type":"Feature","geometry":{"type":"Point","coordinates":[4.603448,52.37271]},"properties":{"type":"charge","layer":"passenger","locationId":"75DBE6FA-AAB8-4DE8-98CC-364B7053DF05","name":"TNLP006979 - Daslookweg 2, Haarlem","address":"2 Daslookweg","city":"Haarlem","operatorName":"TotalEnergies","maxPowerKw":13,"isMegawatt":false,"status":"UNAVAILABLE","source":"ndw"}},{"type":"Feature","geometry":{"type":"Point","coordinates":[4.64313,52.39719]},"properties":{"type":"charge","layer":"passenger","locationId":"D6FB6D61-DCF0-4E2A-9BD9-B867F24E965C","name":"TNLP007157 - Julianapark 10, Haarlem","address":"10 Julianapark","city":"Haarlem","operatorName":"TotalEnergies","maxPowerKw":13,"isMegawatt":false,"status":"UNAVAILABLE","source":"ndw"}},{"type":"Feature","geometry":{"type":"Point","coordinates":[4.651772,52.37793]},"properties":{"type":"charge","layer":"passenger","locationId":"A6AD4E45-0DB9-40CC-953C-724DDBDA75E9","name":"TNLP007760 - Adriaan Loosjesstraaat 93, Haarlem","address":"93 Adriaan Loosjesstraaat","city":"Haarlem","operatorName":"TotalEnergies","maxPowerKw":13,"isMegawatt":false,"status":"AVAILABLE","source":"ndw"}},{"type":"Feature","geometry":{"type":"Point","coordinates":[4.62323,52.38344]},"properties":{"type":"charge","layer":"passenger","locationId":"61aa9385-e755-4035-a88e-199f20908dca","name":"PP001545 - Brouwerskade 57, Haarlem","address":"57 Brouwerskade","city":"Haarlem","operatorName":"TotalEnergies","maxPowerKw":11,"isMegawatt":false,"status":"UNAVAILABLE","source":"ndw"}},{"type":"Feature","geometry":{"type":"Point","coordinates":[4.608452,52.36693]},"properties":{"type":"charge","layer":"passenger","locationId":"23D769DA-4AAE-4359-B81D-C75BDF21695D","name":"TNLP007430 - Van Leeuwenhoekstraat 14, Haarlem","address":"14 Van Leeuwenhoekstraat","city":"Haarlem","operatorName":"TotalEnergies","maxPowerKw":13,"isMegawatt":false,"status":"AVAILABLE","source":"ndw"}},{"type":"Feature","geometry":{"type":"Point","coordinates":[4.630249,52.37635]},"properties":{"type":"charge","layer":"passenger","locationId":"D47854EF-82CB-4F2D-A98B-C9C100A839EC","name":"PP004090 - Raamvest 55, Haarlem","address":"55 Raamvest","city":"Haarlem","operatorName":"TotalEnergies","maxPowerKw":13,"isMegawatt":false,"status":"UNAVAILABLE","source":"ndw"}},{"type":"Feature","geometry":{"type":"Point","coordinates":[4.654233,52.354088]},"properties":{"type":"charge","layer":"passenger","locationId":"6BCCB86C-FFE4-4377-9135-B5EF8F2653A2","name":"TNLP006098 - Waddenstraat 783, Haarlem","address":"783 Waddenstraat","city":"Haarlem","operatorName":"TotalEnergies","maxPowerKw":13,"isMegawatt":false,"status":"UNAVAILABLE","source":"ndw"}},{"type":"Feature","geometry":{"type":"Point","coordinates":[4.620807,52.38376]},"properties":{"type":"charge","layer":"passenger","locationId":"F27FBA3B-C665-40C3-89A0-B6047A99530D","name":"TNLP009239 - Brouwerskade 81, Haarlem","address":"81 Brouwerskade","city":"Haarlem","operatorName":"TotalEnergies","maxPowerKw":13,"isMegawatt":false,"status":"UNAVAILABLE","source":"ndw"}},{"type":"Feature","geometry":{"type":"Point","coordinates":[4.664617,52.377415]},"properties":{"type":"charge","layer":"passenger","locationId":"12E382D3-4828-4A05-9763-1A31578D10F3","name":"TNLP006443 - Jan Sluijterslaan 11, Haarlem","address":"11 Jan Sluijterslaan","city":"Haarlem","operatorName":"TotalEnergies","maxPowerKw":13,"isMegawatt":false,"status":"AVAILABLE","source":"ndw"}},{"type":"Feature","geometry":{"type":"Point","coordinates":[4.65361,52.34937]},"properties":{"type":"charge","layer":"passenger","locationId":"151a3cb5-3c3f-4d6c-ac64-b91c16562501","name":"PP001114 - Betuwelaan 2, Haarlem","address":"2 Betuwelaan","city":"Haarlem","operatorName":"TotalEnergies","maxPowerKw":11,"isMegawatt":false,"status":"UNAVAILABLE","source":"ndw"}},{"type":"Feature","geometry":{"type":"Point","coordinates":[4.633341,52.383873]},"properties":{"type":"charge","layer":"passenger","locationId":"298730B3-96D8-4D68-9323-E4CB7A59A827","name":"Laadplein - PP004101 - Nassaulaan 56, Haarlem","address":"56 Nassaulaan","city":"Haarlem","operatorName":"TotalEnergies","maxPowerKw":17,"isMegawatt":false,"status":"CHARGING","source":"ndw"}},{"type":"Feature","geometry":{"type":"Point","coordinates":[4.63825,52.38556]},"properties":{"type":"charge","layer":"passenger","locationId":"6F607549-55C7-4E28-8E1D-F08EC9FB249C","name":"TNLP009693 - Parklaan 32, Haarlem","address":"32 Parklaan","city":"Haarlem","operatorName":"TotalEnergies","maxPowerKw":17,"isMegawatt":false,"status":"AVAILABLE","source":"ndw"}},{"type":"Feature","geometry":{"type":"Point","coordinates":[4.634411,52.405735]},"properties":{"type":"charge","layer":"passenger","locationId":"DBAA5FFC-C5CE-4E2B-BE2D-0701818D4D58","name":"TNLP009324 - Pleiadenstraat 154, Haarlem","address":"154 Pleiadenstraat","city":"Haarlem","operatorName":"TotalEnergies","maxPowerKw":13,"isMegawatt":false,"status":"AVAILABLE","source":"ndw"}},{"type":"Feature","geometry":{"type":"Point","coordinates":[4.65676,52.40479]},"properties":{"type":"charge","layer":"passenger","locationId":"124C7124-CB20-45D9-B662-193878CCBA3B","name":"PP005375 - Botterboulevard 60, Haarlem","address":"60 Botterboulevard","city":"Haarlem","operatorName":"TotalEnergies","maxPowerKw":13,"isMegawatt":false,"status":"AVAILABLE","source":"ndw"}},{"type":"Feature","geometry":{"type":"Point","coordinates":[4.655323,52.41321]},"properties":{"type":"charge","layer":"passenger","locationId":"1F7CF946-2AB7-4F1C-8C63-807BACD424C0","name":"TNLP007239 - Reigerstraat 129, Haarlem","address":"129 Reigerstraat","city":"Haarlem","operatorName":"TotalEnergies","maxPowerKw":13,"isMegawatt":false,"status":"AVAILABLE","source":"ndw"}},{"type":"Feature","geometry":{"type":"Point","coordinates":[4.66142,52.35305]},"properties":{"type":"charge","layer":"passenger","locationId":"68F57663-5178-4BCA-9884-7D5FBAAC16BF","name":"PP004241 - Martin Luther Kinglaan 50-60, Haarlem","address":"50-60 Martin Luther Kinglaan","city":"Haarlem","operatorName":"TotalEnergies","maxPowerKw":13,"isMegawatt":false,"status":"UNAVAILABLE","source":"ndw"}},{"type":"Feature","geometry":{"type":"Point","coordinates":[4.6162,52.36816]},"properties":{"type":"charge","layer":"passenger","locationId":"0630b243-4643-4fe5-90c9-61f2a19f563d","name":"PP002128 - Prinsessekade 44, Haarlem","address":"44 Prinsessekade","city":"Haarlem","operatorName":"TotalEnergies","maxPowerKw":11,"isMegawatt":false,"status":"CHARGING","source":"ndw"}},{"type":"Feature","geometry":{"type":"Point","coordinates":[4.650314,52.356525]},"properties":{"type":"charge","layer":"passenger","locationId":"7FD12227-0B99-482A-861A-16164716348A","name":"TNLP007404 - Laan van Berlijn 126, Haarlem","address":"126 Laan van Berlijn","city":"Haarlem","operatorName":"TotalEnergies","maxPowerKw":13,"isMegawatt":false,"status":"AVAILABLE","source":"ndw"}},{"type":"Feature","geometry":{"type":"Point","coordinates":[4.621824,52.370599]},"properties":{"type":"charge","layer":"passenger","locationId":"61876352","name":"Laadpaal24 61876352","address":"Uit den Bosstraat 12","city":"Haarlem","operatorName":"Laadpaal24","maxPowerKw":11,"isMegawatt":false,"status":"AVAILABLE","source":"ndw"}},{"type":"Feature","geometry":{"type":"Point","coordinates":[4.63614,52.374662]},"properties":{"type":"charge","layer":"passenger","locationId":"25cc0d6e6d68dca1f65019f7cb430c1d","name":"Bloemhofstraat 22","address":"Bloemhofstraat 22","city":"Haarlem","operatorName":"Vattenfall InCharge","maxPowerKw":11,"isMegawatt":false,"status":"AVAILABLE","source":"ndw","priceKwh":0.2805}},{"type":"Feature","geometry":{"type":"Point","coordinates":[4.640861,52.379215]},"properties":{"type":"charge","layer":"passenger","locationId":"06d9cc1e0f82e643ee799814f95b08e3","name":"Beeksteeg 11","address":"Beeksteeg 11","city":"Haarlem","operatorName":"Vattenfall InCharge","maxPowerKw":11,"isMegawatt":false,"status":"CHARGING","source":"ndw","priceKwh":0.2805}},{"type":"Feature","geometry":{"type":"Point","coordinates":[4.661392,52.36275]},"properties":{"type":"charge","layer":"passenger","locationId":"065F3C1B-E8FC-48CF-A134-B2BF0F192806","name":"TNLP008794 - Mathijsenstraat 28, Haarlem","address":"28 Mathijsenstraat","city":"Haarlem","operatorName":"TotalEnergies","maxPowerKw":14,"isMegawatt":false,"status":"AVAILABLE","source":"ndw"}},{"type":"Feature","geometry":{"type":"Point","coordinates":[4.64175,52.37996]},"properties":{"type":"charge","layer":"passenger","locationId":"1F791D89-0A39-4830-8DCF-087A3B6FAA0B","name":"PP001987 - Korte Spaarne 21, Haarlem","address":"21 Korte Spaarne","city":"Haarlem","operatorName":"TotalEnergies","maxPowerKw":11,"isMegawatt":false,"status":"AVAILABLE","source":"ndw"}},{"type":"Feature","geometry":{"type":"Point","coordinates":[4.6506814,52.3584688]},"properties":{"type":"charge","layer":"passenger","locationId":"1952","name":"Shell Recharge NL Wenenstraat 1","address":"Wenenstraat 1","city":"Haarlem","operatorName":"Ubitricity","maxPowerKw":22,"isMegawatt":false,"status":"AVAILABLE","source":"ndw","priceKwh":0.267}},{"type":"Feature","geometry":{"type":"Point","coordinates":[4.638682,52.391514]},"properties":{"type":"charge","layer":"passenger","locationId":"B0EBD32E-A6D8-4C1E-A912-D268AB4C89B8","name":"TNLP005997 - Frans Halsstraat 30, Haarlem","address":"30 Frans Halsstraat","city":"Haarlem","operatorName":"TotalEnergies","maxPowerKw":13,"isMegawatt":false,"status":"AVAILABLE","source":"ndw"}},{"type":"Feature","geometry":{"type":"Point","coordinates":[4.648859,52.373097]},"properties":{"type":"charge","layer":"passenger","locationId":"8d3c51e94af666c7600eac64869a068f","name":"Diederikstraat 14","address":"Diederikstraat 14","city":"Haarlem","operatorName":"Vattenfall InCharge","maxPowerKw":11,"isMegawatt":false,"status":"AVAILABLE","source":"ndw","priceKwh":0.2805}},{"type":"Feature","geometry":{"type":"Point","coordinates":[4.65083,52.38052]},"properties":{"type":"charge","layer":"passenger","locationId":"EEC0B4D4-3F27-409E-8F32-4D90B215134E","name":"PP004035 - Vaartstraat 13, Haarlem","address":"13 Vaartstraat","city":"Haarlem","operatorName":"TotalEnergies","maxPowerKw":13,"isMegawatt":false,"status":"UNAVAILABLE","source":"ndw"}},{"type":"Feature","geometry":{"type":"Point","coordinates":[4.6488834,52.3769711]},"properties":{"type":"charge","layer":"passenger","locationId":"1417","name":"Shell Recharge NL Zomerkade 123","address":"Zomerkade 123","city":"Haarlem","operatorName":"Ubitricity","maxPowerKw":22,"isMegawatt":false,"status":"AVAILABLE","source":"ndw","priceKwh":0.267}},{"type":"Feature","geometry":{"type":"Point","coordinates":[4.63386,52.3723]},"properties":{"type":"charge","layer":"passenger","locationId":"e4029c47-5c8f-4159-aa77-7d2765e3bbfc","name":"PP001944 - Twijnderslaan 1, Haarlem","address":"1 Twijnderslaan","city":"Haarlem","operatorName":"TotalEnergies","maxPowerKw":11,"isMegawatt":false,"status":"AVAILABLE","source":"ndw"}},{"type":"Feature","geometry":{"type":"Point","coordinates":[4.64471,52.3957]},"properties":{"type":"charge","layer":"passenger","locationId":"f06ba7dd-bd4b-48a7-a5e5-fe9390a6d373","name":"PP002163 - Bloemfonteinstraat 16, Haarlem","address":"16 Bloemfonteinstraat","city":"Haarlem","operatorName":"TotalEnergies","maxPowerKw":11,"isMegawatt":false,"status":"AVAILABLE","source":"ndw"}},{"type":"Feature","geometry":{"type":"Point","coordinates":[4.64524,52.39648]},"properties":{"type":"charge","layer":"passenger","locationId":"ab82ab38-79c5-43a4-90ee-63adb1455ad1","name":"PP002115 - Sumatrastraat 2, Haarlem","address":"2 Sumatrastraat","city":"Haarlem","operatorName":"TotalEnergies","maxPowerKw":11,"isMegawatt":false,"status":"CHARGING","source":"ndw"}},{"type":"Feature","geometry":{"type":"Point","coordinates":[4.66222,52.382897]},"properties":{"type":"charge","layer":"passenger","locationId":"91106190","name":"50five-S NL 18B04257","address":"Jan van Krimpenweg 11","city":"Haarlem","operatorName":"50five","maxPowerKw":19,"isMegawatt":false,"status":"AVAILABLE","source":"ndw"}},{"type":"Feature","geometry":{"type":"Point","coordinates":[4.667636,52.386196]},"properties":{"type":"charge","layer":"passenger","locationId":"91109484","name":"50five-S NL 19B05032","address":"Busweg 1","city":"Haarlem","operatorName":"50five","maxPowerKw":19,"isMegawatt":false,"status":"AVAILABLE","source":"ndw"}},{"type":"Feature","geometry":{"type":"Point","coordinates":[4.65127,52.41266]},"properties":{"type":"charge","layer":"passenger","locationId":"C2123B7B-BD40-4ED8-922C-2318612A4985","name":"PP005061 - Rijksstraatweg 344, Haarlem","address":"344 Rijksstraatweg","city":"Haarlem","operatorName":"TotalEnergies","maxPowerKw":13,"isMegawatt":false,"status":"UNAVAILABLE","source":"ndw"}},{"type":"Feature","geometry":{"type":"Point","coordinates":[4.645438,52.399475]},"properties":{"type":"charge","layer":"passenger","locationId":"56A39D6C-4243-4D23-9D9A-76C7FE93A7F5","name":"PP005030 - Timorstraat 1, Haarlem","address":"1 Timorstraat","city":"Haarlem","operatorName":"TotalEnergies","maxPowerKw":13,"isMegawatt":false,"status":"UNAVAILABLE","source":"ndw"}},{"type":"Feature","geometry":{"type":"Point","coordinates":[4.64798,52.38017]},"properties":{"type":"charge","layer":"passenger","locationId":"23CB67D7-8AE6-425C-9629-B08F0BF4BCCF","name":"PP004269 - Severijnsstraat 2, Haarlem","address":"2 Severijnsstraat","city":"Haarlem","operatorName":"TotalEnergies","maxPowerKw":13,"isMegawatt":false,"status":"UNAVAILABLE","source":"ndw"}},{"type":"Feature","geometry":{"type":"Point","coordinates":[4.63215,52.3851]},"properties":{"type":"charge","layer":"passenger","locationId":"5FAEA2FB-57B8-4995-81D9-7252D1A2DC68","name":"PP004310 - Nieuwe Gracht 55, Haarlem","address":"55 Nieuwe Gracht","city":"Haarlem","operatorName":"TotalEnergies","maxPowerKw":13,"isMegawatt":false,"status":"UNAVAILABLE","source":"ndw"}},{"type":"Feature","geometry":{"type":"Point","coordinates":[4.643736,52.38658]},"properties":{"type":"charge","layer":"passenger","locationId":"06B2065A-15FF-4721-A518-D82AA6F06D9E","name":"TNLP009326 - Gonnetstraat 26, Haarlem","address":"26 Gonnetstraat","city":"Haarlem","operatorName":"TotalEnergies","maxPowerKw":15,"isMegawatt":false,"status":"UNAVAILABLE","source":"ndw"}},{"type":"Feature","geometry":{"type":"Point","coordinates":[4.61911,52.377083]},"properties":{"type":"charge","layer":"passenger","locationId":"BC0BA5CF-F0CA-41A4-81C9-4DFE4DCD3E56","name":"TNLP015447 - Van Oosten de Bruijnstraat 43, Haarlem","address":"43 Van Oosten de Bruijnstraat","city":"Haarlem","operatorName":"TotalEnergies","maxPowerKw":13,"isMegawatt":false,"status":"AVAILABLE","source":"ndw"}},{"type":"Feature","geometry":{"type":"Point","coordinates":[4.648979,52.388466]},"properties":{"type":"charge","layer":"passenger","locationId":"C4C3AFBD-9936-479E-8398-501C37CDF915","name":"TNLP006035 - Spaarndamseweg 60, Haarlem","address":"60 Spaarndamseweg","city":"Haarlem","operatorName":"TotalEnergies","maxPowerKw":13,"isMegawatt":false,"status":"AVAILABLE","source":"ndw"}},{"type":"Feature","geometry":{"type":"Point","coordinates":[4.627244,52.377314]},"properties":{"type":"charge","layer":"passenger","locationId":"6325059d-cf59-4795-a4d8-75fd29c8cec9","name":"Raamvest","address":"Raamvest 1","city":"Haarlem","operatorName":"Vattenfall InCharge","maxPowerKw":11,"isMegawatt":false,"status":"UNAVAILABLE","source":"ndw","priceKwh":0.4316}},{"type":"Feature","geometry":{"type":"Point","coordinates":[4.6291,52.3862]},"properties":{"type":"charge","layer":"passenger","locationId":"10f285fc-b580-447e-85c6-13ab12210092","name":"PP002040 - Nicolaas van der Laanstraat 26, Haarlem","address":"26 Nicolaas van der Laanstraat","city":"Haarlem","operatorName":"TotalEnergies","maxPowerKw":11,"isMegawatt":false,"status":"AVAILABLE","source":"ndw"}},{"type":"Feature","geometry":{"type":"Point","coordinates":[4.65135,52.37673]},"properties":{"type":"charge","layer":"passenger","locationId":"67beb4f1-c03e-4701-a090-9188c6380078","name":"PP001026 - Zomerkade 163, Haarlem","address":"163 Zomerkade","city":"Haarlem","operatorName":"TotalEnergies","maxPowerKw":11,"isMegawatt":false,"status":"UNAVAILABLE","source":"ndw"}},{"type":"Feature","geometry":{"type":"Point","coordinates":[4.65497,52.41946]},"properties":{"type":"charge","layer":"passenger","locationId":"56DEC541-280A-476A-8966-897898BCBA71","name":"PP004041 - Stalpaert van der Wielenstraat 37, Haarlem","address":"37 Stalpaert van der Wielenstraat","city":"Haarlem","operatorName":"TotalEnergies","maxPowerKw":13,"isMegawatt":false,"status":"UNAVAILABLE","source":"ndw"}},{"type":"Feature","geometry":{"type":"Point","coordinates":[4.63761,52.4015]},"properties":{"type":"charge","layer":"passenger","locationId":"720","name":"Shell Recharge NL Marnixstraat 164","address":"Marnixstraat 164","city":"Haarlem","operatorName":"Ubitricity","maxPowerKw":11,"isMegawatt":false,"status":"AVAILABLE","source":"ndw","priceKwh":0.392}},{"type":"Feature","geometry":{"type":"Point","coordinates":[4.6607,52.399403]},"properties":{"type":"charge","layer":"passenger","locationId":"3A9933F2-10FF-4EDF-AFD8-C24A9B83230D","name":"TNLP008934 - Waarderweg 94, Haarlem","address":"94 Waarderweg","city":"Haarlem","operatorName":"TotalEnergies","maxPowerKw":14,"isMegawatt":false,"status":"UNAVAILABLE","source":"ndw"}},{"type":"Feature","geometry":{"type":"Point","coordinates":[4.634315,52.386319]},"properties":{"type":"charge","layer":"passenger","locationId":"f54758ae-65c8-4870-858b-42585a16d519","name":"Kenaupark","address":"Kenaupark 33","city":"Haarlem","operatorName":"Vattenfall InCharge","maxPowerKw":11,"isMegawatt":false,"status":"UNAVAILABLE","source":"ndw","priceKwh":0.4316}},{"type":"Feature","geometry":{"type":"Point","coordinates":[4.669572,52.385987]},"properties":{"type":"charge","layer":"passenger","locationId":"91147726","name":"50five-S NL 08103497","address":"Swensweg 5","city":"Haarlem","operatorName":"50five","maxPowerKw":22,"isMegawatt":false,"status":"AVAILABLE","source":"ndw"}},{"type":"Feature","geometry":{"type":"Point","coordinates":[4.65977,52.36635]},"properties":{"type":"charge","layer":"passenger","locationId":"f626001d-0a0f-4f99-a0e5-d997826eff08","name":"PP001020 - Louis Pasteurstraat 235, Haarlem","address":"235 Louis Pasteurstraat","city":"Haarlem","operatorName":"TotalEnergies","maxPowerKw":11,"isMegawatt":false,"status":"UNAVAILABLE","source":"ndw"}},{"type":"Feature","geometry":{"type":"Point","coordinates":[4.64926,52.39715]},"properties":{"type":"charge","layer":"passenger","locationId":"0182F9FE-2DBA-453F-BE82-B99AC20BFBA1","name":"PP001022 - Delistraat 68, Haarlem","address":"68 Delistraat","city":"Haarlem","operatorName":"TotalEnergies","maxPowerKw":11,"isMegawatt":false,"status":"UNAVAILABLE","source":"ndw"}},{"type":"Feature","geometry":{"type":"Point","coordinates":[4.633833,52.395252]},"properties":{"type":"charge","layer":"passenger","locationId":"82D45D78-5CA2-46BF-BC57-FE833214A1B8","name":"TNLP007709 - Velserstraat 109, Haarlem","address":"109 Velserstraat","city":"Haarlem","operatorName":"TotalEnergies","maxPowerKw":13,"isMegawatt":false,"status":"CHARGING","source":"ndw"}},{"type":"Feature","geometry":{"type":"Point","coordinates":[4.63362,52.394142]},"properties":{"type":"charge","layer":"passenger","locationId":"C58332B4-2109-42D6-B345-8BE1AA035045","name":"TNLP006148 - Gerrit van Heesstraat 19, Haarlem","address":"19 Gerrit van Heesstraat","city":"Haarlem","operatorName":"TotalEnergies","maxPowerKw":13,"isMegawatt":false,"status":"UNAVAILABLE","source":"ndw"}},{"type":"Feature","geometry":{"type":"Point","coordinates":[4.665495,52.353669]},"properties":{"type":"charge","layer":"passenger","locationId":"9ede05f9a716198b959b5baa3bde7cc9","name":"Erasmuslaan 142","address":"Erasmuslaan 142","city":"Haarlem","operatorName":"Vattenfall InCharge","maxPowerKw":11,"isMegawatt":false,"status":"CHARGING","source":"ndw","priceKwh":0.2805}},{"type":"Feature","geometry":{"type":"Point","coordinates":[4.651452,52.421276]},"properties":{"type":"charge","layer":"passenger","locationId":"86DF05F3-9DA9-4CA4-A46B-DAD109FFE009","name":"PP001451 - Vondelweg 808, Haarlem","address":"808 Vondelweg","city":"Haarlem","operatorName":"TotalEnergies","maxPowerKw":11,"isMegawatt":false,"status":"UNAVAILABLE","source":"ndw"}},{"type":"Feature","geometry":{"type":"Point","coordinates":[4.61484,52.37088]},"properties":{"type":"charge","layer":"passenger","locationId":"A7A49921-9A28-420B-9161-4B5E1DA3844C","name":"PP005111 - Stephensonstraat 8-10, Haarlem","address":"8-10 Stephensonstraat","city":"Haarlem","operatorName":"TotalEnergies","maxPowerKw":13,"isMegawatt":false,"status":"AVAILABLE","source":"ndw"}},{"type":"Feature","geometry":{"type":"Point","coordinates":[4.66294,52.37557]},"properties":{"type":"charge","layer":"passenger","locationId":"13ac0f97-e5c2-4c6a-a478-1d236d8cf06f","name":"PP001463 - Martin Monnickendamstraat 1, Haarlem","address":"1 Martin Monnickendamstraat","city":"Haarlem","operatorName":"TotalEnergies","maxPowerKw":11,"isMegawatt":false,"status":"AVAILABLE","source":"ndw"}},{"type":"Feature","geometry":{"type":"Point","coordinates":[4.630698,52.371581]},"properties":{"type":"charge","layer":"passenger","locationId":"88189419","name":"Van Leeuwen Binnentuin Paviljoen Welgelegen","address":"Paviljoenslaan 1","city":"Haarlem","operatorName":"Van Leeuwen","maxPowerKw":22,"isMegawatt":false,"status":"AVAILABLE","source":"ndw"}},{"type":"Feature","geometry":{"type":"Point","coordinates":[4.631076,52.398506]},"properties":{"type":"charge","layer":"passenger","locationId":"F6B8005E-A46C-422E-A542-BEE87C19D458","name":"TNLP009412 - Heussensstraat 84, Haarlem","address":"84 Heussensstraat","city":"Haarlem","operatorName":"TotalEnergies","maxPowerKw":13,"isMegawatt":false,"status":"AVAILABLE","source":"ndw"}},{"type":"Feature","geometry":{"type":"Point","coordinates":[4.676299,52.411606]},"properties":{"type":"charge","layer":"passenger","locationId":"7DA4511F-1587-4459-9119-11E6934276BA","name":"TNLP008085 - Kerklaan 28, Spaarndam Gem. Haarlem","address":"28 Kerklaan","city":"Spaarndam Gem. Haarlem","operatorName":"TotalEnergies","maxPowerKw":15,"isMegawatt":false,"status":"AVAILABLE","source":"ndw"}},{"type":"Feature","geometry":{"type":"Point","coordinates":[4.655583,52.41904]},"properties":{"type":"charge","layer":"passenger","locationId":"91066475","name":"50five-S NL 17B13530","address":"Vergierdeweg 239","city":"Haarlem","operatorName":"50five","maxPowerKw":11,"isMegawatt":false,"status":"AVAILABLE","source":"ndw"}},{"type":"Feature","geometry":{"type":"Point","coordinates":[4.647854,52.368656]},"properties":{"type":"charge","layer":"passenger","locationId":"55828634","name":"Van Leeuwen 55828634","address":"Toekanweg 2","city":"Haarlem","operatorName":"Van Leeuwen","maxPowerKw":22,"isMegawatt":false,"status":"AVAILABLE","source":"ndw"}},{"type":"Feature","geometry":{"type":"Point","coordinates":[4.62017,52.37015]},"properties":{"type":"charge","layer":"passenger","locationId":"15","name":"Shell Recharge NL Bos en Vaartstraat 35","address":"Bos en Vaartstraat 35","city":"Haarlem","operatorName":"Ubitricity","maxPowerKw":11,"isMegawatt":false,"status":"AVAILABLE","source":"ndw","priceKwh":0.392}},{"type":"Feature","geometry":{"type":"Point","coordinates":[4.6523476,52.352715]},"properties":{"type":"charge","layer":"passenger","locationId":"544b5175-ec79-4fdd-9197-2f164d58c3a9","name":"EV Hub - Engelenburg 3, Haarlem","address":"3 Engelenburg","city":"Haarlem","operatorName":"TotalEnergies","maxPowerKw":50,"isMegawatt":false,"status":"AVAILABLE","source":"ndw"}},{"type":"Feature","geometry":{"type":"Point","coordinates":[4.653265,52.380503]},"properties":{"type":"charge","layer":"passenger","locationId":"a818c1c37e5077a0d9248675420f4fd1","name":"Teding van Berkhoutstraat 23","address":"Teding van Berkhoutstraat 23","city":"Haarlem","operatorName":"Vattenfall InCharge","maxPowerKw":11,"isMegawatt":false,"status":"AVAILABLE","source":"ndw","priceKwh":0.2805}},{"type":"Feature","geometry":{"type":"Point","coordinates":[4.630149,52.40106]},"properties":{"type":"charge","layer":"passenger","locationId":"31BD1425-020D-40D1-91B3-790010EE7A79","name":"TNLP007671 - Delftlaan 79, Haarlem","address":"79 Delftlaan","city":"Haarlem","operatorName":"TotalEnergies","maxPowerKw":13,"isMegawatt":false,"status":"AVAILABLE","source":"ndw"}},{"type":"Feature","geometry":{"type":"Point","coordinates":[4.641457,52.348812]},"properties":{"type":"charge","layer":"passenger","locationId":"6604BFA6-132D-47C4-BF45-70E5369A7E99","name":"TNLP009215 - Zuid Schalkwijkerweg 36, Haarlem","address":"36 Zuid Schalkwijkerweg","city":"Haarlem","operatorName":"TotalEnergies","maxPowerKw":15,"isMegawatt":false,"status":"AVAILABLE","source":"ndw"}},{"type":"Feature","geometry":{"type":"Point","coordinates":[4.625864,52.394032]},"properties":{"type":"charge","layer":"passenger","locationId":"33837e968b30cdd9da29fe1d532b517b","name":"Verspronckweg 229","address":"Verspronckweg 229","city":"Haarlem","operatorName":"Vattenfall InCharge","maxPowerKw":11,"isMegawatt":false,"status":"AVAILABLE","source":"ndw","priceKwh":0.2805}},{"type":"Feature","geometry":{"type":"Point","coordinates":[4.634002,52.388752]},"properties":{"type":"charge","layer":"passenger","locationId":"eae0ebc0-e41f-4f7e-bd2b-9c35798e0700","name":"TNLP034039","address":"Staten Bolwerk 2","city":"Haarlem","operatorName":"TotalEnergies","maxPowerKw":14,"isMegawatt":false,"status":"AVAILABLE","source":"ndw"}},{"type":"Feature","geometry":{"type":"Point","coordinates":[4.681921,52.382957]},"properties":{"type":"charge","layer":"freight","locationId":"32427","name":"Circle K Haarlem inz De Liede","address":"Amsterdamsevaart 288","city":"Haarlem","operatorName":"Spirii","maxPowerKw":400,"isMegawatt":false,"status":"AVAILABLE","source":"ndw","priceKwh":0.65,"freightKind":"hpc","freightReason":"power"}},{"type":"Feature","geometry":{"type":"MultiPolygon","coordinates":[[[[4.672124577399841,52.42239849453582],[4.674371863912762,52.41863423701827],[4.677495466689812,52.418962114788016],[4.681226618872763,52.41933147011857],[4.680647568823178,52.418005943054716],[4.681797836261322,52.41778056395068],[4.682475589674668,52.41384872512427],[4.68112998365208,52.41231707507304],[4.675506470514708,52.40962525394211],[4.671961779788357,52.409447088238664],[4.674378858427746,52.406469337854446],[4.668815644191445,52.404162815238934],[4.6686640050504815,52.40139942169087],[4.678685074780725,52.399477489976505],[4.678569664839288,52.39851477227921],[4.675629783939966,52.397249339113515],[4.67345726810804,52.394067361050475],[4.67454090926965,52.390911293231156],[4.6777156329385345,52.389737623122436],[4.681189722858352,52.3902867217492],[4.68143941256332,52.389915932618216],[4.682595220637449,52.38821615008563],[4.686920474472339,52.38744377561425],[4.685970054301379,52.384017938982524],[4.685995002341393,52.38351778023069],[4.677382839226449,52.37708820073596],[4.6727138793072145,52.37422482614723],[4.671376417968813,52.37038046412261],[4.671377136393972,52.37037434415018],[4.672091243836476,52.368158034575416],[4.675243851808947,52.35946896008696],[4.67646642766795,52.35618096104611],[4.675632806102522,52.35287955087747],[4.671481924135745,52.35014702978515],[4.660814888065086,52.34553794741528],[4.659232075994219,52.34486848308306],[4.656411368796874,52.34363919818696],[4.651657163415336,52.34155986728543],[4.647627952251755,52.34006896958984],[4.63964751664098,52.33890623989739],[4.639380110642484,52.3406290538758],[4.641033162199958,52.343985702742074],[4.640324298048361,52.345563102865974],[4.640385095639795,52.349833777437325],[4.639801975438012,52.35090741292485],[4.6365980205711805,52.35318391422233],[4.635849694489756,52.35403693986226],[4.634943121167501,52.35596193240188],[4.637589191396854,52.35946787156864],[4.637359951497013,52.360257624259404],[4.636625861440659,52.361484256736645],[4.630340128579718,52.360646870435104],[4.625628370776101,52.362126429432585],[4.618246165288271,52.36146671144793],[4.617718253930514,52.36153073868983],[4.610655364627197,52.362705948652184],[4.608580690406717,52.36295797694102],[4.6084224961265745,52.36298472125259],[4.605723363470968,52.36340488513627],[4.607323569742324,52.367044734361215],[4.6041574383152835,52.36759251178262],[4.603772964318116,52.36885689459954],[4.604586175944724,52.37135526001346],[4.601833933896053,52.372185671491415],[4.601452154146001,52.37277051896226],[4.601171120848888,52.37551533133206],[4.601066533735703,52.376801849505185],[4.599551411940689,52.37721944889028],[4.599782744059264,52.378962741123885],[4.600256376060231,52.38076228870291],[4.600530639149572,52.38292099889827],[4.602016683395574,52.384619392524954],[4.60533244137311,52.38549307340133],[4.608581626043221,52.38552156521454],[4.610819173697699,52.389821101326575],[4.616253771401774,52.388822396311056],[4.621605382300905,52.38798174160731],[4.623703271580333,52.39168707584609],[4.623670384682039,52.39577257458024],[4.624387026766204,52.397695734260445],[4.624408738016709,52.397740415193766],[4.629285273173356,52.40712402781407],[4.631647172370925,52.41166550100258],[4.636124847919033,52.410831165067826],[4.637285442510571,52.412122926102285],[4.639375064295388,52.41450786733896],[4.6424888435326475,52.41786994667973],[4.645016955764109,52.42102571027445],[4.645718029065154,52.421972234747535],[4.650768145555967,52.428569635849755],[4.653146656273828,52.42799952829059],[4.662832108412018,52.42585454691316],[4.664847213028844,52.42560356559657],[4.665624714024872,52.425488699258175],[4.672124577399841,52.42239849453582]]]]},"properties":{"type":"boundary","gemeente":"Haarlem","code":"GM0392"}}]}