{"type":"FeatureCollection","metadata":{"gemeente":"Hilversum","slug":"hilversum","code":"GM0402","generated_at":"2026-08-08T12:05:52.020Z","total_passenger":309,"total_freight":0,"bounds":[5.102065276271631,52.177833516045894,5.218960254256933,52.28546191777743],"operators":["50five","ChargePoint","DAEN Mobility","E-Flux by Road","Eneco","Laadnet","Laadpaal24","Q-Park Netherlands","SPIE","Shell Recharge","TotalEnergies","Ubitricity","Vattenfall InCharge","bp pulse","e-VOLTT"]},"features":[{"type":"Feature","geometry":{"type":"Point","coordinates":[5.192971,52.223408]},"properties":{"type":"charge","layer":"passenger","locationId":"3EAD1AB2-F93C-47ED-8E8F-BEDFFEB43E85","name":"TNLP006103 - Jan van der Heijdenstraat 277, Hilversum","address":"277 Jan van der Heijdenstraat","city":"Hilversum","operatorName":"TotalEnergies","maxPowerKw":17,"isMegawatt":false,"status":"UNAVAILABLE","source":"ndw"}},{"type":"Feature","geometry":{"type":"Point","coordinates":[5.185863,52.227722]},"properties":{"type":"charge","layer":"passenger","locationId":"7AF539B4-7A92-4FA2-A9A5-B6EAE55253FC","name":"TNLP007949 - Edisonstraat 2, Hilversum","address":"2 Edisonstraat","city":"Hilversum","operatorName":"TotalEnergies","maxPowerKw":17,"isMegawatt":false,"status":"AVAILABLE","source":"ndw"}},{"type":"Feature","geometry":{"type":"Point","coordinates":[5.183461,52.223675]},"properties":{"type":"charge","layer":"passenger","locationId":"e99f9084-4f0b-433c-966b-e2b1cda81bca","name":"TNLP009098 - Wandelpad 20, Hilversum","address":"20 Wandelpad","city":"Hilversum","operatorName":"TotalEnergies","maxPowerKw":15,"isMegawatt":false,"status":"AVAILABLE","source":"ndw"}},{"type":"Feature","geometry":{"type":"Point","coordinates":[5.197671,52.227709]},"properties":{"type":"charge","layer":"passenger","locationId":"6a2029e394f29a449869e2d6","name":"Hopman","address":"Lorentzweg 104","city":"Hilversum","operatorName":"SPIE","maxPowerKw":11,"isMegawatt":false,"status":"CHARGING","source":"ndw","priceKwh":0.35}},{"type":"Feature","geometry":{"type":"Point","coordinates":[5.13727,52.216434]},"properties":{"type":"charge","layer":"passenger","locationId":"BE0732D2-2160-423E-9DEB-D6AF9E99B510","name":"TNLP008152 - Calvijnhof 86, Hilversum","address":"86 Calvijnhof","city":"Hilversum","operatorName":"TotalEnergies","maxPowerKw":15,"isMegawatt":false,"status":"AVAILABLE","source":"ndw"}},{"type":"Feature","geometry":{"type":"Point","coordinates":[5.17902,52.2356]},"properties":{"type":"charge","layer":"passenger","locationId":"619","name":"Shell Recharge NL Van Kretschmar van Veenlaan 67","address":"Van Kretschmar van Veenlaan 67","city":"Hilversum","operatorName":"Ubitricity","maxPowerKw":11,"isMegawatt":false,"status":"AVAILABLE","source":"ndw","priceKwh":0.392}},{"type":"Feature","geometry":{"type":"Point","coordinates":[5.197858,52.232483]},"properties":{"type":"charge","layer":"passenger","locationId":"31EA6846-AF1C-4E58-9945-CBEEECB3B426","name":"TNLP015081 - Poolsterstraat 2, Hilversum","address":"2 Poolsterstraat","city":"Hilversum","operatorName":"TotalEnergies","maxPowerKw":17,"isMegawatt":false,"status":"AVAILABLE","source":"ndw"}},{"type":"Feature","geometry":{"type":"Point","coordinates":[5.156314,52.208275]},"properties":{"type":"charge","layer":"passenger","locationId":"AF386772-3A16-4F51-93BB-4E8CC39DE4A1","name":"TNLP008205 - Kolhornseweg 116, Hilversum","address":"116 Kolhornseweg","city":"Hilversum","operatorName":"TotalEnergies","maxPowerKw":17,"isMegawatt":false,"status":"AVAILABLE","source":"ndw"}},{"type":"Feature","geometry":{"type":"Point","coordinates":[5.135327,52.21522]},"properties":{"type":"charge","layer":"passenger","locationId":"68F88209-6A3B-4AA8-B30E-7073983A91F0","name":"TNLP006461 - Kerkelandenlaan 245, Hilversum","address":"245 Kerkelandenlaan","city":"Hilversum","operatorName":"TotalEnergies","maxPowerKw":17,"isMegawatt":false,"status":"AVAILABLE","source":"ndw"}},{"type":"Feature","geometry":{"type":"Point","coordinates":[5.186264,52.219807]},"properties":{"type":"charge","layer":"passenger","locationId":"6E000688-ADFF-4AA2-9049-DFA00B961484","name":"PP005527 - Oude Amersfoortseweg 77, Hilversum","address":"77 Oude Amersfoortseweg","city":"Hilversum","operatorName":"TotalEnergies","maxPowerKw":17,"isMegawatt":false,"status":"AVAILABLE","source":"ndw"}},{"type":"Feature","geometry":{"type":"Point","coordinates":[5.168033,52.22255]},"properties":{"type":"charge","layer":"passenger","locationId":"B7CD4A72-F64A-4C3F-8CCA-BA5102D60F37","name":"PP005359 - Vaartweg 45a, Hilversum","address":"45a Vaartweg","city":"Hilversum","operatorName":"TotalEnergies","maxPowerKw":11,"isMegawatt":false,"status":"AVAILABLE","source":"ndw"}},{"type":"Feature","geometry":{"type":"Point","coordinates":[5.16411,52.22125]},"properties":{"type":"charge","layer":"passenger","locationId":"58cf5f43-7d81-4fa4-85cd-1b1bcf77deee","name":"PP001422 - Floralaan 23, Hilversum","address":"23 Floralaan","city":"Hilversum","operatorName":"TotalEnergies","maxPowerKw":11,"isMegawatt":false,"status":"UNAVAILABLE","source":"ndw"}},{"type":"Feature","geometry":{"type":"Point","coordinates":[5.19876,52.22751]},"properties":{"type":"charge","layer":"passenger","locationId":"3B432747-CC9C-4282-A3DA-954A5EB3B54A","name":"PP004256 - Lorentzweg 118, Hilversum","address":"118 Lorentzweg","city":"Hilversum","operatorName":"TotalEnergies","maxPowerKw":11,"isMegawatt":false,"status":"CHARGING","source":"ndw"}},{"type":"Feature","geometry":{"type":"Point","coordinates":[5.164643,52.21059]},"properties":{"type":"charge","layer":"passenger","locationId":"E022664C-A613-42FC-AB95-FA398358EAC0","name":"TNLP009438 - Asterstraat 14, Hilversum","address":"14 Asterstraat","city":"Hilversum","operatorName":"TotalEnergies","maxPowerKw":15,"isMegawatt":false,"status":"AVAILABLE","source":"ndw"}},{"type":"Feature","geometry":{"type":"Point","coordinates":[5.179517,52.226406]},"properties":{"type":"charge","layer":"passenger","locationId":"489eba3a-7586-4984-a055-693230968556","name":"Q-Park Hilversum Markt","address":"Schapenkamp 12","city":"Hilversum","operatorName":"Q-Park Netherlands","maxPowerKw":11,"isMegawatt":false,"status":"AVAILABLE","source":"ndw"}},{"type":"Feature","geometry":{"type":"Point","coordinates":[5.201656,52.226948]},"properties":{"type":"charge","layer":"passenger","locationId":"D1BB7E15-146A-42C1-B06A-F263CE4578FE","name":"TNLP015438 - Anton Philipsweg 1, Hilversum","address":"1 Anton Philipsweg","city":"Hilversum","operatorName":"TotalEnergies","maxPowerKw":17,"isMegawatt":false,"status":"AVAILABLE","source":"ndw"}},{"type":"Feature","geometry":{"type":"Point","coordinates":[5.190723,52.212563]},"properties":{"type":"charge","layer":"passenger","locationId":"NLCPIL6693565","name":"NIKEEHQ HQ 31","address":"3 Colosseum","city":"Hilversum","operatorName":"ChargePoint","maxPowerKw":22,"isMegawatt":false,"status":"AVAILABLE","source":"ndw","priceKwh":0.17}},{"type":"Feature","geometry":{"type":"Point","coordinates":[5.195894,52.212153]},"properties":{"type":"charge","layer":"passenger","locationId":"90925933","name":"50five Exploitatie Project Olympia","address":"Olympia 4","city":"Hilversum","operatorName":"50five","maxPowerKw":11,"isMegawatt":false,"status":"AVAILABLE","source":"ndw"}},{"type":"Feature","geometry":{"type":"Point","coordinates":[5.190725,52.212815]},"properties":{"type":"charge","layer":"passenger","locationId":"NLCPIL6693585","name":"NIKEEHQ HQ 39","address":"3 Colosseum","city":"Hilversum","operatorName":"ChargePoint","maxPowerKw":22,"isMegawatt":false,"status":"AVAILABLE","source":"ndw","priceKwh":0.17}},{"type":"Feature","geometry":{"type":"Point","coordinates":[5.1732,52.22538]},"properties":{"type":"charge","layer":"passenger","locationId":"FCBA1001-0AF9-47D3-86FF-63E9C71F776F","name":"PP004196 - Bussumersteeg 3, Hilversum","address":"3 Bussumersteeg","city":"Hilversum","operatorName":"TotalEnergies","maxPowerKw":15,"isMegawatt":false,"status":"AVAILABLE","source":"ndw"}},{"type":"Feature","geometry":{"type":"Point","coordinates":[5.184178,52.21147]},"properties":{"type":"charge","layer":"passenger","locationId":"1795D74D-F253-41D3-96EC-800EA24F433B","name":"TNLP015077 - Laapersveld 27, Hilversum","address":"27 Laapersveld","city":"Hilversum","operatorName":"TotalEnergies","maxPowerKw":17,"isMegawatt":false,"status":"AVAILABLE","source":"ndw"}},{"type":"Feature","geometry":{"type":"Point","coordinates":[5.153994,52.188633]},"properties":{"type":"charge","layer":"passenger","locationId":"91045059","name":"50five-S NL 03004817","address":"Egelshoek 9","city":"Hilversum","operatorName":"50five","maxPowerKw":11,"isMegawatt":false,"status":"UNAVAILABLE","source":"ndw"}},{"type":"Feature","geometry":{"type":"Point","coordinates":[5.197609,52.211643]},"properties":{"type":"charge","layer":"passenger","locationId":"91068951","name":"50five-S NL 17B11540","address":"Curaçaolaan 11","city":"Hilversum","operatorName":"50five","maxPowerKw":11,"isMegawatt":false,"status":"AVAILABLE","source":"ndw"}},{"type":"Feature","geometry":{"type":"Point","coordinates":[5.12709,52.21887]},"properties":{"type":"charge","layer":"passenger","locationId":"490","name":"Shell Recharge NL Ludgeruslaan 115","address":"Ludgeruslaan 115","city":"Hilversum","operatorName":"Ubitricity","maxPowerKw":11,"isMegawatt":false,"status":"AVAILABLE","source":"ndw","priceKwh":0.392}},{"type":"Feature","geometry":{"type":"Point","coordinates":[5.190819,52.212212]},"properties":{"type":"charge","layer":"passenger","locationId":"NLCPIL6692375","name":"NIKEEHQ HQ 21","address":"1 Colosseum","city":"Hilversum","operatorName":"ChargePoint","maxPowerKw":22,"isMegawatt":false,"status":"AVAILABLE","source":"ndw","priceKwh":0.17}},{"type":"Feature","geometry":{"type":"Point","coordinates":[5.17667,52.23417]},"properties":{"type":"charge","layer":"passenger","locationId":"2DCB79D2-D127-4FD4-9950-CE6DA2D1530C","name":"PP004189 - Johannes Geradtsweg 199, Hilversum","address":"199 Johannes Geradtsweg","city":"Hilversum","operatorName":"TotalEnergies","maxPowerKw":11,"isMegawatt":false,"status":"CHARGING","source":"ndw"}},{"type":"Feature","geometry":{"type":"Point","coordinates":[5.173702,52.218365]},"properties":{"type":"charge","layer":"passenger","locationId":"060F3B92-B3B8-4BAD-AFA7-80669603ADF7","name":"TNLP007622 - Neuweg 97, Hilversum","address":"97 Neuweg","city":"Hilversum","operatorName":"TotalEnergies","maxPowerKw":17,"isMegawatt":false,"status":"AVAILABLE","source":"ndw"}},{"type":"Feature","geometry":{"type":"Point","coordinates":[5.158431,52.21228]},"properties":{"type":"charge","layer":"passenger","locationId":"1F4714D9-8EC8-4458-93D7-14789596DC30","name":"TNLP007587 - Johan de Wittstraat 40, Hilversum","address":"40 Johan de Wittstraat","city":"Hilversum","operatorName":"TotalEnergies","maxPowerKw":15,"isMegawatt":false,"status":"AVAILABLE","source":"ndw"}},{"type":"Feature","geometry":{"type":"Point","coordinates":[5.13998,52.21953]},"properties":{"type":"charge","layer":"passenger","locationId":"280","name":"Shell Recharge NL Gomarushof 34","address":"Gomarushof 34","city":"Hilversum","operatorName":"Ubitricity","maxPowerKw":11,"isMegawatt":false,"status":"AVAILABLE","source":"ndw","priceKwh":0.392}},{"type":"Feature","geometry":{"type":"Point","coordinates":[5.17308,52.231587]},"properties":{"type":"charge","layer":"passenger","locationId":"91098069","name":"50five-S NL 07102126","address":"Javalaan 26","city":"Hilversum","operatorName":"50five","maxPowerKw":11,"isMegawatt":false,"status":"UNAVAILABLE","source":"ndw"}},{"type":"Feature","geometry":{"type":"Point","coordinates":[5.17868,52.22838]},"properties":{"type":"charge","layer":"passenger","locationId":"B849CBAB-D4F4-42A8-BB4A-27BD52B4376C","name":"PP004104 - Huizerstraat 1, Hilversum","address":"1 Huizerstraat","city":"Hilversum","operatorName":"TotalEnergies","maxPowerKw":11,"isMegawatt":false,"status":"CHARGING","source":"ndw"}},{"type":"Feature","geometry":{"type":"Point","coordinates":[5.189471,52.229828]},"properties":{"type":"charge","layer":"passenger","locationId":"F340F6F1-E792-4EDC-94B7-0A62F585CFB5","name":"TNLP007767 - Eemnesserweg 69, Hilversum","address":"69 Eemnesserweg","city":"Hilversum","operatorName":"TotalEnergies","maxPowerKw":17,"isMegawatt":false,"status":"AVAILABLE","source":"ndw"}},{"type":"Feature","geometry":{"type":"Point","coordinates":[5.147486,52.218886]},"properties":{"type":"charge","layer":"passenger","locationId":"60b1fec35c20a86709c0f00e","name":"Paul's Garage (Rechts)","address":"Zeverijnstraat 20","city":"Hilversum","operatorName":"E-Flux by Road","maxPowerKw":11,"isMegawatt":false,"status":"AVAILABLE","source":"ndw","priceKwh":0.55}},{"type":"Feature","geometry":{"type":"Point","coordinates":[5.170773,52.220734]},"properties":{"type":"charge","layer":"passenger","locationId":"097F963B-329D-4950-A569-822479424128","name":"TNLP005689 - Havendwarsstraat 52, Hilversum","address":"52 Havendwarsstraat","city":"Hilversum","operatorName":"TotalEnergies","maxPowerKw":11,"isMegawatt":false,"status":"AVAILABLE","source":"ndw"}},{"type":"Feature","geometry":{"type":"Point","coordinates":[5.159019,52.214092]},"properties":{"type":"charge","layer":"passenger","locationId":"91052429","name":"50five-S NL 03002979","address":"Johan de Wittstraat 16","city":"Hilversum","operatorName":"50five","maxPowerKw":11,"isMegawatt":false,"status":"AVAILABLE","source":"ndw"}},{"type":"Feature","geometry":{"type":"Point","coordinates":[5.149947,52.224132]},"properties":{"type":"charge","layer":"passenger","locationId":"661528d7e107cf001c6e572a","name":"Cloud Factory","address":"beresteinseweg  34","city":"Hilversum","operatorName":"E-Flux by Road","maxPowerKw":11,"isMegawatt":false,"status":"AVAILABLE","source":"ndw","priceKwh":0.72}},{"type":"Feature","geometry":{"type":"Point","coordinates":[5.167061,52.2144]},"properties":{"type":"charge","layer":"passenger","locationId":"94B7CA87-9813-45F1-8330-3E22FF90358D","name":"TNLP009591 - Leliestraat 8, Hilversum","address":"8 Leliestraat","city":"Hilversum","operatorName":"TotalEnergies","maxPowerKw":15,"isMegawatt":false,"status":"AVAILABLE","source":"ndw"}},{"type":"Feature","geometry":{"type":"Point","coordinates":[5.200423,52.227703]},"properties":{"type":"charge","layer":"passenger","locationId":"4208916","name":"Laadnet Veiligheidsregio Laadpalen Hilversum","address":"Kamerlingh Onnesweg 148","city":"Hilversum","operatorName":"Laadnet","maxPowerKw":22,"isMegawatt":false,"status":"AVAILABLE","source":"ndw"}},{"type":"Feature","geometry":{"type":"Point","coordinates":[5.2006628,52.2211246]},"properties":{"type":"charge","layer":"passenger","locationId":"2134","name":"Shell Recharge NL Anthony Fokkerweg 226","address":"Anthony Fokkerweg 226","city":"Hilversum","operatorName":"Ubitricity","maxPowerKw":22,"isMegawatt":false,"status":"AVAILABLE","source":"ndw","priceKwh":0.267}},{"type":"Feature","geometry":{"type":"Point","coordinates":[5.13671,52.27393]},"properties":{"type":"charge","layer":"passenger","locationId":"245","name":"Shell Recharge NL Varenmeent 10","address":"Varenmeent 10","city":"Hilversum","operatorName":"Ubitricity","maxPowerKw":11,"isMegawatt":false,"status":"CHARGING","source":"ndw","priceKwh":0.392}},{"type":"Feature","geometry":{"type":"Point","coordinates":[5.20016,52.21833]},"properties":{"type":"charge","layer":"passenger","locationId":"169","name":"Shell Recharge NL Van Linschotenlaan 19","address":"Van Linschotenlaan 19","city":"Hilversum","operatorName":"Ubitricity","maxPowerKw":11,"isMegawatt":false,"status":"AVAILABLE","source":"ndw","priceKwh":0.392}},{"type":"Feature","geometry":{"type":"Point","coordinates":[5.17139,52.23356]},"properties":{"type":"charge","layer":"passenger","locationId":"DF814FD3-4CAE-434A-9872-D28B44299EF6","name":"PP001567 - Celebeslaan 47, Hilversum","address":"47 Celebeslaan","city":"Hilversum","operatorName":"TotalEnergies","maxPowerKw":11,"isMegawatt":false,"status":"AVAILABLE","source":"ndw"}},{"type":"Feature","geometry":{"type":"Point","coordinates":[5.16129,52.239122]},"properties":{"type":"charge","layer":"passenger","locationId":"68ca86f65554ebf00b885674","name":"Indisch Restaurant Spandershoeve","address":"Bussumergrintweg 46","city":"Hilversum","operatorName":"E-Flux by Road","maxPowerKw":11,"isMegawatt":false,"status":"AVAILABLE","source":"ndw","priceKwh":0.33}},{"type":"Feature","geometry":{"type":"Point","coordinates":[5.161554,52.24115]},"properties":{"type":"charge","layer":"passenger","locationId":"2AE3ACFD-DDBD-4D23-A664-32A1E9C333DD","name":"TNLP009535 - Kroonlaan 12, Hilversum","address":"12 Kroonlaan","city":"Hilversum","operatorName":"TotalEnergies","maxPowerKw":15,"isMegawatt":false,"status":"AVAILABLE","source":"ndw"}},{"type":"Feature","geometry":{"type":"Point","coordinates":[5.146475,52.223001]},"properties":{"type":"charge","layer":"passenger","locationId":"613","name":"Shell Recharge NL9272 - Karwei Hilversum","address":"2e Loswal 4","city":"Hilversum","operatorName":"Shell Recharge","maxPowerKw":150,"isMegawatt":false,"status":"AVAILABLE","source":"ndw","priceKwh":0.7025}},{"type":"Feature","geometry":{"type":"Point","coordinates":[5.1777,52.24339]},"properties":{"type":"charge","layer":"passenger","locationId":"483","name":"Shell Recharge NL De Kupstraat 7","address":"De Kupstraat 7","city":"Hilversum","operatorName":"Ubitricity","maxPowerKw":11,"isMegawatt":false,"status":"AVAILABLE","source":"ndw","priceKwh":0.392}},{"type":"Feature","geometry":{"type":"Point","coordinates":[5.190274,52.212689]},"properties":{"type":"charge","layer":"passenger","locationId":"NLCPIL6692165","name":"NIKEEHQ HQ 15","address":"2 Colosseum","city":"Hilversum","operatorName":"ChargePoint","maxPowerKw":22,"isMegawatt":false,"status":"AVAILABLE","source":"ndw","priceKwh":0.17}},{"type":"Feature","geometry":{"type":"Point","coordinates":[5.167565,52.211282]},"properties":{"type":"charge","layer":"passenger","locationId":"6984af3c5a041fbbaf99c1e2","name":"Den2's station 4","address":"Diependaalselaan 197","city":"Hilversum","operatorName":"E-Flux by Road","maxPowerKw":22,"isMegawatt":false,"status":"AVAILABLE","source":"ndw","priceKwh":0.58}},{"type":"Feature","geometry":{"type":"Point","coordinates":[5.159711,52.21524]},"properties":{"type":"charge","layer":"passenger","locationId":"0E28F9A6-B29A-48D0-8197-D8F8AD414630","name":"TNLP006041 - Oude Loosdrechtseweg 63, Hilversum","address":"63 Oude Loosdrechtseweg","city":"Hilversum","operatorName":"TotalEnergies","maxPowerKw":13,"isMegawatt":false,"status":"AVAILABLE","source":"ndw"}},{"type":"Feature","geometry":{"type":"Point","coordinates":[5.180138,52.241432]},"properties":{"type":"charge","layer":"passenger","locationId":"ADED3745-2B1C-4A85-9A89-8C76CCA11833","name":"TNLP009114 - Lopes Diaslaan 39a, Hilversum","address":"39a Lopes Diaslaan","city":"Hilversum","operatorName":"TotalEnergies","maxPowerKw":15,"isMegawatt":false,"status":"CHARGING","source":"ndw"}},{"type":"Feature","geometry":{"type":"Point","coordinates":[5.19616,52.23056]},"properties":{"type":"charge","layer":"passenger","locationId":"A52373BB-EBEA-4AE1-8123-AFF40C7136AD","name":"PP004070 - van de Sande Bakhuyzenstraat 110, Hilversum","address":"110 van de Sande Bakhuyzenstraat","city":"Hilversum","operatorName":"TotalEnergies","maxPowerKw":11,"isMegawatt":false,"status":"AVAILABLE","source":"ndw"}},{"type":"Feature","geometry":{"type":"Point","coordinates":[5.186001,52.223946]},"properties":{"type":"charge","layer":"passenger","locationId":"AEE2E852-3E81-45BC-86EC-0D51C7CBE433","name":"PP005402 - Jac. P. Thijsseplein 90, Hilversum","address":"90 Jac. P. Thijsseplein","city":"Hilversum","operatorName":"TotalEnergies","maxPowerKw":11,"isMegawatt":false,"status":"AVAILABLE","source":"ndw"}},{"type":"Feature","geometry":{"type":"Point","coordinates":[5.127638,52.218279]},"properties":{"type":"charge","layer":"passenger","locationId":"91232866","name":"50five-S NL 07111023","address":"Willibrorduslaan 122","city":"Hilversum","operatorName":"50five","maxPowerKw":11,"isMegawatt":false,"status":"AVAILABLE","source":"ndw"}},{"type":"Feature","geometry":{"type":"Point","coordinates":[5.149886,52.21889]},"properties":{"type":"charge","layer":"passenger","locationId":"9EBE659A-F36A-4FE1-B91B-7CE472BC844B","name":"PP005529 - Zeverijnstraat 10, Hilversum","address":"10 Zeverijnstraat","city":"Hilversum","operatorName":"TotalEnergies","maxPowerKw":11,"isMegawatt":false,"status":"AVAILABLE","source":"ndw"}},{"type":"Feature","geometry":{"type":"Point","coordinates":[5.14439,52.2139]},"properties":{"type":"charge","layer":"passenger","locationId":"359AE385-A067-42A7-85D6-6014B0B03243","name":"PP004194 - Franciscusweg 4A, Hilversum","address":"4A Franciscusweg","city":"Hilversum","operatorName":"TotalEnergies","maxPowerKw":11,"isMegawatt":false,"status":"CHARGING","source":"ndw"}},{"type":"Feature","geometry":{"type":"Point","coordinates":[5.130454,52.21701]},"properties":{"type":"charge","layer":"passenger","locationId":"69EE3081-652C-4F9E-8E9D-C109A330074F","name":"TNLP006430 - Willibrorduslaan 2, Hilversum","address":"2 Willibrorduslaan","city":"Hilversum","operatorName":"TotalEnergies","maxPowerKw":17,"isMegawatt":false,"status":"AVAILABLE","source":"ndw"}},{"type":"Feature","geometry":{"type":"Point","coordinates":[5.16039,52.21881]},"properties":{"type":"charge","layer":"passenger","locationId":"E8E75AFD-5742-4181-97AD-E3B6427FB361","name":"PP001655 - De Genestetlaan 32, Hilversum","address":"32 De Genestetlaan","city":"Hilversum","operatorName":"TotalEnergies","maxPowerKw":11,"isMegawatt":false,"status":"AVAILABLE","source":"ndw"}},{"type":"Feature","geometry":{"type":"Point","coordinates":[5.142006,52.216484]},"properties":{"type":"charge","layer":"passenger","locationId":"91113B44-E08D-4B8D-BC10-0321C5EB2AAC","name":"PP004238 - Kapittelweg 217, Hilversum","address":"217 Kapittelweg","city":"Hilversum","operatorName":"TotalEnergies","maxPowerKw":11,"isMegawatt":false,"status":"AVAILABLE","source":"ndw"}},{"type":"Feature","geometry":{"type":"Point","coordinates":[5.169003,52.225121]},"properties":{"type":"charge","layer":"passenger","locationId":"91232753","name":"50five-S NL ICUCOMPACT000065","address":"P.C. Hooftweg 16","city":"Hilversum","operatorName":"50five","maxPowerKw":11,"isMegawatt":false,"status":"UNAVAILABLE","source":"ndw"}},{"type":"Feature","geometry":{"type":"Point","coordinates":[5.199235,52.235767]},"properties":{"type":"charge","layer":"passenger","locationId":"061b8ee5-fd52-495b-a40a-1e3a00e45b38","name":"TNLP007333 - Orionlaan 55a, Hilversum","address":"55a Orionlaan","city":"Hilversum","operatorName":"TotalEnergies","maxPowerKw":17,"isMegawatt":false,"status":"CHARGING","source":"ndw"}},{"type":"Feature","geometry":{"type":"Point","coordinates":[5.1940696,52.216096]},"properties":{"type":"charge","layer":"passenger","locationId":"2089","name":"Shell Recharge NL Van Riebeeckweg 43 A","address":"Van Riebeeckweg 43 A","city":"Hilversum","operatorName":"Ubitricity","maxPowerKw":22,"isMegawatt":false,"status":"AVAILABLE","source":"ndw","priceKwh":0.267}},{"type":"Feature","geometry":{"type":"Point","coordinates":[5.167734,52.211278]},"properties":{"type":"charge","layer":"passenger","locationId":"6984adac17c976db1ae34867","name":"Den2's station 3","address":"Diependaalselaan  197","city":"Hilversum","operatorName":"E-Flux by Road","maxPowerKw":22,"isMegawatt":false,"status":"AVAILABLE","source":"ndw","priceKwh":0.58}},{"type":"Feature","geometry":{"type":"Point","coordinates":[5.170717,52.240722]},"properties":{"type":"charge","layer":"passenger","locationId":"91199914","name":"50five-S NL 04002933","address":"Barend en Van Dorpweg 2","city":"Hilversum","operatorName":"50five","maxPowerKw":11,"isMegawatt":false,"status":"UNAVAILABLE","source":"ndw"}},{"type":"Feature","geometry":{"type":"Point","coordinates":[5.17452,52.218586]},"properties":{"type":"charge","layer":"passenger","locationId":"0F335991-0C07-4E19-BD07-9E4E1296801F","name":"TNLP006200 - Zeshoven 2, Hilversum","address":"2 Zeshoven","city":"Hilversum","operatorName":"TotalEnergies","maxPowerKw":17,"isMegawatt":false,"status":"AVAILABLE","source":"ndw"}},{"type":"Feature","geometry":{"type":"Point","coordinates":[5.185,52.2289]},"properties":{"type":"charge","layer":"passenger","locationId":"F3B51844-21F3-4049-8183-20577C3EA74B","name":"TNLP009387 - Swammerdamstraat 132, Hilversum","address":"132 Swammerdamstraat","city":"Hilversum","operatorName":"TotalEnergies","maxPowerKw":15,"isMegawatt":false,"status":"AVAILABLE","source":"ndw"}},{"type":"Feature","geometry":{"type":"Point","coordinates":[5.168468,52.21943]},"properties":{"type":"charge","layer":"passenger","locationId":"2701307C-56F7-4697-9BF5-13BB49E125F0","name":"TNLP008860 - Violenstraat 6, Hilversum","address":"6 Violenstraat","city":"Hilversum","operatorName":"TotalEnergies","maxPowerKw":14,"isMegawatt":false,"status":"AVAILABLE","source":"ndw"}},{"type":"Feature","geometry":{"type":"Point","coordinates":[5.181244,52.232384]},"properties":{"type":"charge","layer":"passenger","locationId":"91052406","name":"50five-S NL 07118285","address":"Simon Stevinweg 76","city":"Hilversum","operatorName":"50five","maxPowerKw":11,"isMegawatt":false,"status":"AVAILABLE","source":"ndw"}},{"type":"Feature","geometry":{"type":"Point","coordinates":[5.153178,52.192907]},"properties":{"type":"charge","layer":"passenger","locationId":"91088186","name":"50five-S NL ICUCOMPACT002067","address":"Noodweg 47","city":"Hilversum","operatorName":"50five","maxPowerKw":22,"isMegawatt":false,"status":"UNAVAILABLE","source":"ndw"}},{"type":"Feature","geometry":{"type":"Point","coordinates":[5.199355,52.215033]},"properties":{"type":"charge","layer":"passenger","locationId":"89039314","name":"50five Exploitatie Hilversum","address":"Van Linschotenlaan 325","city":"Hilversum","operatorName":"50five","maxPowerKw":11,"isMegawatt":false,"status":"AVAILABLE","source":"ndw"}},{"type":"Feature","geometry":{"type":"Point","coordinates":[5.14056,52.21952]},"properties":{"type":"charge","layer":"passenger","locationId":"370","name":"Shell Recharge NL Comeniushof 116","address":"Comeniushof 116","city":"Hilversum","operatorName":"Ubitricity","maxPowerKw":11,"isMegawatt":false,"status":"AVAILABLE","source":"ndw","priceKwh":0.392}},{"type":"Feature","geometry":{"type":"Point","coordinates":[5.167872,52.213504]},"properties":{"type":"charge","layer":"passenger","locationId":"91085226","name":"50five-S NL 07104168","address":"Hilvertsweg 277","city":"Hilversum","operatorName":"50five","maxPowerKw":6,"isMegawatt":false,"status":"AVAILABLE","source":"ndw"}},{"type":"Feature","geometry":{"type":"Point","coordinates":[5.162,52.21619]},"properties":{"type":"charge","layer":"passenger","locationId":"333","name":"Shell Recharge NL Gijsbrecht van Amstelstraat 306","address":"Gijsbrecht van Amstelstraat 306","city":"Hilversum","operatorName":"Ubitricity","maxPowerKw":11,"isMegawatt":false,"status":"AVAILABLE","source":"ndw","priceKwh":0.392}},{"type":"Feature","geometry":{"type":"Point","coordinates":[5.150527,52.2227]},"properties":{"type":"charge","layer":"passenger","locationId":"616","name":"Shell Recharge NL9122 - Gamma Hilversum","address":"Verlengde Zuiderloswal 30","city":"Hilversum","operatorName":"Shell Recharge","maxPowerKw":150,"isMegawatt":false,"status":"AVAILABLE","source":"ndw","priceKwh":0.7025}},{"type":"Feature","geometry":{"type":"Point","coordinates":[5.189306,52.219659]},"properties":{"type":"charge","layer":"passenger","locationId":"640b01ef9cd361001274d0ee","name":"E.O. Laadplein achter","address":"Oude Amersfoortseweg  79","city":"Hilversum","operatorName":"E-Flux by Road","maxPowerKw":22,"isMegawatt":false,"status":"AVAILABLE","source":"ndw","priceKwh":0.4845}},{"type":"Feature","geometry":{"type":"Point","coordinates":[5.144258,52.211254]},"properties":{"type":"charge","layer":"passenger","locationId":"DA6F57D0-4B1C-4194-99CB-6A1B646DE402","name":"Eneco eMobility Oscar Romerolaan 2 Hilversum","address":"Oscar Romerolaan 2","city":"Hilversum","operatorName":"Eneco","maxPowerKw":22,"isMegawatt":false,"status":"AVAILABLE","source":"ndw","priceKwh":0.32}},{"type":"Feature","geometry":{"type":"Point","coordinates":[5.155307,52.223792]},"properties":{"type":"charge","layer":"passenger","locationId":"91097407","name":"50five-S NL 17B07466","address":"Vaartweg 186","city":"Hilversum","operatorName":"50five","maxPowerKw":11,"isMegawatt":false,"status":"AVAILABLE","source":"ndw"}},{"type":"Feature","geometry":{"type":"Point","coordinates":[5.178514,52.216976]},"properties":{"type":"charge","layer":"passenger","locationId":"7233BA5C-A53B-4BFE-A9AA-9C979B28E186","name":"PP004077 - Pieter de Hooghlaan 2, Hilversum","address":"2 Pieter de Hooghlaan","city":"Hilversum","operatorName":"TotalEnergies","maxPowerKw":11,"isMegawatt":false,"status":"AVAILABLE","source":"ndw"}},{"type":"Feature","geometry":{"type":"Point","coordinates":[5.179609,52.229518]},"properties":{"type":"charge","layer":"passenger","locationId":"2758657","name":"Laadnet Noorderhave","address":"Noorderweg 68","city":"Hilversum","operatorName":"Laadnet","maxPowerKw":22,"isMegawatt":false,"status":"AVAILABLE","source":"ndw"}},{"type":"Feature","geometry":{"type":"Point","coordinates":[5.204694,52.222675]},"properties":{"type":"charge","layer":"passenger","locationId":"0F3EFF6D-5B3A-4D6F-8491-78FF06C086A5","name":"PP005283 - Pi Schefferstraat 1 1, Hilversum","address":"1 1 Pi Schefferstraat","city":"Hilversum","operatorName":"TotalEnergies","maxPowerKw":11,"isMegawatt":false,"status":"AVAILABLE","source":"ndw"}},{"type":"Feature","geometry":{"type":"Point","coordinates":[5.1940508,52.2360114]},"properties":{"type":"charge","layer":"passenger","locationId":"960","name":"Shell Recharge NL Larenseweg 144","address":"Larenseweg 144","city":"Hilversum","operatorName":"Ubitricity","maxPowerKw":22,"isMegawatt":false,"status":"AVAILABLE","source":"ndw","priceKwh":0.267}},{"type":"Feature","geometry":{"type":"Point","coordinates":[5.181918,52.227612]},"properties":{"type":"charge","layer":"passenger","locationId":"9F37402D-3E41-4E7E-85E2-3FD56DE0756D","name":"Eneco eMobility Transdev - Hilversum - Larenseweg 1","address":"Larenseweg 1","city":"Hilversum","operatorName":"Eneco","maxPowerKw":22,"isMegawatt":false,"status":"AVAILABLE","source":"ndw","priceKwh":0.45}},{"type":"Feature","geometry":{"type":"Point","coordinates":[5.176254,52.23889]},"properties":{"type":"charge","layer":"passenger","locationId":"BE6CAC41-9AFB-402F-8C8B-293D4D5BEAE9","name":"TNLP006432 - Wirixstraat 1, Hilversum","address":"1 Wirixstraat","city":"Hilversum","operatorName":"TotalEnergies","maxPowerKw":17,"isMegawatt":false,"status":"AVAILABLE","source":"ndw"}},{"type":"Feature","geometry":{"type":"Point","coordinates":[5.15233,52.21716]},"properties":{"type":"charge","layer":"passenger","locationId":"9D91FB53-5052-45D5-9BA2-2DF601F05D19","name":"PP001362 - Hindelaan 60, Hilversum","address":"60 Hindelaan","city":"Hilversum","operatorName":"TotalEnergies","maxPowerKw":11,"isMegawatt":false,"status":"AVAILABLE","source":"ndw"}},{"type":"Feature","geometry":{"type":"Point","coordinates":[5.148491,52.212962]},"properties":{"type":"charge","layer":"passenger","locationId":"07d25a06-5588-4918-b0b5-31ed374c640c","name":"bp Pulse Express Hilversum","address":"Loosdrechtseweg 200","city":"Hilversum","operatorName":"bp pulse","maxPowerKw":150,"isMegawatt":false,"status":"AVAILABLE","source":"ndw","priceKwh":0.7}},{"type":"Feature","geometry":{"type":"Point","coordinates":[5.1752,52.205611]},"properties":{"type":"charge","layer":"passenger","locationId":"91051867","name":"50five-S NL 07112146","address":"Eikenlaan 43","city":"Hilversum","operatorName":"50five","maxPowerKw":17,"isMegawatt":false,"status":"AVAILABLE","source":"ndw"}},{"type":"Feature","geometry":{"type":"Point","coordinates":[5.186956,52.232395]},"properties":{"type":"charge","layer":"passenger","locationId":"B1E70C2A-6CAA-4F44-9A0B-F652E494E163","name":"TNLP008765 - Geuzenweg 225, Hilversum","address":"225 Geuzenweg","city":"Hilversum","operatorName":"TotalEnergies","maxPowerKw":14,"isMegawatt":false,"status":"AVAILABLE","source":"ndw"}},{"type":"Feature","geometry":{"type":"Point","coordinates":[5.132458,52.216286]},"properties":{"type":"charge","layer":"passenger","locationId":"4CB51BDE-66D4-4119-9CF6-5C02C2B97F63","name":"TNLP015117 - Bonifaciuslaan 5, Hilversum","address":"5 Bonifaciuslaan","city":"Hilversum","operatorName":"TotalEnergies","maxPowerKw":17,"isMegawatt":false,"status":"AVAILABLE","source":"ndw"}},{"type":"Feature","geometry":{"type":"Point","coordinates":[5.190087,52.23184]},"properties":{"type":"charge","layer":"passenger","locationId":"2063042","name":"Laadnet Alliantie Hilversum","address":"Jan van der Heijdenstraat 36","city":"Hilversum","operatorName":"Laadnet","maxPowerKw":22,"isMegawatt":false,"status":"AVAILABLE","source":"ndw"}},{"type":"Feature","geometry":{"type":"Point","coordinates":[5.136496,52.220167]},"properties":{"type":"charge","layer":"passenger","locationId":"3843320","name":"Laadnet Thuis","address":"Theresiahof 31","city":"Hilversum","operatorName":"Laadnet","maxPowerKw":11,"isMegawatt":false,"status":"AVAILABLE","source":"ndw"}},{"type":"Feature","geometry":{"type":"Point","coordinates":[5.160489,52.213804]},"properties":{"type":"charge","layer":"passenger","locationId":"4267738","name":"Laadnet Laadstation Lars Adema","address":"Van Beuningenstraat 7","city":"Hilversum","operatorName":"Laadnet","maxPowerKw":22,"isMegawatt":false,"status":"UNAVAILABLE","source":"ndw"}},{"type":"Feature","geometry":{"type":"Point","coordinates":[5.197588,52.231075]},"properties":{"type":"charge","layer":"passenger","locationId":"13476C65-2D7F-49AC-A414-8B70B91B3712","name":"Laadplein - TNLP006274 - Eemnesserweg 213, Hilversum","address":"213 Eemnesserweg","city":"Hilversum","operatorName":"TotalEnergies","maxPowerKw":15,"isMegawatt":false,"status":"CHARGING","source":"ndw"}},{"type":"Feature","geometry":{"type":"Point","coordinates":[5.190278,52.212362]},"properties":{"type":"charge","layer":"passenger","locationId":"NLCPIL6691905","name":"NIKEEHQ HQ 05","address":"2 Colosseum","city":"Hilversum","operatorName":"ChargePoint","maxPowerKw":22,"isMegawatt":false,"status":"AVAILABLE","source":"ndw","priceKwh":0.17}},{"type":"Feature","geometry":{"type":"Point","coordinates":[5.200668,52.22451]},"properties":{"type":"charge","layer":"passenger","locationId":"D7579F44-DEBA-42D9-BFFF-53E02395EF82","name":"TNLP006657 - Daltonstraat 256, Hilversum","address":"256 Daltonstraat","city":"Hilversum","operatorName":"TotalEnergies","maxPowerKw":17,"isMegawatt":false,"status":"AVAILABLE","source":"ndw"}},{"type":"Feature","geometry":{"type":"Point","coordinates":[5.198673,52.22778]},"properties":{"type":"charge","layer":"passenger","locationId":"99437C2E-A38D-43AE-BE5A-623582009F08","name":"TNLP034608 - Lorentzweg 116, Hilversum","address":"116 Lorentzweg","city":"Hilversum","operatorName":"TotalEnergies","maxPowerKw":13,"isMegawatt":false,"status":"UNAVAILABLE","source":"ndw"}},{"type":"Feature","geometry":{"type":"Point","coordinates":[5.17497,52.237785]},"properties":{"type":"charge","layer":"passenger","locationId":"39B24C18-BB49-4B6C-B0E5-34E8D12A1FFE","name":"TNLP005691 - Noorderweg 229, Hilversum","address":"229 Noorderweg","city":"Hilversum","operatorName":"TotalEnergies","maxPowerKw":11,"isMegawatt":false,"status":"UNAVAILABLE","source":"ndw"}},{"type":"Feature","geometry":{"type":"Point","coordinates":[5.195201,52.211915]},"properties":{"type":"charge","layer":"passenger","locationId":"00B42EAF-5DCA-4DEA-81FB-E86CDE2AE997","name":"Eneco eMobility Heideveldt B.V.","address":"Olympia 2","city":"Hilversum","operatorName":"Eneco","maxPowerKw":22,"isMegawatt":false,"status":"AVAILABLE","source":"ndw","priceKwh":0.32}},{"type":"Feature","geometry":{"type":"Point","coordinates":[5.161743,52.209297]},"properties":{"type":"charge","layer":"passenger","locationId":"9644C82D-E6FB-48C5-8929-02DD3B70A166","name":"PP005302 - Nieuwlandseweg 25, Hilversum","address":"25 Nieuwlandseweg","city":"Hilversum","operatorName":"TotalEnergies","maxPowerKw":11,"isMegawatt":false,"status":"AVAILABLE","source":"ndw"}},{"type":"Feature","geometry":{"type":"Point","coordinates":[5.13432,52.21806]},"properties":{"type":"charge","layer":"passenger","locationId":"397","name":"Shell Recharge NL Menno Simonszhof 66","address":"Menno Simonszhof 66","city":"Hilversum","operatorName":"Ubitricity","maxPowerKw":11,"isMegawatt":false,"status":"AVAILABLE","source":"ndw","priceKwh":0.392}},{"type":"Feature","geometry":{"type":"Point","coordinates":[5.153195,52.21325]},"properties":{"type":"charge","layer":"passenger","locationId":"06441c2a-3b25-4aac-ad7f-862398858267","name":"TNLP006037 - Van Ghentlaan 2, Hilversum","address":"2 Van Ghentlaan","city":"Hilversum","operatorName":"TotalEnergies","maxPowerKw":17,"isMegawatt":false,"status":"AVAILABLE","source":"ndw"}},{"type":"Feature","geometry":{"type":"Point","coordinates":[5.177846,52.21766]},"properties":{"type":"charge","layer":"passenger","locationId":"BBA2CABD-EEA5-4AF2-A445-0CE4473D7073","name":"TNLP034260 - Rembrandtlaan 41, Hilversum","address":"41 Rembrandtlaan","city":"Hilversum","operatorName":"TotalEnergies","maxPowerKw":13,"isMegawatt":false,"status":"UNAVAILABLE","source":"ndw"}},{"type":"Feature","geometry":{"type":"Point","coordinates":[5.152898,52.21477]},"properties":{"type":"charge","layer":"passenger","locationId":"D87CA7FB-3EB3-45A3-B2B6-C24269A36498","name":"TNLP006039 - Oude Loosdrechtseweg 234, Hilversum","address":"234 Oude Loosdrechtseweg","city":"Hilversum","operatorName":"TotalEnergies","maxPowerKw":17,"isMegawatt":false,"status":"AVAILABLE","source":"ndw"}},{"type":"Feature","geometry":{"type":"Point","coordinates":[5.16693,52.22036]},"properties":{"type":"charge","layer":"passenger","locationId":"0639D0EF-8B5C-4188-859C-9AFA8A350EB5","name":"PP004187 - Gasthuisstraat 33-43, Hilversum","address":"33-43 Gasthuisstraat","city":"Hilversum","operatorName":"TotalEnergies","maxPowerKw":11,"isMegawatt":false,"status":"AVAILABLE","source":"ndw"}},{"type":"Feature","geometry":{"type":"Point","coordinates":[5.176399,52.23471]},"properties":{"type":"charge","layer":"passenger","locationId":"63b4f5b5-575b-4b38-8945-4cf431008ac3","name":"TNLP008831 - Johannes Geradtsweg 182, Hilversum","address":"182 Johannes Geradtsweg","city":"Hilversum","operatorName":"TotalEnergies","maxPowerKw":14,"isMegawatt":false,"status":"AVAILABLE","source":"ndw"}},{"type":"Feature","geometry":{"type":"Point","coordinates":[5.16984,52.21452]},"properties":{"type":"charge","layer":"passenger","locationId":"6D34512D-61EA-42F5-8559-BF8A144578EE","name":"PP004076 - Ericastraat 47, Hilversum","address":"47 Ericastraat","city":"Hilversum","operatorName":"TotalEnergies","maxPowerKw":11,"isMegawatt":false,"status":"AVAILABLE","source":"ndw"}},{"type":"Feature","geometry":{"type":"Point","coordinates":[5.194206,52.234924]},"properties":{"type":"charge","layer":"passenger","locationId":"F6F97A33-DC2A-4786-8672-B129B847D93E","name":"TNLP005896 - Radiostraat 64, Hilversum","address":"64 Radiostraat","city":"Hilversum","operatorName":"TotalEnergies","maxPowerKw":17,"isMegawatt":false,"status":"UNAVAILABLE","source":"ndw"}},{"type":"Feature","geometry":{"type":"Point","coordinates":[5.173265,52.236624]},"properties":{"type":"charge","layer":"passenger","locationId":"91179913","name":"50five-S NL Hilversum, Media Parkboulevard 1","address":"Media Parkboulevard 1","city":"Hilversum","operatorName":"50five","maxPowerKw":11,"isMegawatt":false,"status":"AVAILABLE","source":"ndw"}},{"type":"Feature","geometry":{"type":"Point","coordinates":[5.17281,52.22198]},"properties":{"type":"charge","layer":"passenger","locationId":"290","name":"Shell Recharge NL Ruitersweg 16","address":"Ruitersweg 16","city":"Hilversum","operatorName":"Ubitricity","maxPowerKw":11,"isMegawatt":false,"status":"AVAILABLE","source":"ndw","priceKwh":0.392}},{"type":"Feature","geometry":{"type":"Point","coordinates":[5.18187,52.22201]},"properties":{"type":"charge","layer":"passenger","locationId":"d725418b-59f1-4dd0-b4e2-6db947751366","name":"PP002096 - Sint Vitusstraat 43, Hilversum","address":"43 Sint Vitusstraat","city":"Hilversum","operatorName":"TotalEnergies","maxPowerKw":11,"isMegawatt":false,"status":"AVAILABLE","source":"ndw"}},{"type":"Feature","geometry":{"type":"Point","coordinates":[5.16593,52.23227]},"properties":{"type":"charge","layer":"passenger","locationId":"B06DC320-D166-4A6E-A7B1-75CC53A35467","name":"Eneco eMobility Arnold Suhr Netherlands B.V. - Heuvellaan 36 - Hilversum","address":"Heuvellaan 36","city":"Hilversum","operatorName":"Eneco","maxPowerKw":22,"isMegawatt":false,"status":"AVAILABLE","source":"ndw","priceKwh":0.31}},{"type":"Feature","geometry":{"type":"Point","coordinates":[5.15872,52.21848]},"properties":{"type":"charge","layer":"passenger","locationId":"5761E563-853F-466E-AA5E-EF1E5EEBA050","name":"PP004136 - Staringlaan 25, Hilversum","address":"25 Staringlaan","city":"Hilversum","operatorName":"TotalEnergies","maxPowerKw":11,"isMegawatt":false,"status":"AVAILABLE","source":"ndw"}},{"type":"Feature","geometry":{"type":"Point","coordinates":[5.182363,52.219052]},"properties":{"type":"charge","layer":"passenger","locationId":"4235704","name":"Laadnet 5CS Partners Management B.V.","address":"Emmastraat 53","city":"Hilversum","operatorName":"Laadnet","maxPowerKw":22,"isMegawatt":false,"status":"AVAILABLE","source":"ndw"}},{"type":"Feature","geometry":{"type":"Point","coordinates":[5.17645,52.224298]},"properties":{"type":"charge","layer":"passenger","locationId":"91106436","name":"50five-S NL 09100136","address":"Herenstraat 12","city":"Hilversum","operatorName":"50five","maxPowerKw":11,"isMegawatt":false,"status":"AVAILABLE","source":"ndw"}},{"type":"Feature","geometry":{"type":"Point","coordinates":[5.1811,52.21935]},"properties":{"type":"charge","layer":"passenger","locationId":"F3F25A9A-CA1C-4B9F-BE69-F23E0457624C","name":"TNLP007240 - Emmastraat 54, Hilversum","address":"54 Emmastraat","city":"Hilversum","operatorName":"TotalEnergies","maxPowerKw":17,"isMegawatt":false,"status":"AVAILABLE","source":"ndw"}},{"type":"Feature","geometry":{"type":"Point","coordinates":[5.150215,52.214114]},"properties":{"type":"charge","layer":"passenger","locationId":"91283612","name":"50five-S NL 19B04539","address":"Diependaalselaan 349","city":"Hilversum","operatorName":"50five","maxPowerKw":8,"isMegawatt":false,"status":"AVAILABLE","source":"ndw"}},{"type":"Feature","geometry":{"type":"Point","coordinates":[5.162711,52.228517]},"properties":{"type":"charge","layer":"passenger","locationId":"91053612","name":"50five-S NL 07111321","address":"Van der Lindenlaan 16","city":"Hilversum","operatorName":"50five","maxPowerKw":10,"isMegawatt":false,"status":"AVAILABLE","source":"ndw"}},{"type":"Feature","geometry":{"type":"Point","coordinates":[5.191041,52.232033]},"properties":{"type":"charge","layer":"passenger","locationId":"FBB598AF-F6CA-4081-AC66-AD19853D96DA","name":"PP005584 - Jan van der Heijdenstraat 41, Hilversum","address":"41 Jan van der Heijdenstraat","city":"Hilversum","operatorName":"TotalEnergies","maxPowerKw":11,"isMegawatt":false,"status":"AVAILABLE","source":"ndw"}},{"type":"Feature","geometry":{"type":"Point","coordinates":[5.161241,52.216125]},"properties":{"type":"charge","layer":"passenger","locationId":"493D45AD-D794-4F15-8B0D-6EC39C9F7300","name":"TNLP007647 - Oude Loosdrechtseweg 36, Hilversum","address":"36 Oude Loosdrechtseweg","city":"Hilversum","operatorName":"TotalEnergies","maxPowerKw":17,"isMegawatt":false,"status":"AVAILABLE","source":"ndw"}},{"type":"Feature","geometry":{"type":"Point","coordinates":[5.191493,52.222084]},"properties":{"type":"charge","layer":"passenger","locationId":"91147658","name":"50five-S NL 09100932","address":"Liebergerweg 72","city":"Hilversum","operatorName":"50five","maxPowerKw":4,"isMegawatt":false,"status":"AVAILABLE","source":"ndw"}},{"type":"Feature","geometry":{"type":"Point","coordinates":[5.17512,52.22925]},"properties":{"type":"charge","layer":"passenger","locationId":"259","name":"Shell Recharge NL Gerardus Gullaan 42","address":"Gerardus Gullaan 42","city":"Hilversum","operatorName":"Ubitricity","maxPowerKw":11,"isMegawatt":false,"status":"AVAILABLE","source":"ndw","priceKwh":0.392}},{"type":"Feature","geometry":{"type":"Point","coordinates":[5.167313,52.21052]},"properties":{"type":"charge","layer":"passenger","locationId":"AFA5CFC9-6029-44D2-A6F2-C8264B13CC73","name":"TNLP005872 - Hilvertsweg 204, Hilversum","address":"204 Hilvertsweg","city":"Hilversum","operatorName":"TotalEnergies","maxPowerKw":11,"isMegawatt":false,"status":"CHARGING","source":"ndw"}},{"type":"Feature","geometry":{"type":"Point","coordinates":[5.185355,52.211357]},"properties":{"type":"charge","layer":"passenger","locationId":"88945183","name":"Laadpaal24 OfficesXL","address":"Laapersveld 75","city":"Hilversum","operatorName":"Laadpaal24","maxPowerKw":11,"isMegawatt":false,"status":"AVAILABLE","source":"ndw"}},{"type":"Feature","geometry":{"type":"Point","coordinates":[5.198897,52.21664]},"properties":{"type":"charge","layer":"passenger","locationId":"0DDB6ADE-A317-46BB-A5D8-42A49578A15B","name":"PP005417 - Van Linschotenlaan 164, Hilversum","address":"164 Van Linschotenlaan","city":"Hilversum","operatorName":"TotalEnergies","maxPowerKw":15,"isMegawatt":false,"status":"AVAILABLE","source":"ndw"}},{"type":"Feature","geometry":{"type":"Point","coordinates":[5.182392,52.211145]},"properties":{"type":"charge","layer":"passenger","locationId":"63bec20a58e91e00126331da","name":"Kamphuis & Berghuizen Accountants/Belastingadviseurs B.V.","address":"Utrechtseweg 51","city":"Hilversum","operatorName":"E-Flux by Road","maxPowerKw":11,"isMegawatt":false,"status":"AVAILABLE","source":"ndw","priceKwh":0.43}},{"type":"Feature","geometry":{"type":"Point","coordinates":[5.15201,52.22094]},"properties":{"type":"charge","layer":"passenger","locationId":"3c9eac2f-0040-4f07-a859-1e42c6be62df","name":"PP001483 - Bodemanstraat 62, Hilversum","address":"62 Bodemanstraat","city":"Hilversum","operatorName":"TotalEnergies","maxPowerKw":11,"isMegawatt":false,"status":"AVAILABLE","source":"ndw"}},{"type":"Feature","geometry":{"type":"Point","coordinates":[5.170389,52.22907]},"properties":{"type":"charge","layer":"passenger","locationId":"2C655B72-B848-4705-BDDD-5A7D99FF1942","name":"TNLP003587 - Dudokpark 5, Hilversum","address":"5 Dudokpark","city":"Hilversum","operatorName":"TotalEnergies","maxPowerKw":17,"isMegawatt":false,"status":"AVAILABLE","source":"ndw"}},{"type":"Feature","geometry":{"type":"Point","coordinates":[5.155145,52.208836]},"properties":{"type":"charge","layer":"passenger","locationId":"91AFDA8E-AF29-4994-A415-875B8DBE1BCF","name":"TNLP006158 - Kolhornseweg 128, Hilversum","address":"128 Kolhornseweg","city":"Hilversum","operatorName":"TotalEnergies","maxPowerKw":17,"isMegawatt":false,"status":"AVAILABLE","source":"ndw"}},{"type":"Feature","geometry":{"type":"Point","coordinates":[5.180056,52.23759]},"properties":{"type":"charge","layer":"passenger","locationId":"11E37160-46F5-4A99-8C13-688E45AE4187","name":"TNLP006512 - Berlagelaan 235, Hilversum","address":"235 Berlagelaan","city":"Hilversum","operatorName":"TotalEnergies","maxPowerKw":17,"isMegawatt":false,"status":"UNAVAILABLE","source":"ndw"}},{"type":"Feature","geometry":{"type":"Point","coordinates":[5.205799,52.223347]},"properties":{"type":"charge","layer":"passenger","locationId":"23741703-8890-4F92-98AA-43E2E7812877","name":"TNLP015037 - Tony van Verrestraat 7, Hilversum","address":"7 Tony van Verrestraat","city":"Hilversum","operatorName":"TotalEnergies","maxPowerKw":17,"isMegawatt":false,"status":"UNAVAILABLE","source":"ndw"}},{"type":"Feature","geometry":{"type":"Point","coordinates":[5.147401,52.212666]},"properties":{"type":"charge","layer":"passenger","locationId":"68c3350fc488e05de738dbe6","name":"Compatible","address":"Franciscusweg 295","city":"Hilversum","operatorName":"E-Flux by Road","maxPowerKw":8,"isMegawatt":false,"status":"AVAILABLE","source":"ndw","priceKwh":0.58}},{"type":"Feature","geometry":{"type":"Point","coordinates":[5.19447,52.21919]},"properties":{"type":"charge","layer":"passenger","locationId":"85DF5E38-417F-4E1C-BCDD-ED73CEFE087B","name":"PP004301 - Willem Bontekoestraat 1-41, Hilversum","address":"jan-41 Willem Bontekoestraat","city":"Hilversum","operatorName":"TotalEnergies","maxPowerKw":11,"isMegawatt":false,"status":"CHARGING","source":"ndw"}},{"type":"Feature","geometry":{"type":"Point","coordinates":[5.15601,52.22781]},"properties":{"type":"charge","layer":"passenger","locationId":"91BBE607-BEE2-4C15-BF43-8FF3CEA3EBA9","name":"TNLP009393 - Schuttersweg 28, Hilversum","address":"28 Schuttersweg","city":"Hilversum","operatorName":"TotalEnergies","maxPowerKw":15,"isMegawatt":false,"status":"AVAILABLE","source":"ndw"}},{"type":"Feature","geometry":{"type":"Point","coordinates":[5.177394,52.21612]},"properties":{"type":"charge","layer":"passenger","locationId":"008F39E7-6A6A-42A7-9692-D65568B2368A","name":"TNLP008106 - Vermeerlaan 28, Hilversum","address":"28 Vermeerlaan","city":"Hilversum","operatorName":"TotalEnergies","maxPowerKw":17,"isMegawatt":false,"status":"AVAILABLE","source":"ndw"}},{"type":"Feature","geometry":{"type":"Point","coordinates":[5.20337,52.22614]},"properties":{"type":"charge","layer":"passenger","locationId":"239","name":"Shell Recharge NL Anton Philipsweg 2","address":"Anton Philipsweg 2","city":"Hilversum","operatorName":"Ubitricity","maxPowerKw":11,"isMegawatt":false,"status":"AVAILABLE","source":"ndw","priceKwh":0.392}},{"type":"Feature","geometry":{"type":"Point","coordinates":[5.19946,52.221449]},"properties":{"type":"charge","layer":"passenger","locationId":"91105550","name":"50five-S NL 08101845","address":"Liebergerweg 72-98","city":"Hilversum","operatorName":"50five","maxPowerKw":4,"isMegawatt":false,"status":"AVAILABLE","source":"ndw"}},{"type":"Feature","geometry":{"type":"Point","coordinates":[5.154369,52.22077]},"properties":{"type":"charge","layer":"passenger","locationId":"4F144F82-EFF5-478C-ADF2-A7F26695C983","name":"TNLP007959 - Heidestraat 30, Hilversum","address":"30 Heidestraat","city":"Hilversum","operatorName":"TotalEnergies","maxPowerKw":17,"isMegawatt":false,"status":"UNAVAILABLE","source":"ndw"}},{"type":"Feature","geometry":{"type":"Point","coordinates":[5.147709,52.219278]},"properties":{"type":"charge","layer":"passenger","locationId":"60b667a8ead98c28920950d9","name":"PAMO","address":"Zeverijnstraat 24","city":"Hilversum","operatorName":"E-Flux by Road","maxPowerKw":11,"isMegawatt":false,"status":"AVAILABLE","source":"ndw","priceKwh":0.55}},{"type":"Feature","geometry":{"type":"Point","coordinates":[5.141075,52.212266]},"properties":{"type":"charge","layer":"passenger","locationId":"89328282","name":"50five Mc Associates","address":"Oscar Romerolaan 14","city":"Hilversum","operatorName":"50five","maxPowerKw":11,"isMegawatt":false,"status":"AVAILABLE","source":"ndw"}},{"type":"Feature","geometry":{"type":"Point","coordinates":[5.167742,52.243894]},"properties":{"type":"charge","layer":"passenger","locationId":"4227449","name":"Laadnet AVROTROS Z3-07","address":"Witte Kruislaan 55","city":"Hilversum","operatorName":"Laadnet","maxPowerKw":22,"isMegawatt":false,"status":"AVAILABLE","source":"ndw"}},{"type":"Feature","geometry":{"type":"Point","coordinates":[5.189489,52.226508]},"properties":{"type":"charge","layer":"passenger","locationId":"91055186","name":"50five-S NL 17B06574","address":"Lorentzweg 46","city":"Hilversum","operatorName":"50five","maxPowerKw":11,"isMegawatt":false,"status":"CHARGING","source":"ndw"}},{"type":"Feature","geometry":{"type":"Point","coordinates":[5.1455,52.22383]},"properties":{"type":"charge","layer":"passenger","locationId":"E1D91504-126B-458A-BD65-FC930F961575","name":"TNLP003509 - Nieuwe Havenweg 39, Hilversum","address":"39 Nieuwe Havenweg","city":"Hilversum","operatorName":"TotalEnergies","maxPowerKw":17,"isMegawatt":false,"status":"AVAILABLE","source":"ndw"}},{"type":"Feature","geometry":{"type":"Point","coordinates":[5.189246,52.233784]},"properties":{"type":"charge","layer":"passenger","locationId":"E8F17D01-331C-43D5-9041-CB7DA7CDC77A","name":"TNLP008388 - Coehoornstraat 1, Hilversum","address":"1 Coehoornstraat","city":"Hilversum","operatorName":"TotalEnergies","maxPowerKw":14,"isMegawatt":false,"status":"CHARGING","source":"ndw"}},{"type":"Feature","geometry":{"type":"Point","coordinates":[5.189007,52.21434]},"properties":{"type":"charge","layer":"passenger","locationId":"767599E8-778D-4C2F-8613-271BF73D8950","name":"TNLP008576 - Arena 303, Hilversum","address":"303 Arena","city":"Hilversum","operatorName":"TotalEnergies","maxPowerKw":17,"isMegawatt":false,"status":"UNAVAILABLE","source":"ndw"}},{"type":"Feature","geometry":{"type":"Point","coordinates":[5.193781,52.211669]},"properties":{"type":"charge","layer":"passenger","locationId":"91366921","name":"50five Exploitatie Aroundtown Marathon 2 Hilversum","address":"Marathon 2","city":"Hilversum","operatorName":"50five","maxPowerKw":11,"isMegawatt":false,"status":"AVAILABLE","source":"ndw"}},{"type":"Feature","geometry":{"type":"Point","coordinates":[5.14781,52.21069]},"properties":{"type":"charge","layer":"passenger","locationId":"F25487DF-1A8A-4BD3-9E25-AE90DA793412","name":"PP005605 - Van Gelderlaan 72, Hilversum","address":"72 Van Gelderlaan","city":"Hilversum","operatorName":"TotalEnergies","maxPowerKw":11,"isMegawatt":false,"status":"AVAILABLE","source":"ndw"}},{"type":"Feature","geometry":{"type":"Point","coordinates":[5.167607,52.218636]},"properties":{"type":"charge","layer":"passenger","locationId":"11A296FD-6B98-41D8-A999-43966FB14874","name":"PP005194 - Hilvertsweg 19, Hilversum","address":"19 Hilvertsweg","city":"Hilversum","operatorName":"TotalEnergies","maxPowerKw":11,"isMegawatt":false,"status":"UNAVAILABLE","source":"ndw"}},{"type":"Feature","geometry":{"type":"Point","coordinates":[5.1608,52.21019]},"properties":{"type":"charge","layer":"passenger","locationId":"cffa2b292f1b90283326d2f5c3d370e9","name":"Piet Heinstraat 38","address":"Piet Heinstraat 38","city":"Hilversum","operatorName":"Vattenfall InCharge","maxPowerKw":11,"isMegawatt":false,"status":"CHARGING","source":"ndw","priceKwh":0.2805}},{"type":"Feature","geometry":{"type":"Point","coordinates":[5.176,52.238701]},"properties":{"type":"charge","layer":"passenger","locationId":"60b4add199d5644f94fe2bb9","name":"Autobedrijf Eric Boom","address":"Wirixstraat 1","city":"Hilversum","operatorName":"E-Flux by Road","maxPowerKw":25,"isMegawatt":false,"status":"AVAILABLE","source":"ndw","priceKwh":0.68}},{"type":"Feature","geometry":{"type":"Point","coordinates":[5.15182,52.21636]},"properties":{"type":"charge","layer":"passenger","locationId":"afc4e89b-d56a-4a55-bbce-be6722fc8fef","name":"PP002074 - Hindelaan 67, Hilversum","address":"67 Hindelaan","city":"Hilversum","operatorName":"TotalEnergies","maxPowerKw":11,"isMegawatt":false,"status":"AVAILABLE","source":"ndw"}},{"type":"Feature","geometry":{"type":"Point","coordinates":[5.192621,52.210509]},"properties":{"type":"charge","layer":"passenger","locationId":"OST23P0040_0080_0","name":"OST23P0040_0080_0","address":"Marathon 9E","city":"Hilversum","operatorName":"e-VOLTT","maxPowerKw":19,"isMegawatt":false,"status":"AVAILABLE","source":"ndw","priceKwh":0.537}},{"type":"Feature","geometry":{"type":"Point","coordinates":[5.168138,52.22888]},"properties":{"type":"charge","layer":"passenger","locationId":"DBBC6A77-7B1E-4EB8-8D54-F4F7B580FCC5","name":"PP005205 - Hoge Naarderweg 43, Hilversum","address":"43 Hoge Naarderweg","city":"Hilversum","operatorName":"TotalEnergies","maxPowerKw":11,"isMegawatt":false,"status":"UNAVAILABLE","source":"ndw"}},{"type":"Feature","geometry":{"type":"Point","coordinates":[5.187584,52.240044]},"properties":{"type":"charge","layer":"passenger","locationId":"7106AAC4-8E38-4B33-B10F-839119A52545","name":"TNLP009658 - Stalpaertstraat 137, Hilversum","address":"137 Stalpaertstraat","city":"Hilversum","operatorName":"TotalEnergies","maxPowerKw":15,"isMegawatt":false,"status":"AVAILABLE","source":"ndw"}},{"type":"Feature","geometry":{"type":"Point","coordinates":[5.152399,52.202858]},"properties":{"type":"charge","layer":"passenger","locationId":"691c43f5b235d066fd8b265a","name":"LB 7","address":"Loosdrechtse Bos  7","city":"Hilversum","operatorName":"E-Flux by Road","maxPowerKw":4,"isMegawatt":false,"status":"AVAILABLE","source":"ndw","priceKwh":0.68}},{"type":"Feature","geometry":{"type":"Point","coordinates":[5.132249,52.21947]},"properties":{"type":"charge","layer":"passenger","locationId":"444B404B-1FC8-4143-B413-730D6B8D349C","name":"TNLP015032 - Kloosterlaan 42, Hilversum","address":"42 Kloosterlaan","city":"Hilversum","operatorName":"TotalEnergies","maxPowerKw":17,"isMegawatt":false,"status":"AVAILABLE","source":"ndw"}},{"type":"Feature","geometry":{"type":"Point","coordinates":[5.21033,52.22399]},"properties":{"type":"charge","layer":"passenger","locationId":"218","name":"Shell Recharge NL Harry Banninkstraat 101","address":"Harry Banninkstraat 101","city":"Hilversum","operatorName":"Ubitricity","maxPowerKw":11,"isMegawatt":false,"status":"AVAILABLE","source":"ndw","priceKwh":0.392}},{"type":"Feature","geometry":{"type":"Point","coordinates":[5.174252,52.215527]},"properties":{"type":"charge","layer":"passenger","locationId":"e6c97ecc-c7a5-4f90-9c46-0885d69488fb","name":"TNLP008204 - Gijsbrecht van Amstelstraat 70, Hilversum","address":"70 Gijsbrecht van Amstelstraat","city":"Hilversum","operatorName":"TotalEnergies","maxPowerKw":17,"isMegawatt":false,"status":"CHARGING","source":"ndw"}},{"type":"Feature","geometry":{"type":"Point","coordinates":[5.15334,52.20989]},"properties":{"type":"charge","layer":"passenger","locationId":"a947333174d7b709142b943bbae9d764","name":"Van Brakellaan 127","address":"Van Brakellaan 127","city":"Hilversum","operatorName":"Vattenfall InCharge","maxPowerKw":11,"isMegawatt":false,"status":"AVAILABLE","source":"ndw","priceKwh":0.2805}},{"type":"Feature","geometry":{"type":"Point","coordinates":[5.155406,52.222713]},"properties":{"type":"charge","layer":"passenger","locationId":"2C958EE5-3221-4062-83AE-33216DDDAEE3","name":"TNLP008047 - Turfstraat 36, Hilversum","address":"36 Turfstraat","city":"Hilversum","operatorName":"TotalEnergies","maxPowerKw":17,"isMegawatt":false,"status":"CHARGING","source":"ndw"}},{"type":"Feature","geometry":{"type":"Point","coordinates":[5.1914,52.23104]},"properties":{"type":"charge","layer":"passenger","locationId":"bd68caee-7d08-4986-9efa-81c1c8560941","name":"PP001782 - Jan van der Heijdenstraat 47, Hilversum","address":"47 Jan van der Heijdenstraat","city":"Hilversum","operatorName":"TotalEnergies","maxPowerKw":11,"isMegawatt":false,"status":"AVAILABLE","source":"ndw"}},{"type":"Feature","geometry":{"type":"Point","coordinates":[5.186,52.228313]},"properties":{"type":"charge","layer":"passenger","locationId":"429ED72A-D768-4694-8FCE-E1B1014BC969","name":"PP005347 - Eemnesserweg 7a, Hilversum","address":"7a Eemnesserweg","city":"Hilversum","operatorName":"TotalEnergies","maxPowerKw":11,"isMegawatt":false,"status":"AVAILABLE","source":"ndw"}},{"type":"Feature","geometry":{"type":"Point","coordinates":[5.147822,52.222977]},"properties":{"type":"charge","layer":"passenger","locationId":"91283922","name":"50five-S NL 19B01307","address":"1e Loswal 6","city":"Hilversum","operatorName":"50five","maxPowerKw":11,"isMegawatt":false,"status":"AVAILABLE","source":"ndw"}},{"type":"Feature","geometry":{"type":"Point","coordinates":[5.15723,52.22304]},"properties":{"type":"charge","layer":"passenger","locationId":"226CD54E-994C-491F-862A-756001AF9AC9","name":"TNLP003569 - Vaartweg 137, Hilversum","address":"137 Vaartweg","city":"Hilversum","operatorName":"TotalEnergies","maxPowerKw":17,"isMegawatt":false,"status":"AVAILABLE","source":"ndw"}},{"type":"Feature","geometry":{"type":"Point","coordinates":[5.134682,52.266724]},"properties":{"type":"charge","layer":"passenger","locationId":"2522A584-ADFE-4CD6-A16E-BD380619DC0D","name":"TNLP034224 - Bijenmeent 75, Hilversum","address":"75 Bijenmeent","city":"Hilversum","operatorName":"TotalEnergies","maxPowerKw":13,"isMegawatt":false,"status":"UNAVAILABLE","source":"ndw"}},{"type":"Feature","geometry":{"type":"Point","coordinates":[5.203636,52.224785]},"properties":{"type":"charge","layer":"passenger","locationId":"12743CD7-0639-4C92-B24D-E3A9907E7D09","name":"TNLP007586 - Rogier van Otterloostraat 25, Hilversum","address":"25 Rogier van Otterloostraat","city":"Hilversum","operatorName":"TotalEnergies","maxPowerKw":17,"isMegawatt":false,"status":"CHARGING","source":"ndw"}},{"type":"Feature","geometry":{"type":"Point","coordinates":[5.165403,52.236691]},"properties":{"type":"charge","layer":"passenger","locationId":"91088083","name":"50five-S NL 07002904","address":"Ceintuurbaan 16","city":"Hilversum","operatorName":"50five","maxPowerKw":4,"isMegawatt":false,"status":"CHARGING","source":"ndw"}},{"type":"Feature","geometry":{"type":"Point","coordinates":[5.172266,52.228361]},"properties":{"type":"charge","layer":"passenger","locationId":"91088303","name":"50five-S NL 07102254","address":"Burgemeester Lambooylaan 15","city":"Hilversum","operatorName":"50five","maxPowerKw":14,"isMegawatt":false,"status":"AVAILABLE","source":"ndw"}},{"type":"Feature","geometry":{"type":"Point","coordinates":[5.17811,52.22313]},"properties":{"type":"charge","layer":"passenger","locationId":"24F19424-7985-469E-A3F9-CB7035D39D85","name":"PP005067 - Groest 91, Hilversum","address":"91 Groest","city":"Hilversum","operatorName":"TotalEnergies","maxPowerKw":11,"isMegawatt":false,"status":"UNAVAILABLE","source":"ndw"}},{"type":"Feature","geometry":{"type":"Point","coordinates":[5.165662,52.226734]},"properties":{"type":"charge","layer":"passenger","locationId":"2AF31D93-20CC-45B2-B041-C878FB5D4F4C","name":"TNLP034099 - Lenneplaan 1, Hilversum","address":"1 Lenneplaan","city":"Hilversum","operatorName":"TotalEnergies","maxPowerKw":13,"isMegawatt":false,"status":"UNAVAILABLE","source":"ndw"}},{"type":"Feature","geometry":{"type":"Point","coordinates":[5.191413,52.231644]},"properties":{"type":"charge","layer":"passenger","locationId":"CF42CD29-7BEF-4F8F-A3D8-66D4633B1B70","name":"TNLP034083 - Zenderstraat 107, Hilversum","address":"107 Zenderstraat","city":"Hilversum","operatorName":"TotalEnergies","maxPowerKw":13,"isMegawatt":false,"status":"UNAVAILABLE","source":"ndw"}},{"type":"Feature","geometry":{"type":"Point","coordinates":[5.18371,52.22518]},"properties":{"type":"charge","layer":"passenger","locationId":"763782bc-ea68-40d7-8a79-3de625c08530","name":"PP001910 - Professor Kochstraat 7, Hilversum","address":"7 Professor Kochstraat","city":"Hilversum","operatorName":"TotalEnergies","maxPowerKw":11,"isMegawatt":false,"status":"AVAILABLE","source":"ndw"}},{"type":"Feature","geometry":{"type":"Point","coordinates":[5.192388,52.236046]},"properties":{"type":"charge","layer":"passenger","locationId":"50002305-f129-474c-8bef-4875c865c75f","name":"PP004299 - Johannes Geradtsweg 17, Hilversum","address":"17 Johannes Geradtsweg","city":"Hilversum","operatorName":"TotalEnergies","maxPowerKw":11,"isMegawatt":false,"status":"UNAVAILABLE","source":"ndw"}},{"type":"Feature","geometry":{"type":"Point","coordinates":[5.17392,52.24082]},"properties":{"type":"charge","layer":"passenger","locationId":"510","name":"Shell Recharge NL Bonnikestraat 49","address":"Bonnikestraat 49","city":"Hilversum","operatorName":"Ubitricity","maxPowerKw":11,"isMegawatt":false,"status":"AVAILABLE","source":"ndw","priceKwh":0.392}},{"type":"Feature","geometry":{"type":"Point","coordinates":[5.181856,52.21985]},"properties":{"type":"charge","layer":"passenger","locationId":"6B8B6FD4-0F47-4C85-9E6B-D6CA7A7A1D35","name":"TNLP009529","address":"Oude Amersfoortseweg 13","city":"Hilversum","operatorName":"TotalEnergies","maxPowerKw":17,"isMegawatt":false,"status":"UNAVAILABLE","source":"ndw"}},{"type":"Feature","geometry":{"type":"Point","coordinates":[5.153955,52.201048]},"properties":{"type":"charge","layer":"passenger","locationId":"691c47e2b5a3dacd4379ce93","name":"LB 19","address":"Loosdrechtse Bos 19","city":"Hilversum","operatorName":"E-Flux by Road","maxPowerKw":11,"isMegawatt":false,"status":"AVAILABLE","source":"ndw","priceKwh":0.68}},{"type":"Feature","geometry":{"type":"Point","coordinates":[5.18444,52.2349]},"properties":{"type":"charge","layer":"passenger","locationId":"250","name":"Shell Recharge NL Hendrick de Keyserlaan 13","address":"Hendrick de Keyserlaan 13","city":"Hilversum","operatorName":"Ubitricity","maxPowerKw":11,"isMegawatt":false,"status":"AVAILABLE","source":"ndw","priceKwh":0.392}},{"type":"Feature","geometry":{"type":"Point","coordinates":[5.16443,52.216542]},"properties":{"type":"charge","layer":"passenger","locationId":"69ccce9c4af81defc25d8733","name":"Hyacintenlaan","address":"Hyacintenlaan  80","city":"Hilversum","operatorName":"E-Flux by Road","maxPowerKw":11,"isMegawatt":false,"status":"UNAVAILABLE","source":"ndw","priceKwh":0.63}},{"type":"Feature","geometry":{"type":"Point","coordinates":[5.164793,52.228073]},"properties":{"type":"charge","layer":"passenger","locationId":"FEE36FC3-8BC8-4D63-B251-A66EA78C1FB2","name":"PP005415 - Van der Lindenlaan 7, Hilversum","address":"7 Van der Lindenlaan","city":"Hilversum","operatorName":"TotalEnergies","maxPowerKw":11,"isMegawatt":false,"status":"AVAILABLE","source":"ndw"}},{"type":"Feature","geometry":{"type":"Point","coordinates":[5.18175,52.22965]},"properties":{"type":"charge","layer":"passenger","locationId":"240","name":"Shell Recharge NL Korte Noorderweg 48","address":"Korte Noorderweg 48","city":"Hilversum","operatorName":"Ubitricity","maxPowerKw":11,"isMegawatt":false,"status":"AVAILABLE","source":"ndw","priceKwh":0.392}},{"type":"Feature","geometry":{"type":"Point","coordinates":[5.19073,52.212767]},"properties":{"type":"charge","layer":"passenger","locationId":"NLCPIL6693645","name":"NIKEEHQ HQ 37","address":"3 Colosseum","city":"Hilversum","operatorName":"ChargePoint","maxPowerKw":22,"isMegawatt":false,"status":"AVAILABLE","source":"ndw","priceKwh":0.17}},{"type":"Feature","geometry":{"type":"Point","coordinates":[5.17811,52.21952]},"properties":{"type":"charge","layer":"passenger","locationId":"09438423-B908-4DED-A5F6-B4AC2AF93692","name":"Eneco eMobility Ebben Partners - Hilversum","address":"Nassaulaan 25","city":"Hilversum","operatorName":"Eneco","maxPowerKw":22,"isMegawatt":false,"status":"AVAILABLE","source":"ndw","priceKwh":0.35}},{"type":"Feature","geometry":{"type":"Point","coordinates":[5.191947,52.213587]},"properties":{"type":"charge","layer":"passenger","locationId":"NLCPIL6700315","name":"NIKEEHQ ARENA 2","address":"Arena","city":"Hilversum","operatorName":"ChargePoint","maxPowerKw":11,"isMegawatt":false,"status":"AVAILABLE","source":"ndw","priceKwh":0.17}},{"type":"Feature","geometry":{"type":"Point","coordinates":[5.174217,52.220918]},"properties":{"type":"charge","layer":"passenger","locationId":"267","name":"Shell Recharge NL Neuweg 22","address":"Neuweg 22","city":"Hilversum","operatorName":"Ubitricity","maxPowerKw":11,"isMegawatt":false,"status":"AVAILABLE","source":"ndw","priceKwh":0.392}},{"type":"Feature","geometry":{"type":"Point","coordinates":[5.179111,52.204406]},"properties":{"type":"charge","layer":"passenger","locationId":"68b888c4f3c67472dacacb42","name":"Beukenlaan 3","address":"Beukenlaan 3","city":"Hilversum","operatorName":"E-Flux by Road","maxPowerKw":11,"isMegawatt":false,"status":"CHARGING","source":"ndw","priceKwh":0.58}},{"type":"Feature","geometry":{"type":"Point","coordinates":[5.197868,52.224263]},"properties":{"type":"charge","layer":"passenger","locationId":"91169449","name":"50five-S NL 03010283","address":"Rondeellaan 11","city":"Hilversum","operatorName":"50five","maxPowerKw":4,"isMegawatt":false,"status":"AVAILABLE","source":"ndw"}},{"type":"Feature","geometry":{"type":"Point","coordinates":[5.152386,52.200336]},"properties":{"type":"charge","layer":"passenger","locationId":"691c45a9bc39cf4238c623af","name":"LB 15","address":"Loosdrechtse Bos 15","city":"Hilversum","operatorName":"E-Flux by Road","maxPowerKw":11,"isMegawatt":false,"status":"AVAILABLE","source":"ndw","priceKwh":0.68}},{"type":"Feature","geometry":{"type":"Point","coordinates":[5.178805,52.215347]},"properties":{"type":"charge","layer":"passenger","locationId":"82C9FC04-D58A-477D-ADE1-38E7EE0A4713","name":"TNLP009015 - Pieter de Hooghlaan 41, Hilversum","address":"41 Pieter de Hooghlaan","city":"Hilversum","operatorName":"TotalEnergies","maxPowerKw":17,"isMegawatt":false,"status":"AVAILABLE","source":"ndw"}},{"type":"Feature","geometry":{"type":"Point","coordinates":[5.1858859,52.2244988]},"properties":{"type":"charge","layer":"passenger","locationId":"2121","name":"Shell Recharge NL Jac. P. Thijsseplein 34","address":"Jac. P. Thijsseplein 34","city":"Hilversum","operatorName":"Ubitricity","maxPowerKw":22,"isMegawatt":false,"status":"AVAILABLE","source":"ndw","priceKwh":0.267}},{"type":"Feature","geometry":{"type":"Point","coordinates":[5.20085,52.23158]},"properties":{"type":"charge","layer":"passenger","locationId":"714","name":"Shell Recharge NL Kamerlingh Onnesweg 204","address":"Kamerlingh Onnesweg 204","city":"Hilversum","operatorName":"Ubitricity","maxPowerKw":11,"isMegawatt":false,"status":"AVAILABLE","source":"ndw","priceKwh":0.392}},{"type":"Feature","geometry":{"type":"Point","coordinates":[5.145436,52.212196]},"properties":{"type":"charge","layer":"passenger","locationId":"91232572","name":"50five-S NL 09100801","address":"Franciscusweg 359","city":"Hilversum","operatorName":"50five","maxPowerKw":11,"isMegawatt":false,"status":"AVAILABLE","source":"ndw"}},{"type":"Feature","geometry":{"type":"Point","coordinates":[5.187879,52.222451]},"properties":{"type":"charge","layer":"passenger","locationId":"69519a82-b263-46d3-8cfb-00a7c16f17f2","name":"Liebergerweg 18-26","address":"Liebergerweg 18-26","city":"Hilversum","operatorName":"Vattenfall InCharge","maxPowerKw":22,"isMegawatt":false,"status":"AVAILABLE","source":"ndw","priceKwh":0.75}},{"type":"Feature","geometry":{"type":"Point","coordinates":[5.170432,52.229061]},"properties":{"type":"charge","layer":"passenger","locationId":"91231207","name":"50five-S NL 08000528","address":"Dudokpark 3","city":"Hilversum","operatorName":"50five","maxPowerKw":22,"isMegawatt":false,"status":"UNAVAILABLE","source":"ndw"}},{"type":"Feature","geometry":{"type":"Point","coordinates":[5.16376,52.20843]},"properties":{"type":"charge","layer":"passenger","locationId":"723","name":"Shell Recharge NL J.H. Meijerstraat 7","address":"J.H. Meijerstraat 7","city":"Hilversum","operatorName":"Ubitricity","maxPowerKw":11,"isMegawatt":false,"status":"AVAILABLE","source":"ndw","priceKwh":0.392}},{"type":"Feature","geometry":{"type":"Point","coordinates":[5.19217,52.22807]},"properties":{"type":"charge","layer":"passenger","locationId":"BF92008F-2AA1-43F7-A1A2-61ABDBD61C8F","name":"PP005042 - Bellstraat 38, Hilversum","address":"38 Bellstraat","city":"Hilversum","operatorName":"TotalEnergies","maxPowerKw":11,"isMegawatt":false,"status":"AVAILABLE","source":"ndw"}},{"type":"Feature","geometry":{"type":"Point","coordinates":[5.16548,52.21406]},"properties":{"type":"charge","layer":"passenger","locationId":"284","name":"Shell Recharge NL Leliestraat 33","address":"Leliestraat 33","city":"Hilversum","operatorName":"Ubitricity","maxPowerKw":11,"isMegawatt":false,"status":"AVAILABLE","source":"ndw","priceKwh":0.392}},{"type":"Feature","geometry":{"type":"Point","coordinates":[5.18307,52.22255]},"properties":{"type":"charge","layer":"passenger","locationId":"308","name":"Shell Recharge NL Sint Annastraat 25","address":"Sint Annastraat 25","city":"Hilversum","operatorName":"Ubitricity","maxPowerKw":11,"isMegawatt":false,"status":"AVAILABLE","source":"ndw","priceKwh":0.392}},{"type":"Feature","geometry":{"type":"Point","coordinates":[5.157343,52.22079]},"properties":{"type":"charge","layer":"passenger","locationId":"D745BAA8-5926-4F72-A01D-904869DDD677","name":"TNLP007819 - Beetslaan 7, Hilversum","address":"7 Beetslaan","city":"Hilversum","operatorName":"TotalEnergies","maxPowerKw":17,"isMegawatt":false,"status":"AVAILABLE","source":"ndw"}},{"type":"Feature","geometry":{"type":"Point","coordinates":[5.174428,52.230362]},"properties":{"type":"charge","layer":"passenger","locationId":"DD53AFEB-0FAD-439C-B283-357B99717371","name":"PP005354 - Sumatralaan 1, Hilversum","address":"1 Sumatralaan","city":"Hilversum","operatorName":"TotalEnergies","maxPowerKw":11,"isMegawatt":false,"status":"AVAILABLE","source":"ndw"}},{"type":"Feature","geometry":{"type":"Point","coordinates":[5.19811,52.22202]},"properties":{"type":"charge","layer":"passenger","locationId":"E85AF0BC-30D4-413E-A453-D963DDD4EB03","name":"PP004340 - Adelaarstraat 3, Hilversum","address":"3 Adelaarstraat","city":"Hilversum","operatorName":"TotalEnergies","maxPowerKw":15,"isMegawatt":false,"status":"AVAILABLE","source":"ndw"}},{"type":"Feature","geometry":{"type":"Point","coordinates":[5.155633,52.220845]},"properties":{"type":"charge","layer":"passenger","locationId":"91146939","name":"50five-S NL 03013661","address":"Loosdrechtseweg 40","city":"Hilversum","operatorName":"50five","maxPowerKw":11,"isMegawatt":false,"status":"AVAILABLE","source":"ndw"}},{"type":"Feature","geometry":{"type":"Point","coordinates":[5.19415,52.22182]},"properties":{"type":"charge","layer":"passenger","locationId":"5091983d-e5da-4a08-b8ff-474864783d61","name":"PP001439 - Liebergerweg 562, Hilversum","address":"562 Liebergerweg","city":"Hilversum","operatorName":"TotalEnergies","maxPowerKw":11,"isMegawatt":false,"status":"AVAILABLE","source":"ndw"}},{"type":"Feature","geometry":{"type":"Point","coordinates":[5.175327,52.203999]},"properties":{"type":"charge","layer":"passenger","locationId":"91055029","name":"50five-S NL 03008468","address":"Sparrenlaan 9","city":"Hilversum","operatorName":"50five","maxPowerKw":11,"isMegawatt":false,"status":"AVAILABLE","source":"ndw"}},{"type":"Feature","geometry":{"type":"Point","coordinates":[5.206935,52.222222]},"properties":{"type":"charge","layer":"passenger","locationId":"4227372","name":"Laadnet St. Pensioenfonds Metaal en Techniek","address":"Minckelersstraat 311","city":"Hilversum","operatorName":"Laadnet","maxPowerKw":22,"isMegawatt":false,"status":"AVAILABLE","source":"ndw"}},{"type":"Feature","geometry":{"type":"Point","coordinates":[5.184492,52.214563]},"properties":{"type":"charge","layer":"passenger","locationId":"91233240","name":"50five-S NL 17B01898","address":"Laapersveld 22","city":"Hilversum","operatorName":"50five","maxPowerKw":14,"isMegawatt":false,"status":"UNAVAILABLE","source":"ndw"}},{"type":"Feature","geometry":{"type":"Point","coordinates":[5.154937,52.201856]},"properties":{"type":"charge","layer":"passenger","locationId":"691c485614637640d392b76a","name":"LB 21","address":"Loosdrechtse Bos 21","city":"Hilversum","operatorName":"E-Flux by Road","maxPowerKw":11,"isMegawatt":false,"status":"AVAILABLE","source":"ndw","priceKwh":0.68}},{"type":"Feature","geometry":{"type":"Point","coordinates":[5.172408,52.2445]},"properties":{"type":"charge","layer":"passenger","locationId":"13616D9A-DDF3-4E98-B4BB-3F0592B5374E","name":"TNLP005693 - Erfgooiersstraat 745, Hilversum","address":"745 Erfgooiersstraat","city":"Hilversum","operatorName":"TotalEnergies","maxPowerKw":11,"isMegawatt":false,"status":"UNAVAILABLE","source":"ndw"}},{"type":"Feature","geometry":{"type":"Point","coordinates":[5.19382,52.23396]},"properties":{"type":"charge","layer":"passenger","locationId":"EB8F3135-06C1-4CD2-9BD0-B774F7EF9EA3","name":"TNLP003659 - Seinstraat 34, Hilversum","address":"34 Seinstraat","city":"Hilversum","operatorName":"TotalEnergies","maxPowerKw":17,"isMegawatt":false,"status":"AVAILABLE","source":"ndw"}},{"type":"Feature","geometry":{"type":"Point","coordinates":[5.176854,52.23694]},"properties":{"type":"charge","layer":"passenger","locationId":"1CA20BFC-8311-4E6F-9337-753EA480CDA2","name":"TNLP008144 - Van den Wall Bakelaan 2, Hilversum","address":"2 Van den Wall Bakelaan","city":"Hilversum","operatorName":"TotalEnergies","maxPowerKw":17,"isMegawatt":false,"status":"AVAILABLE","source":"ndw"}},{"type":"Feature","geometry":{"type":"Point","coordinates":[5.2034855,52.2241475]},"properties":{"type":"charge","layer":"passenger","locationId":"1345","name":"Shell Recharge NL Rogier van Otterloostraat 18","address":"Rogier van Otterloostraat 18","city":"Hilversum","operatorName":"Ubitricity","maxPowerKw":22,"isMegawatt":false,"status":"AVAILABLE","source":"ndw","priceKwh":0.267}},{"type":"Feature","geometry":{"type":"Point","coordinates":[5.156528,52.215086]},"properties":{"type":"charge","layer":"passenger","locationId":"4294b921ac7223804f464b2fc049705e","name":"Oude Loosdrechtseweg 154","address":"Oude Loosdrechtseweg 154","city":"Hilversum","operatorName":"Vattenfall InCharge","maxPowerKw":11,"isMegawatt":false,"status":"AVAILABLE","source":"ndw","priceKwh":0.2805}},{"type":"Feature","geometry":{"type":"Point","coordinates":[5.14157,52.21576]},"properties":{"type":"charge","layer":"passenger","locationId":"369c8339-9e3d-4005-a9f2-405eb299824b","name":"PP001414 - Kapittelweg 309, Hilversum","address":"309 Kapittelweg","city":"Hilversum","operatorName":"TotalEnergies","maxPowerKw":11,"isMegawatt":false,"status":"UNAVAILABLE","source":"ndw"}},{"type":"Feature","geometry":{"type":"Point","coordinates":[5.1532,52.21065]},"properties":{"type":"charge","layer":"passenger","locationId":"0253D55D-2309-465C-805F-5B12AA89E161","name":"PP004072 - Van Wassenaerlaan 49, Hilversum","address":"49 Van Wassenaerlaan","city":"Hilversum","operatorName":"TotalEnergies","maxPowerKw":11,"isMegawatt":false,"status":"AVAILABLE","source":"ndw"}},{"type":"Feature","geometry":{"type":"Point","coordinates":[5.171186,52.215324]},"properties":{"type":"charge","layer":"passenger","locationId":"06F4D851-128E-42D7-82A3-F48996DC9C77","name":"TNLP034024 - Neuweg 245 D, Hilversum","address":"245 D Neuweg","city":"Hilversum","operatorName":"TotalEnergies","maxPowerKw":13,"isMegawatt":false,"status":"UNAVAILABLE","source":"ndw"}},{"type":"Feature","geometry":{"type":"Point","coordinates":[5.18302,52.23275]},"properties":{"type":"charge","layer":"passenger","locationId":"665","name":"Shell Recharge NL Van Leeuwenhoekstraat 106","address":"Van Leeuwenhoekstraat 106","city":"Hilversum","operatorName":"Ubitricity","maxPowerKw":11,"isMegawatt":false,"status":"AVAILABLE","source":"ndw","priceKwh":0.392}},{"type":"Feature","geometry":{"type":"Point","coordinates":[5.140211,52.272842]},"properties":{"type":"charge","layer":"passenger","locationId":"84153579-1A5D-484A-B72B-A24431C726B3","name":"TNLP008221 - Biezenmeent 21, Hilversum","address":"21 Biezenmeent","city":"Hilversum","operatorName":"TotalEnergies","maxPowerKw":17,"isMegawatt":false,"status":"CHARGING","source":"ndw"}},{"type":"Feature","geometry":{"type":"Point","coordinates":[5.177178,52.217945]},"properties":{"type":"charge","layer":"passenger","locationId":"40BDDB88-D6E2-4FA6-B456-2C24CBA55E17","name":"PP004050 - Rembrandtlaan 35, Hilversum","address":"35 Rembrandtlaan","city":"Hilversum","operatorName":"TotalEnergies","maxPowerKw":11,"isMegawatt":false,"status":"AVAILABLE","source":"ndw"}},{"type":"Feature","geometry":{"type":"Point","coordinates":[5.18349,52.23838]},"properties":{"type":"charge","layer":"passenger","locationId":"91C43996-57FE-4A5D-8842-E4DC28A98409","name":"PP004179 - Graaf Wichmanstraat 8, Hilversum","address":"8 Graaf Wichmanstraat","city":"Hilversum","operatorName":"TotalEnergies","maxPowerKw":11,"isMegawatt":false,"status":"UNAVAILABLE","source":"ndw"}},{"type":"Feature","geometry":{"type":"Point","coordinates":[5.171337,52.207935]},"properties":{"type":"charge","layer":"passenger","locationId":"9BE48415-38C7-435C-AAE0-99B165A2B4FB","name":"TNLP007889 - Kolhornseweg 4, Hilversum","address":"4 Kolhornseweg","city":"Hilversum","operatorName":"TotalEnergies","maxPowerKw":17,"isMegawatt":false,"status":"AVAILABLE","source":"ndw"}},{"type":"Feature","geometry":{"type":"Point","coordinates":[5.16943,52.21761]},"properties":{"type":"charge","layer":"passenger","locationId":"6697c1a3-b50f-4df2-9d63-9b6b9596cbec","name":"PP002044 - Tulpstraat 63, Hilversum","address":"63 Tulpstraat","city":"Hilversum","operatorName":"TotalEnergies","maxPowerKw":11,"isMegawatt":false,"status":"AVAILABLE","source":"ndw"}},{"type":"Feature","geometry":{"type":"Point","coordinates":[5.151877,52.217621]},"properties":{"type":"charge","layer":"passenger","locationId":"c6a027d7633ea6f83ed314055464025f","name":"Wezellaan 30","address":"Wezellaan 30","city":"Hilversum","operatorName":"Vattenfall InCharge","maxPowerKw":11,"isMegawatt":false,"status":"AVAILABLE","source":"ndw","priceKwh":0.2805}},{"type":"Feature","geometry":{"type":"Point","coordinates":[5.190171,52.222797]},"properties":{"type":"charge","layer":"passenger","locationId":"1CE9E6D1-4A4A-4895-8D18-1F173E607C96","name":"TNLP008420 - Lijsterweg 131, Hilversum","address":"131 Lijsterweg","city":"Hilversum","operatorName":"TotalEnergies","maxPowerKw":14,"isMegawatt":false,"status":"UNAVAILABLE","source":"ndw"}},{"type":"Feature","geometry":{"type":"Point","coordinates":[5.174049,52.214066]},"properties":{"type":"charge","layer":"passenger","locationId":"3C4C34E4-17D5-45F1-A785-A11D5883225A","name":"TNLP007638 - Orchideestraat 55, Hilversum","address":"55 Orchideestraat","city":"Hilversum","operatorName":"TotalEnergies","maxPowerKw":17,"isMegawatt":false,"status":"AVAILABLE","source":"ndw"}},{"type":"Feature","geometry":{"type":"Point","coordinates":[5.148131,52.223934]},"properties":{"type":"charge","layer":"passenger","locationId":"5A62ED20-DF02-458D-88AD-D43E40DAEDAF","name":"TNLP007340 - Beresteinseweg 64, Hilversum","address":"64 Beresteinseweg","city":"Hilversum","operatorName":"TotalEnergies","maxPowerKw":15,"isMegawatt":false,"status":"UNAVAILABLE","source":"ndw"}},{"type":"Feature","geometry":{"type":"Point","coordinates":[5.149051,52.219554]},"properties":{"type":"charge","layer":"passenger","locationId":"60b1fc8518b6174afff0f3d0","name":"ACH H'sum","address":"Zeverijnstraat 14","city":"Hilversum","operatorName":"E-Flux by Road","maxPowerKw":11,"isMegawatt":false,"status":"AVAILABLE","source":"ndw","priceKwh":0.55}},{"type":"Feature","geometry":{"type":"Point","coordinates":[5.13541,52.2704]},"properties":{"type":"charge","layer":"passenger","locationId":"5DB26BE2-E6AC-485B-9D81-FA7DFFBA9EF8","name":"PP004318 - Vuurvlindermeent 1, Hilversum","address":"1 Vuurvlindermeent","city":"Hilversum","operatorName":"TotalEnergies","maxPowerKw":11,"isMegawatt":false,"status":"CHARGING","source":"ndw"}},{"type":"Feature","geometry":{"type":"Point","coordinates":[5.203087,52.223347]},"properties":{"type":"charge","layer":"passenger","locationId":"37210461-0337-4813-B76C-7143460C539C","name":"TNLP009260 - Rogier van Otterloostraat 2, Hilversum","address":"2 Rogier van Otterloostraat","city":"Hilversum","operatorName":"TotalEnergies","maxPowerKw":17,"isMegawatt":false,"status":"AVAILABLE","source":"ndw"}},{"type":"Feature","geometry":{"type":"Point","coordinates":[5.16693,52.21187]},"properties":{"type":"charge","layer":"passenger","locationId":"216","name":"Shell Recharge NL Korenbloemstraat 23","address":"Korenbloemstraat 23","city":"Hilversum","operatorName":"Ubitricity","maxPowerKw":11,"isMegawatt":false,"status":"AVAILABLE","source":"ndw","priceKwh":0.392}},{"type":"Feature","geometry":{"type":"Point","coordinates":[5.187898,52.23933]},"properties":{"type":"charge","layer":"passenger","locationId":"6098D6C5-97C5-4E99-9564-DB721FAB1FF3","name":"TNLP007118 - Salmstraat 49, Hilversum","address":"49 Salmstraat","city":"Hilversum","operatorName":"TotalEnergies","maxPowerKw":17,"isMegawatt":false,"status":"AVAILABLE","source":"ndw"}},{"type":"Feature","geometry":{"type":"Point","coordinates":[5.19247,52.217348]},"properties":{"type":"charge","layer":"passenger","locationId":"923341","name":"DAE_NL_20001190","address":"Abel Tasmanstraat 29","city":"Hilversum","operatorName":"DAEN Mobility","maxPowerKw":11,"isMegawatt":false,"status":"AVAILABLE","source":"ndw","priceKwh":0.28}},{"type":"Feature","geometry":{"type":"Point","coordinates":[5.133642,52.21897]},"properties":{"type":"charge","layer":"passenger","locationId":"81DB8BD8-C834-4E2A-A6E9-8EF6E45E34F3","name":"TNLP034134 - Janseniushof 48, Hilversum","address":"48 Janseniushof","city":"Hilversum","operatorName":"TotalEnergies","maxPowerKw":13,"isMegawatt":false,"status":"UNAVAILABLE","source":"ndw"}},{"type":"Feature","geometry":{"type":"Point","coordinates":[5.193951,52.217536]},"properties":{"type":"charge","layer":"passenger","locationId":"95b603c430f9684296d16a78b451d7e4","name":"Peter Planciusplein 23","address":"Peter Planciusplein 23","city":"Hilversum","operatorName":"Vattenfall InCharge","maxPowerKw":11,"isMegawatt":false,"status":"AVAILABLE","source":"ndw","priceKwh":0.2805}},{"type":"Feature","geometry":{"type":"Point","coordinates":[5.189948,52.22591]},"properties":{"type":"charge","layer":"passenger","locationId":"5D07CB4E-707E-49B5-BF82-B40D5EA92639","name":"TNLP006536 - Kleine Drift 126, Hilversum","address":"126 Kleine Drift","city":"Hilversum","operatorName":"TotalEnergies","maxPowerKw":17,"isMegawatt":false,"status":"CHARGING","source":"ndw"}},{"type":"Feature","geometry":{"type":"Point","coordinates":[5.183079,52.236385]},"properties":{"type":"charge","layer":"passenger","locationId":"F7D9054A-9BF8-4083-9C43-1A40D598A51D","name":"TNLP006152 - Van Kretschmar van Veenlaan 2, Hilversum","address":"2 Van Kretschmar van Veenlaan","city":"Hilversum","operatorName":"TotalEnergies","maxPowerKw":17,"isMegawatt":false,"status":"AVAILABLE","source":"ndw"}},{"type":"Feature","geometry":{"type":"Point","coordinates":[5.177768,52.208894]},"properties":{"type":"charge","layer":"passenger","locationId":"91043526","name":"50five-S NL 07004015","address":"Acaciapark 41","city":"Hilversum","operatorName":"50five","maxPowerKw":11,"isMegawatt":false,"status":"CHARGING","source":"ndw"}},{"type":"Feature","geometry":{"type":"Point","coordinates":[5.1393,52.21392]},"properties":{"type":"charge","layer":"passenger","locationId":"283","name":"Shell Recharge NL Lutherhof 8","address":"Lutherhof 8","city":"Hilversum","operatorName":"Ubitricity","maxPowerKw":11,"isMegawatt":false,"status":"AVAILABLE","source":"ndw","priceKwh":0.392}},{"type":"Feature","geometry":{"type":"Point","coordinates":[5.166337,52.216576]},"properties":{"type":"charge","layer":"passenger","locationId":"44021185-5EC2-463C-A120-D41D62C8027F","name":"TNLP034096 - Meidoornstraat 12, Hilversum","address":"12 Meidoornstraat","city":"Hilversum","operatorName":"TotalEnergies","maxPowerKw":13,"isMegawatt":false,"status":"UNAVAILABLE","source":"ndw"}},{"type":"Feature","geometry":{"type":"Point","coordinates":[5.162806,52.214924]},"properties":{"type":"charge","layer":"passenger","locationId":"2F36ABAE-DFBB-4E4D-B1CB-82E8B6DE51AE","name":"TNLP007859 - Jacob Catsstraat 11, Hilversum","address":"11 Jacob Catsstraat","city":"Hilversum","operatorName":"TotalEnergies","maxPowerKw":17,"isMegawatt":false,"status":"AVAILABLE","source":"ndw"}},{"type":"Feature","geometry":{"type":"Point","coordinates":[5.183613,52.240963]},"properties":{"type":"charge","layer":"passenger","locationId":"bb3bc7d9-4649-4e55-a9b6-a0ec2c40b286","name":"TNLP006509 - Van Nijenrodestraat 76, Hilversum","address":"76 Van Nijenrodestraat","city":"Hilversum","operatorName":"TotalEnergies","maxPowerKw":17,"isMegawatt":false,"status":"AVAILABLE","source":"ndw"}},{"type":"Feature","geometry":{"type":"Point","coordinates":[5.195894,52.228413]},"properties":{"type":"charge","layer":"passenger","locationId":"8E0123E8-5E1E-40F1-B8E0-8A900DCA8174","name":"PP005583 - Van de Sande Bakhuyzenstraat 71, Hilversum","address":"71 Van de Sande Bakhuyzenstraat","city":"Hilversum","operatorName":"TotalEnergies","maxPowerKw":11,"isMegawatt":false,"status":"AVAILABLE","source":"ndw"}},{"type":"Feature","geometry":{"type":"Point","coordinates":[5.181505,52.22324]},"properties":{"type":"charge","layer":"passenger","locationId":"3FD900A9-B678-4176-9B0E-0F32D24DD388","name":"TNLP009555 - Achterom 135, Hilversum","address":"135 Achterom","city":"Hilversum","operatorName":"TotalEnergies","maxPowerKw":17,"isMegawatt":false,"status":"AVAILABLE","source":"ndw"}},{"type":"Feature","geometry":{"type":"Point","coordinates":[5.178963,52.230152]},"properties":{"type":"charge","layer":"passenger","locationId":"FB6B8979-41AF-4EF1-8331-65A2F99AC160","name":"TNLP009918 - Noorderweg 76, Hilversum","address":"76 Noorderweg","city":"Hilversum","operatorName":"TotalEnergies","maxPowerKw":17,"isMegawatt":false,"status":"AVAILABLE","source":"ndw"}},{"type":"Feature","geometry":{"type":"Point","coordinates":[5.13257,52.21771]},"properties":{"type":"charge","layer":"passenger","locationId":"525","name":"Shell Recharge NL Erasmuslaan 12","address":"Erasmuslaan 12","city":"Hilversum","operatorName":"Ubitricity","maxPowerKw":11,"isMegawatt":false,"status":"AVAILABLE","source":"ndw","priceKwh":0.392}},{"type":"Feature","geometry":{"type":"Point","coordinates":[5.169287,52.225967]},"properties":{"type":"charge","layer":"passenger","locationId":"f1b55e6e-1aaa-486d-ad47-c39e2211c7dd","name":"PP005462 - Burgemeester Andriessenstraat 30, Hilversum","address":"30 Burgemeester Andriessenstraat","city":"Hilversum","operatorName":"TotalEnergies","maxPowerKw":11,"isMegawatt":false,"status":"CHARGING","source":"ndw"}},{"type":"Feature","geometry":{"type":"Point","coordinates":[5.137993,52.215466]},"properties":{"type":"charge","layer":"passenger","locationId":"764001B9-ED53-4864-BE1A-1EEB1826F371","name":"TNLP015062 - Calvijnhof 27, Hilversum","address":"27 Calvijnhof","city":"Hilversum","operatorName":"TotalEnergies","maxPowerKw":17,"isMegawatt":false,"status":"AVAILABLE","source":"ndw"}},{"type":"Feature","geometry":{"type":"Point","coordinates":[5.17925,52.22986]},"properties":{"type":"charge","layer":"passenger","locationId":"e0f86d75-caf3-4bbe-9503-62002653ae0a","name":"PP001682 - Simon Stevinweg 4, Hilversum","address":"4 Simon Stevinweg","city":"Hilversum","operatorName":"TotalEnergies","maxPowerKw":11,"isMegawatt":false,"status":"UNAVAILABLE","source":"ndw"}},{"type":"Feature","geometry":{"type":"Point","coordinates":[5.158079,52.21664]},"properties":{"type":"charge","layer":"passenger","locationId":"F8BE3E1A-6937-4C91-98CF-C72F0F02923B","name":"PP005400 - Frederik van Eedenlaan 13, Hilversum","address":"13 Frederik van Eedenlaan","city":"Hilversum","operatorName":"TotalEnergies","maxPowerKw":11,"isMegawatt":false,"status":"CHARGING","source":"ndw"}},{"type":"Feature","geometry":{"type":"Point","coordinates":[5.186204,52.238483]},"properties":{"type":"charge","layer":"passenger","locationId":"dbd5113c-aa24-4389-94e9-8410a024950a","name":"TNLP034029 - Berlagelaan 81, Hilversum","address":"81 Berlagelaan","city":"Hilversum","operatorName":"TotalEnergies","maxPowerKw":13,"isMegawatt":false,"status":"CHARGING","source":"ndw"}},{"type":"Feature","geometry":{"type":"Point","coordinates":[5.148628,52.213559]},"properties":{"type":"charge","layer":"passenger","locationId":"91107927","name":"50five-S NL 09100901","address":"Franciscusweg 291","city":"Hilversum","operatorName":"50five","maxPowerKw":22,"isMegawatt":false,"status":"AVAILABLE","source":"ndw"}},{"type":"Feature","geometry":{"type":"Point","coordinates":[5.171428,52.212368]},"properties":{"type":"charge","layer":"passenger","locationId":"FFC5C052-29BB-424F-A3E6-B8B7BAE11A3F","name":"TNLP008833 - Cameliastraat 44, Hilversum","address":"44 Cameliastraat","city":"Hilversum","operatorName":"TotalEnergies","maxPowerKw":14,"isMegawatt":false,"status":"AVAILABLE","source":"ndw"}},{"type":"Feature","geometry":{"type":"Point","coordinates":[5.177178,52.227795]},"properties":{"type":"charge","layer":"passenger","locationId":"96E06E26-CA3D-4006-B3C5-9B892106E5BC","name":"Laadplein - PP005577 - Naarderstraat 8, Hilversum","address":"8 Naarderstraat","city":"Hilversum","operatorName":"TotalEnergies","maxPowerKw":15,"isMegawatt":false,"status":"AVAILABLE","source":"ndw"}},{"type":"Feature","geometry":{"type":"Point","coordinates":[5.1615,52.21173]},"properties":{"type":"charge","layer":"passenger","locationId":"04609BAC-DE2F-471A-BC79-B6F53100D3F0","name":"PP001927 - Jacob Catsstraat 86, Hilversum","address":"86 Jacob Catsstraat","city":"Hilversum","operatorName":"TotalEnergies","maxPowerKw":11,"isMegawatt":false,"status":"AVAILABLE","source":"ndw"}},{"type":"Feature","geometry":{"type":"Point","coordinates":[5.181618,52.231473]},"properties":{"type":"charge","layer":"passenger","locationId":"62628b8e1238c1540ee08dd9","name":"Laadstation","address":"Van leeuwenhoekstraat  60","city":"Hilversum","operatorName":"E-Flux by Road","maxPowerKw":6,"isMegawatt":false,"status":"CHARGING","source":"ndw","priceKwh":0.57}},{"type":"Feature","geometry":{"type":"Point","coordinates":[5.1699,52.21012]},"properties":{"type":"charge","layer":"passenger","locationId":"A9D2C625-F6ED-4B17-AAFE-2FFC25535B07","name":"TNLP008222 - Lijsterbeslaan 1, Hilversum","address":"1 Lijsterbeslaan","city":"Hilversum","operatorName":"TotalEnergies","maxPowerKw":17,"isMegawatt":false,"status":"AVAILABLE","source":"ndw"}},{"type":"Feature","geometry":{"type":"Point","coordinates":[5.136567,52.267742]},"properties":{"type":"charge","layer":"passenger","locationId":"D60EBC00-8E75-4D06-A462-34B71AA6633D","name":"TNLP007769 - Bijenmeent 6, Hilversum","address":"6 Bijenmeent","city":"Hilversum","operatorName":"TotalEnergies","maxPowerKw":17,"isMegawatt":false,"status":"AVAILABLE","source":"ndw"}},{"type":"Feature","geometry":{"type":"Point","coordinates":[5.17926,52.23198]},"properties":{"type":"charge","layer":"passenger","locationId":"0144A4BB-819B-4C77-BB25-0F575E529782","name":"PP001505 - Snelliuslaan 5, Hilversum","address":"5 Snelliuslaan","city":"Hilversum","operatorName":"TotalEnergies","maxPowerKw":11,"isMegawatt":false,"status":"AVAILABLE","source":"ndw"}},{"type":"Feature","geometry":{"type":"Point","coordinates":[5.147398,52.218943]},"properties":{"type":"charge","layer":"passenger","locationId":"60b1fda47e53d12bb99f7b43","name":"Paul's Garage (Links)","address":"Zeverijnstraat 20","city":"Hilversum","operatorName":"E-Flux by Road","maxPowerKw":11,"isMegawatt":false,"status":"AVAILABLE","source":"ndw","priceKwh":0.55}},{"type":"Feature","geometry":{"type":"Point","coordinates":[5.154004,52.22301]},"properties":{"type":"charge","layer":"passenger","locationId":"B0D113E1-4D73-484B-AD9C-FF75372D1C95","name":"TNLP006123 - Turfstraat 84, Hilversum","address":"84 Turfstraat","city":"Hilversum","operatorName":"TotalEnergies","maxPowerKw":17,"isMegawatt":false,"status":"AVAILABLE","source":"ndw"}},{"type":"Feature","geometry":{"type":"Point","coordinates":[5.183181,52.230637]},"properties":{"type":"charge","layer":"passenger","locationId":"52266AE1-88EA-40DC-A5AB-B067CF1C0137","name":"TNLP007700 - Huygensstraat 61, Hilversum","address":"61 Huygensstraat","city":"Hilversum","operatorName":"TotalEnergies","maxPowerKw":17,"isMegawatt":false,"status":"AVAILABLE","source":"ndw"}},{"type":"Feature","geometry":{"type":"Point","coordinates":[5.205323,52.222725]},"properties":{"type":"charge","layer":"passenger","locationId":"A845C4ED-EA80-4FAE-8B18-B44EFF7F1F20","name":"TNLP015087 - Tony van Verrestraat 1, Hilversum","address":"1 Tony van Verrestraat","city":"Hilversum","operatorName":"TotalEnergies","maxPowerKw":17,"isMegawatt":false,"status":"AVAILABLE","source":"ndw"}},{"type":"Feature","geometry":{"type":"Point","coordinates":[5.188283,52.22449]},"properties":{"type":"charge","layer":"passenger","locationId":"651AAD4D-3D89-42A7-BD55-5D117AA4FA44","name":"TNLP007364 - Kievitstraat 9D, Hilversum","address":"9D Kievitstraat","city":"Hilversum","operatorName":"TotalEnergies","maxPowerKw":17,"isMegawatt":false,"status":"AVAILABLE","source":"ndw"}},{"type":"Feature","geometry":{"type":"Point","coordinates":[5.179734,52.233127]},"properties":{"type":"charge","layer":"passenger","locationId":"61a641356635c605d1d76c4a","name":"Snelliuslaan 10","address":"Snelliuslaan 10","city":"Hilversum","operatorName":"E-Flux by Road","maxPowerKw":22,"isMegawatt":false,"status":"AVAILABLE","source":"ndw","priceKwh":0.53}},{"type":"Feature","geometry":{"type":"Point","coordinates":[5.17141,52.21094]},"properties":{"type":"charge","layer":"passenger","locationId":"0252a7fd-dd43-454d-aaf3-464a2e95900d","name":"PP001380 - Kastanjelaan 10, Hilversum","address":"10 Kastanjelaan","city":"Hilversum","operatorName":"TotalEnergies","maxPowerKw":11,"isMegawatt":false,"status":"AVAILABLE","source":"ndw"}},{"type":"Feature","geometry":{"type":"Point","coordinates":[5.200962,52.228657]},"properties":{"type":"charge","layer":"passenger","locationId":"714CA5BB-885B-4FE8-A081-02FC275A0F95","name":"TNLP008870 - Den Ool 1-35, Hilversum","address":"jan-35 Den Ool","city":"Hilversum","operatorName":"TotalEnergies","maxPowerKw":13,"isMegawatt":false,"status":"UNAVAILABLE","source":"ndw"}},{"type":"Feature","geometry":{"type":"Point","coordinates":[5.15676,52.21587]},"properties":{"type":"charge","layer":"passenger","locationId":"CB957DBE-9560-41D5-920A-7D2EDE1D4EED","name":"PP001802 - Van Hogendorplaan 1L, Hilversum","address":"1L Van Hogendorplaan","city":"Hilversum","operatorName":"TotalEnergies","maxPowerKw":11,"isMegawatt":false,"status":"AVAILABLE","source":"ndw"}},{"type":"Feature","geometry":{"type":"Point","coordinates":[5.147836,52.221958]},"properties":{"type":"charge","layer":"passenger","locationId":"60b0e22926e691804d025e02","name":"Bouwmaat Hilversum","address":"1e Loswal 13","city":"Hilversum","operatorName":"E-Flux by Road","maxPowerKw":22,"isMegawatt":false,"status":"AVAILABLE","source":"ndw","priceKwh":0.58}},{"type":"Feature","geometry":{"type":"Point","coordinates":[5.1398,52.21829]},"properties":{"type":"charge","layer":"passenger","locationId":"3C97CD3C-8759-4D7C-80F0-AC858F89BE30","name":"TNLP008896 - Kloosterlaan 3, Hilversum","address":"3 Kloosterlaan","city":"Hilversum","operatorName":"TotalEnergies","maxPowerKw":14,"isMegawatt":false,"status":"AVAILABLE","source":"ndw"}},{"type":"Feature","geometry":{"type":"Point","coordinates":[5.19513,52.21566]},"properties":{"type":"charge","layer":"passenger","locationId":"ed8a0832-a1b0-4dca-93e7-566829d5ce40","name":"PP001753 - Van Riebeeckweg 50, Hilversum","address":"50 Van Riebeeckweg","city":"Hilversum","operatorName":"TotalEnergies","maxPowerKw":11,"isMegawatt":false,"status":"AVAILABLE","source":"ndw"}},{"type":"Feature","geometry":{"type":"Point","coordinates":[5.17087,52.218613]},"properties":{"type":"charge","layer":"passenger","locationId":"ec886e7d-fd0d-4fc2-9037-963c859c4a2c","name":"TNLP006155 - Rozenstraat 50, Hilversum","address":"50 Rozenstraat","city":"Hilversum","operatorName":"TotalEnergies","maxPowerKw":17,"isMegawatt":false,"status":"CHARGING","source":"ndw"}},{"type":"Feature","geometry":{"type":"Point","coordinates":[5.15749,52.2112]},"properties":{"type":"charge","layer":"passenger","locationId":"145E885A-713A-48B3-A96C-C7F77939BD1B","name":"PP004075 - Karel Doormanlaan 1, Hilversum","address":"1 Karel Doormanlaan","city":"Hilversum","operatorName":"TotalEnergies","maxPowerKw":13,"isMegawatt":false,"status":"AVAILABLE","source":"ndw"}},{"type":"Feature","geometry":{"type":"Point","coordinates":[5.19451,52.22777]},"properties":{"type":"charge","layer":"passenger","locationId":"81345384-6B23-4522-883F-CE126F24B321","name":"PP004296 - Lorentzweg 56, Hilversum","address":"56 Lorentzweg","city":"Hilversum","operatorName":"TotalEnergies","maxPowerKw":11,"isMegawatt":false,"status":"UNAVAILABLE","source":"ndw"}},{"type":"Feature","geometry":{"type":"Point","coordinates":[5.168126,52.20813]},"properties":{"type":"charge","layer":"passenger","locationId":"BC69D611-490F-4779-B9EA-0C5329515586","name":"PP005304 - Moerbeilaan 51, Hilversum","address":"51 Moerbeilaan","city":"Hilversum","operatorName":"TotalEnergies","maxPowerKw":11,"isMegawatt":false,"status":"AVAILABLE","source":"ndw"}},{"type":"Feature","geometry":{"type":"Point","coordinates":[5.20328,52.22447]},"properties":{"type":"charge","layer":"passenger","locationId":"ebdc58e0-a584-4305-961a-ecaa6acc914e","name":"PP001417 - Rogier van Otterloostraat 17, Hilversum","address":"17 Rogier van Otterloostraat","city":"Hilversum","operatorName":"TotalEnergies","maxPowerKw":11,"isMegawatt":false,"status":"UNAVAILABLE","source":"ndw"}},{"type":"Feature","geometry":{"type":"Point","coordinates":[5.15548,52.2151]},"properties":{"type":"charge","layer":"passenger","locationId":"EF24FF9B-17EB-4F9D-90F4-9F7C5638D998","name":"PP001654 - Oude Loosdrechtseweg 180, Hilversum","address":"180 Oude Loosdrechtseweg","city":"Hilversum","operatorName":"TotalEnergies","maxPowerKw":11,"isMegawatt":false,"status":"AVAILABLE","source":"ndw"}},{"type":"Feature","geometry":{"type":"Point","coordinates":[5.14936,52.21214]},"properties":{"type":"charge","layer":"passenger","locationId":"BA92252F-E7AD-454C-AD1A-9261D7802EF9","name":"PP004067 - Van der Zaenlaan 44, Hilversum","address":"44 Van der Zaenlaan","city":"Hilversum","operatorName":"TotalEnergies","maxPowerKw":15,"isMegawatt":false,"status":"UNAVAILABLE","source":"ndw"}},{"type":"Feature","geometry":{"type":"Point","coordinates":[5.168938,52.235444]},"properties":{"type":"charge","layer":"passenger","locationId":"91179885","name":"50five-S NL Hilversum, Wim T. Schippersplein 1","address":"Wim T. Schippersplein 1","city":"Hilversum","operatorName":"50five","maxPowerKw":11,"isMegawatt":false,"status":"AVAILABLE","source":"ndw"}},{"type":"Feature","geometry":{"type":"Point","coordinates":[5.151539,52.210995]},"properties":{"type":"charge","layer":"passenger","locationId":"6A1AE788-66DA-44E8-ACA7-8C291F52AE2D","name":"TNLP007646 - Zoutmanlaan 69, Hilversum","address":"69 Zoutmanlaan","city":"Hilversum","operatorName":"TotalEnergies","maxPowerKw":17,"isMegawatt":false,"status":"CHARGING","source":"ndw"}},{"type":"Feature","geometry":{"type":"Point","coordinates":[5.172586,52.213684]},"properties":{"type":"charge","layer":"passenger","locationId":"DAD38627-D9DA-4303-9141-978C8AEE2F1C","name":"PP005293 - Egelantierstraat 194, Hilversum","address":"194 Egelantierstraat","city":"Hilversum","operatorName":"TotalEnergies","maxPowerKw":11,"isMegawatt":false,"status":"AVAILABLE","source":"ndw"}},{"type":"Feature","geometry":{"type":"Point","coordinates":[5.191043,52.218143]},"properties":{"type":"charge","layer":"passenger","locationId":"3E7C73F1-1D36-4AB0-86FB-10993A9B4CFB","name":"TNLP009437 - Jacob Roggeveenstraat 23, Hilversum","address":"23 Jacob Roggeveenstraat","city":"Hilversum","operatorName":"TotalEnergies","maxPowerKw":17,"isMegawatt":false,"status":"AVAILABLE","source":"ndw"}},{"type":"Feature","geometry":{"type":"Point","coordinates":[5.15773,52.22233]},"properties":{"type":"charge","layer":"passenger","locationId":"12b2fc1a-9a40-499f-ab8f-6e476547624d","name":"PP001251 - Couperusweg 27, Hilversum","address":"27 Couperusweg","city":"Hilversum","operatorName":"TotalEnergies","maxPowerKw":11,"isMegawatt":false,"status":"UNAVAILABLE","source":"ndw"}},{"type":"Feature","geometry":{"type":"Point","coordinates":[5.139788,52.217434]},"properties":{"type":"charge","layer":"passenger","locationId":"1C4F5063-E36D-49D6-852F-769B1E8A30DC","name":"TNLP008171 - Spinozahof 48, Hilversum","address":"48 Spinozahof","city":"Hilversum","operatorName":"TotalEnergies","maxPowerKw":15,"isMegawatt":false,"status":"AVAILABLE","source":"ndw"}},{"type":"Feature","geometry":{"type":"Point","coordinates":[5.19029,52.22737]},"properties":{"type":"charge","layer":"passenger","locationId":"269180C3-8CBE-4909-B631-73D78470DC0F","name":"PP004177 - Lorentzweg 71, Hilversum","address":"71 Lorentzweg","city":"Hilversum","operatorName":"TotalEnergies","maxPowerKw":11,"isMegawatt":false,"status":"CHARGING","source":"ndw"}},{"type":"Feature","geometry":{"type":"Point","coordinates":[5.1935,52.22535]},"properties":{"type":"charge","layer":"passenger","locationId":"d6df93bd-cff9-46a2-988e-6d00cc2d8266","name":"PP004190 - Jan van der Heijdenstraat 219, Hilversum","address":"219 Jan van der Heijdenstraat","city":"Hilversum","operatorName":"TotalEnergies","maxPowerKw":11,"isMegawatt":false,"status":"AVAILABLE","source":"ndw"}},{"type":"Feature","geometry":{"type":"Point","coordinates":[5.1505,52.21628]},"properties":{"type":"charge","layer":"passenger","locationId":"3f0fc12a-7ee5-4078-bb54-58c75bb9f681","name":"PP001675 - Wolvenlaan 32, Hilversum","address":"32 Wolvenlaan","city":"Hilversum","operatorName":"TotalEnergies","maxPowerKw":11,"isMegawatt":false,"status":"AVAILABLE","source":"ndw"}},{"type":"Feature","geometry":{"type":"Point","coordinates":[5.15557,52.21828]},"properties":{"type":"charge","layer":"passenger","locationId":"C7D95D76-05A1-4450-9216-FB37137FD18B","name":"PP005356 - Gijsbrecht van Amstelstraat 387, Hilversum","address":"387 Gijsbrecht van Amstelstraat","city":"Hilversum","operatorName":"TotalEnergies","maxPowerKw":11,"isMegawatt":false,"status":"UNAVAILABLE","source":"ndw"}},{"type":"Feature","geometry":{"type":"Point","coordinates":[5.166248,52.216605]},"properties":{"type":"charge","layer":"passenger","locationId":"0c5285f5b4f7f6feb5d1514b28c56dcb","name":"Meidoornstraat 14","address":"Meidoornstraat 14","city":"Hilversum","operatorName":"Vattenfall InCharge","maxPowerKw":11,"isMegawatt":false,"status":"AVAILABLE","source":"ndw","priceKwh":0.2805}},{"type":"Feature","geometry":{"type":"Point","coordinates":[5.168424,52.221737]},"properties":{"type":"charge","layer":"passenger","locationId":"ce85e58c-a591-4ffc-a328-6a4203faa68e","name":"TNLP006376 - Gasthuisstraat 4, Hilversum","address":"4 Gasthuisstraat","city":"Hilversum","operatorName":"TotalEnergies","maxPowerKw":17,"isMegawatt":false,"status":"AVAILABLE","source":"ndw"}},{"type":"Feature","geometry":{"type":"Point","coordinates":[5.143852,52.219437]},"properties":{"type":"charge","layer":"passenger","locationId":"55932E6E-13EC-483E-8E30-051934EA638A","name":"PP005565 - Comeniushof 42, Hilversum","address":"42 Comeniushof","city":"Hilversum","operatorName":"TotalEnergies","maxPowerKw":15,"isMegawatt":false,"status":"AVAILABLE","source":"ndw"}},{"type":"Feature","geometry":{"type":"Point","coordinates":[5.168174,52.213337]},"properties":{"type":"charge","layer":"passenger","locationId":"6BBA0C4D-986D-458C-BEE8-A7F8BD8BE84F","name":"TNLP008034 - Neuweg 269, Hilversum","address":"269 Neuweg","city":"Hilversum","operatorName":"TotalEnergies","maxPowerKw":17,"isMegawatt":false,"status":"AVAILABLE","source":"ndw"}},{"type":"Feature","geometry":{"type":"Point","coordinates":[5.13678,52.21923]},"properties":{"type":"charge","layer":"passenger","locationId":"A2B46FC1-7055-402C-A059-A2A491CD748D","name":"PP004249 - Kloosterlaan 5, Hilversum","address":"5 Kloosterlaan","city":"Hilversum","operatorName":"TotalEnergies","maxPowerKw":11,"isMegawatt":false,"status":"CHARGING","source":"ndw"}},{"type":"Feature","geometry":{"type":"Point","coordinates":[5.137573,52.269879]},"properties":{"type":"charge","layer":"passenger","locationId":"b6937e8f0970cb80bb9363d1288663b4","name":"Zuidermeent 40","address":"Zuidermeent 40","city":"Hilversum","operatorName":"Vattenfall InCharge","maxPowerKw":11,"isMegawatt":false,"status":"AVAILABLE","source":"ndw","priceKwh":0.2805}},{"type":"Feature","geometry":{"type":"Point","coordinates":[5.188808,52.215531]},"properties":{"type":"charge","layer":"passenger","locationId":"91106218","name":"50five-S NL 08106871","address":"Arena 301","city":"Hilversum","operatorName":"50five","maxPowerKw":22,"isMegawatt":false,"status":"AVAILABLE","source":"ndw"}},{"type":"Feature","geometry":{"type":"Point","coordinates":[5.17883,52.2206]},"properties":{"type":"charge","layer":"passenger","locationId":"359d914f-629a-4f5e-b95f-9b56fd6524c9","name":"PP004068 - Koningsstraat 22, Hilversum","address":"22 Koningsstraat","city":"Hilversum","operatorName":"TotalEnergies","maxPowerKw":11,"isMegawatt":false,"status":"AVAILABLE","source":"ndw"}},{"type":"Feature","geometry":{"type":"Point","coordinates":[5.179734,52.233127]},"properties":{"type":"charge","layer":"passenger","locationId":"61a640c56635c62e62d7651c","name":"Snelliuslaan 10","address":"Snelliuslaan 10","city":"Hilversum","operatorName":"E-Flux by Road","maxPowerKw":22,"isMegawatt":false,"status":"AVAILABLE","source":"ndw","priceKwh":0.53}},{"type":"Feature","geometry":{"type":"Point","coordinates":[5.182256,52.233475]},"properties":{"type":"charge","layer":"passenger","locationId":"5C56FBDA-DDB5-4201-949A-9272DCCA8CB1","name":"TNLP006469 - Simon Stevinweg 108, Hilversum","address":"108 Simon Stevinweg","city":"Hilversum","operatorName":"TotalEnergies","maxPowerKw":17,"isMegawatt":false,"status":"UNAVAILABLE","source":"ndw"}},{"type":"Feature","geometry":{"type":"Point","coordinates":[5.199046,52.216022]},"properties":{"type":"charge","layer":"passenger","locationId":"00C8C0AA-0121-44F2-9D8C-577954995B6B","name":"TNLP008174 - Van Linschotenlaan 235, Hilversum","address":"235 Van Linschotenlaan","city":"Hilversum","operatorName":"TotalEnergies","maxPowerKw":17,"isMegawatt":false,"status":"AVAILABLE","source":"ndw"}},{"type":"Feature","geometry":{"type":"Point","coordinates":[5.147,52.21686]},"properties":{"type":"charge","layer":"passenger","locationId":"87f970e5-4141-4a78-8295-c84ce86b305e","name":"PP001301 - Kerkelandenlaan 3, Hilversum","address":"3 Kerkelandenlaan","city":"Hilversum","operatorName":"TotalEnergies","maxPowerKw":11,"isMegawatt":false,"status":"UNAVAILABLE","source":"ndw"}},{"type":"Feature","geometry":{"type":"Point","coordinates":[5.150653,52.201488]},"properties":{"type":"charge","layer":"passenger","locationId":"691c44ddb5a3dacd4373640e","name":"LB 13","address":"Loosdrechstse Bos 13","city":"Hilversum","operatorName":"E-Flux by Road","maxPowerKw":11,"isMegawatt":false,"status":"AVAILABLE","source":"ndw","priceKwh":0.68}},{"type":"Feature","geometry":{"type":"Point","coordinates":[5.19302,52.232487]},"properties":{"type":"charge","layer":"passenger","locationId":"218EEE1D-FF7E-4C07-ADBB-4D3C193A0AFA","name":"TNLP009152 - Zenderstraat 77, Hilversum","address":"77 Zenderstraat","city":"Hilversum","operatorName":"TotalEnergies","maxPowerKw":17,"isMegawatt":false,"status":"UNAVAILABLE","source":"ndw"}},{"type":"Feature","geometry":{"type":"Point","coordinates":[5.19075,52.22715]},"properties":{"type":"charge","layer":"passenger","locationId":"626ECE48-477B-4021-81D2-CD4659439EF2","name":"PP001271 - Lorentzweg 2, Hilversum","address":"2 Lorentzweg","city":"Hilversum","operatorName":"TotalEnergies","maxPowerKw":11,"isMegawatt":false,"status":"AVAILABLE","source":"ndw"}},{"type":"Feature","geometry":{"type":"Point","coordinates":[5.174953,52.21047]},"properties":{"type":"charge","layer":"passenger","locationId":"D6BEB194-4DE2-49A8-91EA-470F2CEBDC20","name":"PP005026 - Henry MacKenziepad 2, Hilversum","address":"2 Henry MacKenziepad","city":"Hilversum","operatorName":"TotalEnergies","maxPowerKw":11,"isMegawatt":false,"status":"AVAILABLE","source":"ndw"}},{"type":"Feature","geometry":{"type":"Point","coordinates":[5.19484,52.22501]},"properties":{"type":"charge","layer":"passenger","locationId":"3aa34bee-fc95-4b48-9b92-7de5f3e4f30b","name":"PP001253 - Minckelersstraat 19, Hilversum","address":"19 Minckelersstraat","city":"Hilversum","operatorName":"TotalEnergies","maxPowerKw":11,"isMegawatt":false,"status":"UNAVAILABLE","source":"ndw"}},{"type":"Feature","geometry":{"type":"Point","coordinates":[5.164092,52.21616]},"properties":{"type":"charge","layer":"passenger","locationId":"91094024","name":"50five-S NL 17B13923","address":"Constantiastraat 18","city":"Hilversum","operatorName":"50five","maxPowerKw":11,"isMegawatt":false,"status":"AVAILABLE","source":"ndw"}},{"type":"Feature","geometry":{"type":"Point","coordinates":[5.172159,52.233854]},"properties":{"type":"charge","layer":"passenger","locationId":"91229895","name":"50five-S NL 07105649","address":"Insulindelaan 15","city":"Hilversum","operatorName":"50five","maxPowerKw":6,"isMegawatt":false,"status":"CHARGING","source":"ndw"}},{"type":"Feature","geometry":{"type":"Point","coordinates":[5.165198,52.222741]},"properties":{"type":"charge","layer":"passenger","locationId":"91052331","name":"50five-S NL 03000286","address":"Vaartweg 48","city":"Hilversum","operatorName":"50five","maxPowerKw":11,"isMegawatt":false,"status":"CHARGING","source":"ndw"}},{"type":"Feature","geometry":{"type":"Point","coordinates":[5.181534,52.206679]},"properties":{"type":"charge","layer":"passenger","locationId":"91054358","name":"50five-S NL 17B09323","address":"Utrechtseweg 87A","city":"Hilversum","operatorName":"50five","maxPowerKw":10,"isMegawatt":false,"status":"AVAILABLE","source":"ndw"}},{"type":"Feature","geometry":{"type":"Point","coordinates":[5.170756,52.232018]},"properties":{"type":"charge","layer":"passenger","locationId":"DABAFEE4-A4B0-4727-8C22-124D29702A97","name":"TNLP007764 - Javalaan 1, Hilversum","address":"1 Javalaan","city":"Hilversum","operatorName":"TotalEnergies","maxPowerKw":17,"isMegawatt":false,"status":"UNAVAILABLE","source":"ndw"}},{"type":"Feature","geometry":{"type":"Point","coordinates":[5.148564,52.217514]},"properties":{"type":"charge","layer":"passenger","locationId":"29DB28A6-DE53-43B6-8BA9-6794913426CC","name":"TNLP006395 - Wolvenlaan 261, Hilversum","address":"261 Wolvenlaan","city":"Hilversum","operatorName":"TotalEnergies","maxPowerKw":17,"isMegawatt":false,"status":"UNAVAILABLE","source":"ndw"}},{"type":"Feature","geometry":{"type":"Point","coordinates":[5.189221,52.2309]},"properties":{"type":"charge","layer":"passenger","locationId":"2AD3D173-09A3-4E78-8D46-0FC832047A5B","name":"TNLP006146 - Verbindingslaan 36, Hilversum","address":"36 Verbindingslaan","city":"Hilversum","operatorName":"TotalEnergies","maxPowerKw":17,"isMegawatt":false,"status":"UNAVAILABLE","source":"ndw"}},{"type":"Feature","geometry":{"type":"Point","coordinates":[5.201109,52.22198]},"properties":{"type":"charge","layer":"passenger","locationId":"442DA8DD-FBBF-401E-867D-82444630404B","name":"TNLP006473 - Anthony Fokkerweg 174, Hilversum","address":"174 Anthony Fokkerweg","city":"Hilversum","operatorName":"TotalEnergies","maxPowerKw":17,"isMegawatt":false,"status":"CHARGING","source":"ndw"}},{"type":"Feature","geometry":{"type":"Point","coordinates":[5.19502,52.22907]},"properties":{"type":"charge","layer":"passenger","locationId":"25a271a4-9bdc-4a41-914b-76feb695bc7d","name":"PP001478 - Galileistraat 3, Hilversum","address":"3 Galileistraat","city":"Hilversum","operatorName":"TotalEnergies","maxPowerKw":11,"isMegawatt":false,"status":"CHARGING","source":"ndw"}},{"type":"Feature","geometry":{"type":"Point","coordinates":[5.144496,52.220738]},"properties":{"type":"charge","layer":"passenger","locationId":"06abd314-4816-49b7-86c9-7f7037bceb33","name":"Vreelandseweg 42","address":"Vreelandseweg 42","city":"Hilversum","operatorName":"Vattenfall InCharge","maxPowerKw":50,"isMegawatt":false,"status":"AVAILABLE","source":"ndw","priceKwh":0.46}},{"type":"Feature","geometry":{"type":"MultiPolygon","coordinates":[[[[5.127191066815459,52.27864804898387],[5.13104801702683,52.278363366981466],[5.133067861784575,52.278667914680874],[5.134169478004326,52.27804263678618],[5.134405050007501,52.27781673970442],[5.135358251858452,52.27808702110123],[5.136265394660447,52.2771469726031],[5.141440467060726,52.275260828230614],[5.143945426537302,52.27430158934827],[5.143718869379393,52.27382694840406],[5.143894980317786,52.27290953018699],[5.1439359397863065,52.27134372749004],[5.1443543007896135,52.27131446165096],[5.1439570796441965,52.270535538545275],[5.140478545607787,52.26509349115245],[5.137723418591374,52.26306396572668],[5.1372085676730865,52.26147666469147],[5.137558689479564,52.260900572666515],[5.137493617154882,52.260520819671754],[5.1376385485454374,52.26049668083996],[5.137700425280796,52.260486374875285],[5.137708619770906,52.26042507774287],[5.137636092568101,52.260422410779654],[5.137496746518524,52.26041728740667],[5.137454890561564,52.259886211697584],[5.1376090499760085,52.259604312923166],[5.161808193815377,52.25992685872031],[5.162128665375941,52.25579625382124],[5.165946614696078,52.25770651119471],[5.173884002081956,52.26167823242878],[5.176938922044085,52.262886884443674],[5.1831312389156015,52.26460358750809],[5.183139139165086,52.26396963647698],[5.193512955445057,52.266371684065284],[5.199784181577824,52.26782615975381],[5.2009361666266205,52.26737179187563],[5.201580229594914,52.267937449861414],[5.201103236684776,52.26813713460013],[5.201116993840097,52.26814038285819],[5.203821879220298,52.2671155363467],[5.1995902697928145,52.261618984451005],[5.188852754251138,52.247651095524155],[5.199398098592643,52.240204498727564],[5.199809469396265,52.23961708141806],[5.215799238280117,52.21667451330696],[5.218960254256933,52.21212940747323],[5.2164864902917705,52.20636749730199],[5.217213995078407,52.20623347701147],[5.216529215154798,52.20545142567359],[5.215500636424269,52.20427411463778],[5.192585775882908,52.177833516045894],[5.184185378280763,52.17795522716844],[5.179431476762877,52.17821394388519],[5.169704633177786,52.17880324359693],[5.1667400268552734,52.17897633362466],[5.143344161702252,52.18029935055202],[5.143225057269274,52.17999958981466],[5.1241104622297975,52.180827877978174],[5.121938868625992,52.185580783362596],[5.129204092603202,52.18737761258502],[5.135891657415408,52.19030692333802],[5.141078642371564,52.193162788715405],[5.1415460052107695,52.19364536294521],[5.1451198946838215,52.19661621251691],[5.145702801455749,52.197886041660766],[5.14561146015818,52.20050503191107],[5.142441807809943,52.20496814472566],[5.1405806741023365,52.207287900695846],[5.142511848321766,52.20780420232036],[5.142435830032991,52.20870755186513],[5.141788009879921,52.208600230646425],[5.142015361833081,52.20816692080586],[5.141440972677632,52.208050052230554],[5.141106334845235,52.208477708677115],[5.1399825595932,52.20828870902305],[5.139954563692286,52.20801861833144],[5.139828062710481,52.207980900770686],[5.139739476601379,52.208097653784776],[5.139510927921196,52.208381176369926],[5.1375756196838305,52.21097615345798],[5.1339429181764125,52.21429540920556],[5.133148693776192,52.21446144328036],[5.128403095638528,52.216734142496136],[5.128418584464541,52.216838687247424],[5.126958407740784,52.21741014354032],[5.122526482532039,52.21882564955781],[5.1226551168367305,52.219650831556336],[5.1225225799903855,52.21993295362811],[5.122336648405329,52.22081511434506],[5.123309553408963,52.221389399056456],[5.130008057187699,52.22149158534575],[5.129954806385764,52.22239295950495],[5.12806235205168,52.222383950371615],[5.127944416295506,52.22440437448467],[5.138519974969717,52.224590804036936],[5.13851567049753,52.22466975301012],[5.140232332141371,52.224536525016454],[5.14025493027179,52.22464406754904],[5.1417910734818,52.22549403895588],[5.1413616745128135,52.23684785329626],[5.141326283162499,52.23827370157396],[5.142019943579478,52.23931309817481],[5.142276996421947,52.24331733861539],[5.140047699858503,52.245774718134705],[5.139604254413115,52.254015231327685],[5.136915467979619,52.25395372722002],[5.136499245780345,52.25958345871715],[5.132742964606826,52.2597366101863],[5.127331091715079,52.25957897461004],[5.125573707271547,52.2602180463663],[5.120533794398821,52.271362870201465],[5.119151097028113,52.273538339590885],[5.108443829763566,52.27564277727299],[5.102928228286926,52.277649606640765],[5.102065276271631,52.27989115698849],[5.1020871990468,52.281704036322566],[5.10281584793027,52.28238386099985],[5.104297492723237,52.28325552090361],[5.104645500272596,52.28538496161624],[5.107354064789839,52.28546191777743],[5.116026140524444,52.282775595829825],[5.121799787598068,52.281722108730435],[5.127191066815459,52.27864804898387]]]]},"properties":{"type":"boundary","gemeente":"Hilversum","code":"GM0402"}}]}