{"type":"FeatureCollection","metadata":{"gemeente":"Hoorn","slug":"hoorn","code":"GM0405","generated_at":"2026-08-08T12:05:52.020Z","total_passenger":318,"total_freight":0,"bounds":[5.013535177285101,52.62991912553804,5.119413074866138,52.68436548296817],"operators":["50five","Allego","E-Flux by Road","Eneco","Laadnet","Lidl","PureCharged","Tesla","TotalEnergies","Ubitricity","Van Leeuwen","Vattenfall","Vattenfall InCharge","bp pulse"]},"features":[{"type":"Feature","geometry":{"type":"Point","coordinates":[5.0874,52.67822]},"properties":{"type":"charge","layer":"passenger","locationId":"5acf559d6816afcc270338e2a3e12625","name":"Wierdijk 163","address":"Wierdijk 163","city":"Hoorn","operatorName":"Vattenfall InCharge","maxPowerKw":11,"isMegawatt":false,"status":"AVAILABLE","source":"ndw","priceKwh":0.2805}},{"type":"Feature","geometry":{"type":"Point","coordinates":[5.035777,52.63806]},"properties":{"type":"charge","layer":"passenger","locationId":"91054411","name":"50five-S NL 17B22922","address":"Poolster 26","city":"Hoorn","operatorName":"50five","maxPowerKw":11,"isMegawatt":false,"status":"AVAILABLE","source":"ndw"}},{"type":"Feature","geometry":{"type":"Point","coordinates":[5.090858,52.651733]},"properties":{"type":"charge","layer":"passenger","locationId":"C8055E82-7E08-4D99-A1A2-C86DCF5DA4A3","name":"PP005620 - Cypres 14, Hoorn","address":"14 Cypres","city":"Hoorn","operatorName":"TotalEnergies","maxPowerKw":15,"isMegawatt":false,"status":"CHARGING","source":"ndw"}},{"type":"Feature","geometry":{"type":"Point","coordinates":[5.079997,52.64457]},"properties":{"type":"charge","layer":"passenger","locationId":"f4a0f36c-2e25-424c-a2e7-9868b8ddb460","name":"Lidl HOORN","address":"Clausplein","city":"Hoorn","operatorName":"Lidl","maxPowerKw":50,"isMegawatt":false,"status":"AVAILABLE","source":"ndw"}},{"type":"Feature","geometry":{"type":"Point","coordinates":[5.084378,52.6704]},"properties":{"type":"charge","layer":"passenger","locationId":"425BE22C-3CC7-4870-B3A5-5DB824D11500","name":"TNLP008195 - Lage Hoek 126, Zwaag","address":"126 Lage Hoek","city":"Zwaag","operatorName":"TotalEnergies","maxPowerKw":13,"isMegawatt":false,"status":"CHARGING","source":"ndw"}},{"type":"Feature","geometry":{"type":"Point","coordinates":[5.026454,52.639095]},"properties":{"type":"charge","layer":"passenger","locationId":"CAB65B9B-C05A-4E30-B94B-107ED0CFE783","name":"TNLP005826 - Korenmolen 53, Hoorn","address":"53 Korenmolen","city":"Hoorn","operatorName":"TotalEnergies","maxPowerKw":13,"isMegawatt":false,"status":"AVAILABLE","source":"ndw"}},{"type":"Feature","geometry":{"type":"Point","coordinates":[5.02307,52.6385]},"properties":{"type":"charge","layer":"passenger","locationId":"304","name":"Shell Recharge NL Oliemolen 107","address":"Oliemolen 107","city":"Hoorn","operatorName":"Ubitricity","maxPowerKw":11,"isMegawatt":false,"status":"AVAILABLE","source":"ndw","priceKwh":0.392}},{"type":"Feature","geometry":{"type":"Point","coordinates":[5.081882,52.655426]},"properties":{"type":"charge","layer":"passenger","locationId":"9CD138EF-C6CD-4721-A922-8583EA799B7E","name":"TNLP006181 - Reiger 101, Hoorn","address":"101 Reiger","city":"Hoorn","operatorName":"TotalEnergies","maxPowerKw":15,"isMegawatt":false,"status":"AVAILABLE","source":"ndw"}},{"type":"Feature","geometry":{"type":"Point","coordinates":[5.052834,52.644592]},"properties":{"type":"charge","layer":"passenger","locationId":"EC3A3B2F-767D-4247-9C2F-CEC6C439DCC2","name":"TNLP008303 - Noorderveemarkt 3, Hoorn","address":"3 Noorderveemarkt","city":"Hoorn","operatorName":"TotalEnergies","maxPowerKw":14,"isMegawatt":false,"status":"AVAILABLE","source":"ndw"}},{"type":"Feature","geometry":{"type":"Point","coordinates":[5.114073,52.65234]},"properties":{"type":"charge","layer":"passenger","locationId":"8F85CEF9-2508-4D55-9C95-8F6412EBE103","name":"TNLP006455 - John Raedeckerhof 30, Hoorn","address":"30 John Raedeckerhof","city":"Hoorn","operatorName":"TotalEnergies","maxPowerKw":13,"isMegawatt":false,"status":"CHARGING","source":"ndw"}},{"type":"Feature","geometry":{"type":"Point","coordinates":[5.0434498,52.6525791]},"properties":{"type":"charge","layer":"passenger","locationId":"1262","name":"Shell Recharge NL Hof van Holland 1","address":"Hof van Holland 1","city":"Hoorn","operatorName":"Ubitricity","maxPowerKw":22,"isMegawatt":false,"status":"CHARGING","source":"ndw","priceKwh":0.267}},{"type":"Feature","geometry":{"type":"Point","coordinates":[5.062511,52.645706]},"properties":{"type":"charge","layer":"passenger","locationId":"81884ACA-EDAF-4778-B6AD-ED03BD988272","name":"TNLP007845 - Spitsbergenstraat 7, Hoorn","address":"7 Spitsbergenstraat","city":"Hoorn","operatorName":"TotalEnergies","maxPowerKw":13,"isMegawatt":false,"status":"AVAILABLE","source":"ndw"}},{"type":"Feature","geometry":{"type":"Point","coordinates":[5.063597,52.666804]},"properties":{"type":"charge","layer":"passenger","locationId":"6DF26FF0-3EB0-4FF2-9CBB-09F57F0CF5BE","name":"Eneco eMobility Hedin Automotive 6K B.V. - De Factorij 5 - Zwaag","address":"De Factorij 5","city":"Zwaag","operatorName":"Eneco","maxPowerKw":11,"isMegawatt":false,"status":"AVAILABLE","source":"ndw","priceKwh":0.32}},{"type":"Feature","geometry":{"type":"Point","coordinates":[5.059515,52.665085]},"properties":{"type":"charge","layer":"passenger","locationId":"083E4E25-F4EB-487C-95FF-0CF05E976271","name":"TNLP006272 - Langetuin 206, Zwaag","address":"206 Langetuin","city":"Zwaag","operatorName":"TotalEnergies","maxPowerKw":15,"isMegawatt":false,"status":"AVAILABLE","source":"ndw"}},{"type":"Feature","geometry":{"type":"Point","coordinates":[5.082215,52.641145]},"properties":{"type":"charge","layer":"passenger","locationId":"67eea3b73fd869f1cf02d049","name":"Oranje Buiten","address":"Schelphoek  4","city":"Hoorn","operatorName":"E-Flux by Road","maxPowerKw":22,"isMegawatt":false,"status":"AVAILABLE","source":"ndw","priceKwh":0.53}},{"type":"Feature","geometry":{"type":"Point","coordinates":[5.057584,52.639645]},"properties":{"type":"charge","layer":"passenger","locationId":"1020","name":"Shell Recharge NL Achterom 22A","address":"Achterom 22A","city":"Hoorn","operatorName":"Ubitricity","maxPowerKw":22,"isMegawatt":false,"status":"CHARGING","source":"ndw","priceKwh":0.267}},{"type":"Feature","geometry":{"type":"Point","coordinates":[5.060901,52.637234]},"properties":{"type":"charge","layer":"passenger","locationId":"64751CA6-8CD7-4424-A619-FA8C329F8154","name":"TNLP007487 - Italiaanse Zeedijk 78, Hoorn","address":"78 Italiaanse Zeedijk","city":"Hoorn","operatorName":"TotalEnergies","maxPowerKw":13,"isMegawatt":false,"status":"AVAILABLE","source":"ndw"}},{"type":"Feature","geometry":{"type":"Point","coordinates":[5.039293,52.664164]},"properties":{"type":"charge","layer":"passenger","locationId":"1118","name":"Shell Recharge NL Hoefijzer 112","address":"Hoefijzer 112","city":"Hoorn","operatorName":"Ubitricity","maxPowerKw":22,"isMegawatt":false,"status":"AVAILABLE","source":"ndw","priceKwh":0.267}},{"type":"Feature","geometry":{"type":"Point","coordinates":[5.09399,52.656699]},"properties":{"type":"charge","layer":"passenger","locationId":"995","name":"Shell Recharge NL Kap 43","address":"Kap 43","city":"Hoorn","operatorName":"Ubitricity","maxPowerKw":22,"isMegawatt":false,"status":"AVAILABLE","source":"ndw","priceKwh":0.267}},{"type":"Feature","geometry":{"type":"Point","coordinates":[5.068647,52.648064]},"properties":{"type":"charge","layer":"passenger","locationId":"EA20F5DF-8D62-42BC-B782-977AE87F518A","name":"TNLP009621 - Drieboomlaan 248, Hoorn","address":"248 Drieboomlaan","city":"Hoorn","operatorName":"TotalEnergies","maxPowerKw":13,"isMegawatt":false,"status":"AVAILABLE","source":"ndw"}},{"type":"Feature","geometry":{"type":"Point","coordinates":[5.049413,52.644939]},"properties":{"type":"charge","layer":"passenger","locationId":"38413790-6c24-452d-86a5-4b37eadabd4d","name":"bp pulse De Keern","address":"Keern 17","city":"Hoorn","operatorName":"bp pulse","maxPowerKw":150,"isMegawatt":false,"status":"AVAILABLE","source":"ndw","priceKwh":0.7}},{"type":"Feature","geometry":{"type":"Point","coordinates":[5.08816,52.66862]},"properties":{"type":"charge","layer":"passenger","locationId":"961","name":"Shell Recharge NL Hoge Weere 29","address":"Hoge Weere 29","city":"Hoorn","operatorName":"Ubitricity","maxPowerKw":22,"isMegawatt":false,"status":"AVAILABLE","source":"ndw","priceKwh":0.267}},{"type":"Feature","geometry":{"type":"Point","coordinates":[5.03917,52.6511]},"properties":{"type":"charge","layer":"passenger","locationId":"B472F8EB-459C-41CE-B0E5-31BCE82AC2D6","name":"Eneco eMobility Van der Valk Hoorn","address":"Westfriese Parkweg 1","city":"Hoorn","operatorName":"Eneco","maxPowerKw":22,"isMegawatt":false,"status":"AVAILABLE","source":"ndw","priceKwh":0.49}},{"type":"Feature","geometry":{"type":"Point","coordinates":[5.038383,52.651186]},"properties":{"type":"charge","layer":"passenger","locationId":"NLLOC022116","name":"Allego - Van der Valk Hoorn A7","address":"Westfriese Parkweg 1","city":"Hoorn","operatorName":"Allego","maxPowerKw":300,"isMegawatt":false,"status":"AVAILABLE","source":"ndw","priceKwh":0.655}},{"type":"Feature","geometry":{"type":"Point","coordinates":[5.110446,52.655712]},"properties":{"type":"charge","layer":"passenger","locationId":"09BC2CB1-02DE-4FA4-8BF7-DF8CBB3C89A2","name":"TNLP009350 - Jan Bronnerhof 6, Hoorn","address":"6 Jan Bronnerhof","city":"Hoorn","operatorName":"TotalEnergies","maxPowerKw":13,"isMegawatt":false,"status":"AVAILABLE","source":"ndw"}},{"type":"Feature","geometry":{"type":"Point","coordinates":[5.086639,52.6519]},"properties":{"type":"charge","layer":"passenger","locationId":"E5503600-FD59-4D2A-821E-540A56387262","name":"TNLP007346 - Aagje Dekenplein 1, Hoorn","address":"1 Aagje Dekenplein","city":"Hoorn","operatorName":"TotalEnergies","maxPowerKw":15,"isMegawatt":false,"status":"AVAILABLE","source":"ndw"}},{"type":"Feature","geometry":{"type":"Point","coordinates":[5.05395,52.64137]},"properties":{"type":"charge","layer":"passenger","locationId":"84D7786F-19A7-4AD5-A668-669DCA340608","name":"PP001852 - Westerdijk 52, Hoorn","address":"52 Westerdijk","city":"Hoorn","operatorName":"TotalEnergies","maxPowerKw":11,"isMegawatt":false,"status":"AVAILABLE","source":"ndw"}},{"type":"Feature","geometry":{"type":"Point","coordinates":[5.0834873,52.6694879]},"properties":{"type":"charge","layer":"passenger","locationId":"2125","name":"Shell Recharge NL Grote Waard 36","address":"Grote Waard 36","city":"Hoorn","operatorName":"Ubitricity","maxPowerKw":22,"isMegawatt":false,"status":"AVAILABLE","source":"ndw","priceKwh":0.267}},{"type":"Feature","geometry":{"type":"Point","coordinates":[5.05715,52.64794]},"properties":{"type":"charge","layer":"passenger","locationId":"209","name":"Shell Recharge NL Koepoortsweg 90","address":"Koepoortsweg 90","city":"Hoorn","operatorName":"Ubitricity","maxPowerKw":11,"isMegawatt":false,"status":"AVAILABLE","source":"ndw","priceKwh":0.392}},{"type":"Feature","geometry":{"type":"Point","coordinates":[5.063033,52.636845]},"properties":{"type":"charge","layer":"passenger","locationId":"1C42D49A-75A3-4D7F-857A-CA316AA64539","name":"TNLP007377 - Hoofd 11, Hoorn","address":"11 Hoofd","city":"Hoorn","operatorName":"TotalEnergies","maxPowerKw":13,"isMegawatt":false,"status":"AVAILABLE","source":"ndw"}},{"type":"Feature","geometry":{"type":"Point","coordinates":[5.095564,52.665703]},"properties":{"type":"charge","layer":"passenger","locationId":"2BA36E09-7CBE-41D2-AD44-5E4F9E2D2BE9","name":"TNLP015171 - Meester Mantelstraat 66, Blokker","address":"66 Meester Mantelstraat","city":"Blokker","operatorName":"TotalEnergies","maxPowerKw":17,"isMegawatt":false,"status":"UNAVAILABLE","source":"ndw"}},{"type":"Feature","geometry":{"type":"Point","coordinates":[5.046804,52.668503]},"properties":{"type":"charge","layer":"passenger","locationId":"5CF7EAFA-18F6-4847-99DA-EFE24B93EB2C","name":"TNLP015159 - Hondsdraf 52, Hoorn","address":"52 Hondsdraf","city":"Hoorn","operatorName":"TotalEnergies","maxPowerKw":17,"isMegawatt":false,"status":"UNAVAILABLE","source":"ndw"}},{"type":"Feature","geometry":{"type":"Point","coordinates":[5.051334,52.66539]},"properties":{"type":"charge","layer":"passenger","locationId":"6630465C-1E96-4A91-8201-F118958B59E5","name":"TNLP006280 - Boterbloem 136, Zwaag","address":"136 Boterbloem","city":"Zwaag","operatorName":"TotalEnergies","maxPowerKw":15,"isMegawatt":false,"status":"AVAILABLE","source":"ndw"}},{"type":"Feature","geometry":{"type":"Point","coordinates":[5.07346,52.65469]},"properties":{"type":"charge","layer":"passenger","locationId":"726","name":"Shell Recharge NL De Uitspanning 17","address":"De Uitspanning 17","city":"Blokker","operatorName":"Ubitricity","maxPowerKw":11,"isMegawatt":false,"status":"AVAILABLE","source":"ndw","priceKwh":0.392}},{"type":"Feature","geometry":{"type":"Point","coordinates":[5.041612,52.64374]},"properties":{"type":"charge","layer":"passenger","locationId":"FE340B88-63E0-4640-A30F-6B2E5B81A0C9","name":"TNLP009063 - Noorderlicht 235, Hoorn","address":"235 Noorderlicht","city":"Hoorn","operatorName":"TotalEnergies","maxPowerKw":13,"isMegawatt":false,"status":"AVAILABLE","source":"ndw"}},{"type":"Feature","geometry":{"type":"Point","coordinates":[5.1148256,52.6513797]},"properties":{"type":"charge","layer":"passenger","locationId":"2128","name":"Shell Recharge NL John Raedeckerhof 75","address":"John Raedeckerhof 75","city":"Hoorn","operatorName":"Ubitricity","maxPowerKw":22,"isMegawatt":false,"status":"AVAILABLE","source":"ndw","priceKwh":0.267}},{"type":"Feature","geometry":{"type":"Point","coordinates":[5.0519814,52.6641212]},"properties":{"type":"charge","layer":"passenger","locationId":"2833","name":"Shell Recharge NL Pinksterbloem 18","address":"Pinksterbloem 18","city":"Zwaag","operatorName":"Ubitricity","maxPowerKw":22,"isMegawatt":false,"status":"AVAILABLE","source":"ndw","priceKwh":0.267}},{"type":"Feature","geometry":{"type":"Point","coordinates":[5.08846,52.66109]},"properties":{"type":"charge","layer":"passenger","locationId":"C4B49D5F-BB7B-49D1-8DF0-D407C38257DA","name":"PP002522 - Westerblokker 115, Blokker","address":"115 Westerblokker","city":"Blokker","operatorName":"TotalEnergies","maxPowerKw":13,"isMegawatt":false,"status":"AVAILABLE","source":"ndw"}},{"type":"Feature","geometry":{"type":"Point","coordinates":[5.07005,52.642097]},"properties":{"type":"charge","layer":"passenger","locationId":"1916","name":"Shell Recharge NL Van Beijerenstraat 28","address":"Van Beijerenstraat 28","city":"Hoorn","operatorName":"Ubitricity","maxPowerKw":22,"isMegawatt":false,"status":"AVAILABLE","source":"ndw","priceKwh":0.267}},{"type":"Feature","geometry":{"type":"Point","coordinates":[5.055965,52.658222]},"properties":{"type":"charge","layer":"passenger","locationId":"BD05EE5E-4D1C-4B6B-8706-B96A2F3C10BB","name":"TNLP008138 - De Huesmolen 15, Hoorn","address":"15 De Huesmolen","city":"Hoorn","operatorName":"TotalEnergies","maxPowerKw":15,"isMegawatt":false,"status":"AVAILABLE","source":"ndw"}},{"type":"Feature","geometry":{"type":"Point","coordinates":[5.060501,52.64154]},"properties":{"type":"charge","layer":"passenger","locationId":"67DCA929-E983-4F96-ACE4-D421BA6A01FF","name":"TNLP006004 - Muntstraat 4, Hoorn","address":"4 Muntstraat","city":"Hoorn","operatorName":"TotalEnergies","maxPowerKw":13,"isMegawatt":false,"status":"AVAILABLE","source":"ndw"}},{"type":"Feature","geometry":{"type":"Point","coordinates":[5.062163,52.670288]},"properties":{"type":"charge","layer":"passenger","locationId":"91110450","name":"50five-S NL 18B10245","address":"De Factorij 51","city":"Zwaag","operatorName":"50five","maxPowerKw":22,"isMegawatt":false,"status":"AVAILABLE","source":"ndw"}},{"type":"Feature","geometry":{"type":"Point","coordinates":[5.085678,52.681806]},"properties":{"type":"charge","layer":"passenger","locationId":"6572dadf0f97e9001c37ad58","name":"MRE BV","address":"Adam Smithweg 2","city":"Zwaag","operatorName":"E-Flux by Road","maxPowerKw":22,"isMegawatt":false,"status":"AVAILABLE","source":"ndw","priceKwh":0.53}},{"type":"Feature","geometry":{"type":"Point","coordinates":[5.094644,52.6719]},"properties":{"type":"charge","layer":"passenger","locationId":"f9f2aff4-6542-4b1c-803d-96a579229f36","name":"TNLP008249 - Govert Oostwoudpad 5, Zwaag","address":"5 Govert Oostwoudpad","city":"Zwaag","operatorName":"TotalEnergies","maxPowerKw":13,"isMegawatt":false,"status":"AVAILABLE","source":"ndw"}},{"type":"Feature","geometry":{"type":"Point","coordinates":[5.063197,52.646664]},"properties":{"type":"charge","layer":"passenger","locationId":"640c7964-41da-4b4c-9b13-71e1cf8528d0","name":"TNLP005740 - Willem Barentzstraat 19, Hoorn","address":"19 Willem Barentzstraat","city":"Hoorn","operatorName":"TotalEnergies","maxPowerKw":13,"isMegawatt":false,"status":"AVAILABLE","source":"ndw"}},{"type":"Feature","geometry":{"type":"Point","coordinates":[5.088189,52.650333]},"properties":{"type":"charge","layer":"passenger","locationId":"D532411E-AC11-435A-A892-BCB7287C3B00","name":"TNLP005737 - Patio 140, Hoorn","address":"140 Patio","city":"Hoorn","operatorName":"TotalEnergies","maxPowerKw":13,"isMegawatt":false,"status":"AVAILABLE","source":"ndw"}},{"type":"Feature","geometry":{"type":"Point","coordinates":[5.078104,52.675183]},"properties":{"type":"charge","layer":"passenger","locationId":"736039","name":"Laadnet Schouten Techniek B.V.","address":"De Marowijne 47","city":"Zwaag","operatorName":"Laadnet","maxPowerKw":22,"isMegawatt":false,"status":"AVAILABLE","source":"ndw"}},{"type":"Feature","geometry":{"type":"Point","coordinates":[5.054523,52.667095]},"properties":{"type":"charge","layer":"passenger","locationId":"F50C9EEB-1B02-4DD0-9034-A64CCDD5CDE3","name":"TNLP007401 - Kosterstuin 143, Zwaag","address":"143 Kosterstuin","city":"Zwaag","operatorName":"TotalEnergies","maxPowerKw":15,"isMegawatt":false,"status":"AVAILABLE","source":"ndw"}},{"type":"Feature","geometry":{"type":"Point","coordinates":[5.096574,52.652581]},"properties":{"type":"charge","layer":"passenger","locationId":"2127","name":"Shell Recharge NL Duke Ellingtonhof 32","address":"Duke Ellingtonhof 32","city":"Hoorn","operatorName":"Ubitricity","maxPowerKw":22,"isMegawatt":false,"status":"AVAILABLE","source":"ndw","priceKwh":0.267}},{"type":"Feature","geometry":{"type":"Point","coordinates":[5.039409,52.639725]},"properties":{"type":"charge","layer":"passenger","locationId":"87B7B9E8-EF9D-4E23-B15E-D01B5B16E39B","name":"TNLP006953 - Astronautenweg 302, Hoorn","address":"302 Astronautenweg","city":"Hoorn","operatorName":"TotalEnergies","maxPowerKw":13,"isMegawatt":false,"status":"AVAILABLE","source":"ndw"}},{"type":"Feature","geometry":{"type":"Point","coordinates":[5.075803,52.66548]},"properties":{"type":"charge","layer":"passenger","locationId":"442A95D6-B478-4206-B411-3D7408866402","name":"TNLP006644 - Zuiderstraat 20, Zwaag","address":"20 Zuiderstraat","city":"Zwaag","operatorName":"TotalEnergies","maxPowerKw":13,"isMegawatt":false,"status":"AVAILABLE","source":"ndw"}},{"type":"Feature","geometry":{"type":"Point","coordinates":[5.095661,52.653034]},"properties":{"type":"charge","layer":"passenger","locationId":"77525C5A-B6C7-4EB8-B7CC-26DF9E17B567","name":"TNLP009248 - Duke Ellingtonhof 77, Hoorn","address":"77 Duke Ellingtonhof","city":"Hoorn","operatorName":"TotalEnergies","maxPowerKw":13,"isMegawatt":false,"status":"AVAILABLE","source":"ndw"}},{"type":"Feature","geometry":{"type":"Point","coordinates":[5.04752,52.66498]},"properties":{"type":"charge","layer":"passenger","locationId":"151","name":"Shell Recharge NL Sleutelbloem 2","address":"Sleutelbloem 2","city":"Zwaag","operatorName":"Ubitricity","maxPowerKw":11,"isMegawatt":false,"status":"AVAILABLE","source":"ndw","priceKwh":0.392}},{"type":"Feature","geometry":{"type":"Point","coordinates":[5.10371,52.65278]},"properties":{"type":"charge","layer":"passenger","locationId":"6182e9a9-9acf-4264-85a4-8360b6e6b567","name":"PP001554 - Renoirhof 53, Hoorn","address":"53 Renoirhof","city":"Hoorn","operatorName":"TotalEnergies","maxPowerKw":11,"isMegawatt":false,"status":"CHARGING","source":"ndw"}},{"type":"Feature","geometry":{"type":"Point","coordinates":[5.03708,52.63897]},"properties":{"type":"charge","layer":"passenger","locationId":"F4354E8A-0353-4521-A9A2-6042D729E20C","name":"PP002523 - Grote Beer 5, Hoorn","address":"5 Grote Beer","city":"Hoorn","operatorName":"TotalEnergies","maxPowerKw":17,"isMegawatt":false,"status":"AVAILABLE","source":"ndw"}},{"type":"Feature","geometry":{"type":"Point","coordinates":[5.109749,52.651722]},"properties":{"type":"charge","layer":"passenger","locationId":"7D432027-7F06-4C06-A03F-0E90320EC026","name":"TNLP007785 - Breitnerhof 164, Hoorn","address":"164 Breitnerhof","city":"Hoorn","operatorName":"TotalEnergies","maxPowerKw":13,"isMegawatt":false,"status":"AVAILABLE","source":"ndw"}},{"type":"Feature","geometry":{"type":"Point","coordinates":[5.069217,52.640823]},"properties":{"type":"charge","layer":"passenger","locationId":"1A1945E6-9A54-466D-89AD-3CB06154076F","name":"TNLP006725 - Kleine Oost 46, Hoorn","address":"46 Kleine Oost","city":"Hoorn","operatorName":"TotalEnergies","maxPowerKw":13,"isMegawatt":false,"status":"AVAILABLE","source":"ndw"}},{"type":"Feature","geometry":{"type":"Point","coordinates":[5.08742,52.66611]},"properties":{"type":"charge","layer":"passenger","locationId":"2fa55381951659135f909dda503ecce1","name":"Elle Molstraat 18","address":"Elle Molstraat 18","city":"Blokker","operatorName":"Vattenfall InCharge","maxPowerKw":11,"isMegawatt":false,"status":"CHARGING","source":"ndw","priceKwh":0.2805}},{"type":"Feature","geometry":{"type":"Point","coordinates":[5.036614,52.63844]},"properties":{"type":"charge","layer":"passenger","locationId":"3D2C08D5-7939-498F-BA87-1C38B903105C","name":"TNLP005961 - Grote Beer 5, Hoorn","address":"5 Grote Beer","city":"Hoorn","operatorName":"TotalEnergies","maxPowerKw":13,"isMegawatt":false,"status":"AVAILABLE","source":"ndw"}},{"type":"Feature","geometry":{"type":"Point","coordinates":[5.071953,52.639923]},"properties":{"type":"charge","layer":"passenger","locationId":"B1629142-70D6-4FDB-BA7B-3CD92A3E6DD5","name":"TNLP006812 - Nieuwe Wal 1, Hoorn","address":"1 Nieuwe Wal","city":"Hoorn","operatorName":"TotalEnergies","maxPowerKw":15,"isMegawatt":false,"status":"CHARGING","source":"ndw"}},{"type":"Feature","geometry":{"type":"Point","coordinates":[5.091488,52.672276]},"properties":{"type":"charge","layer":"passenger","locationId":"70804455-A463-4D63-AF30-DCB1CCB24E29","name":"PP005470 - Meetketting 25, Zwaag","address":"25 Meetketting","city":"Zwaag","operatorName":"TotalEnergies","maxPowerKw":13,"isMegawatt":false,"status":"AVAILABLE","source":"ndw"}},{"type":"Feature","geometry":{"type":"Point","coordinates":[5.07374,52.64303]},"properties":{"type":"charge","layer":"passenger","locationId":"130","name":"Shell Recharge NL Van Beijerenstraat 89","address":"Van Beijerenstraat 89","city":"Hoorn","operatorName":"Ubitricity","maxPowerKw":11,"isMegawatt":false,"status":"AVAILABLE","source":"ndw","priceKwh":0.392}},{"type":"Feature","geometry":{"type":"Point","coordinates":[5.080361,52.649693]},"properties":{"type":"charge","layer":"passenger","locationId":"83EEEE06-8C6E-46BD-B4C0-AE7A8395F07C","name":"TNLP007387 - Gording 91, Hoorn","address":"91 Gording","city":"Hoorn","operatorName":"TotalEnergies","maxPowerKw":15,"isMegawatt":false,"status":"AVAILABLE","source":"ndw"}},{"type":"Feature","geometry":{"type":"Point","coordinates":[5.039288,52.654108]},"properties":{"type":"charge","layer":"passenger","locationId":"6320898c9d2b628d5f6af133","name":"Samcity Paal 1","address":"Westfriese Parkweg 4","city":"Hoorn","operatorName":"E-Flux by Road","maxPowerKw":22,"isMegawatt":false,"status":"AVAILABLE","source":"ndw","priceKwh":0.62}},{"type":"Feature","geometry":{"type":"Point","coordinates":[5.09855,52.6483]},"properties":{"type":"charge","layer":"passenger","locationId":"EB18A76B-3BB5-41D7-897C-D1CE70264E47","name":"PP005239 - Boedijnhof 222, Hoorn","address":"222 Boedijnhof","city":"Hoorn","operatorName":"TotalEnergies","maxPowerKw":13,"isMegawatt":false,"status":"AVAILABLE","source":"ndw"}},{"type":"Feature","geometry":{"type":"Point","coordinates":[5.0463085,52.6594017]},"properties":{"type":"charge","layer":"passenger","locationId":"1877","name":"Shell Recharge NL Baljuw 1","address":"Baljuw 1","city":"Hoorn","operatorName":"Ubitricity","maxPowerKw":22,"isMegawatt":false,"status":"AVAILABLE","source":"ndw","priceKwh":0.267}},{"type":"Feature","geometry":{"type":"Point","coordinates":[5.0494119,52.6649103]},"properties":{"type":"charge","layer":"passenger","locationId":"1762","name":"Shell Recharge NL Paardebloem 39","address":"Paardebloem 39","city":"Hoorn","operatorName":"Ubitricity","maxPowerKw":22,"isMegawatt":false,"status":"AVAILABLE","source":"ndw","priceKwh":0.267}},{"type":"Feature","geometry":{"type":"Point","coordinates":[5.063492,52.639877]},"properties":{"type":"charge","layer":"passenger","locationId":"1252","name":"Shell Recharge NL Grote Oost 68","address":"Grote Oost 68","city":"Hoorn","operatorName":"Ubitricity","maxPowerKw":22,"isMegawatt":false,"status":"AVAILABLE","source":"ndw","priceKwh":0.267}},{"type":"Feature","geometry":{"type":"Point","coordinates":[5.099399,52.652317]},"properties":{"type":"charge","layer":"passenger","locationId":"99D08947-D255-4F79-8E22-17D39D89DFA3","name":"TNLP034320 - Cole Porterhof 78, Hoorn","address":"78 Cole Porterhof","city":"Hoorn","operatorName":"TotalEnergies","maxPowerKw":13,"isMegawatt":false,"status":"UNAVAILABLE","source":"ndw"}},{"type":"Feature","geometry":{"type":"Point","coordinates":[5.02963,52.6372]},"properties":{"type":"charge","layer":"passenger","locationId":"635","name":"Shell Recharge NL Houtzaagmolen 177","address":"Houtzaagmolen 177","city":"Hoorn","operatorName":"Ubitricity","maxPowerKw":11,"isMegawatt":false,"status":"AVAILABLE","source":"ndw","priceKwh":0.392}},{"type":"Feature","geometry":{"type":"Point","coordinates":[5.057,52.66801]},"properties":{"type":"charge","layer":"passenger","locationId":"3f365c91-d79c-406b-a54b-ee58a623b76a","name":"PP001697 - Klagerstuin 124, Zwaag","address":"124 Klagerstuin","city":"Zwaag","operatorName":"TotalEnergies","maxPowerKw":11,"isMegawatt":false,"status":"CHARGING","source":"ndw"}},{"type":"Feature","geometry":{"type":"Point","coordinates":[5.075346,52.666733]},"properties":{"type":"charge","layer":"passenger","locationId":"3C96C862-E441-46CA-9B84-457CA10982A7","name":"TNLP006153 - Beatrixstraat 32, Zwaag","address":"32 Beatrixstraat","city":"Zwaag","operatorName":"TotalEnergies","maxPowerKw":15,"isMegawatt":false,"status":"AVAILABLE","source":"ndw"}},{"type":"Feature","geometry":{"type":"Point","coordinates":[5.080295,52.669353]},"properties":{"type":"charge","layer":"passenger","locationId":"9ACCE71D-7F6E-40DB-9319-6E6D1A710B9F","name":"TNLP007976 - Butterwoud 36, Zwaag","address":"36 Butterwoud","city":"Zwaag","operatorName":"TotalEnergies","maxPowerKw":15,"isMegawatt":false,"status":"AVAILABLE","source":"ndw"}},{"type":"Feature","geometry":{"type":"Point","coordinates":[5.06201,52.64378]},"properties":{"type":"charge","layer":"passenger","locationId":"1493","name":"Shell Recharge NL Eikstraat 2","address":"Eikstraat 2","city":"Hoorn","operatorName":"Ubitricity","maxPowerKw":11,"isMegawatt":false,"status":"CHARGING","source":"ndw","priceKwh":0.392}},{"type":"Feature","geometry":{"type":"Point","coordinates":[5.05098,52.667321]},"properties":{"type":"charge","layer":"passenger","locationId":"609be225fb8c761eab46027b","name":"Sculetus laadpaal","address":"Weegbree 5","city":"Zwaag","operatorName":"E-Flux by Road","maxPowerKw":11,"isMegawatt":false,"status":"AVAILABLE","source":"ndw","priceKwh":0.53}},{"type":"Feature","geometry":{"type":"Point","coordinates":[5.088057,52.677486]},"properties":{"type":"charge","layer":"passenger","locationId":"64E85CD3-F9C5-40E1-B1A9-01C103A527B8","name":"TNLP006022 - Wierdijk 95, Zwaag","address":"95 Wierdijk","city":"Zwaag","operatorName":"TotalEnergies","maxPowerKw":13,"isMegawatt":false,"status":"AVAILABLE","source":"ndw"}},{"type":"Feature","geometry":{"type":"Point","coordinates":[5.09321,52.66376]},"properties":{"type":"charge","layer":"passenger","locationId":"21815519-1E77-48E2-A90A-A6904D2F893B","name":"TNLP007851 - Plantage 24, Hoorn","address":"24 Plantage","city":"Hoorn","operatorName":"TotalEnergies","maxPowerKw":15,"isMegawatt":false,"status":"AVAILABLE","source":"ndw"}},{"type":"Feature","geometry":{"type":"Point","coordinates":[5.040138,52.667442]},"properties":{"type":"charge","layer":"passenger","locationId":"21FBD83F-6EE0-4045-809A-072E7FDBE15A","name":"TNLP006144 - Kamille 24, Zwaag","address":"24 Kamille","city":"Zwaag","operatorName":"TotalEnergies","maxPowerKw":13,"isMegawatt":false,"status":"AVAILABLE","source":"ndw"}},{"type":"Feature","geometry":{"type":"Point","coordinates":[5.053286,52.661346]},"properties":{"type":"charge","layer":"passenger","locationId":"CE4F2967-6816-4811-BB79-9CC9B203D2A5","name":"TNLP006164 - 't Grachtje over 29, Hoorn","address":"29 't Grachtje over","city":"Hoorn","operatorName":"TotalEnergies","maxPowerKw":13,"isMegawatt":false,"status":"AVAILABLE","source":"ndw"}},{"type":"Feature","geometry":{"type":"Point","coordinates":[5.060532,52.65825]},"properties":{"type":"charge","layer":"passenger","locationId":"68AEEA8D-820A-4851-94AD-AC0F25E35AFA","name":"TNLP006816 - Galjoen 14, Hoorn","address":"14 Galjoen","city":"Hoorn","operatorName":"TotalEnergies","maxPowerKw":13,"isMegawatt":false,"status":"AVAILABLE","source":"ndw"}},{"type":"Feature","geometry":{"type":"Point","coordinates":[5.0550333,52.6568003]},"properties":{"type":"charge","layer":"passenger","locationId":"808","name":"Shell Recharge NL De Huesmolen 209","address":"De Huesmolen 209","city":"Hoorn","operatorName":"Ubitricity","maxPowerKw":22,"isMegawatt":false,"status":"AVAILABLE","source":"ndw","priceKwh":0.267}},{"type":"Feature","geometry":{"type":"Point","coordinates":[5.024421,52.636063]},"properties":{"type":"charge","layer":"passenger","locationId":"D709AFAD-21AB-4535-AEC3-49F4206A7ED7","name":"TNLP006807 - Papiermolen 20, Hoorn","address":"20 Papiermolen","city":"Hoorn","operatorName":"TotalEnergies","maxPowerKw":13,"isMegawatt":false,"status":"AVAILABLE","source":"ndw"}},{"type":"Feature","geometry":{"type":"Point","coordinates":[5.046033,52.667686]},"properties":{"type":"charge","layer":"passenger","locationId":"3D91F9EA-6320-417F-A721-D41B133EE1A8","name":"TNLP006145 - Hondsdraf 28, Zwaag","address":"28 Hondsdraf","city":"Zwaag","operatorName":"TotalEnergies","maxPowerKw":13,"isMegawatt":false,"status":"AVAILABLE","source":"ndw"}},{"type":"Feature","geometry":{"type":"Point","coordinates":[5.0720882,52.66526]},"properties":{"type":"charge","layer":"passenger","locationId":"783","name":"Shell Recharge NL Fruitlaan 99","address":"Fruitlaan 99","city":"Hoorn","operatorName":"Ubitricity","maxPowerKw":22,"isMegawatt":false,"status":"AVAILABLE","source":"ndw","priceKwh":0.267}},{"type":"Feature","geometry":{"type":"Point","coordinates":[5.095231,52.667942]},"properties":{"type":"charge","layer":"passenger","locationId":"7117C240-B8B9-4BA0-9E8F-B3B773B38DA8","name":"TNLP006421 - Lienweid 17, Blokker","address":"17 Lienweid","city":"Blokker","operatorName":"TotalEnergies","maxPowerKw":13,"isMegawatt":false,"status":"AVAILABLE","source":"ndw"}},{"type":"Feature","geometry":{"type":"Point","coordinates":[5.054484,52.646313]},"properties":{"type":"charge","layer":"passenger","locationId":"79EA4C15-F61C-4311-B26B-CF8D7FBD2A7F","name":"TNLP006281 - van Dedemstraat 8, Hoorn","address":"8 van Dedemstraat","city":"Hoorn","operatorName":"TotalEnergies","maxPowerKw":15,"isMegawatt":false,"status":"CHARGING","source":"ndw"}},{"type":"Feature","geometry":{"type":"Point","coordinates":[5.08146,52.66698]},"properties":{"type":"charge","layer":"passenger","locationId":"395","name":"Shell Recharge NL Krommewoud 1","address":"Krommewoud 1","city":"Zwaag","operatorName":"Ubitricity","maxPowerKw":11,"isMegawatt":false,"status":"AVAILABLE","source":"ndw","priceKwh":0.392}},{"type":"Feature","geometry":{"type":"Point","coordinates":[5.068242,52.648975]},"properties":{"type":"charge","layer":"passenger","locationId":"6078C4F0-B089-441E-9B72-64E0A5DAC2FF","name":"TNLP034692 - van Goyenstraat 7, Hoorn","address":"7 van Goyenstraat","city":"Hoorn","operatorName":"TotalEnergies","maxPowerKw":13,"isMegawatt":false,"status":"UNAVAILABLE","source":"ndw"}},{"type":"Feature","geometry":{"type":"Point","coordinates":[5.06215,52.6393]},"properties":{"type":"charge","layer":"passenger","locationId":"1469","name":"Shell Recharge NL Bottelsteeg 4","address":"Bottelsteeg 4","city":"Hoorn","operatorName":"Ubitricity","maxPowerKw":11,"isMegawatt":false,"status":"CHARGING","source":"ndw","priceKwh":0.392}},{"type":"Feature","geometry":{"type":"Point","coordinates":[5.080384,52.65632]},"properties":{"type":"charge","layer":"passenger","locationId":"AC01F2A9-837A-405F-A514-F4062EC902C1","name":"TNLP005799 - Grutto 70, Hoorn","address":"70 Grutto","city":"Hoorn","operatorName":"TotalEnergies","maxPowerKw":13,"isMegawatt":false,"status":"AVAILABLE","source":"ndw"}},{"type":"Feature","geometry":{"type":"Point","coordinates":[5.06582,52.6396]},"properties":{"type":"charge","layer":"passenger","locationId":"1631","name":"Shell Recharge NL Slapershaven 5","address":"Slapershaven 5","city":"Hoorn","operatorName":"Ubitricity","maxPowerKw":11,"isMegawatt":false,"status":"AVAILABLE","source":"ndw","priceKwh":0.392}},{"type":"Feature","geometry":{"type":"Point","coordinates":[5.078612,52.651894]},"properties":{"type":"charge","layer":"passenger","locationId":"76e6ae2b-e780-4860-8e04-1ee8ce4e5d23","name":"TNLP006356 - Winterkoninkje 52, Hoorn","address":"52 Winterkoninkje","city":"Hoorn","operatorName":"TotalEnergies","maxPowerKw":13,"isMegawatt":false,"status":"AVAILABLE","source":"ndw"}},{"type":"Feature","geometry":{"type":"Point","coordinates":[5.083117,52.675938]},"properties":{"type":"charge","layer":"passenger","locationId":"8F855409-7761-48ED-99C4-D44EEED81FD1","name":"TNLP007971 - Heemraad 49, Zwaag","address":"49 Heemraad","city":"Zwaag","operatorName":"TotalEnergies","maxPowerKw":13,"isMegawatt":false,"status":"CHARGING","source":"ndw"}},{"type":"Feature","geometry":{"type":"Point","coordinates":[5.048037,52.650622]},"properties":{"type":"charge","layer":"passenger","locationId":"4D1ECA9F-57AC-4CD6-B019-D8F9B98D3205","name":"Eneco eMobility Geldelozeweg 41 Hoorn","address":"Geldelozeweg 41","city":"Hoorn","operatorName":"Eneco","maxPowerKw":22,"isMegawatt":false,"status":"UNAVAILABLE","source":"ndw","priceKwh":0.32}},{"type":"Feature","geometry":{"type":"Point","coordinates":[5.090859,52.653735]},"properties":{"type":"charge","layer":"passenger","locationId":"05d07599a55df57347e54a0fdcba3666","name":"Moerbalk 80","address":"Moerbalk 80","city":"Hoorn","operatorName":"Vattenfall InCharge","maxPowerKw":11,"isMegawatt":false,"status":"AVAILABLE","source":"ndw","priceKwh":0.2805}},{"type":"Feature","geometry":{"type":"Point","coordinates":[5.056665,52.634747]},"properties":{"type":"charge","layer":"passenger","locationId":"007cbf2b-e88e-4c2e-81d4-9639fd971503","name":"TNLP007378 - Visserseiland 216, Hoorn","address":"216 Visserseiland","city":"Hoorn","operatorName":"TotalEnergies","maxPowerKw":15,"isMegawatt":false,"status":"CHARGING","source":"ndw"}},{"type":"Feature","geometry":{"type":"Point","coordinates":[5.091038,52.65467]},"properties":{"type":"charge","layer":"passenger","locationId":"CFB131E2-96E3-4F42-8605-39D60EF2AB83","name":"TNLP006941 - Moerbalk 22, Hoorn","address":"22 Moerbalk","city":"Hoorn","operatorName":"TotalEnergies","maxPowerKw":13,"isMegawatt":false,"status":"AVAILABLE","source":"ndw"}},{"type":"Feature","geometry":{"type":"Point","coordinates":[5.05546,52.665516]},"properties":{"type":"charge","layer":"passenger","locationId":"57E2C9C5-FA90-4183-929E-59B1BAF64717","name":"PP005606 - De Lange akker 1, Zwaag","address":"1 De Lange akker","city":"Zwaag","operatorName":"TotalEnergies","maxPowerKw":15,"isMegawatt":false,"status":"AVAILABLE","source":"ndw"}},{"type":"Feature","geometry":{"type":"Point","coordinates":[5.058114,52.645966]},"properties":{"type":"charge","layer":"passenger","locationId":"1FE65F07-1DAD-4E16-A76C-C18E3B60BCCD","name":"TNLP005684 - Koepoortsweg 42, Hoorn","address":"42 Koepoortsweg","city":"Hoorn","operatorName":"TotalEnergies","maxPowerKw":13,"isMegawatt":false,"status":"CHARGING","source":"ndw"}},{"type":"Feature","geometry":{"type":"Point","coordinates":[5.085949,52.648357]},"properties":{"type":"charge","layer":"passenger","locationId":"D42B011D-0E7A-446B-AAAF-3E9E9F898A87","name":"TNLP009928 - Pergola 146, Hoorn","address":"146 Pergola","city":"Hoorn","operatorName":"TotalEnergies","maxPowerKw":13,"isMegawatt":false,"status":"AVAILABLE","source":"ndw"}},{"type":"Feature","geometry":{"type":"Point","coordinates":[5.1007916,52.6564801]},"properties":{"type":"charge","layer":"passenger","locationId":"2129","name":"Shell Recharge NL Bertus Aafjeshof 87","address":"Bertus Aafjeshof 87","city":"Hoorn","operatorName":"Ubitricity","maxPowerKw":22,"isMegawatt":false,"status":"AVAILABLE","source":"ndw","priceKwh":0.267}},{"type":"Feature","geometry":{"type":"Point","coordinates":[5.057057,52.635098]},"properties":{"type":"charge","layer":"passenger","locationId":"3FB51D2E-153E-436E-BFA3-85D34617B92D","name":"PP005264 - Visserseiland 152, Hoorn","address":"152 Visserseiland","city":"Hoorn","operatorName":"TotalEnergies","maxPowerKw":13,"isMegawatt":false,"status":"AVAILABLE","source":"ndw"}},{"type":"Feature","geometry":{"type":"Point","coordinates":[5.035599,52.63762]},"properties":{"type":"charge","layer":"passenger","locationId":"46785F72-D556-4AA2-91E2-81FA419C99E2","name":"TNLP015231 - Poolster 49, Hoorn","address":"49 Poolster","city":"Hoorn","operatorName":"TotalEnergies","maxPowerKw":17,"isMegawatt":false,"status":"UNAVAILABLE","source":"ndw"}},{"type":"Feature","geometry":{"type":"Point","coordinates":[5.064557,52.649775]},"properties":{"type":"charge","layer":"passenger","locationId":"91200702","name":"50five-S NL 03011474","address":"Lekdijk 84","city":"Tienhoven aan de Lek","operatorName":"50five","maxPowerKw":11,"isMegawatt":false,"status":"UNAVAILABLE","source":"ndw"}},{"type":"Feature","geometry":{"type":"Point","coordinates":[5.053398,52.651022]},"properties":{"type":"charge","layer":"passenger","locationId":"69772a2cfdb491ebf619318c","name":"Sense Keukens B.V.","address":"Dr CJK van Aalstweg 16","city":"Hoorn","operatorName":"E-Flux by Road","maxPowerKw":11,"isMegawatt":false,"status":"AVAILABLE","source":"ndw","priceKwh":0.48}},{"type":"Feature","geometry":{"type":"Point","coordinates":[5.050843,52.65283]},"properties":{"type":"charge","layer":"passenger","locationId":"24B5C5C3-2187-4F67-8538-7387E12A2C64","name":"PP005604 - Het Oude Ambacht 50, Hoorn","address":"50 Het Oude Ambacht","city":"Hoorn","operatorName":"TotalEnergies","maxPowerKw":13,"isMegawatt":false,"status":"AVAILABLE","source":"ndw"}},{"type":"Feature","geometry":{"type":"Point","coordinates":[5.063663,52.660791]},"properties":{"type":"charge","layer":"passenger","locationId":"4294705","name":"Laadnet Project en Woningstoffering Johan Rood","address":"De Oude Veiling 70A","city":"Zwaag","operatorName":"Laadnet","maxPowerKw":22,"isMegawatt":false,"status":"AVAILABLE","source":"ndw"}},{"type":"Feature","geometry":{"type":"Point","coordinates":[5.05487,52.64066]},"properties":{"type":"charge","layer":"passenger","locationId":"ece42458-53e9-4662-a5fd-f7a41ca3409e","name":"TNLP009159 - Westerdijk 41, Hoorn","address":"41 Westerdijk","city":"Hoorn","operatorName":"TotalEnergies","maxPowerKw":13,"isMegawatt":false,"status":"CHARGING","source":"ndw"}},{"type":"Feature","geometry":{"type":"Point","coordinates":[5.06522,52.64461]},"properties":{"type":"charge","layer":"passenger","locationId":"177","name":"Shell Recharge NL Eikstraat 36","address":"Eikstraat 36","city":"Hoorn","operatorName":"Ubitricity","maxPowerKw":11,"isMegawatt":false,"status":"AVAILABLE","source":"ndw","priceKwh":0.392}},{"type":"Feature","geometry":{"type":"Point","coordinates":[5.037272,52.645565]},"properties":{"type":"charge","layer":"passenger","locationId":"016B6C00-F7C8-4FFD-97F6-6FD30DE91626","name":"TNLP006817 - Berkhouterweg 26, Hoorn","address":"26 Berkhouterweg","city":"Hoorn","operatorName":"TotalEnergies","maxPowerKw":15,"isMegawatt":false,"status":"AVAILABLE","source":"ndw"}},{"type":"Feature","geometry":{"type":"Point","coordinates":[5.04572,52.663677]},"properties":{"type":"charge","layer":"passenger","locationId":"48638D91-E1B2-4B02-809D-CB50ACF5FD09","name":"TNLP006149 - Dovenetel 44, Zwaag","address":"44 Dovenetel","city":"Zwaag","operatorName":"TotalEnergies","maxPowerKw":13,"isMegawatt":false,"status":"AVAILABLE","source":"ndw"}},{"type":"Feature","geometry":{"type":"Point","coordinates":[5.08302,52.680717]},"properties":{"type":"charge","layer":"passenger","locationId":"649ac679d2ddb4001c4c22b6","name":"Autoschade Dampten laadpaal 2 voorzijde betaald","address":"David Ricardoweg 1","city":"Zwaag","operatorName":"E-Flux by Road","maxPowerKw":22,"isMegawatt":false,"status":"AVAILABLE","source":"ndw","priceKwh":0.68}},{"type":"Feature","geometry":{"type":"Point","coordinates":[5.08725,52.67348]},"properties":{"type":"charge","layer":"passenger","locationId":"636","name":"Shell Recharge NL Dijkgraaf 119","address":"Dijkgraaf 119","city":"Zwaag","operatorName":"Ubitricity","maxPowerKw":11,"isMegawatt":false,"status":"AVAILABLE","source":"ndw","priceKwh":0.392}},{"type":"Feature","geometry":{"type":"Point","coordinates":[5.056174,52.64404]},"properties":{"type":"charge","layer":"passenger","locationId":"53B65128-9D52-4C37-A371-64B630715932","name":"TNLP008056 - Noorderstraat 32, Hoorn","address":"32 Noorderstraat","city":"Hoorn","operatorName":"TotalEnergies","maxPowerKw":13,"isMegawatt":false,"status":"CHARGING","source":"ndw"}},{"type":"Feature","geometry":{"type":"Point","coordinates":[5.083102,52.680708]},"properties":{"type":"charge","layer":"passenger","locationId":"649ac4c6d0ce17001cfde17f","name":"Autoschade Dampten laadpaal 1 voorzijde betaald","address":"David Ricardoweg 1","city":"Zwaag","operatorName":"E-Flux by Road","maxPowerKw":22,"isMegawatt":false,"status":"AVAILABLE","source":"ndw","priceKwh":0.68}},{"type":"Feature","geometry":{"type":"Point","coordinates":[5.0526,52.64255]},"properties":{"type":"charge","layer":"passenger","locationId":"0F46CDCE-27DC-4696-BC16-6BF806D9167B","name":"PP002620 - Vale Hen 8, Hoorn","address":"8 Vale Hen","city":"Hoorn","operatorName":"TotalEnergies","maxPowerKw":13,"isMegawatt":false,"status":"UNAVAILABLE","source":"ndw"}},{"type":"Feature","geometry":{"type":"Point","coordinates":[5.082085,52.651443]},"properties":{"type":"charge","layer":"passenger","locationId":"506D3E69-16AB-473A-8DBE-04484A5EDAEE","name":"TNLP005849 - Stijl 28, Hoorn","address":"28 Stijl","city":"Hoorn","operatorName":"TotalEnergies","maxPowerKw":15,"isMegawatt":false,"status":"AVAILABLE","source":"ndw"}},{"type":"Feature","geometry":{"type":"Point","coordinates":[5.04917,52.65167]},"properties":{"type":"charge","layer":"passenger","locationId":"7b2a6e237135f8c585665d78d13dd337","name":"Lijndraaier 35","address":"Lijndraaier 35","city":"Hoorn","operatorName":"Vattenfall InCharge","maxPowerKw":11,"isMegawatt":false,"status":"AVAILABLE","source":"ndw","priceKwh":0.2805}},{"type":"Feature","geometry":{"type":"Point","coordinates":[5.065029,52.649411]},"properties":{"type":"charge","layer":"passenger","locationId":"4237200","name":"Laadnet Tweeboomlaan","address":"Tweeboomlaan 148","city":"Hoorn","operatorName":"Laadnet","maxPowerKw":11,"isMegawatt":false,"status":"AVAILABLE","source":"ndw"}},{"type":"Feature","geometry":{"type":"Point","coordinates":[5.0849,52.65261]},"properties":{"type":"charge","layer":"passenger","locationId":"226F500F-373C-4CD7-91D0-652FC4F4E81E","name":"TNLP007838 - Betje Wolffplein 104, Hoorn","address":"104 Betje Wolffplein","city":"Hoorn","operatorName":"TotalEnergies","maxPowerKw":17,"isMegawatt":false,"status":"AVAILABLE","source":"ndw"}},{"type":"Feature","geometry":{"type":"Point","coordinates":[5.04027,52.63995]},"properties":{"type":"charge","layer":"passenger","locationId":"118","name":"Shell Recharge NL Astronautenweg 250","address":"Astronautenweg 250","city":"Hoorn","operatorName":"Ubitricity","maxPowerKw":11,"isMegawatt":false,"status":"AVAILABLE","source":"ndw","priceKwh":0.392}},{"type":"Feature","geometry":{"type":"Point","coordinates":[5.038388,52.643024]},"properties":{"type":"charge","layer":"passenger","locationId":"41533BE0-F3B3-4C2D-9B5E-5C4C29D00D2A","name":"TNLP034324 - Noorderlicht 106, Hoorn","address":"106 Noorderlicht","city":"Hoorn","operatorName":"TotalEnergies","maxPowerKw":13,"isMegawatt":false,"status":"UNAVAILABLE","source":"ndw"}},{"type":"Feature","geometry":{"type":"Point","coordinates":[5.0581248,52.664481]},"properties":{"type":"charge","layer":"passenger","locationId":"2153","name":"Shell Recharge NL Langetuin 168","address":"Langetuin 168","city":"Hoorn","operatorName":"Ubitricity","maxPowerKw":22,"isMegawatt":false,"status":"AVAILABLE","source":"ndw","priceKwh":0.267}},{"type":"Feature","geometry":{"type":"Point","coordinates":[5.058114,52.6384]},"properties":{"type":"charge","layer":"passenger","locationId":"4A98738D-3CA9-41FA-8979-AE4EE3F1ECD9","name":"TNLP005681 - De Wieken 1, Hoorn","address":"1 De Wieken","city":"Hoorn","operatorName":"TotalEnergies","maxPowerKw":13,"isMegawatt":false,"status":"AVAILABLE","source":"ndw"}},{"type":"Feature","geometry":{"type":"Point","coordinates":[5.112056,52.651237]},"properties":{"type":"charge","layer":"passenger","locationId":"2BEB6676-A7F3-4E4B-8189-A4397E986DF0","name":"TNLP015112 - John Raedeckerhof 156, Hoorn","address":"156 John Raedeckerhof","city":"Hoorn","operatorName":"TotalEnergies","maxPowerKw":17,"isMegawatt":false,"status":"UNAVAILABLE","source":"ndw"}},{"type":"Feature","geometry":{"type":"Point","coordinates":[5.093108,52.666142]},"properties":{"type":"charge","layer":"passenger","locationId":"a6c294db5750da8cdaa920d8f2a5bbe7","name":"Dokter Barnhoornstraat 2","address":"Dokter Barnhoornstraat 2","city":"Blokker","operatorName":"Vattenfall InCharge","maxPowerKw":11,"isMegawatt":false,"status":"AVAILABLE","source":"ndw","priceKwh":0.2805}},{"type":"Feature","geometry":{"type":"Point","coordinates":[5.100763,52.656187]},"properties":{"type":"charge","layer":"passenger","locationId":"91057755","name":"50five-S NL 07004342","address":"Bertus Aafjeshof 76","city":"Hoorn","operatorName":"50five","maxPowerKw":22,"isMegawatt":false,"status":"CHARGING","source":"ndw"}},{"type":"Feature","geometry":{"type":"Point","coordinates":[5.083308,52.672375]},"properties":{"type":"charge","layer":"passenger","locationId":"13A4E6AE-6083-4091-BC79-1FCA36B5F995","name":"TNLP006442 - Schouwmeester 35, Zwaag","address":"35 Schouwmeester","city":"Zwaag","operatorName":"TotalEnergies","maxPowerKw":15,"isMegawatt":false,"status":"AVAILABLE","source":"ndw"}},{"type":"Feature","geometry":{"type":"Point","coordinates":[5.061027,52.642612]},"properties":{"type":"charge","layer":"passenger","locationId":"315FCF04-2DCD-4995-97E6-F99DD33B70B7","name":"TNLP034078 - Onder de boompjes 10, Hoorn","address":"10 Onder de boompjes","city":"Hoorn","operatorName":"TotalEnergies","maxPowerKw":13,"isMegawatt":false,"status":"UNAVAILABLE","source":"ndw"}},{"type":"Feature","geometry":{"type":"Point","coordinates":[5.093529,52.65148]},"properties":{"type":"charge","layer":"passenger","locationId":"32AB5961-C68F-4C7F-AEEE-CBBE590CD368","name":"TNLP034211 - Ceder 64, Hoorn","address":"64 Ceder","city":"Hoorn","operatorName":"TotalEnergies","maxPowerKw":13,"isMegawatt":false,"status":"UNAVAILABLE","source":"ndw"}},{"type":"Feature","geometry":{"type":"Point","coordinates":[5.076134,52.652943]},"properties":{"type":"charge","layer":"passenger","locationId":"44380BD0-6B5B-4B5B-9070-59D1AEA3309B","name":"TNLP015244 - Kluut 38, Hoorn","address":"38 Kluut","city":"Hoorn","operatorName":"TotalEnergies","maxPowerKw":17,"isMegawatt":false,"status":"UNAVAILABLE","source":"ndw"}},{"type":"Feature","geometry":{"type":"Point","coordinates":[5.092492,52.648247]},"properties":{"type":"charge","layer":"passenger","locationId":"2F5718DB-6F0F-4E53-B26B-F097F28D43AF","name":"TNLP005710 - Florijn 61, Hoorn","address":"61 Florijn","city":"Hoorn","operatorName":"TotalEnergies","maxPowerKw":13,"isMegawatt":false,"status":"AVAILABLE","source":"ndw"}},{"type":"Feature","geometry":{"type":"Point","coordinates":[5.08264,52.65483]},"properties":{"type":"charge","layer":"passenger","locationId":"629","name":"Shell Recharge NL Reiger 56","address":"Reiger 56","city":"Hoorn","operatorName":"Ubitricity","maxPowerKw":11,"isMegawatt":false,"status":"AVAILABLE","source":"ndw","priceKwh":0.392}},{"type":"Feature","geometry":{"type":"Point","coordinates":[5.082215,52.641145]},"properties":{"type":"charge","layer":"passenger","locationId":"67eea2f9d7a5c92c8094e618","name":"Oranje Buiten","address":"Schelphoek 4","city":"Hoorn","operatorName":"E-Flux by Road","maxPowerKw":22,"isMegawatt":false,"status":"UNAVAILABLE","source":"ndw","priceKwh":0.53}},{"type":"Feature","geometry":{"type":"Point","coordinates":[5.038758,52.650809]},"properties":{"type":"charge","layer":"passenger","locationId":"cf3918bb-f6fd-4490-a3b9-b173c75acaa6","name":"Hoorn, Netherlands","address":"1, Westfriese Parkweg","city":"Hoorn","operatorName":"Tesla","maxPowerKw":150,"isMegawatt":false,"status":"AVAILABLE","source":"ndw","priceKwh":0.52}},{"type":"Feature","geometry":{"type":"Point","coordinates":[5.108709,52.650166]},"properties":{"type":"charge","layer":"passenger","locationId":"c0ae5e5f32eb288fc8393074785cb3f4","name":"Breitnerhof 87","address":"Breitnerhof 87","city":"Hoorn","operatorName":"Vattenfall InCharge","maxPowerKw":11,"isMegawatt":false,"status":"AVAILABLE","source":"ndw","priceKwh":0.2805}},{"type":"Feature","geometry":{"type":"Point","coordinates":[5.05471,52.65851]},"properties":{"type":"charge","layer":"passenger","locationId":"EFBC58A1-BB86-45CB-B26F-5BB536AD850A","name":"PP002521 - De Huesmolen 75, Hoorn","address":"75 De Huesmolen","city":"Hoorn","operatorName":"TotalEnergies","maxPowerKw":13,"isMegawatt":false,"status":"AVAILABLE","source":"ndw"}},{"type":"Feature","geometry":{"type":"Point","coordinates":[5.064161,52.671679]},"properties":{"type":"charge","layer":"passenger","locationId":"91094485","name":"50five-S NL ICUEVE000266","address":"De Factorij 34","city":"Zwaag","operatorName":"50five","maxPowerKw":11,"isMegawatt":false,"status":"UNAVAILABLE","source":"ndw"}},{"type":"Feature","geometry":{"type":"Point","coordinates":[5.057548,52.638522]},"properties":{"type":"charge","layer":"passenger","locationId":"91105405","name":"50five-S NL 19B01259","address":"Achterom 1","city":"Hoorn","operatorName":"50five","maxPowerKw":11,"isMegawatt":false,"status":"AVAILABLE","source":"ndw"}},{"type":"Feature","geometry":{"type":"Point","coordinates":[5.09188,52.6497]},"properties":{"type":"charge","layer":"passenger","locationId":"dbb72dacc8beaf82293d984974c54112","name":"Dubloen 163","address":"Dubloen 163","city":"Hoorn","operatorName":"Vattenfall InCharge","maxPowerKw":11,"isMegawatt":false,"status":"AVAILABLE","source":"ndw","priceKwh":0.2805}},{"type":"Feature","geometry":{"type":"Point","coordinates":[5.081883,52.65992]},"properties":{"type":"charge","layer":"passenger","locationId":"91147342","name":"50five-S NL 07109649","address":"Boekerij 33","city":"Blokker","operatorName":"50five","maxPowerKw":11,"isMegawatt":false,"status":"CHARGING","source":"ndw"}},{"type":"Feature","geometry":{"type":"Point","coordinates":[5.06911,52.64045]},"properties":{"type":"charge","layer":"passenger","locationId":"2213BF8A-0CDD-4125-9FD5-CDCE324D88C7","name":"PP002619 - Kleine Oost 132, Hoorn","address":"132 Kleine Oost","city":"Hoorn","operatorName":"TotalEnergies","maxPowerKw":13,"isMegawatt":false,"status":"CHARGING","source":"ndw"}},{"type":"Feature","geometry":{"type":"Point","coordinates":[5.092294,52.65615]},"properties":{"type":"charge","layer":"passenger","locationId":"9664D23E-41FE-488C-B6B9-5E2954906316","name":"TNLP005683 - Kap 15, Hoorn","address":"15 Kap","city":"Hoorn","operatorName":"TotalEnergies","maxPowerKw":13,"isMegawatt":false,"status":"AVAILABLE","source":"ndw"}},{"type":"Feature","geometry":{"type":"Point","coordinates":[5.100742,52.65756]},"properties":{"type":"charge","layer":"passenger","locationId":"2628EBF5-C1CC-48F4-80E1-E68C8616C195","name":"TNLP007498 - Bertus Aafjeshof 39, Hoorn","address":"39 Bertus Aafjeshof","city":"Hoorn","operatorName":"TotalEnergies","maxPowerKw":15,"isMegawatt":false,"status":"AVAILABLE","source":"ndw"}},{"type":"Feature","geometry":{"type":"Point","coordinates":[5.087913,52.657555]},"properties":{"type":"charge","layer":"passenger","locationId":"D61C9CF2-37F9-456C-AC81-D0EC296D63CB","name":"TNLP006810 - Watersnip 131, Hoorn","address":"131 Watersnip","city":"Hoorn","operatorName":"TotalEnergies","maxPowerKw":15,"isMegawatt":false,"status":"AVAILABLE","source":"ndw"}},{"type":"Feature","geometry":{"type":"Point","coordinates":[5.047537,52.649347]},"properties":{"type":"charge","layer":"passenger","locationId":"67f8dfacc9c6766e64abdb53","name":"RightCharge","address":"Dr CJK van Aalstweg  6c","city":"Hoorn","operatorName":"E-Flux by Road","maxPowerKw":176,"isMegawatt":false,"status":"AVAILABLE","source":"ndw","priceKwh":0.319}},{"type":"Feature","geometry":{"type":"Point","coordinates":[5.079135,52.662357]},"properties":{"type":"charge","layer":"passenger","locationId":"C800B319-C2D9-44BE-B557-8847A083530C","name":"TNLP034625 - Nieuwlicht 38, Hoorn","address":"38 Nieuwlicht","city":"Hoorn","operatorName":"TotalEnergies","maxPowerKw":13,"isMegawatt":false,"status":"UNAVAILABLE","source":"ndw"}},{"type":"Feature","geometry":{"type":"Point","coordinates":[5.072178,52.666668]},"properties":{"type":"charge","layer":"passenger","locationId":"D7BCFF2A-A1D7-473D-9822-C5A6F078F78D","name":"TNLP034231 - Anjerhof 1, Zwaag","address":"1 Anjerhof","city":"Zwaag","operatorName":"TotalEnergies","maxPowerKw":13,"isMegawatt":false,"status":"UNAVAILABLE","source":"ndw"}},{"type":"Feature","geometry":{"type":"Point","coordinates":[5.062207,52.669828]},"properties":{"type":"charge","layer":"passenger","locationId":"91107066","name":"50five-S NL Location","address":"De Factorij 51","city":"Zwaag","operatorName":"50five","maxPowerKw":22,"isMegawatt":false,"status":"AVAILABLE","source":"ndw"}},{"type":"Feature","geometry":{"type":"Point","coordinates":[5.108818,52.654873]},"properties":{"type":"charge","layer":"passenger","locationId":"3E01FEA9-3585-49D5-9C4D-91B29CF48124","name":"TNLP007925 - Cézannehof 94, Hoorn","address":"94 Cézannehof","city":"Hoorn","operatorName":"TotalEnergies","maxPowerKw":13,"isMegawatt":false,"status":"AVAILABLE","source":"ndw"}},{"type":"Feature","geometry":{"type":"Point","coordinates":[5.094625,52.654877]},"properties":{"type":"charge","layer":"passenger","locationId":"3EF3E05A-4A1F-42FC-B0A7-1457718046F0","name":"TNLP009615 - Hanebalk 68, Hoorn","address":"68 Hanebalk","city":"Hoorn","operatorName":"TotalEnergies","maxPowerKw":15,"isMegawatt":false,"status":"UNAVAILABLE","source":"ndw"}},{"type":"Feature","geometry":{"type":"Point","coordinates":[5.06887,52.66157]},"properties":{"type":"charge","layer":"passenger","locationId":"43e57d2c2507e4ccec39119c69c478f5","name":"Soniastraat 23","address":"Soniastraat 23","city":"Zwaag","operatorName":"Vattenfall InCharge","maxPowerKw":11,"isMegawatt":false,"status":"AVAILABLE","source":"ndw","priceKwh":0.2805}},{"type":"Feature","geometry":{"type":"Point","coordinates":[5.06728,52.65177]},"properties":{"type":"charge","layer":"passenger","locationId":"34f50aa9fa2aa319af663dc43ef80818","name":"Westfriese Hof 145","address":"Westfriese Hof 145","city":"Hoorn","operatorName":"Vattenfall InCharge","maxPowerKw":11,"isMegawatt":false,"status":"AVAILABLE","source":"ndw","priceKwh":0.2805}},{"type":"Feature","geometry":{"type":"Point","coordinates":[5.042531,52.666687]},"properties":{"type":"charge","layer":"passenger","locationId":"602C6FAB-4410-435A-933C-F189C2D9E5B4","name":"PP005071 - Hoefblad 800, Zwaag","address":"800 Hoefblad","city":"Zwaag","operatorName":"TotalEnergies","maxPowerKw":15,"isMegawatt":false,"status":"AVAILABLE","source":"ndw"}},{"type":"Feature","geometry":{"type":"Point","coordinates":[5.067779,52.672658]},"properties":{"type":"charge","layer":"passenger","locationId":"652508e98868340020d3ba1b","name":"DTG1","address":"De Corantijn 65","city":"Zwaag","operatorName":"E-Flux by Road","maxPowerKw":11,"isMegawatt":false,"status":"UNAVAILABLE","source":"ndw","priceKwh":0.36}},{"type":"Feature","geometry":{"type":"Point","coordinates":[5.085185,52.660549]},"properties":{"type":"charge","layer":"passenger","locationId":"6a67222fd9888c47067c8fad","name":"Laden bij Piet","address":"westerblokker  129d","city":"Blokker","operatorName":"E-Flux by Road","maxPowerKw":11,"isMegawatt":false,"status":"AVAILABLE","source":"ndw","priceKwh":0.43}},{"type":"Feature","geometry":{"type":"Point","coordinates":[5.05451,52.64563]},"properties":{"type":"charge","layer":"passenger","locationId":"8ADFD432-814C-4C79-8A83-1C0CCD11DF04","name":"PP002524 - Van Dedemstraat 8, Hoorn","address":"8 Van Dedemstraat","city":"Hoorn","operatorName":"TotalEnergies","maxPowerKw":13,"isMegawatt":false,"status":"CHARGING","source":"ndw"}},{"type":"Feature","geometry":{"type":"Point","coordinates":[5.089545,52.649002]},"properties":{"type":"charge","layer":"passenger","locationId":"AD2B65FB-90D3-4E06-A977-321BEB47A9BC","name":"TNLP007930 - Florijn 156, Hoorn","address":"156 Florijn","city":"Hoorn","operatorName":"TotalEnergies","maxPowerKw":13,"isMegawatt":false,"status":"UNAVAILABLE","source":"ndw"}},{"type":"Feature","geometry":{"type":"Point","coordinates":[5.085649,52.66608]},"properties":{"type":"charge","layer":"passenger","locationId":"FAD02A5E-486A-41E1-84E4-F08063FB20CF","name":"TNLP006972 - Kolenbergstraat 86, Blokker","address":"86 Kolenbergstraat","city":"Blokker","operatorName":"TotalEnergies","maxPowerKw":13,"isMegawatt":false,"status":"CHARGING","source":"ndw"}},{"type":"Feature","geometry":{"type":"Point","coordinates":[5.045964,52.66744]},"properties":{"type":"charge","layer":"passenger","locationId":"13A974F1-B202-4F9A-8072-4217FD544A60","name":"TNLP034329 - Akkerwinde 75, Hoorn","address":"75 Akkerwinde","city":"Hoorn","operatorName":"TotalEnergies","maxPowerKw":13,"isMegawatt":false,"status":"UNAVAILABLE","source":"ndw"}},{"type":"Feature","geometry":{"type":"Point","coordinates":[5.05827,52.6454]},"properties":{"type":"charge","layer":"passenger","locationId":"92073855981f1841e6dbfb6d019cb3ac","name":"Koepoortsweg 30","address":"Koepoortsweg 30","city":"Hoorn","operatorName":"Vattenfall InCharge","maxPowerKw":11,"isMegawatt":false,"status":"UNAVAILABLE","source":"ndw","priceKwh":0.2805}},{"type":"Feature","geometry":{"type":"Point","coordinates":[5.039288,52.654108]},"properties":{"type":"charge","layer":"passenger","locationId":"63208ab345cfbc0b2b888647","name":"Samcity Paal 2","address":"Westfriese Parkweg 4","city":"Hoorn","operatorName":"E-Flux by Road","maxPowerKw":22,"isMegawatt":false,"status":"AVAILABLE","source":"ndw","priceKwh":0.62}},{"type":"Feature","geometry":{"type":"Point","coordinates":[5.04223,52.669064]},"properties":{"type":"charge","layer":"passenger","locationId":"71276157-D155-4628-8EE1-1D0CFBE3D2C0","name":"TNLP005992 - Waterkers 67, Zwaag","address":"67 Waterkers","city":"Zwaag","operatorName":"TotalEnergies","maxPowerKw":13,"isMegawatt":false,"status":"UNAVAILABLE","source":"ndw"}},{"type":"Feature","geometry":{"type":"Point","coordinates":[5.028679,52.641113]},"properties":{"type":"charge","layer":"passenger","locationId":"1C5BB7D7-ED52-42F5-8278-5B807F1AC034","name":"TNLP007879 - Het Kruiwerk 911, Hoorn","address":"911 Het Kruiwerk","city":"Hoorn","operatorName":"TotalEnergies","maxPowerKw":13,"isMegawatt":false,"status":"AVAILABLE","source":"ndw"}},{"type":"Feature","geometry":{"type":"Point","coordinates":[5.090917,52.664497]},"properties":{"type":"charge","layer":"passenger","locationId":"6a1e941ca831756c289fcf54","name":"Flora 25 station","address":"Florastraat 25","city":"Blokker","operatorName":"E-Flux by Road","maxPowerKw":7,"isMegawatt":false,"status":"AVAILABLE","source":"ndw","priceKwh":0.58}},{"type":"Feature","geometry":{"type":"Point","coordinates":[5.057187,52.642845]},"properties":{"type":"charge","layer":"passenger","locationId":"5142E94B-4DDB-4E7A-A6BF-CF63B75B3BC9","name":"TNLP015130 - Gedempte Turfhaven 1A, Hoorn","address":"1A Gedempte Turfhaven","city":"Hoorn","operatorName":"TotalEnergies","maxPowerKw":17,"isMegawatt":false,"status":"UNAVAILABLE","source":"ndw"}},{"type":"Feature","geometry":{"type":"Point","coordinates":[5.100564,52.65]},"properties":{"type":"charge","layer":"passenger","locationId":"91087865","name":"50five-S NL 07104665","address":"Robert Stolzhof 206","city":"Hoorn","operatorName":"50five","maxPowerKw":11,"isMegawatt":false,"status":"AVAILABLE","source":"ndw"}},{"type":"Feature","geometry":{"type":"Point","coordinates":[5.039918,52.667866]},"properties":{"type":"charge","layer":"passenger","locationId":"4F171764-026E-4586-8EBD-C8D7003D7A45","name":"TNLP034213 - Kamille 48, Zwaag","address":"48 Kamille","city":"Zwaag","operatorName":"TotalEnergies","maxPowerKw":13,"isMegawatt":false,"status":"UNAVAILABLE","source":"ndw"}},{"type":"Feature","geometry":{"type":"Point","coordinates":[5.06778,52.65152]},"properties":{"type":"charge","layer":"passenger","locationId":"36","name":"Shell Recharge NL Westfriese Hof 178","address":"Westfriese Hof 178","city":"Hoorn","operatorName":"Ubitricity","maxPowerKw":11,"isMegawatt":false,"status":"CHARGING","source":"ndw","priceKwh":0.392}},{"type":"Feature","geometry":{"type":"Point","coordinates":[5.047991,52.64604]},"properties":{"type":"charge","layer":"passenger","locationId":"3B57C3A8-372E-42D4-AE57-49C542E988C7","name":"TNLP006193 - Keern 31, Hoorn","address":"31 Keern","city":"Hoorn","operatorName":"TotalEnergies","maxPowerKw":15,"isMegawatt":false,"status":"AVAILABLE","source":"ndw"}},{"type":"Feature","geometry":{"type":"Point","coordinates":[5.08953,52.67605]},"properties":{"type":"charge","layer":"passenger","locationId":"e543a69b-6404-4749-ba60-db664780bf7d","name":"PP001120 - Wierdijk 55, Zwaag","address":"55 Wierdijk","city":"Zwaag","operatorName":"TotalEnergies","maxPowerKw":11,"isMegawatt":false,"status":"CHARGING","source":"ndw"}},{"type":"Feature","geometry":{"type":"Point","coordinates":[5.101047,52.653337]},"properties":{"type":"charge","layer":"passenger","locationId":"91095701","name":"50five-S NL 07100320","address":"Glenn Millerhof 30","city":"Hoorn","operatorName":"50five","maxPowerKw":11,"isMegawatt":false,"status":"AVAILABLE","source":"ndw"}},{"type":"Feature","geometry":{"type":"Point","coordinates":[5.041029,52.670235]},"properties":{"type":"charge","layer":"passenger","locationId":"89246674","name":"Van Leeuwen prive","address":"Keern 231","city":"Zwaag","operatorName":"Van Leeuwen","maxPowerKw":22,"isMegawatt":false,"status":"AVAILABLE","source":"ndw"}},{"type":"Feature","geometry":{"type":"Point","coordinates":[5.0539,52.67109]},"properties":{"type":"charge","layer":"passenger","locationId":"2AFC34C0-2AA7-4D2C-8B82-4F347AEC4B1D","name":"Eneco eMobility Dusseldorp BMW - Hoorn","address":"De Compagnie 27","city":"Hoorn","operatorName":"Eneco","maxPowerKw":200,"isMegawatt":false,"status":"AVAILABLE","source":"ndw","priceKwh":0.6}},{"type":"Feature","geometry":{"type":"Point","coordinates":[5.050435,52.657642]},"properties":{"type":"charge","layer":"passenger","locationId":"7DF44134-E381-463D-9150-D7576951E5A8","name":"TNLP006821 - Wever 29, Hoorn","address":"29 Wever","city":"Hoorn","operatorName":"TotalEnergies","maxPowerKw":15,"isMegawatt":false,"status":"AVAILABLE","source":"ndw"}},{"type":"Feature","geometry":{"type":"Point","coordinates":[5.095958,52.647724]},"properties":{"type":"charge","layer":"passenger","locationId":"3B07DFF1-1D35-49C2-9221-4253D815FF5D","name":"TNLP006018 - Boedijnhof 16, Hoorn","address":"16 Boedijnhof","city":"Hoorn","operatorName":"TotalEnergies","maxPowerKw":13,"isMegawatt":false,"status":"AVAILABLE","source":"ndw"}},{"type":"Feature","geometry":{"type":"Point","coordinates":[5.06482,52.640957]},"properties":{"type":"charge","layer":"passenger","locationId":"D6555DD2-5ABD-4A6C-AAE7-C4A24996D885","name":"TNLP034047 - G.J. Henninkstraat 36, Hoorn","address":"36 G.J. Henninkstraat","city":"Hoorn","operatorName":"TotalEnergies","maxPowerKw":13,"isMegawatt":false,"status":"UNAVAILABLE","source":"ndw"}},{"type":"Feature","geometry":{"type":"Point","coordinates":[5.095728,52.666733]},"properties":{"type":"charge","layer":"passenger","locationId":"DD6E18EF-F2E4-4CFC-91CE-0FEE10196139","name":"TNLP015121 - Lienweid 32, Blokker","address":"32 Lienweid","city":"Blokker","operatorName":"TotalEnergies","maxPowerKw":17,"isMegawatt":false,"status":"UNAVAILABLE","source":"ndw"}},{"type":"Feature","geometry":{"type":"Point","coordinates":[5.101082,52.65272]},"properties":{"type":"charge","layer":"passenger","locationId":"4203B625-9F5C-45C4-8987-6FFFDD869C01","name":"PP005232 - Cole Porterhof 53, Hoorn","address":"53 Cole Porterhof","city":"Hoorn","operatorName":"TotalEnergies","maxPowerKw":13,"isMegawatt":false,"status":"AVAILABLE","source":"ndw"}},{"type":"Feature","geometry":{"type":"Point","coordinates":[5.1137,52.65109]},"properties":{"type":"charge","layer":"passenger","locationId":"38","name":"Shell Recharge NL John Raedeckerhof 82","address":"John Raedeckerhof 82","city":"Hoorn","operatorName":"Ubitricity","maxPowerKw":11,"isMegawatt":false,"status":"AVAILABLE","source":"ndw","priceKwh":0.392}},{"type":"Feature","geometry":{"type":"Point","coordinates":[5.091947,52.666106]},"properties":{"type":"charge","layer":"passenger","locationId":"67fcc6e4b2d4acff0596a3bd","name":"Jeroen Meijer 's station","address":"Corry van Kleefstraat 76","city":"Blokker","operatorName":"E-Flux by Road","maxPowerKw":22,"isMegawatt":false,"status":"AVAILABLE","source":"ndw","priceKwh":0.57}},{"type":"Feature","geometry":{"type":"Point","coordinates":[5.084822,52.674722]},"properties":{"type":"charge","layer":"passenger","locationId":"91231942","name":"50five-S NL 07103202","address":"Heemraad 13","city":"Zwaag","operatorName":"50five","maxPowerKw":9,"isMegawatt":false,"status":"UNAVAILABLE","source":"ndw"}},{"type":"Feature","geometry":{"type":"Point","coordinates":[5.077679,52.643993]},"properties":{"type":"charge","layer":"passenger","locationId":"32F84C55-14E7-4DA8-ADD7-5C60F6AE9596","name":"TNLP007783 - Frederik Hendrikstraat 9, Hoorn","address":"9 Frederik Hendrikstraat","city":"Hoorn","operatorName":"TotalEnergies","maxPowerKw":15,"isMegawatt":false,"status":"AVAILABLE","source":"ndw"}},{"type":"Feature","geometry":{"type":"Point","coordinates":[5.08306,52.66984]},"properties":{"type":"charge","layer":"passenger","locationId":"cf9d1354-04f9-4bec-8882-bec6d531eb9c","name":"PP001453 - Daalmeer 4, Zwaag","address":"4 Daalmeer","city":"Zwaag","operatorName":"TotalEnergies","maxPowerKw":11,"isMegawatt":false,"status":"UNAVAILABLE","source":"ndw"}},{"type":"Feature","geometry":{"type":"Point","coordinates":[5.04526,52.66188]},"properties":{"type":"charge","layer":"passenger","locationId":"1598","name":"Shell Recharge NL Paardenweide 3","address":"Paardenweide 3","city":"Hoorn","operatorName":"Ubitricity","maxPowerKw":11,"isMegawatt":false,"status":"AVAILABLE","source":"ndw","priceKwh":0.392}},{"type":"Feature","geometry":{"type":"Point","coordinates":[5.06921,52.67286]},"properties":{"type":"charge","layer":"passenger","locationId":"50DD3FA0-F458-47ED-AFD1-896FF27D0B04","name":"Eneco eMobility Broekhuis Autoschade Zwaag","address":"De Corantijn 61","city":"Zwaag","operatorName":"Eneco","maxPowerKw":22,"isMegawatt":false,"status":"AVAILABLE","source":"ndw","priceKwh":0.45}},{"type":"Feature","geometry":{"type":"Point","coordinates":[5.079265,52.649509]},"properties":{"type":"charge","layer":"passenger","locationId":"f86e99a617c059d85b737fc898db1755","name":"Gording 54","address":"Gording 54","city":"Hoorn","operatorName":"Vattenfall InCharge","maxPowerKw":11,"isMegawatt":false,"status":"CHARGING","source":"ndw","priceKwh":0.2805}},{"type":"Feature","geometry":{"type":"Point","coordinates":[5.083108,52.657444]},"properties":{"type":"charge","layer":"passenger","locationId":"5521AD9E-FEF9-4368-AF07-B70084284DFE","name":"TNLP009452 - Nachtegaal 80, Hoorn","address":"80 Nachtegaal","city":"Hoorn","operatorName":"TotalEnergies","maxPowerKw":15,"isMegawatt":false,"status":"UNAVAILABLE","source":"ndw"}},{"type":"Feature","geometry":{"type":"Point","coordinates":[5.055758,52.664128]},"properties":{"type":"charge","layer":"passenger","locationId":"8d62ab8c4b8a4a4728d04ca5d29fc391","name":"Langetuin 106","address":"Langetuin 106","city":"Zwaag","operatorName":"Vattenfall InCharge","maxPowerKw":11,"isMegawatt":false,"status":"AVAILABLE","source":"ndw","priceKwh":0.2805}},{"type":"Feature","geometry":{"type":"Point","coordinates":[5.0742,52.67383]},"properties":{"type":"charge","layer":"passenger","locationId":"CA1956B7-C2F3-4339-89F5-35D7FAB5049C","name":"Eneco eMobility Broekhuis Volkswagen Audi Skoda Zwaag","address":"De Marowijne 53","city":"Zwaag","operatorName":"Eneco","maxPowerKw":25,"isMegawatt":false,"status":"AVAILABLE","source":"ndw","priceKwh":0.38}},{"type":"Feature","geometry":{"type":"Point","coordinates":[5.064583,52.660317]},"properties":{"type":"charge","layer":"passenger","locationId":"69f1f192de7a63bd45c1a629","name":"wesley post's station","address":"De Oude Veiling  82","city":"Zwaag","operatorName":"Vattenfall","maxPowerKw":22,"isMegawatt":false,"status":"AVAILABLE","source":"ndw","priceKwh":0.289}},{"type":"Feature","geometry":{"type":"Point","coordinates":[5.05022,52.6447]},"properties":{"type":"charge","layer":"passenger","locationId":"02E14054-9165-4F19-AA9C-0955A79E602B","name":"TNLP003615 - Pelmolenpad 2, Hoorn","address":"2 Pelmolenpad","city":"Hoorn","operatorName":"TotalEnergies","maxPowerKw":17,"isMegawatt":false,"status":"UNAVAILABLE","source":"ndw"}},{"type":"Feature","geometry":{"type":"Point","coordinates":[5.098051,52.650555]},"properties":{"type":"charge","layer":"passenger","locationId":"683CFB00-4DD2-49B6-9B8C-E093A08C0144","name":"TNLP034241 - Diepenbrockhof 65, Hoorn","address":"65 Diepenbrockhof","city":"Hoorn","operatorName":"TotalEnergies","maxPowerKw":13,"isMegawatt":false,"status":"UNAVAILABLE","source":"ndw"}},{"type":"Feature","geometry":{"type":"Point","coordinates":[5.09217,52.65536]},"properties":{"type":"charge","layer":"passenger","locationId":"06ba4c87b6b19892d16f8a8b55d463cb","name":"Spant 116","address":"Spant 116","city":"Hoorn","operatorName":"Vattenfall InCharge","maxPowerKw":11,"isMegawatt":false,"status":"AVAILABLE","source":"ndw","priceKwh":0.2805}},{"type":"Feature","geometry":{"type":"Point","coordinates":[5.096614,52.657764]},"properties":{"type":"charge","layer":"passenger","locationId":"72D41B29-CC75-4EB7-B40F-1CBEF9718B5B","name":"TNLP015228 - Jacques Bloemhof 114, Hoorn","address":"114 Jacques Bloemhof","city":"Hoorn","operatorName":"TotalEnergies","maxPowerKw":17,"isMegawatt":false,"status":"UNAVAILABLE","source":"ndw"}},{"type":"Feature","geometry":{"type":"Point","coordinates":[5.080458,52.66705]},"properties":{"type":"charge","layer":"passenger","locationId":"FB616810-AC97-4C3D-8FFD-D9DD4BC6B14F","name":"TNLP008109 - Klaverwoud 22, Zwaag","address":"22 Klaverwoud","city":"Zwaag","operatorName":"TotalEnergies","maxPowerKw":15,"isMegawatt":false,"status":"UNAVAILABLE","source":"ndw"}},{"type":"Feature","geometry":{"type":"Point","coordinates":[5.033616,52.641586]},"properties":{"type":"charge","layer":"passenger","locationId":"30B6B30E-07DB-4150-BD05-879266E67105","name":"TNLP007201 - Boogschutter 134, Hoorn","address":"134 Boogschutter","city":"Hoorn","operatorName":"TotalEnergies","maxPowerKw":13,"isMegawatt":false,"status":"AVAILABLE","source":"ndw"}},{"type":"Feature","geometry":{"type":"Point","coordinates":[5.06923,52.66609]},"properties":{"type":"charge","layer":"passenger","locationId":"33165A9B-6A4C-4F7C-A7A4-116F2727B622","name":"PP002592 - Julianalaan 9, Zwaag","address":"9 Julianalaan","city":"Zwaag","operatorName":"TotalEnergies","maxPowerKw":13,"isMegawatt":false,"status":"AVAILABLE","source":"ndw"}},{"type":"Feature","geometry":{"type":"Point","coordinates":[5.0895768,52.6787817]},"properties":{"type":"charge","layer":"passenger","locationId":"2428","name":"Shell Recharge NL Inlaagdijk 79","address":"Inlaagdijk 79","city":"Hoorn","operatorName":"Ubitricity","maxPowerKw":22,"isMegawatt":false,"status":"AVAILABLE","source":"ndw","priceKwh":0.267}},{"type":"Feature","geometry":{"type":"Point","coordinates":[5.093526,52.644904]},"properties":{"type":"charge","layer":"passenger","locationId":"91147664","name":"50five-S NL 09100244","address":"Protonweg 6","city":"Hoorn","operatorName":"50five","maxPowerKw":11,"isMegawatt":false,"status":"AVAILABLE","source":"ndw"}},{"type":"Feature","geometry":{"type":"Point","coordinates":[5.031468,52.637503]},"properties":{"type":"charge","layer":"passenger","locationId":"1770","name":"Shell Recharge NL Houtzaagmolen 1","address":"Houtzaagmolen 1","city":"Hoorn","operatorName":"Ubitricity","maxPowerKw":22,"isMegawatt":false,"status":"AVAILABLE","source":"ndw","priceKwh":0.267}},{"type":"Feature","geometry":{"type":"Point","coordinates":[5.10919,52.65386]},"properties":{"type":"charge","layer":"passenger","locationId":"628","name":"Shell Recharge NL Cezannehof 77","address":"Cezannehof 77","city":"Hoorn","operatorName":"Ubitricity","maxPowerKw":11,"isMegawatt":false,"status":"AVAILABLE","source":"ndw","priceKwh":0.392}},{"type":"Feature","geometry":{"type":"Point","coordinates":[5.05149,52.64499]},"properties":{"type":"charge","layer":"passenger","locationId":"FC7577C4-FA70-4581-AB87-71C937CE0165","name":"Eneco eMobility ING Bank NV - Stationsweg 5","address":"Stationsweg 5","city":"Hoorn","operatorName":"Eneco","maxPowerKw":22,"isMegawatt":false,"status":"AVAILABLE","source":"ndw","priceKwh":0.3}},{"type":"Feature","geometry":{"type":"Point","coordinates":[5.041986,52.66547]},"properties":{"type":"charge","layer":"passenger","locationId":"864D4DEC-5EC5-4C50-A907-0EBCBD2669C2","name":"TNLP005998 - Klaproos 99, Zwaag","address":"99 Klaproos","city":"Zwaag","operatorName":"TotalEnergies","maxPowerKw":13,"isMegawatt":false,"status":"AVAILABLE","source":"ndw"}},{"type":"Feature","geometry":{"type":"Point","coordinates":[5.058791,52.648987]},"properties":{"type":"charge","layer":"passenger","locationId":"ee4b88d2a8c9bfe46308c27c42cc279d","name":"Juniusstraat 46","address":"Juniusstraat 46","city":"Hoorn","operatorName":"Vattenfall InCharge","maxPowerKw":11,"isMegawatt":false,"status":"AVAILABLE","source":"ndw","priceKwh":0.2805}},{"type":"Feature","geometry":{"type":"Point","coordinates":[5.084592,52.667877]},"properties":{"type":"charge","layer":"passenger","locationId":"14122223-ADAF-434C-B1D8-81EAD6018C9A","name":"TNLP034016 - Grote Waard 54, Hoorn","address":"54 Grote Waard","city":"Hoorn","operatorName":"TotalEnergies","maxPowerKw":13,"isMegawatt":false,"status":"UNAVAILABLE","source":"ndw"}},{"type":"Feature","geometry":{"type":"Point","coordinates":[5.10452,52.65697]},"properties":{"type":"charge","layer":"passenger","locationId":"1C619227-9DCB-4974-9879-361DDADE0F3D","name":"PP002591 - Han Hoekstrahof 97, Hoorn","address":"97 Han Hoekstrahof","city":"Hoorn","operatorName":"TotalEnergies","maxPowerKw":13,"isMegawatt":false,"status":"AVAILABLE","source":"ndw"}},{"type":"Feature","geometry":{"type":"Point","coordinates":[5.04521,52.65714]},"properties":{"type":"charge","layer":"passenger","locationId":"C3847B00-9D7A-42F4-868F-FD059ABE5389","name":"TNLP007743 - Tinnegieter 84, Hoorn","address":"84 Tinnegieter","city":"Hoorn","operatorName":"TotalEnergies","maxPowerKw":15,"isMegawatt":false,"status":"CHARGING","source":"ndw"}},{"type":"Feature","geometry":{"type":"Point","coordinates":[5.088492,52.656723]},"properties":{"type":"charge","layer":"passenger","locationId":"809FCFEA-960A-4A27-8A60-78808F2270A1","name":"TNLP034222 - Kievit 111, Hoorn","address":"111 Kievit","city":"Hoorn","operatorName":"TotalEnergies","maxPowerKw":13,"isMegawatt":false,"status":"UNAVAILABLE","source":"ndw"}},{"type":"Feature","geometry":{"type":"Point","coordinates":[5.036407,52.642647]},"properties":{"type":"charge","layer":"passenger","locationId":"61CEF6D4-1B42-40E7-8B45-7AC5CB2D87F1","name":"TNLP006493 - Noorderlicht 59, Hoorn","address":"59 Noorderlicht","city":"Hoorn","operatorName":"TotalEnergies","maxPowerKw":13,"isMegawatt":false,"status":"UNAVAILABLE","source":"ndw"}},{"type":"Feature","geometry":{"type":"Point","coordinates":[5.058283,52.6667]},"properties":{"type":"charge","layer":"passenger","locationId":"66E7E68D-4ACC-4280-8EC8-DFF4B6382C1D","name":"TNLP009519 - Klagerstuin 5, Hoorn","address":"5 Klagerstuin","city":"Hoorn","operatorName":"TotalEnergies","maxPowerKw":15,"isMegawatt":false,"status":"AVAILABLE","source":"ndw"}},{"type":"Feature","geometry":{"type":"Point","coordinates":[5.063789,52.639153]},"properties":{"type":"charge","layer":"passenger","locationId":"6781DCB8-8388-4A67-94F7-D50959D30072","name":"TNLP006143 - Mallegomsteeg 7, Hoorn","address":"7 Mallegomsteeg","city":"Hoorn","operatorName":"TotalEnergies","maxPowerKw":13,"isMegawatt":false,"status":"AVAILABLE","source":"ndw"}},{"type":"Feature","geometry":{"type":"Point","coordinates":[5.061632,52.66163]},"properties":{"type":"charge","layer":"passenger","locationId":"62E682BB-5AC5-4CA0-87DB-E99DC51FF06C","name":"TNLP009497 - Botter 65, Hoorn","address":"65 Botter","city":"Hoorn","operatorName":"TotalEnergies","maxPowerKw":17,"isMegawatt":false,"status":"UNAVAILABLE","source":"ndw"}},{"type":"Feature","geometry":{"type":"Point","coordinates":[5.061896,52.653984]},"properties":{"type":"charge","layer":"passenger","locationId":"E214164A-34FE-48E9-A0BE-30367A379C56","name":"TNLP008633 - Brik 3, Hoorn","address":"3 Brik","city":"Hoorn","operatorName":"TotalEnergies","maxPowerKw":14,"isMegawatt":false,"status":"AVAILABLE","source":"ndw"}},{"type":"Feature","geometry":{"type":"Point","coordinates":[5.09631,52.65692]},"properties":{"type":"charge","layer":"passenger","locationId":"317","name":"Shell Recharge NL Jacques Bloemhof 14","address":"Jacques Bloemhof 14","city":"Hoorn","operatorName":"Ubitricity","maxPowerKw":11,"isMegawatt":false,"status":"AVAILABLE","source":"ndw","priceKwh":0.392}},{"type":"Feature","geometry":{"type":"Point","coordinates":[5.109468,52.65304]},"properties":{"type":"charge","layer":"passenger","locationId":"87CD01BA-AA0D-4F68-82C6-A4513A4D19AB","name":"TNLP034215 - Bazillehof 70, Hoorn","address":"70 Bazillehof","city":"Hoorn","operatorName":"TotalEnergies","maxPowerKw":13,"isMegawatt":false,"status":"UNAVAILABLE","source":"ndw"}},{"type":"Feature","geometry":{"type":"Point","coordinates":[5.047251,52.651142]},"properties":{"type":"charge","layer":"passenger","locationId":"6984c0caf9ac569dff6f2623","name":"Stichting Calidus - Avondlicht","address":"Geldelozeweg 66","city":"Hoorn","operatorName":"PureCharged","maxPowerKw":11,"isMegawatt":false,"status":"AVAILABLE","source":"ndw","priceKwh":0.53}},{"type":"Feature","geometry":{"type":"Point","coordinates":[5.034564,52.639603]},"properties":{"type":"charge","layer":"passenger","locationId":"F80E25B1-F197-4F94-9C2D-234B54215246","name":"TNLP034046 - Waterman 143, Hoorn","address":"143 Waterman","city":"Hoorn","operatorName":"TotalEnergies","maxPowerKw":13,"isMegawatt":false,"status":"UNAVAILABLE","source":"ndw"}},{"type":"Feature","geometry":{"type":"Point","coordinates":[5.089809,52.657936]},"properties":{"type":"charge","layer":"passenger","locationId":"387E115D-23CA-4572-AE5A-F0F008996007","name":"TNLP007496 - Plevier 3, Hoorn","address":"3 Plevier","city":"Hoorn","operatorName":"TotalEnergies","maxPowerKw":15,"isMegawatt":false,"status":"AVAILABLE","source":"ndw"}},{"type":"Feature","geometry":{"type":"Point","coordinates":[5.060492,52.655229]},"properties":{"type":"charge","layer":"passenger","locationId":"5019fbec-b86f-4937-835f-9e2a31ace562","name":"bp pulse De Huesmolen","address":"Zwaagmergouw 1","city":"Hoorn","operatorName":"bp pulse","maxPowerKw":150,"isMegawatt":false,"status":"AVAILABLE","source":"ndw","priceKwh":0.7}},{"type":"Feature","geometry":{"type":"Point","coordinates":[5.042779,52.654766]},"properties":{"type":"charge","layer":"passenger","locationId":"C30CFEC6-9824-42A1-9DFB-CCA8DFBE4E1E","name":"PP005262 - Hof van Holland 58, Hoorn","address":"58 Hof van Holland","city":"Hoorn","operatorName":"TotalEnergies","maxPowerKw":13,"isMegawatt":false,"status":"AVAILABLE","source":"ndw"}},{"type":"Feature","geometry":{"type":"Point","coordinates":[5.067523,52.64283]},"properties":{"type":"charge","layer":"passenger","locationId":"C3BA2E81-C315-4803-9A46-E43564E5F15F","name":"TNLP005994 - Venenlaan 19, Hoorn","address":"19 Venenlaan","city":"Hoorn","operatorName":"TotalEnergies","maxPowerKw":13,"isMegawatt":false,"status":"AVAILABLE","source":"ndw"}},{"type":"Feature","geometry":{"type":"Point","coordinates":[5.09724,52.64958]},"properties":{"type":"charge","layer":"passenger","locationId":"4AC8DE69-1771-402F-B982-ABCE5EE4AAB0","name":"PP002589 - Diepenbrockhof 52, Hoorn","address":"52 Diepenbrockhof","city":"Hoorn","operatorName":"TotalEnergies","maxPowerKw":13,"isMegawatt":false,"status":"UNAVAILABLE","source":"ndw"}},{"type":"Feature","geometry":{"type":"Point","coordinates":[5.091396,52.663544]},"properties":{"type":"charge","layer":"passenger","locationId":"BBA5B583-34F2-4E4F-AAAB-BE3B77558C9B","name":"TNLP034040 - Sint Josephpark 22, Hoorn","address":"22 Sint Josephpark","city":"Hoorn","operatorName":"TotalEnergies","maxPowerKw":13,"isMegawatt":false,"status":"UNAVAILABLE","source":"ndw"}},{"type":"Feature","geometry":{"type":"Point","coordinates":[5.071004,52.64966]},"properties":{"type":"charge","layer":"passenger","locationId":"0A1EF0A6-B36B-4403-B571-378B69FD9C7F","name":"TNLP006154 - Vermeerlaan 13, Hoorn","address":"13 Vermeerlaan","city":"Hoorn","operatorName":"TotalEnergies","maxPowerKw":13,"isMegawatt":false,"status":"UNAVAILABLE","source":"ndw"}},{"type":"Feature","geometry":{"type":"Point","coordinates":[5.093546,52.64491]},"properties":{"type":"charge","layer":"passenger","locationId":"91106907","name":"50five-S NL 08100150","address":"Protonweg 6","city":"Hoorn","operatorName":"50five","maxPowerKw":11,"isMegawatt":false,"status":"AVAILABLE","source":"ndw"}},{"type":"Feature","geometry":{"type":"Point","coordinates":[5.04392,52.645179]},"properties":{"type":"charge","layer":"passenger","locationId":"60b9bf16e0c231fe3a05f720","name":"Werksaam WF","address":"Dampten 26","city":"Hoorn","operatorName":"E-Flux by Road","maxPowerKw":11,"isMegawatt":false,"status":"AVAILABLE","source":"ndw","priceKwh":0.21}},{"type":"Feature","geometry":{"type":"Point","coordinates":[5.06832,52.65273]},"properties":{"type":"charge","layer":"passenger","locationId":"76D13CC3-EA01-48ED-AB1A-C81E8FB83132","name":"PP005297 - De Streektuinen 33, Hoorn","address":"33 De Streektuinen","city":"Hoorn","operatorName":"TotalEnergies","maxPowerKw":13,"isMegawatt":false,"status":"AVAILABLE","source":"ndw"}},{"type":"Feature","geometry":{"type":"Point","coordinates":[5.047007,52.666786]},"properties":{"type":"charge","layer":"passenger","locationId":"BE1529DE-0FD6-43D4-BC2D-1C2AAF4CDAA7","name":"TNLP006388 - Akkerwinde 56, Zwaag","address":"56 Akkerwinde","city":"Zwaag","operatorName":"TotalEnergies","maxPowerKw":13,"isMegawatt":false,"status":"CHARGING","source":"ndw"}},{"type":"Feature","geometry":{"type":"Point","coordinates":[5.096017,52.65132]},"properties":{"type":"charge","layer":"passenger","locationId":"4BC5E6D1-7D87-4C61-86AB-0E4C55E46118","name":"TNLP006677 - Smetanahof 44, Hoorn","address":"44 Smetanahof","city":"Hoorn","operatorName":"TotalEnergies","maxPowerKw":13,"isMegawatt":false,"status":"AVAILABLE","source":"ndw"}},{"type":"Feature","geometry":{"type":"Point","coordinates":[5.061809,52.64919]},"properties":{"type":"charge","layer":"passenger","locationId":"4888964E-3EB9-4CB9-A0D1-3169C0F7DF57","name":"TNLP006670 - Tweeboomlaan 105, Hoorn","address":"105 Tweeboomlaan","city":"Hoorn","operatorName":"TotalEnergies","maxPowerKw":15,"isMegawatt":false,"status":"AVAILABLE","source":"ndw"}},{"type":"Feature","geometry":{"type":"Point","coordinates":[5.0537161,52.669673]},"properties":{"type":"charge","layer":"passenger","locationId":"1945","name":"Shell Recharge NL Kieftentuin 28","address":"Kieftentuin 28","city":"Zwaag","operatorName":"Ubitricity","maxPowerKw":22,"isMegawatt":false,"status":"AVAILABLE","source":"ndw","priceKwh":0.267}},{"type":"Feature","geometry":{"type":"Point","coordinates":[5.106303,52.65415]},"properties":{"type":"charge","layer":"passenger","locationId":"B8EC0C6B-030A-4AD0-8581-66EA797AD3B9","name":"TNLP006806 - Cézannehof 1, Hoorn","address":"1 Cézannehof","city":"Hoorn","operatorName":"TotalEnergies","maxPowerKw":13,"isMegawatt":false,"status":"AVAILABLE","source":"ndw"}},{"type":"Feature","geometry":{"type":"Point","coordinates":[5.061869,52.670435]},"properties":{"type":"charge","layer":"passenger","locationId":"91109501","name":"50five-S NL 19B02965","address":"De Factorij 49","city":"Zwaag","operatorName":"50five","maxPowerKw":22,"isMegawatt":false,"status":"AVAILABLE","source":"ndw"}},{"type":"Feature","geometry":{"type":"Point","coordinates":[5.049104,52.650635]},"properties":{"type":"charge","layer":"passenger","locationId":"91275223","name":"50five-S NL 09101072","address":"Geldelozeweg 37","city":"Hoorn","operatorName":"50five","maxPowerKw":11,"isMegawatt":false,"status":"AVAILABLE","source":"ndw"}},{"type":"Feature","geometry":{"type":"Point","coordinates":[5.078292,52.646023]},"properties":{"type":"charge","layer":"passenger","locationId":"FB8EDF17-BD17-4EC8-8D99-CDFD400BE330","name":"TNLP009681 - Holenweg 4, Hoorn","address":"4 Holenweg","city":"Hoorn","operatorName":"TotalEnergies","maxPowerKw":17,"isMegawatt":false,"status":"UNAVAILABLE","source":"ndw"}},{"type":"Feature","geometry":{"type":"Point","coordinates":[5.086902,52.65621]},"properties":{"type":"charge","layer":"passenger","locationId":"3A1A05A1-B0A8-40D4-A599-C28043033DFE","name":"TNLP015307 - Watersnip 50, Hoorn","address":"50 Watersnip","city":"Hoorn","operatorName":"TotalEnergies","maxPowerKw":17,"isMegawatt":false,"status":"UNAVAILABLE","source":"ndw"}},{"type":"Feature","geometry":{"type":"Point","coordinates":[5.110159,52.65666]},"properties":{"type":"charge","layer":"passenger","locationId":"C960436F-8E22-4122-B6AD-38F64AC3FF6A","name":"TNLP034654 - Mari Andriessenhof 34, Hoorn","address":"34 Mari Andriessenhof","city":"Hoorn","operatorName":"TotalEnergies","maxPowerKw":13,"isMegawatt":false,"status":"UNAVAILABLE","source":"ndw"}},{"type":"Feature","geometry":{"type":"Point","coordinates":[5.090704,52.664204]},"properties":{"type":"charge","layer":"passenger","locationId":"77FF297D-F5EA-4E22-83A9-2816A5610788","name":"TNLP005948 - Florastraat 35, Blokker","address":"35 Florastraat","city":"Blokker","operatorName":"TotalEnergies","maxPowerKw":13,"isMegawatt":false,"status":"UNAVAILABLE","source":"ndw"}},{"type":"Feature","geometry":{"type":"Point","coordinates":[5.086669,52.653393]},"properties":{"type":"charge","layer":"passenger","locationId":"83F827BC-F342-4957-A2A5-9195DDD34C74","name":"TNLP007426 - Sophie Vitringastraat 13, Hoorn","address":"13 Sophie Vitringastraat","city":"Hoorn","operatorName":"TotalEnergies","maxPowerKw":15,"isMegawatt":false,"status":"AVAILABLE","source":"ndw"}},{"type":"Feature","geometry":{"type":"Point","coordinates":[5.105752,52.64876]},"properties":{"type":"charge","layer":"passenger","locationId":"B2F11487-E916-49F3-858F-689FEEF8309F","name":"TNLP006839 - Matissehof 65, Hoorn","address":"65 Matissehof","city":"Hoorn","operatorName":"TotalEnergies","maxPowerKw":13,"isMegawatt":false,"status":"AVAILABLE","source":"ndw"}},{"type":"Feature","geometry":{"type":"Point","coordinates":[5.081391,52.67311]},"properties":{"type":"charge","layer":"passenger","locationId":"CDDFD76C-4E6D-4C07-9EBB-D2F1C382E265","name":"TNLP007446 - Waarschap 59, Zwaag","address":"59 Waarschap","city":"Zwaag","operatorName":"TotalEnergies","maxPowerKw":13,"isMegawatt":false,"status":"AVAILABLE","source":"ndw"}},{"type":"Feature","geometry":{"type":"Point","coordinates":[5.093998,52.65029]},"properties":{"type":"charge","layer":"passenger","locationId":"57D3847F-5422-4759-8D4D-9D66D302C84C","name":"TNLP006454 - Dubloen 26, Hoorn","address":"26 Dubloen","city":"Hoorn","operatorName":"TotalEnergies","maxPowerKw":15,"isMegawatt":false,"status":"AVAILABLE","source":"ndw"}},{"type":"Feature","geometry":{"type":"Point","coordinates":[5.0816,52.669617]},"properties":{"type":"charge","layer":"passenger","locationId":"5ADA827A-18F0-4AA9-89BF-006034476747","name":"TNLP006286 - Binnenpolder 20, Zwaag","address":"20 Binnenpolder","city":"Zwaag","operatorName":"TotalEnergies","maxPowerKw":13,"isMegawatt":false,"status":"UNAVAILABLE","source":"ndw"}},{"type":"Feature","geometry":{"type":"Point","coordinates":[5.049628,52.664165]},"properties":{"type":"charge","layer":"passenger","locationId":"9C70B02B-10FB-49F0-995C-BB3B260850A9","name":"TNLP007615 - Paardebloem 73, Zwaag","address":"73 Paardebloem","city":"Zwaag","operatorName":"TotalEnergies","maxPowerKw":15,"isMegawatt":false,"status":"AVAILABLE","source":"ndw"}},{"type":"Feature","geometry":{"type":"Point","coordinates":[5.085338,52.651432]},"properties":{"type":"charge","layer":"passenger","locationId":"F1C9585A-D410-4F4A-A425-9CC5145B6359","name":"TNLP007547 - Aagje Dekenplein 100, Hoorn","address":"100 Aagje Dekenplein","city":"Hoorn","operatorName":"TotalEnergies","maxPowerKw":15,"isMegawatt":false,"status":"UNAVAILABLE","source":"ndw"}},{"type":"Feature","geometry":{"type":"Point","coordinates":[5.05966,52.63829]},"properties":{"type":"charge","layer":"passenger","locationId":"a0549d84-8758-4e96-91e2-06f9aa015318","name":"PP001603 - Vismarkt 4, Hoorn","address":"4 Vismarkt","city":"Hoorn","operatorName":"TotalEnergies","maxPowerKw":11,"isMegawatt":false,"status":"AVAILABLE","source":"ndw"}},{"type":"Feature","geometry":{"type":"Point","coordinates":[5.060432,52.65408]},"properties":{"type":"charge","layer":"passenger","locationId":"8846897E-D664-4446-823D-9FF431555BDA","name":"TNLP008784 - Kerkewagen 1, Hoorn","address":"1 Kerkewagen","city":"Hoorn","operatorName":"TotalEnergies","maxPowerKw":14,"isMegawatt":false,"status":"UNAVAILABLE","source":"ndw"}},{"type":"Feature","geometry":{"type":"Point","coordinates":[5.090135,52.665855]},"properties":{"type":"charge","layer":"passenger","locationId":"62BBCA9D-F3EF-4008-92BD-8F82716BE4A2","name":"TNLP034031 - Tom Karstenstraat 2, Blokker","address":"2 Tom Karstenstraat","city":"Blokker","operatorName":"TotalEnergies","maxPowerKw":13,"isMegawatt":false,"status":"UNAVAILABLE","source":"ndw"}},{"type":"Feature","geometry":{"type":"Point","coordinates":[5.048522,52.654359]},"properties":{"type":"charge","layer":"passenger","locationId":"064d6fd8dd2dddaf17f3f55ea72a3969","name":"Breeuwer 40","address":"Breeuwer 40","city":"Hoorn","operatorName":"Vattenfall InCharge","maxPowerKw":11,"isMegawatt":false,"status":"CHARGING","source":"ndw","priceKwh":0.2805}},{"type":"Feature","geometry":{"type":"Point","coordinates":[5.054579,52.66002]},"properties":{"type":"charge","layer":"passenger","locationId":"A22BAFFB-7799-41C2-AB33-FF3FA5AE61CB","name":"TNLP015237 - t Grachtje over 141, Hoorn","address":"141 t Grachtje over","city":"Hoorn","operatorName":"TotalEnergies","maxPowerKw":17,"isMegawatt":false,"status":"UNAVAILABLE","source":"ndw"}},{"type":"Feature","geometry":{"type":"Point","coordinates":[5.07273,52.64331]},"properties":{"type":"charge","layer":"passenger","locationId":"70","name":"Shell Recharge NL Crabstraat 1","address":"Crabstraat 1","city":"Hoorn","operatorName":"Ubitricity","maxPowerKw":11,"isMegawatt":false,"status":"AVAILABLE","source":"ndw","priceKwh":0.392}},{"type":"Feature","geometry":{"type":"Point","coordinates":[5.063652,52.642437]},"properties":{"type":"charge","layer":"passenger","locationId":"0F51D68A-FF5D-4823-9218-174E3CA688CC","name":"TNLP006196 - Pakhuisstraat 62, Hoorn","address":"62 Pakhuisstraat","city":"Hoorn","operatorName":"TotalEnergies","maxPowerKw":13,"isMegawatt":false,"status":"AVAILABLE","source":"ndw"}},{"type":"Feature","geometry":{"type":"Point","coordinates":[5.07191,52.657448]},"properties":{"type":"charge","layer":"passenger","locationId":"16458EEB-5998-43FE-B2A5-BFFADA18871F","name":"TNLP006808 - Barnsteen 50, Hoorn","address":"50 Barnsteen","city":"Hoorn","operatorName":"TotalEnergies","maxPowerKw":15,"isMegawatt":false,"status":"AVAILABLE","source":"ndw"}},{"type":"Feature","geometry":{"type":"Point","coordinates":[5.057212,52.642773]},"properties":{"type":"charge","layer":"passenger","locationId":"5B3E87DA-E989-4E20-A561-A80AA59CF8C0","name":"TNLP015139 - Gedempte Turfhaven 1, Hoorn","address":"1 Gedempte Turfhaven","city":"Hoorn","operatorName":"TotalEnergies","maxPowerKw":17,"isMegawatt":false,"status":"UNAVAILABLE","source":"ndw"}},{"type":"Feature","geometry":{"type":"Point","coordinates":[5.07807,52.663017]},"properties":{"type":"charge","layer":"passenger","locationId":"70619321-0D26-448E-B261-4F0626D43CC8","name":"TNLP005883 - Nieuwlicht 27, Blokker","address":"27 Nieuwlicht","city":"Blokker","operatorName":"TotalEnergies","maxPowerKw":13,"isMegawatt":false,"status":"CHARGING","source":"ndw"}},{"type":"Feature","geometry":{"type":"Point","coordinates":[5.06268,52.66261]},"properties":{"type":"charge","layer":"passenger","locationId":"731A1BA8-42B1-45A2-9B45-3A0CFD9415B6","name":"PP002593 - De Oude Veiling 23, Zwaag","address":"23 De Oude Veiling","city":"Zwaag","operatorName":"TotalEnergies","maxPowerKw":13,"isMegawatt":false,"status":"AVAILABLE","source":"ndw"}},{"type":"Feature","geometry":{"type":"Point","coordinates":[5.088597,52.671432]},"properties":{"type":"charge","layer":"passenger","locationId":"DA14354E-ED70-4096-B493-ED3B5BED946A","name":"TNLP007616 - Lage Hoek 77, Zwaag","address":"77 Lage Hoek","city":"Zwaag","operatorName":"TotalEnergies","maxPowerKw":13,"isMegawatt":false,"status":"AVAILABLE","source":"ndw"}},{"type":"Feature","geometry":{"type":"Point","coordinates":[5.084401,52.67416]},"properties":{"type":"charge","layer":"passenger","locationId":"9A6F6B86-B480-4624-8E0E-054EA58F37B9","name":"TNLP009104 - Heemraad 71, Zwaag","address":"71 Heemraad","city":"Zwaag","operatorName":"TotalEnergies","maxPowerKw":13,"isMegawatt":false,"status":"AVAILABLE","source":"ndw"}},{"type":"Feature","geometry":{"type":"Point","coordinates":[5.063842,52.640564]},"properties":{"type":"charge","layer":"passenger","locationId":"9AEA1048-1661-4759-8F44-3C02FA460BE7","name":"TNLP007353 - Gerritsland 56, Hoorn","address":"56 Gerritsland","city":"Hoorn","operatorName":"TotalEnergies","maxPowerKw":13,"isMegawatt":false,"status":"AVAILABLE","source":"ndw"}},{"type":"Feature","geometry":{"type":"Point","coordinates":[5.026806,52.63668]},"properties":{"type":"charge","layer":"passenger","locationId":"03F86A73-8508-492E-93E6-7EF0ABEFEDEE","name":"TNLP015220 - Weidemolen 1, Hoorn","address":"1 Weidemolen","city":"Hoorn","operatorName":"TotalEnergies","maxPowerKw":17,"isMegawatt":false,"status":"UNAVAILABLE","source":"ndw"}},{"type":"Feature","geometry":{"type":"Point","coordinates":[5.103944,52.65603]},"properties":{"type":"charge","layer":"passenger","locationId":"FE246FBA-089F-43C7-A4FA-23B97C7694C0","name":"TNLP009608 - Bertus Aafjeshof 158, Hoorn","address":"158 Bertus Aafjeshof","city":"Hoorn","operatorName":"TotalEnergies","maxPowerKw":15,"isMegawatt":false,"status":"AVAILABLE","source":"ndw"}},{"type":"Feature","geometry":{"type":"Point","coordinates":[5.06657,52.649265]},"properties":{"type":"charge","layer":"passenger","locationId":"0547AB22-1F21-4E8D-87FE-9C3C8D83F412","name":"PP005277 - Liornestraat 91, Hoorn","address":"91 Liornestraat","city":"Hoorn","operatorName":"TotalEnergies","maxPowerKw":13,"isMegawatt":false,"status":"CHARGING","source":"ndw"}},{"type":"Feature","geometry":{"type":"Point","coordinates":[5.110138,52.6495]},"properties":{"type":"charge","layer":"passenger","locationId":"B6839B84-9A81-48BE-BF2C-84298D51F475","name":"TNLP005825 - Van Goghhof 20, Hoorn","address":"20 Van Goghhof","city":"Hoorn","operatorName":"TotalEnergies","maxPowerKw":13,"isMegawatt":false,"status":"UNAVAILABLE","source":"ndw"}},{"type":"Feature","geometry":{"type":"Point","coordinates":[5.048338,52.668285]},"properties":{"type":"charge","layer":"passenger","locationId":"78FD9B30-6A80-40AE-ABE2-E5129E1DD68A","name":"TNLP034259 - Weegbree 107, Zwaag","address":"107 Weegbree","city":"Zwaag","operatorName":"TotalEnergies","maxPowerKw":13,"isMegawatt":false,"status":"UNAVAILABLE","source":"ndw"}},{"type":"Feature","geometry":{"type":"Point","coordinates":[5.038269,52.666595]},"properties":{"type":"charge","layer":"passenger","locationId":"E67D33A7-D051-4827-BE87-91FA979FC71D","name":"TNLP009507 - Stijgbeugel 76, Hoorn","address":"76 Stijgbeugel","city":"Hoorn","operatorName":"TotalEnergies","maxPowerKw":13,"isMegawatt":false,"status":"AVAILABLE","source":"ndw"}},{"type":"Feature","geometry":{"type":"Point","coordinates":[5.098544,52.653015]},"properties":{"type":"charge","layer":"passenger","locationId":"3BD14BBD-6CEB-4D38-8219-A295D1AE1508","name":"TNLP008323 - Stan Kentonhof 88, Hoorn","address":"88 Stan Kentonhof","city":"Hoorn","operatorName":"TotalEnergies","maxPowerKw":14,"isMegawatt":false,"status":"AVAILABLE","source":"ndw"}},{"type":"Feature","geometry":{"type":"Point","coordinates":[5.106235,52.650887]},"properties":{"type":"charge","layer":"passenger","locationId":"44BDF97B-7DD7-41CA-B2C1-0644B5D8F690","name":"TNLP008050 - Matissehof 21, Hoorn","address":"21 Matissehof","city":"Hoorn","operatorName":"TotalEnergies","maxPowerKw":13,"isMegawatt":false,"status":"AVAILABLE","source":"ndw"}},{"type":"Feature","geometry":{"type":"Point","coordinates":[5.081925,52.664085]},"properties":{"type":"charge","layer":"passenger","locationId":"7273f2b7f41d7453a82ddb285f05e848","name":"Refter 28","address":"Refter 28","city":"Blokker","operatorName":"Vattenfall InCharge","maxPowerKw":11,"isMegawatt":false,"status":"AVAILABLE","source":"ndw","priceKwh":0.2805}},{"type":"Feature","geometry":{"type":"Point","coordinates":[5.081052,52.680216]},"properties":{"type":"charge","layer":"passenger","locationId":"91106608","name":"50five-S NL 18B07824","address":"Handelskade 5","city":"Obdam","operatorName":"50five","maxPowerKw":17,"isMegawatt":false,"status":"AVAILABLE","source":"ndw"}},{"type":"Feature","geometry":{"type":"Point","coordinates":[5.042505,52.649593]},"properties":{"type":"charge","layer":"passenger","locationId":"FC7EDEDF-BFB1-4539-A25E-0647F6188582","name":"TNLP006310 - Blauwe Berg 2, Hoorn","address":"2 Blauwe Berg","city":"Hoorn","operatorName":"TotalEnergies","maxPowerKw":15,"isMegawatt":false,"status":"AVAILABLE","source":"ndw"}},{"type":"Feature","geometry":{"type":"Point","coordinates":[5.098268,52.65564]},"properties":{"type":"charge","layer":"passenger","locationId":"AA7C64EB-21DD-4F61-ACCA-DAA12BC3C08C","name":"TNLP009450 - Gerrit Achterberghof 8, Hoorn","address":"8 Gerrit Achterberghof","city":"Hoorn","operatorName":"TotalEnergies","maxPowerKw":13,"isMegawatt":false,"status":"AVAILABLE","source":"ndw"}},{"type":"Feature","geometry":{"type":"Point","coordinates":[5.101613,52.648517]},"properties":{"type":"charge","layer":"passenger","locationId":"2abc0750b7418d2be1bac7ae61328fcf","name":"Robert Stolzhof 15","address":"Robert Stolzhof 15","city":"Hoorn","operatorName":"Vattenfall InCharge","maxPowerKw":11,"isMegawatt":false,"status":"AVAILABLE","source":"ndw","priceKwh":0.2805}},{"type":"Feature","geometry":{"type":"Point","coordinates":[5.04745,52.657173]},"properties":{"type":"charge","layer":"passenger","locationId":"1942BC57-E3A7-41C2-B7AB-8E891EFA2453","name":"TNLP008966 - Marskramer 53, Hoorn","address":"53 Marskramer","city":"Hoorn","operatorName":"TotalEnergies","maxPowerKw":14,"isMegawatt":false,"status":"AVAILABLE","source":"ndw"}},{"type":"Feature","geometry":{"type":"Point","coordinates":[5.058062,52.637947]},"properties":{"type":"charge","layer":"passenger","locationId":"B7E61043-B348-4ACC-A893-EF33F27E7D72","name":"TNLP006355 - West 22, Hoorn","address":"22 West","city":"Hoorn","operatorName":"TotalEnergies","maxPowerKw":13,"isMegawatt":false,"status":"AVAILABLE","source":"ndw"}},{"type":"Feature","geometry":{"type":"Point","coordinates":[5.082353,52.66854]},"properties":{"type":"charge","layer":"passenger","locationId":"3FCF8BF6-A37A-42BC-B984-BD0D9016E878","name":"TNLP005920 - Hoogewoud 29, Zwaag","address":"29 Hoogewoud","city":"Zwaag","operatorName":"TotalEnergies","maxPowerKw":13,"isMegawatt":false,"status":"AVAILABLE","source":"ndw"}},{"type":"Feature","geometry":{"type":"Point","coordinates":[5.069394,52.643456]},"properties":{"type":"charge","layer":"passenger","locationId":"25994BF0-105C-43A6-BEC6-2E275864EC6A","name":"TNLP005949 - Pieter Florisstraat 10, Hoorn","address":"10 Pieter Florisstraat","city":"Hoorn","operatorName":"TotalEnergies","maxPowerKw":13,"isMegawatt":false,"status":"AVAILABLE","source":"ndw"}},{"type":"Feature","geometry":{"type":"Point","coordinates":[5.040923,52.666204]},"properties":{"type":"charge","layer":"passenger","locationId":"775b49095d35d90b3f215699113f6e54","name":"Klaproos 62","address":"Klaproos 62","city":"Zwaag","operatorName":"Vattenfall InCharge","maxPowerKw":11,"isMegawatt":false,"status":"AVAILABLE","source":"ndw","priceKwh":0.2805}},{"type":"Feature","geometry":{"type":"Point","coordinates":[5.062464,52.651188]},"properties":{"type":"charge","layer":"passenger","locationId":"8E7470D7-6BDC-492F-A988-F25C5DEA5567","name":"TNLP005996 - Gildeplein 27, Hoorn","address":"27 Gildeplein","city":"Hoorn","operatorName":"TotalEnergies","maxPowerKw":15,"isMegawatt":false,"status":"CHARGING","source":"ndw"}},{"type":"Feature","geometry":{"type":"Point","coordinates":[5.060197,52.662594]},"properties":{"type":"charge","layer":"passenger","locationId":"65BD33D4-77EF-4EC8-A203-2ACA521C9DA3","name":"TNLP015304 - Botter 20, Hoorn","address":"20 Botter","city":"Hoorn","operatorName":"TotalEnergies","maxPowerKw":17,"isMegawatt":false,"status":"UNAVAILABLE","source":"ndw"}},{"type":"Feature","geometry":{"type":"Point","coordinates":[5.067818,52.645588]},"properties":{"type":"charge","layer":"passenger","locationId":"E7871AA2-305C-4F0D-A384-153E57E28FDA","name":"TNLP006457 - Wilhelminalaan 2, Hoorn","address":"2 Wilhelminalaan","city":"Hoorn","operatorName":"TotalEnergies","maxPowerKw":13,"isMegawatt":false,"status":"AVAILABLE","source":"ndw"}},{"type":"Feature","geometry":{"type":"Point","coordinates":[5.063519,52.661605]},"properties":{"type":"charge","layer":"passenger","locationId":"91147500","name":"50five-S NL 09001157","address":"De Oude Veiling 60","city":"Zwaag","operatorName":"50five","maxPowerKw":22,"isMegawatt":false,"status":"UNAVAILABLE","source":"ndw"}},{"type":"Feature","geometry":{"type":"Point","coordinates":[5.09595,52.671646]},"properties":{"type":"charge","layer":"passenger","locationId":"50362D17-6F40-48F7-9F04-2772A0451480","name":"TNLP007213 - Jacob van Deventerstraat 9, Zwaag","address":"9 Jacob van Deventerstraat","city":"Zwaag","operatorName":"TotalEnergies","maxPowerKw":15,"isMegawatt":false,"status":"AVAILABLE","source":"ndw"}},{"type":"Feature","geometry":{"type":"Point","coordinates":[5.089725,52.66929]},"properties":{"type":"charge","layer":"passenger","locationId":"8DEE7CFD-46C6-4137-A7FD-0A6A6E3F671D","name":"TNLP006527 - Hoge Weere 52, Zwaag","address":"52 Hoge Weere","city":"Zwaag","operatorName":"TotalEnergies","maxPowerKw":13,"isMegawatt":false,"status":"AVAILABLE","source":"ndw"}},{"type":"Feature","geometry":{"type":"Point","coordinates":[5.040168,52.643415]},"properties":{"type":"charge","layer":"passenger","locationId":"33583fa0157c823f29d36f54e7394210","name":"Noorderlicht 194","address":"Noorderlicht 194","city":"Hoorn","operatorName":"Vattenfall InCharge","maxPowerKw":11,"isMegawatt":false,"status":"CHARGING","source":"ndw","priceKwh":0.2805}},{"type":"Feature","geometry":{"type":"Point","coordinates":[5.066444,52.657837]},"properties":{"type":"charge","layer":"passenger","locationId":"EEE8EF25-C8C0-4F04-B527-97DFDFBA0421","name":"TNLP005718 - Saffier 34, Hoorn","address":"34 Saffier","city":"Hoorn","operatorName":"TotalEnergies","maxPowerKw":15,"isMegawatt":false,"status":"AVAILABLE","source":"ndw"}},{"type":"Feature","geometry":{"type":"Point","coordinates":[5.09347,52.67057]},"properties":{"type":"charge","layer":"passenger","locationId":"45373501-AB3A-493C-AEE4-C8AC402C9AF0","name":"PP005318 - Jan Doustraat 10, Zwaag","address":"10 Jan Doustraat","city":"Zwaag","operatorName":"TotalEnergies","maxPowerKw":15,"isMegawatt":false,"status":"AVAILABLE","source":"ndw"}},{"type":"Feature","geometry":{"type":"Point","coordinates":[5.05373,52.64367]},"properties":{"type":"charge","layer":"passenger","locationId":"40196b99-a822-4fd2-b12f-deea2d097338","name":"PP001427 - Veemarkt 25, Hoorn","address":"25 Veemarkt","city":"Hoorn","operatorName":"TotalEnergies","maxPowerKw":11,"isMegawatt":false,"status":"UNAVAILABLE","source":"ndw"}},{"type":"Feature","geometry":{"type":"Point","coordinates":[5.089258,52.654507]},"properties":{"type":"charge","layer":"passenger","locationId":"5AA40A55-2F76-4BFA-A966-5B1BA1255BF0","name":"TNLP005827 - Spant 41, Hoorn","address":"41 Spant","city":"Hoorn","operatorName":"TotalEnergies","maxPowerKw":15,"isMegawatt":false,"status":"UNAVAILABLE","source":"ndw"}},{"type":"Feature","geometry":{"type":"Point","coordinates":[5.083365,52.648167]},"properties":{"type":"charge","layer":"passenger","locationId":"E384ED42-DFB3-4ED6-8140-93AAC8F75C38","name":"TNLP006858 - Veranda 26, Hoorn","address":"26 Veranda","city":"Hoorn","operatorName":"TotalEnergies","maxPowerKw":13,"isMegawatt":false,"status":"AVAILABLE","source":"ndw"}},{"type":"Feature","geometry":{"type":"Point","coordinates":[5.090243,52.674988]},"properties":{"type":"charge","layer":"passenger","locationId":"C758A8FF-9F97-44E4-B916-BD6A1C0EDDB2","name":"TNLP015362 - Wierdijk 13, Hoorn","address":"13 Wierdijk","city":"Hoorn","operatorName":"TotalEnergies","maxPowerKw":17,"isMegawatt":false,"status":"UNAVAILABLE","source":"ndw"}},{"type":"Feature","geometry":{"type":"Point","coordinates":[5.082362,52.647276]},"properties":{"type":"charge","layer":"passenger","locationId":"aab6fbdff1d35b80106b863a06fb30f1","name":"Veranda 49","address":"Veranda 49","city":"Hoorn","operatorName":"Vattenfall InCharge","maxPowerKw":11,"isMegawatt":false,"status":"AVAILABLE","source":"ndw","priceKwh":0.2805}},{"type":"Feature","geometry":{"type":"Point","coordinates":[5.098399,52.65878]},"properties":{"type":"charge","layer":"passenger","locationId":"BA78C546-DF28-492A-92A6-24575B10183A","name":"TNLP034495 - Cees Buddingh'hof 131, Hoorn","address":"131 Cees Buddingh'hof","city":"Hoorn","operatorName":"TotalEnergies","maxPowerKw":13,"isMegawatt":false,"status":"UNAVAILABLE","source":"ndw"}},{"type":"Feature","geometry":{"type":"Point","coordinates":[5.083985,52.66121]},"properties":{"type":"charge","layer":"passenger","locationId":"7A65A7B0-DE88-4E46-8456-B7AE638FEBEC","name":"TNLP009060 - Golden Deliciouslaan 7, Blokker","address":"7 Golden Deliciouslaan","city":"Blokker","operatorName":"TotalEnergies","maxPowerKw":15,"isMegawatt":false,"status":"AVAILABLE","source":"ndw"}},{"type":"Feature","geometry":{"type":"Point","coordinates":[5.053416,52.669193]},"properties":{"type":"charge","layer":"passenger","locationId":"87C2FB0A-A1CE-4163-9590-2623B30464B5","name":"TNLP009476 - Kieftentuin 10, Hoorn","address":"10 Kieftentuin","city":"Hoorn","operatorName":"TotalEnergies","maxPowerKw":13,"isMegawatt":false,"status":"AVAILABLE","source":"ndw"}},{"type":"Feature","geometry":{"type":"Point","coordinates":[5.101997,52.649887]},"properties":{"type":"charge","layer":"passenger","locationId":"0D7B4605-9599-4F22-B591-7798FB5D4027","name":"TNLP006139 - Robert Stolzhof 191, Hoorn","address":"191 Robert Stolzhof","city":"Hoorn","operatorName":"TotalEnergies","maxPowerKw":13,"isMegawatt":false,"status":"AVAILABLE","source":"ndw"}},{"type":"Feature","geometry":{"type":"Point","coordinates":[5.050959,52.642357]},"properties":{"type":"charge","layer":"passenger","locationId":"4350AD32-E634-46B5-946D-BA249CF4AB38","name":"TNLP006414 - Lambert Meliszweg 2, Hoorn","address":"2 Lambert Meliszweg","city":"Hoorn","operatorName":"TotalEnergies","maxPowerKw":15,"isMegawatt":false,"status":"CHARGING","source":"ndw"}},{"type":"Feature","geometry":{"type":"Point","coordinates":[5.082794,52.65022]},"properties":{"type":"charge","layer":"passenger","locationId":"A896BEDA-9D37-4E05-B931-549E8C5911A0","name":"TNLP007425 - Messing 15, Hoorn","address":"15 Messing","city":"Hoorn","operatorName":"TotalEnergies","maxPowerKw":15,"isMegawatt":false,"status":"UNAVAILABLE","source":"ndw"}},{"type":"Feature","geometry":{"type":"Point","coordinates":[5.065702,52.642643]},"properties":{"type":"charge","layer":"passenger","locationId":"73F4A466-32B4-4AB6-B013-68B1C232782A","name":"TNLP009801 - Draafsingel 30, Hoorn","address":"30 Draafsingel","city":"Hoorn","operatorName":"TotalEnergies","maxPowerKw":13,"isMegawatt":false,"status":"UNAVAILABLE","source":"ndw"}},{"type":"Feature","geometry":{"type":"Point","coordinates":[5.072362,52.66427]},"properties":{"type":"charge","layer":"passenger","locationId":"F5ABA27F-B110-4D8C-B4F5-48CD2735BF4F","name":"TNLP006008 - Zuiderstraat 43, Zwaag","address":"43 Zuiderstraat","city":"Zwaag","operatorName":"TotalEnergies","maxPowerKw":13,"isMegawatt":false,"status":"CHARGING","source":"ndw"}},{"type":"Feature","geometry":{"type":"Point","coordinates":[5.069438,52.63911]},"properties":{"type":"charge","layer":"passenger","locationId":"8B1EEFB0-DAC2-4341-9A83-6D97CEBF2D4E","name":"TNLP007363 - ABC 1, Hoorn","address":"1 ABC","city":"Hoorn","operatorName":"TotalEnergies","maxPowerKw":13,"isMegawatt":false,"status":"CHARGING","source":"ndw"}},{"type":"Feature","geometry":{"type":"Point","coordinates":[5.050364,52.653468]},"properties":{"type":"charge","layer":"passenger","locationId":"8a8ae037ceec225cd130ce49a9971d7c","name":"Lijndraaier 164","address":"Lijndraaier 164","city":"Hoorn","operatorName":"Vattenfall InCharge","maxPowerKw":11,"isMegawatt":false,"status":"AVAILABLE","source":"ndw","priceKwh":0.2805}},{"type":"Feature","geometry":{"type":"Point","coordinates":[5.073987,52.666377]},"properties":{"type":"charge","layer":"passenger","locationId":"672886314906b20758dfa3965c682ef7","name":"Fruitlaan 29","address":"Fruitlaan 29","city":"Zwaag","operatorName":"Vattenfall InCharge","maxPowerKw":11,"isMegawatt":false,"status":"AVAILABLE","source":"ndw","priceKwh":0.2805}},{"type":"Feature","geometry":{"type":"Point","coordinates":[5.049922,52.668617]},"properties":{"type":"charge","layer":"passenger","locationId":"23945A2F-6896-4061-90E0-9F664C3D8155","name":"TNLP007830 - Weegbree 89, Zwaag","address":"89 Weegbree","city":"Zwaag","operatorName":"TotalEnergies","maxPowerKw":13,"isMegawatt":false,"status":"UNAVAILABLE","source":"ndw"}},{"type":"Feature","geometry":{"type":"Point","coordinates":[5.111194,52.65078]},"properties":{"type":"charge","layer":"passenger","locationId":"7C6FFE6A-11C0-44DF-9C1E-763AEA457925","name":"TNLP008058 - Breitnerhof 51, Hoorn","address":"51 Breitnerhof","city":"Hoorn","operatorName":"TotalEnergies","maxPowerKw":13,"isMegawatt":false,"status":"AVAILABLE","source":"ndw"}},{"type":"Feature","geometry":{"type":"Point","coordinates":[5.051938,52.65565]},"properties":{"type":"charge","layer":"passenger","locationId":"D24B3832-BC23-4C94-A15C-5DD0FF7149EC","name":"TNLP005979 - Scheerder 3, Hoorn","address":"3 Scheerder","city":"Hoorn","operatorName":"TotalEnergies","maxPowerKw":13,"isMegawatt":false,"status":"AVAILABLE","source":"ndw"}},{"type":"Feature","geometry":{"type":"Point","coordinates":[5.08829,52.6708]},"properties":{"type":"charge","layer":"passenger","locationId":"F41720DD-E02C-4C6F-93BC-0D7A41881501","name":"PP005469 - Achterkogge 7, Zwaag","address":"7 Achterkogge","city":"Zwaag","operatorName":"TotalEnergies","maxPowerKw":13,"isMegawatt":false,"status":"AVAILABLE","source":"ndw"}},{"type":"Feature","geometry":{"type":"Point","coordinates":[5.05993,52.64336]},"properties":{"type":"charge","layer":"passenger","locationId":"395bc94c-4532-40f2-83aa-73628c0ef276","name":"TNLP007882 - Achter de Vest 2, Hoorn","address":"2 Achter de Vest","city":"Hoorn","operatorName":"TotalEnergies","maxPowerKw":17,"isMegawatt":false,"status":"AVAILABLE","source":"ndw"}},{"type":"Feature","geometry":{"type":"Point","coordinates":[5.087359,52.65498]},"properties":{"type":"charge","layer":"passenger","locationId":"d3e98711-c62b-481b-87cd-6b456e23db9f","name":"TNLP006770 - Kievit 12, Hoorn","address":"12 Kievit","city":"Hoorn","operatorName":"TotalEnergies","maxPowerKw":15,"isMegawatt":false,"status":"AVAILABLE","source":"ndw"}},{"type":"Feature","geometry":{"type":"Point","coordinates":[5.093074,52.64665]},"properties":{"type":"charge","layer":"passenger","locationId":"D6FC6106-A646-4DFE-ACC9-43DA83B744D8","name":"TNLP008049 - Reaal 99G, Hoorn","address":"99G Reaal","city":"Hoorn","operatorName":"TotalEnergies","maxPowerKw":15,"isMegawatt":false,"status":"AVAILABLE","source":"ndw"}},{"type":"Feature","geometry":{"type":"Point","coordinates":[5.09187,52.649248]},"properties":{"type":"charge","layer":"passenger","locationId":"cba100d4c3e076d5e8c78bc17e41b955","name":"Dubloen 145","address":"Dubloen 145","city":"Hoorn","operatorName":"Vattenfall InCharge","maxPowerKw":11,"isMegawatt":false,"status":"AVAILABLE","source":"ndw","priceKwh":0.2805}},{"type":"Feature","geometry":{"type":"Point","coordinates":[5.09939,52.65972]},"properties":{"type":"charge","layer":"passenger","locationId":"6428CED8-6736-47F9-A0CF-AE522C39F4CD","name":"PP002590 - Gerard den Brabanderhof 116, Hoorn","address":"116 Gerard den Brabanderhof","city":"Hoorn","operatorName":"TotalEnergies","maxPowerKw":13,"isMegawatt":false,"status":"AVAILABLE","source":"ndw"}},{"type":"Feature","geometry":{"type":"Point","coordinates":[5.107325,52.649841]},"properties":{"type":"charge","layer":"passenger","locationId":"95e76b2c8aa860a1470c04d20fc6f2b0","name":"Matissehof  165","address":"Matissehof  165","city":"Hoorn","operatorName":"Vattenfall InCharge","maxPowerKw":11,"isMegawatt":false,"status":"AVAILABLE","source":"ndw","priceKwh":0.2805}},{"type":"Feature","geometry":{"type":"Point","coordinates":[5.055971,52.655365]},"properties":{"type":"charge","layer":"passenger","locationId":"2337BE86-CF6B-4ABB-8D59-A0D451A373A4","name":"TNLP006167 - Karos 36, Hoorn","address":"36 Karos","city":"Hoorn","operatorName":"TotalEnergies","maxPowerKw":15,"isMegawatt":false,"status":"UNAVAILABLE","source":"ndw"}},{"type":"Feature","geometry":{"type":"Point","coordinates":[5.052107,52.642643]},"properties":{"type":"charge","layer":"passenger","locationId":"5A1B7F8B-A829-4FE7-93B3-F03A7BF72D4F","name":"TNLP009064 - Vale hen 8, Hoorn","address":"8 Vale hen","city":"Hoorn","operatorName":"TotalEnergies","maxPowerKw":15,"isMegawatt":false,"status":"UNAVAILABLE","source":"ndw"}},{"type":"Feature","geometry":{"type":"Point","coordinates":[5.084528,52.672208]},"properties":{"type":"charge","layer":"passenger","locationId":"5533ddc0-a5f1-4d4a-96c8-1ed6551d9e0e","name":"Schouwmeester 80","address":"Schouwmeester 80","city":"Zwaag","operatorName":"Vattenfall InCharge","maxPowerKw":22,"isMegawatt":false,"status":"AVAILABLE","source":"ndw","priceKwh":0.45}},{"type":"Feature","geometry":{"type":"Point","coordinates":[5.036195,52.64118]},"properties":{"type":"charge","layer":"passenger","locationId":"2fc8b26a765fba5916ddd32573b797a4","name":"Boogschutter 2","address":"Boogschutter 2","city":"Hoorn","operatorName":"Vattenfall InCharge","maxPowerKw":11,"isMegawatt":false,"status":"AVAILABLE","source":"ndw","priceKwh":0.2805}},{"type":"Feature","geometry":{"type":"Point","coordinates":[5.081305,52.652625]},"properties":{"type":"charge","layer":"passenger","locationId":"af5a5ba9d5edac3c531e0c7ab1164fdd","name":"Ekster 27","address":"Ekster 27","city":"Hoorn","operatorName":"Vattenfall InCharge","maxPowerKw":11,"isMegawatt":false,"status":"AVAILABLE","source":"ndw","priceKwh":0.2805}},{"type":"Feature","geometry":{"type":"MultiPolygon","coordinates":[[[[5.086729731571024,52.68436548296817],[5.08938574217833,52.68056280100737],[5.091751583476005,52.67892371219081],[5.096104415937745,52.67488897816504],[5.0964837445641535,52.67433035088683],[5.0988174792778675,52.67126182817852],[5.096668801193146,52.670345981422166],[5.096933226682678,52.670107615479466],[5.096206974466625,52.66981363096835],[5.0962652888185325,52.669722833796854],[5.09874877032586,52.66743633879652],[5.100887921228645,52.6658199167446],[5.101418910051386,52.66603184744811],[5.102782833475216,52.664772569256186],[5.103098973966122,52.6648959425213],[5.103410665132382,52.66456750770737],[5.104051895723283,52.66395544414866],[5.104861058023319,52.664295780831424],[5.106270469176403,52.66300445653871],[5.106553195554269,52.663149825708224],[5.107633807011073,52.662157412151096],[5.10723204070408,52.66199564580914],[5.108324253287692,52.66079574281277],[5.108039096427103,52.660692757698754],[5.108230631752388,52.66040155928344],[5.10800305401053,52.66026944711218],[5.108071480045633,52.65994850088449],[5.1075902841658705,52.65971998902358],[5.111338720094011,52.65722188673205],[5.110684451979001,52.65670538864338],[5.114758037801182,52.653782829446264],[5.1161147090055135,52.65431154901307],[5.119413074866138,52.65116312579681],[5.1164402064962236,52.65062285962236],[5.117077395173096,52.64998570853967],[5.105191188829083,52.64779058790854],[5.101963081769099,52.64702842302741],[5.103603991008606,52.6417365369922],[5.106044080822065,52.63558977591778],[5.1007532284218655,52.63473708012531],[5.093199387546829,52.63989299753013],[5.092425100435625,52.640787737048925],[5.089491860301949,52.64016675160371],[5.088656211723819,52.64251077362939],[5.08344719120559,52.641586236247996],[5.0842849644201875,52.64086408418655],[5.0882887472379075,52.639751207108844],[5.088354350528253,52.639429021773175],[5.0862771114616825,52.640075741940585],[5.0859281593248316,52.63981360853085],[5.088419492055675,52.638344109815456],[5.087754759756218,52.637815770399456],[5.08569485205555,52.63966083750413],[5.084514220756466,52.64049228341624],[5.0816653718830205,52.641290377811394],[5.0814112726124465,52.641544436234106],[5.079475422213203,52.64063952644945],[5.07850365940571,52.641482875130606],[5.07688629010082,52.641327922954936],[5.075238683191585,52.64047457361919],[5.075384592878526,52.63954128115093],[5.068073553030993,52.634838046736505],[5.064400790206173,52.63698384150898],[5.0670270388985275,52.63728221323817],[5.066950665268902,52.63840222684492],[5.065671978107056,52.63835088114742],[5.063764210285412,52.63739396496828],[5.063562567731994,52.637639161507906],[5.065683027362204,52.63904232327533],[5.0684782478712505,52.639254898633574],[5.068311899033898,52.64020463549408],[5.066985543201248,52.640055018665315],[5.066463403824774,52.640768821516694],[5.0662982070370095,52.640721695860655],[5.066216613125961,52.640601796984356],[5.066421971376141,52.64060937909964],[5.066545217302553,52.64037936257275],[5.066235762677795,52.640308214121184],[5.066138014452699,52.639265239367454],[5.064678823128452,52.63903558433591],[5.062978025171732,52.63788824343525],[5.0629952730982035,52.63722043839437],[5.063444859052371,52.63750637207175],[5.06357112319209,52.63731086983581],[5.063150996643171,52.636962379565325],[5.062973241281657,52.63348751808967],[5.061804512905267,52.633587598957924],[5.061802299254398,52.63648384631465],[5.058238461060297,52.636846588003685],[5.057777185130883,52.63459383341533],[5.060464513910238,52.633840321279116],[5.060436853517057,52.63309960664521],[5.055543451232541,52.63395082620877],[5.0555433586549245,52.635834157037614],[5.057209144925846,52.637505989077326],[5.056939454909242,52.63800904862539],[5.052215414389358,52.64142227138543],[5.045660853171847,52.641637004154646],[5.039961546812268,52.63803963964146],[5.038995386243397,52.63661418498007],[5.034865865316841,52.63645495894421],[5.029789789947019,52.635537312815025],[5.027360924532297,52.63403241849929],[5.023106716850809,52.632788321943174],[5.018902294111895,52.62991912553804],[5.016860083133598,52.63027829196087],[5.016492422899573,52.63085459747154],[5.013535177285101,52.63043164023432],[5.01487323698512,52.634995930721495],[5.018290682065158,52.638263663858766],[5.0263864501898174,52.6417411890589],[5.027031700778801,52.64198919780456],[5.0299203050520385,52.643509296454575],[5.0340707806825975,52.64574623396833],[5.037138147017875,52.64765794417531],[5.038142251097065,52.64896120758846],[5.0376772231263125,52.6502298088824],[5.038928412091418,52.65614064709544],[5.036582839517534,52.66206305996458],[5.034761683842946,52.66655647495979],[5.035539054965289,52.67045307611001],[5.038305575659712,52.67080621328628],[5.045458405777867,52.67174278588529],[5.048881957374843,52.67203030054475],[5.051538554955818,52.672208063657],[5.063454644855399,52.67313344213575],[5.062493427822124,52.6748815811303],[5.062359152136423,52.67507331500446],[5.062138633156509,52.67525113245007],[5.063345520203977,52.67579723545716],[5.0622910272689845,52.67670768604585],[5.082605987787954,52.68400321472371],[5.083001660422426,52.683200842981805],[5.086729731571024,52.68436548296817]]]]},"properties":{"type":"boundary","gemeente":"Hoorn","code":"GM0405"}}]}