{"type":"FeatureCollection","metadata":{"gemeente":"Houten","slug":"houten","code":"GM0321","generated_at":"2026-08-08T12:05:52.020Z","total_passenger":289,"total_freight":0,"bounds":[5.119562825567581,51.959432516805045,5.271407094619932,52.056757219321035],"operators":["50five","DAEN Mobility","E-Flux by Road","Eneco","Laadnet","Laadpaal24","Lanova Laadpalen","NXT50Five","Pluq","Shell Recharge","Spirii","Tesla","TotalEnergies","Ubitricity","Valk Energy","Vattenfall","Vattenfall InCharge"]},"features":[{"type":"Feature","geometry":{"type":"Point","coordinates":[5.177421,52.028087]},"properties":{"type":"charge","layer":"passenger","locationId":"985109","name":"Laadpaal24 Wooden B.V.","address":"Kokermolen 24","city":"Houten","operatorName":"Laadpaal24","maxPowerKw":11,"isMegawatt":false,"status":"AVAILABLE","source":"ndw"}},{"type":"Feature","geometry":{"type":"Point","coordinates":[5.177679,52.043373]},"properties":{"type":"charge","layer":"passenger","locationId":"CD969026-96B0-44A1-B2F8-AB14FCC480E2","name":"TNLP005755 - Strekelveld 7, Houten","address":"7 Strekelveld","city":"Houten","operatorName":"TotalEnergies","maxPowerKw":11,"isMegawatt":false,"status":"UNAVAILABLE","source":"ndw"}},{"type":"Feature","geometry":{"type":"Point","coordinates":[5.17967,52.023594]},"properties":{"type":"charge","layer":"passenger","locationId":"62b536cf01192f9d8721464342329e43","name":"Hagepreekland 28","address":"Hagepreekland 28","city":"Houten","operatorName":"Vattenfall InCharge","maxPowerKw":11,"isMegawatt":false,"status":"AVAILABLE","source":"ndw","priceKwh":0.2805}},{"type":"Feature","geometry":{"type":"Point","coordinates":[5.1718477,52.0143745]},"properties":{"type":"charge","layer":"passenger","locationId":"2489","name":"Shell Recharge NL Boogmuur 53","address":"Boogmuur 53","city":"Houten","operatorName":"Ubitricity","maxPowerKw":22,"isMegawatt":false,"status":"AVAILABLE","source":"ndw","priceKwh":0.267}},{"type":"Feature","geometry":{"type":"Point","coordinates":[5.19451,52.01532]},"properties":{"type":"charge","layer":"passenger","locationId":"b2bded3325add5436e36e35f70d717f9","name":"Zilvermos 4","address":"Zilvermos 4","city":"Houten","operatorName":"Vattenfall InCharge","maxPowerKw":11,"isMegawatt":false,"status":"AVAILABLE","source":"ndw","priceKwh":0.2805}},{"type":"Feature","geometry":{"type":"Point","coordinates":[5.176498,52.03937]},"properties":{"type":"charge","layer":"passenger","locationId":"1EF04462-513C-4052-8FDF-C715A96D1AF5","name":"TNLP015391 - Eggeveld 49, Houten","address":"49 Eggeveld","city":"Houten","operatorName":"TotalEnergies","maxPowerKw":17,"isMegawatt":false,"status":"AVAILABLE","source":"ndw"}},{"type":"Feature","geometry":{"type":"Point","coordinates":[5.1655251,52.0359203]},"properties":{"type":"charge","layer":"passenger","locationId":"785","name":"Shell Recharge NL Weerwolfseind 20","address":"Weerwolfseind 20","city":"Houten","operatorName":"Ubitricity","maxPowerKw":22,"isMegawatt":false,"status":"CHARGING","source":"ndw","priceKwh":0.267}},{"type":"Feature","geometry":{"type":"Point","coordinates":[5.176382,52.040993]},"properties":{"type":"charge","layer":"passenger","locationId":"871CE3B8-C9DC-4CBB-892E-29330ECFB9E0","name":"TNLP034312 - Jukveld 21, Houten","address":"21 Jukveld","city":"Houten","operatorName":"TotalEnergies","maxPowerKw":13,"isMegawatt":false,"status":"UNAVAILABLE","source":"ndw"}},{"type":"Feature","geometry":{"type":"Point","coordinates":[5.17077,52.0335]},"properties":{"type":"charge","layer":"passenger","locationId":"94AA9AC3-4FBA-4205-8001-4CA1C338056D","name":"PP001132 - Kruitmolen 1, Houten","address":"1 Kruitmolen","city":"Houten","operatorName":"TotalEnergies","maxPowerKw":11,"isMegawatt":false,"status":"AVAILABLE","source":"ndw"}},{"type":"Feature","geometry":{"type":"Point","coordinates":[5.164931,52.02397]},"properties":{"type":"charge","layer":"passenger","locationId":"A5E8A99E-A8F1-4871-93BC-590177B6161E","name":"TNLP009036 - Dorpsstraat 68, Houten","address":"68 Dorpsstraat","city":"Houten","operatorName":"TotalEnergies","maxPowerKw":17,"isMegawatt":false,"status":"AVAILABLE","source":"ndw"}},{"type":"Feature","geometry":{"type":"Point","coordinates":[5.16059,52.02695]},"properties":{"type":"charge","layer":"passenger","locationId":"9281F353-B94F-4763-9D41-5D5236B00DE8","name":"TNLP015375 - Prins Bernhardweg 5, Houten","address":"5 Prins Bernhardweg","city":"Houten","operatorName":"TotalEnergies","maxPowerKw":17,"isMegawatt":false,"status":"AVAILABLE","source":"ndw"}},{"type":"Feature","geometry":{"type":"Point","coordinates":[5.181727,52.01448]},"properties":{"type":"charge","layer":"passenger","locationId":"5405","name":"Shell Recharge NL9377 MRA-e Houten Raaigras","address":"Raaigras 99","city":"Utrecht","operatorName":"Shell Recharge","maxPowerKw":50,"isMegawatt":false,"status":"AVAILABLE","source":"ndw","priceKwh":0.543}},{"type":"Feature","geometry":{"type":"Point","coordinates":[5.176336,52.02064]},"properties":{"type":"charge","layer":"passenger","locationId":"0170D1CA-AA10-4DB1-8A29-D8C6BD4BBF42","name":"Eneco eMobility CSU B.V. - Houten","address":"De Bouw 79","city":"Houten","operatorName":"Eneco","maxPowerKw":22,"isMegawatt":false,"status":"AVAILABLE","source":"ndw","priceKwh":0.32}},{"type":"Feature","geometry":{"type":"Point","coordinates":[5.141505,52.029115]},"properties":{"type":"charge","layer":"passenger","locationId":"03853C25-2E3F-4BD2-83BC-62A116D106C2","name":"Eneco eMobility VDM Cars Utrecht B.V. - Waterveste - Houten","address":"Waterveste 2","city":"Houten","operatorName":"Eneco","maxPowerKw":22,"isMegawatt":false,"status":"UNAVAILABLE","source":"ndw","priceKwh":0.58}},{"type":"Feature","geometry":{"type":"Point","coordinates":[5.185271,51.996449]},"properties":{"type":"charge","layer":"passenger","locationId":"1612252","name":"Laadnet Charon van Wijngaarden","address":"De Groes 42","city":"Schalkwijk","operatorName":"Laadnet","maxPowerKw":22,"isMegawatt":false,"status":"AVAILABLE","source":"ndw"}},{"type":"Feature","geometry":{"type":"Point","coordinates":[5.184468,52.022486]},"properties":{"type":"charge","layer":"passenger","locationId":"4306376","name":"Laadnet De Oude Sluis beheer BV","address":"Rozentuin 18","city":"Houten","operatorName":"Laadnet","maxPowerKw":22,"isMegawatt":false,"status":"AVAILABLE","source":"ndw"}},{"type":"Feature","geometry":{"type":"Point","coordinates":[5.141008,52.030625]},"properties":{"type":"charge","layer":"passenger","locationId":"61043525","name":"Laadpaal24 Protinus IT B.V.","address":"Waterveste 1","city":"Houten","operatorName":"Laadpaal24","maxPowerKw":11,"isMegawatt":false,"status":"AVAILABLE","source":"ndw"}},{"type":"Feature","geometry":{"type":"Point","coordinates":[5.172201,52.021475]},"properties":{"type":"charge","layer":"passenger","locationId":"6480e0b5f3d35c001cb0454a","name":"HEVI station","address":"Nieuwe Schaft 1G","city":"Houten","operatorName":"E-Flux by Road","maxPowerKw":11,"isMegawatt":false,"status":"AVAILABLE","source":"ndw","priceKwh":0.37}},{"type":"Feature","geometry":{"type":"Point","coordinates":[5.18595,52.01446]},"properties":{"type":"charge","layer":"passenger","locationId":"1532","name":"Shell Recharge NL Kamgras 50","address":"Kamgras 50","city":"Houten","operatorName":"Ubitricity","maxPowerKw":11,"isMegawatt":false,"status":"AVAILABLE","source":"ndw","priceKwh":0.392}},{"type":"Feature","geometry":{"type":"Point","coordinates":[5.17957,52.030928]},"properties":{"type":"charge","layer":"passenger","locationId":"91201181","name":"50five-S NL 18B02430","address":"Handboog 6","city":"Houten","operatorName":"50five","maxPowerKw":11,"isMegawatt":false,"status":"UNAVAILABLE","source":"ndw"}},{"type":"Feature","geometry":{"type":"Point","coordinates":[5.171751,52.030086]},"properties":{"type":"charge","layer":"passenger","locationId":"10fe4dc86dbf680c801a8875d9baae9b","name":"Standerdmolen 10","address":"Standerdmolen 10","city":"Houten","operatorName":"Vattenfall InCharge","maxPowerKw":11,"isMegawatt":false,"status":"AVAILABLE","source":"ndw","priceKwh":0.2805}},{"type":"Feature","geometry":{"type":"Point","coordinates":[5.140306,52.025043]},"properties":{"type":"charge","layer":"passenger","locationId":"32424","name":"Circle K Houten inz De Staart","address":"De Staart 1","city":"Houten","operatorName":"Spirii","maxPowerKw":175,"isMegawatt":false,"status":"AVAILABLE","source":"ndw","priceKwh":0.65}},{"type":"Feature","geometry":{"type":"Point","coordinates":[5.18961,52.01305]},"properties":{"type":"charge","layer":"passenger","locationId":"1594f998-f991-4147-b4f8-8c9b70c026a3","name":"PP001714 - Puntmos 46, Houten","address":"46 Puntmos","city":"Houten","operatorName":"TotalEnergies","maxPowerKw":11,"isMegawatt":false,"status":"AVAILABLE","source":"ndw"}},{"type":"Feature","geometry":{"type":"Point","coordinates":[5.1552,52.027625]},"properties":{"type":"charge","layer":"passenger","locationId":"d7f0efb7c28c8c61b53c74117043b842","name":"Eburonenpoort 47","address":"Eburonenpoort 47","city":"Houten","operatorName":"Vattenfall InCharge","maxPowerKw":11,"isMegawatt":false,"status":"AVAILABLE","source":"ndw","priceKwh":0.2805}},{"type":"Feature","geometry":{"type":"Point","coordinates":[5.17464,52.0275]},"properties":{"type":"charge","layer":"passenger","locationId":"1599","name":"Shell Recharge NL Papiermolen 3","address":"Papiermolen 3","city":"Houten","operatorName":"Ubitricity","maxPowerKw":11,"isMegawatt":false,"status":"AVAILABLE","source":"ndw","priceKwh":0.392}},{"type":"Feature","geometry":{"type":"Point","coordinates":[5.187603,52.012375]},"properties":{"type":"charge","layer":"passenger","locationId":"5AA7586A-DB73-449B-A5B4-C32B551E8A4D","name":"PP005635 - Blauwgras 52, Houten","address":"52 Blauwgras","city":"Houten","operatorName":"TotalEnergies","maxPowerKw":11,"isMegawatt":false,"status":"UNAVAILABLE","source":"ndw"}},{"type":"Feature","geometry":{"type":"Point","coordinates":[5.182142,52.041]},"properties":{"type":"charge","layer":"passenger","locationId":"F46C7E55-7FCA-42BA-A07A-9986090D32D3","name":"TNLP006905 - Snoeksloot 37, Houten","address":"37 Snoeksloot","city":"Houten","operatorName":"TotalEnergies","maxPowerKw":17,"isMegawatt":false,"status":"CHARGING","source":"ndw"}},{"type":"Feature","geometry":{"type":"Point","coordinates":[5.17939,52.04097]},"properties":{"type":"charge","layer":"passenger","locationId":"575","name":"Shell Recharge NL Aalsloot 1","address":"Aalsloot 1","city":"Houten","operatorName":"Ubitricity","maxPowerKw":11,"isMegawatt":false,"status":"AVAILABLE","source":"ndw","priceKwh":0.392}},{"type":"Feature","geometry":{"type":"Point","coordinates":[5.138424,52.026183]},"properties":{"type":"charge","layer":"passenger","locationId":"b0b24013-ba31-4041-8033-85ac6db4f427","name":"Houten, Netherlands","address":" 19, Hoofdveste","city":"Houten","operatorName":"Tesla","maxPowerKw":250,"isMegawatt":false,"status":"AVAILABLE","source":"ndw","priceKwh":0.53}},{"type":"Feature","geometry":{"type":"Point","coordinates":[5.1723877,52.0194834]},"properties":{"type":"charge","layer":"passenger","locationId":"942","name":"Shell Recharge NL Landbouw 43","address":"Landbouw 43","city":"Houten","operatorName":"Ubitricity","maxPowerKw":22,"isMegawatt":false,"status":"AVAILABLE","source":"ndw","priceKwh":0.267}},{"type":"Feature","geometry":{"type":"Point","coordinates":[5.143808,52.042915]},"properties":{"type":"charge","layer":"passenger","locationId":"89159088","name":"50five Exploitatie 89159088","address":"Elzenkade 1","city":"Houten","operatorName":"50five","maxPowerKw":11,"isMegawatt":false,"status":"AVAILABLE","source":"ndw"}},{"type":"Feature","geometry":{"type":"Point","coordinates":[5.19691,52.02139]},"properties":{"type":"charge","layer":"passenger","locationId":"56deaae3-8dce-42a5-99ef-0aab37a6e898","name":"PP002147 - Gletsjermeer 53, Houten","address":"53 Gletsjermeer","city":"Houten","operatorName":"TotalEnergies","maxPowerKw":11,"isMegawatt":false,"status":"AVAILABLE","source":"ndw"}},{"type":"Feature","geometry":{"type":"Point","coordinates":[5.188716,51.992225]},"properties":{"type":"charge","layer":"passenger","locationId":"669fc70d1971cc001c1a26f7","name":"ASS Beheer B.V.","address":"Lagedijk  32","city":"Schalkwijk","operatorName":"E-Flux by Road","maxPowerKw":22,"isMegawatt":false,"status":"CHARGING","source":"ndw","priceKwh":0.43}},{"type":"Feature","geometry":{"type":"Point","coordinates":[5.1889848,52.0158025]},"properties":{"type":"charge","layer":"passenger","locationId":"1018","name":"Shell Recharge NL Bronmos 19","address":"Bronmos 19","city":"Houten","operatorName":"Ubitricity","maxPowerKw":22,"isMegawatt":false,"status":"AVAILABLE","source":"ndw","priceKwh":0.267}},{"type":"Feature","geometry":{"type":"Point","coordinates":[5.162959,52.037483]},"properties":{"type":"charge","layer":"passenger","locationId":"854F0FF5-A0F7-41D1-A6C8-6CD8B4E6A183","name":"TNLP007870 - Graanhoeve 11, Houten","address":"11 Graanhoeve","city":"Houten","operatorName":"TotalEnergies","maxPowerKw":17,"isMegawatt":false,"status":"AVAILABLE","source":"ndw"}},{"type":"Feature","geometry":{"type":"Point","coordinates":[5.162001,52.02973]},"properties":{"type":"charge","layer":"passenger","locationId":"319B365F-F702-44BD-B8A1-8F0E5900C87C","name":"TNLP034170 - Lobbendijk 39, Houten","address":"39 Lobbendijk","city":"Houten","operatorName":"TotalEnergies","maxPowerKw":13,"isMegawatt":false,"status":"AVAILABLE","source":"ndw"}},{"type":"Feature","geometry":{"type":"Point","coordinates":[5.152789,52.029785]},"properties":{"type":"charge","layer":"passenger","locationId":"73FEEAC0-3050-4CAF-89FD-153981292F5F","name":"TNLP007823 - Florijnslag 11, Houten","address":"11 Florijnslag","city":"Houten","operatorName":"TotalEnergies","maxPowerKw":17,"isMegawatt":false,"status":"UNAVAILABLE","source":"ndw"}},{"type":"Feature","geometry":{"type":"Point","coordinates":[5.162173,52.035793]},"properties":{"type":"charge","layer":"passenger","locationId":"339E4A75-1F36-4639-A42A-4F2390ED37B0","name":"TNLP009709 - Kaashoeve 23, Houten","address":"23 Kaashoeve","city":"Houten","operatorName":"TotalEnergies","maxPowerKw":17,"isMegawatt":false,"status":"AVAILABLE","source":"ndw"}},{"type":"Feature","geometry":{"type":"Point","coordinates":[5.177722,52.038418]},"properties":{"type":"charge","layer":"passenger","locationId":"3F48DFA5-0DFE-4B65-BD48-DF204268876E","name":"TNLP006887 - Snoeksloot 144, Houten","address":"144 Snoeksloot","city":"Houten","operatorName":"TotalEnergies","maxPowerKw":17,"isMegawatt":false,"status":"AVAILABLE","source":"ndw"}},{"type":"Feature","geometry":{"type":"Point","coordinates":[5.170303,52.031834]},"properties":{"type":"charge","layer":"passenger","locationId":"68affcae2b2fd4e3ab6a1738","name":"De Molen 82  5","address":"De Molen 82","city":"Houten","operatorName":"E-Flux by Road","maxPowerKw":22,"isMegawatt":false,"status":"AVAILABLE","source":"ndw","priceKwh":0.48}},{"type":"Feature","geometry":{"type":"Point","coordinates":[5.15617,52.02851]},"properties":{"type":"charge","layer":"passenger","locationId":"1501","name":"Shell Recharge NL Friezenpoort 11","address":"Friezenpoort 11","city":"Houten","operatorName":"Ubitricity","maxPowerKw":11,"isMegawatt":false,"status":"AVAILABLE","source":"ndw","priceKwh":0.392}},{"type":"Feature","geometry":{"type":"Point","coordinates":[5.175305,52.019352]},"properties":{"type":"charge","layer":"passenger","locationId":"65ADBFB2-E424-4921-8F49-34B9C6FF5377","name":"TNLP007922 - Wegenbouw 88, Houten","address":"88 Wegenbouw","city":"Houten","operatorName":"TotalEnergies","maxPowerKw":17,"isMegawatt":false,"status":"AVAILABLE","source":"ndw"}},{"type":"Feature","geometry":{"type":"Point","coordinates":[5.18306,52.01189]},"properties":{"type":"charge","layer":"passenger","locationId":"94EBF3D5-086F-4B7B-ABA1-F8301DF6E0EB","name":"PP002528 - Raaigras 2, Houten","address":"2 Raaigras","city":"Houten","operatorName":"TotalEnergies","maxPowerKw":13,"isMegawatt":false,"status":"CHARGING","source":"ndw"}},{"type":"Feature","geometry":{"type":"Point","coordinates":[5.123579,52.03039]},"properties":{"type":"charge","layer":"passenger","locationId":"6669f0386ed345001c866254","name":"Brasserie de Utrechtse","address":"Heemsteedseweg 32a","city":"Houten","operatorName":"E-Flux by Road","maxPowerKw":22,"isMegawatt":false,"status":"AVAILABLE","source":"ndw","priceKwh":0.33}},{"type":"Feature","geometry":{"type":"Point","coordinates":[5.1446401,52.0347404]},"properties":{"type":"charge","layer":"passenger","locationId":"2567","name":"Shell Recharge NL Hoekcamp 56","address":"Hoekcamp 56","city":"Houten","operatorName":"Ubitricity","maxPowerKw":22,"isMegawatt":false,"status":"AVAILABLE","source":"ndw","priceKwh":0.267}},{"type":"Feature","geometry":{"type":"Point","coordinates":[5.17443,52.02171]},"properties":{"type":"charge","layer":"passenger","locationId":"679","name":"Shell Recharge NL Steigerbouw 2","address":"Steigerbouw 2","city":"Houten","operatorName":"Ubitricity","maxPowerKw":11,"isMegawatt":false,"status":"AVAILABLE","source":"ndw","priceKwh":0.392}},{"type":"Feature","geometry":{"type":"Point","coordinates":[5.13817,52.02766]},"properties":{"type":"charge","layer":"passenger","locationId":"968A3EA0-0B6F-4919-A2D6-062D539A1CF4","name":"Eneco eMobility Broekhuis Volvo Houten","address":"Linieveste 10","city":"Houten","operatorName":"Eneco","maxPowerKw":22,"isMegawatt":false,"status":"AVAILABLE","source":"ndw","priceKwh":0.45}},{"type":"Feature","geometry":{"type":"Point","coordinates":[5.1904023,52.0158535]},"properties":{"type":"charge","layer":"passenger","locationId":"1382","name":"Shell Recharge NL Varenmos 31","address":"Varenmos 31","city":"Houten","operatorName":"Ubitricity","maxPowerKw":22,"isMegawatt":false,"status":"AVAILABLE","source":"ndw","priceKwh":0.267}},{"type":"Feature","geometry":{"type":"Point","coordinates":[5.1672,52.03018]},"properties":{"type":"charge","layer":"passenger","locationId":"F7A31E89-79B2-4F62-992A-095CEC50CF44","name":"TNLP005730 - Koningin Emmaweg 60, Houten","address":"60 Koningin Emmaweg","city":"Houten","operatorName":"TotalEnergies","maxPowerKw":17,"isMegawatt":false,"status":"AVAILABLE","source":"ndw"}},{"type":"Feature","geometry":{"type":"Point","coordinates":[5.17929,52.03481]},"properties":{"type":"charge","layer":"passenger","locationId":"421","name":"Shell Recharge NL Beverakker 19","address":"Beverakker 19","city":"Houten","operatorName":"Ubitricity","maxPowerKw":11,"isMegawatt":false,"status":"AVAILABLE","source":"ndw","priceKwh":0.392}},{"type":"Feature","geometry":{"type":"Point","coordinates":[5.185935,51.995136]},"properties":{"type":"charge","layer":"passenger","locationId":"EC98B34B-B035-4A3A-AECC-366E8F0DB772","name":"PP005504 - Biesterlaan 106, Schalkwijk","address":"106 Biesterlaan","city":"Schalkwijk","operatorName":"TotalEnergies","maxPowerKw":11,"isMegawatt":false,"status":"AVAILABLE","source":"ndw"}},{"type":"Feature","geometry":{"type":"Point","coordinates":[5.17031,52.031823]},"properties":{"type":"charge","layer":"passenger","locationId":"68affd36be72366fb49a61a3","name":"De Molen 82  6","address":"De Molen 82","city":"Houten","operatorName":"E-Flux by Road","maxPowerKw":22,"isMegawatt":false,"status":"AVAILABLE","source":"ndw","priceKwh":0.48}},{"type":"Feature","geometry":{"type":"Point","coordinates":[5.16643,52.03774]},"properties":{"type":"charge","layer":"passenger","locationId":"193","name":"Shell Recharge NL Spoorhaag 84","address":"Spoorhaag 84","city":"Houten","operatorName":"Ubitricity","maxPowerKw":11,"isMegawatt":false,"status":"AVAILABLE","source":"ndw","priceKwh":0.392}},{"type":"Feature","geometry":{"type":"Point","coordinates":[5.1698,52.027332]},"properties":{"type":"charge","layer":"passenger","locationId":"38059493-4D4B-41BC-A8A6-3DAEBEA5385F","name":"TNLP008227 - Molenaarserf 65, Houten","address":"65 Molenaarserf","city":"Houten","operatorName":"TotalEnergies","maxPowerKw":17,"isMegawatt":false,"status":"AVAILABLE","source":"ndw"}},{"type":"Feature","geometry":{"type":"Point","coordinates":[5.151121,52.03163]},"properties":{"type":"charge","layer":"passenger","locationId":"73946073-65D5-4BF3-9E23-355EB40C3E11","name":"PP005561 - Reaalslag 7, Houten","address":"7 Reaalslag","city":"Houten","operatorName":"TotalEnergies","maxPowerKw":11,"isMegawatt":false,"status":"AVAILABLE","source":"ndw"}},{"type":"Feature","geometry":{"type":"Point","coordinates":[5.146285,52.049032]},"properties":{"type":"charge","layer":"passenger","locationId":"68dbac3081cd24fe4b1a85dc","name":"Fort 't Hemeltje","address":"Fortweg 9","city":"Houten","operatorName":"E-Flux by Road","maxPowerKw":22,"isMegawatt":false,"status":"AVAILABLE","source":"ndw","priceKwh":0.63}},{"type":"Feature","geometry":{"type":"Point","coordinates":[5.17034,52.0402]},"properties":{"type":"charge","layer":"passenger","locationId":"DF45F4E3-23F9-4B61-A555-CACD71322813","name":"PP005208 - Karekietweide 2, Houten","address":"2 Karekietweide","city":"Houten","operatorName":"TotalEnergies","maxPowerKw":11,"isMegawatt":false,"status":"AVAILABLE","source":"ndw"}},{"type":"Feature","geometry":{"type":"Point","coordinates":[5.132488,52.000793]},"properties":{"type":"charge","layer":"passenger","locationId":"F298CB3D-C1B3-4749-A23B-B961B2073EAF","name":"TNLP005714 - Weidebogerd 6, Tull en't Waal","address":"6 Weidebogerd","city":"Tull en't Waal","operatorName":"TotalEnergies","maxPowerKw":17,"isMegawatt":false,"status":"AVAILABLE","source":"ndw"}},{"type":"Feature","geometry":{"type":"Point","coordinates":[5.192808,52.023693]},"properties":{"type":"charge","layer":"passenger","locationId":"A9D6A9E9-C056-4F20-8C4D-1064742346A0","name":"TNLP006722 - Toendrameer 113, Houten","address":"113 Toendrameer","city":"Houten","operatorName":"TotalEnergies","maxPowerKw":17,"isMegawatt":false,"status":"AVAILABLE","source":"ndw"}},{"type":"Feature","geometry":{"type":"Point","coordinates":[5.1577359,52.0322644]},"properties":{"type":"charge","layer":"passenger","locationId":"778","name":"Shell Recharge NL Luzerne-oord 8","address":"Luzerne-oord 8","city":"Houten","operatorName":"Ubitricity","maxPowerKw":22,"isMegawatt":false,"status":"AVAILABLE","source":"ndw","priceKwh":0.267}},{"type":"Feature","geometry":{"type":"Point","coordinates":[5.150461,52.033894]},"properties":{"type":"charge","layer":"passenger","locationId":"0D582D90-25FF-493F-8823-EF9974666CBE","name":"TNLP007644 - Strocamp 46, Houten","address":"46 Strocamp","city":"Houten","operatorName":"TotalEnergies","maxPowerKw":17,"isMegawatt":false,"status":"AVAILABLE","source":"ndw"}},{"type":"Feature","geometry":{"type":"Point","coordinates":[5.1752257,52.0152881]},"properties":{"type":"charge","layer":"passenger","locationId":"2368","name":"Shell Recharge NL Torenmuur 2","address":"Torenmuur 2","city":"Houten","operatorName":"Ubitricity","maxPowerKw":22,"isMegawatt":false,"status":"AVAILABLE","source":"ndw","priceKwh":0.267}},{"type":"Feature","geometry":{"type":"Point","coordinates":[5.143151,52.027652]},"properties":{"type":"charge","layer":"passenger","locationId":"91186529","name":"50five-S NL ICUEVE000322","address":"Hoofdveste 6","city":"Houten","operatorName":"50five","maxPowerKw":22,"isMegawatt":false,"status":"UNAVAILABLE","source":"ndw"}},{"type":"Feature","geometry":{"type":"Point","coordinates":[5.1806746,52.0403473]},"properties":{"type":"charge","layer":"passenger","locationId":"2124","name":"Shell Recharge NL Snoeksloot 48","address":"Snoeksloot 48","city":"Houten","operatorName":"Ubitricity","maxPowerKw":22,"isMegawatt":false,"status":"AVAILABLE","source":"ndw","priceKwh":0.267}},{"type":"Feature","geometry":{"type":"Point","coordinates":[5.14416,52.02337]},"properties":{"type":"charge","layer":"passenger","locationId":"C4D3CA63-F5EC-4C51-A197-43FB4917A659","name":"PP002529 - Duwboot 37, Houten","address":"37 Duwboot","city":"Houten","operatorName":"TotalEnergies","maxPowerKw":13,"isMegawatt":false,"status":"AVAILABLE","source":"ndw"}},{"type":"Feature","geometry":{"type":"Point","coordinates":[5.170279,52.031866]},"properties":{"type":"charge","layer":"passenger","locationId":"68affafb11962616cddbcd83","name":"De Molen 82  2","address":"De Molen  82","city":"Houten","operatorName":"E-Flux by Road","maxPowerKw":22,"isMegawatt":false,"status":"AVAILABLE","source":"ndw","priceKwh":0.48}},{"type":"Feature","geometry":{"type":"Point","coordinates":[5.184896,52.017517]},"properties":{"type":"charge","layer":"passenger","locationId":"44A6B283-E6CB-4226-8E35-43C890ACDA96","name":"TNLP005818 - Strekgras 23, Houten","address":"23 Strekgras","city":"Houten","operatorName":"TotalEnergies","maxPowerKw":11,"isMegawatt":false,"status":"AVAILABLE","source":"ndw"}},{"type":"Feature","geometry":{"type":"Point","coordinates":[5.14452,52.03349]},"properties":{"type":"charge","layer":"passenger","locationId":"57E2FD3A-A211-4DDF-A64F-E826580E0919","name":"PP004336 - Ruitercamp 1, Houten","address":"1 Ruitercamp","city":"Houten","operatorName":"TotalEnergies","maxPowerKw":11,"isMegawatt":false,"status":"AVAILABLE","source":"ndw"}},{"type":"Feature","geometry":{"type":"Point","coordinates":[5.179895,52.026085]},"properties":{"type":"charge","layer":"passenger","locationId":"91170878","name":"50five-S NL 07006286","address":"Regentenland 37","city":"Houten","operatorName":"50five","maxPowerKw":5,"isMegawatt":false,"status":"AVAILABLE","source":"ndw"}},{"type":"Feature","geometry":{"type":"Point","coordinates":[5.1955954,52.0180161]},"properties":{"type":"charge","layer":"passenger","locationId":"1898","name":"Shell Recharge NL Witmos 36","address":"Witmos 36","city":"Houten","operatorName":"Ubitricity","maxPowerKw":22,"isMegawatt":false,"status":"AVAILABLE","source":"ndw","priceKwh":0.267}},{"type":"Feature","geometry":{"type":"Point","coordinates":[5.140213,52.027239]},"properties":{"type":"charge","layer":"passenger","locationId":"91092508","name":"50five-S NL ICUEVE000716","address":"Hoofdveste 11","city":"Houten","operatorName":"50five","maxPowerKw":22,"isMegawatt":false,"status":"UNAVAILABLE","source":"ndw"}},{"type":"Feature","geometry":{"type":"Point","coordinates":[5.1862683,52.0194276]},"properties":{"type":"charge","layer":"passenger","locationId":"2103","name":"Shell Recharge NL Tulpentuin 7","address":"Tulpentuin 7","city":"Houten","operatorName":"Ubitricity","maxPowerKw":22,"isMegawatt":false,"status":"AVAILABLE","source":"ndw","priceKwh":0.267}},{"type":"Feature","geometry":{"type":"Point","coordinates":[5.166812,52.032272]},"properties":{"type":"charge","layer":"passenger","locationId":"54A49DBB-86C9-443D-A14E-52F96CE2658F","name":"TNLP007528 - Kamillehof 41, Houten","address":"41 Kamillehof","city":"Houten","operatorName":"TotalEnergies","maxPowerKw":17,"isMegawatt":false,"status":"CHARGING","source":"ndw"}},{"type":"Feature","geometry":{"type":"Point","coordinates":[5.16773,52.03141]},"properties":{"type":"charge","layer":"passenger","locationId":"E4E20675-E69B-41DA-B44D-220E90B15B5C","name":"TNLP007117 - Zilverschoonhof 17, Houten","address":"17 Zilverschoonhof","city":"Houten","operatorName":"TotalEnergies","maxPowerKw":17,"isMegawatt":false,"status":"AVAILABLE","source":"ndw"}},{"type":"Feature","geometry":{"type":"Point","coordinates":[5.16584,52.01633]},"properties":{"type":"charge","layer":"passenger","locationId":"272","name":"Shell Recharge NL Fonteinwater 2","address":"Fonteinwater 2","city":"Houten","operatorName":"Ubitricity","maxPowerKw":11,"isMegawatt":false,"status":"AVAILABLE","source":"ndw","priceKwh":0.392}},{"type":"Feature","geometry":{"type":"Point","coordinates":[5.177235,52.026807]},"properties":{"type":"charge","layer":"passenger","locationId":"91057794","name":"50five-S NL 03004733","address":"Walmolen 1","city":"Houten","operatorName":"50five","maxPowerKw":4,"isMegawatt":false,"status":"UNAVAILABLE","source":"ndw"}},{"type":"Feature","geometry":{"type":"Point","coordinates":[5.183344,52.018558]},"properties":{"type":"charge","layer":"passenger","locationId":"91097982","name":"50five-S NL 07116387","address":"Tulpentuin 39","city":"Houten","operatorName":"50five","maxPowerKw":11,"isMegawatt":false,"status":"AVAILABLE","source":"ndw"}},{"type":"Feature","geometry":{"type":"Point","coordinates":[5.179895,52.02481]},"properties":{"type":"charge","layer":"passenger","locationId":"F4B3FBE7-2EAF-4EBD-B277-B1B402FB9D38","name":"TNLP009043 - Patriottenlaan 26, Houten","address":"26 Patriottenlaan","city":"Houten","operatorName":"TotalEnergies","maxPowerKw":17,"isMegawatt":false,"status":"AVAILABLE","source":"ndw"}},{"type":"Feature","geometry":{"type":"Point","coordinates":[5.178551,52.01971]},"properties":{"type":"charge","layer":"passenger","locationId":"699F6C4F-7ED7-47CE-A257-FC961E21C64F","name":"TNLP034570 - Hollandspoor 13, Houten","address":"13 Hollandspoor","city":"Houten","operatorName":"TotalEnergies","maxPowerKw":13,"isMegawatt":false,"status":"CHARGING","source":"ndw"}},{"type":"Feature","geometry":{"type":"Point","coordinates":[5.165791,52.019517]},"properties":{"type":"charge","layer":"passenger","locationId":"91232516","name":"50five-S NL 07107343","address":"Sparrenhout 9","city":"Houten","operatorName":"50five","maxPowerKw":11,"isMegawatt":false,"status":"AVAILABLE","source":"ndw"}},{"type":"Feature","geometry":{"type":"Point","coordinates":[5.171864,52.031723]},"properties":{"type":"charge","layer":"passenger","locationId":"C8BED6C7-6C67-4E8B-91BE-A03713A5170D","name":"TNLP015263 - De Molen 65, Houten","address":"65 De Molen","city":"Houten","operatorName":"TotalEnergies","maxPowerKw":17,"isMegawatt":false,"status":"AVAILABLE","source":"ndw"}},{"type":"Feature","geometry":{"type":"Point","coordinates":[5.1749512,52.0151432]},"properties":{"type":"charge","layer":"passenger","locationId":"1167","name":"Shell Recharge NL Torenmuur 2","address":"Torenmuur 2","city":"Houten","operatorName":"Ubitricity","maxPowerKw":22,"isMegawatt":false,"status":"AVAILABLE","source":"ndw","priceKwh":0.267}},{"type":"Feature","geometry":{"type":"Point","coordinates":[5.184116,52.02173]},"properties":{"type":"charge","layer":"passenger","locationId":"5fb86627-0e7f-4a0f-8114-e70461110e51","name":"TNLP034196 - Rozentuin 24, Houten","address":"24 Rozentuin","city":"Houten","operatorName":"TotalEnergies","maxPowerKw":13,"isMegawatt":false,"status":"AVAILABLE","source":"ndw"}},{"type":"Feature","geometry":{"type":"Point","coordinates":[5.170828,52.032708]},"properties":{"type":"charge","layer":"passenger","locationId":"91055413","name":"50five-S NL 03004388","address":"De Molen 83","city":"Houten","operatorName":"50five","maxPowerKw":4,"isMegawatt":false,"status":"UNAVAILABLE","source":"ndw"}},{"type":"Feature","geometry":{"type":"Point","coordinates":[5.18386,52.01864]},"properties":{"type":"charge","layer":"passenger","locationId":"05585f43-0295-438f-ba43-b73198339a02","name":"PP001346 - Anemonentuin 8, Houten","address":"8 Anemonentuin","city":"Houten","operatorName":"TotalEnergies","maxPowerKw":11,"isMegawatt":false,"status":"AVAILABLE","source":"ndw"}},{"type":"Feature","geometry":{"type":"Point","coordinates":[5.1730759,52.0323989]},"properties":{"type":"charge","layer":"passenger","locationId":"2189","name":"Shell Recharge NL Timmermansgilde 60","address":"Timmermansgilde 60","city":"Houten","operatorName":"Ubitricity","maxPowerKw":22,"isMegawatt":false,"status":"CHARGING","source":"ndw","priceKwh":0.267}},{"type":"Feature","geometry":{"type":"Point","coordinates":[5.17474,52.042126]},"properties":{"type":"charge","layer":"passenger","locationId":"CF6CA608-F964-48AD-8043-78200B4D5F1D","name":"TNLP005821 - Halsterveld 15, Houten","address":"15 Halsterveld","city":"Houten","operatorName":"TotalEnergies","maxPowerKw":11,"isMegawatt":false,"status":"CHARGING","source":"ndw"}},{"type":"Feature","geometry":{"type":"Point","coordinates":[5.178227,52.033798]},"properties":{"type":"charge","layer":"passenger","locationId":"540e2ababa3bb2d616b30855fe641f52","name":"Schuttersgilde 23","address":"Schuttersgilde 23","city":"Houten","operatorName":"Vattenfall InCharge","maxPowerKw":11,"isMegawatt":false,"status":"AVAILABLE","source":"ndw","priceKwh":0.2805}},{"type":"Feature","geometry":{"type":"Point","coordinates":[5.183857,52.03438]},"properties":{"type":"charge","layer":"passenger","locationId":"35BB5D14-1903-46ED-AFF2-F87A7E199AFF","name":"TNLP009095 - Eekhoornakker 78, Houten","address":"78 Eekhoornakker","city":"Houten","operatorName":"TotalEnergies","maxPowerKw":17,"isMegawatt":false,"status":"AVAILABLE","source":"ndw"}},{"type":"Feature","geometry":{"type":"Point","coordinates":[5.13936,52.03017]},"properties":{"type":"charge","layer":"passenger","locationId":"ED2AB84B-BCCB-43AD-9B3C-1D391C0606B8","name":"Eneco eMobility Ettekoven B.V. - Houten","address":"Ringveste 11A","city":"Houten","operatorName":"Eneco","maxPowerKw":22,"isMegawatt":false,"status":"AVAILABLE","source":"ndw","priceKwh":0.32}},{"type":"Feature","geometry":{"type":"Point","coordinates":[5.163203,52.01494]},"properties":{"type":"charge","layer":"passenger","locationId":"F26E6B85-082C-4BA8-A9EC-C9FB4AC99D92","name":"TNLP006909 - Viswater 38, Houten","address":"38 Viswater","city":"Houten","operatorName":"TotalEnergies","maxPowerKw":17,"isMegawatt":false,"status":"AVAILABLE","source":"ndw"}},{"type":"Feature","geometry":{"type":"Point","coordinates":[5.17162,52.040224]},"properties":{"type":"charge","layer":"passenger","locationId":"f0491c9c-e89f-4ed9-b5eb-865de9e1210f","name":"TNLP034547","address":"Ganzenweide 11","city":"Houten","operatorName":"TotalEnergies","maxPowerKw":14,"isMegawatt":false,"status":"AVAILABLE","source":"ndw"}},{"type":"Feature","geometry":{"type":"Point","coordinates":[5.18069,52.03619]},"properties":{"type":"charge","layer":"passenger","locationId":"580","name":"Shell Recharge NL Zomervlinderberm 20","address":"Zomervlinderberm 20","city":"Houten","operatorName":"Ubitricity","maxPowerKw":11,"isMegawatt":false,"status":"AVAILABLE","source":"ndw","priceKwh":0.392}},{"type":"Feature","geometry":{"type":"Point","coordinates":[5.162391,52.028797]},"properties":{"type":"charge","layer":"passenger","locationId":"6EFE225D-4DAF-47E7-95A9-F3FB5857449F","name":"TNLP007941 - Kostersgang 53, Houten","address":"53 Kostersgang","city":"Houten","operatorName":"TotalEnergies","maxPowerKw":17,"isMegawatt":false,"status":"UNAVAILABLE","source":"ndw"}},{"type":"Feature","geometry":{"type":"Point","coordinates":[5.171824,52.01517]},"properties":{"type":"charge","layer":"passenger","locationId":"D1FDCD5C-24FE-4BD7-852B-C70767B21A51","name":"PP005511 - Kristalwater 156, Houten","address":"156 Kristalwater","city":"Houten","operatorName":"TotalEnergies","maxPowerKw":11,"isMegawatt":false,"status":"AVAILABLE","source":"ndw"}},{"type":"Feature","geometry":{"type":"Point","coordinates":[5.17695,52.01963]},"properties":{"type":"charge","layer":"passenger","locationId":"1478","name":"Shell Recharge NL De Bouw 117","address":"De Bouw 117","city":"Houten","operatorName":"Ubitricity","maxPowerKw":11,"isMegawatt":false,"status":"CHARGING","source":"ndw","priceKwh":0.392}},{"type":"Feature","geometry":{"type":"Point","coordinates":[5.1765135,52.0427899]},"properties":{"type":"charge","layer":"passenger","locationId":"2540","name":"Shell Recharge NL Ploegveld 17","address":"Ploegveld 17","city":"Houten","operatorName":"Ubitricity","maxPowerKw":22,"isMegawatt":false,"status":"AVAILABLE","source":"ndw","priceKwh":0.267}},{"type":"Feature","geometry":{"type":"Point","coordinates":[5.166121,52.033245]},"properties":{"type":"charge","layer":"passenger","locationId":"91090537","name":"50five-S NL 03012895","address":"De Slinger 35","city":"Houten","operatorName":"50five","maxPowerKw":11,"isMegawatt":false,"status":"AVAILABLE","source":"ndw"}},{"type":"Feature","geometry":{"type":"Point","coordinates":[5.178515,52.042305]},"properties":{"type":"charge","layer":"passenger","locationId":"696E3A20-9458-4D27-8680-9447416C8AD3","name":"TNLP005757 - Rijfveld 28, Houten","address":"28 Rijfveld","city":"Houten","operatorName":"TotalEnergies","maxPowerKw":11,"isMegawatt":false,"status":"AVAILABLE","source":"ndw"}},{"type":"Feature","geometry":{"type":"Point","coordinates":[5.15624,52.035835]},"properties":{"type":"charge","layer":"passenger","locationId":"0A02C465-8483-4E16-B628-70806F2FCCC8","name":"TNLP007513 - Appelgaarde 18, Houten","address":"18 Appelgaarde","city":"Houten","operatorName":"TotalEnergies","maxPowerKw":17,"isMegawatt":false,"status":"AVAILABLE","source":"ndw"}},{"type":"Feature","geometry":{"type":"Point","coordinates":[5.16621,52.02863]},"properties":{"type":"charge","layer":"passenger","locationId":"BD963067-FE20-4028-BBDB-C69E2226F4D0","name":"TNLP009930 - Prinses Margrietweg 1, Houten","address":"1 Prinses Margrietweg","city":"Houten","operatorName":"TotalEnergies","maxPowerKw":17,"isMegawatt":false,"status":"AVAILABLE","source":"ndw"}},{"type":"Feature","geometry":{"type":"Point","coordinates":[5.17499,52.04015]},"properties":{"type":"charge","layer":"passenger","locationId":"555","name":"Shell Recharge NL Kwartelweide 47","address":"Kwartelweide 47","city":"Houten","operatorName":"Ubitricity","maxPowerKw":11,"isMegawatt":false,"status":"AVAILABLE","source":"ndw","priceKwh":0.392}},{"type":"Feature","geometry":{"type":"Point","coordinates":[5.126596,52.032631]},"properties":{"type":"charge","layer":"passenger","locationId":"6808c2f434bf1bf3934758ab","name":"Kasteel Heemstede","address":"Heemsteedseweg 20","city":"Houten","operatorName":"E-Flux by Road","maxPowerKw":22,"isMegawatt":false,"status":"AVAILABLE","source":"ndw","priceKwh":0.45}},{"type":"Feature","geometry":{"type":"Point","coordinates":[5.162125,52.01226]},"properties":{"type":"charge","layer":"passenger","locationId":"B39820A5-85C3-4405-9032-B119B874817F","name":"TNLP007494 - Maaspolder 44, Houten","address":"44 Maaspolder","city":"Houten","operatorName":"TotalEnergies","maxPowerKw":17,"isMegawatt":false,"status":"CHARGING","source":"ndw"}},{"type":"Feature","geometry":{"type":"Point","coordinates":[5.170868,52.036125]},"properties":{"type":"charge","layer":"passenger","locationId":"79e85161f40fc9feb4ba7360671ccb8e","name":"Achterom 113","address":"Achterom 113","city":"Houten","operatorName":"Vattenfall InCharge","maxPowerKw":11,"isMegawatt":false,"status":"AVAILABLE","source":"ndw","priceKwh":0.2805}},{"type":"Feature","geometry":{"type":"Point","coordinates":[5.146267,52.041438]},"properties":{"type":"charge","layer":"passenger","locationId":"622786d3dbdc5291fc02e8f1","name":"Aangenaam Badkamers station 2","address":"Elzenkade  2","city":"Houten","operatorName":"E-Flux by Road","maxPowerKw":22,"isMegawatt":false,"status":"UNAVAILABLE","source":"ndw","priceKwh":0.62}},{"type":"Feature","geometry":{"type":"Point","coordinates":[5.17094,52.02708]},"properties":{"type":"charge","layer":"passenger","locationId":"1577","name":"Shell Recharge NL Molenaarserf 46","address":"Molenaarserf 46","city":"Houten","operatorName":"Ubitricity","maxPowerKw":11,"isMegawatt":false,"status":"AVAILABLE","source":"ndw","priceKwh":0.392}},{"type":"Feature","geometry":{"type":"Point","coordinates":[5.14522,52.02703]},"properties":{"type":"charge","layer":"passenger","locationId":"DB3237E8-6B27-4313-B011-95044B68F67B","name":"Eneco eMobility Voorveste 7 Houten","address":"Voorveste 7","city":"Houten","operatorName":"Eneco","maxPowerKw":22,"isMegawatt":false,"status":"AVAILABLE","source":"ndw","priceKwh":0.36}},{"type":"Feature","geometry":{"type":"Point","coordinates":[5.1469784,52.0348853]},"properties":{"type":"charge","layer":"passenger","locationId":"1307","name":"Shell Recharge NL Meercamp 44","address":"Meercamp 44","city":"Houten","operatorName":"Ubitricity","maxPowerKw":22,"isMegawatt":false,"status":"AVAILABLE","source":"ndw","priceKwh":0.267}},{"type":"Feature","geometry":{"type":"Point","coordinates":[5.173898,52.01644]},"properties":{"type":"charge","layer":"passenger","locationId":"CF782383-ED8A-4214-8001-79060BC88CE3","name":"TNLP006960 - Leedijkerhout 3, Houten","address":"3 Leedijkerhout","city":"Houten","operatorName":"TotalEnergies","maxPowerKw":17,"isMegawatt":false,"status":"UNAVAILABLE","source":"ndw"}},{"type":"Feature","geometry":{"type":"Point","coordinates":[5.185549,52.01637]},"properties":{"type":"charge","layer":"passenger","locationId":"F7A1EE42-7223-4A42-82A7-B57BE2619E17","name":"TNLP009074 - Borstelgras 19, Houten","address":"19 Borstelgras","city":"Houten","operatorName":"TotalEnergies","maxPowerKw":17,"isMegawatt":false,"status":"AVAILABLE","source":"ndw"}},{"type":"Feature","geometry":{"type":"Point","coordinates":[5.146267,52.041438]},"properties":{"type":"charge","layer":"passenger","locationId":"62278750fc81810407d9617d","name":"Aangenaam Badkamers station 3","address":"Elzenkade  2","city":"Houten","operatorName":"E-Flux by Road","maxPowerKw":22,"isMegawatt":false,"status":"AVAILABLE","source":"ndw","priceKwh":0.62}},{"type":"Feature","geometry":{"type":"Point","coordinates":[5.16436,52.03431]},"properties":{"type":"charge","layer":"passenger","locationId":"793B21D1-12BC-4106-9C47-462131627652","name":"PP002525 - Dijkhoeve 33, Houten","address":"33 Dijkhoeve","city":"Houten","operatorName":"TotalEnergies","maxPowerKw":13,"isMegawatt":false,"status":"AVAILABLE","source":"ndw"}},{"type":"Feature","geometry":{"type":"Point","coordinates":[5.16096,52.02903]},"properties":{"type":"charge","layer":"passenger","locationId":"3528896","name":"Laadnet Limid Vastgoed B.V.","address":"Lichtschip 4","city":"Houten","operatorName":"Laadnet","maxPowerKw":22,"isMegawatt":false,"status":"AVAILABLE","source":"ndw"}},{"type":"Feature","geometry":{"type":"Point","coordinates":[5.15143,52.02766]},"properties":{"type":"charge","layer":"passenger","locationId":"1476","name":"Shell Recharge NL Daalderslag 31","address":"Daalderslag 31","city":"Houten","operatorName":"Ubitricity","maxPowerKw":11,"isMegawatt":false,"status":"AVAILABLE","source":"ndw","priceKwh":0.392}},{"type":"Feature","geometry":{"type":"Point","coordinates":[5.172631,52.037888]},"properties":{"type":"charge","layer":"passenger","locationId":"362F5181-3042-4081-B385-18BF1562B971","name":"TNLP007472 - Talingweide 12, Houten","address":"12 Talingweide","city":"Houten","operatorName":"TotalEnergies","maxPowerKw":17,"isMegawatt":false,"status":"AVAILABLE","source":"ndw"}},{"type":"Feature","geometry":{"type":"Point","coordinates":[5.13898,52.025601]},"properties":{"type":"charge","layer":"passenger","locationId":"69afbdd5a59b7c858b2efee5","name":"Van der Valk - Houten - Charging Stations","address":"Hoofdveste 25","city":"Houten","operatorName":"Valk Energy","maxPowerKw":200,"isMegawatt":false,"status":"AVAILABLE","source":"ndw","priceKwh":0.59}},{"type":"Feature","geometry":{"type":"Point","coordinates":[5.150973,52.018283]},"properties":{"type":"charge","layer":"passenger","locationId":"696e31e32a307eeb89b0f383","name":"NXT 50five - Houten - Groene Hoon 1 - DC","address":"Groene Hoon 1","city":"Houten","operatorName":"NXT50Five","maxPowerKw":300,"isMegawatt":false,"status":"AVAILABLE","source":"ndw","priceKwh":0.63}},{"type":"Feature","geometry":{"type":"Point","coordinates":[5.194055,52.01451]},"properties":{"type":"charge","layer":"passenger","locationId":"384E468E-CFCB-4D99-9801-A51B37EABAC9","name":"TNLP034255 - Kantmos 54, Houten","address":"54 Kantmos","city":"Houten","operatorName":"TotalEnergies","maxPowerKw":13,"isMegawatt":false,"status":"AVAILABLE","source":"ndw"}},{"type":"Feature","geometry":{"type":"Point","coordinates":[5.1871478,52.0174858]},"properties":{"type":"charge","layer":"passenger","locationId":"2104","name":"Shell Recharge NL Wollengras 1","address":"Wollengras 1","city":"Houten","operatorName":"Ubitricity","maxPowerKw":22,"isMegawatt":false,"status":"AVAILABLE","source":"ndw","priceKwh":0.267}},{"type":"Feature","geometry":{"type":"Point","coordinates":[5.16718,52.01461]},"properties":{"type":"charge","layer":"passenger","locationId":"1609","name":"Shell Recharge NL Plantagepolder 2","address":"Plantagepolder 2","city":"Houten","operatorName":"Ubitricity","maxPowerKw":11,"isMegawatt":false,"status":"AVAILABLE","source":"ndw","priceKwh":0.392}},{"type":"Feature","geometry":{"type":"Point","coordinates":[5.22073,51.977144]},"properties":{"type":"charge","layer":"passenger","locationId":"91098543","name":"50five-S NL ICUCOMPACT001531","address":"Pothuizerweg 10B","city":"Schalkwijk","operatorName":"50five","maxPowerKw":4,"isMegawatt":false,"status":"UNAVAILABLE","source":"ndw"}},{"type":"Feature","geometry":{"type":"Point","coordinates":[5.1510141,52.0352636]},"properties":{"type":"charge","layer":"passenger","locationId":"1953","name":"Shell Recharge NL Riddersborch 35","address":"Riddersborch 35","city":"Houten","operatorName":"Ubitricity","maxPowerKw":22,"isMegawatt":false,"status":"AVAILABLE","source":"ndw","priceKwh":0.267}},{"type":"Feature","geometry":{"type":"Point","coordinates":[5.166517,52.013428]},"properties":{"type":"charge","layer":"passenger","locationId":"46D97FC7-41E5-4835-82A3-DFB809E23FB5","name":"TNLP007867 - Winterpolder 9, Houten","address":"9 Winterpolder","city":"Houten","operatorName":"TotalEnergies","maxPowerKw":17,"isMegawatt":false,"status":"AVAILABLE","source":"ndw"}},{"type":"Feature","geometry":{"type":"Point","coordinates":[5.181413,52.02877]},"properties":{"type":"charge","layer":"passenger","locationId":"99DDAD83-DB45-4BE5-96AE-0DCF8E791FCC","name":"TNLP007085 - Kruisboog 2, Houten","address":"2 Kruisboog","city":"Houten","operatorName":"TotalEnergies","maxPowerKw":17,"isMegawatt":false,"status":"AVAILABLE","source":"ndw"}},{"type":"Feature","geometry":{"type":"Point","coordinates":[5.170294,52.031847]},"properties":{"type":"charge","layer":"passenger","locationId":"68affc0b2b2fd4e3ab6971ad","name":"De Molen 82  4","address":"De Molen 82","city":"Houten","operatorName":"E-Flux by Road","maxPowerKw":22,"isMegawatt":false,"status":"AVAILABLE","source":"ndw","priceKwh":0.48}},{"type":"Feature","geometry":{"type":"Point","coordinates":[5.174258,52.014923]},"properties":{"type":"charge","layer":"passenger","locationId":"2514C377-AA0D-453B-955A-4C556021691D","name":"PP005005 - Donjonmuur 15, Houten","address":"15 Donjonmuur","city":"Houten","operatorName":"TotalEnergies","maxPowerKw":11,"isMegawatt":false,"status":"CHARGING","source":"ndw"}},{"type":"Feature","geometry":{"type":"Point","coordinates":[5.16052,52.03903]},"properties":{"type":"charge","layer":"passenger","locationId":"203","name":"Shell Recharge NL Paardenhoeve 7","address":"Paardenhoeve 7","city":"Houten","operatorName":"Ubitricity","maxPowerKw":11,"isMegawatt":false,"status":"AVAILABLE","source":"ndw","priceKwh":0.392}},{"type":"Feature","geometry":{"type":"Point","coordinates":[5.169226,52.015194]},"properties":{"type":"charge","layer":"passenger","locationId":"4C13FC26-C544-4713-A4D9-1B15DF1F7EDE","name":"TNLP034201 - Kristalwater 42, Houten","address":"42 Kristalwater","city":"Houten","operatorName":"TotalEnergies","maxPowerKw":13,"isMegawatt":false,"status":"AVAILABLE","source":"ndw"}},{"type":"Feature","geometry":{"type":"Point","coordinates":[5.162445,52.012782]},"properties":{"type":"charge","layer":"passenger","locationId":"69d7c2c4b56b8d477deadd96","name":"IJsselpolder 8 station","address":"IJsselpolder  8","city":"Houten","operatorName":"E-Flux by Road","maxPowerKw":22,"isMegawatt":false,"status":"AVAILABLE","source":"ndw","priceKwh":0.41}},{"type":"Feature","geometry":{"type":"Point","coordinates":[5.18005,52.02067]},"properties":{"type":"charge","layer":"passenger","locationId":"505","name":"Shell Recharge NL Zuiderspoor 10","address":"Zuiderspoor 10","city":"Houten","operatorName":"Ubitricity","maxPowerKw":11,"isMegawatt":false,"status":"AVAILABLE","source":"ndw","priceKwh":0.392}},{"type":"Feature","geometry":{"type":"Point","coordinates":[5.15893,52.02262]},"properties":{"type":"charge","layer":"passenger","locationId":"D6EBC7D4-F19F-4FFC-A55C-0859CF4EE5DF","name":"PP002526 - Hefbrug 3, Houten","address":"3 Hefbrug","city":"Houten","operatorName":"TotalEnergies","maxPowerKw":13,"isMegawatt":false,"status":"AVAILABLE","source":"ndw"}},{"type":"Feature","geometry":{"type":"Point","coordinates":[5.145992,52.029722]},"properties":{"type":"charge","layer":"passenger","locationId":"91064837","name":"50five-S NL 07004048","address":"Kroonslag 17","city":"Houten","operatorName":"50five","maxPowerKw":5,"isMegawatt":false,"status":"CHARGING","source":"ndw"}},{"type":"Feature","geometry":{"type":"Point","coordinates":[5.147396,52.03646]},"properties":{"type":"charge","layer":"passenger","locationId":"B2CEB75C-D1E4-4B62-B9E0-EEA24F5FDE62","name":"TNLP007443 - Valkeniersborch 49, Houten","address":"49 Valkeniersborch","city":"Houten","operatorName":"TotalEnergies","maxPowerKw":17,"isMegawatt":false,"status":"AVAILABLE","source":"ndw"}},{"type":"Feature","geometry":{"type":"Point","coordinates":[5.175935,52.029599]},"properties":{"type":"charge","layer":"passenger","locationId":"91110014","name":"50five-S NL 19B03123","address":"De Molen 23","city":"Houten","operatorName":"50five","maxPowerKw":14,"isMegawatt":false,"status":"AVAILABLE","source":"ndw"}},{"type":"Feature","geometry":{"type":"Point","coordinates":[5.163378,52.014156]},"properties":{"type":"charge","layer":"passenger","locationId":"21216A88-679C-40BB-A9EB-66A55B12B94F","name":"PP005335 - Lingepolder 12, Houten","address":"12 Lingepolder","city":"Houten","operatorName":"TotalEnergies","maxPowerKw":11,"isMegawatt":false,"status":"AVAILABLE","source":"ndw"}},{"type":"Feature","geometry":{"type":"Point","coordinates":[5.158828,52.025528]},"properties":{"type":"charge","layer":"passenger","locationId":"409842FE-D248-46FB-B4B9-CB9D5FBCFA6C","name":"TNLP009016 - Suevenpoort 1, Houten","address":"1 Suevenpoort","city":"Houten","operatorName":"TotalEnergies","maxPowerKw":17,"isMegawatt":false,"status":"AVAILABLE","source":"ndw"}},{"type":"Feature","geometry":{"type":"Point","coordinates":[5.180873,52.012466]},"properties":{"type":"charge","layer":"passenger","locationId":"5784D333-8F70-4F3E-9A97-EFF1A6ABC62B","name":"PP005555 - Edelsteen 82, Houten","address":"82 Edelsteen","city":"Houten","operatorName":"TotalEnergies","maxPowerKw":11,"isMegawatt":false,"status":"AVAILABLE","source":"ndw"}},{"type":"Feature","geometry":{"type":"Point","coordinates":[5.1624925,52.030809]},"properties":{"type":"charge","layer":"passenger","locationId":"1283","name":"Shell Recharge NL Klaverhof 2","address":"Klaverhof 2","city":"Houten","operatorName":"Ubitricity","maxPowerKw":22,"isMegawatt":false,"status":"AVAILABLE","source":"ndw","priceKwh":0.267}},{"type":"Feature","geometry":{"type":"Point","coordinates":[5.185176,52.0120222]},"properties":{"type":"charge","layer":"passenger","locationId":"1191","name":"Shell Recharge NL Blauwgras 1","address":"Blauwgras 1","city":"Houten","operatorName":"Ubitricity","maxPowerKw":22,"isMegawatt":false,"status":"AVAILABLE","source":"ndw","priceKwh":0.267}},{"type":"Feature","geometry":{"type":"Point","coordinates":[5.171124,52.008128]},"properties":{"type":"charge","layer":"passenger","locationId":"69e8d100c938c8307ebbd978","name":"Lokaal Buiten","address":"Kanaaldijk Zuid 12","city":"Schalkwijk","operatorName":"Pluq","maxPowerKw":19,"isMegawatt":false,"status":"AVAILABLE","source":"ndw","priceKwh":0.44}},{"type":"Feature","geometry":{"type":"Point","coordinates":[5.224931,52.00222]},"properties":{"type":"charge","layer":"passenger","locationId":"66e432b158d8a2001cbb4ef3","name":"VV 't Goy via Sportstroom","address":"Tuurdijk 33","city":"'t Goy","operatorName":"Pluq","maxPowerKw":22,"isMegawatt":false,"status":"AVAILABLE","source":"ndw","priceKwh":0.42}},{"type":"Feature","geometry":{"type":"Point","coordinates":[5.1721755,52.0190221]},"properties":{"type":"charge","layer":"passenger","locationId":"1799","name":"Shell Recharge NL Zwenghout 42","address":"Zwenghout 42","city":"Houten","operatorName":"Ubitricity","maxPowerKw":22,"isMegawatt":false,"status":"AVAILABLE","source":"ndw","priceKwh":0.267}},{"type":"Feature","geometry":{"type":"Point","coordinates":[5.151726,52.02797]},"properties":{"type":"charge","layer":"passenger","locationId":"56a8f2d9-331f-4594-83d2-818289767755","name":"TNLP007705 - Daalderslag 16, Houten","address":"16 Daalderslag","city":"Houten","operatorName":"TotalEnergies","maxPowerKw":17,"isMegawatt":false,"status":"AVAILABLE","source":"ndw"}},{"type":"Feature","geometry":{"type":"Point","coordinates":[5.194366,52.020702]},"properties":{"type":"charge","layer":"passenger","locationId":"029E2B82-7555-465C-AFF8-D5714F33F672","name":"TNLP007477 - Steppemeer 31, Houten","address":"31 Steppemeer","city":"Houten","operatorName":"TotalEnergies","maxPowerKw":17,"isMegawatt":false,"status":"AVAILABLE","source":"ndw"}},{"type":"Feature","geometry":{"type":"Point","coordinates":[5.138675,52.031645]},"properties":{"type":"charge","layer":"passenger","locationId":"94500286-3E3C-42A0-9F02-DC88E86570C5","name":"Eneco eMobility DeBuut Horeca BV Houten","address":"Koedijk 1","city":"Houten","operatorName":"Eneco","maxPowerKw":22,"isMegawatt":false,"status":"AVAILABLE","source":"ndw","priceKwh":0.32}},{"type":"Feature","geometry":{"type":"Point","coordinates":[5.175254,52.017216]},"properties":{"type":"charge","layer":"passenger","locationId":"C7A4B192-768E-4432-85C2-9E02D8C4783A","name":"PP005428 - Leedijkerhout 12, Houten","address":"12 Leedijkerhout","city":"Houten","operatorName":"TotalEnergies","maxPowerKw":11,"isMegawatt":false,"status":"CHARGING","source":"ndw"}},{"type":"Feature","geometry":{"type":"Point","coordinates":[5.177219,52.01348]},"properties":{"type":"charge","layer":"passenger","locationId":"2836D713-6F1F-4034-B1C6-87D5FD179AED","name":"TNLP007612 - Natuursteen 12, Houten","address":"12 Natuursteen","city":"Houten","operatorName":"TotalEnergies","maxPowerKw":17,"isMegawatt":false,"status":"AVAILABLE","source":"ndw"}},{"type":"Feature","geometry":{"type":"Point","coordinates":[5.13913,52.02655]},"properties":{"type":"charge","layer":"passenger","locationId":"AB6F12EC-7105-4078-91A4-465351903AE4","name":"PP002594 - Hoofdveste 15, Houten","address":"15 Hoofdveste","city":"Houten","operatorName":"TotalEnergies","maxPowerKw":13,"isMegawatt":false,"status":"AVAILABLE","source":"ndw"}},{"type":"Feature","geometry":{"type":"Point","coordinates":[5.189619,52.024494]},"properties":{"type":"charge","layer":"passenger","locationId":"B807D459-D3D2-4840-A523-E6E3C0DB02AA","name":"TNLP007491 - Strandmeer 1, Houten","address":"1 Strandmeer","city":"Houten","operatorName":"TotalEnergies","maxPowerKw":17,"isMegawatt":false,"status":"AVAILABLE","source":"ndw"}},{"type":"Feature","geometry":{"type":"Point","coordinates":[5.162042,52.031918]},"properties":{"type":"charge","layer":"passenger","locationId":"1DFA10DD-1DB1-46FC-80AB-D38FCD44161F","name":"PP005432 - Haver-Oord 47, Houten","address":"47 Haver-Oord","city":"Houten","operatorName":"TotalEnergies","maxPowerKw":11,"isMegawatt":false,"status":"AVAILABLE","source":"ndw"}},{"type":"Feature","geometry":{"type":"Point","coordinates":[5.186708,52.012856]},"properties":{"type":"charge","layer":"passenger","locationId":"C5CE1DFC-00D0-488B-BBBF-2AC2F4B9BEE4","name":"TNLP006609 - Kamgras 41, Houten","address":"41 Kamgras","city":"Houten","operatorName":"TotalEnergies","maxPowerKw":17,"isMegawatt":false,"status":"AVAILABLE","source":"ndw"}},{"type":"Feature","geometry":{"type":"Point","coordinates":[5.1710073,52.036094]},"properties":{"type":"charge","layer":"passenger","locationId":"1168","name":"Shell Recharge NL Achterom 109","address":"Achterom 109","city":"Houten","operatorName":"Ubitricity","maxPowerKw":22,"isMegawatt":false,"status":"AVAILABLE","source":"ndw","priceKwh":0.267}},{"type":"Feature","geometry":{"type":"Point","coordinates":[5.1815,52.02348]},"properties":{"type":"charge","layer":"passenger","locationId":"1552","name":"Shell Recharge NL Kruisvaardersland 41","address":"Kruisvaardersland 41","city":"Houten","operatorName":"Ubitricity","maxPowerKw":11,"isMegawatt":false,"status":"AVAILABLE","source":"ndw","priceKwh":0.392}},{"type":"Feature","geometry":{"type":"Point","coordinates":[5.173382,52.013686]},"properties":{"type":"charge","layer":"passenger","locationId":"89229896","name":"50five 89229896","address":"Hofmuur 2","city":"Houten","operatorName":"50five","maxPowerKw":11,"isMegawatt":false,"status":"UNAVAILABLE","source":"ndw"}},{"type":"Feature","geometry":{"type":"Point","coordinates":[5.146978,52.021989]},"properties":{"type":"charge","layer":"passenger","locationId":"91109344","name":"50five-S NL 09100538","address":"Duwboot 1","city":"Houten","operatorName":"50five","maxPowerKw":22,"isMegawatt":false,"status":"AVAILABLE","source":"ndw"}},{"type":"Feature","geometry":{"type":"Point","coordinates":[5.16421,52.02784]},"properties":{"type":"charge","layer":"passenger","locationId":"829A6997-CF60-44AB-BD5B-ED777E5BE11D","name":"TNLP007516 - Prins Clausstraat 1, Houten","address":"1 Prins Clausstraat","city":"Houten","operatorName":"TotalEnergies","maxPowerKw":17,"isMegawatt":false,"status":"UNAVAILABLE","source":"ndw"}},{"type":"Feature","geometry":{"type":"Point","coordinates":[5.14575,52.04113]},"properties":{"type":"charge","layer":"passenger","locationId":"D6191568-E7E6-4F27-8E22-D9B235B68489","name":"TNLP003633 - Essenkade 3, Houten","address":"3 Essenkade","city":"Houten","operatorName":"TotalEnergies","maxPowerKw":17,"isMegawatt":false,"status":"AVAILABLE","source":"ndw"}},{"type":"Feature","geometry":{"type":"Point","coordinates":[5.169046,52.011627]},"properties":{"type":"charge","layer":"passenger","locationId":"C3DCA9A7-5600-4A37-9B85-9BBC57CE1D8C","name":"TNLP009744 - Kloostermuur 36, Houten","address":"36 Kloostermuur","city":"Houten","operatorName":"TotalEnergies","maxPowerKw":17,"isMegawatt":false,"status":"AVAILABLE","source":"ndw"}},{"type":"Feature","geometry":{"type":"Point","coordinates":[5.15946,52.03735]},"properties":{"type":"charge","layer":"passenger","locationId":"547","name":"Shell Recharge NL Wagenhoeve 45","address":"Wagenhoeve 45","city":"Houten","operatorName":"Ubitricity","maxPowerKw":11,"isMegawatt":false,"status":"AVAILABLE","source":"ndw","priceKwh":0.392}},{"type":"Feature","geometry":{"type":"Point","coordinates":[5.1867223,52.0184614]},"properties":{"type":"charge","layer":"passenger","locationId":"792","name":"Shell Recharge NL Liesgras 122","address":"Liesgras 122","city":"Houten","operatorName":"Ubitricity","maxPowerKw":22,"isMegawatt":false,"status":"AVAILABLE","source":"ndw","priceKwh":0.267}},{"type":"Feature","geometry":{"type":"Point","coordinates":[5.166131,52.024953]},"properties":{"type":"charge","layer":"passenger","locationId":"40B9E9DC-6C87-474C-AF23-3389FB635FAF","name":"Eneco eMobility FLOW ey - ENECO_G32359","address":"Dorpsstraat 36","city":"Houten","operatorName":"Eneco","maxPowerKw":22,"isMegawatt":false,"status":"AVAILABLE","source":"ndw","priceKwh":0.35}},{"type":"Feature","geometry":{"type":"Point","coordinates":[5.139926,51.999629]},"properties":{"type":"charge","layer":"passenger","locationId":"91086818","name":"50five-S NL 07100572","address":"Waalseweg 40","city":"Tull en Het Waal","operatorName":"50five","maxPowerKw":11,"isMegawatt":false,"status":"AVAILABLE","source":"ndw"}},{"type":"Feature","geometry":{"type":"Point","coordinates":[5.170136,52.01197]},"properties":{"type":"charge","layer":"passenger","locationId":"7250A608-9BC4-4BBC-BAFE-37814680ED4E","name":"TNLP034221 - Tolmuur 9, Houten","address":"9 Tolmuur","city":"Houten","operatorName":"TotalEnergies","maxPowerKw":13,"isMegawatt":false,"status":"AVAILABLE","source":"ndw"}},{"type":"Feature","geometry":{"type":"Point","coordinates":[5.169431,52.031331]},"properties":{"type":"charge","layer":"passenger","locationId":"695ce40daa1d7d52c5bd176b","name":"Stefan's station","address":"Prins Willem-Alexanderweg  40","city":"Houten","operatorName":"Vattenfall","maxPowerKw":22,"isMegawatt":false,"status":"AVAILABLE","source":"ndw","priceKwh":0.43}},{"type":"Feature","geometry":{"type":"Point","coordinates":[5.197206,52.019634]},"properties":{"type":"charge","layer":"passenger","locationId":"91054540","name":"50five-S NL 07107789","address":"Kratermeer 10","city":"Houten","operatorName":"50five","maxPowerKw":6,"isMegawatt":false,"status":"AVAILABLE","source":"ndw"}},{"type":"Feature","geometry":{"type":"Point","coordinates":[5.177436,52.02201]},"properties":{"type":"charge","layer":"passenger","locationId":"26A852EF-B0C8-4359-997A-C27F724E56F6","name":"TNLP009039 - Het Spoor 110, Houten","address":"110 Het Spoor","city":"Houten","operatorName":"TotalEnergies","maxPowerKw":17,"isMegawatt":false,"status":"AVAILABLE","source":"ndw"}},{"type":"Feature","geometry":{"type":"Point","coordinates":[5.155122,52.03769]},"properties":{"type":"charge","layer":"passenger","locationId":"2C2AC433-CB20-4178-A4D6-2866ABE91E1E","name":"TNLP006223 - Perzikgaarde 20, Houten","address":"20 Perzikgaarde","city":"Houten","operatorName":"TotalEnergies","maxPowerKw":17,"isMegawatt":false,"status":"AVAILABLE","source":"ndw"}},{"type":"Feature","geometry":{"type":"Point","coordinates":[5.175096,52.009615]},"properties":{"type":"charge","layer":"passenger","locationId":"91091327","name":"50five-S NL 07103305","address":"Kluismuur 14","city":"Houten","operatorName":"50five","maxPowerKw":11,"isMegawatt":false,"status":"CHARGING","source":"ndw"}},{"type":"Feature","geometry":{"type":"Point","coordinates":[5.15689,52.03671]},"properties":{"type":"charge","layer":"passenger","locationId":"6adb15fd7785134eb173832cceb2f29e","name":"Notengaarde 21","address":"Notengaarde 21","city":"Houten","operatorName":"Vattenfall InCharge","maxPowerKw":11,"isMegawatt":false,"status":"AVAILABLE","source":"ndw","priceKwh":0.2805}},{"type":"Feature","geometry":{"type":"Point","coordinates":[5.194577,52.013737]},"properties":{"type":"charge","layer":"passenger","locationId":"53DA4CBB-6522-48E9-B11B-7E8135A65B0C","name":"TNLP009130 - Kantmos 19, Houten","address":"19 Kantmos","city":"Houten","operatorName":"TotalEnergies","maxPowerKw":17,"isMegawatt":false,"status":"AVAILABLE","source":"ndw"}},{"type":"Feature","geometry":{"type":"Point","coordinates":[5.18938,52.01238]},"properties":{"type":"charge","layer":"passenger","locationId":"FE826301-0A1C-40DB-85B6-50E284F77A78","name":"TNLP007555 - Fluweelmos 168, Houten","address":"168 Fluweelmos","city":"Houten","operatorName":"TotalEnergies","maxPowerKw":17,"isMegawatt":false,"status":"AVAILABLE","source":"ndw"}},{"type":"Feature","geometry":{"type":"Point","coordinates":[5.1727,52.03395]},"properties":{"type":"charge","layer":"passenger","locationId":"12F88932-1A18-4D19-B0FB-F658F25F2E94","name":"TNLP009803 - De Fuik 30, Houten","address":"30 De Fuik","city":"Houten","operatorName":"TotalEnergies","maxPowerKw":17,"isMegawatt":false,"status":"AVAILABLE","source":"ndw"}},{"type":"Feature","geometry":{"type":"Point","coordinates":[5.200149,52.005207]},"properties":{"type":"charge","layer":"passenger","locationId":"674efdb725bf75dc42091b45","name":"Landgoed Wickenburgh","address":"Wickenburghseweg 17","city":"’t Goy","operatorName":"Pluq","maxPowerKw":14,"isMegawatt":false,"status":"AVAILABLE","source":"ndw","priceKwh":0.4}},{"type":"Feature","geometry":{"type":"Point","coordinates":[5.157798,52.030235]},"properties":{"type":"charge","layer":"passenger","locationId":"3C977887-56E1-4997-9554-D2B9266CEFA3","name":"TNLP006975 - Boekweit-oord 30, Houten","address":"30 Boekweit-oord","city":"Houten","operatorName":"TotalEnergies","maxPowerKw":17,"isMegawatt":false,"status":"UNAVAILABLE","source":"ndw"}},{"type":"Feature","geometry":{"type":"Point","coordinates":[5.181076,52.0218]},"properties":{"type":"charge","layer":"passenger","locationId":"90D39F80-B92E-4E5B-ADFD-4388D3B08300","name":"TNLP015260 - Staatsspoor 1, Houten","address":"1 Staatsspoor","city":"Houten","operatorName":"TotalEnergies","maxPowerKw":17,"isMegawatt":false,"status":"AVAILABLE","source":"ndw"}},{"type":"Feature","geometry":{"type":"Point","coordinates":[5.183642,52.042255]},"properties":{"type":"charge","layer":"passenger","locationId":"84D9EFE8-6871-41C3-A9B2-9FBA15CA241E","name":"TNLP006074 - Blieksloot 43, Houten","address":"43 Blieksloot","city":"Houten","operatorName":"TotalEnergies","maxPowerKw":17,"isMegawatt":false,"status":"AVAILABLE","source":"ndw"}},{"type":"Feature","geometry":{"type":"Point","coordinates":[5.183585,52.023354]},"properties":{"type":"charge","layer":"passenger","locationId":"1438AE4D-5118-4F6B-8307-E08637E77DA0","name":"PP005467 - Geuzenland 25, Houten","address":"25 Geuzenland","city":"Houten","operatorName":"TotalEnergies","maxPowerKw":11,"isMegawatt":false,"status":"AVAILABLE","source":"ndw"}},{"type":"Feature","geometry":{"type":"Point","coordinates":[5.15391,52.0294]},"properties":{"type":"charge","layer":"passenger","locationId":"05e5bea39dbd60aefbf4e1072105b47b","name":"Romeinenpoort 31","address":"Romeinenpoort 31","city":"Houten","operatorName":"Vattenfall InCharge","maxPowerKw":11,"isMegawatt":false,"status":"AVAILABLE","source":"ndw","priceKwh":0.2805}},{"type":"Feature","geometry":{"type":"Point","coordinates":[5.16683,52.01949]},"properties":{"type":"charge","layer":"passenger","locationId":"8883da63-c974-4c1f-84e5-7615ffab6ad4","name":"PP001713 - Beukenhout 42, Houten","address":"42 Beukenhout","city":"Houten","operatorName":"TotalEnergies","maxPowerKw":11,"isMegawatt":false,"status":"AVAILABLE","source":"ndw"}},{"type":"Feature","geometry":{"type":"Point","coordinates":[5.169633,52.037365]},"properties":{"type":"charge","layer":"passenger","locationId":"C23D4425-824A-49CB-9467-8185D6104DC6","name":"PP005006 - Wielewaalhaag 2, Houten","address":"2 Wielewaalhaag","city":"Houten","operatorName":"TotalEnergies","maxPowerKw":11,"isMegawatt":false,"status":"AVAILABLE","source":"ndw"}},{"type":"Feature","geometry":{"type":"Point","coordinates":[5.165418,52.01662]},"properties":{"type":"charge","layer":"passenger","locationId":"8900FF83-F17D-4314-B17D-83049A92D395","name":"TNLP034193 - Fonteinwater 14, Houten","address":"14 Fonteinwater","city":"Houten","operatorName":"TotalEnergies","maxPowerKw":13,"isMegawatt":false,"status":"AVAILABLE","source":"ndw"}},{"type":"Feature","geometry":{"type":"Point","coordinates":[5.141785,52.041729]},"properties":{"type":"charge","layer":"passenger","locationId":"91260768","name":"50five-S NL 08102292","address":"Meidoornkade 12","city":"Houten","operatorName":"50five","maxPowerKw":11,"isMegawatt":false,"status":"AVAILABLE","source":"ndw"}},{"type":"Feature","geometry":{"type":"Point","coordinates":[5.168927,52.040997]},"properties":{"type":"charge","layer":"passenger","locationId":"894DC255-298D-4A0A-9584-D0DFF1214116","name":"TNLP007610 - Leeuwerikweide 39, Houten","address":"39 Leeuwerikweide","city":"Houten","operatorName":"TotalEnergies","maxPowerKw":17,"isMegawatt":false,"status":"AVAILABLE","source":"ndw"}},{"type":"Feature","geometry":{"type":"Point","coordinates":[5.194105,52.01518]},"properties":{"type":"charge","layer":"passenger","locationId":"1B488CE1-B321-40BA-AA46-0263B0636423","name":"TNLP005773 - Zilvermos 53, Houten","address":"53 Zilvermos","city":"Houten","operatorName":"TotalEnergies","maxPowerKw":17,"isMegawatt":false,"status":"AVAILABLE","source":"ndw"}},{"type":"Feature","geometry":{"type":"Point","coordinates":[5.138739,52.026705]},"properties":{"type":"charge","layer":"passenger","locationId":"3604062","name":"Laadnet Hoofdveste 19","address":"Hoofdveste 19","city":"Houten","operatorName":"Laadnet","maxPowerKw":22,"isMegawatt":false,"status":"AVAILABLE","source":"ndw"}},{"type":"Feature","geometry":{"type":"Point","coordinates":[5.17508,52.0099]},"properties":{"type":"charge","layer":"passenger","locationId":"91043804","name":"50five-S NL 07001899","address":"Kluismuur 5","city":"Houten","operatorName":"50five","maxPowerKw":11,"isMegawatt":false,"status":"CHARGING","source":"ndw"}},{"type":"Feature","geometry":{"type":"Point","coordinates":[5.1746295,52.0211669]},"properties":{"type":"charge","layer":"passenger","locationId":"1400","name":"Shell Recharge NL Wegenbouw 3","address":"Wegenbouw 3","city":"Houten","operatorName":"Ubitricity","maxPowerKw":22,"isMegawatt":false,"status":"AVAILABLE","source":"ndw","priceKwh":0.267}},{"type":"Feature","geometry":{"type":"Point","coordinates":[5.17474,52.03396]},"properties":{"type":"charge","layer":"passenger","locationId":"265","name":"Shell Recharge NL Glazeniersgilde 41","address":"Glazeniersgilde 41","city":"Houten","operatorName":"Ubitricity","maxPowerKw":11,"isMegawatt":false,"status":"CHARGING","source":"ndw","priceKwh":0.392}},{"type":"Feature","geometry":{"type":"Point","coordinates":[5.160788,52.014004]},"properties":{"type":"charge","layer":"passenger","locationId":"91096304","name":"50five-S NL 07004758","address":"Rijnpolder 75","city":"Houten","operatorName":"50five","maxPowerKw":10,"isMegawatt":false,"status":"AVAILABLE","source":"ndw"}},{"type":"Feature","geometry":{"type":"Point","coordinates":[5.168256,52.03839]},"properties":{"type":"charge","layer":"passenger","locationId":"7fc1315cb7436c50af752550106036a4","name":"Koolmeeshaag 26","address":"Koolmeeshaag 26","city":"Houten","operatorName":"Vattenfall InCharge","maxPowerKw":11,"isMegawatt":false,"status":"AVAILABLE","source":"ndw","priceKwh":0.2805}},{"type":"Feature","geometry":{"type":"Point","coordinates":[5.150786,52.019453]},"properties":{"type":"charge","layer":"passenger","locationId":"91148486","name":"50five-S NL 03008879","address":"p/a Sleepboot 7","city":"Houten","operatorName":"50five","maxPowerKw":11,"isMegawatt":false,"status":"AVAILABLE","source":"ndw"}},{"type":"Feature","geometry":{"type":"Point","coordinates":[5.140067,52.036335]},"properties":{"type":"charge","layer":"passenger","locationId":"6756fc91b4eea82fdcc78ed4","name":"Huurdersvereniging \"Paviljoen de Toekomst\"","address":"Meidoornkade 29 -33","city":"Houten","operatorName":"Pluq","maxPowerKw":22,"isMegawatt":false,"status":"AVAILABLE","source":"ndw","priceKwh":0.5}},{"type":"Feature","geometry":{"type":"Point","coordinates":[5.136805,52.044217]},"properties":{"type":"charge","layer":"passenger","locationId":"3774255","name":"Laadnet G de Kruijf transport BV","address":"Utrechtseweg 21","city":"Houten","operatorName":"Laadnet","maxPowerKw":22,"isMegawatt":false,"status":"AVAILABLE","source":"ndw"}},{"type":"Feature","geometry":{"type":"Point","coordinates":[5.181951,52.020622]},"properties":{"type":"charge","layer":"passenger","locationId":"15633AF3-D302-4381-A2A4-3AE643DB1081","name":"TNLP009127 - Rijnspoor 22, Houten","address":"22 Rijnspoor","city":"Houten","operatorName":"TotalEnergies","maxPowerKw":17,"isMegawatt":false,"status":"AVAILABLE","source":"ndw"}},{"type":"Feature","geometry":{"type":"Point","coordinates":[5.14153,52.03945]},"properties":{"type":"charge","layer":"passenger","locationId":"7D145BF0-34AE-42E4-8120-030142A5CAE8","name":"TNLP003513 - Meidoornkade 22, Houten","address":"22 Meidoornkade","city":"Houten","operatorName":"TotalEnergies","maxPowerKw":17,"isMegawatt":false,"status":"AVAILABLE","source":"ndw"}},{"type":"Feature","geometry":{"type":"Point","coordinates":[5.1731454,52.0108787]},"properties":{"type":"charge","layer":"passenger","locationId":"950","name":"Shell Recharge NL Galerijmuur 1","address":"Galerijmuur 1","city":"Houten","operatorName":"Ubitricity","maxPowerKw":22,"isMegawatt":false,"status":"AVAILABLE","source":"ndw","priceKwh":0.267}},{"type":"Feature","geometry":{"type":"Point","coordinates":[5.185928,52.013914]},"properties":{"type":"charge","layer":"passenger","locationId":"086329eaf053650e44ef12a067a16c64","name":"Kamgras 40","address":"Kamgras 40","city":"Houten","operatorName":"Vattenfall InCharge","maxPowerKw":11,"isMegawatt":false,"status":"AVAILABLE","source":"ndw","priceKwh":0.2805}},{"type":"Feature","geometry":{"type":"Point","coordinates":[5.17931,52.0105]},"properties":{"type":"charge","layer":"passenger","locationId":"390","name":"Shell Recharge NL Drijfsteen 2","address":"Drijfsteen 2","city":"Houten","operatorName":"Ubitricity","maxPowerKw":11,"isMegawatt":false,"status":"AVAILABLE","source":"ndw","priceKwh":0.392}},{"type":"Feature","geometry":{"type":"Point","coordinates":[5.17975,52.03749]},"properties":{"type":"charge","layer":"passenger","locationId":"4e94afeb-e0d7-4c04-8d41-04ebf4d7adc5","name":"PP001343 - Distelvlinderberm 96, Houten","address":"96 Distelvlinderberm","city":"Houten","operatorName":"TotalEnergies","maxPowerKw":11,"isMegawatt":false,"status":"UNAVAILABLE","source":"ndw"}},{"type":"Feature","geometry":{"type":"Point","coordinates":[5.167905,52.01608]},"properties":{"type":"charge","layer":"passenger","locationId":"a62aee13-3627-4b57-b86d-0a463f940400","name":"TNLP007480 - Kristalwater 13, Houten","address":"13 Kristalwater","city":"Houten","operatorName":"TotalEnergies","maxPowerKw":17,"isMegawatt":false,"status":"AVAILABLE","source":"ndw"}},{"type":"Feature","geometry":{"type":"Point","coordinates":[5.17009,52.019442]},"properties":{"type":"charge","layer":"passenger","locationId":"91229521","name":"50five-S NL 07006121","address":"De Gaarde 2","city":"Houten","operatorName":"50five","maxPowerKw":11,"isMegawatt":false,"status":"UNAVAILABLE","source":"ndw"}},{"type":"Feature","geometry":{"type":"Point","coordinates":[5.14381,52.022825]},"properties":{"type":"charge","layer":"passenger","locationId":"91109902","name":"50five-S NL Houten, Duwboot 2","address":"Duwboot 2","city":"Houten","operatorName":"50five","maxPowerKw":6,"isMegawatt":false,"status":"AVAILABLE","source":"ndw"}},{"type":"Feature","geometry":{"type":"Point","coordinates":[5.185578,52.018884]},"properties":{"type":"charge","layer":"passenger","locationId":"7185c818d2f6c67f32d999dc8192de9d","name":"Tulpentuin 18","address":"Tulpentuin 18","city":"Houten","operatorName":"Vattenfall InCharge","maxPowerKw":11,"isMegawatt":false,"status":"AVAILABLE","source":"ndw","priceKwh":0.2805}},{"type":"Feature","geometry":{"type":"Point","coordinates":[5.18414,52.01523]},"properties":{"type":"charge","layer":"passenger","locationId":"bc3fa440-a709-4c0e-8ab1-d8e8cc071618","name":"PP001767 - Parelgras 36, Houten","address":"36 Parelgras","city":"Houten","operatorName":"TotalEnergies","maxPowerKw":11,"isMegawatt":false,"status":"AVAILABLE","source":"ndw"}},{"type":"Feature","geometry":{"type":"Point","coordinates":[5.144139,52.022662]},"properties":{"type":"charge","layer":"passenger","locationId":"91149464","name":"50five-S NL Houten, Duwboot 2","address":"Duwboot 2","city":"Houten","operatorName":"50five","maxPowerKw":6,"isMegawatt":false,"status":"AVAILABLE","source":"ndw"}},{"type":"Feature","geometry":{"type":"Point","coordinates":[5.147069,52.039065]},"properties":{"type":"charge","layer":"passenger","locationId":"47BED712-D5DA-4E3D-919C-05C1F9E3CFB9","name":"Eneco eMobility Zinnovators BV - Houten","address":"Peppelkade 46","city":"Houten","operatorName":"Eneco","maxPowerKw":11,"isMegawatt":false,"status":"AVAILABLE","source":"ndw","priceKwh":0.3}},{"type":"Feature","geometry":{"type":"Point","coordinates":[5.162652,52.017086]},"properties":{"type":"charge","layer":"passenger","locationId":"C5BE5E43-6C3F-4AFF-A854-AE72CA684B7A","name":"TNLP007142 - Ballastwater 2, Houten","address":"2 Ballastwater","city":"Houten","operatorName":"TotalEnergies","maxPowerKw":17,"isMegawatt":false,"status":"AVAILABLE","source":"ndw"}},{"type":"Feature","geometry":{"type":"Point","coordinates":[5.198285,52.020138]},"properties":{"type":"charge","layer":"passenger","locationId":"6911FAE5-C540-4ECC-949C-525ABA0EED42","name":"TNLP007639 - Gletsjermeer 101, Houten","address":"101 Gletsjermeer","city":"Houten","operatorName":"TotalEnergies","maxPowerKw":17,"isMegawatt":false,"status":"UNAVAILABLE","source":"ndw"}},{"type":"Feature","geometry":{"type":"Point","coordinates":[5.179097,52.019592]},"properties":{"type":"charge","layer":"passenger","locationId":"25AC1853-2909-4BCA-B9F8-8714F5916D4D","name":"PP005372 - Hollandsspoor 1, Houten","address":"1 Hollandsspoor","city":"Houten","operatorName":"TotalEnergies","maxPowerKw":11,"isMegawatt":false,"status":"CHARGING","source":"ndw"}},{"type":"Feature","geometry":{"type":"Point","coordinates":[5.160679,52.01603]},"properties":{"type":"charge","layer":"passenger","locationId":"D289142F-B7D1-4F1C-9EC0-9C708D364BA6","name":"PP005500 - Sodawater 29, Houten","address":"29 Sodawater","city":"Houten","operatorName":"TotalEnergies","maxPowerKw":11,"isMegawatt":false,"status":"AVAILABLE","source":"ndw"}},{"type":"Feature","geometry":{"type":"Point","coordinates":[5.17968,52.01371]},"properties":{"type":"charge","layer":"passenger","locationId":"1541","name":"Shell Recharge NL Kiezelsteen 1","address":"Kiezelsteen 1","city":"Houten","operatorName":"Ubitricity","maxPowerKw":11,"isMegawatt":false,"status":"AVAILABLE","source":"ndw","priceKwh":0.392}},{"type":"Feature","geometry":{"type":"Point","coordinates":[5.18566,52.02198]},"properties":{"type":"charge","layer":"passenger","locationId":"456","name":"Shell Recharge NL Rotstuin 16","address":"Rotstuin 16","city":"Houten","operatorName":"Ubitricity","maxPowerKw":11,"isMegawatt":false,"status":"AVAILABLE","source":"ndw","priceKwh":0.392}},{"type":"Feature","geometry":{"type":"Point","coordinates":[5.156666,52.026907]},"properties":{"type":"charge","layer":"passenger","locationId":"923382","name":"DAE_NL_2001231","address":"Vikingenpoort 7","city":"Houten","operatorName":"DAEN Mobility","maxPowerKw":11,"isMegawatt":false,"status":"UNAVAILABLE","source":"ndw","priceKwh":0.28}},{"type":"Feature","geometry":{"type":"Point","coordinates":[5.162058,52.017718]},"properties":{"type":"charge","layer":"passenger","locationId":"91056567","name":"50five-S NL 07102489","address":"Ballastwater 29","city":"Houten","operatorName":"50five","maxPowerKw":17,"isMegawatt":false,"status":"CHARGING","source":"ndw"}},{"type":"Feature","geometry":{"type":"Point","coordinates":[5.155329,52.030327]},"properties":{"type":"charge","layer":"passenger","locationId":"75949621-835B-4F3B-822F-446747619A80","name":"TNLP007924 - Batavenpoort 14, Houten","address":"14 Batavenpoort","city":"Houten","operatorName":"TotalEnergies","maxPowerKw":17,"isMegawatt":false,"status":"AVAILABLE","source":"ndw"}},{"type":"Feature","geometry":{"type":"Point","coordinates":[5.191953,52.016773]},"properties":{"type":"charge","layer":"passenger","locationId":"9EA73035-A74E-4D16-8B9D-AF8A6E56E6F2","name":"TNLP007640 - Schijfmos 29, Houten","address":"29 Schijfmos","city":"Houten","operatorName":"TotalEnergies","maxPowerKw":17,"isMegawatt":false,"status":"AVAILABLE","source":"ndw"}},{"type":"Feature","geometry":{"type":"Point","coordinates":[5.19098,52.01464]},"properties":{"type":"charge","layer":"passenger","locationId":"520af865-8733-4cc1-bc71-d8fdceabce22","name":"PP001495 - Zijdemos 27, Houten","address":"27 Zijdemos","city":"Houten","operatorName":"TotalEnergies","maxPowerKw":11,"isMegawatt":false,"status":"AVAILABLE","source":"ndw"}},{"type":"Feature","geometry":{"type":"Point","coordinates":[5.168082,52.040125]},"properties":{"type":"charge","layer":"passenger","locationId":"029d2411e687b04c767f36c40a81d30f","name":"De Haag 52","address":"De Haag 52","city":"Houten","operatorName":"Vattenfall InCharge","maxPowerKw":11,"isMegawatt":false,"status":"AVAILABLE","source":"ndw","priceKwh":0.2805}},{"type":"Feature","geometry":{"type":"Point","coordinates":[5.157988,52.038387]},"properties":{"type":"charge","layer":"passenger","locationId":"683022524a1a21c933844a7d","name":"Cornell Jaspers 's station","address":"Bramengaarde 21","city":"Houten","operatorName":"E-Flux by Road","maxPowerKw":22,"isMegawatt":false,"status":"CHARGING","source":"ndw","priceKwh":0.53}},{"type":"Feature","geometry":{"type":"Point","coordinates":[5.191874,52.014416]},"properties":{"type":"charge","layer":"passenger","locationId":"5642779d-79bc-432a-9f50-e492a23428c1","name":"TNLP009053 - Fluweelmos 1, Houten","address":"1 Fluweelmos","city":"Houten","operatorName":"TotalEnergies","maxPowerKw":17,"isMegawatt":false,"status":"CHARGING","source":"ndw"}},{"type":"Feature","geometry":{"type":"Point","coordinates":[5.193914,52.02124]},"properties":{"type":"charge","layer":"passenger","locationId":"64331FB6-04E6-4FAA-87FF-5C64476C9F3A","name":"TNLP034361 - Moerasmeer 74, Houten","address":"74 Moerasmeer","city":"Houten","operatorName":"TotalEnergies","maxPowerKw":13,"isMegawatt":false,"status":"UNAVAILABLE","source":"ndw"}},{"type":"Feature","geometry":{"type":"Point","coordinates":[5.159789,52.015793]},"properties":{"type":"charge","layer":"passenger","locationId":"9CD520BD-68EB-4FF7-A1ED-357CE817DEA0","name":"TNLP015000 - Sodawater 84, Houten","address":"84 Sodawater","city":"Houten","operatorName":"TotalEnergies","maxPowerKw":17,"isMegawatt":false,"status":"AVAILABLE","source":"ndw"}},{"type":"Feature","geometry":{"type":"Point","coordinates":[5.160806,52.034977]},"properties":{"type":"charge","layer":"passenger","locationId":"C27A85A2-0430-4B23-868E-92DCF27CBB0E","name":"TNLP015306 - Kleihoeve 2, Houten","address":"2 Kleihoeve","city":"Houten","operatorName":"TotalEnergies","maxPowerKw":17,"isMegawatt":false,"status":"AVAILABLE","source":"ndw"}},{"type":"Feature","geometry":{"type":"Point","coordinates":[5.17057,52.01228]},"properties":{"type":"charge","layer":"passenger","locationId":"1544","name":"Shell Recharge NL Kloostermuur 2","address":"Kloostermuur 2","city":"Houten","operatorName":"Ubitricity","maxPowerKw":11,"isMegawatt":false,"status":"CHARGING","source":"ndw","priceKwh":0.392}},{"type":"Feature","geometry":{"type":"Point","coordinates":[5.175192,52.04094]},"properties":{"type":"charge","layer":"passenger","locationId":"983A6453-AB88-4781-AC6E-1239B79589E5","name":"TNLP005819 - Halsterveld 53, Houten","address":"53 Halsterveld","city":"Houten","operatorName":"TotalEnergies","maxPowerKw":11,"isMegawatt":false,"status":"CHARGING","source":"ndw"}},{"type":"Feature","geometry":{"type":"Point","coordinates":[5.177598,52.018647]},"properties":{"type":"charge","layer":"passenger","locationId":"60e80d856db4f848b6a1ced4","name":"De Bouw 149, Houten","address":"De Bouw 149","city":"Houten","operatorName":"E-Flux by Road","maxPowerKw":22,"isMegawatt":false,"status":"AVAILABLE","source":"ndw","priceKwh":0.63}},{"type":"Feature","geometry":{"type":"Point","coordinates":[5.1917148,52.0118661]},"properties":{"type":"charge","layer":"passenger","locationId":"1059","name":"Shell Recharge NL Kantmos 81","address":"Kantmos 81","city":"Houten","operatorName":"Ubitricity","maxPowerKw":22,"isMegawatt":false,"status":"AVAILABLE","source":"ndw","priceKwh":0.267}},{"type":"Feature","geometry":{"type":"Point","coordinates":[5.193785,52.022535]},"properties":{"type":"charge","layer":"passenger","locationId":"67b6de8ac805b3ad900da2b3","name":"Ranil’s Recharge","address":"Stuwmeer 39","city":"Houten","operatorName":"E-Flux by Road","maxPowerKw":14,"isMegawatt":false,"status":"CHARGING","source":"ndw","priceKwh":0.38}},{"type":"Feature","geometry":{"type":"Point","coordinates":[5.1951,52.01723]},"properties":{"type":"charge","layer":"passenger","locationId":"1663","name":"Shell Recharge NL Witmos 2","address":"Witmos 2","city":"Houten","operatorName":"Ubitricity","maxPowerKw":11,"isMegawatt":false,"status":"AVAILABLE","source":"ndw","priceKwh":0.392}},{"type":"Feature","geometry":{"type":"Point","coordinates":[5.192389,51.992316]},"properties":{"type":"charge","layer":"passenger","locationId":"c04b93c1-b42d-4484-8a76-a2442a5ed4b5","name":"TNLP034469","address":"Schalkwijkseweg 32","city":"Schalkwijk","operatorName":"TotalEnergies","maxPowerKw":14,"isMegawatt":false,"status":"AVAILABLE","source":"ndw"}},{"type":"Feature","geometry":{"type":"Point","coordinates":[5.1913952,52.025199]},"properties":{"type":"charge","layer":"passenger","locationId":"1226","name":"Shell Recharge NL Duinmeer 114","address":"Duinmeer 114","city":"Houten","operatorName":"Ubitricity","maxPowerKw":22,"isMegawatt":false,"status":"AVAILABLE","source":"ndw","priceKwh":0.267}},{"type":"Feature","geometry":{"type":"Point","coordinates":[5.1631,52.0123]},"properties":{"type":"charge","layer":"passenger","locationId":"3782912","name":"Laadnet Bouwbedrijf Barten B.V.","address":"Kaagschip 7","city":"Houten","operatorName":"Laadnet","maxPowerKw":22,"isMegawatt":false,"status":"AVAILABLE","source":"ndw"}},{"type":"Feature","geometry":{"type":"Point","coordinates":[5.144352,52.026958]},"properties":{"type":"charge","layer":"passenger","locationId":"6971cb1233f8809989200bb0","name":"Blom Houten 02","address":"Bergveste 6","city":"Houten","operatorName":"Lanova Laadpalen","maxPowerKw":22,"isMegawatt":false,"status":"AVAILABLE","source":"ndw","priceKwh":1.03}},{"type":"Feature","geometry":{"type":"Point","coordinates":[5.15797,52.037933]},"properties":{"type":"charge","layer":"passenger","locationId":"7ea5392c0d3933f166de2122a982d430","name":"Bramengaarde 26","address":"Bramengaarde 26","city":"Houten","operatorName":"Vattenfall InCharge","maxPowerKw":11,"isMegawatt":false,"status":"AVAILABLE","source":"ndw","priceKwh":0.2805}},{"type":"Feature","geometry":{"type":"Point","coordinates":[5.175463,52.021484]},"properties":{"type":"charge","layer":"passenger","locationId":"C5F06071-DDF0-471F-AD05-17F071157A31","name":"TNLP009084 - De Bouw 21, Houten","address":"21 De Bouw","city":"Houten","operatorName":"TotalEnergies","maxPowerKw":17,"isMegawatt":false,"status":"UNAVAILABLE","source":"ndw"}},{"type":"Feature","geometry":{"type":"Point","coordinates":[5.146693,52.029411]},"properties":{"type":"charge","layer":"passenger","locationId":"91095910","name":"50five-S NL Luuk Breimer","address":"Stuiverslag 5","city":"Houten","operatorName":"50five","maxPowerKw":4,"isMegawatt":false,"status":"AVAILABLE","source":"ndw"}},{"type":"Feature","geometry":{"type":"Point","coordinates":[5.175001,52.035755]},"properties":{"type":"charge","layer":"passenger","locationId":"FD097B6A-167B-4E92-B4A2-E99FFE1698A3","name":"PP005630 - Goudsmedengilde 19, Houten","address":"19 Goudsmedengilde","city":"Houten","operatorName":"TotalEnergies","maxPowerKw":11,"isMegawatt":false,"status":"AVAILABLE","source":"ndw"}},{"type":"Feature","geometry":{"type":"Point","coordinates":[5.19149,52.01344]},"properties":{"type":"charge","layer":"passenger","locationId":"1499","name":"Shell Recharge NL Fluweelmos 31","address":"Fluweelmos 31","city":"Houten","operatorName":"Ubitricity","maxPowerKw":11,"isMegawatt":false,"status":"AVAILABLE","source":"ndw","priceKwh":0.392}},{"type":"Feature","geometry":{"type":"Point","coordinates":[5.159249,52.014948]},"properties":{"type":"charge","layer":"passenger","locationId":"07000bcbec04859da9fbb9fcfa0d4886","name":"Sodawater 112","address":"Sodawater 112","city":"Houten","operatorName":"Vattenfall InCharge","maxPowerKw":11,"isMegawatt":false,"status":"AVAILABLE","source":"ndw","priceKwh":0.2805}},{"type":"Feature","geometry":{"type":"Point","coordinates":[5.178794,52.01446]},"properties":{"type":"charge","layer":"passenger","locationId":"C81B07E7-D7F9-40A1-96CC-CC0E34868A12","name":"TNLP034342 - Leisteen 34, Houten","address":"34 Leisteen","city":"Houten","operatorName":"TotalEnergies","maxPowerKw":13,"isMegawatt":false,"status":"UNAVAILABLE","source":"ndw"}},{"type":"Feature","geometry":{"type":"Point","coordinates":[5.182413,51.99602]},"properties":{"type":"charge","layer":"passenger","locationId":"F80A06CD-FD64-440E-858B-184566CDBABA","name":"TNLP003685 - de Groes 2 B, Schalkwijk","address":"2 B de Groes","city":"Schalkwijk","operatorName":"TotalEnergies","maxPowerKw":17,"isMegawatt":false,"status":"AVAILABLE","source":"ndw"}},{"type":"Feature","geometry":{"type":"Point","coordinates":[5.145311,52.023128]},"properties":{"type":"charge","layer":"passenger","locationId":"6697ba61d90304001c4ffb20","name":"Schadenet Winkel","address":"Duwvboot 77","city":"Houten","operatorName":"E-Flux by Road","maxPowerKw":22,"isMegawatt":false,"status":"AVAILABLE","source":"ndw","priceKwh":0.53}},{"type":"Feature","geometry":{"type":"Point","coordinates":[5.175533,52.04352]},"properties":{"type":"charge","layer":"passenger","locationId":"C8C65000-A92B-41F5-8BB5-A71DE1B81005","name":"TNLP007280 - Gaffelveld 37, Houten","address":"37 Gaffelveld","city":"Houten","operatorName":"TotalEnergies","maxPowerKw":17,"isMegawatt":false,"status":"AVAILABLE","source":"ndw"}},{"type":"Feature","geometry":{"type":"Point","coordinates":[5.195996,52.018982]},"properties":{"type":"charge","layer":"passenger","locationId":"AF870865-1620-4C5C-A70B-FC0BA2C2632E","name":"PP004135 - Gletsjermeer 38, Houten","address":"38 Gletsjermeer","city":"Houten","operatorName":"TotalEnergies","maxPowerKw":11,"isMegawatt":false,"status":"AVAILABLE","source":"ndw"}},{"type":"Feature","geometry":{"type":"Point","coordinates":[5.176446,52.029236]},"properties":{"type":"charge","layer":"passenger","locationId":"E1AE0593-ACF8-4614-98C7-F75B4C198180","name":"TNLP005680 - De Molen 19, Houten","address":"19 De Molen","city":"Houten","operatorName":"TotalEnergies","maxPowerKw":17,"isMegawatt":false,"status":"AVAILABLE","source":"ndw"}},{"type":"Feature","geometry":{"type":"Point","coordinates":[5.17126,52.0112]},"properties":{"type":"charge","layer":"passenger","locationId":"549","name":"Shell Recharge NL Kanaalmuur 4","address":"Kanaalmuur 4","city":"Houten","operatorName":"Ubitricity","maxPowerKw":11,"isMegawatt":false,"status":"AVAILABLE","source":"ndw","priceKwh":0.392}},{"type":"Feature","geometry":{"type":"Point","coordinates":[5.17485,52.0326]},"properties":{"type":"charge","layer":"passenger","locationId":"EFDE8163-21D4-441F-90C9-3B564379DDF6","name":"PP005492 - Klompenmakersgilde 97, Houten","address":"97 Klompenmakersgilde","city":"Houten","operatorName":"TotalEnergies","maxPowerKw":11,"isMegawatt":false,"status":"AVAILABLE","source":"ndw"}},{"type":"Feature","geometry":{"type":"Point","coordinates":[5.194795,52.02173]},"properties":{"type":"charge","layer":"passenger","locationId":"B99874E0-AEEF-4F92-AFB4-9C4EC0DB33C9","name":"TNLP015259 - Moerasmeer 61, Houten","address":"61 Moerasmeer","city":"Houten","operatorName":"TotalEnergies","maxPowerKw":17,"isMegawatt":false,"status":"AVAILABLE","source":"ndw"}},{"type":"Feature","geometry":{"type":"Point","coordinates":[5.170283,52.031855]},"properties":{"type":"charge","layer":"passenger","locationId":"68affb812b2fd4e3ab68f75b","name":"De Molen 82  3","address":"De Molen 82","city":"Houten","operatorName":"E-Flux by Road","maxPowerKw":22,"isMegawatt":false,"status":"AVAILABLE","source":"ndw","priceKwh":0.48}},{"type":"Feature","geometry":{"type":"Point","coordinates":[5.1812961,52.0119186]},"properties":{"type":"charge","layer":"passenger","locationId":"2043","name":"Shell Recharge NL Maansteen 9","address":"Maansteen 9","city":"Houten","operatorName":"Ubitricity","maxPowerKw":22,"isMegawatt":false,"status":"AVAILABLE","source":"ndw","priceKwh":0.267}},{"type":"Feature","geometry":{"type":"Point","coordinates":[5.149053,52.029022]},"properties":{"type":"charge","layer":"passenger","locationId":"105CD7A4-406C-434B-BF36-D68CE55DD736","name":"PP004151 - Muntslag 22, Houten","address":"22 Muntslag","city":"Houten","operatorName":"TotalEnergies","maxPowerKw":11,"isMegawatt":false,"status":"AVAILABLE","source":"ndw"}},{"type":"Feature","geometry":{"type":"Point","coordinates":[5.15087,52.035015]},"properties":{"type":"charge","layer":"passenger","locationId":"726A0637-A5E6-4D8D-9779-DB883AF08855","name":"TNLP006754 - Riddersborch 35, Houten","address":"35 Riddersborch","city":"Houten","operatorName":"TotalEnergies","maxPowerKw":17,"isMegawatt":false,"status":"AVAILABLE","source":"ndw"}},{"type":"Feature","geometry":{"type":"Point","coordinates":[5.148327,52.03317]},"properties":{"type":"charge","layer":"passenger","locationId":"86E1CEC0-2378-40B8-8D53-62E4F7519045","name":"TNLP005822 - Hoorncamp 21, Houten","address":"21 Hoorncamp","city":"Houten","operatorName":"TotalEnergies","maxPowerKw":17,"isMegawatt":false,"status":"AVAILABLE","source":"ndw"}},{"type":"Feature","geometry":{"type":"Point","coordinates":[5.146267,52.041438]},"properties":{"type":"charge","layer":"passenger","locationId":"622784f4cc9f5d583dd35ab7","name":"Aangenaam Badkamers station 1","address":"Elzenkade  2","city":"Houten","operatorName":"E-Flux by Road","maxPowerKw":22,"isMegawatt":false,"status":"AVAILABLE","source":"ndw","priceKwh":0.56}},{"type":"Feature","geometry":{"type":"Point","coordinates":[5.187931,52.019005]},"properties":{"type":"charge","layer":"passenger","locationId":"5B03C6A5-0027-4E84-BEF9-AB1EC088AA93","name":"Laadplein - PP005007 - Bloesemtuin 17, Houten","address":"17 Bloesemtuin","city":"Houten","operatorName":"TotalEnergies","maxPowerKw":15,"isMegawatt":false,"status":"AVAILABLE","source":"ndw"}},{"type":"Feature","geometry":{"type":"Point","coordinates":[5.166496,52.039585]},"properties":{"type":"charge","layer":"passenger","locationId":"274B19AA-A16F-4A57-9235-13E62413DD34","name":"PP005018 - Sijsjeshaag 23, Houten","address":"23 Sijsjeshaag","city":"Houten","operatorName":"TotalEnergies","maxPowerKw":11,"isMegawatt":false,"status":"AVAILABLE","source":"ndw"}},{"type":"Feature","geometry":{"type":"Point","coordinates":[5.15896,52.03381]},"properties":{"type":"charge","layer":"passenger","locationId":"d96112af-004d-4593-999c-d2654e67dd1f","name":"PP001707 - Pruimengaarde 1, Houten","address":"1 Pruimengaarde","city":"Houten","operatorName":"TotalEnergies","maxPowerKw":11,"isMegawatt":false,"status":"AVAILABLE","source":"ndw"}},{"type":"Feature","geometry":{"type":"Point","coordinates":[5.16444,52.01305]},"properties":{"type":"charge","layer":"passenger","locationId":"21B843C3-E2F7-4825-A01F-D68F8AE3E5C0","name":"PP001468 - Vechtpolder 12, Houten","address":"12 Vechtpolder","city":"Houten","operatorName":"TotalEnergies","maxPowerKw":11,"isMegawatt":false,"status":"AVAILABLE","source":"ndw"}},{"type":"Feature","geometry":{"type":"Point","coordinates":[5.173624,52.01313]},"properties":{"type":"charge","layer":"passenger","locationId":"0605CDC4-ED88-4341-9C3F-706B504086FF","name":"TNLP008238 - Cascademuur 20, Houten","address":"20 Cascademuur","city":"Houten","operatorName":"TotalEnergies","maxPowerKw":17,"isMegawatt":false,"status":"AVAILABLE","source":"ndw"}},{"type":"Feature","geometry":{"type":"Point","coordinates":[5.145719,52.035347]},"properties":{"type":"charge","layer":"passenger","locationId":"D45BFA3F-8059-4DA9-A460-D971BA5E136A","name":"PP005431 - Schegcamp 7, Houten","address":"7 Schegcamp","city":"Houten","operatorName":"TotalEnergies","maxPowerKw":11,"isMegawatt":false,"status":"AVAILABLE","source":"ndw"}},{"type":"Feature","geometry":{"type":"Point","coordinates":[5.131304,52.001045]},"properties":{"type":"charge","layer":"passenger","locationId":"5746D68A-D94E-413C-ABD7-F697C649AD4E","name":"TNLP034546 - Kerkebogerd 25, Tull en 't Waal","address":"25 Kerkebogerd","city":"Tull en 't Waal","operatorName":"TotalEnergies","maxPowerKw":13,"isMegawatt":false,"status":"UNAVAILABLE","source":"ndw"}},{"type":"Feature","geometry":{"type":"Point","coordinates":[5.159264,52.0149]},"properties":{"type":"charge","layer":"passenger","locationId":"6254B9FA-4C9D-40B2-BE21-A3FF5A855DD3","name":"TNLP007241 - Viswater 74, Houten","address":"74 Viswater","city":"Houten","operatorName":"TotalEnergies","maxPowerKw":17,"isMegawatt":false,"status":"CHARGING","source":"ndw"}},{"type":"Feature","geometry":{"type":"Point","coordinates":[5.165845,52.03352]},"properties":{"type":"charge","layer":"passenger","locationId":"CB1147F1-4B20-48CA-8557-E0C0199B0043","name":"TNLP034178 - De Slinger 27, Houten","address":"27 De Slinger","city":"Houten","operatorName":"TotalEnergies","maxPowerKw":13,"isMegawatt":false,"status":"AVAILABLE","source":"ndw"}},{"type":"Feature","geometry":{"type":"Point","coordinates":[5.17804,52.01619]},"properties":{"type":"charge","layer":"passenger","locationId":"444aa812-fb4b-4557-a6a6-5b6bbdd44ecd","name":"Piazza 98","address":"Piazza 98","city":"HOUTEN","operatorName":"Vattenfall InCharge","maxPowerKw":22,"isMegawatt":false,"status":"AVAILABLE","source":"ndw","priceKwh":0.38}},{"type":"Feature","geometry":{"type":"Point","coordinates":[5.149007,52.031097]},"properties":{"type":"charge","layer":"passenger","locationId":"54B2CDFC-A5F1-4361-91BF-06574F1F1FF0","name":"TNLP007641 - Nobelslag 88, Houten","address":"88 Nobelslag","city":"Houten","operatorName":"TotalEnergies","maxPowerKw":17,"isMegawatt":false,"status":"AVAILABLE","source":"ndw"}},{"type":"Feature","geometry":{"type":"Point","coordinates":[5.181972,52.022713]},"properties":{"type":"charge","layer":"passenger","locationId":"05DDF938-2043-472A-8126-81411D1A4034","name":"TNLP009719 - Kruisvaardersland 58, Houten","address":"58 Kruisvaardersland","city":"Houten","operatorName":"TotalEnergies","maxPowerKw":17,"isMegawatt":false,"status":"AVAILABLE","source":"ndw"}},{"type":"Feature","geometry":{"type":"Point","coordinates":[5.181649,52.03803]},"properties":{"type":"charge","layer":"passenger","locationId":"BB79C4C0-D91D-49CA-B9CF-34496B29E78E","name":"TNLP007940 - Vuurvlinderberm 1, Houten","address":"1 Vuurvlinderberm","city":"Houten","operatorName":"TotalEnergies","maxPowerKw":17,"isMegawatt":false,"status":"AVAILABLE","source":"ndw"}},{"type":"Feature","geometry":{"type":"Point","coordinates":[5.164278,52.030926]},"properties":{"type":"charge","layer":"passenger","locationId":"533C1172-2F1B-409F-ADD1-D3B2CCA2554E","name":"PP005332 - Klaverhof 26, Houten","address":"26 Klaverhof","city":"Houten","operatorName":"TotalEnergies","maxPowerKw":11,"isMegawatt":false,"status":"AVAILABLE","source":"ndw"}},{"type":"Feature","geometry":{"type":"Point","coordinates":[5.18787,52.024731]},"properties":{"type":"charge","layer":"passenger","locationId":"634041e0657df0f46b3ea690","name":"Jeff Verheul 's station","address":"Kasteeltuin  7","city":"Houten","operatorName":"E-Flux by Road","maxPowerKw":11,"isMegawatt":false,"status":"AVAILABLE","source":"ndw","priceKwh":0.58}},{"type":"Feature","geometry":{"type":"Point","coordinates":[5.162746,52.014263]},"properties":{"type":"charge","layer":"passenger","locationId":"0C63D43C-7282-43DC-9BE5-6C5F9F14C750","name":"TNLP008433 - Rijnpolder 47, Houten","address":"47 Rijnpolder","city":"Houten","operatorName":"TotalEnergies","maxPowerKw":13,"isMegawatt":false,"status":"AVAILABLE","source":"ndw"}},{"type":"Feature","geometry":{"type":"Point","coordinates":[5.184161,52.020496]},"properties":{"type":"charge","layer":"passenger","locationId":"0263E1D9-80B9-46E9-B37B-651E68742AF2","name":"TNLP007087 - Lelietuin 23, Houten","address":"23 Lelietuin","city":"Houten","operatorName":"TotalEnergies","maxPowerKw":17,"isMegawatt":false,"status":"AVAILABLE","source":"ndw"}},{"type":"Feature","geometry":{"type":"Point","coordinates":[5.18903,52.016445]},"properties":{"type":"charge","layer":"passenger","locationId":"14BCCB37-14AE-4579-925A-286D06CD607F","name":"PP005608 - Schijfmos 80, Houten","address":"80 Schijfmos","city":"Houten","operatorName":"TotalEnergies","maxPowerKw":11,"isMegawatt":false,"status":"CHARGING","source":"ndw"}},{"type":"Feature","geometry":{"type":"Point","coordinates":[5.175862,52.011543]},"properties":{"type":"charge","layer":"passenger","locationId":"5B4D8C59-FFCC-4408-A327-8AD5E1E4773E","name":"TNLP007558 - Dobbelsteen 1, Houten","address":"1 Dobbelsteen","city":"Houten","operatorName":"TotalEnergies","maxPowerKw":17,"isMegawatt":false,"status":"AVAILABLE","source":"ndw"}},{"type":"Feature","geometry":{"type":"Point","coordinates":[5.156672,52.034317]},"properties":{"type":"charge","layer":"passenger","locationId":"E7803111-00D7-4089-A938-01ED02002834","name":"TNLP007560 - Appelgaarde 56, Houten","address":"56 Appelgaarde","city":"Houten","operatorName":"TotalEnergies","maxPowerKw":17,"isMegawatt":false,"status":"AVAILABLE","source":"ndw"}},{"type":"Feature","geometry":{"type":"Point","coordinates":[5.184373,52.014374]},"properties":{"type":"charge","layer":"passenger","locationId":"E948CC37-F169-4E36-A0F3-27482BFADCD6","name":"TNLP006629 - Vedergras 27, Houten","address":"27 Vedergras","city":"Houten","operatorName":"TotalEnergies","maxPowerKw":17,"isMegawatt":false,"status":"AVAILABLE","source":"ndw"}},{"type":"Feature","geometry":{"type":"Point","coordinates":[5.15361,52.034042]},"properties":{"type":"charge","layer":"passenger","locationId":"5219D685-C4AB-4E5D-A84D-E21C0DDD016F","name":"TNLP005879 - Riddersborch 141, Houten","address":"141 Riddersborch","city":"Houten","operatorName":"TotalEnergies","maxPowerKw":11,"isMegawatt":false,"status":"AVAILABLE","source":"ndw"}},{"type":"Feature","geometry":{"type":"Point","coordinates":[5.154442,52.025597]},"properties":{"type":"charge","layer":"passenger","locationId":"91069563","name":"50five-S NL 07112939","address":"Warinenpoort 21","city":"Houten","operatorName":"50five","maxPowerKw":14,"isMegawatt":false,"status":"AVAILABLE","source":"ndw"}},{"type":"Feature","geometry":{"type":"Point","coordinates":[5.180155,52.010853]},"properties":{"type":"charge","layer":"passenger","locationId":"D02931E2-D5B9-4FA8-ABEB-55574BFA8263","name":"TNLP007642 - Gevelsteen 17, Houten","address":"17 Gevelsteen","city":"Houten","operatorName":"TotalEnergies","maxPowerKw":17,"isMegawatt":false,"status":"AVAILABLE","source":"ndw"}},{"type":"Feature","geometry":{"type":"Point","coordinates":[5.161763,52.016636]},"properties":{"type":"charge","layer":"passenger","locationId":"EB4F76B7-F652-47D0-A6CE-4C3B9F80568E","name":"TNLP007105 - Geiserwater 15, Houten","address":"15 Geiserwater","city":"Houten","operatorName":"TotalEnergies","maxPowerKw":17,"isMegawatt":false,"status":"AVAILABLE","source":"ndw"}},{"type":"Feature","geometry":{"type":"Point","coordinates":[5.16194,52.01593]},"properties":{"type":"charge","layer":"passenger","locationId":"d04e5e3f-fac4-4aff-9d8f-21fdfc8d9521","name":"PP002148 - Sodawater 11, Houten","address":"11 Sodawater","city":"Houten","operatorName":"TotalEnergies","maxPowerKw":11,"isMegawatt":false,"status":"AVAILABLE","source":"ndw"}},{"type":"Feature","geometry":{"type":"Point","coordinates":[5.171816,52.0175]},"properties":{"type":"charge","layer":"passenger","locationId":"8AB027D3-DC25-4EA5-B518-4A839643D18D","name":"TNLP034532 - Zonnehout 10, Houten","address":"10 Zonnehout","city":"Houten","operatorName":"TotalEnergies","maxPowerKw":13,"isMegawatt":false,"status":"AVAILABLE","source":"ndw"}},{"type":"Feature","geometry":{"type":"Point","coordinates":[5.173372,52.04131]},"properties":{"type":"charge","layer":"passenger","locationId":"E0BA9C43-D4D8-499A-BFEF-0FD79BEF3B9A","name":"TNLP009102 - Gruttoweide 11, Houten","address":"11 Gruttoweide","city":"Houten","operatorName":"TotalEnergies","maxPowerKw":17,"isMegawatt":false,"status":"AVAILABLE","source":"ndw"}},{"type":"Feature","geometry":{"type":"Point","coordinates":[5.182855,52.022087]},"properties":{"type":"charge","layer":"passenger","locationId":"CB84D27F-2EA7-4336-9AB7-B451168A4A43","name":"TNLP007901 - Horigenland 29, Houten","address":"29 Horigenland","city":"Houten","operatorName":"TotalEnergies","maxPowerKw":17,"isMegawatt":false,"status":"UNAVAILABLE","source":"ndw"}},{"type":"Feature","geometry":{"type":"Point","coordinates":[5.16971,52.01977]},"properties":{"type":"charge","layer":"passenger","locationId":"5DD188C8-B446-407D-B291-0CA3CC144968","name":"PP001169 - Teakhout 10, Houten","address":"10 Teakhout","city":"Houten","operatorName":"TotalEnergies","maxPowerKw":11,"isMegawatt":false,"status":"AVAILABLE","source":"ndw"}},{"type":"Feature","geometry":{"type":"Point","coordinates":[5.22334,52.00209]},"properties":{"type":"charge","layer":"passenger","locationId":"BAE7A97A-C44B-485E-9241-487890AD8622","name":"TNLP007042 - Kapelhof 1, T Goy","address":"1 Kapelhof","city":"T Goy","operatorName":"TotalEnergies","maxPowerKw":17,"isMegawatt":false,"status":"AVAILABLE","source":"ndw"}},{"type":"Feature","geometry":{"type":"Point","coordinates":[5.186438,52.017746]},"properties":{"type":"charge","layer":"passenger","locationId":"C6FFA55A-6C17-43DD-A84E-DAC75C375466","name":"TNLP006092 - Strekgras 2, Houten","address":"2 Strekgras","city":"Houten","operatorName":"TotalEnergies","maxPowerKw":17,"isMegawatt":false,"status":"AVAILABLE","source":"ndw"}},{"type":"Feature","geometry":{"type":"Point","coordinates":[5.15347,52.03083]},"properties":{"type":"charge","layer":"passenger","locationId":"9a709a5068853bf1c1637f34c92ac078","name":"Guldenslag 84","address":"Guldenslag 84","city":"Houten","operatorName":"Vattenfall InCharge","maxPowerKw":11,"isMegawatt":false,"status":"AVAILABLE","source":"ndw","priceKwh":0.2805}},{"type":"Feature","geometry":{"type":"Point","coordinates":[5.188104,51.996973]},"properties":{"type":"charge","layer":"passenger","locationId":"9d5410034c03a70c7dcd8b7ef733d41f","name":"Biesterlaan 18","address":"Biesterlaan 18","city":"Schalkwijk","operatorName":"Vattenfall InCharge","maxPowerKw":11,"isMegawatt":false,"status":"AVAILABLE","source":"ndw","priceKwh":0.2805}},{"type":"Feature","geometry":{"type":"MultiPolygon","coordinates":[[[[5.153030153595399,52.056757219321035],[5.160743089267683,52.04551466523421],[5.178836042629757,52.04572019835147],[5.178930240366908,52.04634040619643],[5.187366997395631,52.044123457450866],[5.189498833068095,52.043314123478105],[5.191472228345597,52.043044417378745],[5.188984159434034,52.038404687887926],[5.189540886843325,52.03698852958191],[5.192503148355396,52.03440880966689],[5.195432030442456,52.03642700379885],[5.199449384868009,52.03371726461185],[5.20091013184685,52.0316633141414],[5.1991027022052565,52.025219036474304],[5.200207536800119,52.022905272261326],[5.203526609783605,52.020076268719286],[5.202164562023826,52.01744688602719],[5.219373572637287,52.015215596462426],[5.2245007633455325,52.013436599497496],[5.230571581997752,52.010356165161156],[5.243190142128502,51.9987932896457],[5.242354654728058,51.99866223196375],[5.244017982030729,51.998350992866605],[5.243540574046875,51.997614081529],[5.245384811123156,51.99598396945751],[5.256129410802707,51.99361089468649],[5.253324875695652,51.99233526823163],[5.254140658346862,51.986070905873596],[5.271407094619932,51.98114506659032],[5.271267864398761,51.98105086695083],[5.266047035538819,51.975807190430544],[5.25627061765905,51.97094153997297],[5.246523229179499,51.977498403118226],[5.242269865057951,51.97872988826042],[5.236866550301667,51.978757640998246],[5.233006130853914,51.97755057524234],[5.2299119706539665,51.97564909777659],[5.2239562758607425,51.967814173565976],[5.219057796526924,51.96342768900848],[5.213469595753767,51.960666091743605],[5.213434821479945,51.96065331570196],[5.2059881740495415,51.959432516805045],[5.198844825110311,51.960197798057344],[5.189720025417896,51.962914247228625],[5.18022603912898,51.96744836344611],[5.172721350948942,51.96961735996542],[5.160952858924784,51.970470092229995],[5.154603015829026,51.971766195788014],[5.14971314978696,51.974271394992314],[5.14688265790885,51.97681745505073],[5.143610090948376,51.98414942063904],[5.143595383209782,51.98421830203412],[5.141880043128003,51.99073017285672],[5.139676310406057,51.99394331977896],[5.133867606991672,51.996687342264586],[5.1282163760631265,51.99775309322528],[5.119562825567581,51.99992422927092],[5.120820626365498,52.003324923496216],[5.121021955883042,52.003701381663035],[5.122836228533557,52.00860688842688],[5.125568722046711,52.01668654718278],[5.128350949041176,52.02461390420776],[5.130992896634691,52.024723887117744],[5.121773798433588,52.03043287226519],[5.129672032302122,52.0498528348522],[5.124717578696405,52.0499154327118],[5.126831549391866,52.054918190460846],[5.145675234752557,52.052559070470664],[5.149941116226566,52.05558920312274],[5.152808191877095,52.056687967567235],[5.153030153595399,52.056757219321035]]]]},"properties":{"type":"boundary","gemeente":"Houten","code":"GM0321"}}]}