{"type":"FeatureCollection","metadata":{"gemeente":"Leeuwarden","slug":"leeuwarden","code":"GM0080","generated_at":"2026-08-08T12:05:52.020Z","total_passenger":335,"total_freight":0,"bounds":[5.631992829421764,53.04584994077223,5.9496571883413365,53.29472214611921],"operators":["50five","Allego","Alva Charging Services","Blink Charging","DAEN Mobility","E-Flux by Road","Eneco","Fastned","IPCharging","Laadnet","Laadpaal24","Lidl","NXT Charging Solutions","PureCharged","Shell Recharge","TotalEnergies","Vattenfall InCharge"]},"features":[{"type":"Feature","geometry":{"type":"Point","coordinates":[5.802237,53.205756]},"properties":{"type":"charge","layer":"passenger","locationId":"OST23P0069_0035_0","name":"OST23P0069_0035_0","address":"Hoeksterpad 3","city":"Leeuwarden","operatorName":"IPCharging","maxPowerKw":38,"isMegawatt":false,"status":"AVAILABLE","source":"ndw","priceKwh":0.41}},{"type":"Feature","geometry":{"type":"Point","coordinates":[5.779126,53.20844]},"properties":{"type":"charge","layer":"passenger","locationId":"56C04258-2503-4239-932C-E0B43851B228","name":"TNLP012110 - Beethovenplantsoen 2, Leeuwarden","address":"2 Beethovenplantsoen","city":"Leeuwarden","operatorName":"TotalEnergies","maxPowerKw":17,"isMegawatt":false,"status":"AVAILABLE","source":"ndw"}},{"type":"Feature","geometry":{"type":"Point","coordinates":[5.792047,53.198009]},"properties":{"type":"charge","layer":"passenger","locationId":"c3f6e9ba-025b-447c-8562-5628bd148260","name":"Sophialaan 50","address":"Sophialaan 50","city":"Leeuwarden","operatorName":"Vattenfall InCharge","maxPowerKw":22,"isMegawatt":false,"status":"AVAILABLE","source":"ndw","priceKwh":0.23}},{"type":"Feature","geometry":{"type":"Point","coordinates":[5.813122,53.212522]},"properties":{"type":"charge","layer":"passenger","locationId":"635b9d3fe5f0a9b70f5070f1","name":"ABD LEEUWARDEN","address":"HORTENSIASTRAAT 2","city":"LEEUWARDEN","operatorName":"E-Flux by Road","maxPowerKw":11,"isMegawatt":false,"status":"AVAILABLE","source":"ndw","priceKwh":0.52}},{"type":"Feature","geometry":{"type":"Point","coordinates":[5.764725,53.205054]},"properties":{"type":"charge","layer":"passenger","locationId":"640edd85cef5240012a1c64b","name":"Meesterschilder Friesland","address":"François HaverSchmidtwei 5","city":"Leeuwarden","operatorName":"E-Flux by Road","maxPowerKw":22,"isMegawatt":false,"status":"AVAILABLE","source":"ndw","priceKwh":0.5}},{"type":"Feature","geometry":{"type":"Point","coordinates":[5.758306,53.260597]},"properties":{"type":"charge","layer":"passenger","locationId":"NLLOC001855","name":"NLD, Stiens, Wylpstrjitte 2","address":"Wylpstrjitte 2","city":"Stiens","operatorName":"Allego","maxPowerKw":11,"isMegawatt":false,"status":"UNAVAILABLE","source":"ndw","priceKwh":0.511}},{"type":"Feature","geometry":{"type":"Point","coordinates":[5.832694,53.0897]},"properties":{"type":"charge","layer":"passenger","locationId":"NLLOC016868","name":"NL, Súdfinne 18, 9001 LS Grou","address":"Súdfinne 18","city":"Grou","operatorName":"Allego","maxPowerKw":11,"isMegawatt":false,"status":"AVAILABLE","source":"ndw","priceKwh":0.511}},{"type":"Feature","geometry":{"type":"Point","coordinates":[5.842777,53.196933]},"properties":{"type":"charge","layer":"passenger","locationId":"58D42E4A-6223-4FCD-AE4C-DB9CDCD31D6A","name":"Eneco eMobility ProCoatings - Leeuwarden","address":"Jupiterweg 20","city":"Leeuwarden","operatorName":"Eneco","maxPowerKw":22,"isMegawatt":false,"status":"AVAILABLE","source":"ndw","priceKwh":0.32}},{"type":"Feature","geometry":{"type":"Point","coordinates":[5.77812,53.19958]},"properties":{"type":"charge","layer":"passenger","locationId":"AA50C043-44ED-4CA9-ACB1-1F918E96F6C3","name":"TNLP012080 - Tesselschadestraat 114, Leeuwarden","address":"114 Tesselschadestraat","city":"Leeuwarden","operatorName":"TotalEnergies","maxPowerKw":17,"isMegawatt":false,"status":"UNAVAILABLE","source":"ndw"}},{"type":"Feature","geometry":{"type":"Point","coordinates":[5.783027,53.234802]},"properties":{"type":"charge","layer":"passenger","locationId":"1705A7F0-0F04-4FC6-834F-D7545047A05F","name":"TNLP013433 - Op 'e Terp 26, Jelsum","address":"26 Op 'e Terp","city":"Jelsum","operatorName":"TotalEnergies","maxPowerKw":17,"isMegawatt":false,"status":"AVAILABLE","source":"ndw"}},{"type":"Feature","geometry":{"type":"Point","coordinates":[5.771294,53.196478]},"properties":{"type":"charge","layer":"passenger","locationId":"681df8b8be6e62ee898bc2b0","name":"Omrin Leeuwarden","address":"Voltastraat 11-a,","city":"Leeuwarden","operatorName":"Alva Charging Services","maxPowerKw":74,"isMegawatt":false,"status":"AVAILABLE","source":"ndw","priceKwh":0.668}},{"type":"Feature","geometry":{"type":"Point","coordinates":[5.834309,53.211692]},"properties":{"type":"charge","layer":"passenger","locationId":"37","name":"Shell Recharge NL0757 - Shell Camminghaburen","address":"Wismastate 1","city":"Leeuwarden","operatorName":"Shell Recharge","maxPowerKw":175,"isMegawatt":false,"status":"AVAILABLE","source":"ndw","priceKwh":0.7025}},{"type":"Feature","geometry":{"type":"Point","coordinates":[5.80128,53.21494]},"properties":{"type":"charge","layer":"passenger","locationId":"AF60B83E-D39A-47A8-B27F-6D992C846FEB","name":"TNLP013200 - De Fennen 95, Leeuwarden","address":"95 De Fennen","city":"Leeuwarden","operatorName":"TotalEnergies","maxPowerKw":17,"isMegawatt":false,"status":"UNAVAILABLE","source":"ndw"}},{"type":"Feature","geometry":{"type":"Point","coordinates":[5.749357,53.26597]},"properties":{"type":"charge","layer":"passenger","locationId":"685002e0e9bea051b225e575","name":"Praxis Stiens","address":"Seerob 3","city":"Stiens","operatorName":"E-Flux by Road","maxPowerKw":22,"isMegawatt":false,"status":"AVAILABLE","source":"ndw","priceKwh":0.53}},{"type":"Feature","geometry":{"type":"Point","coordinates":[5.765585,53.20507]},"properties":{"type":"charge","layer":"passenger","locationId":"63dd0ff4a89bd000129fb067","name":"Crystalic Business Park (LP2)","address":"François HaverSchmidtwei 2","city":"Leeuwarden","operatorName":"E-Flux by Road","maxPowerKw":22,"isMegawatt":false,"status":"AVAILABLE","source":"ndw","priceKwh":0.41}},{"type":"Feature","geometry":{"type":"Point","coordinates":[5.764965,53.20901]},"properties":{"type":"charge","layer":"passenger","locationId":"FB806D14-C0D5-46FF-9F12-C92FFB000183","name":"TNLP012170 - Johan Winklerwei 92, Leeuwarden","address":"92 Johan Winklerwei","city":"Leeuwarden","operatorName":"TotalEnergies","maxPowerKw":17,"isMegawatt":false,"status":"UNAVAILABLE","source":"ndw"}},{"type":"Feature","geometry":{"type":"Point","coordinates":[5.7827,53.119216]},"properties":{"type":"charge","layer":"passenger","locationId":"67cb2639c6b292ffe69c296c","name":"Sportveld Laadpaal 2","address":"Stanfriesstrjitte 9","city":"Reduzum","operatorName":"E-Flux by Road","maxPowerKw":22,"isMegawatt":false,"status":"AVAILABLE","source":"ndw","priceKwh":0.4}},{"type":"Feature","geometry":{"type":"Point","coordinates":[5.832817,53.094378]},"properties":{"type":"charge","layer":"passenger","locationId":"431ba806-a3e5-4935-bc6a-ab8676392fbc","name":"Lidl GROU - J.W. de Visserwei","address":"J.W. de Visserwei 1","city":"Grou","operatorName":"Lidl","maxPowerKw":50,"isMegawatt":false,"status":"UNAVAILABLE","source":"ndw"}},{"type":"Feature","geometry":{"type":"Point","coordinates":[5.791582,53.08596]},"properties":{"type":"charge","layer":"passenger","locationId":"AFBE0B6F-4552-422B-B2CB-47EE96CF0FCF","name":"TNLP013287 - Rijksweg 24, Irnsum","address":"24 Rijksweg","city":"Irnsum","operatorName":"TotalEnergies","maxPowerKw":17,"isMegawatt":false,"status":"AVAILABLE","source":"ndw"}},{"type":"Feature","geometry":{"type":"Point","coordinates":[5.804806,53.129485]},"properties":{"type":"charge","layer":"passenger","locationId":"31275","name":"Fastned Mandelan","address":"Mandelan A32","city":"Wirdum","operatorName":"Fastned","maxPowerKw":300,"isMegawatt":false,"status":"AVAILABLE","source":"ndw","priceKwh":0.6364}},{"type":"Feature","geometry":{"type":"Point","coordinates":[5.677594,53.152887]},"properties":{"type":"charge","layer":"passenger","locationId":"65141e6598b9da00201a9b24","name":"Auke Bruinsma 's station","address":"nummer 11","city":"Leons","operatorName":"E-Flux by Road","maxPowerKw":22,"isMegawatt":false,"status":"AVAILABLE","source":"ndw","priceKwh":0.57}},{"type":"Feature","geometry":{"type":"Point","coordinates":[5.800488,53.147795]},"properties":{"type":"charge","layer":"passenger","locationId":"658536ab6eb51c001c4cc2ab","name":"VNET","address":"sjouke van der kooistrjitte 15","city":"wirdum","operatorName":"E-Flux by Road","maxPowerKw":22,"isMegawatt":false,"status":"AVAILABLE","source":"ndw","priceKwh":0.49}},{"type":"Feature","geometry":{"type":"Point","coordinates":[5.816453,53.187037]},"properties":{"type":"charge","layer":"passenger","locationId":"NLLOC005092","name":"NLD, Leeuwarden, Raaigras 315","address":"Raaigras 315","city":"Leeuwarden","operatorName":"Allego","maxPowerKw":11,"isMegawatt":false,"status":"AVAILABLE","source":"ndw","priceKwh":0.511}},{"type":"Feature","geometry":{"type":"Point","coordinates":[5.793652,53.171994]},"properties":{"type":"charge","layer":"passenger","locationId":"e042f189-d721-4bef-9c83-d1a5d4c9e34a","name":"Lidl Leeuwarden","address":"Molkenkelder","city":"Leeuwarden","operatorName":"Lidl","maxPowerKw":50,"isMegawatt":false,"status":"AVAILABLE","source":"ndw"}},{"type":"Feature","geometry":{"type":"Point","coordinates":[5.782854,53.1411]},"properties":{"type":"charge","layer":"passenger","locationId":"16FC2678-EA79-4B57-8B95-0086255B71E5","name":"TNLP012203 - Tjissema 2, Wytgaard","address":"2 Tjissema","city":"Wytgaard","operatorName":"TotalEnergies","maxPowerKw":17,"isMegawatt":false,"status":"AVAILABLE","source":"ndw"}},{"type":"Feature","geometry":{"type":"Point","coordinates":[5.815263,53.212806]},"properties":{"type":"charge","layer":"passenger","locationId":"6db81034-2ff8-4e6f-be2e-cc394ace7db2","name":"LEEUWARDEN-Elzenstraat","address":"Elzenstraat","city":"Leeuwarden","operatorName":"Lidl","maxPowerKw":22,"isMegawatt":false,"status":"AVAILABLE","source":"ndw"}},{"type":"Feature","geometry":{"type":"Point","coordinates":[5.840466,53.206776]},"properties":{"type":"charge","layer":"passenger","locationId":"NLLOC011223","name":"NL, Smeetsmastins, 162, 8925GT, Leeuwarden","address":"Smeetsmastins 162","city":"Leeuwarden","operatorName":"Allego","maxPowerKw":11,"isMegawatt":false,"status":"AVAILABLE","source":"ndw","priceKwh":0.511}},{"type":"Feature","geometry":{"type":"Point","coordinates":[5.800477,53.176487]},"properties":{"type":"charge","layer":"passenger","locationId":"NLLOC022319","name":"NL, De Tilbarten 77, 9084 CC Goutum","address":"De Tilbarten 77","city":"Goutem","operatorName":"Allego","maxPowerKw":11,"isMegawatt":false,"status":"AVAILABLE","source":"ndw","priceKwh":0.511}},{"type":"Feature","geometry":{"type":"Point","coordinates":[5.779924,53.198811]},"properties":{"type":"charge","layer":"passenger","locationId":"2606","name":"50five Exploitatie 2606","address":"Tesselschadestraat 29","city":"Leeuwarden","operatorName":"50five","maxPowerKw":11,"isMegawatt":false,"status":"AVAILABLE","source":"ndw"}},{"type":"Feature","geometry":{"type":"Point","coordinates":[5.826213,53.100296]},"properties":{"type":"charge","layer":"passenger","locationId":"69a02f7ff4f136a5ff810883","name":"Bmarine Charge station 2","address":"Singel 12","city":"Grou","operatorName":"E-Flux by Road","maxPowerKw":22,"isMegawatt":false,"status":"UNAVAILABLE","source":"ndw","priceKwh":0.52}},{"type":"Feature","geometry":{"type":"Point","coordinates":[5.849327,53.195044]},"properties":{"type":"charge","layer":"passenger","locationId":"6284d71815781e1e1f695d11","name":"Da Vinci","address":"Poolsterweg  1","city":"Leeuwarden","operatorName":"E-Flux by Road","maxPowerKw":22,"isMegawatt":false,"status":"AVAILABLE","source":"ndw","priceKwh":0.52}},{"type":"Feature","geometry":{"type":"Point","coordinates":[5.802532,53.21428]},"properties":{"type":"charge","layer":"passenger","locationId":"D151D834-5ADE-4049-A4C3-255A1608516C","name":"TNLP013322 - de Fennen 388, Leeuwarden","address":"388 de Fennen","city":"Leeuwarden","operatorName":"TotalEnergies","maxPowerKw":15,"isMegawatt":false,"status":"AVAILABLE","source":"ndw"}},{"type":"Feature","geometry":{"type":"Point","coordinates":[5.795495,53.199433]},"properties":{"type":"charge","layer":"passenger","locationId":"OST23P0005_0059_0","name":"OST23P0005_0059_0","address":"Zaailand 5","city":"Leeuwarden","operatorName":"IPCharging","maxPowerKw":36,"isMegawatt":false,"status":"CHARGING","source":"ndw","priceKwh":0.41}},{"type":"Feature","geometry":{"type":"Point","coordinates":[5.840157,53.095164]},"properties":{"type":"charge","layer":"passenger","locationId":"91105709","name":"50five-S NL 04000537","address":"Parkstraat 3","city":"Grou","operatorName":"50five","maxPowerKw":7,"isMegawatt":false,"status":"UNAVAILABLE","source":"ndw"}},{"type":"Feature","geometry":{"type":"Point","coordinates":[5.766202,53.196083]},"properties":{"type":"charge","layer":"passenger","locationId":"5251","name":"Shell Recharge NL9132 - Gamma Leeuwarden West","address":"Slauerhoffweg 2","city":"Leeuwarden","operatorName":"Shell Recharge","maxPowerKw":150,"isMegawatt":false,"status":"AVAILABLE","source":"ndw","priceKwh":0.7025}},{"type":"Feature","geometry":{"type":"Point","coordinates":[5.836685,53.210416]},"properties":{"type":"charge","layer":"passenger","locationId":"2502160","name":"Laadnet Addnoise Beheer BV","address":"Havingastate 5","city":"Leeuwarden","operatorName":"Laadnet","maxPowerKw":11,"isMegawatt":false,"status":"AVAILABLE","source":"ndw"}},{"type":"Feature","geometry":{"type":"Point","coordinates":[5.771793,53.208668]},"properties":{"type":"charge","layer":"passenger","locationId":"NLLOC019367","name":"NL, Jan Piebengawei 2, 8915 DD Leeuwarden","address":"Jan Piebengawei 2","city":"Leeuwarden","operatorName":"Allego","maxPowerKw":11,"isMegawatt":false,"status":"AVAILABLE","source":"ndw","priceKwh":0.511}},{"type":"Feature","geometry":{"type":"Point","coordinates":[5.876389,53.148889]},"properties":{"type":"charge","layer":"passenger","locationId":"2748086","name":"Laadnet De Wartenster","address":"Midsbuorren 7","city":"Warten","operatorName":"Laadnet","maxPowerKw":11,"isMegawatt":false,"status":"AVAILABLE","source":"ndw"}},{"type":"Feature","geometry":{"type":"Point","coordinates":[5.85038,53.20048]},"properties":{"type":"charge","layer":"passenger","locationId":"4219155","name":"Laadnet CSK food enrichment C.V.","address":"Pallasweg 1","city":"Leeuwarden","operatorName":"Laadnet","maxPowerKw":22,"isMegawatt":false,"status":"AVAILABLE","source":"ndw"}},{"type":"Feature","geometry":{"type":"Point","coordinates":[5.78873,53.18559]},"properties":{"type":"charge","layer":"passenger","locationId":"9CC17C0D-E254-428E-AB6A-7109A214C2D2","name":"TNLP013220 - Prinsessenweg 6, Leeuwarden","address":"6 Prinsessenweg","city":"Leeuwarden","operatorName":"TotalEnergies","maxPowerKw":17,"isMegawatt":false,"status":"UNAVAILABLE","source":"ndw"}},{"type":"Feature","geometry":{"type":"Point","coordinates":[5.768009,53.204694]},"properties":{"type":"charge","layer":"passenger","locationId":"682ee3e6b2646d3710a3154b","name":"Wetterskip Fryslân - BEZOEKERS EN BESTUUR","address":"Fryslânplein 3","city":"Leeuwarden","operatorName":"Alva Charging Services","maxPowerKw":22,"isMegawatt":false,"status":"AVAILABLE","source":"ndw","priceKwh":0.34}},{"type":"Feature","geometry":{"type":"Point","coordinates":[5.841315,53.21333]},"properties":{"type":"charge","layer":"passenger","locationId":"DDD4939C-0A55-49A0-888E-98568C6D68F5","name":"TNLP013442 - Schuilenburg 58, Leeuwarden","address":"58 Schuilenburg","city":"Leeuwarden","operatorName":"TotalEnergies","maxPowerKw":15,"isMegawatt":false,"status":"AVAILABLE","source":"ndw"}},{"type":"Feature","geometry":{"type":"Point","coordinates":[5.802237,53.205756]},"properties":{"type":"charge","layer":"passenger","locationId":"OST23P0069_0057_4","name":"OST23P0069_0057_4","address":"Hoeksterpad 3","city":"Leeuwarden","operatorName":"IPCharging","maxPowerKw":38,"isMegawatt":false,"status":"AVAILABLE","source":"ndw","priceKwh":0.41}},{"type":"Feature","geometry":{"type":"Point","coordinates":[5.77761,53.198354]},"properties":{"type":"charge","layer":"passenger","locationId":"5267A3A1-4A7F-41A9-9AEC-25743DBD2FDF","name":"Eneco eMobility Reviusstraat, 2, 8913 HT, Leeuwarden","address":"Reviusstraat 2","city":"Leeuwarden","operatorName":"Eneco","maxPowerKw":22,"isMegawatt":false,"status":"AVAILABLE","source":"ndw","priceKwh":0.28}},{"type":"Feature","geometry":{"type":"Point","coordinates":[5.784693,53.186054]},"properties":{"type":"charge","layer":"passenger","locationId":"1A83E5E6-FB23-49B8-BBB0-662200F2C6CE","name":"TNLP012165 - Prinsessenweg 44c, Leeuwarden","address":"44c Prinsessenweg","city":"Leeuwarden","operatorName":"TotalEnergies","maxPowerKw":17,"isMegawatt":false,"status":"UNAVAILABLE","source":"ndw"}},{"type":"Feature","geometry":{"type":"Point","coordinates":[5.845832,53.198896]},"properties":{"type":"charge","layer":"passenger","locationId":"677fc64b1c3c316bcb6368bc","name":"Kantoor voor Rechts","address":"Uranusweg 1","city":"Leeuwarden","operatorName":"E-Flux by Road","maxPowerKw":22,"isMegawatt":false,"status":"UNAVAILABLE","source":"ndw","priceKwh":0.43}},{"type":"Feature","geometry":{"type":"Point","coordinates":[5.765666,53.205153]},"properties":{"type":"charge","layer":"passenger","locationId":"63dd228fcd42270012c5044a","name":"Crystalic Business Park (LP7)","address":"François HaverSchmidtwei 2","city":"Leeuwarden","operatorName":"E-Flux by Road","maxPowerKw":22,"isMegawatt":false,"status":"AVAILABLE","source":"ndw","priceKwh":0.41}},{"type":"Feature","geometry":{"type":"Point","coordinates":[5.802237,53.205756]},"properties":{"type":"charge","layer":"passenger","locationId":"OST23P0069_0057_5","name":"OST23P0069_0057_5","address":"Hoeksterpad 3","city":"Leeuwarden","operatorName":"IPCharging","maxPowerKw":38,"isMegawatt":false,"status":"AVAILABLE","source":"ndw","priceKwh":0.41}},{"type":"Feature","geometry":{"type":"Point","coordinates":[5.80889,53.210014]},"properties":{"type":"charge","layer":"passenger","locationId":"B5F862F1-DA4B-45E4-82DB-A6E7F6581916","name":"TNLP013324 - Groningerstraatweg 147, Leeuwarden","address":"147 Groningerstraatweg","city":"Leeuwarden","operatorName":"TotalEnergies","maxPowerKw":15,"isMegawatt":false,"status":"AVAILABLE","source":"ndw"}},{"type":"Feature","geometry":{"type":"Point","coordinates":[5.782695,53.119155]},"properties":{"type":"charge","layer":"passenger","locationId":"67cb2237dff84058253c9c76","name":"Sportveld laadpaal 1","address":"Stanfriesstrjitte 9","city":"Reduzum","operatorName":"E-Flux by Road","maxPowerKw":22,"isMegawatt":false,"status":"AVAILABLE","source":"ndw","priceKwh":0.4}},{"type":"Feature","geometry":{"type":"Point","coordinates":[5.802237,53.205756]},"properties":{"type":"charge","layer":"passenger","locationId":"OST23P0069_0057_6","name":"OST23P0069_0057_6","address":"Hoeksterpad 3","city":"Leeuwarden","operatorName":"IPCharging","maxPowerKw":38,"isMegawatt":false,"status":"AVAILABLE","source":"ndw","priceKwh":0.41}},{"type":"Feature","geometry":{"type":"Point","coordinates":[5.802237,53.205756]},"properties":{"type":"charge","layer":"passenger","locationId":"OST23P0069_0057_7","name":"OST23P0069_0057_7","address":"Hoeksterpad 3","city":"Leeuwarden","operatorName":"IPCharging","maxPowerKw":38,"isMegawatt":false,"status":"AVAILABLE","source":"ndw","priceKwh":0.41}},{"type":"Feature","geometry":{"type":"Point","coordinates":[5.755644,53.187825]},"properties":{"type":"charge","layer":"passenger","locationId":"6321947aef8020a01c2a4041","name":"Morseweg 3, Leeuwarden","address":"Morseweg 3","city":"Leeuwarden","operatorName":"Alva Charging Services","maxPowerKw":300,"isMegawatt":false,"status":"AVAILABLE","source":"ndw","priceKwh":0.668}},{"type":"Feature","geometry":{"type":"Point","coordinates":[5.810214,53.213272]},"properties":{"type":"charge","layer":"passenger","locationId":"9704D8EE-8C9A-42C7-B081-02BBA53E7FB5","name":"TNLP013400 - Verzetsstraat 19, Leeuwarden","address":"19 Verzetsstraat","city":"Leeuwarden","operatorName":"TotalEnergies","maxPowerKw":15,"isMegawatt":false,"status":"AVAILABLE","source":"ndw"}},{"type":"Feature","geometry":{"type":"Point","coordinates":[5.789481,53.063912]},"properties":{"type":"charge","layer":"passenger","locationId":"6187c77b97c944c2c8f53d10","name":"Greenfarm","address":"Abbengawiersterdyk, 5","city":"JIRNSUM","operatorName":"E-Flux by Road","maxPowerKw":22,"isMegawatt":false,"status":"AVAILABLE","source":"ndw","priceKwh":0.57}},{"type":"Feature","geometry":{"type":"Point","coordinates":[5.802237,53.205756]},"properties":{"type":"charge","layer":"passenger","locationId":"OST23P0069_0057_3","name":"OST23P0069_0057_3","address":"Hoeksterpad 3","city":"Leeuwarden","operatorName":"IPCharging","maxPowerKw":38,"isMegawatt":false,"status":"AVAILABLE","source":"ndw","priceKwh":0.41}},{"type":"Feature","geometry":{"type":"Point","coordinates":[5.821261,53.216105]},"properties":{"type":"charge","layer":"passenger","locationId":"NLLOC008259","name":"NLD,Dragoonsplein 31, Leeuwarden","address":"Dragoonsplein 31","city":"Leeuwarden","operatorName":"Allego","maxPowerKw":11,"isMegawatt":false,"status":"AVAILABLE","source":"ndw","priceKwh":0.511}},{"type":"Feature","geometry":{"type":"Point","coordinates":[5.799003,53.185986]},"properties":{"type":"charge","layer":"passenger","locationId":"A14A8459-1A8B-4FA1-B9EA-C86A02EBA67A","name":"TNLP012095 - Hempenserweg 11, Leeuwarden","address":"11 Hempenserweg","city":"Leeuwarden","operatorName":"TotalEnergies","maxPowerKw":17,"isMegawatt":false,"status":"UNAVAILABLE","source":"ndw"}},{"type":"Feature","geometry":{"type":"Point","coordinates":[5.846637,53.198156]},"properties":{"type":"charge","layer":"passenger","locationId":"6784f4fb3ffe923aa4a68aed","name":"Edy Wester Plein Rechts","address":"Uranusweg 1","city":"Leeuwarden","operatorName":"E-Flux by Road","maxPowerKw":11,"isMegawatt":false,"status":"AVAILABLE","source":"ndw","priceKwh":0.43}},{"type":"Feature","geometry":{"type":"Point","coordinates":[5.810563,53.20659]},"properties":{"type":"charge","layer":"passenger","locationId":"11E69EE8-DD03-43EF-BBDE-F96713082372","name":"TNLP013234 - Barent Fockesstraat 7 7, Leeuwarden","address":"7 7 Barent Fockesstraat","city":"Leeuwarden","operatorName":"TotalEnergies","maxPowerKw":17,"isMegawatt":false,"status":"UNAVAILABLE","source":"ndw"}},{"type":"Feature","geometry":{"type":"Point","coordinates":[5.77195,53.19765]},"properties":{"type":"charge","layer":"passenger","locationId":"79b6741b-a658-49a2-a4cb-2c66962bb4cb","name":"PRO-profile - Leeuwarden","address":"Snekertrekweg 83","city":"Leeuwarden","operatorName":"Blink Charging","maxPowerKw":25,"isMegawatt":false,"status":"UNAVAILABLE","source":"ndw","priceKwh":0.537}},{"type":"Feature","geometry":{"type":"Point","coordinates":[5.84739,53.20567]},"properties":{"type":"charge","layer":"passenger","locationId":"642d54e43687bf0013f356d7","name":"Dave van Haaren TEU_02668","address":"Haersmastins 28","city":"Leeuwarden","operatorName":"E-Flux by Road","maxPowerKw":11,"isMegawatt":false,"status":"AVAILABLE","source":"ndw","priceKwh":0.73}},{"type":"Feature","geometry":{"type":"Point","coordinates":[5.829302,53.21991]},"properties":{"type":"charge","layer":"passenger","locationId":"FDC556EB-1BBE-413F-AF2C-303213EFD4FC","name":"TNLP013212 - Blitsaerderleane 2, Leeuwarden","address":"2 Blitsaerderleane","city":"Leeuwarden","operatorName":"TotalEnergies","maxPowerKw":17,"isMegawatt":false,"status":"UNAVAILABLE","source":"ndw"}},{"type":"Feature","geometry":{"type":"Point","coordinates":[5.849327,53.195044]},"properties":{"type":"charge","layer":"passenger","locationId":"6284d64ed5043a52cce08adc","name":"Da Vinci","address":"Poolsterweg  1","city":"Leeuwarden","operatorName":"E-Flux by Road","maxPowerKw":22,"isMegawatt":false,"status":"AVAILABLE","source":"ndw","priceKwh":0.52}},{"type":"Feature","geometry":{"type":"Point","coordinates":[5.790808,53.18175]},"properties":{"type":"charge","layer":"passenger","locationId":"301D341D-0FC6-4508-9383-0A53B456017C","name":"TNLP013137 - Redbadwei 14, Goutum","address":"14 Redbadwei","city":"Goutum","operatorName":"TotalEnergies","maxPowerKw":17,"isMegawatt":false,"status":"UNAVAILABLE","source":"ndw"}},{"type":"Feature","geometry":{"type":"Point","coordinates":[5.849794,53.19463]},"properties":{"type":"charge","layer":"passenger","locationId":"6284d60a15781e5fdb6943b6","name":"Da Vinci","address":"Poolsterweg  1","city":"Leeuwarden","operatorName":"E-Flux by Road","maxPowerKw":22,"isMegawatt":false,"status":"AVAILABLE","source":"ndw","priceKwh":0.52}},{"type":"Feature","geometry":{"type":"Point","coordinates":[5.803513,53.193673]},"properties":{"type":"charge","layer":"passenger","locationId":"91106640","name":"50five-S NL 19B06943","address":"Klaas Hartsweg 2","city":"Leeuwarden","operatorName":"50five","maxPowerKw":22,"isMegawatt":false,"status":"AVAILABLE","source":"ndw"}},{"type":"Feature","geometry":{"type":"Point","coordinates":[5.819671,53.212826]},"properties":{"type":"charge","layer":"passenger","locationId":"8849BE90-C191-4E0C-B417-BFAD6A963A2F","name":"TNLP013426 - Schieringerweg 213, Leeuwarden","address":"213 Schieringerweg","city":"Leeuwarden","operatorName":"TotalEnergies","maxPowerKw":15,"isMegawatt":false,"status":"AVAILABLE","source":"ndw"}},{"type":"Feature","geometry":{"type":"Point","coordinates":[5.79353,53.21438]},"properties":{"type":"charge","layer":"passenger","locationId":"868088B4-68B9-4D82-AC67-BB0B20EDFF03","name":"TNLP013205 - de Dulf 8, Leeuwarden","address":"8 de Dulf","city":"Leeuwarden","operatorName":"TotalEnergies","maxPowerKw":17,"isMegawatt":false,"status":"UNAVAILABLE","source":"ndw"}},{"type":"Feature","geometry":{"type":"Point","coordinates":[5.801105,53.171882]},"properties":{"type":"charge","layer":"passenger","locationId":"91179669","name":"50five-S NL Goutum, Yndyk 1","address":"Yndyk 1","city":"Goutum","operatorName":"50five","maxPowerKw":11,"isMegawatt":false,"status":"AVAILABLE","source":"ndw"}},{"type":"Feature","geometry":{"type":"Point","coordinates":[5.775531,53.204763]},"properties":{"type":"charge","layer":"passenger","locationId":"NLLOC008619","name":"NL, Europaplein 9, 8914 AA, Leeuwarden","address":"Europaplein 9","city":"Leeuwarden","operatorName":"Allego","maxPowerKw":11,"isMegawatt":false,"status":"AVAILABLE","source":"ndw","priceKwh":0.511}},{"type":"Feature","geometry":{"type":"Point","coordinates":[5.790489,53.19124]},"properties":{"type":"charge","layer":"passenger","locationId":"NLLOC004831","name":"NLD, Leeuwarden, Hobbemastraat 58","address":"Hobbemastraat 58","city":"Leeuwarden","operatorName":"Allego","maxPowerKw":11,"isMegawatt":false,"status":"AVAILABLE","source":"ndw","priceKwh":0.511}},{"type":"Feature","geometry":{"type":"Point","coordinates":[5.819035,53.092483]},"properties":{"type":"charge","layer":"passenger","locationId":"68f8b67291e5c69857a3bd4a","name":"Wetterskip Fryslân - RWZI Grou","address":"Molesingel 2","city":"Grou","operatorName":"Alva Charging Services","maxPowerKw":11,"isMegawatt":false,"status":"AVAILABLE","source":"ndw","priceKwh":0.34}},{"type":"Feature","geometry":{"type":"Point","coordinates":[5.774165,53.261213]},"properties":{"type":"charge","layer":"passenger","locationId":"6937e7702256596d1db9d1d4","name":"Gezondheidscentrum Stiens","address":"Griene Leane 5","city":"Stiens","operatorName":"NXT Charging Solutions","maxPowerKw":22,"isMegawatt":false,"status":"AVAILABLE","source":"ndw","priceKwh":0.43}},{"type":"Feature","geometry":{"type":"Point","coordinates":[5.792499,53.215714]},"properties":{"type":"charge","layer":"passenger","locationId":"4D1488BD-0665-427D-B77A-24D5E66DF1AF","name":"TNLP012217 - de Jokse 155, Leeuwarden","address":"155 de Jokse","city":"Leeuwarden","operatorName":"TotalEnergies","maxPowerKw":17,"isMegawatt":false,"status":"AVAILABLE","source":"ndw"}},{"type":"Feature","geometry":{"type":"Point","coordinates":[5.781411,53.209528]},"properties":{"type":"charge","layer":"passenger","locationId":"NLLOC011142","name":"NL, Averkampstraat 10, 8916 EL, Leeuwarden","address":"Averkampstraat 10","city":"Leeuwarden","operatorName":"Allego","maxPowerKw":11,"isMegawatt":false,"status":"AVAILABLE","source":"ndw","priceKwh":0.511}},{"type":"Feature","geometry":{"type":"Point","coordinates":[5.77508,53.205752]},"properties":{"type":"charge","layer":"passenger","locationId":"NLLOC000860","name":"NLD, Leeuwarden, Corellistraat 80","address":"Corellistraat 80","city":"Leeuwarden","operatorName":"Allego","maxPowerKw":11,"isMegawatt":false,"status":"AVAILABLE","source":"ndw","priceKwh":0.511}},{"type":"Feature","geometry":{"type":"Point","coordinates":[5.843354,53.195999]},"properties":{"type":"charge","layer":"passenger","locationId":"BF4B880B-BD0A-41C8-B761-9F8B376209E7","name":"Eneco eMobility Bourguignon Leeuwarden Jupiterweg 11","address":"Jupiterweg 11","city":"Leeuwarden","operatorName":"Eneco","maxPowerKw":200,"isMegawatt":false,"status":"AVAILABLE","source":"ndw","priceKwh":0.6}},{"type":"Feature","geometry":{"type":"Point","coordinates":[5.778874,53.210875]},"properties":{"type":"charge","layer":"passenger","locationId":"NLLOC012030","name":"NL, Vivaldistraat 22, 8915 AN Leeuwarden","address":"Vivaldistraat 22","city":"Leeuwarden","operatorName":"Allego","maxPowerKw":11,"isMegawatt":false,"status":"AVAILABLE","source":"ndw","priceKwh":0.511}},{"type":"Feature","geometry":{"type":"Point","coordinates":[5.834839,53.189457]},"properties":{"type":"charge","layer":"passenger","locationId":"B92AA9CE-961E-421C-8CB3-8639766E398B","name":"TNLP012211 - Bereklauw 12, Leeuwarden","address":"12 Bereklauw","city":"Leeuwarden","operatorName":"TotalEnergies","maxPowerKw":17,"isMegawatt":false,"status":"UNAVAILABLE","source":"ndw"}},{"type":"Feature","geometry":{"type":"Point","coordinates":[5.791495,53.205795]},"properties":{"type":"charge","layer":"passenger","locationId":"NLLOC007142","name":"NL, Noordersingel 74, 8917 BB, Leeuwarden","address":"Noordersingel 74","city":"Leeuwarden","operatorName":"Allego","maxPowerKw":11,"isMegawatt":false,"status":"AVAILABLE","source":"ndw","priceKwh":0.511}},{"type":"Feature","geometry":{"type":"Point","coordinates":[5.771615,53.049002]},"properties":{"type":"charge","layer":"passenger","locationId":"68aab690043fb623210d29bf","name":"Jachthaven Sneekerhof","address":"Wjiteringswei 23","city":"Jirnsum","operatorName":"PureCharged","maxPowerKw":11,"isMegawatt":false,"status":"CHARGING","source":"ndw","priceKwh":0.53}},{"type":"Feature","geometry":{"type":"Point","coordinates":[5.80621,53.17925]},"properties":{"type":"charge","layer":"passenger","locationId":"1CB9A0D9-470C-4E81-85C9-A6C9B645F904","name":"TNLP013335 - Buorren 29, Goutum","address":"29 Buorren","city":"Goutum","operatorName":"TotalEnergies","maxPowerKw":17,"isMegawatt":false,"status":"AVAILABLE","source":"ndw"}},{"type":"Feature","geometry":{"type":"Point","coordinates":[5.785979,53.216187]},"properties":{"type":"charge","layer":"passenger","locationId":"A9E5ED1F-6637-4D25-84AD-4E867995662D","name":"TNLP013221 - De Gealanden 63, Leeuwarden","address":"63 De Gealanden","city":"Leeuwarden","operatorName":"TotalEnergies","maxPowerKw":17,"isMegawatt":false,"status":"AVAILABLE","source":"ndw"}},{"type":"Feature","geometry":{"type":"Point","coordinates":[5.804466,53.068775]},"properties":{"type":"charge","layer":"passenger","locationId":"4227361","name":"Laadnet Boarnstream Yachts BV","address":"Wjitteringswei 3","city":"Irnsum","operatorName":"Laadnet","maxPowerKw":22,"isMegawatt":false,"status":"AVAILABLE","source":"ndw"}},{"type":"Feature","geometry":{"type":"Point","coordinates":[5.801487,53.19236]},"properties":{"type":"charge","layer":"passenger","locationId":"NLLOC020735","name":"NL, Sierksmastraat 43, 8934AL Leeuwarden","address":"Sierksmastraat 43","city":"Leeuwarden","operatorName":"Allego","maxPowerKw":11,"isMegawatt":false,"status":"AVAILABLE","source":"ndw","priceKwh":0.511}},{"type":"Feature","geometry":{"type":"Point","coordinates":[5.844652,53.21485]},"properties":{"type":"charge","layer":"passenger","locationId":"25DC2680-0B2A-42EF-A7BA-21628FDB3684","name":"TNLP013223 - Jongamastate 55, Leeuwarden","address":"55 Jongamastate","city":"Leeuwarden","operatorName":"TotalEnergies","maxPowerKw":17,"isMegawatt":false,"status":"UNAVAILABLE","source":"ndw"}},{"type":"Feature","geometry":{"type":"Point","coordinates":[5.80862,53.17004]},"properties":{"type":"charge","layer":"passenger","locationId":"4705CDC1-AF4D-4244-880A-26151FE22EE5","name":"TNLP013201 - de Klút 11, Leeuwarden","address":"11 de Klút","city":"Leeuwarden","operatorName":"TotalEnergies","maxPowerKw":17,"isMegawatt":false,"status":"UNAVAILABLE","source":"ndw"}},{"type":"Feature","geometry":{"type":"Point","coordinates":[5.814293,53.18513]},"properties":{"type":"charge","layer":"passenger","locationId":"14DC730C-DFA0-4CBA-A6FA-A0364AFBCD36","name":"TNLP012192 - Zwenkgras 80F, Leeuwarden","address":"80F Zwenkgras","city":"Leeuwarden","operatorName":"TotalEnergies","maxPowerKw":15,"isMegawatt":false,"status":"AVAILABLE","source":"ndw"}},{"type":"Feature","geometry":{"type":"Point","coordinates":[5.849063,53.199542]},"properties":{"type":"charge","layer":"passenger","locationId":"68246da79f656ccd72289d4a","name":"Sutherland Leeuwarden","address":"Pallasweg  2","city":"Leeuwarden","operatorName":"E-Flux by Road","maxPowerKw":11,"isMegawatt":false,"status":"AVAILABLE","source":"ndw","priceKwh":0.7}},{"type":"Feature","geometry":{"type":"Point","coordinates":[5.825591,53.200525]},"properties":{"type":"charge","layer":"passenger","locationId":"91108232","name":"50five-S NL 17B23313","address":"Woudmansstraat 2","city":"Leeuwarden","operatorName":"50five","maxPowerKw":22,"isMegawatt":false,"status":"AVAILABLE","source":"ndw"}},{"type":"Feature","geometry":{"type":"Point","coordinates":[5.783304,53.199713]},"properties":{"type":"charge","layer":"passenger","locationId":"NLLOC005609","name":"NLD, Leeuwarden, Jan Luykenstraat 22","address":"Jan Luykenstraat 22","city":"Leeuwarden","operatorName":"Allego","maxPowerKw":11,"isMegawatt":false,"status":"AVAILABLE","source":"ndw","priceKwh":0.511}},{"type":"Feature","geometry":{"type":"Point","coordinates":[5.813834,53.20328]},"properties":{"type":"charge","layer":"passenger","locationId":"AC6E2245-3485-47AE-B1E9-B5636ECEA657","name":"TNLP012124 - Soendastraat 6, Leeuwarden","address":"6 Soendastraat","city":"Leeuwarden","operatorName":"TotalEnergies","maxPowerKw":17,"isMegawatt":false,"status":"UNAVAILABLE","source":"ndw"}},{"type":"Feature","geometry":{"type":"Point","coordinates":[5.759115,53.210255]},"properties":{"type":"charge","layer":"passenger","locationId":"6AA7F5DE-45F2-4891-924F-DB2470C332E3","name":"TNLP013275 - Ypk fan der Fearwei 66, Leeuwarden","address":"66 Ypk fan der Fearwei","city":"Leeuwarden","operatorName":"TotalEnergies","maxPowerKw":17,"isMegawatt":false,"status":"UNAVAILABLE","source":"ndw"}},{"type":"Feature","geometry":{"type":"Point","coordinates":[5.780876,53.18529]},"properties":{"type":"charge","layer":"passenger","locationId":"449D4541-3195-4C06-B918-37FDF3457F8E","name":"TNLP013304 - Kwelderstraat 29, Leeuwarden","address":"29 Kwelderstraat","city":"Leeuwarden","operatorName":"TotalEnergies","maxPowerKw":17,"isMegawatt":false,"status":"UNAVAILABLE","source":"ndw"}},{"type":"Feature","geometry":{"type":"Point","coordinates":[5.789137,53.207193]},"properties":{"type":"charge","layer":"passenger","locationId":"NLLOC001851","name":"NLD, Leeuwarden, Spanjaardslaan 101","address":"Spanjaardslaan 101","city":"Leeuwarden","operatorName":"Allego","maxPowerKw":11,"isMegawatt":false,"status":"CHARGING","source":"ndw","priceKwh":0.511}},{"type":"Feature","geometry":{"type":"Point","coordinates":[5.783277,53.20618]},"properties":{"type":"charge","layer":"passenger","locationId":"NLLOC013962","name":"NL, Merelplein, 1, 8916AZ, Leeuwarden","address":"Merelplein 1","city":"Leeuwarden","operatorName":"Allego","maxPowerKw":11,"isMegawatt":false,"status":"AVAILABLE","source":"ndw","priceKwh":0.511}},{"type":"Feature","geometry":{"type":"Point","coordinates":[5.845733,53.198885]},"properties":{"type":"charge","layer":"passenger","locationId":"677fb028d8840e523e6439d8","name":"Kantoor voor Links","address":"Uranusweg 1","city":"Leeuwarden","operatorName":"E-Flux by Road","maxPowerKw":22,"isMegawatt":false,"status":"AVAILABLE","source":"ndw","priceKwh":0.43}},{"type":"Feature","geometry":{"type":"Point","coordinates":[5.826122,53.100306]},"properties":{"type":"charge","layer":"passenger","locationId":"69a02ee1c78009f9a398a7a6","name":"Bmarine Charge station 1","address":"Singel 12","city":"Grou","operatorName":"E-Flux by Road","maxPowerKw":22,"isMegawatt":false,"status":"UNAVAILABLE","source":"ndw","priceKwh":0.52}},{"type":"Feature","geometry":{"type":"Point","coordinates":[5.76446,53.202274]},"properties":{"type":"charge","layer":"passenger","locationId":"60b0e565949d8da003a1d1ac","name":"Bouwmaat Leeuwarden","address":"Simon Vestdijkwei 1","city":"Leeuwarden","operatorName":"E-Flux by Road","maxPowerKw":22,"isMegawatt":false,"status":"AVAILABLE","source":"ndw","priceKwh":0.58}},{"type":"Feature","geometry":{"type":"Point","coordinates":[5.765607,53.205119]},"properties":{"type":"charge","layer":"passenger","locationId":"63dd15bda89bd00012a0b217","name":"Crystalic Business Park (LP3)","address":"François HaverSchmidtwei 2","city":"Leeuwarden","operatorName":"E-Flux by Road","maxPowerKw":22,"isMegawatt":false,"status":"CHARGING","source":"ndw","priceKwh":0.41}},{"type":"Feature","geometry":{"type":"Point","coordinates":[5.818565,53.175138]},"properties":{"type":"charge","layer":"passenger","locationId":"67fcac0d3dc5b27e188c3268","name":"Peter Schleiffert 's station","address":"Klimme 11","city":"Leeuwarden","operatorName":"E-Flux by Road","maxPowerKw":22,"isMegawatt":false,"status":"AVAILABLE","source":"ndw","priceKwh":0.52}},{"type":"Feature","geometry":{"type":"Point","coordinates":[5.789696,53.202355]},"properties":{"type":"charge","layer":"passenger","locationId":"NLLOC008948","name":"NL, Torenstraat 21 8911DG Leeuwarden","address":"Torenstraat 21","city":"Leeuwarden","operatorName":"Allego","maxPowerKw":11,"isMegawatt":false,"status":"AVAILABLE","source":"ndw","priceKwh":0.511}},{"type":"Feature","geometry":{"type":"Point","coordinates":[5.650917,53.134328]},"properties":{"type":"charge","layer":"passenger","locationId":"NLLOC005835","name":"NLD, Easterlitten, It Hynstewaed 17","address":"It Hynstewaed 17","city":"Easterlittens","operatorName":"Allego","maxPowerKw":11,"isMegawatt":false,"status":"AVAILABLE","source":"ndw","priceKwh":0.511}},{"type":"Feature","geometry":{"type":"Point","coordinates":[5.782723,53.189924]},"properties":{"type":"charge","layer":"passenger","locationId":"69297f84aecbfd819536046b","name":"Firda - LeeuwardenZuid","address":"Julianalaan 97","city":"Leeuwarden","operatorName":"E-Flux by Road","maxPowerKw":22,"isMegawatt":false,"status":"AVAILABLE","source":"ndw","priceKwh":0.3}},{"type":"Feature","geometry":{"type":"Point","coordinates":[5.85096,53.207329]},"properties":{"type":"charge","layer":"passenger","locationId":"NLLOC007367","name":"NL, Schierstins 74, 8925 JC, Leeuwarden","address":"Schierstins 74","city":"Leeuwarden","operatorName":"Allego","maxPowerKw":11,"isMegawatt":false,"status":"AVAILABLE","source":"ndw","priceKwh":0.511}},{"type":"Feature","geometry":{"type":"Point","coordinates":[5.805295,53.198505]},"properties":{"type":"charge","layer":"passenger","locationId":"5ED45015-C3F8-4144-B689-E92A5E4D1B66","name":"TNLP013001 - Johan Willem Frisostraat 20, Leeuwarden","address":"20 Johan Willem Frisostraat","city":"Leeuwarden","operatorName":"TotalEnergies","maxPowerKw":17,"isMegawatt":false,"status":"UNAVAILABLE","source":"ndw"}},{"type":"Feature","geometry":{"type":"Point","coordinates":[5.827011,53.217823]},"properties":{"type":"charge","layer":"passenger","locationId":"DF89EDA6-7481-4DD3-A69F-34966C4B4313","name":"TNLP012179 - Tolhûswei 142, Leeuwarden","address":"142 Tolhûswei","city":"Leeuwarden","operatorName":"TotalEnergies","maxPowerKw":17,"isMegawatt":false,"status":"UNAVAILABLE","source":"ndw"}},{"type":"Feature","geometry":{"type":"Point","coordinates":[5.802556,53.185832]},"properties":{"type":"charge","layer":"passenger","locationId":"91053216","name":"50five-S NL 03007577","address":"Hempenserweg 29","city":"Leeuwarden","operatorName":"50five","maxPowerKw":11,"isMegawatt":false,"status":"AVAILABLE","source":"ndw"}},{"type":"Feature","geometry":{"type":"Point","coordinates":[5.812546,53.209629]},"properties":{"type":"charge","layer":"passenger","locationId":"NLLOC003832","name":"NLD, Leeuwarden, Swammerdamstraat 3","address":"Swammerdamstraat 3","city":"Leeuwarden","operatorName":"Allego","maxPowerKw":11,"isMegawatt":false,"status":"AVAILABLE","source":"ndw","priceKwh":0.511}},{"type":"Feature","geometry":{"type":"Point","coordinates":[5.78479,53.20211]},"properties":{"type":"charge","layer":"passenger","locationId":"NLLOC000665","name":"NLD, Leeuwarden, Molenstraat 36","address":"Molenstraat 36","city":"Leeuwarden","operatorName":"Allego","maxPowerKw":11,"isMegawatt":false,"status":"AVAILABLE","source":"ndw","priceKwh":0.511}},{"type":"Feature","geometry":{"type":"Point","coordinates":[5.753603,53.183019]},"properties":{"type":"charge","layer":"passenger","locationId":"6594294f5d236f001c1fe55c","name":"Duo Carwash B.V.","address":"Brailleweg 11","city":"Leeuwarden","operatorName":"E-Flux by Road","maxPowerKw":22,"isMegawatt":false,"status":"AVAILABLE","source":"ndw","priceKwh":0.53}},{"type":"Feature","geometry":{"type":"Point","coordinates":[5.825866,53.202494]},"properties":{"type":"charge","layer":"passenger","locationId":"NLLOC015385","name":"NL, Kanaalweg, 217, 8924AB, Leeuwarden","address":"Kanaalweg 217","city":"Leeuwarden","operatorName":"Allego","maxPowerKw":11,"isMegawatt":false,"status":"AVAILABLE","source":"ndw","priceKwh":0.511}},{"type":"Feature","geometry":{"type":"Point","coordinates":[5.816426,53.201089]},"properties":{"type":"charge","layer":"passenger","locationId":"NLLOC021026","name":"NL, Oeverdwarsstraat 26, 8912 EN Leeuwarden","address":"Oeverdwarsstraat 26","city":"Leeuwarden","operatorName":"Allego","maxPowerKw":11,"isMegawatt":false,"status":"AVAILABLE","source":"ndw","priceKwh":0.511}},{"type":"Feature","geometry":{"type":"Point","coordinates":[5.778488,53.203279]},"properties":{"type":"charge","layer":"passenger","locationId":"NLLOC000858","name":"NLD, Leeuwarden, Menaldumerstraat 7","address":"Menaldumerstraat 7","city":"Leeuwarden","operatorName":"Allego","maxPowerKw":11,"isMegawatt":false,"status":"AVAILABLE","source":"ndw","priceKwh":0.511}},{"type":"Feature","geometry":{"type":"Point","coordinates":[5.797647,53.20791]},"properties":{"type":"charge","layer":"passenger","locationId":"DACBC400-A60B-4580-B77D-9B4C4328883E","name":"TNLP013334 - Reinder Buysingweg 62, Leeuwarden","address":"62 Reinder Buysingweg","city":"Leeuwarden","operatorName":"TotalEnergies","maxPowerKw":17,"isMegawatt":false,"status":"UNAVAILABLE","source":"ndw"}},{"type":"Feature","geometry":{"type":"Point","coordinates":[5.857682,53.197944]},"properties":{"type":"charge","layer":"passenger","locationId":"6762e9ff53cba6aba8fa7652","name":"Pol Infratechniek","address":"Siriusweg 2","city":"Leeuwarden","operatorName":"E-Flux by Road","maxPowerKw":11,"isMegawatt":false,"status":"AVAILABLE","source":"ndw","priceKwh":0.48}},{"type":"Feature","geometry":{"type":"Point","coordinates":[5.7692,53.189627]},"properties":{"type":"charge","layer":"passenger","locationId":"6613b700262063001ceb88dd","name":"FRL Laadpaal 2","address":"Zwettestraat 31","city":"Leeuwarden","operatorName":"E-Flux by Road","maxPowerKw":22,"isMegawatt":false,"status":"AVAILABLE","source":"ndw","priceKwh":0.45}},{"type":"Feature","geometry":{"type":"Point","coordinates":[5.784814,53.191036]},"properties":{"type":"charge","layer":"passenger","locationId":"67e3eb7f5e4f964a4ff2627a","name":"Reseth Community Fitness","address":"Floris Versterstraat  1","city":"Leeuwarden","operatorName":"E-Flux by Road","maxPowerKw":22,"isMegawatt":false,"status":"AVAILABLE","source":"ndw","priceKwh":0.72}},{"type":"Feature","geometry":{"type":"Point","coordinates":[5.777129,53.197207]},"properties":{"type":"charge","layer":"passenger","locationId":"91054238","name":"50five-S NL 07117793","address":"Snekertrekweg 59","city":"Leeuwarden","operatorName":"50five","maxPowerKw":11,"isMegawatt":false,"status":"AVAILABLE","source":"ndw"}},{"type":"Feature","geometry":{"type":"Point","coordinates":[5.802094,53.195394]},"properties":{"type":"charge","layer":"passenger","locationId":"91099101","name":"50five-S NL ICUEVE000298","address":"Oostergoweg 7","city":"Leeuwarden","operatorName":"50five","maxPowerKw":22,"isMegawatt":false,"status":"UNAVAILABLE","source":"ndw"}},{"type":"Feature","geometry":{"type":"Point","coordinates":[5.786382,53.213645]},"properties":{"type":"charge","layer":"passenger","locationId":"NLLOC005098","name":"NLD, Leeuwarden, de Anjen 46","address":"de Anjen 46","city":"Leeuwarden","operatorName":"Allego","maxPowerKw":11,"isMegawatt":false,"status":"AVAILABLE","source":"ndw","priceKwh":0.511}},{"type":"Feature","geometry":{"type":"Point","coordinates":[5.758016,53.195821]},"properties":{"type":"charge","layer":"passenger","locationId":"68adf6c71270cba25e1454b0","name":"C4Design","address":"Einsteinweg 58","city":"LEEUWARDEN","operatorName":"E-Flux by Road","maxPowerKw":11,"isMegawatt":false,"status":"UNAVAILABLE","source":"ndw","priceKwh":0.43}},{"type":"Feature","geometry":{"type":"Point","coordinates":[5.783757,53.251152]},"properties":{"type":"charge","layer":"passenger","locationId":"NLLOC022093","name":"NL, Finne 2, 9055 ML Britsum","address":"Finne 72","city":"Britsum","operatorName":"Allego","maxPowerKw":11,"isMegawatt":false,"status":"AVAILABLE","source":"ndw","priceKwh":0.511}},{"type":"Feature","geometry":{"type":"Point","coordinates":[5.825751,53.189568]},"properties":{"type":"charge","layer":"passenger","locationId":"2C6C643A-4467-41AE-974D-4E23DF623BE1","name":"TNLP013331 - Holwortel 22, Leeuwarden","address":"22 Holwortel","city":"Leeuwarden","operatorName":"TotalEnergies","maxPowerKw":17,"isMegawatt":false,"status":"UNAVAILABLE","source":"ndw"}},{"type":"Feature","geometry":{"type":"Point","coordinates":[5.795021,53.165882]},"properties":{"type":"charge","layer":"passenger","locationId":"5137B1E1-9C5D-4885-A144-3652A7D14F27","name":"TNLP012121 - Skuorre 10, Leeuwarden","address":"10 Skuorre","city":"Leeuwarden","operatorName":"TotalEnergies","maxPowerKw":17,"isMegawatt":false,"status":"AVAILABLE","source":"ndw"}},{"type":"Feature","geometry":{"type":"Point","coordinates":[5.836265,53.094817]},"properties":{"type":"charge","layer":"passenger","locationId":"NLLOC007353","name":"NL, Parkstraat 19, 9001 AS, Leeuwarden","address":"Parkstraat 19","city":"Leeuwarden","operatorName":"Allego","maxPowerKw":11,"isMegawatt":false,"status":"CHARGING","source":"ndw","priceKwh":0.511}},{"type":"Feature","geometry":{"type":"Point","coordinates":[5.810373,53.200687]},"properties":{"type":"charge","layer":"passenger","locationId":"NLLOC007100","name":"NL, Alma Tademastraat 12, 8921BW, Leeuwarden","address":"Alma Tademastraat 12","city":"Leeuwarden","operatorName":"Allego","maxPowerKw":11,"isMegawatt":false,"status":"AVAILABLE","source":"ndw","priceKwh":0.511}},{"type":"Feature","geometry":{"type":"Point","coordinates":[5.836016,53.208645]},"properties":{"type":"charge","layer":"passenger","locationId":"NLLOC000581","name":"NLD, Leeuwarden, Jepmastate 9","address":"Jepmastate 9","city":"Leeuwarden","operatorName":"Allego","maxPowerKw":11,"isMegawatt":false,"status":"AVAILABLE","source":"ndw","priceKwh":0.511}},{"type":"Feature","geometry":{"type":"Point","coordinates":[5.782535,53.203113]},"properties":{"type":"charge","layer":"passenger","locationId":"NLLOC008725","name":"NL, Engelsestraat 21, 8913 BE, Leeuwarden","address":"Engelsestraat 21","city":"Leeuwarden","operatorName":"Allego","maxPowerKw":11,"isMegawatt":false,"status":"AVAILABLE","source":"ndw","priceKwh":0.511}},{"type":"Feature","geometry":{"type":"Point","coordinates":[5.797305,53.21515]},"properties":{"type":"charge","layer":"passenger","locationId":"NLLOC003831","name":"NLD, Leeuwarden,Brandemeer 98","address":"Brandemeer 98","city":"Leeuwarden","operatorName":"Allego","maxPowerKw":11,"isMegawatt":false,"status":"AVAILABLE","source":"ndw","priceKwh":0.511}},{"type":"Feature","geometry":{"type":"Point","coordinates":[5.791953,53.189554]},"properties":{"type":"charge","layer":"passenger","locationId":"NLLOC006216","name":"NL, Frans van Mierisstraat 62, 8932 KV, Leeuwarden","address":"Frans van Mierisstraat 62","city":"Leeuwarden","operatorName":"Allego","maxPowerKw":11,"isMegawatt":false,"status":"CHARGING","source":"ndw","priceKwh":0.511}},{"type":"Feature","geometry":{"type":"Point","coordinates":[5.760979,53.149015]},"properties":{"type":"charge","layer":"passenger","locationId":"68c91df47b025ad44827d60e","name":"Pean-buiten Weidum","address":"Dekemawei 9","city":"Weidum","operatorName":"Alva Charging Services","maxPowerKw":11,"isMegawatt":false,"status":"AVAILABLE","source":"ndw","priceKwh":0.64}},{"type":"Feature","geometry":{"type":"Point","coordinates":[5.824419,53.20355]},"properties":{"type":"charge","layer":"passenger","locationId":"5BA80AA4-D583-4349-979D-5924B39084C1","name":"TNLP013207 - Hagedoornplein 2, Leeuwarden","address":"2 Hagedoornplein","city":"Leeuwarden","operatorName":"TotalEnergies","maxPowerKw":17,"isMegawatt":false,"status":"UNAVAILABLE","source":"ndw"}},{"type":"Feature","geometry":{"type":"Point","coordinates":[5.826342,53.185444]},"properties":{"type":"charge","layer":"passenger","locationId":"41F1219E-6BEA-4659-AFB1-AA7F151CC7AB","name":"TNLP012160 - Krommezijl 64, Leeuwarden","address":"64 Krommezijl","city":"Leeuwarden","operatorName":"TotalEnergies","maxPowerKw":17,"isMegawatt":false,"status":"AVAILABLE","source":"ndw"}},{"type":"Feature","geometry":{"type":"Point","coordinates":[5.838156,53.095814]},"properties":{"type":"charge","layer":"passenger","locationId":"NLLOC020575","name":"NL, Skaverij 24, 9001 DB Grou","address":"Skaverij 24","city":"Grou","operatorName":"Allego","maxPowerKw":11,"isMegawatt":false,"status":"AVAILABLE","source":"ndw","priceKwh":0.511}},{"type":"Feature","geometry":{"type":"Point","coordinates":[5.856598,53.199653]},"properties":{"type":"charge","layer":"passenger","locationId":"69eb4f281128bf1910cad086","name":"Pol Infratechniek (Siriusweg 3)","address":"Siriusweg 3","city":"Leeuwarden","operatorName":"E-Flux by Road","maxPowerKw":22,"isMegawatt":false,"status":"AVAILABLE","source":"ndw","priceKwh":0.48}},{"type":"Feature","geometry":{"type":"Point","coordinates":[5.801962,53.195556]},"properties":{"type":"charge","layer":"passenger","locationId":"91093621","name":"50five-S NL ICUEVE000297","address":"Oostergoweg 7","city":"Leeuwarden","operatorName":"50five","maxPowerKw":22,"isMegawatt":false,"status":"UNAVAILABLE","source":"ndw"}},{"type":"Feature","geometry":{"type":"Point","coordinates":[5.786911,53.206331]},"properties":{"type":"charge","layer":"passenger","locationId":"NLLOC000628","name":"NLD, Leeuwarden, Roodborststraat 17","address":"Roodborststraat 17","city":"Leeuwarden","operatorName":"Allego","maxPowerKw":11,"isMegawatt":false,"status":"AVAILABLE","source":"ndw","priceKwh":0.511}},{"type":"Feature","geometry":{"type":"Point","coordinates":[5.794421,53.198473]},"properties":{"type":"charge","layer":"passenger","locationId":"NLLOC001852","name":"NLD, Leeuwarden, Willemskade 10","address":"Willemskade 10","city":"Leeuwarden","operatorName":"Allego","maxPowerKw":11,"isMegawatt":false,"status":"AVAILABLE","source":"ndw","priceKwh":0.511}},{"type":"Feature","geometry":{"type":"Point","coordinates":[5.760131,53.21191]},"properties":{"type":"charge","layer":"passenger","locationId":"131AEF34-C651-4736-9B67-9B2C29C35C09","name":"TNLP013303 - Ypk fan der Fearwei 14, Leeuwarden","address":"14 Ypk fan der Fearwei","city":"Leeuwarden","operatorName":"TotalEnergies","maxPowerKw":17,"isMegawatt":false,"status":"UNAVAILABLE","source":"ndw"}},{"type":"Feature","geometry":{"type":"Point","coordinates":[5.834952,53.090406]},"properties":{"type":"charge","layer":"passenger","locationId":"91084762","name":"50five-S NL 07006324","address":"De Koffe 2","city":"Grou","operatorName":"50five","maxPowerKw":4,"isMegawatt":false,"status":"AVAILABLE","source":"ndw"}},{"type":"Feature","geometry":{"type":"Point","coordinates":[5.839216,53.184819]},"properties":{"type":"charge","layer":"passenger","locationId":"91044409","name":"50five-S NL 07006570","address":"Guozzemar 18","city":"Leeuwarden","operatorName":"50five","maxPowerKw":5,"isMegawatt":false,"status":"AVAILABLE","source":"ndw"}},{"type":"Feature","geometry":{"type":"Point","coordinates":[5.787414,53.25445]},"properties":{"type":"charge","layer":"passenger","locationId":"4421F1A2-FB91-4D66-B4F8-4A30FFBE5BC0","name":"TNLP013159 - Lytse Dyk 17, Britsum","address":"17 Lytse Dyk","city":"Britsum","operatorName":"TotalEnergies","maxPowerKw":17,"isMegawatt":false,"status":"AVAILABLE","source":"ndw"}},{"type":"Feature","geometry":{"type":"Point","coordinates":[5.847924,53.14893]},"properties":{"type":"charge","layer":"passenger","locationId":"8CF11FDB-35AE-41EF-A123-37EF67814E3E","name":"TNLP013417 - C. Kasjestrjitte 20, Wergea","address":"20 C. Kasjestrjitte","city":"Wergea","operatorName":"TotalEnergies","maxPowerKw":17,"isMegawatt":false,"status":"AVAILABLE","source":"ndw"}},{"type":"Feature","geometry":{"type":"Point","coordinates":[5.803879,53.20929]},"properties":{"type":"charge","layer":"passenger","locationId":"B71ED7BD-9AE6-40BD-B5E5-1611C0730358","name":"TNLP012163 - Papaverstraat 5, Leeuwarden","address":"5 Papaverstraat","city":"Leeuwarden","operatorName":"TotalEnergies","maxPowerKw":17,"isMegawatt":false,"status":"UNAVAILABLE","source":"ndw"}},{"type":"Feature","geometry":{"type":"Point","coordinates":[5.792685,53.080734]},"properties":{"type":"charge","layer":"passenger","locationId":"AB5A5711-5D96-43C6-9544-B29EA16FCA11","name":"TNLP013269 - Douwemastrjitte 32, Irnsum","address":"32 Douwemastrjitte","city":"Irnsum","operatorName":"TotalEnergies","maxPowerKw":17,"isMegawatt":false,"status":"UNAVAILABLE","source":"ndw"}},{"type":"Feature","geometry":{"type":"Point","coordinates":[5.765677,53.205113]},"properties":{"type":"charge","layer":"passenger","locationId":"63dd21e4b2b739001251de2e","name":"Crystalic Business Park (LP5)","address":"François HaverSchmidtwei 2","city":"Leeuwarden","operatorName":"E-Flux by Road","maxPowerKw":22,"isMegawatt":false,"status":"AVAILABLE","source":"ndw","priceKwh":0.41}},{"type":"Feature","geometry":{"type":"Point","coordinates":[5.78911,53.19416]},"properties":{"type":"charge","layer":"passenger","locationId":"6B9902D5-30CD-435A-ACE0-2F11DB9E1081","name":"TNLP013203 - Van Loonstraat 2, Leeuwarden","address":"2 Van Loonstraat","city":"Leeuwarden","operatorName":"TotalEnergies","maxPowerKw":17,"isMegawatt":false,"status":"UNAVAILABLE","source":"ndw"}},{"type":"Feature","geometry":{"type":"Point","coordinates":[5.76422,53.191477]},"properties":{"type":"charge","layer":"passenger","locationId":"66238265","name":"Laadpaal24 66238265","address":"James Wattstraat 19","city":"Leeuwarden","operatorName":"Laadpaal24","maxPowerKw":22,"isMegawatt":false,"status":"AVAILABLE","source":"ndw"}},{"type":"Feature","geometry":{"type":"Point","coordinates":[5.759152,53.261766]},"properties":{"type":"charge","layer":"passenger","locationId":"91200694","name":"50five-S NL 07142176","address":"M.B. Hoogeveenstrjitte 1","city":"Stiens","operatorName":"50five","maxPowerKw":9,"isMegawatt":false,"status":"AVAILABLE","source":"ndw"}},{"type":"Feature","geometry":{"type":"Point","coordinates":[5.849327,53.195044]},"properties":{"type":"charge","layer":"passenger","locationId":"6284d694546e37691f0fa372","name":"Da Vinci","address":"Poolsterweg  1","city":"Leeuwarden","operatorName":"E-Flux by Road","maxPowerKw":22,"isMegawatt":false,"status":"AVAILABLE","source":"ndw","priceKwh":0.52}},{"type":"Feature","geometry":{"type":"Point","coordinates":[5.81345,53.20175]},"properties":{"type":"charge","layer":"passenger","locationId":"5E2B9040-845F-45F9-8AC7-E8E0CC834E7C","name":"TNLP013189 - Saskiastraat 22, Leeuwarden","address":"22 Saskiastraat","city":"Leeuwarden","operatorName":"TotalEnergies","maxPowerKw":15,"isMegawatt":false,"status":"AVAILABLE","source":"ndw"}},{"type":"Feature","geometry":{"type":"Point","coordinates":[5.789805,53.21674]},"properties":{"type":"charge","layer":"passenger","locationId":"8CBF95B5-AA64-4B11-8C72-F7A6425EBD4C","name":"TNLP013222 - De Hooidollen 416, Leeuwarden","address":"416 De Hooidollen","city":"Leeuwarden","operatorName":"TotalEnergies","maxPowerKw":17,"isMegawatt":false,"status":"UNAVAILABLE","source":"ndw"}},{"type":"Feature","geometry":{"type":"Point","coordinates":[5.845162,53.152126]},"properties":{"type":"charge","layer":"passenger","locationId":"61FC45BA-72C7-402A-A474-3E4D70B622EB","name":"TNLP012053 - Kerkbuurt 19, Wergea","address":"19 Kerkbuurt","city":"Wergea","operatorName":"TotalEnergies","maxPowerKw":17,"isMegawatt":false,"status":"AVAILABLE","source":"ndw"}},{"type":"Feature","geometry":{"type":"Point","coordinates":[5.837022,53.21025]},"properties":{"type":"charge","layer":"passenger","locationId":"5DF88E6C-3B3E-4005-B8FF-3C45E82B1358","name":"TNLP013325 - Havingastate 5, Leeuwarden","address":"5 Havingastate","city":"Leeuwarden","operatorName":"TotalEnergies","maxPowerKw":15,"isMegawatt":false,"status":"AVAILABLE","source":"ndw"}},{"type":"Feature","geometry":{"type":"Point","coordinates":[5.787735,53.20465]},"properties":{"type":"charge","layer":"passenger","locationId":"NLLOC002034","name":"NLD, Leeuwarden, Noordersingel 102","address":"Noordersingel 102","city":"Leeuwarden","operatorName":"Allego","maxPowerKw":11,"isMegawatt":false,"status":"AVAILABLE","source":"ndw","priceKwh":0.511}},{"type":"Feature","geometry":{"type":"Point","coordinates":[5.822709,53.17275]},"properties":{"type":"charge","layer":"passenger","locationId":"724D8A0B-0107-4BFD-BA14-96EEB21D4038","name":"TNLP013206 - De Ynset 34, Leeuwarden","address":"34 De Ynset","city":"Leeuwarden","operatorName":"TotalEnergies","maxPowerKw":17,"isMegawatt":false,"status":"AVAILABLE","source":"ndw"}},{"type":"Feature","geometry":{"type":"Point","coordinates":[5.852809,53.151658]},"properties":{"type":"charge","layer":"passenger","locationId":"631b3ee5f90d336b05dfa56c","name":"Vakgarage van der Zweep","address":"Wartensterdijk  2a","city":"Wergea","operatorName":"E-Flux by Road","maxPowerKw":11,"isMegawatt":false,"status":"AVAILABLE","source":"ndw","priceKwh":0.48}},{"type":"Feature","geometry":{"type":"Point","coordinates":[5.837817,53.207209]},"properties":{"type":"charge","layer":"passenger","locationId":"NLLOC006855","name":"NL, Canterstate 168 8925 BJ Leeuwarden","address":"Canterstate 168","city":"Leeuwarden","operatorName":"Allego","maxPowerKw":11,"isMegawatt":false,"status":"AVAILABLE","source":"ndw","priceKwh":0.511}},{"type":"Feature","geometry":{"type":"Point","coordinates":[5.768243,53.199513]},"properties":{"type":"charge","layer":"passenger","locationId":"66ead1f62a25cc001cb0ad16","name":"Cambuur Stadion Firda","address":"Stadionplein  23","city":"Leeuwarden","operatorName":"E-Flux by Road","maxPowerKw":22,"isMegawatt":false,"status":"AVAILABLE","source":"ndw","priceKwh":0.3}},{"type":"Feature","geometry":{"type":"Point","coordinates":[5.7692,53.189627]},"properties":{"type":"charge","layer":"passenger","locationId":"6613b667fb98ca001c7ff902","name":"FRL Laadpaal 1","address":"Zwettestraat 31","city":"Leeuwarden","operatorName":"E-Flux by Road","maxPowerKw":22,"isMegawatt":false,"status":"AVAILABLE","source":"ndw","priceKwh":0.45}},{"type":"Feature","geometry":{"type":"Point","coordinates":[5.785606,53.192941]},"properties":{"type":"charge","layer":"passenger","locationId":"NLLOC009393","name":"NL. Aert van der Neerstraat 59, 8932 BK Leeuwarden","address":"Aert van der Neerstraat 59","city":"Leeuwarden","operatorName":"Allego","maxPowerKw":11,"isMegawatt":false,"status":"AVAILABLE","source":"ndw","priceKwh":0.511}},{"type":"Feature","geometry":{"type":"Point","coordinates":[5.806195,53.208527]},"properties":{"type":"charge","layer":"passenger","locationId":"NLLOC000296","name":"NLD, Leeuwarden, Groningerplein 9","address":"Groningerplein 9","city":"Leeuwarden","operatorName":"Allego","maxPowerKw":11,"isMegawatt":false,"status":"AVAILABLE","source":"ndw","priceKwh":0.511}},{"type":"Feature","geometry":{"type":"Point","coordinates":[5.803707,53.197921]},"properties":{"type":"charge","layer":"passenger","locationId":"NLLOC018646","name":"NL, Achter de Hoven 72, 8933 AK Leeuwarden","address":"Achter de Hoven 72","city":"Leeuwarden","operatorName":"Allego","maxPowerKw":11,"isMegawatt":false,"status":"AVAILABLE","source":"ndw","priceKwh":0.511}},{"type":"Feature","geometry":{"type":"Point","coordinates":[5.822894,53.186364]},"properties":{"type":"charge","layer":"passenger","locationId":"91171602","name":"50five-S NL 07109776","address":"Ereprijs 102","city":"Leeuwarden","operatorName":"50five","maxPowerKw":11,"isMegawatt":false,"status":"CHARGING","source":"ndw"}},{"type":"Feature","geometry":{"type":"Point","coordinates":[5.788885,53.19973]},"properties":{"type":"charge","layer":"passenger","locationId":"A2C5DF1A-97DE-4F84-86A6-7849FFB64CAF","name":"TNLP012222 - Zaailand 2, Leeuwarden","address":"2 Zaailand","city":"Leeuwarden","operatorName":"TotalEnergies","maxPowerKw":17,"isMegawatt":false,"status":"UNAVAILABLE","source":"ndw"}},{"type":"Feature","geometry":{"type":"Point","coordinates":[5.815765,53.214813]},"properties":{"type":"charge","layer":"passenger","locationId":"F78DB78E-B582-4B91-8A7F-3D058717BF34","name":"TNLP013376 - Canadezenlaan 186, Leeuwarden","address":"186 Canadezenlaan","city":"Leeuwarden","operatorName":"TotalEnergies","maxPowerKw":17,"isMegawatt":false,"status":"UNAVAILABLE","source":"ndw"}},{"type":"Feature","geometry":{"type":"Point","coordinates":[5.786833,53.209287]},"properties":{"type":"charge","layer":"passenger","locationId":"NLLOC002448","name":"NLD, Leeuwarden, Valkstraat 1","address":"Valkstraat 1","city":"Leeuwarden","operatorName":"Allego","maxPowerKw":11,"isMegawatt":false,"status":"AVAILABLE","source":"ndw","priceKwh":0.511}},{"type":"Feature","geometry":{"type":"Point","coordinates":[5.822144,53.188091]},"properties":{"type":"charge","layer":"passenger","locationId":"NLLOC002583","name":"NLD, Leeuwarden, Winterakoniet 11","address":"Winterakoniet 11","city":"Leeuwarden","operatorName":"Allego","maxPowerKw":11,"isMegawatt":false,"status":"AVAILABLE","source":"ndw","priceKwh":0.511}},{"type":"Feature","geometry":{"type":"Point","coordinates":[5.831175,53.215103]},"properties":{"type":"charge","layer":"passenger","locationId":"69E6AE0B-6600-412F-BA6C-E2D7A42121DC","name":"TNLP012125 - Aggemastate 130, Leeuwarden","address":"130 Aggemastate","city":"Leeuwarden","operatorName":"TotalEnergies","maxPowerKw":17,"isMegawatt":false,"status":"UNAVAILABLE","source":"ndw"}},{"type":"Feature","geometry":{"type":"Point","coordinates":[5.857661,53.197933]},"properties":{"type":"charge","layer":"passenger","locationId":"6762e98f4f24c2b583ca1aa3","name":"Pol Infratechniek","address":"Siriusweg 2","city":"Leeuwarden","operatorName":"E-Flux by Road","maxPowerKw":11,"isMegawatt":false,"status":"AVAILABLE","source":"ndw","priceKwh":0.48}},{"type":"Feature","geometry":{"type":"Point","coordinates":[5.80231,53.207157]},"properties":{"type":"charge","layer":"passenger","locationId":"NLLOC001773","name":"NLD, Leeuwarden, Hoekstersingel 63","address":"Hoekstersingel 63","city":"Leeuwarden","operatorName":"Allego","maxPowerKw":11,"isMegawatt":false,"status":"AVAILABLE","source":"ndw","priceKwh":0.511}},{"type":"Feature","geometry":{"type":"Point","coordinates":[5.799913,53.201233]},"properties":{"type":"charge","layer":"passenger","locationId":"91164246","name":"50five Exploitatie Trivium Leeuwarden","address":"oudmansstraat 1","city":"Leeuwarden","operatorName":"50five","maxPowerKw":11,"isMegawatt":false,"status":"AVAILABLE","source":"ndw"}},{"type":"Feature","geometry":{"type":"Point","coordinates":[5.845397,53.193081]},"properties":{"type":"charge","layer":"passenger","locationId":"91231969","name":"50five-S NL 09102990","address":"Avondsterweg 1","city":"Leeuwarden","operatorName":"50five","maxPowerKw":11,"isMegawatt":false,"status":"AVAILABLE","source":"ndw"}},{"type":"Feature","geometry":{"type":"Point","coordinates":[5.802237,53.205756]},"properties":{"type":"charge","layer":"passenger","locationId":"OST23P0069_0057_0","name":"OST23P0069_0057_0","address":"Hoeksterpad 3","city":"Leeuwarden","operatorName":"IPCharging","maxPowerKw":38,"isMegawatt":false,"status":"AVAILABLE","source":"ndw","priceKwh":0.41}},{"type":"Feature","geometry":{"type":"Point","coordinates":[5.808036,53.177314]},"properties":{"type":"charge","layer":"passenger","locationId":"91314558","name":"50five-S NL Location","address":"Haven 1","city":"Goutum","operatorName":"50five","maxPowerKw":11,"isMegawatt":false,"status":"AVAILABLE","source":"ndw"}},{"type":"Feature","geometry":{"type":"Point","coordinates":[5.862241,53.218422]},"properties":{"type":"charge","layer":"passenger","locationId":"663a321e039c57001c85fbf1","name":"Groote Wielen, Butlan 1 Leeuwarden","address":"Butlan  1","city":"leeuwarden","operatorName":"E-Flux by Road","maxPowerKw":22,"isMegawatt":false,"status":"AVAILABLE","source":"ndw","priceKwh":0.52}},{"type":"Feature","geometry":{"type":"Point","coordinates":[5.790061,53.210943]},"properties":{"type":"charge","layer":"passenger","locationId":"91185567","name":"50five-S NL 09140622","address":"Jelsumerstraat 6a","city":"Leeuwarden","operatorName":"50five","maxPowerKw":11,"isMegawatt":false,"status":"AVAILABLE","source":"ndw"}},{"type":"Feature","geometry":{"type":"Point","coordinates":[5.834014,53.085172]},"properties":{"type":"charge","layer":"passenger","locationId":"91045842","name":"50five-S NL 17B32885","address":"Karper 1","city":"Grou","operatorName":"50five","maxPowerKw":11,"isMegawatt":false,"status":"AVAILABLE","source":"ndw"}},{"type":"Feature","geometry":{"type":"Point","coordinates":[5.814117,53.192338]},"properties":{"type":"charge","layer":"passenger","locationId":"NLLOC000312","name":"NLD, Leeuwarden, Tijnjedijk 5","address":"Tijnjedijk 5","city":"Leeuwarden","operatorName":"Allego","maxPowerKw":11,"isMegawatt":false,"status":"AVAILABLE","source":"ndw","priceKwh":0.511}},{"type":"Feature","geometry":{"type":"Point","coordinates":[5.825211,53.185253]},"properties":{"type":"charge","layer":"passenger","locationId":"NLLOC015244","name":"NL, Krommezijl, 80, 8939AW, Leeuwarden","address":"Krommezijl 80","city":"Leeuwarden","operatorName":"Allego","maxPowerKw":11,"isMegawatt":false,"status":"AVAILABLE","source":"ndw","priceKwh":0.511}},{"type":"Feature","geometry":{"type":"Point","coordinates":[5.807697,53.194077]},"properties":{"type":"charge","layer":"passenger","locationId":"B6662ADB-6A86-4C68-A066-9D24A7B640FD","name":"TNLP013329 - Jansoniusstraat 45, Leeuwarden","address":"45 Jansoniusstraat","city":"Leeuwarden","operatorName":"TotalEnergies","maxPowerKw":17,"isMegawatt":false,"status":"UNAVAILABLE","source":"ndw"}},{"type":"Feature","geometry":{"type":"Point","coordinates":[5.766539,53.289329]},"properties":{"type":"charge","layer":"passenger","locationId":"69385c8bddbaff98abc01d3d","name":"D76289862","address":"De loane 74a","city":"Hijum","operatorName":"E-Flux by Road","maxPowerKw":17,"isMegawatt":false,"status":"CHARGING","source":"ndw","priceKwh":0.43}},{"type":"Feature","geometry":{"type":"Point","coordinates":[5.816201,53.216373]},"properties":{"type":"charge","layer":"passenger","locationId":"3F30BF6A-AFFA-47BE-918E-560AE0C4A039","name":"TNLP013330 - Robinsonstraat 94, Leeuwarden","address":"94 Robinsonstraat","city":"Leeuwarden","operatorName":"TotalEnergies","maxPowerKw":17,"isMegawatt":false,"status":"UNAVAILABLE","source":"ndw"}},{"type":"Feature","geometry":{"type":"Point","coordinates":[5.744439,53.161563]},"properties":{"type":"charge","layer":"passenger","locationId":"63ceac96fdfe9a00129c6556","name":"Watse van Balen 's station","address":"Hegedyk  16","city":"Jellum","operatorName":"E-Flux by Road","maxPowerKw":14,"isMegawatt":false,"status":"AVAILABLE","source":"ndw","priceKwh":0.38}},{"type":"Feature","geometry":{"type":"Point","coordinates":[5.780928,53.201218]},"properties":{"type":"charge","layer":"passenger","locationId":"NLLOC000050","name":"NLD, Leeuwarden, Engelseplein 16","address":"Engelseplein 16","city":"Leeuwarden","operatorName":"Allego","maxPowerKw":11,"isMegawatt":false,"status":"AVAILABLE","source":"ndw","priceKwh":0.511}},{"type":"Feature","geometry":{"type":"Point","coordinates":[5.716752,53.130136]},"properties":{"type":"charge","layer":"passenger","locationId":"NLLOC022154","name":"NL, Master Jansenstrjitte 22, 9022 AP Mantgum","address":"Master Jansenstrjitte 22","city":"Mantgum","operatorName":"Allego","maxPowerKw":11,"isMegawatt":false,"status":"AVAILABLE","source":"ndw","priceKwh":0.511}},{"type":"Feature","geometry":{"type":"Point","coordinates":[5.840857,53.204193]},"properties":{"type":"charge","layer":"passenger","locationId":"E5696054-8275-4598-B2BD-D17577B7D370","name":"TNLP013185 - Crackstate 5, Leeuwarden","address":"5 Crackstate","city":"Leeuwarden","operatorName":"TotalEnergies","maxPowerKw":17,"isMegawatt":false,"status":"UNAVAILABLE","source":"ndw"}},{"type":"Feature","geometry":{"type":"Point","coordinates":[5.796043,53.19474]},"properties":{"type":"charge","layer":"passenger","locationId":"NLLOC009072","name":"NL, Gymnasiumstraat 32, 8932 GW, Leeuwarden","address":"Gymnasiumstraat 32","city":"Leeuwarden","operatorName":"Allego","maxPowerKw":11,"isMegawatt":false,"status":"AVAILABLE","source":"ndw","priceKwh":0.511}},{"type":"Feature","geometry":{"type":"Point","coordinates":[5.819279,53.175045]},"properties":{"type":"charge","layer":"passenger","locationId":"FA9C9B8B-DBE2-460E-B569-ED79E12315DE","name":"TNLP013326 - Klimme 1, Goutum","address":"1 Klimme","city":"Goutum","operatorName":"TotalEnergies","maxPowerKw":17,"isMegawatt":false,"status":"AVAILABLE","source":"ndw"}},{"type":"Feature","geometry":{"type":"Point","coordinates":[5.848303,53.212767]},"properties":{"type":"charge","layer":"passenger","locationId":"NLLOC000114","name":"NLD, Leeuwarden, Osingastate 5","address":"Osingastate 5","city":"Leeuwarden","operatorName":"Allego","maxPowerKw":11,"isMegawatt":false,"status":"AVAILABLE","source":"ndw","priceKwh":0.511}},{"type":"Feature","geometry":{"type":"Point","coordinates":[5.768243,53.199513]},"properties":{"type":"charge","layer":"passenger","locationId":"66ead461dcb638001c600a77","name":"Cambuur Stadion Firda","address":"Stadionplein 23","city":"Leeuwarden","operatorName":"E-Flux by Road","maxPowerKw":22,"isMegawatt":false,"status":"AVAILABLE","source":"ndw","priceKwh":0.3}},{"type":"Feature","geometry":{"type":"Point","coordinates":[5.765545,53.205073]},"properties":{"type":"charge","layer":"passenger","locationId":"63dd0c3fb2b73900124e1915","name":"Crystalic Business Park (LP1)","address":"François HaverSchmidtwei 2","city":"Leeuwarden","operatorName":"E-Flux by Road","maxPowerKw":22,"isMegawatt":false,"status":"AVAILABLE","source":"ndw","priceKwh":0.41}},{"type":"Feature","geometry":{"type":"Point","coordinates":[5.800181,53.21711]},"properties":{"type":"charge","layer":"passenger","locationId":"17851D03-830E-4B9A-880F-358A690CF7FD","name":"TNLP012027 - de Kei 382, Leeuwarden","address":"382 de Kei","city":"Leeuwarden","operatorName":"TotalEnergies","maxPowerKw":17,"isMegawatt":false,"status":"UNAVAILABLE","source":"ndw"}},{"type":"Feature","geometry":{"type":"Point","coordinates":[5.799075,53.203122]},"properties":{"type":"charge","layer":"passenger","locationId":"NLLOC008735","name":"NL, Eewal 77, 8911 GS Leeuwarden","address":"Eewal 77","city":"Leeuwarden","operatorName":"Allego","maxPowerKw":11,"isMegawatt":false,"status":"AVAILABLE","source":"ndw","priceKwh":0.511}},{"type":"Feature","geometry":{"type":"Point","coordinates":[5.794403,53.20236]},"properties":{"type":"charge","layer":"passenger","locationId":"04733E32-30AF-4515-A84E-688FCC2B4076","name":"TNLP012132 - Sint Anthonystraat 6, Leeuwarden","address":"6 Sint Anthonystraat","city":"Leeuwarden","operatorName":"TotalEnergies","maxPowerKw":17,"isMegawatt":false,"status":"UNAVAILABLE","source":"ndw"}},{"type":"Feature","geometry":{"type":"Point","coordinates":[5.795326,53.16873]},"properties":{"type":"charge","layer":"passenger","locationId":"64646840-A579-4DB6-A03E-32CBF036A132","name":"TNLP012079 - Molkenkelder 19, Leeuwarden","address":"19 Molkenkelder","city":"Leeuwarden","operatorName":"TotalEnergies","maxPowerKw":17,"isMegawatt":false,"status":"AVAILABLE","source":"ndw"}},{"type":"Feature","geometry":{"type":"Point","coordinates":[5.841363,53.177081]},"properties":{"type":"charge","layer":"passenger","locationId":"6870c8da2af4e78d817ec5df","name":"Johan Langius's station","address":"Johannesleane 9","city":"HEMPENS","operatorName":"E-Flux by Road","maxPowerKw":11,"isMegawatt":false,"status":"UNAVAILABLE","source":"ndw","priceKwh":0.33}},{"type":"Feature","geometry":{"type":"Point","coordinates":[5.806926,53.17842]},"properties":{"type":"charge","layer":"passenger","locationId":"91232831","name":"50five-S NL 07108310","address":"Oebeleslân 9","city":"Goutum","operatorName":"50five","maxPowerKw":4,"isMegawatt":false,"status":"UNAVAILABLE","source":"ndw"}},{"type":"Feature","geometry":{"type":"Point","coordinates":[5.788847,53.210297]},"properties":{"type":"charge","layer":"passenger","locationId":"91314639","name":"50five-S NL Location","address":"Jelsumerstraat 6","city":"Leeuwarden","operatorName":"50five","maxPowerKw":11,"isMegawatt":false,"status":"CHARGING","source":"ndw"}},{"type":"Feature","geometry":{"type":"Point","coordinates":[5.815148,53.209898]},"properties":{"type":"charge","layer":"passenger","locationId":"NLLOC000112","name":"NLD, Leeuwarden, Frederik Ruyschstraat 14","address":"Frederik Ruyschstraat 14","city":"Leeuwarden","operatorName":"Allego","maxPowerKw":11,"isMegawatt":false,"status":"AVAILABLE","source":"ndw","priceKwh":0.511}},{"type":"Feature","geometry":{"type":"Point","coordinates":[5.793352,53.186134]},"properties":{"type":"charge","layer":"passenger","locationId":"BD4D80B1-90B1-4BC5-BBDA-394EE7F48EF7","name":"TNLP012085 - Beatrixstraat 1a, Leeuwarden","address":"1a Beatrixstraat","city":"Leeuwarden","operatorName":"TotalEnergies","maxPowerKw":17,"isMegawatt":false,"status":"UNAVAILABLE","source":"ndw"}},{"type":"Feature","geometry":{"type":"Point","coordinates":[5.803215,53.1996]},"properties":{"type":"charge","layer":"passenger","locationId":"DCB229E8-ADFD-44A2-BB13-F1C53191C935","name":"TNLP013230 - Emmakade 1, Leeuwarden","address":"1 Emmakade","city":"Leeuwarden","operatorName":"TotalEnergies","maxPowerKw":17,"isMegawatt":false,"status":"UNAVAILABLE","source":"ndw"}},{"type":"Feature","geometry":{"type":"Point","coordinates":[5.85041,53.192802]},"properties":{"type":"charge","layer":"passenger","locationId":"A3331F67-B63B-4BC9-8487-10B773FF7B54","name":"Eneco eMobility Citytec -Leeuwarden","address":"Ceresweg 17","city":"Rotterdam","operatorName":"Eneco","maxPowerKw":22,"isMegawatt":false,"status":"AVAILABLE","source":"ndw","priceKwh":0.32}},{"type":"Feature","geometry":{"type":"Point","coordinates":[5.804962,53.199018]},"properties":{"type":"charge","layer":"passenger","locationId":"NLLOC004341","name":"NLD, Leeuwarden, Frisostraat 1","address":"Frisostraat 1","city":"Leeuwarden","operatorName":"Allego","maxPowerKw":11,"isMegawatt":false,"status":"AVAILABLE","source":"ndw","priceKwh":0.511}},{"type":"Feature","geometry":{"type":"Point","coordinates":[5.827568,53.195943]},"properties":{"type":"charge","layer":"passenger","locationId":"671f7b8018e79f001ca28dda","name":"Wetterskip Fryslân - RWZI Leeuwarden","address":"Greunsweg 78","city":"Leeuwarden","operatorName":"Alva Charging Services","maxPowerKw":22,"isMegawatt":false,"status":"AVAILABLE","source":"ndw","priceKwh":0.34}},{"type":"Feature","geometry":{"type":"Point","coordinates":[5.896285,53.149398]},"properties":{"type":"charge","layer":"passenger","locationId":"NLLOC002848","name":"NLD, Warten, Burgermeester Waldastraat 1","address":"Burgermeester Waldastraat","city":"Warten","operatorName":"Allego","maxPowerKw":11,"isMegawatt":false,"status":"AVAILABLE","source":"ndw","priceKwh":0.511}},{"type":"Feature","geometry":{"type":"Point","coordinates":[5.714332,53.144592]},"properties":{"type":"charge","layer":"passenger","locationId":"3F4DFDE9-2773-49DE-8202-7F617145DB50","name":"TNLP012063 - Pastorijfinne 10, Jorwert","address":"10 Pastorijfinne","city":"Jorwert","operatorName":"TotalEnergies","maxPowerKw":17,"isMegawatt":false,"status":"AVAILABLE","source":"ndw"}},{"type":"Feature","geometry":{"type":"Point","coordinates":[5.821915,53.18965]},"properties":{"type":"charge","layer":"passenger","locationId":"72578846-799A-44E6-BCF2-22CA7E97D21B","name":"TNLP012144 - Lenteklokje 113, Leeuwarden","address":"113 Lenteklokje","city":"Leeuwarden","operatorName":"TotalEnergies","maxPowerKw":17,"isMegawatt":false,"status":"UNAVAILABLE","source":"ndw"}},{"type":"Feature","geometry":{"type":"Point","coordinates":[5.761953,53.195085]},"properties":{"type":"charge","layer":"passenger","locationId":"91108612","name":"50five-S NL 19B03585","address":"Celsiusweg 35","city":"Leeuwarden","operatorName":"50five","maxPowerKw":22,"isMegawatt":false,"status":"AVAILABLE","source":"ndw"}},{"type":"Feature","geometry":{"type":"Point","coordinates":[5.842647,53.102056]},"properties":{"type":"charge","layer":"passenger","locationId":"6819d7964ea7f1414b46adbe","name":"WATERPARK YN'E LIJTE","address":"YN'E LIJTE 1","city":"GROU","operatorName":"PureCharged","maxPowerKw":11,"isMegawatt":false,"status":"CHARGING","source":"ndw","priceKwh":0.58}},{"type":"Feature","geometry":{"type":"Point","coordinates":[5.835252,53.21259]},"properties":{"type":"charge","layer":"passenger","locationId":"D15375A2-9FD4-4926-B0B6-C211014A6DB4","name":"TNLP013321 - Roptastate 6, Leeuwarden","address":"6 Roptastate","city":"Leeuwarden","operatorName":"TotalEnergies","maxPowerKw":15,"isMegawatt":false,"status":"AVAILABLE","source":"ndw"}},{"type":"Feature","geometry":{"type":"Point","coordinates":[5.794782,53.19569]},"properties":{"type":"charge","layer":"passenger","locationId":"NLLOC006685","name":"NL, Wassenberghstraat 6, 8932 GM, Leeuwarden","address":"Wassenberghstraat 6","city":"Leeuwarden","operatorName":"Allego","maxPowerKw":11,"isMegawatt":false,"status":"AVAILABLE","source":"ndw","priceKwh":0.511}},{"type":"Feature","geometry":{"type":"Point","coordinates":[5.845519,53.218432]},"properties":{"type":"charge","layer":"passenger","locationId":"91043408","name":"50five-S NL 17B25843","address":"Karst Leemburgleane 16","city":"Leeuwarden","operatorName":"50five","maxPowerKw":11,"isMegawatt":false,"status":"AVAILABLE","source":"ndw"}},{"type":"Feature","geometry":{"type":"Point","coordinates":[5.821879,53.178003]},"properties":{"type":"charge","layer":"passenger","locationId":"NLLOC000761","name":"NLD, Leeuwarden, Ublingaplantage 6","address":"Ublingaplantage 6","city":"Leeuwarden","operatorName":"Allego","maxPowerKw":11,"isMegawatt":false,"status":"AVAILABLE","source":"ndw","priceKwh":0.511}},{"type":"Feature","geometry":{"type":"Point","coordinates":[5.800033,53.195046]},"properties":{"type":"charge","layer":"passenger","locationId":"NLLOC007554","name":"NL, Sixmastraat 66, 8932 PA, Leeuwarden","address":"Sixmastraat 66","city":"Leeuwarden","operatorName":"Allego","maxPowerKw":11,"isMegawatt":false,"status":"AVAILABLE","source":"ndw","priceKwh":0.511}},{"type":"Feature","geometry":{"type":"Point","coordinates":[5.767017,53.257952]},"properties":{"type":"charge","layer":"passenger","locationId":"NLLOC012248","name":"NL, Gysbert Japicxstrjitte 33, 9051 EP Stiens","address":"Gysbert Japicxstrjitte 33","city":"Stiens","operatorName":"Allego","maxPowerKw":11,"isMegawatt":false,"status":"AVAILABLE","source":"ndw","priceKwh":0.511}},{"type":"Feature","geometry":{"type":"Point","coordinates":[5.762233,53.208706]},"properties":{"type":"charge","layer":"passenger","locationId":"CB2369D6-A24E-4964-8B48-75185EAB25D1","name":"TNLP013072 - Gerben Colmjonwei 76, Leeuwarden","address":"76 Gerben Colmjonwei","city":"Leeuwarden","operatorName":"TotalEnergies","maxPowerKw":17,"isMegawatt":false,"status":"UNAVAILABLE","source":"ndw"}},{"type":"Feature","geometry":{"type":"Point","coordinates":[5.796708,53.1671]},"properties":{"type":"charge","layer":"passenger","locationId":"A27CCBCC-944D-4D1C-97DE-F6A4909545D2","name":"TNLP013414 - It Tek 12, Leeuwarden","address":"12 It Tek","city":"Leeuwarden","operatorName":"TotalEnergies","maxPowerKw":17,"isMegawatt":false,"status":"AVAILABLE","source":"ndw"}},{"type":"Feature","geometry":{"type":"Point","coordinates":[5.814477,53.198249]},"properties":{"type":"charge","layer":"passenger","locationId":"NLLOC004340","name":"NLD, Leeuwarden, Achter de Hoven 348","address":"Achter de Hoven 348","city":"Leeuwarden","operatorName":"Allego","maxPowerKw":11,"isMegawatt":false,"status":"AVAILABLE","source":"ndw","priceKwh":0.511}},{"type":"Feature","geometry":{"type":"Point","coordinates":[5.783154,53.205284]},"properties":{"type":"charge","layer":"passenger","locationId":"5BE9048B-8FCB-4FDB-9A3E-C40F01CAC6B7","name":"TNLP013347 - Nachtegaalstraat 8, Leeuwarden","address":"8 Nachtegaalstraat","city":"Leeuwarden","operatorName":"TotalEnergies","maxPowerKw":17,"isMegawatt":false,"status":"UNAVAILABLE","source":"ndw"}},{"type":"Feature","geometry":{"type":"Point","coordinates":[5.770328,53.186954]},"properties":{"type":"charge","layer":"passenger","locationId":"677f8836fab17f35e460eb0e","name":"JOVI Fabricage & Revisie","address":"Marconistraat 7","city":"Leeuwarden","operatorName":"Alva Charging Services","maxPowerKw":22,"isMegawatt":false,"status":"AVAILABLE","source":"ndw","priceKwh":0.69}},{"type":"Feature","geometry":{"type":"Point","coordinates":[5.904771,53.150407]},"properties":{"type":"charge","layer":"passenger","locationId":"4174733","name":"Laadnet Stichting Jachthaven Wartena","address":"Bùtenstreek 3","city":"Warten","operatorName":"Laadnet","maxPowerKw":22,"isMegawatt":false,"status":"AVAILABLE","source":"ndw"}},{"type":"Feature","geometry":{"type":"Point","coordinates":[5.802701,53.201819]},"properties":{"type":"charge","layer":"passenger","locationId":"NLLOC000367","name":"NLD, Leeuwarden, Oosterkade 72","address":"Oosterkade 72","city":"Leeuwarden","operatorName":"Allego","maxPowerKw":11,"isMegawatt":false,"status":"AVAILABLE","source":"ndw","priceKwh":0.511}},{"type":"Feature","geometry":{"type":"Point","coordinates":[5.795146,53.184939]},"properties":{"type":"charge","layer":"passenger","locationId":"NLLOC014354","name":"NL, Van Harinxmaplein 1, 8931DM, Leeuwarden","address":"van Harinxmaplein 1","city":"Leeuwarden","operatorName":"Allego","maxPowerKw":11,"isMegawatt":false,"status":"AVAILABLE","source":"ndw","priceKwh":0.511}},{"type":"Feature","geometry":{"type":"Point","coordinates":[5.799134,53.173428]},"properties":{"type":"charge","layer":"passenger","locationId":"915F1960-C957-482C-B9A4-826BD17A87C4","name":"TNLP013236 - Meinteslân 23 23, Goutum","address":"23 23 Meinteslân","city":"Goutum","operatorName":"TotalEnergies","maxPowerKw":17,"isMegawatt":false,"status":"AVAILABLE","source":"ndw"}},{"type":"Feature","geometry":{"type":"Point","coordinates":[5.843047,53.09341]},"properties":{"type":"charge","layer":"passenger","locationId":"NLLOC007228","name":"NL, Prinses Wilhelminastraat 2, 9001 KE, Leeuwarden","address":"Prinses Wilhelminastraat 2","city":"Leeuwarden","operatorName":"Allego","maxPowerKw":11,"isMegawatt":false,"status":"AVAILABLE","source":"ndw","priceKwh":0.511}},{"type":"Feature","geometry":{"type":"Point","coordinates":[5.832428,53.189945]},"properties":{"type":"charge","layer":"passenger","locationId":"B8C34CFD-12D6-4D9D-B0EB-31FFBCFAEEFA","name":"TNLP013338 - Maagdepalm 116, Leeuwarden","address":"116 Maagdepalm","city":"Leeuwarden","operatorName":"TotalEnergies","maxPowerKw":17,"isMegawatt":false,"status":"UNAVAILABLE","source":"ndw"}},{"type":"Feature","geometry":{"type":"Point","coordinates":[5.789916,53.18756]},"properties":{"type":"charge","layer":"passenger","locationId":"E443EE6D-FB7F-4089-ABAF-BAA287B647C9","name":"TNLP013315 - Arubastraat 3, Leeuwarden","address":"3 Arubastraat","city":"Leeuwarden","operatorName":"TotalEnergies","maxPowerKw":15,"isMegawatt":false,"status":"AVAILABLE","source":"ndw"}},{"type":"Feature","geometry":{"type":"Point","coordinates":[5.782016,53.19768]},"properties":{"type":"charge","layer":"passenger","locationId":"5C9EDED9-1F63-460D-AD7B-37FBC07C9753","name":"TNLP012176 - Harlingertrekweg 37, Leeuwarden","address":"37 Harlingertrekweg","city":"Leeuwarden","operatorName":"TotalEnergies","maxPowerKw":17,"isMegawatt":false,"status":"UNAVAILABLE","source":"ndw"}},{"type":"Feature","geometry":{"type":"Point","coordinates":[5.76565,53.205124]},"properties":{"type":"charge","layer":"passenger","locationId":"63dd223e1b6823001197dcbb","name":"Crystalic Business Park (LP6)","address":"François HaverSchmidtwei 2","city":"Leeuwarden","operatorName":"E-Flux by Road","maxPowerKw":22,"isMegawatt":false,"status":"AVAILABLE","source":"ndw","priceKwh":0.41}},{"type":"Feature","geometry":{"type":"Point","coordinates":[5.758841,53.211507]},"properties":{"type":"charge","layer":"passenger","locationId":"NLLOC019450","name":"NL, Ypk fan der Fearwei 41, 8915 KK Leeuwarden","address":"Ypk fan der Fearwei 41","city":"Leeuwarden","operatorName":"Allego","maxPowerKw":11,"isMegawatt":false,"status":"UNAVAILABLE","source":"ndw","priceKwh":0.511}},{"type":"Feature","geometry":{"type":"Point","coordinates":[5.858911,53.21124]},"properties":{"type":"charge","layer":"passenger","locationId":"NLLOC011888","name":"NL, Wielendwinger 20, 8926XJ Leeuwarden","address":"Wielendwinger 20","city":"Leeuwarden","operatorName":"Allego","maxPowerKw":11,"isMegawatt":false,"status":"AVAILABLE","source":"ndw","priceKwh":0.511}},{"type":"Feature","geometry":{"type":"Point","coordinates":[5.792533,53.20741]},"properties":{"type":"charge","layer":"passenger","locationId":"CCE6E047-7DD1-4A14-80A7-8DBF398CFFF0","name":"TNLP013429 - Spanjaardslaan 41, Leeuwarden","address":"41 Spanjaardslaan","city":"Leeuwarden","operatorName":"TotalEnergies","maxPowerKw":15,"isMegawatt":false,"status":"AVAILABLE","source":"ndw"}},{"type":"Feature","geometry":{"type":"Point","coordinates":[5.849327,53.193971]},"properties":{"type":"charge","layer":"passenger","locationId":"6284d6db1f79cf087992191c","name":"Da Vinci","address":"Poolsterweg  1","city":"Leeuwarden","operatorName":"E-Flux by Road","maxPowerKw":22,"isMegawatt":false,"status":"AVAILABLE","source":"ndw","priceKwh":0.52}},{"type":"Feature","geometry":{"type":"Point","coordinates":[5.826367,53.211536]},"properties":{"type":"charge","layer":"passenger","locationId":"923564","name":"Zaal Enzo_NL_2001317","address":"Kalverdijkje 77C","city":"Leeuwarden","operatorName":"DAEN Mobility","maxPowerKw":11,"isMegawatt":false,"status":"AVAILABLE","source":"ndw","priceKwh":0.5}},{"type":"Feature","geometry":{"type":"Point","coordinates":[5.796793,53.174407]},"properties":{"type":"charge","layer":"passenger","locationId":"NLLOC002775","name":"NLD, Bouweslân 51, 9084 EH, Goutum","address":"Bouweslân 51","city":"Goutum","operatorName":"Allego","maxPowerKw":11,"isMegawatt":false,"status":"AVAILABLE","source":"ndw","priceKwh":0.511}},{"type":"Feature","geometry":{"type":"Point","coordinates":[5.791985,53.198092]},"properties":{"type":"charge","layer":"passenger","locationId":"693998367816ea93e093adf1","name":"OWC De Friesland B.V.","address":"Harlingertrekweg 53","city":"Leeuwarden","operatorName":"Alva Charging Services","maxPowerKw":22,"isMegawatt":false,"status":"AVAILABLE","source":"ndw","priceKwh":0.5359}},{"type":"Feature","geometry":{"type":"Point","coordinates":[5.823523,53.206274]},"properties":{"type":"charge","layer":"passenger","locationId":"NLLOC015685","name":"NL, Larixstraat 14, 8924 CP Leeuwarden","address":"Larixstraat 14","city":"Leeuwarden","operatorName":"Allego","maxPowerKw":11,"isMegawatt":false,"status":"AVAILABLE","source":"ndw","priceKwh":0.511}},{"type":"Feature","geometry":{"type":"Point","coordinates":[5.797003,53.205307]},"properties":{"type":"charge","layer":"passenger","locationId":"45D473C5-3A7F-46F5-9BC9-59EE4DDBCE6C","name":"TNLP012103 - Wissesdwinger 1, Leeuwarden","address":"1 Wissesdwinger","city":"Leeuwarden","operatorName":"TotalEnergies","maxPowerKw":17,"isMegawatt":false,"status":"UNAVAILABLE","source":"ndw"}},{"type":"Feature","geometry":{"type":"Point","coordinates":[5.785478,53.189823]},"properties":{"type":"charge","layer":"passenger","locationId":"97E9EB79-6C03-41F4-94B3-696478F45472","name":"TNLP012122 - Julianalaan 46D, Leeuwarden","address":"46D Julianalaan","city":"Leeuwarden","operatorName":"TotalEnergies","maxPowerKw":17,"isMegawatt":false,"status":"UNAVAILABLE","source":"ndw"}},{"type":"Feature","geometry":{"type":"Point","coordinates":[5.79898,53.19862]},"properties":{"type":"charge","layer":"passenger","locationId":"DA58B6FE-6A76-47FB-8374-06371652C2E2","name":"TNLP013187 - Romkeslaan 10, Leeuwarden","address":"10 Romkeslaan","city":"Leeuwarden","operatorName":"TotalEnergies","maxPowerKw":17,"isMegawatt":false,"status":"UNAVAILABLE","source":"ndw"}},{"type":"Feature","geometry":{"type":"Point","coordinates":[5.783558,53.197537]},"properties":{"type":"charge","layer":"passenger","locationId":"NLLOC006806","name":"NL, Harlingertrekweg 61, 8913 HR, Leeuwarden","address":"Harlingertrekweg 61","city":"Leeuwarden","operatorName":"Allego","maxPowerKw":11,"isMegawatt":false,"status":"AVAILABLE","source":"ndw","priceKwh":0.511}},{"type":"Feature","geometry":{"type":"Point","coordinates":[5.821233,53.173998]},"properties":{"type":"charge","layer":"passenger","locationId":"NLLOC011636","name":"NL, De Ynset, 2 8941DP, Leeuwarden","address":"De Ynset 2","city":"Leeuwarden","operatorName":"Allego","maxPowerKw":11,"isMegawatt":false,"status":"AVAILABLE","source":"ndw","priceKwh":0.511}},{"type":"Feature","geometry":{"type":"Point","coordinates":[5.800463,53.20835]},"properties":{"type":"charge","layer":"passenger","locationId":"035FEDBC-807D-4B27-8EB5-0A056A140BBD","name":"TNLP012199 - Noordendorpstraat 13, Leeuwarden","address":"13 Noordendorpstraat","city":"Leeuwarden","operatorName":"TotalEnergies","maxPowerKw":17,"isMegawatt":false,"status":"UNAVAILABLE","source":"ndw"}},{"type":"Feature","geometry":{"type":"Point","coordinates":[5.789426,53.212238]},"properties":{"type":"charge","layer":"passenger","locationId":"91105715","name":"50five-S NL 03007162","address":"Jelsumerstraat 12","city":"Leeuwarden","operatorName":"50five","maxPowerKw":11,"isMegawatt":false,"status":"UNAVAILABLE","source":"ndw"}},{"type":"Feature","geometry":{"type":"Point","coordinates":[5.8419,53.19552]},"properties":{"type":"charge","layer":"passenger","locationId":"BAD589B9-4B1B-44DB-B08E-5B8EAAADA3E1","name":"Eneco eMobility Bourguignon Leeuwarden DC","address":"Jupiterweg 15x","city":"Leeuwarden","operatorName":"Eneco","maxPowerKw":50,"isMegawatt":false,"status":"AVAILABLE","source":"ndw","priceKwh":0.32}},{"type":"Feature","geometry":{"type":"Point","coordinates":[5.78623,53.116386]},"properties":{"type":"charge","layer":"passenger","locationId":"NLLOC006233","name":"NL, Alle Jans Smedingstrjitte, 16, 9008SE, Reduzum","address":"Alle Jans Smedingstrjitte 16","city":"Reduzum","operatorName":"Allego","maxPowerKw":11,"isMegawatt":false,"status":"AVAILABLE","source":"ndw","priceKwh":0.511}},{"type":"Feature","geometry":{"type":"Point","coordinates":[5.79198,53.198273]},"properties":{"type":"charge","layer":"passenger","locationId":"NLLOC001849","name":"NLD, Leeuwarden, Willemskade 1","address":"Willemskade 1","city":"Leeuwarden","operatorName":"Allego","maxPowerKw":11,"isMegawatt":false,"status":"UNAVAILABLE","source":"ndw","priceKwh":0.511}},{"type":"Feature","geometry":{"type":"Point","coordinates":[5.804351,53.207871]},"properties":{"type":"charge","layer":"passenger","locationId":"NLLOC007466","name":"NL, Groningerstraatweg 28, 8921TP Leeuwarden","address":"Groningerstraatweg 28","city":"Leeuwarden","operatorName":"Allego","maxPowerKw":11,"isMegawatt":false,"status":"AVAILABLE","source":"ndw","priceKwh":0.511}},{"type":"Feature","geometry":{"type":"Point","coordinates":[5.786045,53.20832]},"properties":{"type":"charge","layer":"passenger","locationId":"NLLOC017599","name":"NL, Leeuwerikplein 4, 8917CW, Leeuwarden","address":"Leeuwerikplein 4","city":"Leeuwarden","operatorName":"Allego","maxPowerKw":11,"isMegawatt":false,"status":"AVAILABLE","source":"ndw","priceKwh":0.511}},{"type":"Feature","geometry":{"type":"Point","coordinates":[5.769982,53.208493]},"properties":{"type":"charge","layer":"passenger","locationId":"NLLOC021604","name":"NL, Simke Kloostermanwei 30, 8915 DT Leeuwarden","address":"Simke Kloostermanwei 30","city":"Leeuwarden","operatorName":"Allego","maxPowerKw":11,"isMegawatt":false,"status":"AVAILABLE","source":"ndw","priceKwh":0.511}},{"type":"Feature","geometry":{"type":"Point","coordinates":[5.820274,53.192547]},"properties":{"type":"charge","layer":"passenger","locationId":"B6156CF5-47E1-4FB1-8BE6-25AD670C3765","name":"TNLP013332 - Murkstraat 47, Leeuwarden","address":"47 Murkstraat","city":"Leeuwarden","operatorName":"TotalEnergies","maxPowerKw":17,"isMegawatt":false,"status":"UNAVAILABLE","source":"ndw"}},{"type":"Feature","geometry":{"type":"Point","coordinates":[5.838497,53.09166]},"properties":{"type":"charge","layer":"passenger","locationId":"E4000625-3CCA-4093-898A-2FCAFA261011","name":"TNLP013432 - Dokter Schoustrastrjitte 19, Grou","address":"19 Dokter Schoustrastrjitte","city":"Grou","operatorName":"TotalEnergies","maxPowerKw":17,"isMegawatt":false,"status":"AVAILABLE","source":"ndw"}},{"type":"Feature","geometry":{"type":"Point","coordinates":[5.796401,53.206244]},"properties":{"type":"charge","layer":"passenger","locationId":"NLLOC000009","name":"NLD, Leeuwarden, Noordersingel 2","address":"Noordersingel 2","city":"Leeuwarden","operatorName":"Allego","maxPowerKw":11,"isMegawatt":false,"status":"AVAILABLE","source":"ndw","priceKwh":0.511}},{"type":"Feature","geometry":{"type":"Point","coordinates":[5.822917,53.098119]},"properties":{"type":"charge","layer":"passenger","locationId":"6633925dfab7db001c1770dc","name":"Aerocheck","address":"De Finnen 6","city":"Grou","operatorName":"E-Flux by Road","maxPowerKw":22,"isMegawatt":false,"status":"AVAILABLE","source":"ndw","priceKwh":0.41}},{"type":"Feature","geometry":{"type":"Point","coordinates":[5.764354,53.20701]},"properties":{"type":"charge","layer":"passenger","locationId":"NLLOC007256","name":"NL, Johan Winklerwei 315, 8915 ET, Leeuwarden","address":"Johan Winklerwei 315","city":"Leeuwarden","operatorName":"Allego","maxPowerKw":11,"isMegawatt":false,"status":"AVAILABLE","source":"ndw","priceKwh":0.511}},{"type":"Feature","geometry":{"type":"Point","coordinates":[5.794149,53.18762]},"properties":{"type":"charge","layer":"passenger","locationId":"NLLOC010522","name":"NL, Gerard Terborchstraat 28, 8932LV, Leeuwarden","address":"Gerard Terborchstraat 28","city":"Leeuwarden","operatorName":"Allego","maxPowerKw":11,"isMegawatt":false,"status":"AVAILABLE","source":"ndw","priceKwh":0.511}},{"type":"Feature","geometry":{"type":"Point","coordinates":[5.761463,53.183411]},"properties":{"type":"charge","layer":"passenger","locationId":"922926","name":"DAE_NL_2000711","address":"Nobelweg 13","city":"Leeuwarden","operatorName":"DAEN Mobility","maxPowerKw":11,"isMegawatt":false,"status":"AVAILABLE","source":"ndw","priceKwh":0.4}},{"type":"Feature","geometry":{"type":"Point","coordinates":[5.815154,53.18729]},"properties":{"type":"charge","layer":"passenger","locationId":"DD766AFD-BF82-48C6-8D75-60110CE874EC","name":"TNLP012127 - Weideflora 191, Leeuwarden","address":"191 Weideflora","city":"Leeuwarden","operatorName":"TotalEnergies","maxPowerKw":17,"isMegawatt":false,"status":"UNAVAILABLE","source":"ndw"}},{"type":"Feature","geometry":{"type":"Point","coordinates":[5.770532,53.25527]},"properties":{"type":"charge","layer":"passenger","locationId":"90B2CAB7-9828-44A7-BFCB-F04AAA288AFF","name":"TNLP013226 - Sixmastins 21, Stiens","address":"21 Sixmastins","city":"Stiens","operatorName":"TotalEnergies","maxPowerKw":17,"isMegawatt":false,"status":"AVAILABLE","source":"ndw"}},{"type":"Feature","geometry":{"type":"Point","coordinates":[5.841048,53.211166]},"properties":{"type":"charge","layer":"passenger","locationId":"FED3EE07-8F0F-4C31-BEAB-723E68078A2D","name":"TNLP012071 - Britsenburg 103, Leeuwarden","address":"103 Britsenburg","city":"Leeuwarden","operatorName":"TotalEnergies","maxPowerKw":17,"isMegawatt":false,"status":"UNAVAILABLE","source":"ndw"}},{"type":"Feature","geometry":{"type":"Point","coordinates":[5.842031,53.212778]},"properties":{"type":"charge","layer":"passenger","locationId":"NLLOC001124","name":"NLD, Leeuwarden, Schuilenberg 37","address":"Schuilenberg 37","city":"Leeuwarden","operatorName":"Allego","maxPowerKw":11,"isMegawatt":false,"status":"AVAILABLE","source":"ndw","priceKwh":0.511}},{"type":"Feature","geometry":{"type":"Point","coordinates":[5.785883,53.1193]},"properties":{"type":"charge","layer":"passenger","locationId":"61B4A9DB-3210-4359-B9FD-9D7331E60EFB","name":"TNLP013263 - Master Gorterstrjitte 44, Reduzum","address":"44 Master Gorterstrjitte","city":"Reduzum","operatorName":"TotalEnergies","maxPowerKw":17,"isMegawatt":false,"status":"AVAILABLE","source":"ndw"}},{"type":"Feature","geometry":{"type":"Point","coordinates":[5.833764,53.2129]},"properties":{"type":"charge","layer":"passenger","locationId":"NLLOC014712","name":"NL, Wismastate, 23, 8926RA, Leeuwarden","address":"Wismastate 23","city":"Leeuwarden","operatorName":"Allego","maxPowerKw":11,"isMegawatt":false,"status":"AVAILABLE","source":"ndw","priceKwh":0.511}},{"type":"Feature","geometry":{"type":"Point","coordinates":[5.79928,53.192352]},"properties":{"type":"charge","layer":"passenger","locationId":"C38F09D8-794B-4DA7-9FE2-899680DE250C","name":"TNLP012175 - Eysingastraat 3, Leeuwarden","address":"3 Eysingastraat","city":"Leeuwarden","operatorName":"TotalEnergies","maxPowerKw":17,"isMegawatt":false,"status":"UNAVAILABLE","source":"ndw"}},{"type":"Feature","geometry":{"type":"Point","coordinates":[5.772917,53.199007]},"properties":{"type":"charge","layer":"passenger","locationId":"NLLOC002033","name":"NLD, Leeuwarden, Heliconweg 56","address":"Heliconweg 56","city":"Leeuwarden","operatorName":"Allego","maxPowerKw":11,"isMegawatt":false,"status":"CHARGING","source":"ndw","priceKwh":0.511}},{"type":"Feature","geometry":{"type":"Point","coordinates":[5.803364,53.212033]},"properties":{"type":"charge","layer":"passenger","locationId":"NLLOC008836","name":"Begoniastraat 1 8922ED Leeuwarden","address":"Begoniastraat 1","city":"Leeuwarden","operatorName":"Allego","maxPowerKw":11,"isMegawatt":false,"status":"AVAILABLE","source":"ndw","priceKwh":0.511}},{"type":"Feature","geometry":{"type":"Point","coordinates":[5.793709,53.217305]},"properties":{"type":"charge","layer":"passenger","locationId":"NLLOC000113","name":"NLD, Leeuwarden, De Jokse 586","address":"De Jokse 586","city":"Leeuwarden","operatorName":"Allego","maxPowerKw":11,"isMegawatt":false,"status":"AVAILABLE","source":"ndw","priceKwh":0.511}},{"type":"Feature","geometry":{"type":"Point","coordinates":[5.84748,53.215347]},"properties":{"type":"charge","layer":"passenger","locationId":"1288CE99-C0B3-45CA-9716-93D46E3DB1F0","name":"TNLP012099 - Tjaardastate 2, Leeuwarden","address":"2 Tjaardastate","city":"Leeuwarden","operatorName":"TotalEnergies","maxPowerKw":17,"isMegawatt":false,"status":"UNAVAILABLE","source":"ndw"}},{"type":"Feature","geometry":{"type":"Point","coordinates":[5.787838,53.211614]},"properties":{"type":"charge","layer":"passenger","locationId":"NLLOC009400","name":"NL, Humilitasstraat, 56, 8917HB, Leeuwarden","address":"Humilitasstraat 56","city":"Leeuwarden","operatorName":"Allego","maxPowerKw":11,"isMegawatt":false,"status":"AVAILABLE","source":"ndw","priceKwh":0.511}},{"type":"Feature","geometry":{"type":"Point","coordinates":[5.81913,53.197342]},"properties":{"type":"charge","layer":"passenger","locationId":"EA730895-2D13-480A-BCA4-009D922BF53A","name":"TNLP012185 - Boeierstraat 1, Leeuwarden","address":"1 Boeierstraat","city":"Leeuwarden","operatorName":"TotalEnergies","maxPowerKw":17,"isMegawatt":false,"status":"UNAVAILABLE","source":"ndw"}},{"type":"Feature","geometry":{"type":"Point","coordinates":[5.821831,53.209206]},"properties":{"type":"charge","layer":"passenger","locationId":"8DB37296-1470-4F3E-8530-05F39BF56A03","name":"TNLP013412 - Magnoliastraat 1, Leeuwarden","address":"1 Magnoliastraat","city":"Leeuwarden","operatorName":"TotalEnergies","maxPowerKw":17,"isMegawatt":false,"status":"UNAVAILABLE","source":"ndw"}},{"type":"Feature","geometry":{"type":"Point","coordinates":[5.667102,53.143209]},"properties":{"type":"charge","layer":"passenger","locationId":"NLLOC002020","name":"NLD, Littenseradiel, Dekemawei 9","address":"Dekemawei 9","city":"Littenseradiel","operatorName":"Allego","maxPowerKw":11,"isMegawatt":false,"status":"AVAILABLE","source":"ndw","priceKwh":0.511}},{"type":"Feature","geometry":{"type":"Point","coordinates":[5.786038,53.212036]},"properties":{"type":"charge","layer":"passenger","locationId":"08366CCE-AF32-4739-973F-CD0ECBF0CF1A","name":"TNLP012131 - Liobastraat 42, Leeuwarden","address":"42 Liobastraat","city":"Leeuwarden","operatorName":"TotalEnergies","maxPowerKw":17,"isMegawatt":false,"status":"AVAILABLE","source":"ndw"}},{"type":"Feature","geometry":{"type":"Point","coordinates":[5.817938,53.20323]},"properties":{"type":"charge","layer":"passenger","locationId":"F77ADC39-4FCE-4116-AF94-C5FDC3F21859","name":"TNLP013300 - Bankastraat 2, Leeuwarden","address":"2 Bankastraat","city":"Leeuwarden","operatorName":"TotalEnergies","maxPowerKw":17,"isMegawatt":false,"status":"UNAVAILABLE","source":"ndw"}},{"type":"Feature","geometry":{"type":"Point","coordinates":[5.80682,53.205414]},"properties":{"type":"charge","layer":"passenger","locationId":"NLLOC004339","name":"NLD, Leeuwarden, Tjerk Hiddestraat 63","address":"Tjerk Hiddestraat 63","city":"Leeuwarden","operatorName":"Allego","maxPowerKw":11,"isMegawatt":false,"status":"AVAILABLE","source":"ndw","priceKwh":0.511}},{"type":"Feature","geometry":{"type":"Point","coordinates":[5.80633,53.214508]},"properties":{"type":"charge","layer":"passenger","locationId":"6C5693D4-2FDD-42CB-9A45-3A7931CF8956","name":"TNLP013308 - Siebe Schootstrastraat 41, Leeuwarden","address":"41 Siebe Schootstrastraat","city":"Leeuwarden","operatorName":"TotalEnergies","maxPowerKw":17,"isMegawatt":false,"status":"UNAVAILABLE","source":"ndw"}},{"type":"Feature","geometry":{"type":"Point","coordinates":[5.814003,53.21158]},"properties":{"type":"charge","layer":"passenger","locationId":"NLLOC002635","name":"NLD, Leeuwarden, Groningerstraatweg 224","address":"Groningerstraatweg 224","city":"Leeuwarden","operatorName":"Allego","maxPowerKw":11,"isMegawatt":false,"status":"AVAILABLE","source":"ndw","priceKwh":0.511}},{"type":"Feature","geometry":{"type":"Point","coordinates":[5.828839,53.185937]},"properties":{"type":"charge","layer":"passenger","locationId":"NLLOC003490","name":"NLD, Leeuwarden,Krommezijl 20","address":"Krommezijl 20","city":"Leeuwarden","operatorName":"Allego","maxPowerKw":11,"isMegawatt":false,"status":"CHARGING","source":"ndw","priceKwh":0.511}},{"type":"Feature","geometry":{"type":"Point","coordinates":[5.797156,53.190451]},"properties":{"type":"charge","layer":"passenger","locationId":"NLLOC001762","name":"NLD, Leeuwarden, Ferdinand Bolstraat 2","address":"Ferdinand Bolstraat 2","city":"Leeuwarden","operatorName":"Allego","maxPowerKw":11,"isMegawatt":false,"status":"AVAILABLE","source":"ndw","priceKwh":0.511}},{"type":"Feature","geometry":{"type":"Point","coordinates":[5.767969,53.208705]},"properties":{"type":"charge","layer":"passenger","locationId":"afc23205-c813-42f7-b3e7-606600dd235a","name":"Pieter Sipmawei","address":"Pieter Sipmawei 9","city":"Leeuwarden","operatorName":"Vattenfall InCharge","maxPowerKw":22,"isMegawatt":false,"status":"AVAILABLE","source":"ndw","priceKwh":0.34}},{"type":"Feature","geometry":{"type":"Point","coordinates":[5.834682,53.2154]},"properties":{"type":"charge","layer":"passenger","locationId":"NLLOC004143","name":"NLD, Leeuwarden, Bongastate 64","address":"Bongastate 64","city":"Leeuwarden","operatorName":"Allego","maxPowerKw":11,"isMegawatt":false,"status":"AVAILABLE","source":"ndw","priceKwh":0.511}},{"type":"Feature","geometry":{"type":"Point","coordinates":[5.814486,53.195362]},"properties":{"type":"charge","layer":"passenger","locationId":"NLLOC000855","name":"NLD, Leeuwarden, J.H. Knoopstraat 6","address":"J.H. Knoopstraat 6","city":"Leeuwarden","operatorName":"Allego","maxPowerKw":11,"isMegawatt":false,"status":"AVAILABLE","source":"ndw","priceKwh":0.511}},{"type":"Feature","geometry":{"type":"Point","coordinates":[5.831238,53.188207]},"properties":{"type":"charge","layer":"passenger","locationId":"NLLOC003491","name":"NLD, Leeuwarden, Stinzenflora 80","address":"Stinzenflora 80","city":"Leeuwarden","operatorName":"Allego","maxPowerKw":11,"isMegawatt":false,"status":"AVAILABLE","source":"ndw","priceKwh":0.511}},{"type":"Feature","geometry":{"type":"Point","coordinates":[5.760546,53.261047]},"properties":{"type":"charge","layer":"passenger","locationId":"0D2EEDAD-6C6B-4000-A1EC-C318D3DA4F46","name":"TNLP012120 - Kakewei 10, Stiens","address":"10 Kakewei","city":"Stiens","operatorName":"TotalEnergies","maxPowerKw":17,"isMegawatt":false,"status":"AVAILABLE","source":"ndw"}},{"type":"Feature","geometry":{"type":"Point","coordinates":[5.814839,53.196582]},"properties":{"type":"charge","layer":"passenger","locationId":"NLLOC006738","name":"NL, Fruitstraat 5, 8933 GP, Leeuwarden","address":"Fruitstraat 5","city":"Leeuwarden","operatorName":"Allego","maxPowerKw":11,"isMegawatt":false,"status":"CHARGING","source":"ndw","priceKwh":0.511}},{"type":"Feature","geometry":{"type":"Point","coordinates":[5.842773,53.211243]},"properties":{"type":"charge","layer":"passenger","locationId":"2507337C-237A-4167-8944-3104405CAF18","name":"TNLP012054 - Sjaerdemaslot 15, Leeuwarden","address":"15 Sjaerdemaslot","city":"Leeuwarden","operatorName":"TotalEnergies","maxPowerKw":17,"isMegawatt":false,"status":"UNAVAILABLE","source":"ndw"}},{"type":"Feature","geometry":{"type":"Point","coordinates":[5.807872,53.200751]},"properties":{"type":"charge","layer":"passenger","locationId":"NLLOC000760","name":"NLD, Leeuwarden, Jakob van Aakenstraat 36","address":"Jakob van Aakenstraat 36","city":"Leeuwarden","operatorName":"Allego","maxPowerKw":11,"isMegawatt":false,"status":"AVAILABLE","source":"ndw","priceKwh":0.511}},{"type":"Feature","geometry":{"type":"Point","coordinates":[5.767728,53.25926]},"properties":{"type":"charge","layer":"passenger","locationId":"7D9E5A72-1755-4168-A03E-CB5FA926250B","name":"TNLP012219 - Arjen Heslingastrjitte 20, Stiens","address":"20 Arjen Heslingastrjitte","city":"Stiens","operatorName":"TotalEnergies","maxPowerKw":17,"isMegawatt":false,"status":"AVAILABLE","source":"ndw"}},{"type":"Feature","geometry":{"type":"Point","coordinates":[5.836665,53.08982]},"properties":{"type":"charge","layer":"passenger","locationId":"NLLOC000342","name":"NLD, Grou, De Tsjalk 15","address":"De Tsjalk 15","city":"Grou","operatorName":"Allego","maxPowerKw":11,"isMegawatt":false,"status":"AVAILABLE","source":"ndw","priceKwh":0.511}},{"type":"Feature","geometry":{"type":"Point","coordinates":[5.846508,53.198135]},"properties":{"type":"charge","layer":"passenger","locationId":"67862de8a94e0f6e0d97b95e","name":"Edy Wester Plein Links","address":"Uranusweg 1","city":"Leeuwarden","operatorName":"E-Flux by Road","maxPowerKw":11,"isMegawatt":false,"status":"AVAILABLE","source":"ndw","priceKwh":0.43}},{"type":"Feature","geometry":{"type":"Point","coordinates":[5.7833,53.21009]},"properties":{"type":"charge","layer":"passenger","locationId":"013AFE09-E04E-48ED-B945-432E37D19493","name":"TNLP013219 - Meester P.J. Troelstraweg 89, Leeuwarden","address":"89 Meester P.J. Troelstraweg","city":"Leeuwarden","operatorName":"TotalEnergies","maxPowerKw":17,"isMegawatt":false,"status":"AVAILABLE","source":"ndw"}},{"type":"Feature","geometry":{"type":"Point","coordinates":[5.842964,53.151333]},"properties":{"type":"charge","layer":"passenger","locationId":"DF8AC230-33FC-4A87-BE3B-D70744DF67D5","name":"TNLP012159 - Nieuwe Leeuwarderweg 11, Wergea","address":"11 Nieuwe Leeuwarderweg","city":"Wergea","operatorName":"TotalEnergies","maxPowerKw":17,"isMegawatt":false,"status":"AVAILABLE","source":"ndw"}},{"type":"Feature","geometry":{"type":"Point","coordinates":[5.758016,53.195821]},"properties":{"type":"charge","layer":"passenger","locationId":"68adf629962df52c4f4e3437","name":"C4Design","address":"Einsteinweg 58","city":"LEEUWARDEN","operatorName":"E-Flux by Road","maxPowerKw":11,"isMegawatt":false,"status":"UNAVAILABLE","source":"ndw","priceKwh":0.43}},{"type":"Feature","geometry":{"type":"Point","coordinates":[5.802237,53.205756]},"properties":{"type":"charge","layer":"passenger","locationId":"OST23P0069_0057_2","name":"OST23P0069_0057_2","address":"Hoeksterpad 3","city":"Leeuwarden","operatorName":"IPCharging","maxPowerKw":38,"isMegawatt":false,"status":"AVAILABLE","source":"ndw","priceKwh":0.41}},{"type":"Feature","geometry":{"type":"Point","coordinates":[5.802237,53.205756]},"properties":{"type":"charge","layer":"passenger","locationId":"OST23P0069_0057_1","name":"OST23P0069_0057_1","address":"Hoeksterpad 3","city":"Leeuwarden","operatorName":"IPCharging","maxPowerKw":38,"isMegawatt":false,"status":"AVAILABLE","source":"ndw","priceKwh":0.41}},{"type":"Feature","geometry":{"type":"Point","coordinates":[5.78032,53.21346]},"properties":{"type":"charge","layer":"passenger","locationId":"65423cff3d6c4a001c822603","name":"Stadskerk De Wijngaard","address":"Meester P.J. Troelstraweg 147a","city":"Leeuwarden","operatorName":"E-Flux by Road","maxPowerKw":22,"isMegawatt":false,"status":"AVAILABLE","source":"ndw","priceKwh":0.47}},{"type":"Feature","geometry":{"type":"Point","coordinates":[5.849939,53.19408]},"properties":{"type":"charge","layer":"passenger","locationId":"6284d5af1f79cf0ad29201fe","name":"Da Vinci","address":"Poolsterweg  1","city":"Leeuwarden","operatorName":"E-Flux by Road","maxPowerKw":22,"isMegawatt":false,"status":"AVAILABLE","source":"ndw","priceKwh":0.52}},{"type":"Feature","geometry":{"type":"Point","coordinates":[5.80764,53.223904]},"properties":{"type":"charge","layer":"passenger","locationId":"A0DADE73-9B73-4F7E-9830-C0F8CA7B302E","name":"TNLP013114 - Dokkumer Trekwei 2, Jelsum","address":"2 Dokkumer Trekwei","city":"Jelsum","operatorName":"TotalEnergies","maxPowerKw":17,"isMegawatt":false,"status":"UNAVAILABLE","source":"ndw"}},{"type":"Feature","geometry":{"type":"Point","coordinates":[5.839678,53.215316]},"properties":{"type":"charge","layer":"passenger","locationId":"NLLOC002356","name":"NLD, Kingmastate 62, 8926 NP, Leeuwarden","address":"Kingmastate 62","city":"Leeuwarden","operatorName":"Allego","maxPowerKw":11,"isMegawatt":false,"status":"AVAILABLE","source":"ndw","priceKwh":0.511}},{"type":"Feature","geometry":{"type":"Point","coordinates":[5.822764,53.208821]},"properties":{"type":"charge","layer":"passenger","locationId":"NLLOC007282","name":"NL, Dennenstraat 99, 8924 CH, Leeuwarden","address":"Dennenstraat 99","city":"Leeuwarden","operatorName":"Allego","maxPowerKw":11,"isMegawatt":false,"status":"AVAILABLE","source":"ndw","priceKwh":0.511}},{"type":"Feature","geometry":{"type":"Point","coordinates":[5.789024,53.214842]},"properties":{"type":"charge","layer":"passenger","locationId":"NLLOC018822","name":"NL, De Bird 14, 8918ES Leeuwarden","address":"De Bird 14","city":"Leeuwarden","operatorName":"Allego","maxPowerKw":11,"isMegawatt":false,"status":"AVAILABLE","source":"ndw","priceKwh":0.511}},{"type":"Feature","geometry":{"type":"Point","coordinates":[5.767556,53.192366]},"properties":{"type":"charge","layer":"passenger","locationId":"63bfd8a576fda50012cc013e","name":"Jongia Mixing Technology","address":"James Wattstraat  8","city":"Leeuwarden","operatorName":"E-Flux by Road","maxPowerKw":22,"isMegawatt":false,"status":"AVAILABLE","source":"ndw","priceKwh":0.65}},{"type":"Feature","geometry":{"type":"Point","coordinates":[5.849982,53.194074]},"properties":{"type":"charge","layer":"passenger","locationId":"6284d54815781ecf1d6930f2","name":"Da Vinci","address":"Poolsterweg 1","city":"Leeuwarden","operatorName":"E-Flux by Road","maxPowerKw":22,"isMegawatt":false,"status":"AVAILABLE","source":"ndw","priceKwh":0.52}},{"type":"Feature","geometry":{"type":"Point","coordinates":[5.787014,53.202222]},"properties":{"type":"charge","layer":"passenger","locationId":"NLLOC016423","name":"NL, Pier Panderstraat 12, 8913CH, Leeuwarden","address":"Pier Panderstraat 12","city":"Leeuwarden","operatorName":"Allego","maxPowerKw":11,"isMegawatt":false,"status":"UNAVAILABLE","source":"ndw","priceKwh":0.511}},{"type":"Feature","geometry":{"type":"Point","coordinates":[5.843706,53.206776]},"properties":{"type":"charge","layer":"passenger","locationId":"C451D9DC-644D-49C4-BF24-3FA0FA610F9D","name":"TNLP013225 - Jaarlastins 2, Leeuwarden","address":"2 Jaarlastins","city":"Leeuwarden","operatorName":"TotalEnergies","maxPowerKw":17,"isMegawatt":false,"status":"UNAVAILABLE","source":"ndw"}},{"type":"Feature","geometry":{"type":"Point","coordinates":[5.759003,53.263043]},"properties":{"type":"charge","layer":"passenger","locationId":"NLLOC002186","name":"NLD, Pyter Jurjensstrjitte 17, 9051 BR, Stiens","address":"Pyter Jurjensstrjitte 17","city":"Stiens","operatorName":"Allego","maxPowerKw":11,"isMegawatt":false,"status":"AVAILABLE","source":"ndw","priceKwh":0.511}},{"type":"Feature","geometry":{"type":"Point","coordinates":[5.817889,53.216002]},"properties":{"type":"charge","layer":"passenger","locationId":"NLLOC007776","name":"NL, Robinsonstraat 188, 8923 AZ, Leeuwarden","address":"Robinsonstraat 188","city":"Leeuwarden","operatorName":"Allego","maxPowerKw":11,"isMegawatt":false,"status":"UNAVAILABLE","source":"ndw","priceKwh":0.511}},{"type":"Feature","geometry":{"type":"Point","coordinates":[5.790096,53.208489]},"properties":{"type":"charge","layer":"passenger","locationId":"NLLOC003823","name":"NLD, Leeuwarden, Leeuwerikstraat 4","address":"Leeuwerikstraat 4","city":"Leeuwarden","operatorName":"Allego","maxPowerKw":11,"isMegawatt":false,"status":"AVAILABLE","source":"ndw","priceKwh":0.511}},{"type":"Feature","geometry":{"type":"Point","coordinates":[5.840185,53.208656]},"properties":{"type":"charge","layer":"passenger","locationId":"47F8FC30-9EC3-4F86-9A08-A4A254BED39B","name":"TNLP012094 - Ubbemastins 138, Leeuwarden","address":"138 Ubbemastins","city":"Leeuwarden","operatorName":"TotalEnergies","maxPowerKw":17,"isMegawatt":false,"status":"UNAVAILABLE","source":"ndw"}},{"type":"Feature","geometry":{"type":"Point","coordinates":[5.795323,53.172688]},"properties":{"type":"charge","layer":"passenger","locationId":"NLLOC023902","name":"NL, Lolkjeslân 29, 9084 EK Goutum","address":"Lolkjeslân 29","city":"Goutum","operatorName":"Allego","maxPowerKw":11,"isMegawatt":false,"status":"AVAILABLE","source":"ndw","priceKwh":0.511}},{"type":"Feature","geometry":{"type":"Point","coordinates":[5.826198,53.210364]},"properties":{"type":"charge","layer":"passenger","locationId":"91108781","name":"50five-S NL 04001541","address":"Egelantierstraat 70","city":"Leeuwarden","operatorName":"50five","maxPowerKw":7,"isMegawatt":false,"status":"AVAILABLE","source":"ndw"}},{"type":"Feature","geometry":{"type":"Point","coordinates":[5.807016,53.202075]},"properties":{"type":"charge","layer":"passenger","locationId":"NLLOC020390","name":"NL, Molenpad 43, 8921BG Leeuwarden","address":"Molenpad 43","city":"Leeuwarden","operatorName":"Allego","maxPowerKw":11,"isMegawatt":false,"status":"AVAILABLE","source":"ndw","priceKwh":0.511}},{"type":"Feature","geometry":{"type":"Point","coordinates":[5.798998,53.166721]},"properties":{"type":"charge","layer":"passenger","locationId":"NLLOC014711","name":"NL, Buorkerij, 21, 8941AH, Leeuwarden","address":"Buokerij 21","city":"Leeuwarden","operatorName":"Allego","maxPowerKw":11,"isMegawatt":false,"status":"AVAILABLE","source":"ndw","priceKwh":0.511}},{"type":"Feature","geometry":{"type":"Point","coordinates":[5.813715,53.199614]},"properties":{"type":"charge","layer":"passenger","locationId":"NLLOC000048","name":"NLD, Leeuwarden, Emmastraat 3","address":"Emmastraat 3","city":"Leeuwarden","operatorName":"Allego","maxPowerKw":11,"isMegawatt":false,"status":"AVAILABLE","source":"ndw","priceKwh":0.511}},{"type":"Feature","geometry":{"type":"Point","coordinates":[5.784651,53.19682]},"properties":{"type":"charge","layer":"passenger","locationId":"91107055","name":"50five-S NL 04003215","address":"Snekertrekweg 19","city":"Leeuwarden","operatorName":"50five","maxPowerKw":7,"isMegawatt":false,"status":"AVAILABLE","source":"ndw"}},{"type":"Feature","geometry":{"type":"Point","coordinates":[5.877281,53.150604]},"properties":{"type":"charge","layer":"passenger","locationId":"91109055","name":"50five-S NL 09001647","address":"Midsbuorren 42","city":"Warten","operatorName":"50five","maxPowerKw":22,"isMegawatt":false,"status":"AVAILABLE","source":"ndw"}},{"type":"Feature","geometry":{"type":"Point","coordinates":[5.834423,53.189775]},"properties":{"type":"charge","layer":"passenger","locationId":"NLLOC008848","name":"NL,Bereklauw 2, 8935NP Leeuwarden","address":"Bereklauw 2","city":"Leeuwarden","operatorName":"Allego","maxPowerKw":11,"isMegawatt":false,"status":"AVAILABLE","source":"ndw","priceKwh":0.511}},{"type":"Feature","geometry":{"type":"Point","coordinates":[5.825656,53.093327]},"properties":{"type":"charge","layer":"passenger","locationId":"69cfb65b3fb7eb2ea85e46e5","name":"AgriVastgoed","address":"Oedsmawei 18A","city":"Grou","operatorName":"E-Flux by Road","maxPowerKw":11,"isMegawatt":false,"status":"AVAILABLE","source":"ndw","priceKwh":0.43}},{"type":"Feature","geometry":{"type":"Point","coordinates":[5.789236,53.07672]},"properties":{"type":"charge","layer":"passenger","locationId":"NLLOC011637","name":"NL, de Slinke 2, 9011 WV Jirnsum","address":"de Slinke 2","city":"Jirnsum","operatorName":"Allego","maxPowerKw":11,"isMegawatt":false,"status":"AVAILABLE","source":"ndw","priceKwh":0.511}},{"type":"Feature","geometry":{"type":"Point","coordinates":[5.801052,53.186058]},"properties":{"type":"charge","layer":"passenger","locationId":"91229501","name":"50five-S NL 19B06564","address":"Legedyk 6","city":"Leeuwarden","operatorName":"50five","maxPowerKw":11,"isMegawatt":false,"status":"AVAILABLE","source":"ndw"}},{"type":"Feature","geometry":{"type":"Point","coordinates":[5.7194,53.160132]},"properties":{"type":"charge","layer":"passenger","locationId":"64809311f3d35c001ca2d0c0","name":"Nijkleaster-Westerhûs station","address":"it Westerhûs 1","city":"Hilaard","operatorName":"E-Flux by Road","maxPowerKw":11,"isMegawatt":false,"status":"AVAILABLE","source":"ndw","priceKwh":0.28}},{"type":"Feature","geometry":{"type":"Point","coordinates":[5.713707,53.130102]},"properties":{"type":"charge","layer":"passenger","locationId":"NLLOC002394","name":"NLD, Seerp van Galemawei 26, 9022 AE, Mantgum","address":"Seerp van Galemawei 26","city":"Mantgum","operatorName":"Allego","maxPowerKw":11,"isMegawatt":false,"status":"AVAILABLE","source":"ndw","priceKwh":0.511}},{"type":"Feature","geometry":{"type":"Point","coordinates":[5.775898,53.202036]},"properties":{"type":"charge","layer":"passenger","locationId":"NLLOC016403","name":"NL, Achlumerstraat 62, 8913GN, Leeuwarden","address":"Achlumerstraat 62","city":"Leeuwarden","operatorName":"Allego","maxPowerKw":11,"isMegawatt":false,"status":"AVAILABLE","source":"ndw","priceKwh":0.511}},{"type":"Feature","geometry":{"type":"Point","coordinates":[5.796865,53.179551]},"properties":{"type":"charge","layer":"passenger","locationId":"9c60c4ee-a7c1-48dc-83bb-5f90850faa36","name":"Bredyk 1","address":"Bredyk 1","city":"Goutum","operatorName":"Vattenfall InCharge","maxPowerKw":50,"isMegawatt":false,"status":"AVAILABLE","source":"ndw","priceKwh":0.46}},{"type":"Feature","geometry":{"type":"Point","coordinates":[5.778791,53.204964]},"properties":{"type":"charge","layer":"passenger","locationId":"NLLOC000302","name":"NLD, Leeuwarden, Harlingerstraatweg 70","address":"Harlingerstraatweg 70","city":"Leeuwarden","operatorName":"Allego","maxPowerKw":11,"isMegawatt":false,"status":"CHARGING","source":"ndw","priceKwh":0.511}},{"type":"Feature","geometry":{"type":"Point","coordinates":[5.779842,53.206273]},"properties":{"type":"charge","layer":"passenger","locationId":"NLLOC018753","name":"NL, Leeuwerikstraat 119, 8916 CC Leeuwarden","address":"Leeuwerikstraat 119","city":"Leeuwarden","operatorName":"Allego","maxPowerKw":11,"isMegawatt":false,"status":"AVAILABLE","source":"ndw","priceKwh":0.511}},{"type":"Feature","geometry":{"type":"Point","coordinates":[5.779561,53.215126]},"properties":{"type":"charge","layer":"passenger","locationId":"edac8c80-dbd5-45cc-91ee-f0e19853ce94","name":"Meester P.J. Troelstraweg 149","address":"Meester P.J. Troelstraweg 149","city":"Leeuwarden","operatorName":"Vattenfall InCharge","maxPowerKw":22,"isMegawatt":false,"status":"AVAILABLE","source":"ndw","priceKwh":0.39}},{"type":"Feature","geometry":{"type":"Point","coordinates":[5.765607,53.205086]},"properties":{"type":"charge","layer":"passenger","locationId":"63dd2183b2b739001251cbb9","name":"Crystalic Business Park (LP4)","address":"François HaverSchmidtwei 2","city":"Leeuwarden","operatorName":"E-Flux by Road","maxPowerKw":22,"isMegawatt":false,"status":"AVAILABLE","source":"ndw","priceKwh":0.41}},{"type":"Feature","geometry":{"type":"Point","coordinates":[5.84378,53.20342]},"properties":{"type":"charge","layer":"passenger","locationId":"NLLOC009370","name":"NL, Rispensstate 10, 8925 LE Leeuwarden","address":"Rispensstate 10","city":"Leeuwarden","operatorName":"Allego","maxPowerKw":11,"isMegawatt":false,"status":"AVAILABLE","source":"ndw","priceKwh":0.511}},{"type":"Feature","geometry":{"type":"Point","coordinates":[5.763844,53.210483]},"properties":{"type":"charge","layer":"passenger","locationId":"NLLOC002502","name":"NLD, Leeuwarden, Rixtwei 132","address":"Rixtwei 132","city":"Leeuwarden","operatorName":"Allego","maxPowerKw":11,"isMegawatt":false,"status":"AVAILABLE","source":"ndw","priceKwh":0.511}},{"type":"Feature","geometry":{"type":"Point","coordinates":[5.812969,53.20645]},"properties":{"type":"charge","layer":"passenger","locationId":"NLLOC000051","name":"NLD, Leeuwarden, Cambuurplein 46","address":"Cambuurplein 46","city":"Leeuwarden","operatorName":"Allego","maxPowerKw":11,"isMegawatt":false,"status":"AVAILABLE","source":"ndw","priceKwh":0.511}},{"type":"Feature","geometry":{"type":"Point","coordinates":[5.838599,53.097209]},"properties":{"type":"charge","layer":"passenger","locationId":"NLENV525","name":"Grou, Nieuwe Kade 1","address":"Nieuwe Kade 1","city":"Leeuwarden","operatorName":"","maxPowerKw":11,"isMegawatt":false,"status":"AVAILABLE","source":"ndw","priceKwh":0.5}},{"type":"Feature","geometry":{"type":"MultiPolygon","coordinates":[[[[5.736852052284573,53.294587616812066],[5.749363634120485,53.29394043583836],[5.7596578302263355,53.294097280677626],[5.763284684921866,53.294492057284344],[5.766411992088403,53.293434033272106],[5.767203209583747,53.29344132146806],[5.768346305135628,53.2932150390888],[5.769034769474904,53.29254659824787],[5.771989761587817,53.291546642707125],[5.794586727023168,53.2840547238692],[5.797746088302942,53.28379541700646],[5.798574070974558,53.28295145325014],[5.811046510262882,53.28080874229603],[5.810523436691905,53.27985203760815],[5.81322991997896,53.27923871757187],[5.810538879389226,53.27742490100801],[5.811267144858995,53.2769872855044],[5.812036873339511,53.27674429499542],[5.813892457926599,53.27765387003896],[5.815308840938602,53.277474909877164],[5.816909155847549,53.27638990172928],[5.831509286829201,53.27542669595083],[5.838649859122877,53.27495005880386],[5.8378211907016455,53.273828987184515],[5.8326888224291995,53.268490917924275],[5.832125747651182,53.25988791590039],[5.829701486983876,53.257582935582576],[5.829903760390433,53.25535179848151],[5.831064732117188,53.25198942841672],[5.833167179175682,53.24774557206823],[5.833194885754113,53.247008091976724],[5.832045424505115,53.246403285490615],[5.831020365393896,53.24472359770962],[5.832161710991955,53.24285738500452],[5.859197394675288,53.243292808012406],[5.8592418942228015,53.24329351987472],[5.852554462033834,53.23047752975246],[5.859035162093299,53.230570910716956],[5.876230990377946,53.2323111051428],[5.877953756793117,53.233225260762836],[5.879892832516922,53.2332495556195],[5.880657008694791,53.224976526531236],[5.889992494160072,53.22499950026392],[5.889170724105514,53.2228165415065],[5.896927060132105,53.2229629778214],[5.897117007180312,53.22097094655509],[5.888953212934835,53.22095325855302],[5.889012487597493,53.2179772439145],[5.8941887638353405,53.21764975826355],[5.89382186744758,53.21551908932482],[5.897900272480268,53.2153890441515],[5.897864313827436,53.21465889429801],[5.9059325724254395,53.215014684917],[5.904972798669061,53.21391866807081],[5.905004124695091,53.2124770649536],[5.905651092796858,53.211843222319295],[5.9070523915116935,53.21102978052995],[5.897892229708562,53.20869801201902],[5.857728229467221,53.20406419441772],[5.857664618788179,53.20386719077325],[5.856992806136702,53.202932812278775],[5.857465743422374,53.20160049958793],[5.862070346903431,53.19359674410006],[5.850973653138579,53.19172170078251],[5.853421243047681,53.189372412718555],[5.854980043515193,53.18582352795091],[5.857066162983578,53.18141775362613],[5.86193761228626,53.17151959019608],[5.880284420280355,53.17032069198579],[5.9155668827068455,53.16875937614702],[5.925945778937632,53.16842823538986],[5.93277929168567,53.170299698893665],[5.933746197231592,53.168869271683434],[5.931918537607545,53.16108485288735],[5.923299957373466,53.152960265733014],[5.918962859036669,53.149173386997894],[5.908629514400991,53.14478125624069],[5.923356663072341,53.13091052098702],[5.927667714141723,53.129162679371426],[5.932402327933431,53.128134182256396],[5.938581044124596,53.125404439269566],[5.94346027359731,53.121614552437435],[5.945685041265293,53.117220364896504],[5.9496571883413365,53.10489218724175],[5.945944290303136,53.10367646662202],[5.933734566865922,53.109124838138136],[5.930444761856534,53.10992749756647],[5.926512972127988,53.10895239791131],[5.915404919374265,53.10907443489317],[5.910491188156931,53.10915527489425],[5.882006466816939,53.10694014640717],[5.885983532420025,53.09444610247172],[5.885983475499655,53.09444608563549],[5.8822980249112,53.09332877274147],[5.878248048087598,53.09095991075162],[5.88084813963248,53.09016795071799],[5.883119375269501,53.09097620150246],[5.883114864376945,53.08896387485064],[5.877246367963904,53.08538259429289],[5.874643714278594,53.085070770901794],[5.872871147667076,53.085135608560584],[5.859116543716974,53.081978845003356],[5.854442225803246,53.08241445497854],[5.844769552765599,53.07957540879862],[5.8433622718147085,53.080383412761535],[5.831024517820214,53.07837570654417],[5.830162760485869,53.07959584123856],[5.81927465570451,53.075862861070085],[5.814179102375745,53.07239394471142],[5.80824300326895,53.06658948942721],[5.806701551471254,53.065570339068096],[5.79638627830574,53.058840022981954],[5.77391261643816,53.04592239247636],[5.769846974013599,53.04584994077223],[5.771012059040442,53.046968452406176],[5.770696713400453,53.04744372647852],[5.76954348916403,53.04953381422529],[5.766813265196335,53.05054611934924],[5.763125013235188,53.056622325355974],[5.761843376856875,53.06079917080991],[5.76668381549319,53.06224110750893],[5.7750541305903695,53.0666449612414],[5.773563847616946,53.07410991171746],[5.764282917694976,53.08027696434607],[5.77100964665297,53.081077909060475],[5.77262973166018,53.081822371276864],[5.774378985599301,53.085702633058276],[5.772809711271135,53.087614341950214],[5.771482835187072,53.087648208820376],[5.7711882737884,53.08794475774152],[5.772041804523518,53.088380632713644],[5.771384102954785,53.0891067296871],[5.778133834249479,53.09273250113082],[5.788153388066263,53.0965559013816],[5.78738055437118,53.09849748478734],[5.78461575947807,53.09903070331918],[5.780572549371679,53.10189501093054],[5.776964263735919,53.10345804893504],[5.774208724778496,53.10381018642595],[5.771109535519231,53.10292371294587],[5.769533092527433,53.10326404055677],[5.767779453441199,53.10506464345538],[5.769717818774585,53.10598620509742],[5.7693982390996394,53.106536383967835],[5.764829284483193,53.1089723200675],[5.763183113444831,53.109058992354825],[5.76264650914956,53.11163962165662],[5.7614041092333395,53.11367984781352],[5.757449002611978,53.1127163009913],[5.756589846339644,53.115781375833684],[5.756243756894375,53.12083743195546],[5.754563138313273,53.12466373564219],[5.751483696727655,53.125943211935784],[5.745520657452332,53.12548296162003],[5.736178650599304,53.12190298399262],[5.737153509227207,53.12083656118999],[5.733252611075292,53.12019294499486],[5.730559671003549,53.12053988297675],[5.724434632929723,53.123427182519116],[5.719425482062544,53.120519567830094],[5.709866093436804,53.11960373115958],[5.707616086862423,53.1191192033464],[5.700612413894216,53.11577574028332],[5.696107807349201,53.11994263575659],[5.695451325224611,53.1225783262756],[5.693890395508484,53.12290201382412],[5.6956162419749745,53.126826630775525],[5.694373449981737,53.126970177515915],[5.694373011136694,53.12697022896196],[5.6915731767222315,53.12736418043599],[5.692216857252367,53.12881449371767],[5.692232251936434,53.12884918040949],[5.685973755886881,53.12986815022958],[5.684880393520855,53.12826821592173],[5.680036728539977,53.12857617378517],[5.659483460275731,53.11598541918252],[5.656565014961393,53.112382422251976],[5.656509811964165,53.112366181301],[5.646412391670126,53.116350815460926],[5.643025336048351,53.1228827394423],[5.6373475883698845,53.12414978389452],[5.637486448962104,53.128053280390695],[5.636182950451593,53.13064660578655],[5.631992829421764,53.13302025758483],[5.638213220362762,53.13656516445595],[5.643885634436449,53.13745818344416],[5.644826862499187,53.137810250511784],[5.648106618482404,53.13837131100314],[5.649697999674121,53.139289751901586],[5.654124059729931,53.141639703501696],[5.6493438193188075,53.14712838899937],[5.652029828270742,53.14869093968808],[5.655447430700721,53.14772819288899],[5.658471674238159,53.149419175709106],[5.663319933182724,53.14982201867372],[5.661973406078715,53.15092070981855],[5.66281365203166,53.15232485489453],[5.661903843714535,53.15496835968721],[5.656934007089034,53.15444265386031],[5.656658526268771,53.15543441713253],[5.657659250757517,53.15723882262236],[5.65943508184502,53.157624382600645],[5.657502337977513,53.15861585511417],[5.660985126784753,53.16311351185776],[5.660296537005089,53.16427849175665],[5.656084089066271,53.165734358010276],[5.655140024890828,53.16514287811231],[5.653537050880039,53.1659265509722],[5.652840068916773,53.16626002320326],[5.661260781672053,53.16975924880933],[5.6625815362792,53.17070555467639],[5.662062150911161,53.172200440425726],[5.6635925084703835,53.173971863747084],[5.66583011408291,53.175275462854195],[5.66803831931829,53.175072614713095],[5.668102818367633,53.173668804491896],[5.669006127498412,53.17333372592135],[5.672524745282289,53.175171163162425],[5.67425999603226,53.17744557946187],[5.675171778548989,53.17771948075724],[5.677291264501476,53.176393597866394],[5.679398327681436,53.17913379558626],[5.684642208200235,53.18182680791127],[5.685912874409372,53.18168675924076],[5.687096101745208,53.18003986910592],[5.692686413457174,53.17993317290093],[5.697298845539701,53.17771815505774],[5.697901460170542,53.174479954954435],[5.699291329536845,53.17371074727763],[5.706098818731595,53.17338396995662],[5.7132442458427,53.17523055308762],[5.718787383525001,53.16948368704194],[5.7201273653993505,53.17052815474967],[5.723758030194288,53.1699799642882],[5.723529623227273,53.16842361986709],[5.724924876753733,53.16607987678316],[5.728334103951283,53.16792543859741],[5.728217180458605,53.16978612620872],[5.731345878945589,53.170744171261674],[5.732383191823808,53.169389591543826],[5.733326127137115,53.169474510734005],[5.734812927573197,53.17147510727821],[5.737786409572424,53.17254759806053],[5.741423347186441,53.18089606625189],[5.745409423850024,53.18523221546811],[5.740342889176696,53.18537283563771],[5.740700788921742,53.18744797090891],[5.74211733343298,53.1942788729556],[5.7445747713923065,53.197805783337316],[5.742411772702353,53.20009610859665],[5.73740090617161,53.206218300176445],[5.736090788885307,53.20608575511253],[5.734741185796107,53.211220709344744],[5.743905658413323,53.21138014165034],[5.747107855231643,53.215145374932646],[5.74561231349321,53.215877352971155],[5.734162972669426,53.21580567738619],[5.733597187068803,53.22231772822265],[5.732552538480925,53.2303240277247],[5.733625821136863,53.230895800670446],[5.73814837509728,53.23128443912138],[5.729769551489315,53.23525550797139],[5.734954534932656,53.23805517624001],[5.736012622834213,53.237436014036376],[5.743916652802988,53.24109917996966],[5.735274733930366,53.247046243726416],[5.733620375498739,53.24851510608029],[5.736133759298646,53.248903589843586],[5.73595767906573,53.251471153387754],[5.732601606085942,53.25716784296522],[5.729836582383317,53.261236923305674],[5.735387602341431,53.26471480277159],[5.72734074994372,53.268346707166295],[5.722307272766719,53.27153363069098],[5.720130201520588,53.2749178881318],[5.7213585266783245,53.279573409226096],[5.722044306201083,53.28047607496826],[5.724027729178614,53.28438171721155],[5.723843339814859,53.28443187074873],[5.726350936568,53.2876084830771],[5.724849961585596,53.28773419483067],[5.725499873415428,53.28914749888508],[5.726618275491992,53.2889900144092],[5.727616751261851,53.28895379102492],[5.727642950850317,53.28907360872019],[5.727026892646398,53.289148263673454],[5.727084362231677,53.289383572821244],[5.72798267550481,53.29170392485002],[5.729876374531698,53.293886861783335],[5.730572373402783,53.294469620441916],[5.7351569243179075,53.29437114617336],[5.735384505523338,53.29472214611921],[5.736852052284573,53.294587616812066]]]]},"properties":{"type":"boundary","gemeente":"Leeuwarden","code":"GM0080"}}]}