{"type":"FeatureCollection","metadata":{"gemeente":"Lelystad","slug":"lelystad","code":"GM0995","generated_at":"2026-08-08T12:05:52.020Z","total_passenger":295,"total_freight":2,"bounds":[5.258422728564746,52.38454750083666,5.605870974146171,52.69218579841016],"operators":["50five","Allego","DAEN Mobility","E-Flux by Road","Eneco","Fastned","Greenchoice B.V.","Laadnet","Lidl","NXT50Five","Pluq","Shell Recharge","Spirii","TotalEnergies","Ubitricity","Van Leeuwen","Van Mossel Energie Lease","Vattenfall","Vattenfall InCharge","bp pulse"]},"features":[{"type":"Feature","geometry":{"type":"Point","coordinates":[5.509955,52.491049]},"properties":{"type":"charge","layer":"passenger","locationId":"91051807","name":"50five-S NL 03002990","address":"Den Essenburg 10","city":"Lelystad","operatorName":"50five","maxPowerKw":11,"isMegawatt":false,"status":"AVAILABLE","source":"ndw"}},{"type":"Feature","geometry":{"type":"Point","coordinates":[5.500048,52.500954]},"properties":{"type":"charge","layer":"passenger","locationId":"F548059F-61F0-4165-B512-7EB8AFB1F2F7","name":"TNLP034613 - Horst 14 26, Lelystad","address":"14 26 Horst","city":"Lelystad","operatorName":"TotalEnergies","maxPowerKw":13,"isMegawatt":false,"status":"UNAVAILABLE","source":"ndw"}},{"type":"Feature","geometry":{"type":"Point","coordinates":[5.46238,52.50348]},"properties":{"type":"charge","layer":"passenger","locationId":"694","name":"Shell Recharge NL Botter 44 7","address":"Botter 44 7","city":"Lelystad","operatorName":"Ubitricity","maxPowerKw":11,"isMegawatt":false,"status":"AVAILABLE","source":"ndw","priceKwh":0.392}},{"type":"Feature","geometry":{"type":"Point","coordinates":[5.441258,52.492798]},"properties":{"type":"charge","layer":"passenger","locationId":"3EB5512E-FF34-42D8-B3C1-368F902CE514","name":"TNLP008801 - Waterbies 54, Lelystad","address":"54 Waterbies","city":"Lelystad","operatorName":"TotalEnergies","maxPowerKw":13,"isMegawatt":false,"status":"AVAILABLE","source":"ndw"}},{"type":"Feature","geometry":{"type":"Point","coordinates":[5.452572,52.48825]},"properties":{"type":"charge","layer":"passenger","locationId":"0a132555-9ee1-4ccf-9713-1a6a9bde88cf","name":"TNLP007685 - Zilverschoonlaan 203, Lelystad","address":"203 Zilverschoonlaan","city":"Lelystad","operatorName":"TotalEnergies","maxPowerKw":13,"isMegawatt":false,"status":"CHARGING","source":"ndw"}},{"type":"Feature","geometry":{"type":"Point","coordinates":[5.477443,52.515498]},"properties":{"type":"charge","layer":"passenger","locationId":"91284040","name":"50five-S NL 03006383","address":"Meentweg 8","city":"Lelystad","operatorName":"50five","maxPowerKw":4,"isMegawatt":false,"status":"AVAILABLE","source":"ndw"}},{"type":"Feature","geometry":{"type":"Point","coordinates":[5.505377,52.49456]},"properties":{"type":"charge","layer":"passenger","locationId":"98C5C0C6-4E86-4824-883F-6A2A69CB287D","name":"TNLP006872 - Oldengaerde 42, Lelystad","address":"42 Oldengaerde","city":"Lelystad","operatorName":"TotalEnergies","maxPowerKw":13,"isMegawatt":false,"status":"AVAILABLE","source":"ndw"}},{"type":"Feature","geometry":{"type":"Point","coordinates":[5.469776,52.502277]},"properties":{"type":"charge","layer":"passenger","locationId":"F3598B4C-1C50-48D7-A0E1-0D79FBD38857","name":"TNLP006459 - Tjalk 17 10, Lelystad","address":"17 10 Tjalk","city":"Lelystad","operatorName":"TotalEnergies","maxPowerKw":13,"isMegawatt":false,"status":"CHARGING","source":"ndw"}},{"type":"Feature","geometry":{"type":"Point","coordinates":[5.447311,52.51868]},"properties":{"type":"charge","layer":"passenger","locationId":"93807B8A-C06F-4384-9DB7-D05C9FEB27C8","name":"TNLP007476 - Punter 13 2, Lelystad","address":"13 2 Punter","city":"Lelystad","operatorName":"TotalEnergies","maxPowerKw":13,"isMegawatt":false,"status":"AVAILABLE","source":"ndw"}},{"type":"Feature","geometry":{"type":"Point","coordinates":[5.482538,52.522373]},"properties":{"type":"charge","layer":"passenger","locationId":"E05E9A78-B270-4EF3-BAD1-854E20E36DEA","name":"TNLP006893 - Muiderzand 23, Lelystad","address":"23 Muiderzand","city":"Lelystad","operatorName":"TotalEnergies","maxPowerKw":15,"isMegawatt":false,"status":"AVAILABLE","source":"ndw"}},{"type":"Feature","geometry":{"type":"Point","coordinates":[5.48793,52.50407]},"properties":{"type":"charge","layer":"passenger","locationId":"2E079246-004C-4B95-9D31-C1BC0379553E","name":"PP004092 - Wold 25 27, Lelystad","address":"27 Wold","city":"Lelystad","operatorName":"TotalEnergies","maxPowerKw":13,"isMegawatt":false,"status":"AVAILABLE","source":"ndw"}},{"type":"Feature","geometry":{"type":"Point","coordinates":[5.503699,52.508738]},"properties":{"type":"charge","layer":"passenger","locationId":"1b0ded0cedda0b6f8e03677003d457d7","name":"Rozengaard 13 02","address":"Rozengaard 13 02","city":"Lelystad","operatorName":"Vattenfall InCharge","maxPowerKw":11,"isMegawatt":false,"status":"AVAILABLE","source":"ndw","priceKwh":0.2805}},{"type":"Feature","geometry":{"type":"Point","coordinates":[5.447222,52.489136]},"properties":{"type":"charge","layer":"passenger","locationId":"FDF75ECA-25BB-4D7E-B5FB-A5C28B46059E","name":"TNLP009500 - Parnassialaan 190, Lelystad","address":"190 Parnassialaan","city":"Lelystad","operatorName":"TotalEnergies","maxPowerKw":13,"isMegawatt":false,"status":"AVAILABLE","source":"ndw"}},{"type":"Feature","geometry":{"type":"Point","coordinates":[5.462995,52.515236]},"properties":{"type":"charge","layer":"passenger","locationId":"9FF64CC8-386A-4B17-A1BE-6850E753A27C","name":"TNLP006108 - Kempenaar 12 27, Lelystad","address":"12 27 Kempenaar","city":"Lelystad","operatorName":"TotalEnergies","maxPowerKw":15,"isMegawatt":false,"status":"AVAILABLE","source":"ndw"}},{"type":"Feature","geometry":{"type":"Point","coordinates":[5.454241,52.512077]},"properties":{"type":"charge","layer":"passenger","locationId":"669CE13A-981B-4AEE-8AF6-12A65A3F2E5A","name":"PP005647 - Gondel 26 10, Lelystad","address":"26 10 Gondel","city":"Lelystad","operatorName":"TotalEnergies","maxPowerKw":13,"isMegawatt":false,"status":"AVAILABLE","source":"ndw"}},{"type":"Feature","geometry":{"type":"Point","coordinates":[5.472366,52.501065]},"properties":{"type":"charge","layer":"passenger","locationId":"d66368c9-4edb-4ecc-a7ea-55a893e73b49","name":"Lidl LELYSTAD","address":"Tjalk","city":"Lelystad","operatorName":"Lidl","maxPowerKw":22,"isMegawatt":false,"status":"UNAVAILABLE","source":"ndw"}},{"type":"Feature","geometry":{"type":"Point","coordinates":[5.42149,52.49693]},"properties":{"type":"charge","layer":"passenger","locationId":"564e4eac96fb043a5e198bd4619d595e","name":"Ringdijk 305","address":"Ringdijk 305","city":"Lelystad","operatorName":"Vattenfall InCharge","maxPowerKw":11,"isMegawatt":false,"status":"AVAILABLE","source":"ndw","priceKwh":0.2805}},{"type":"Feature","geometry":{"type":"Point","coordinates":[5.445312,52.491344]},"properties":{"type":"charge","layer":"passenger","locationId":"73A690C6-1766-4DC6-B75E-67D3D4096063","name":"TNLP007990 - Fioringras 39, Lelystad","address":"39 Fioringras","city":"Lelystad","operatorName":"TotalEnergies","maxPowerKw":13,"isMegawatt":false,"status":"AVAILABLE","source":"ndw"}},{"type":"Feature","geometry":{"type":"Point","coordinates":[5.491296,52.494328]},"properties":{"type":"charge","layer":"passenger","locationId":"2688B3CA-E128-4025-8D7E-BEFC4F46412B","name":"TNLP008788 - Voorstraat 315, Lelystad","address":"315 Voorstraat","city":"Lelystad","operatorName":"TotalEnergies","maxPowerKw":14,"isMegawatt":false,"status":"AVAILABLE","source":"ndw"}},{"type":"Feature","geometry":{"type":"Point","coordinates":[5.445547,52.512295]},"properties":{"type":"charge","layer":"passenger","locationId":"34C174B7-FE7D-4B5C-A403-8AB07D2116D6","name":"PP005128 - Jol 17 87, Lelystad","address":"17 87 Jol","city":"Lelystad","operatorName":"TotalEnergies","maxPowerKw":15,"isMegawatt":false,"status":"AVAILABLE","source":"ndw"}},{"type":"Feature","geometry":{"type":"Point","coordinates":[5.441056,52.490021]},"properties":{"type":"charge","layer":"passenger","locationId":"8BC17FF3-6B4F-441E-ADD6-2E12066F52C4","name":"Eneco eMobility Albert Heijn - Ranonkellaan 1","address":"Ranonkellaan 1","city":"Lelystad","operatorName":"Eneco","maxPowerKw":150,"isMegawatt":false,"status":"AVAILABLE","source":"ndw","priceKwh":0.62}},{"type":"Feature","geometry":{"type":"Point","coordinates":[5.47579,52.51837]},"properties":{"type":"charge","layer":"passenger","locationId":"153","name":"Shell Recharge NL de Veste 15 19","address":"de Veste 15 19","city":"Lelystad","operatorName":"Ubitricity","maxPowerKw":11,"isMegawatt":false,"status":"AVAILABLE","source":"ndw","priceKwh":0.392}},{"type":"Feature","geometry":{"type":"Point","coordinates":[5.503775,52.49655]},"properties":{"type":"charge","layer":"passenger","locationId":"34500FDA-0839-4A52-B7C0-22C7EC13CFB7","name":"PP005390 - Singraven 21, Lelystad","address":"21 Singraven","city":"Lelystad","operatorName":"TotalEnergies","maxPowerKw":13,"isMegawatt":false,"status":"AVAILABLE","source":"ndw"}},{"type":"Feature","geometry":{"type":"Point","coordinates":[5.49193,52.488439]},"properties":{"type":"charge","layer":"passenger","locationId":"10cbea89-35ef-46ba-b61f-40284e12d223","name":"bp pulse Larserdreef","address":"Ketelmeerstraat 220","city":"Lelystad","operatorName":"bp pulse","maxPowerKw":150,"isMegawatt":false,"status":"AVAILABLE","source":"ndw","priceKwh":0.7}},{"type":"Feature","geometry":{"type":"Point","coordinates":[5.458659,52.50586]},"properties":{"type":"charge","layer":"passenger","locationId":"1e1bb390-9aad-4c26-914e-86a19f24f4f5","name":"TNLP009732 - Botter 37 1, Lelystad","address":"37 1 Botter","city":"Lelystad","operatorName":"TotalEnergies","maxPowerKw":13,"isMegawatt":false,"status":"AVAILABLE","source":"ndw"}},{"type":"Feature","geometry":{"type":"Point","coordinates":[5.422562,52.434437]},"properties":{"type":"charge","layer":"passenger","locationId":"823","name":"Shell Recharge NL9033 - Shell Aalscholver","address":"CCMF+W46","city":"Lelystad","operatorName":"Shell Recharge","maxPowerKw":300,"isMegawatt":false,"status":"AVAILABLE","source":"ndw","priceKwh":0.7025}},{"type":"Feature","geometry":{"type":"Point","coordinates":[5.4931,52.486636]},"properties":{"type":"charge","layer":"passenger","locationId":"20","name":"Shell Recharge NL0683 - Shell Larserdreef","address":"Larserdreef 698","city":"Lelystad","operatorName":"Shell Recharge","maxPowerKw":175,"isMegawatt":false,"status":"AVAILABLE","source":"ndw","priceKwh":0.7025}},{"type":"Feature","geometry":{"type":"Point","coordinates":[5.479667,52.51807]},"properties":{"type":"charge","layer":"passenger","locationId":"506F535C-56A4-4A37-AA96-10A260205CFA","name":"Laadplein - TNLP006634 - Waterwijzer 47, Lelystad","address":"47 Waterwijzer","city":"Lelystad","operatorName":"TotalEnergies","maxPowerKw":15,"isMegawatt":false,"status":"AVAILABLE","source":"ndw"}},{"type":"Feature","geometry":{"type":"Point","coordinates":[5.505572,52.50117]},"properties":{"type":"charge","layer":"passenger","locationId":"CD66D077-37DA-4102-BD93-BF1BDF910880","name":"TNLP007033 - Zoom 17 41, Lelystad","address":"17 41 Zoom","city":"Lelystad","operatorName":"TotalEnergies","maxPowerKw":13,"isMegawatt":false,"status":"AVAILABLE","source":"ndw"}},{"type":"Feature","geometry":{"type":"Point","coordinates":[5.4201,52.50153]},"properties":{"type":"charge","layer":"passenger","locationId":"116","name":"Shell Recharge NL Binnendijk 29","address":"Binnendijk 29","city":"Lelystad","operatorName":"Ubitricity","maxPowerKw":11,"isMegawatt":false,"status":"AVAILABLE","source":"ndw","priceKwh":0.392}},{"type":"Feature","geometry":{"type":"Point","coordinates":[5.46292,52.51137]},"properties":{"type":"charge","layer":"passenger","locationId":"511","name":"Shell Recharge NL Schouw 52 5","address":"Schouw 52 5","city":"Lelystad","operatorName":"Ubitricity","maxPowerKw":11,"isMegawatt":false,"status":"AVAILABLE","source":"ndw","priceKwh":0.392}},{"type":"Feature","geometry":{"type":"Point","coordinates":[5.504133,52.5113233]},"properties":{"type":"charge","layer":"passenger","locationId":"1334","name":"Shell Recharge NL Plantage 9","address":"Plantage 9","city":"Lelystad","operatorName":"Ubitricity","maxPowerKw":22,"isMegawatt":false,"status":"AVAILABLE","source":"ndw","priceKwh":0.267}},{"type":"Feature","geometry":{"type":"Point","coordinates":[5.44868,52.49611]},"properties":{"type":"charge","layer":"passenger","locationId":"91068149","name":"50five-S NL 17B09603","address":"Schieland 12","city":"Lelystad","operatorName":"50five","maxPowerKw":11,"isMegawatt":false,"status":"AVAILABLE","source":"ndw"}},{"type":"Feature","geometry":{"type":"Point","coordinates":[5.48477,52.51818]},"properties":{"type":"charge","layer":"passenger","locationId":"f2a91692-83ba-4649-b705-2791a73f3432","name":"PP001805 - Zuiderwagenplein 1, Lelystad","address":"1 Zuiderwagenplein","city":"Lelystad","operatorName":"TotalEnergies","maxPowerKw":11,"isMegawatt":false,"status":"AVAILABLE","source":"ndw"}},{"type":"Feature","geometry":{"type":"Point","coordinates":[5.507241,52.517]},"properties":{"type":"charge","layer":"passenger","locationId":"5a365f47-2b4e-4f3a-9438-0b5a7ad11131","name":"Wijngaard 32","address":"Wijngaard 32","city":"Lelystad","operatorName":"Vattenfall InCharge","maxPowerKw":11,"isMegawatt":false,"status":"CHARGING","source":"ndw","priceKwh":0.28}},{"type":"Feature","geometry":{"type":"Point","coordinates":[5.413897,52.498253]},"properties":{"type":"charge","layer":"passenger","locationId":"44FDC464-F212-410A-8523-312A867A4BDD","name":"TNLP008084 - Harderwijkstraat 105, Lelystad","address":"105 Harderwijkstraat","city":"Lelystad","operatorName":"TotalEnergies","maxPowerKw":13,"isMegawatt":false,"status":"AVAILABLE","source":"ndw"}},{"type":"Feature","geometry":{"type":"Point","coordinates":[5.44833,52.49002]},"properties":{"type":"charge","layer":"passenger","locationId":"1468","name":"Shell Recharge NL Boterbloemhof 32","address":"Boterbloemhof 32","city":"Lelystad","operatorName":"Ubitricity","maxPowerKw":11,"isMegawatt":false,"status":"AVAILABLE","source":"ndw","priceKwh":0.392}},{"type":"Feature","geometry":{"type":"Point","coordinates":[5.488957,52.525561]},"properties":{"type":"charge","layer":"passenger","locationId":"645","name":"Shell Recharge NL Schipbeek 6","address":"Schipbeek 6","city":"Lelystad","operatorName":"Ubitricity","maxPowerKw":11,"isMegawatt":false,"status":"AVAILABLE","source":"ndw","priceKwh":0.392}},{"type":"Feature","geometry":{"type":"Point","coordinates":[5.462602,52.51905]},"properties":{"type":"charge","layer":"passenger","locationId":"105142E4-AAB9-4B7A-B71C-2510251C62A9","name":"TNLP006932 - Kempenaar 17 65, Lelystad","address":"17 65 Kempenaar","city":"Lelystad","operatorName":"TotalEnergies","maxPowerKw":15,"isMegawatt":false,"status":"AVAILABLE","source":"ndw"}},{"type":"Feature","geometry":{"type":"Point","coordinates":[5.48985,52.49471]},"properties":{"type":"charge","layer":"passenger","locationId":"8A926155-E26F-4DEB-B61E-DE8B26C69F58","name":"PP004184 - Noordzeestraat 16, Lelystad","address":"16 Noordzeestraat","city":"Lelystad","operatorName":"TotalEnergies","maxPowerKw":13,"isMegawatt":false,"status":"AVAILABLE","source":"ndw"}},{"type":"Feature","geometry":{"type":"Point","coordinates":[5.455752,52.507957]},"properties":{"type":"charge","layer":"passenger","locationId":"262C8898-BE0D-4581-ACBA-37A93FEE1BB9","name":"TNLP009634 - Gondel 15 1, Lelystad","address":"15 1 Gondel","city":"Lelystad","operatorName":"TotalEnergies","maxPowerKw":15,"isMegawatt":false,"status":"AVAILABLE","source":"ndw"}},{"type":"Feature","geometry":{"type":"Point","coordinates":[5.487462,52.506687]},"properties":{"type":"charge","layer":"passenger","locationId":"CF9C5AD8-3150-472D-A2EA-77E747644DB6","name":"TNLP007660 - Wold 17 32, Lelystad","address":"17 32 Wold","city":"Lelystad","operatorName":"TotalEnergies","maxPowerKw":13,"isMegawatt":false,"status":"AVAILABLE","source":"ndw"}},{"type":"Feature","geometry":{"type":"Point","coordinates":[5.443032,52.510745]},"properties":{"type":"charge","layer":"passenger","locationId":"91054222","name":"50five-S NL 17B08063","address":"Jol 20 11","city":"Lelystad","operatorName":"50five","maxPowerKw":11,"isMegawatt":false,"status":"AVAILABLE","source":"ndw"}},{"type":"Feature","geometry":{"type":"Point","coordinates":[5.475,52.5083]},"properties":{"type":"charge","layer":"passenger","locationId":"91147151","name":"50five-S NL 07103100","address":"Oostrandpark 3","city":"Lelystad","operatorName":"50five","maxPowerKw":11,"isMegawatt":false,"status":"AVAILABLE","source":"ndw"}},{"type":"Feature","geometry":{"type":"Point","coordinates":[5.468436,52.511024]},"properties":{"type":"charge","layer":"passenger","locationId":"8336810A-74EA-4957-B745-E2C393568FDE","name":"TNLP009651 - Lubeckstraat 1, Lelystad","address":"1 Lubeckstraat","city":"Lelystad","operatorName":"TotalEnergies","maxPowerKw":13,"isMegawatt":false,"status":"AVAILABLE","source":"ndw"}},{"type":"Feature","geometry":{"type":"Point","coordinates":[5.5282,52.45721]},"properties":{"type":"charge","layer":"passenger","locationId":"438","name":"Shell Recharge NL Pelikaanweg 44","address":"Pelikaanweg 44","city":"Lelystad","operatorName":"Ubitricity","maxPowerKw":11,"isMegawatt":false,"status":"AVAILABLE","source":"ndw","priceKwh":0.392}},{"type":"Feature","geometry":{"type":"Point","coordinates":[5.501601,52.501644]},"properties":{"type":"charge","layer":"passenger","locationId":"EE16B223-917E-4DDD-86B5-1AF1ABDB2942","name":"TNLP007399 - Horst 11 15, Lelystad","address":"11 15 Horst","city":"Lelystad","operatorName":"TotalEnergies","maxPowerKw":13,"isMegawatt":false,"status":"UNAVAILABLE","source":"ndw"}},{"type":"Feature","geometry":{"type":"Point","coordinates":[5.49071,52.49709]},"properties":{"type":"charge","layer":"passenger","locationId":"36A25C8E-801A-4F15-8AD2-B7D264045FCC","name":"PP004103 - Sont 39, Lelystad","address":"39 Sont","city":"Lelystad","operatorName":"TotalEnergies","maxPowerKw":15,"isMegawatt":false,"status":"AVAILABLE","source":"ndw"}},{"type":"Feature","geometry":{"type":"Point","coordinates":[5.468749,52.500603]},"properties":{"type":"charge","layer":"passenger","locationId":"75E5CC0F-2D7A-4F1F-8C62-0A9C8A37093E","name":"TNLP015466 - Tjalk 28 2, Lelystad","address":"28 2 Tjalk","city":"Lelystad","operatorName":"TotalEnergies","maxPowerKw":13,"isMegawatt":false,"status":"AVAILABLE","source":"ndw"}},{"type":"Feature","geometry":{"type":"Point","coordinates":[5.476213,52.51445]},"properties":{"type":"charge","layer":"passenger","locationId":"a44555b8-740f-44fd-88ee-bafdabf948ab","name":"De Meent","address":"De Meent 6","city":"Lelystad","operatorName":"Vattenfall InCharge","maxPowerKw":11,"isMegawatt":false,"status":"CHARGING","source":"ndw","priceKwh":0.4316}},{"type":"Feature","geometry":{"type":"Point","coordinates":[5.483209,52.498235]},"properties":{"type":"charge","layer":"passenger","locationId":"311","name":"Shell Recharge NL Griend 10 5","address":"Griend 10 5","city":"Lelystad","operatorName":"Ubitricity","maxPowerKw":11,"isMegawatt":false,"status":"AVAILABLE","source":"ndw","priceKwh":0.392}},{"type":"Feature","geometry":{"type":"Point","coordinates":[5.42525,52.50229]},"properties":{"type":"charge","layer":"passenger","locationId":"EBAEBF5A-1DE4-4F56-99CD-3CF025A926D7","name":"Eneco eMobility Heembeton","address":"Vaartweg 135","city":"Lelystad","operatorName":"Eneco","maxPowerKw":22,"isMegawatt":false,"status":"AVAILABLE","source":"ndw","priceKwh":0.32}},{"type":"Feature","geometry":{"type":"Point","coordinates":[5.50156,52.4995]},"properties":{"type":"charge","layer":"passenger","locationId":"ea3961bd-7130-4204-a3a2-04a44c057cd9","name":"PP004078 - Cannenburch 48, Lelystad","address":"48 Cannenburch","city":"Lelystad","operatorName":"TotalEnergies","maxPowerKw":13,"isMegawatt":false,"status":"AVAILABLE","source":"ndw"}},{"type":"Feature","geometry":{"type":"Point","coordinates":[5.491324,52.519287]},"properties":{"type":"charge","layer":"passenger","locationId":"CA45FC45-5E4B-4FA3-9973-7A6E4C200EC1","name":"TNLP006260 - Stadspark 9, Lelystad","address":"9 Stadspark","city":"Lelystad","operatorName":"TotalEnergies","maxPowerKw":15,"isMegawatt":false,"status":"AVAILABLE","source":"ndw"}},{"type":"Feature","geometry":{"type":"Point","coordinates":[5.48563,52.50253]},"properties":{"type":"charge","layer":"passenger","locationId":"109","name":"Shell Recharge NL Kamp 26 2","address":"Kamp 26 2","city":"Lelystad","operatorName":"Ubitricity","maxPowerKw":11,"isMegawatt":false,"status":"AVAILABLE","source":"ndw","priceKwh":0.392}},{"type":"Feature","geometry":{"type":"Point","coordinates":[5.484255,52.495827]},"properties":{"type":"charge","layer":"passenger","locationId":"E52D235D-107A-4A9C-BB33-E16E3EBCE493","name":"TNLP015353 - Hollands Diepstraat 37, Lelystad","address":"37 Hollands Diepstraat","city":"Lelystad","operatorName":"TotalEnergies","maxPowerKw":13,"isMegawatt":false,"status":"AVAILABLE","source":"ndw"}},{"type":"Feature","geometry":{"type":"Point","coordinates":[5.494438,52.526752]},"properties":{"type":"charge","layer":"passenger","locationId":"5E95FB23-B389-4197-8A99-8732CB9D0F24","name":"TNLP008242 - Langezand 100, Lelystad","address":"100 Langezand","city":"Lelystad","operatorName":"TotalEnergies","maxPowerKw":15,"isMegawatt":false,"status":"AVAILABLE","source":"ndw"}},{"type":"Feature","geometry":{"type":"Point","coordinates":[5.447042,52.504579]},"properties":{"type":"charge","layer":"passenger","locationId":"91168966","name":"50five-S NL 09001463","address":"Vijzelweg 16","city":"Lelystad","operatorName":"50five","maxPowerKw":22,"isMegawatt":false,"status":"AVAILABLE","source":"ndw"}},{"type":"Feature","geometry":{"type":"Point","coordinates":[5.44962,52.49044]},"properties":{"type":"charge","layer":"passenger","locationId":"bdaa8eef5301995431addd1498a149e4","name":"Parnassialaan 156","address":"Parnassialaan 156","city":"Lelystad","operatorName":"Vattenfall InCharge","maxPowerKw":11,"isMegawatt":false,"status":"CHARGING","source":"ndw","priceKwh":0.2805}},{"type":"Feature","geometry":{"type":"Point","coordinates":[5.445699,52.50912]},"properties":{"type":"charge","layer":"passenger","locationId":"B55634B6-2369-4207-A0D5-E850EB30798F","name":"TNLP015461 - Jol 14, Lelystad","address":"14 Jol","city":"Lelystad","operatorName":"TotalEnergies","maxPowerKw":17,"isMegawatt":false,"status":"UNAVAILABLE","source":"ndw"}},{"type":"Feature","geometry":{"type":"Point","coordinates":[5.47774,52.5121]},"properties":{"type":"charge","layer":"passenger","locationId":"5F009E02-4D56-4AF2-940D-58AD7A025822","name":"Eneco eMobility Agorawagenplein 1 Lelystad","address":"Agorawagenplein 1","city":"Lelystad","operatorName":"Eneco","maxPowerKw":22,"isMegawatt":false,"status":"AVAILABLE","source":"ndw","priceKwh":0.64}},{"type":"Feature","geometry":{"type":"Point","coordinates":[5.488331,52.493008]},"properties":{"type":"charge","layer":"passenger","locationId":"967F8CA2-E20A-466E-83B0-AC76F8772ADF","name":"TNLP008879 - Drontermeerstraat 63, Lelystad","address":"63 Drontermeerstraat","city":"Lelystad","operatorName":"TotalEnergies","maxPowerKw":14,"isMegawatt":false,"status":"AVAILABLE","source":"ndw"}},{"type":"Feature","geometry":{"type":"Point","coordinates":[5.43632,52.51839]},"properties":{"type":"charge","layer":"passenger","locationId":"1460","name":"Shell Recharge NL Bataviahaven 1","address":"Bataviahaven 1","city":"Lelystad","operatorName":"Ubitricity","maxPowerKw":11,"isMegawatt":false,"status":"CHARGING","source":"ndw","priceKwh":0.392}},{"type":"Feature","geometry":{"type":"Point","coordinates":[5.494407,52.515198]},"properties":{"type":"charge","layer":"passenger","locationId":"B8031F5F-48BA-41D7-9BE3-78E6A41410AD","name":"TNLP034645 - Delta 29, Lelystad","address":"29 Delta","city":"Lelystad","operatorName":"TotalEnergies","maxPowerKw":13,"isMegawatt":false,"status":"UNAVAILABLE","source":"ndw"}},{"type":"Feature","geometry":{"type":"Point","coordinates":[5.446989,52.503975]},"properties":{"type":"charge","layer":"passenger","locationId":"2295550","name":"KSP Groep Schutweg","address":"Schutweg 47","city":"Lelystad","operatorName":"Laadnet","maxPowerKw":22,"isMegawatt":false,"status":"AVAILABLE","source":"ndw"}},{"type":"Feature","geometry":{"type":"Point","coordinates":[5.486278,52.5166753]},"properties":{"type":"charge","layer":"passenger","locationId":"2336","name":"Shell Recharge NL Baai 154","address":"Baai 154","city":"Lelystad","operatorName":"Ubitricity","maxPowerKw":22,"isMegawatt":false,"status":"AVAILABLE","source":"ndw","priceKwh":0.267}},{"type":"Feature","geometry":{"type":"Point","coordinates":[5.516529,52.531845]},"properties":{"type":"charge","layer":"passenger","locationId":"91108823","name":"50five-S NL 03004016","address":"Zilverstraat 2","city":"Lelystad","operatorName":"50five","maxPowerKw":11,"isMegawatt":false,"status":"AVAILABLE","source":"ndw"}},{"type":"Feature","geometry":{"type":"Point","coordinates":[5.50475,52.48222]},"properties":{"type":"charge","layer":"passenger","locationId":"2464e74d-0911-4a57-8df0-601c503902b4","name":"Larserplein","address":"Larserplein 10","city":"Lelystad","operatorName":"Vattenfall InCharge","maxPowerKw":50,"isMegawatt":false,"status":"AVAILABLE","source":"ndw","priceKwh":0.46}},{"type":"Feature","geometry":{"type":"Point","coordinates":[5.48379,52.52057]},"properties":{"type":"charge","layer":"passenger","locationId":"539","name":"Shell Recharge NL Noorderwagenplein 10","address":"Noorderwagenplein 10","city":"Lelystad","operatorName":"Ubitricity","maxPowerKw":11,"isMegawatt":false,"status":"CHARGING","source":"ndw","priceKwh":0.392}},{"type":"Feature","geometry":{"type":"Point","coordinates":[5.479125,52.52267]},"properties":{"type":"charge","layer":"passenger","locationId":"62D28672-5453-4961-946B-AEFCF6473FD1","name":"TNLP009158 - Hoek van het IJ 51, Lelystad","address":"51 Hoek van het IJ","city":"Lelystad","operatorName":"TotalEnergies","maxPowerKw":15,"isMegawatt":false,"status":"AVAILABLE","source":"ndw"}},{"type":"Feature","geometry":{"type":"Point","coordinates":[5.483212,52.5242]},"properties":{"type":"charge","layer":"passenger","locationId":"9C7DDB40-7120-4B52-8E15-1F88E52676E6","name":"PP005597 - Enkhuizerzand 1, Lelystad","address":"1 Enkhuizerzand","city":"Lelystad","operatorName":"TotalEnergies","maxPowerKw":13,"isMegawatt":false,"status":"AVAILABLE","source":"ndw"}},{"type":"Feature","geometry":{"type":"Point","coordinates":[5.45296,52.52327]},"properties":{"type":"charge","layer":"passenger","locationId":"1533","name":"Shell Recharge NL Karveel 56","address":"Karveel 56","city":"Lelystad","operatorName":"Ubitricity","maxPowerKw":11,"isMegawatt":false,"status":"AVAILABLE","source":"ndw","priceKwh":0.392}},{"type":"Feature","geometry":{"type":"Point","coordinates":[5.476394,52.503682]},"properties":{"type":"charge","layer":"passenger","locationId":"68e3952b37208d8b7587e01c","name":"St Jansdal ziekenhuis locatie Lelystad laadpaal 1","address":"Ziekenhuisweg 100","city":"Lelystad","operatorName":"E-Flux by Road","maxPowerKw":22,"isMegawatt":false,"status":"AVAILABLE","source":"ndw","priceKwh":0.61}},{"type":"Feature","geometry":{"type":"Point","coordinates":[5.436978,52.521957]},"properties":{"type":"charge","layer":"passenger","locationId":"05AB8E3F-5BA6-4761-85CB-4CB76B663F94","name":"TNLP003621 - Oostvaardersdijk 113, Lelystad","address":"113 Oostvaardersdijk","city":"Lelystad","operatorName":"TotalEnergies","maxPowerKw":17,"isMegawatt":false,"status":"CHARGING","source":"ndw"}},{"type":"Feature","geometry":{"type":"Point","coordinates":[5.504609,52.482857]},"properties":{"type":"charge","layer":"passenger","locationId":"NLLOC027666","name":"Allego - Van der Valk Lelystad A6","address":"Larserplein 1","city":"Lelystad","operatorName":"Allego","maxPowerKw":150,"isMegawatt":false,"status":"CHARGING","source":"ndw","priceKwh":0.655}},{"type":"Feature","geometry":{"type":"Point","coordinates":[5.422989,52.432869]},"properties":{"type":"charge","layer":"passenger","locationId":"31266","name":"Fastned Lepelaar","address":"Lepelaar 1","city":"Lelystad","operatorName":"Fastned","maxPowerKw":300,"isMegawatt":false,"status":"AVAILABLE","source":"ndw","priceKwh":0.6364}},{"type":"Feature","geometry":{"type":"Point","coordinates":[5.519691,52.452978]},"properties":{"type":"charge","layer":"passenger","locationId":"650458a1823b4d001cf5c5ed","name":"HeliCentre","address":"Emoeweg 12","city":"Lelystad","operatorName":"E-Flux by Road","maxPowerKw":22,"isMegawatt":false,"status":"AVAILABLE","source":"ndw","priceKwh":0.62}},{"type":"Feature","geometry":{"type":"Point","coordinates":[5.49303,52.48382]},"properties":{"type":"charge","layer":"passenger","locationId":"83E93D56-EC80-4773-B9FA-024FF62FC9CB","name":"Eneco eMobility Broekhuis Opel Peugeot Lelystad","address":"Artemisweg 275","city":"Lelystad","operatorName":"Eneco","maxPowerKw":22,"isMegawatt":false,"status":"AVAILABLE","source":"ndw","priceKwh":0.45}},{"type":"Feature","geometry":{"type":"Point","coordinates":[5.4849824,52.5057488]},"properties":{"type":"charge","layer":"passenger","locationId":"2337","name":"Shell Recharge NL Wold 10 2","address":"Wold 10 2","city":"Lelystad","operatorName":"Ubitricity","maxPowerKw":22,"isMegawatt":false,"status":"AVAILABLE","source":"ndw","priceKwh":0.267}},{"type":"Feature","geometry":{"type":"Point","coordinates":[5.44783,52.494548]},"properties":{"type":"charge","layer":"passenger","locationId":"557","name":"Shell Recharge NL Walcheren 21","address":"Walcheren 21","city":"Lelystad","operatorName":"Ubitricity","maxPowerKw":11,"isMegawatt":false,"status":"AVAILABLE","source":"ndw","priceKwh":0.392}},{"type":"Feature","geometry":{"type":"Point","coordinates":[5.459512,52.518085]},"properties":{"type":"charge","layer":"passenger","locationId":"655AAE3C-3F22-4C58-B2D1-F0226BEBDC80","name":"PP005188 - Kempenaar 03 31, Lelystad","address":"03 31 Kempenaar","city":"Lelystad","operatorName":"TotalEnergies","maxPowerKw":13,"isMegawatt":false,"status":"AVAILABLE","source":"ndw"}},{"type":"Feature","geometry":{"type":"Point","coordinates":[5.494187,52.519762]},"properties":{"type":"charge","layer":"passenger","locationId":"69b2ca1fdbae67a2f11b7236","name":"NXT 50five - Lelystad Badweg 178 -DC","address":"Badweg 178","city":"Lelystad","operatorName":"NXT50Five","maxPowerKw":50,"isMegawatt":false,"status":"AVAILABLE","source":"ndw","priceKwh":0.63}},{"type":"Feature","geometry":{"type":"Point","coordinates":[5.4756,52.49975]},"properties":{"type":"charge","layer":"passenger","locationId":"6717B99B-EA8C-413E-9EE0-2400FAAA5E57","name":"PP004185 - Grietenij 11 1-58, Lelystad","address":"11 1-58 Grietenij","city":"Lelystad","operatorName":"TotalEnergies","maxPowerKw":15,"isMegawatt":false,"status":"AVAILABLE","source":"ndw"}},{"type":"Feature","geometry":{"type":"Point","coordinates":[5.508739,52.50828]},"properties":{"type":"charge","layer":"passenger","locationId":"33C547E6-582A-478C-8AB5-DA68FD31F29D","name":"TNLP015442 - Rozengaard 19 27, Lelystad","address":"19 27 Rozengaard","city":"Lelystad","operatorName":"TotalEnergies","maxPowerKw":13,"isMegawatt":false,"status":"AVAILABLE","source":"ndw"}},{"type":"Feature","geometry":{"type":"Point","coordinates":[5.481367,52.501637]},"properties":{"type":"charge","layer":"passenger","locationId":"B47B1184-647D-4B07-AA07-0849DDF150FD","name":"TNLP009276 - Kamp 13 29, Lelystad","address":"13 29 Kamp","city":"Lelystad","operatorName":"TotalEnergies","maxPowerKw":13,"isMegawatt":false,"status":"AVAILABLE","source":"ndw"}},{"type":"Feature","geometry":{"type":"Point","coordinates":[5.49024,52.497377]},"properties":{"type":"charge","layer":"passenger","locationId":"61f925cb0ac7a24fa276d226","name":"Triade Vitree Sont","address":"Sont  66a","city":"Lelystad","operatorName":"E-Flux by Road","maxPowerKw":22,"isMegawatt":false,"status":"AVAILABLE","source":"ndw","priceKwh":0.53}},{"type":"Feature","geometry":{"type":"Point","coordinates":[5.463736,52.493973]},"properties":{"type":"charge","layer":"passenger","locationId":"73D7DA50-D4DF-41F5-8ACA-2A0F1365A865","name":"PP005646 - Salland 4, Lelystad","address":"4 Salland","city":"Lelystad","operatorName":"TotalEnergies","maxPowerKw":13,"isMegawatt":false,"status":"AVAILABLE","source":"ndw"}},{"type":"Feature","geometry":{"type":"Point","coordinates":[5.506819,52.512676]},"properties":{"type":"charge","layer":"passenger","locationId":"17DA5467-660A-4C72-B1BF-3084CB354AF3","name":"TNLP006724 - Hofstede 134, Lelystad","address":"134 Hofstede","city":"Lelystad","operatorName":"TotalEnergies","maxPowerKw":13,"isMegawatt":false,"status":"AVAILABLE","source":"ndw"}},{"type":"Feature","geometry":{"type":"Point","coordinates":[5.488103,52.503216]},"properties":{"type":"charge","layer":"passenger","locationId":"306ECC17-234E-4E58-8C70-9402B2EA3880","name":"TNLP005932 - Wold 27 18, Lelystad","address":"27 18 Wold","city":"Lelystad","operatorName":"TotalEnergies","maxPowerKw":15,"isMegawatt":false,"status":"AVAILABLE","source":"ndw"}},{"type":"Feature","geometry":{"type":"Point","coordinates":[5.51661,52.532236]},"properties":{"type":"charge","layer":"passenger","locationId":"91107010","name":"50five-S NL 19B09552","address":"Zilverstraat 2","city":"Lelystad","operatorName":"50five","maxPowerKw":11,"isMegawatt":false,"status":"AVAILABLE","source":"ndw"}},{"type":"Feature","geometry":{"type":"Point","coordinates":[5.48906,52.52201]},"properties":{"type":"charge","layer":"passenger","locationId":"562","name":"Shell Recharge NL Waddenlaan 8","address":"Waddenlaan 8","city":"Lelystad","operatorName":"Ubitricity","maxPowerKw":11,"isMegawatt":false,"status":"AVAILABLE","source":"ndw","priceKwh":0.392}},{"type":"Feature","geometry":{"type":"Point","coordinates":[5.452675,52.494926]},"properties":{"type":"charge","layer":"passenger","locationId":"AAF62D47-3264-41ED-BA70-42638D194D6A","name":"TNLP008873 - Kennemerland 66, Lelystad","address":"66 Kennemerland","city":"Lelystad","operatorName":"TotalEnergies","maxPowerKw":13,"isMegawatt":false,"status":"AVAILABLE","source":"ndw"}},{"type":"Feature","geometry":{"type":"Point","coordinates":[5.478407,52.500576]},"properties":{"type":"charge","layer":"passenger","locationId":"65B9330B-17B5-432B-9114-D3C2A6FF81E5","name":"TNLP007986 - De Doelen 10 1, Lelystad","address":"10 1 De Doelen","city":"Lelystad","operatorName":"TotalEnergies","maxPowerKw":15,"isMegawatt":false,"status":"AVAILABLE","source":"ndw"}},{"type":"Feature","geometry":{"type":"Point","coordinates":[5.478954,52.524006]},"properties":{"type":"charge","layer":"passenger","locationId":"A8FECD68-3D54-48CD-9C2E-35B910A717B3","name":"TNLP006216 - Gelderse Hoek 62, Lelystad","address":"62 Gelderse Hoek","city":"Lelystad","operatorName":"TotalEnergies","maxPowerKw":13,"isMegawatt":false,"status":"CHARGING","source":"ndw"}},{"type":"Feature","geometry":{"type":"Point","coordinates":[5.4637619,52.5077781]},"properties":{"type":"charge","layer":"passenger","locationId":"1356","name":"Shell Recharge NL Schouw 44 32","address":"Schouw 44 32","city":"Lelystad","operatorName":"Ubitricity","maxPowerKw":22,"isMegawatt":false,"status":"AVAILABLE","source":"ndw","priceKwh":0.267}},{"type":"Feature","geometry":{"type":"Point","coordinates":[5.456416,52.494778]},"properties":{"type":"charge","layer":"passenger","locationId":"636DD2A2-D769-42A4-AD4D-A1E0A7FA0A11","name":"TNLP015262 - Delfland 27, Lelystad","address":"27 Delfland","city":"Lelystad","operatorName":"TotalEnergies","maxPowerKw":17,"isMegawatt":false,"status":"UNAVAILABLE","source":"ndw"}},{"type":"Feature","geometry":{"type":"Point","coordinates":[5.499503,52.496937]},"properties":{"type":"charge","layer":"passenger","locationId":"F3BFA299-DADC-4831-8B62-7686C94F7387","name":"TNLP015246 - Den Alerdinck 26, Lelystad","address":"26 Den Alerdinck","city":"Lelystad","operatorName":"TotalEnergies","maxPowerKw":17,"isMegawatt":false,"status":"UNAVAILABLE","source":"ndw"}},{"type":"Feature","geometry":{"type":"Point","coordinates":[5.47747,52.51584]},"properties":{"type":"charge","layer":"passenger","locationId":"589","name":"Shell Recharge NL Meentweg 14","address":"Meentweg 14","city":"Lelystad","operatorName":"Ubitricity","maxPowerKw":11,"isMegawatt":false,"status":"AVAILABLE","source":"ndw","priceKwh":0.392}},{"type":"Feature","geometry":{"type":"Point","coordinates":[5.440095,52.5097393]},"properties":{"type":"charge","layer":"passenger","locationId":"1972","name":"Shell Recharge NL Galjoen 22 20","address":"Galjoen 22 20","city":"Lelystad","operatorName":"Ubitricity","maxPowerKw":22,"isMegawatt":false,"status":"AVAILABLE","source":"ndw","priceKwh":0.267}},{"type":"Feature","geometry":{"type":"Point","coordinates":[5.48017,52.52358]},"properties":{"type":"charge","layer":"passenger","locationId":"8D1DFC0B-E670-4FB9-B287-D8EE9662EE9C","name":"PP004247 - Leekerhoek 28, Lelystad","address":"28 Leekerhoek","city":"Lelystad","operatorName":"TotalEnergies","maxPowerKw":15,"isMegawatt":false,"status":"AVAILABLE","source":"ndw"}},{"type":"Feature","geometry":{"type":"Point","coordinates":[5.46291,52.52326]},"properties":{"type":"charge","layer":"passenger","locationId":"D8B5D59A-B05C-4CCD-91D1-1F8353059955","name":"PP004332 - Karveel 38, Lelystad","address":"38 Karveel","city":"Lelystad","operatorName":"TotalEnergies","maxPowerKw":13,"isMegawatt":false,"status":"CHARGING","source":"ndw"}},{"type":"Feature","geometry":{"type":"Point","coordinates":[5.52205,52.53995]},"properties":{"type":"charge","layer":"passenger","locationId":"4072A7BF-5C4E-4E5B-A2DB-A85F5635EA10","name":"Eneco eMobility CRH - Dycore B.V. - Lelystad","address":"Steenstraat 2","city":"Lelystad","operatorName":"Eneco","maxPowerKw":22,"isMegawatt":false,"status":"AVAILABLE","source":"ndw","priceKwh":0.32}},{"type":"Feature","geometry":{"type":"Point","coordinates":[5.496239,52.524628]},"properties":{"type":"charge","layer":"passenger","locationId":"0D76996B-C187-4A1B-A16C-F6B9018E226A","name":"TNLP003525 - Schroefstraat 30, Lelystad","address":"30 Schroefstraat","city":"Lelystad","operatorName":"TotalEnergies","maxPowerKw":17,"isMegawatt":false,"status":"AVAILABLE","source":"ndw"}},{"type":"Feature","geometry":{"type":"Point","coordinates":[5.424304,52.43481]},"properties":{"type":"charge","layer":"passenger","locationId":"32389","name":"Circle K Lelystad - De Aalscholver","address":"Rijksweg A6 nr. 1","city":"Lelystad","operatorName":"Spirii","maxPowerKw":175,"isMegawatt":false,"status":"AVAILABLE","source":"ndw","priceKwh":0.65}},{"type":"Feature","geometry":{"type":"Point","coordinates":[5.485191,52.503864]},"properties":{"type":"charge","layer":"passenger","locationId":"0F922639-0B44-4D15-9199-873DFC1FC9A7","name":"TNLP009214 - Kamp 20 50, Lelystad","address":"20 50 Kamp","city":"Lelystad","operatorName":"TotalEnergies","maxPowerKw":15,"isMegawatt":false,"status":"AVAILABLE","source":"ndw"}},{"type":"Feature","geometry":{"type":"Point","coordinates":[5.450056,52.516193]},"properties":{"type":"charge","layer":"passenger","locationId":"F21A1558-39E0-4E4A-9D27-054604258CCC","name":"PP005129 - Punter 24 13, Lelystad","address":"24 13 Punter","city":"Lelystad","operatorName":"TotalEnergies","maxPowerKw":15,"isMegawatt":false,"status":"AVAILABLE","source":"ndw"}},{"type":"Feature","geometry":{"type":"Point","coordinates":[5.48796,52.51072]},"properties":{"type":"charge","layer":"passenger","locationId":"2801","name":"Shell Recharge NL Archipel 23","address":"Archipel 23","city":"Lelystad","operatorName":"Ubitricity","maxPowerKw":11,"isMegawatt":false,"status":"AVAILABLE","source":"ndw","priceKwh":0.392}},{"type":"Feature","geometry":{"type":"Point","coordinates":[5.440265,52.500522]},"properties":{"type":"charge","layer":"passenger","locationId":"91232922","name":"50five-S NL 08002657","address":"Vaartweg 67","city":"Lelystad","operatorName":"50five","maxPowerKw":11,"isMegawatt":false,"status":"AVAILABLE","source":"ndw"}},{"type":"Feature","geometry":{"type":"Point","coordinates":[5.472225,52.496243]},"properties":{"type":"charge","layer":"passenger","locationId":"21970BCE-191E-4246-B463-84CC5E626C3D","name":"TNLP007664 - Oostermoer 61, Lelystad","address":"61 Oostermoer","city":"Lelystad","operatorName":"TotalEnergies","maxPowerKw":13,"isMegawatt":false,"status":"AVAILABLE","source":"ndw"}},{"type":"Feature","geometry":{"type":"Point","coordinates":[5.439945,52.491108]},"properties":{"type":"charge","layer":"passenger","locationId":"D4705169-0B30-4FCA-904F-9E4868ACB777","name":"TNLP009845 - Haagwinde 36, Lelystad","address":"36 Haagwinde","city":"Lelystad","operatorName":"TotalEnergies","maxPowerKw":13,"isMegawatt":false,"status":"AVAILABLE","source":"ndw"}},{"type":"Feature","geometry":{"type":"Point","coordinates":[5.492937,52.513634]},"properties":{"type":"charge","layer":"passenger","locationId":"BBF980CE-0F56-4090-ABEA-06CCEFF803A2","name":"TNLP006886 - Schor 47, Lelystad","address":"47 Schor","city":"Lelystad","operatorName":"TotalEnergies","maxPowerKw":13,"isMegawatt":false,"status":"AVAILABLE","source":"ndw"}},{"type":"Feature","geometry":{"type":"Point","coordinates":[5.444896,52.48972]},"properties":{"type":"charge","layer":"passenger","locationId":"D21E8277-4956-4679-B97E-7ADC1BE2EA69","name":"TNLP007402 - Ereprijs 6, Lelystad","address":"6 Ereprijs","city":"Lelystad","operatorName":"TotalEnergies","maxPowerKw":13,"isMegawatt":false,"status":"AVAILABLE","source":"ndw"}},{"type":"Feature","geometry":{"type":"Point","coordinates":[5.475653,52.512064]},"properties":{"type":"charge","layer":"passenger","locationId":"91057091","name":"50five-S NL 03008862","address":"Agorabaan 15","city":"Lelystad","operatorName":"50five","maxPowerKw":7,"isMegawatt":false,"status":"AVAILABLE","source":"ndw"}},{"type":"Feature","geometry":{"type":"Point","coordinates":[5.469492,52.50803]},"properties":{"type":"charge","layer":"passenger","locationId":"CEC3956E-9EE6-4096-832E-ECED403FBFC7","name":"PP005388 - Bremenstraat 25, Lelystad","address":"25 Bremenstraat","city":"Lelystad","operatorName":"TotalEnergies","maxPowerKw":15,"isMegawatt":false,"status":"AVAILABLE","source":"ndw"}},{"type":"Feature","geometry":{"type":"Point","coordinates":[5.4906167,52.5127141]},"properties":{"type":"charge","layer":"passenger","locationId":"1027","name":"Shell Recharge NL Klip 132","address":"Klip 132","city":"Lelystad","operatorName":"Ubitricity","maxPowerKw":22,"isMegawatt":false,"status":"AVAILABLE","source":"ndw","priceKwh":0.267}},{"type":"Feature","geometry":{"type":"Point","coordinates":[5.49497,52.52023]},"properties":{"type":"charge","layer":"passenger","locationId":"7960F828-350C-49CF-88DA-3B7B972E0137","name":"TNLP007266 - Badweg 17, Lelystad","address":"17 Badweg","city":"Lelystad","operatorName":"TotalEnergies","maxPowerKw":17,"isMegawatt":false,"status":"UNAVAILABLE","source":"ndw"}},{"type":"Feature","geometry":{"type":"Point","coordinates":[5.475405,52.498565]},"properties":{"type":"charge","layer":"passenger","locationId":"613b57032b4aaa1af88fc5dd","name":"Triade Vitree CB","address":"Grietenij 17","city":"Lelystad","operatorName":"E-Flux by Road","maxPowerKw":22,"isMegawatt":false,"status":"AVAILABLE","source":"ndw","priceKwh":0.38}},{"type":"Feature","geometry":{"type":"Point","coordinates":[5.562558,52.539321]},"properties":{"type":"charge","layer":"passenger","locationId":"667420e928a178001c95b249","name":"Edelhertweg1","address":"Edelhertweg 1","city":"Lelystad","operatorName":"E-Flux by Road","maxPowerKw":22,"isMegawatt":false,"status":"AVAILABLE","source":"ndw","priceKwh":0.28}},{"type":"Feature","geometry":{"type":"Point","coordinates":[5.4943998,52.5204973]},"properties":{"type":"charge","layer":"passenger","locationId":"773","name":"Shell Recharge NL Badweg 17","address":"Badweg 17","city":"Lelystad","operatorName":"Ubitricity","maxPowerKw":22,"isMegawatt":false,"status":"AVAILABLE","source":"ndw","priceKwh":0.267}},{"type":"Feature","geometry":{"type":"Point","coordinates":[5.515859,52.531342]},"properties":{"type":"charge","layer":"passenger","locationId":"91108277","name":"50five-S NL 19B06556","address":"Zilverstraat 2","city":"Lelystad","operatorName":"50five","maxPowerKw":11,"isMegawatt":false,"status":"AVAILABLE","source":"ndw"}},{"type":"Feature","geometry":{"type":"Point","coordinates":[5.471422,52.518537]},"properties":{"type":"charge","layer":"passenger","locationId":"C9918718-88B2-41C8-A606-B4D4660F1C27","name":"Eneco eMobility XPO SCN III - Lelystad","address":"Ochoaweg 16","city":"Lelystad","operatorName":"Eneco","maxPowerKw":22,"isMegawatt":false,"status":"AVAILABLE","source":"ndw","priceKwh":0.32}},{"type":"Feature","geometry":{"type":"Point","coordinates":[5.425635,52.433986]},"properties":{"type":"charge","layer":"passenger","locationId":"NLLOC000094","name":"Allego - Hotel-Restaurant Hajé Lepelaar A6","address":"Lepelaar 4","city":"Lelystad","operatorName":"Allego","maxPowerKw":22,"isMegawatt":false,"status":"AVAILABLE","source":"ndw","priceKwh":0.511}},{"type":"Feature","geometry":{"type":"Point","coordinates":[5.44304,52.489764]},"properties":{"type":"charge","layer":"passenger","locationId":"67e6b9fc8f71928ad8bca7ac","name":"Maarten Van Der Holst 's station","address":"Gentiaan 7","city":"Lelystad","operatorName":"Vattenfall","maxPowerKw":22,"isMegawatt":false,"status":"AVAILABLE","source":"ndw","priceKwh":0.28}},{"type":"Feature","geometry":{"type":"Point","coordinates":[5.475773,52.526027]},"properties":{"type":"charge","layer":"passenger","locationId":"66aa48f021f956001c888c61","name":"Martijn Meijer 's station","address":"Kofschip  12","city":"LELYSTAD","operatorName":"E-Flux by Road","maxPowerKw":11,"isMegawatt":false,"status":"AVAILABLE","source":"ndw","priceKwh":0.46}},{"type":"Feature","geometry":{"type":"Point","coordinates":[5.500651,52.493636]},"properties":{"type":"charge","layer":"passenger","locationId":"fd04ed9e-41c2-49df-9fee-898d796e06b7","name":"Pauwenburg","address":"Pauwenburg 6","city":"Lelystad","operatorName":"Vattenfall InCharge","maxPowerKw":11,"isMegawatt":false,"status":"AVAILABLE","source":"ndw","priceKwh":0.4316}},{"type":"Feature","geometry":{"type":"Point","coordinates":[5.49713,52.52569]},"properties":{"type":"charge","layer":"passenger","locationId":"537","name":"Shell Recharge NL Langezand 21","address":"Langezand 21","city":"Lelystad","operatorName":"Ubitricity","maxPowerKw":11,"isMegawatt":false,"status":"AVAILABLE","source":"ndw","priceKwh":0.392}},{"type":"Feature","geometry":{"type":"Point","coordinates":[5.491191,52.482543]},"properties":{"type":"charge","layer":"passenger","locationId":"B43D863E-8389-4DD3-9702-0B38421B1E24","name":"Eneco eMobility Broekhuis Autoschade Lelystad","address":"Artemisweg 225","city":"Lelystad","operatorName":"Eneco","maxPowerKw":11,"isMegawatt":false,"status":"AVAILABLE","source":"ndw","priceKwh":0.32}},{"type":"Feature","geometry":{"type":"Point","coordinates":[5.517109,52.531438]},"properties":{"type":"charge","layer":"passenger","locationId":"91147165","name":"50five-S NL 19B06958","address":"Zilverstraat 2","city":"Lelystad","operatorName":"50five","maxPowerKw":11,"isMegawatt":false,"status":"AVAILABLE","source":"ndw"}},{"type":"Feature","geometry":{"type":"Point","coordinates":[5.483783,52.521491]},"properties":{"type":"charge","layer":"passenger","locationId":"c050dc97e50d1b5026128eaa7553d9eb","name":"Het Spiek 14","address":"Het Spiek 14","city":"Lelystad","operatorName":"Vattenfall InCharge","maxPowerKw":11,"isMegawatt":false,"status":"AVAILABLE","source":"ndw","priceKwh":0.2805}},{"type":"Feature","geometry":{"type":"Point","coordinates":[5.492034,52.492313]},"properties":{"type":"charge","layer":"passenger","locationId":"9CF78181-B1F2-4E2C-A9D6-EF1D82A93A1E","name":"TNLP007653 - IJmeerstraat 46, Lelystad","address":"46 IJmeerstraat","city":"Lelystad","operatorName":"TotalEnergies","maxPowerKw":15,"isMegawatt":false,"status":"AVAILABLE","source":"ndw"}},{"type":"Feature","geometry":{"type":"Point","coordinates":[5.457514,52.504597]},"properties":{"type":"charge","layer":"passenger","locationId":"667e9c96134dfc001c8150cc","name":"Ronny Roethof","address":"Botter 41 16","city":"Lelystad","operatorName":"Van Mossel Energie Lease","maxPowerKw":11,"isMegawatt":false,"status":"AVAILABLE","source":"ndw","priceKwh":0.34}},{"type":"Feature","geometry":{"type":"Point","coordinates":[5.44496,52.51513]},"properties":{"type":"charge","layer":"passenger","locationId":"32d3b2eeaf2862fc68f2fcd66a321127","name":"Punter 37 53","address":"Punter 37 53","city":"Lelystad","operatorName":"Vattenfall InCharge","maxPowerKw":11,"isMegawatt":false,"status":"AVAILABLE","source":"ndw","priceKwh":0.2805}},{"type":"Feature","geometry":{"type":"Point","coordinates":[5.50464,52.48243]},"properties":{"type":"charge","layer":"passenger","locationId":"D677848F-57C5-4696-BD7D-FDA368D47A52","name":"Eneco eMobility Van der Valk Lelystad","address":"Larserplein 1","city":"Lelystad","operatorName":"Eneco","maxPowerKw":22,"isMegawatt":false,"status":"AVAILABLE","source":"ndw","priceKwh":0.49}},{"type":"Feature","geometry":{"type":"Point","coordinates":[5.474166,52.494476]},"properties":{"type":"charge","layer":"passenger","locationId":"4242708","name":"Laadnet Nominé Vastgoed Lelystad B.V.","address":"Middendreef 297","city":"Lelystad","operatorName":"Laadnet","maxPowerKw":22,"isMegawatt":false,"status":"AVAILABLE","source":"ndw"}},{"type":"Feature","geometry":{"type":"Point","coordinates":[5.4457656,52.4892514]},"properties":{"type":"charge","layer":"passenger","locationId":"2451","name":"Shell Recharge NL Koriander 27","address":"Koriander 27","city":"Lelystad","operatorName":"Ubitricity","maxPowerKw":22,"isMegawatt":false,"status":"CHARGING","source":"ndw","priceKwh":0.267}},{"type":"Feature","geometry":{"type":"Point","coordinates":[5.514523,52.531219]},"properties":{"type":"charge","layer":"passenger","locationId":"66699fd4553422001c6f0eb8","name":"Goudstraat 8 bezoekers","address":"Goudstraat 8","city":"Lelystad","operatorName":"E-Flux by Road","maxPowerKw":22,"isMegawatt":false,"status":"AVAILABLE","source":"ndw","priceKwh":0.43}},{"type":"Feature","geometry":{"type":"Point","coordinates":[5.478724,52.521732]},"properties":{"type":"charge","layer":"passenger","locationId":"2E44CDEF-B72A-44B9-A5FB-1D79DE6F6F35","name":"TNLP009816 - Hoek van het IJ 59, Lelystad","address":"59 Hoek van het IJ","city":"Lelystad","operatorName":"TotalEnergies","maxPowerKw":13,"isMegawatt":false,"status":"AVAILABLE","source":"ndw"}},{"type":"Feature","geometry":{"type":"Point","coordinates":[5.440533,52.501011]},"properties":{"type":"charge","layer":"passenger","locationId":"91230455","name":"50five-S NL 08002248","address":"Vaartweg 67","city":"Lelystad","operatorName":"50five","maxPowerKw":11,"isMegawatt":false,"status":"AVAILABLE","source":"ndw"}},{"type":"Feature","geometry":{"type":"Point","coordinates":[5.46575,52.501038]},"properties":{"type":"charge","layer":"passenger","locationId":"5990C944-BE03-4F2D-A94B-88E7D23A77A8","name":"TNLP007683 - Tjalk 35 3, Lelystad","address":"35 3 Tjalk","city":"Lelystad","operatorName":"TotalEnergies","maxPowerKw":13,"isMegawatt":false,"status":"AVAILABLE","source":"ndw"}},{"type":"Feature","geometry":{"type":"Point","coordinates":[5.515778,52.531723]},"properties":{"type":"charge","layer":"passenger","locationId":"91110159","name":"50five-S NL 19B09367","address":"Zilverstraat 2","city":"Lelystad","operatorName":"50five","maxPowerKw":11,"isMegawatt":false,"status":"AVAILABLE","source":"ndw"}},{"type":"Feature","geometry":{"type":"Point","coordinates":[5.48281,52.503197]},"properties":{"type":"charge","layer":"passenger","locationId":"8976F268-5E3D-45A8-9C08-E82B7CBEF7DF","name":"TNLP008231 - Kamp 15 9, Lelystad","address":"15 9 Kamp","city":"Lelystad","operatorName":"TotalEnergies","maxPowerKw":13,"isMegawatt":false,"status":"AVAILABLE","source":"ndw"}},{"type":"Feature","geometry":{"type":"Point","coordinates":[5.490624,52.501904]},"properties":{"type":"charge","layer":"passenger","locationId":"e41eadd2-b10e-417d-a26f-bd3a8b45d666","name":"TNLP008901 - Kamp 43 35, Lelystad","address":"43 35 Kamp","city":"Lelystad","operatorName":"TotalEnergies","maxPowerKw":14,"isMegawatt":false,"status":"AVAILABLE","source":"ndw"}},{"type":"Feature","geometry":{"type":"Point","coordinates":[5.46679,52.52128]},"properties":{"type":"charge","layer":"passenger","locationId":"719","name":"Shell Recharge NL Karveel 06 12","address":"Karveel 06 12","city":"Lelystad","operatorName":"Ubitricity","maxPowerKw":11,"isMegawatt":false,"status":"AVAILABLE","source":"ndw","priceKwh":0.392}},{"type":"Feature","geometry":{"type":"Point","coordinates":[5.500252,52.49591]},"properties":{"type":"charge","layer":"passenger","locationId":"7FDE0A61-17CB-47BB-A52C-F8BD32896B34","name":"TNLP006001 - Ekenstein 42, Lelystad","address":"42 Ekenstein","city":"Lelystad","operatorName":"TotalEnergies","maxPowerKw":13,"isMegawatt":false,"status":"AVAILABLE","source":"ndw"}},{"type":"Feature","geometry":{"type":"Point","coordinates":[5.450738,52.488388]},"properties":{"type":"charge","layer":"passenger","locationId":"81FC9C07-5E89-42D2-8C8D-752470A03634","name":"TNLP006269 - Dotterbloemhof 79, Lelystad","address":"79 Dotterbloemhof","city":"Lelystad","operatorName":"TotalEnergies","maxPowerKw":13,"isMegawatt":false,"status":"AVAILABLE","source":"ndw"}},{"type":"Feature","geometry":{"type":"Point","coordinates":[5.412497,52.495715]},"properties":{"type":"charge","layer":"passenger","locationId":"91088154","name":"50five-S NL 07005120","address":"Weerribben 28","city":"Lelystad","operatorName":"50five","maxPowerKw":5,"isMegawatt":false,"status":"AVAILABLE","source":"ndw"}},{"type":"Feature","geometry":{"type":"Point","coordinates":[5.425958,52.497276]},"properties":{"type":"charge","layer":"passenger","locationId":"17A95557-CBF1-4AA9-BBAF-0C511E3D7FFE","name":"TNLP006874 - Beemster 87, Lelystad","address":"87 Beemster","city":"Lelystad","operatorName":"TotalEnergies","maxPowerKw":13,"isMegawatt":false,"status":"AVAILABLE","source":"ndw"}},{"type":"Feature","geometry":{"type":"Point","coordinates":[5.494889,52.504406]},"properties":{"type":"charge","layer":"passenger","locationId":"F8E1CE34-1D42-4EF0-80C7-13210A1B8037","name":"TNLP007657 - Horst 32 1, Lelystad","address":"32 1 Horst","city":"Lelystad","operatorName":"TotalEnergies","maxPowerKw":13,"isMegawatt":false,"status":"UNAVAILABLE","source":"ndw"}},{"type":"Feature","geometry":{"type":"Point","coordinates":[5.514938,52.531623]},"properties":{"type":"charge","layer":"passenger","locationId":"6669a0252b97b1001c753c60","name":"Goudstraat 8 - HB links","address":"Goudstraat 8","city":"Lelystad","operatorName":"E-Flux by Road","maxPowerKw":22,"isMegawatt":false,"status":"AVAILABLE","source":"ndw","priceKwh":0.43}},{"type":"Feature","geometry":{"type":"Point","coordinates":[5.49145,52.50339]},"properties":{"type":"charge","layer":"passenger","locationId":"7f9bd3abd005c8ba9125e7514cb881c9","name":"Horst 38 44","address":"Horst 38 44","city":"Lelystad","operatorName":"Vattenfall InCharge","maxPowerKw":11,"isMegawatt":false,"status":"AVAILABLE","source":"ndw","priceKwh":0.2805}},{"type":"Feature","geometry":{"type":"Point","coordinates":[5.50421,52.508663]},"properties":{"type":"charge","layer":"passenger","locationId":"BA78A1EA-5834-4531-B03D-1E9E2C98F520","name":"PP005498 - Rozengaard 11 2, Lelystad","address":"11 2 Rozengaard","city":"Lelystad","operatorName":"TotalEnergies","maxPowerKw":13,"isMegawatt":false,"status":"AVAILABLE","source":"ndw"}},{"type":"Feature","geometry":{"type":"Point","coordinates":[5.469574,52.515743]},"properties":{"type":"charge","layer":"passenger","locationId":"6BA19FAD-D61A-4BFA-81A0-17254EE8559A","name":"TNLP007677 - Kempenaar 30 1, Lelystad","address":"30 1 Kempenaar","city":"Lelystad","operatorName":"TotalEnergies","maxPowerKw":15,"isMegawatt":false,"status":"UNAVAILABLE","source":"ndw"}},{"type":"Feature","geometry":{"type":"Point","coordinates":[5.4669488,52.5055529]},"properties":{"type":"charge","layer":"passenger","locationId":"2287","name":"Shell Recharge NL Botter 24 40","address":"Botter 24 40","city":"Lelystad","operatorName":"Ubitricity","maxPowerKw":22,"isMegawatt":false,"status":"AVAILABLE","source":"ndw","priceKwh":0.267}},{"type":"Feature","geometry":{"type":"Point","coordinates":[5.49304,52.48775]},"properties":{"type":"charge","layer":"passenger","locationId":"523","name":"Shell Recharge NL Zaanstraat 6","address":"Zaanstraat 6","city":"Lelystad","operatorName":"Ubitricity","maxPowerKw":11,"isMegawatt":false,"status":"AVAILABLE","source":"ndw","priceKwh":0.392}},{"type":"Feature","geometry":{"type":"Point","coordinates":[5.425477,52.493145]},"properties":{"type":"charge","layer":"passenger","locationId":"2A9C2F06-3609-499D-A8FA-32BE62EA497C","name":"TNLP003566 - Hollandse Hout 261, Lelystad","address":"261 Hollandse Hout","city":"Lelystad","operatorName":"TotalEnergies","maxPowerKw":17,"isMegawatt":false,"status":"CHARGING","source":"ndw"}},{"type":"Feature","geometry":{"type":"Point","coordinates":[5.447635,52.489178]},"properties":{"type":"charge","layer":"passenger","locationId":"6679217c400463001c81df83","name":"Parnassialaan 186","address":"Parnassialaan 186","city":"Lelystad","operatorName":"Van Mossel Energie Lease","maxPowerKw":11,"isMegawatt":false,"status":"AVAILABLE","source":"ndw","priceKwh":0.43}},{"type":"Feature","geometry":{"type":"Point","coordinates":[5.440028,52.50175]},"properties":{"type":"charge","layer":"passenger","locationId":"B3D06635-F2C3-4D0D-9F7A-AF4F793A33D2","name":"TNLP003562 - Vaartweg 50, Lelystad","address":"50 Vaartweg","city":"Lelystad","operatorName":"TotalEnergies","maxPowerKw":17,"isMegawatt":false,"status":"AVAILABLE","source":"ndw"}},{"type":"Feature","geometry":{"type":"Point","coordinates":[5.51494,52.531609]},"properties":{"type":"charge","layer":"passenger","locationId":"6669a0bd639c32001ce1deda","name":"Goudstraat 8 - HB rechts","address":"Goudstraat 8","city":"Lelystad","operatorName":"E-Flux by Road","maxPowerKw":22,"isMegawatt":false,"status":"AVAILABLE","source":"ndw","priceKwh":0.28}},{"type":"Feature","geometry":{"type":"Point","coordinates":[5.48111,52.520107]},"properties":{"type":"charge","layer":"passenger","locationId":"1D4C7973-412D-4E48-9940-D93E11B2EAA0","name":"PP005138 - Bastion 512, Lelystad","address":"512 Bastion","city":"Lelystad","operatorName":"TotalEnergies","maxPowerKw":13,"isMegawatt":false,"status":"AVAILABLE","source":"ndw"}},{"type":"Feature","geometry":{"type":"Point","coordinates":[5.45737,52.52238]},"properties":{"type":"charge","layer":"passenger","locationId":"747","name":"Shell Recharge NL Karveel 45 29","address":"Karveel 45 29","city":"Lelystad","operatorName":"Ubitricity","maxPowerKw":11,"isMegawatt":false,"status":"AVAILABLE","source":"ndw","priceKwh":0.392}},{"type":"Feature","geometry":{"type":"Point","coordinates":[5.459712,52.545466]},"properties":{"type":"charge","layer":"passenger","locationId":"91059138","name":"50five-S NL 17B06596","address":"Albatroslaan 77","city":"Lelystad","operatorName":"50five","maxPowerKw":14,"isMegawatt":false,"status":"AVAILABLE","source":"ndw"}},{"type":"Feature","geometry":{"type":"Point","coordinates":[5.4575647,52.5001858]},"properties":{"type":"charge","layer":"passenger","locationId":"1425","name":"Shell Recharge NL Schoener 33 4","address":"Schoener 33 4","city":"Lelystad","operatorName":"Ubitricity","maxPowerKw":22,"isMegawatt":false,"status":"AVAILABLE","source":"ndw","priceKwh":0.267}},{"type":"Feature","geometry":{"type":"Point","coordinates":[5.48694,52.52043]},"properties":{"type":"charge","layer":"passenger","locationId":"112","name":"Shell Recharge NL Noorderwagenstraat 1","address":"Noorderwagenstraat 1","city":"Lelystad","operatorName":"Ubitricity","maxPowerKw":11,"isMegawatt":false,"status":"AVAILABLE","source":"ndw","priceKwh":0.392}},{"type":"Feature","geometry":{"type":"Point","coordinates":[5.4559904,52.5051435]},"properties":{"type":"charge","layer":"passenger","locationId":"2338","name":"Shell Recharge NL Botter 22 29","address":"Botter 22 29","city":"Lelystad","operatorName":"Ubitricity","maxPowerKw":22,"isMegawatt":false,"status":"AVAILABLE","source":"ndw","priceKwh":0.267}},{"type":"Feature","geometry":{"type":"Point","coordinates":[5.4635308,52.5101661]},"properties":{"type":"charge","layer":"passenger","locationId":"992","name":"Shell Recharge NL Schouw 48 35","address":"Schouw 48 35","city":"Lelystad","operatorName":"Ubitricity","maxPowerKw":22,"isMegawatt":false,"status":"AVAILABLE","source":"ndw","priceKwh":0.267}},{"type":"Feature","geometry":{"type":"Point","coordinates":[5.437377,52.506901]},"properties":{"type":"charge","layer":"passenger","locationId":"91067322","name":"50five-S NL 17B08441","address":"Galjoen 06 8","city":"Lelystad","operatorName":"50five","maxPowerKw":11,"isMegawatt":false,"status":"AVAILABLE","source":"ndw"}},{"type":"Feature","geometry":{"type":"Point","coordinates":[5.504074,52.49364]},"properties":{"type":"charge","layer":"passenger","locationId":"B09E2CD1-F075-4315-A373-3039154EE2F7","name":"TNLP007043 - Pauwenburg 92, Lelystad","address":"92 Pauwenburg","city":"Lelystad","operatorName":"TotalEnergies","maxPowerKw":13,"isMegawatt":false,"status":"AVAILABLE","source":"ndw"}},{"type":"Feature","geometry":{"type":"Point","coordinates":[5.474677,52.506477]},"properties":{"type":"charge","layer":"passenger","locationId":"91179978","name":"50five-S NL Lelystad, Reaalhof 101","address":"Reaalhof 101","city":"Lelystad","operatorName":"50five","maxPowerKw":11,"isMegawatt":false,"status":"UNAVAILABLE","source":"ndw"}},{"type":"Feature","geometry":{"type":"Point","coordinates":[5.476375,52.503689]},"properties":{"type":"charge","layer":"passenger","locationId":"68e397b44d2e7d5d0f85e3fb","name":"St Jansdal ziekenhuis locatie Lelystad laadpaal 2","address":"Ziekenhuisweg 100","city":"Lelystad","operatorName":"E-Flux by Road","maxPowerKw":22,"isMegawatt":false,"status":"AVAILABLE","source":"ndw","priceKwh":0.61}},{"type":"Feature","geometry":{"type":"Point","coordinates":[5.437255,52.51302]},"properties":{"type":"charge","layer":"passenger","locationId":"D8E75BB0-A379-46D4-B224-6DC9149B7566","name":"TNLP007302 - Saerdam 209, Lelystad","address":"209 Saerdam","city":"Lelystad","operatorName":"TotalEnergies","maxPowerKw":13,"isMegawatt":false,"status":"UNAVAILABLE","source":"ndw"}},{"type":"Feature","geometry":{"type":"Point","coordinates":[5.496456,52.495792]},"properties":{"type":"charge","layer":"passenger","locationId":"B163B5C3-3CDC-4DC8-AA5D-8D2202ABE0E2","name":"TNLP006214 - Zwartezeestraat 94, Lelystad","address":"94 Zwartezeestraat","city":"Lelystad","operatorName":"TotalEnergies","maxPowerKw":13,"isMegawatt":false,"status":"AVAILABLE","source":"ndw"}},{"type":"Feature","geometry":{"type":"Point","coordinates":[5.451271,52.507933]},"properties":{"type":"charge","layer":"passenger","locationId":"91168502","name":"50five-S NL 07002174","address":"Stadseiland 100","city":"Lelystad","operatorName":"50five","maxPowerKw":14,"isMegawatt":false,"status":"AVAILABLE","source":"ndw"}},{"type":"Feature","geometry":{"type":"Point","coordinates":[5.465998,52.503746]},"properties":{"type":"charge","layer":"passenger","locationId":"01C4C884-DCD5-454E-A46E-CAD3251E97D9","name":"TNLP034691 - Botter 29 42, Lelystad","address":"29 42 Botter","city":"Lelystad","operatorName":"TotalEnergies","maxPowerKw":13,"isMegawatt":false,"status":"UNAVAILABLE","source":"ndw"}},{"type":"Feature","geometry":{"type":"Point","coordinates":[5.487262,52.499397]},"properties":{"type":"charge","layer":"passenger","locationId":"65ae3a261eb466001b0d669e","name":"Thuis","address":"Giend 2221","city":"lelystad","operatorName":"E-Flux by Road","maxPowerKw":22,"isMegawatt":false,"status":"UNAVAILABLE","source":"ndw","priceKwh":0.61}},{"type":"Feature","geometry":{"type":"Point","coordinates":[5.4707566,52.5116511]},"properties":{"type":"charge","layer":"passenger","locationId":"1887","name":"Shell Recharge NL Danzigstraat 46","address":"Danzigstraat 46","city":"Lelystad","operatorName":"Ubitricity","maxPowerKw":22,"isMegawatt":false,"status":"AVAILABLE","source":"ndw","priceKwh":0.267}},{"type":"Feature","geometry":{"type":"Point","coordinates":[5.482442,52.471081]},"properties":{"type":"charge","layer":"passenger","locationId":"91229081","name":"50five-S NL 19B04015","address":"Poseidonweg 39","city":"Lelystad","operatorName":"50five","maxPowerKw":11,"isMegawatt":false,"status":"UNAVAILABLE","source":"ndw"}},{"type":"Feature","geometry":{"type":"Point","coordinates":[5.440574,52.500573]},"properties":{"type":"charge","layer":"passenger","locationId":"91233231","name":"50five-S NL 09001627","address":"Vaartweg 67","city":"Lelystad","operatorName":"50five","maxPowerKw":11,"isMegawatt":false,"status":"AVAILABLE","source":"ndw"}},{"type":"Feature","geometry":{"type":"Point","coordinates":[5.46041,52.49967]},"properties":{"type":"charge","layer":"passenger","locationId":"91058394","name":"50five-S NL 17B04077","address":"Schoener 47 04","city":"Lelystad","operatorName":"50five","maxPowerKw":10,"isMegawatt":false,"status":"AVAILABLE","source":"ndw"}},{"type":"Feature","geometry":{"type":"Point","coordinates":[5.495999,52.509714]},"properties":{"type":"charge","layer":"passenger","locationId":"b31ff01412d3f84739c5d4b192cfa093","name":"Archipel 40 2","address":"Archipel 40 2","city":"Lelystad","operatorName":"Vattenfall InCharge","maxPowerKw":11,"isMegawatt":false,"status":"AVAILABLE","source":"ndw","priceKwh":0.2805}},{"type":"Feature","geometry":{"type":"Point","coordinates":[5.50747,52.502668]},"properties":{"type":"charge","layer":"passenger","locationId":"91097628","name":"50five-S NL 07115688","address":"Zoom 12 6","city":"Lelystad","operatorName":"50five","maxPowerKw":22,"isMegawatt":false,"status":"AVAILABLE","source":"ndw"}},{"type":"Feature","geometry":{"type":"Point","coordinates":[5.529447,52.544211]},"properties":{"type":"charge","layer":"passenger","locationId":"91487086","name":"Van Leeuwen Topa","address":"Edelhertweg 36","city":"Lelystad","operatorName":"Van Leeuwen","maxPowerKw":11,"isMegawatt":false,"status":"AVAILABLE","source":"ndw"}},{"type":"Feature","geometry":{"type":"Point","coordinates":[5.4436,52.49093]},"properties":{"type":"charge","layer":"passenger","locationId":"864355ca9bd661b8193e3047925d6273","name":"Draadzegge 8","address":"Draadzegge 8","city":"Lelystad","operatorName":"Vattenfall InCharge","maxPowerKw":11,"isMegawatt":false,"status":"AVAILABLE","source":"ndw","priceKwh":0.2805}},{"type":"Feature","geometry":{"type":"Point","coordinates":[5.50832,52.50095]},"properties":{"type":"charge","layer":"passenger","locationId":"D573DEB7-C80E-4C0E-896E-7FC20012D675","name":"TNLP034143 - Zoom 15 1, Lelystad","address":"15 1 Zoom","city":"Lelystad","operatorName":"TotalEnergies","maxPowerKw":13,"isMegawatt":false,"status":"UNAVAILABLE","source":"ndw"}},{"type":"Feature","geometry":{"type":"Point","coordinates":[5.47357,52.50919]},"properties":{"type":"charge","layer":"passenger","locationId":"440","name":"Shell Recharge NL Stationsweg 6","address":"Stationsweg 6","city":"Lelystad","operatorName":"Ubitricity","maxPowerKw":11,"isMegawatt":false,"status":"CHARGING","source":"ndw","priceKwh":0.392}},{"type":"Feature","geometry":{"type":"Point","coordinates":[5.451531,52.491302]},"properties":{"type":"charge","layer":"passenger","locationId":"0822D5F0-8BF0-4513-89B8-9EAE82448CC8","name":"TNLP007481 - Parnassialaan 74, Lelystad","address":"74 Parnassialaan","city":"Lelystad","operatorName":"TotalEnergies","maxPowerKw":13,"isMegawatt":false,"status":"UNAVAILABLE","source":"ndw"}},{"type":"Feature","geometry":{"type":"Point","coordinates":[5.491775,52.526356]},"properties":{"type":"charge","layer":"passenger","locationId":"6B116069-4B1B-4552-BA09-D94EB1EEFF57","name":"TNLP008756 - Slinge 16, Lelystad","address":"16 Slinge","city":"Lelystad","operatorName":"TotalEnergies","maxPowerKw":14,"isMegawatt":false,"status":"AVAILABLE","source":"ndw"}},{"type":"Feature","geometry":{"type":"Point","coordinates":[5.469135,52.49443]},"properties":{"type":"charge","layer":"passenger","locationId":"7DE04497-7A3C-40E7-8C93-19E087999B1C","name":"TNLP006151 - Rijnland 14, Lelystad","address":"14 Rijnland","city":"Lelystad","operatorName":"TotalEnergies","maxPowerKw":13,"isMegawatt":false,"status":"AVAILABLE","source":"ndw"}},{"type":"Feature","geometry":{"type":"Point","coordinates":[5.443028,52.510733]},"properties":{"type":"charge","layer":"passenger","locationId":"692191434f40b3a618a8ff6a","name":"Laden aan de Jol","address":"Jol 20 11","city":"Lelystad","operatorName":"E-Flux by Road","maxPowerKw":22,"isMegawatt":false,"status":"CHARGING","source":"ndw","priceKwh":0.52}},{"type":"Feature","geometry":{"type":"Point","coordinates":[5.446816,52.504439]},"properties":{"type":"charge","layer":"passenger","locationId":"91169018","name":"50five-S NL 08002217","address":"Vijzelweg 16","city":"Lelystad","operatorName":"50five","maxPowerKw":11,"isMegawatt":false,"status":"AVAILABLE","source":"ndw"}},{"type":"Feature","geometry":{"type":"Point","coordinates":[5.474209,52.514435]},"properties":{"type":"charge","layer":"passenger","locationId":"E578151C-6E67-48EC-A2B0-03D16C7FDDE4","name":"TNLP005928 - De Schans 10 71, Lelystad","address":"10 71 De Schans","city":"Lelystad","operatorName":"TotalEnergies","maxPowerKw":15,"isMegawatt":false,"status":"AVAILABLE","source":"ndw"}},{"type":"Feature","geometry":{"type":"Point","coordinates":[5.483358,52.52633]},"properties":{"type":"charge","layer":"passenger","locationId":"E41773CE-7788-4A0F-B48E-578E5E89EF0B","name":"TNLP008148 - Keteldiep 12, Lelystad","address":"12 Keteldiep","city":"Lelystad","operatorName":"TotalEnergies","maxPowerKw":15,"isMegawatt":false,"status":"AVAILABLE","source":"ndw"}},{"type":"Feature","geometry":{"type":"Point","coordinates":[5.444256,52.5107522]},"properties":{"type":"charge","layer":"passenger","locationId":"2285","name":"Shell Recharge NL Jol 19 1","address":"Jol 19 1","city":"Lelystad","operatorName":"Ubitricity","maxPowerKw":22,"isMegawatt":false,"status":"AVAILABLE","source":"ndw","priceKwh":0.267}},{"type":"Feature","geometry":{"type":"Point","coordinates":[5.50891,52.51293]},"properties":{"type":"charge","layer":"passenger","locationId":"07f37ce7c3aeb25af9b48994684ee8ab","name":"Hofstede 206","address":"Hofstede 206","city":"Lelystad","operatorName":"Vattenfall InCharge","maxPowerKw":11,"isMegawatt":false,"status":"AVAILABLE","source":"ndw","priceKwh":0.2805}},{"type":"Feature","geometry":{"type":"Point","coordinates":[5.516461,52.531366]},"properties":{"type":"charge","layer":"passenger","locationId":"91110464","name":"50five-S NL 18B02647","address":"Zilverstraat 2","city":"Lelystad","operatorName":"50five","maxPowerKw":11,"isMegawatt":false,"status":"AVAILABLE","source":"ndw"}},{"type":"Feature","geometry":{"type":"Point","coordinates":[5.494482,52.513756]},"properties":{"type":"charge","layer":"passenger","locationId":"850354BC-59B5-4C3E-9F5C-425A9CC44508","name":"PP005650 - Kwelder 13, Lelystad","address":"13 Kwelder","city":"Lelystad","operatorName":"TotalEnergies","maxPowerKw":13,"isMegawatt":false,"status":"AVAILABLE","source":"ndw"}},{"type":"Feature","geometry":{"type":"Point","coordinates":[5.484251,52.472747]},"properties":{"type":"charge","layer":"passenger","locationId":"C0BD5992-ED1E-4A6C-AD83-6A57852B95F3","name":"Eneco eMobility Task International B.V. - Lelystad","address":"Poseidonweg 17","city":"Lelystad","operatorName":"Eneco","maxPowerKw":22,"isMegawatt":false,"status":"AVAILABLE","source":"ndw","priceKwh":0.32}},{"type":"Feature","geometry":{"type":"Point","coordinates":[5.561419,52.55837]},"properties":{"type":"charge","layer":"passenger","locationId":"6322d8f040f5198ad72065ab","name":"Maverick Stables","address":"Bijlweg 6","city":"Lelystad","operatorName":"E-Flux by Road","maxPowerKw":11,"isMegawatt":false,"status":"AVAILABLE","source":"ndw","priceKwh":0.46}},{"type":"Feature","geometry":{"type":"Point","coordinates":[5.4865052,52.5218537]},"properties":{"type":"charge","layer":"passenger","locationId":"1805","name":"Shell Recharge NL Rode Klif 150","address":"Rode Klif 150","city":"Lelystad","operatorName":"Ubitricity","maxPowerKw":22,"isMegawatt":false,"status":"CHARGING","source":"ndw","priceKwh":0.267}},{"type":"Feature","geometry":{"type":"Point","coordinates":[5.474341,52.504088]},"properties":{"type":"charge","layer":"passenger","locationId":"660ffcf19dd86f001c220a88","name":"Het Ravelijn 50","address":"Het Ravelijn 50","city":"Lelystad","operatorName":"Greenchoice B.V.","maxPowerKw":22,"isMegawatt":false,"status":"AVAILABLE","source":"ndw","priceKwh":0.61}},{"type":"Feature","geometry":{"type":"Point","coordinates":[5.451501,52.534558]},"properties":{"type":"charge","layer":"passenger","locationId":"91089047","name":"50five-S NL 07100307","address":"Birdielaan 61","city":"Lelystad","operatorName":"50five","maxPowerKw":21,"isMegawatt":false,"status":"AVAILABLE","source":"ndw"}},{"type":"Feature","geometry":{"type":"Point","coordinates":[5.526974,52.543239]},"properties":{"type":"charge","layer":"passenger","locationId":"A1A74ADD-6B7C-4655-A6C1-A761460F2715","name":"Eneco eMobility Las- en konstruktiebedrijf Niekamp bv","address":"Nikkelstraat 32","city":"Lelystad","operatorName":"Eneco","maxPowerKw":11,"isMegawatt":false,"status":"AVAILABLE","source":"ndw","priceKwh":0.32}},{"type":"Feature","geometry":{"type":"Point","coordinates":[5.464883,52.517082]},"properties":{"type":"charge","layer":"passenger","locationId":"A877F209-4994-4CB3-864F-B242EA75464E","name":"TNLP006005 - Kempenaar 15 4, Lelystad","address":"15 4 Kempenaar","city":"Lelystad","operatorName":"TotalEnergies","maxPowerKw":15,"isMegawatt":false,"status":"AVAILABLE","source":"ndw"}},{"type":"Feature","geometry":{"type":"Point","coordinates":[5.446814,52.51499]},"properties":{"type":"charge","layer":"passenger","locationId":"1A37B67B-913A-4CD4-A8D3-D408CF373C6F","name":"TNLP006507 - Punter 34 7, Lelystad","address":"34 7 Punter","city":"Lelystad","operatorName":"TotalEnergies","maxPowerKw":15,"isMegawatt":false,"status":"CHARGING","source":"ndw"}},{"type":"Feature","geometry":{"type":"Point","coordinates":[5.46857,52.51869]},"properties":{"type":"charge","layer":"passenger","locationId":"334","name":"Shell Recharge NL Kempenaar 26 15","address":"Kempenaar 26 15","city":"Lelystad","operatorName":"Ubitricity","maxPowerKw":11,"isMegawatt":false,"status":"AVAILABLE","source":"ndw","priceKwh":0.392}},{"type":"Feature","geometry":{"type":"Point","coordinates":[5.52205,52.53995]},"properties":{"type":"charge","layer":"passenger","locationId":"7DFC5D49-18B3-4AE2-8ABE-5E23A47007AF","name":"TNLP003503 - Steenstraat 2, Lelystad","address":"2 Steenstraat","city":"Lelystad","operatorName":"TotalEnergies","maxPowerKw":17,"isMegawatt":false,"status":"UNAVAILABLE","source":"ndw"}},{"type":"Feature","geometry":{"type":"Point","coordinates":[5.457444,52.5085]},"properties":{"type":"charge","layer":"passenger","locationId":"84AD7DCE-5EA8-40EA-A7BB-B7FE02C84369","name":"TNLP034640 - Gondel 12 46, Lelystad","address":"12 46 Gondel","city":"Lelystad","operatorName":"TotalEnergies","maxPowerKw":13,"isMegawatt":false,"status":"UNAVAILABLE","source":"ndw"}},{"type":"Feature","geometry":{"type":"Point","coordinates":[5.455315,52.52295]},"properties":{"type":"charge","layer":"passenger","locationId":"D09C1071-3837-42B3-83CC-186615448EA8","name":"TNLP007041 - Karveel 52 8, Lelystad","address":"52 8 Karveel","city":"Lelystad","operatorName":"TotalEnergies","maxPowerKw":15,"isMegawatt":false,"status":"AVAILABLE","source":"ndw"}},{"type":"Feature","geometry":{"type":"Point","coordinates":[5.458717,52.493651]},"properties":{"type":"charge","layer":"passenger","locationId":"91184255","name":"50five-S NL 07103501","address":"Vijfherenlanden 110","city":"Lelystad","operatorName":"50five","maxPowerKw":11,"isMegawatt":false,"status":"AVAILABLE","source":"ndw"}},{"type":"Feature","geometry":{"type":"Point","coordinates":[5.468374,52.49587]},"properties":{"type":"charge","layer":"passenger","locationId":"5011DBB5-7EFA-42FE-885C-DBB037A0A20F","name":"TNLP007817 - Rijnland 54, Lelystad","address":"54 Rijnland","city":"Lelystad","operatorName":"TotalEnergies","maxPowerKw":13,"isMegawatt":false,"status":"AVAILABLE","source":"ndw"}},{"type":"Feature","geometry":{"type":"Point","coordinates":[5.475672,52.515697]},"properties":{"type":"charge","layer":"passenger","locationId":"6128FE1C-C12E-48D3-ACF9-98025F4A2354","name":"TNLP034609 - De Schans 16 6, Lelystad","address":"16 6 De Schans","city":"Lelystad","operatorName":"TotalEnergies","maxPowerKw":13,"isMegawatt":false,"status":"UNAVAILABLE","source":"ndw"}},{"type":"Feature","geometry":{"type":"Point","coordinates":[5.444538,52.535298]},"properties":{"type":"charge","layer":"passenger","locationId":"923498","name":"0a75f704-8ab6-4192-9fd0-1c0f61afe5b2","address":"Parkhaven 89","city":"Lelystad","operatorName":"DAEN Mobility","maxPowerKw":11,"isMegawatt":false,"status":"AVAILABLE","source":"ndw","priceKwh":0.36}},{"type":"Feature","geometry":{"type":"Point","coordinates":[5.491046,52.523403]},"properties":{"type":"charge","layer":"passenger","locationId":"ADB04E62-6B70-4614-97B3-93964739E5D1","name":"TNLP008866 - Breehorn 22, Lelystad","address":"22 Breehorn","city":"Lelystad","operatorName":"TotalEnergies","maxPowerKw":14,"isMegawatt":false,"status":"UNAVAILABLE","source":"ndw"}},{"type":"Feature","geometry":{"type":"Point","coordinates":[5.472744,52.498318]},"properties":{"type":"charge","layer":"passenger","locationId":"3FCD5EDA-F943-402F-B62C-76D0EF22F269","name":"TNLP007486 - Oldambt 43, Lelystad","address":"43 Oldambt","city":"Lelystad","operatorName":"TotalEnergies","maxPowerKw":13,"isMegawatt":false,"status":"AVAILABLE","source":"ndw"}},{"type":"Feature","geometry":{"type":"Point","coordinates":[5.47078,52.49671]},"properties":{"type":"charge","layer":"passenger","locationId":"E03D7C84-B829-4A0D-9ED0-C67339BED8AE","name":"TNLP003625 - Zevenwouden 22, Lelystad","address":"22 Zevenwouden","city":"Lelystad","operatorName":"TotalEnergies","maxPowerKw":17,"isMegawatt":false,"status":"AVAILABLE","source":"ndw"}},{"type":"Feature","geometry":{"type":"Point","coordinates":[5.48922,52.482108]},"properties":{"type":"charge","layer":"passenger","locationId":"380F87F3-2706-4F68-81DF-2E378D4D28C8","name":"Eneco eMobility Medcor Pharmaceuticals B.V. - Lelystad","address":"Artemisweg 232","city":"Lelystad","operatorName":"Eneco","maxPowerKw":11,"isMegawatt":false,"status":"AVAILABLE","source":"ndw","priceKwh":0.32}},{"type":"Feature","geometry":{"type":"Point","coordinates":[5.478567,52.501761]},"properties":{"type":"charge","layer":"passenger","locationId":"3967143","name":"Laadnet Gordiaandreef 101","address":"Gordiaandreef 101","city":"Lelystad","operatorName":"Laadnet","maxPowerKw":22,"isMegawatt":false,"status":"AVAILABLE","source":"ndw"}},{"type":"Feature","geometry":{"type":"Point","coordinates":[5.488662,52.500423]},"properties":{"type":"charge","layer":"passenger","locationId":"4328d1c7-69ed-451a-9441-d16c850c6803","name":"TNLP007723 - Griend 32 78, Lelystad","address":"32 78 Griend","city":"Lelystad","operatorName":"TotalEnergies","maxPowerKw":15,"isMegawatt":false,"status":"AVAILABLE","source":"ndw"}},{"type":"Feature","geometry":{"type":"Point","coordinates":[5.50802,52.51521]},"properties":{"type":"charge","layer":"passenger","locationId":"07B360C4-6911-4C07-BC49-908812D8D344","name":"TNLP009461 - Wijngaard 173, Lelystad","address":"173 Wijngaard","city":"Lelystad","operatorName":"TotalEnergies","maxPowerKw":13,"isMegawatt":false,"status":"AVAILABLE","source":"ndw"}},{"type":"Feature","geometry":{"type":"Point","coordinates":[5.46673,52.51244]},"properties":{"type":"charge","layer":"passenger","locationId":"C1935F24-CEA2-40FB-8DB9-4B53133204CC","name":"PP005010 - Schouw 13 1, Lelystad","address":"13 1 Schouw","city":"Lelystad","operatorName":"TotalEnergies","maxPowerKw":13,"isMegawatt":false,"status":"UNAVAILABLE","source":"ndw"}},{"type":"Feature","geometry":{"type":"Point","coordinates":[5.44645,52.50801]},"properties":{"type":"charge","layer":"passenger","locationId":"855ab14124cb0c72a7d619b8e606139a","name":"Jol 13 14","address":"Jol 13 14","city":"Lelystad","operatorName":"Vattenfall InCharge","maxPowerKw":11,"isMegawatt":false,"status":"AVAILABLE","source":"ndw","priceKwh":0.2805}},{"type":"Feature","geometry":{"type":"Point","coordinates":[5.504783,52.495152]},"properties":{"type":"charge","layer":"passenger","locationId":"91057669","name":"50five-S NL 07140995","address":"De Klencke 35","city":"Lelystad","operatorName":"50five","maxPowerKw":11,"isMegawatt":false,"status":"AVAILABLE","source":"ndw"}},{"type":"Feature","geometry":{"type":"Point","coordinates":[5.516167,52.531679]},"properties":{"type":"charge","layer":"passenger","locationId":"91110491","name":"50five-S NL 09140497","address":"Zilverstraat 2","city":"Lelystad","operatorName":"50five","maxPowerKw":11,"isMegawatt":false,"status":"AVAILABLE","source":"ndw"}},{"type":"Feature","geometry":{"type":"Point","coordinates":[5.464743,52.516555]},"properties":{"type":"charge","layer":"passenger","locationId":"a37e691b581ecd3b08d3a6cbe352a5fc","name":"Kempenaar 09 8","address":"Kempenaar 09 8","city":"Lelystad","operatorName":"Vattenfall InCharge","maxPowerKw":11,"isMegawatt":false,"status":"AVAILABLE","source":"ndw","priceKwh":0.2805}},{"type":"Feature","geometry":{"type":"Point","coordinates":[5.514759,52.531421]},"properties":{"type":"charge","layer":"passenger","locationId":"666af336669fad001c10bc62","name":"Zilverstraat","address":"Zilverstraat  1","city":"Lelystad","operatorName":"E-Flux by Road","maxPowerKw":11,"isMegawatt":false,"status":"AVAILABLE","source":"ndw","priceKwh":0.43}},{"type":"Feature","geometry":{"type":"Point","coordinates":[5.4157292,52.4990964]},"properties":{"type":"charge","layer":"passenger","locationId":"2284","name":"Shell Recharge NL Harderwijkstraat 65","address":"Harderwijkstraat 65","city":"Lelystad","operatorName":"Ubitricity","maxPowerKw":22,"isMegawatt":false,"status":"AVAILABLE","source":"ndw","priceKwh":0.267}},{"type":"Feature","geometry":{"type":"Point","coordinates":[5.43919,52.51498]},"properties":{"type":"charge","layer":"passenger","locationId":"3d599b09-b95a-4c40-b6af-f6891df5dc9c","name":"PP001788 - Saerdam 113, Lelystad","address":"113 Saerdam","city":"Lelystad","operatorName":"TotalEnergies","maxPowerKw":11,"isMegawatt":false,"status":"AVAILABLE","source":"ndw"}},{"type":"Feature","geometry":{"type":"Point","coordinates":[5.522245,52.454499]},"properties":{"type":"charge","layer":"passenger","locationId":"ed1d4427-d7e0-4270-8da8-dcd2affbe6f1","name":"Emoeweg","address":"Emoeweg 4","city":"Lelystad","operatorName":"Vattenfall InCharge","maxPowerKw":11,"isMegawatt":false,"status":"CHARGING","source":"ndw","priceKwh":0.38}},{"type":"Feature","geometry":{"type":"Point","coordinates":[5.484537,52.50968]},"properties":{"type":"charge","layer":"passenger","locationId":"1C2BB289-EEAD-4BE8-9907-6E4BDECE39DE","name":"PP005651 - Archipel 15 35A, Lelystad","address":"15 35A Archipel","city":"Lelystad","operatorName":"TotalEnergies","maxPowerKw":13,"isMegawatt":false,"status":"AVAILABLE","source":"ndw"}},{"type":"Feature","geometry":{"type":"Point","coordinates":[5.487178,52.502476]},"properties":{"type":"charge","layer":"passenger","locationId":"3DD485BE-5947-44B0-ACAA-E3A438F93FC4","name":"TNLP005674 - Kamp 40 1, Lelystad","address":"40 1 Kamp","city":"Lelystad","operatorName":"TotalEnergies","maxPowerKw":13,"isMegawatt":false,"status":"CHARGING","source":"ndw"}},{"type":"Feature","geometry":{"type":"Point","coordinates":[5.473357,52.50849]},"properties":{"type":"charge","layer":"passenger","locationId":"91105800","name":"50five-S NL 08000235","address":"Stationsplein 14","city":"Lelystad","operatorName":"50five","maxPowerKw":14,"isMegawatt":false,"status":"AVAILABLE","source":"ndw"}},{"type":"Feature","geometry":{"type":"Point","coordinates":[5.490619,52.489324]},"properties":{"type":"charge","layer":"passenger","locationId":"91149892","name":"50five-S NL 09102034","address":"Ketelmeerstraat 186","city":"Lelystad","operatorName":"50five","maxPowerKw":11,"isMegawatt":false,"status":"AVAILABLE","source":"ndw"}},{"type":"Feature","geometry":{"type":"Point","coordinates":[5.450875,52.489624]},"properties":{"type":"charge","layer":"passenger","locationId":"BB952C55-11D8-443B-9CE0-DBE96B4FDB0B","name":"TNLP009890 - Wederiklaan 63, Lelystad","address":"63 Wederiklaan","city":"Lelystad","operatorName":"TotalEnergies","maxPowerKw":13,"isMegawatt":false,"status":"AVAILABLE","source":"ndw"}},{"type":"Feature","geometry":{"type":"Point","coordinates":[5.461489,52.495388]},"properties":{"type":"charge","layer":"passenger","locationId":"EC80B9C1-3D67-46D0-8F0E-6812042C2952","name":"TNLP006112 - Rijnland 201, Lelystad","address":"201 Rijnland","city":"Lelystad","operatorName":"TotalEnergies","maxPowerKw":13,"isMegawatt":false,"status":"AVAILABLE","source":"ndw"}},{"type":"Feature","geometry":{"type":"Point","coordinates":[5.464041,52.495956]},"properties":{"type":"charge","layer":"passenger","locationId":"CE5F703D-1101-40B6-A70D-429A3A4A583E","name":"TNLP008194 - Zevenwouden 130, Lelystad","address":"130 Zevenwouden","city":"Lelystad","operatorName":"TotalEnergies","maxPowerKw":13,"isMegawatt":false,"status":"AVAILABLE","source":"ndw"}},{"type":"Feature","geometry":{"type":"Point","coordinates":[5.498999,52.5151794]},"properties":{"type":"charge","layer":"passenger","locationId":"1970","name":"Shell Recharge NL Bongerd 56","address":"Bongerd 56","city":"Lelystad","operatorName":"Ubitricity","maxPowerKw":22,"isMegawatt":false,"status":"AVAILABLE","source":"ndw","priceKwh":0.267}},{"type":"Feature","geometry":{"type":"Point","coordinates":[5.456558,52.50993]},"properties":{"type":"charge","layer":"passenger","locationId":"9E8AB178-E9AD-49D2-A8C9-7D48FF792611","name":"TNLP005746 - Gondel 13 22, Lelystad","address":"13 22 Gondel","city":"Lelystad","operatorName":"TotalEnergies","maxPowerKw":13,"isMegawatt":false,"status":"AVAILABLE","source":"ndw"}},{"type":"Feature","geometry":{"type":"Point","coordinates":[5.416157,52.497568]},"properties":{"type":"charge","layer":"passenger","locationId":"61b31a28-d13f-4d37-9289-0a366712269d","name":"Workumstraat","address":"Workumstraat 18","city":"Lelystad","operatorName":"Vattenfall InCharge","maxPowerKw":11,"isMegawatt":false,"status":"AVAILABLE","source":"ndw","priceKwh":0.4316}},{"type":"Feature","geometry":{"type":"Point","coordinates":[5.470419,52.51389]},"properties":{"type":"charge","layer":"passenger","locationId":"50E35538-9F84-46AF-BF11-1C02DB8B0192","name":"TNLP007652 - Kopenhagenlaan 97, Lelystad","address":"97 Kopenhagenlaan","city":"Lelystad","operatorName":"TotalEnergies","maxPowerKw":13,"isMegawatt":false,"status":"CHARGING","source":"ndw"}},{"type":"Feature","geometry":{"type":"Point","coordinates":[5.445615,52.51694]},"properties":{"type":"charge","layer":"passenger","locationId":"4DB9FC10-BE40-41FF-8940-552214228212","name":"TNLP008410 - Punter 40 16, Lelystad","address":"40 16 Punter","city":"Lelystad","operatorName":"TotalEnergies","maxPowerKw":14,"isMegawatt":false,"status":"AVAILABLE","source":"ndw"}},{"type":"Feature","geometry":{"type":"Point","coordinates":[5.450076,52.494225]},"properties":{"type":"charge","layer":"passenger","locationId":"778842E9-362B-494C-98AA-E697262CD785","name":"TNLP008044 - Rijnland 400, Lelystad","address":"400 Rijnland","city":"Lelystad","operatorName":"TotalEnergies","maxPowerKw":13,"isMegawatt":false,"status":"AVAILABLE","source":"ndw"}},{"type":"Feature","geometry":{"type":"Point","coordinates":[5.438318,52.51104]},"properties":{"type":"charge","layer":"passenger","locationId":"B0C99850-298B-4185-9BBE-7B55D33E122A","name":"TNLP006626 - Vliegent Hert 246, Lelystad","address":"246 Vliegent Hert","city":"Lelystad","operatorName":"TotalEnergies","maxPowerKw":13,"isMegawatt":false,"status":"CHARGING","source":"ndw"}},{"type":"Feature","geometry":{"type":"Point","coordinates":[5.419236,52.49731]},"properties":{"type":"charge","layer":"passenger","locationId":"B4875979-AAF0-4475-AD70-579DEBEA90BD","name":"TNLP015053 - Schermer 83, Lelystad","address":"83 Schermer","city":"Lelystad","operatorName":"TotalEnergies","maxPowerKw":13,"isMegawatt":false,"status":"AVAILABLE","source":"ndw"}},{"type":"Feature","geometry":{"type":"Point","coordinates":[5.508617,52.511257]},"properties":{"type":"charge","layer":"passenger","locationId":"F049FCE8-DD18-4EAD-9F72-90133EA8C9A2","name":"TNLP009290 - Hofstede 8, Lelystad","address":"8 Hofstede","city":"Lelystad","operatorName":"TotalEnergies","maxPowerKw":15,"isMegawatt":false,"status":"CHARGING","source":"ndw"}},{"type":"Feature","geometry":{"type":"Point","coordinates":[5.48487,52.4947]},"properties":{"type":"charge","layer":"passenger","locationId":"a6434c33-7f0a-4917-a137-457281336c77","name":"PP002037 - Haringvlietlaan 15, Lelystad","address":"15 Haringvlietlaan","city":"Lelystad","operatorName":"TotalEnergies","maxPowerKw":11,"isMegawatt":false,"status":"AVAILABLE","source":"ndw"}},{"type":"Feature","geometry":{"type":"Point","coordinates":[5.438156,52.50903]},"properties":{"type":"charge","layer":"passenger","locationId":"6B5D9805-92C4-453D-962D-52F34098EC23","name":"TNLP034177 - Galjoen 10 40, Lelystad","address":"10 40 Galjoen","city":"Lelystad","operatorName":"TotalEnergies","maxPowerKw":13,"isMegawatt":false,"status":"UNAVAILABLE","source":"ndw"}},{"type":"Feature","geometry":{"type":"Point","coordinates":[5.421626,52.434264]},"properties":{"type":"charge","layer":"passenger","locationId":"NLLOC027684","name":"Verzorgingsplaats Hajé Aalscholver","address":"Rijksweg A6","city":"Lelystad","operatorName":"Allego","maxPowerKw":11,"isMegawatt":false,"status":"AVAILABLE","source":"ndw","priceKwh":0.511}},{"type":"Feature","geometry":{"type":"Point","coordinates":[5.439976,52.51239]},"properties":{"type":"charge","layer":"passenger","locationId":"3D5B6D21-387A-4478-8178-65265117A7D7","name":"TNLP006690 - Galjoen 27 24, Lelystad","address":"27 24 Galjoen","city":"Lelystad","operatorName":"TotalEnergies","maxPowerKw":13,"isMegawatt":false,"status":"UNAVAILABLE","source":"ndw"}},{"type":"Feature","geometry":{"type":"Point","coordinates":[5.4830171,52.5107418]},"properties":{"type":"charge","layer":"passenger","locationId":"1732","name":"Shell Recharge NL Archipel 13 21","address":"Archipel 13 21","city":"Lelystad","operatorName":"Ubitricity","maxPowerKw":22,"isMegawatt":false,"status":"CHARGING","source":"ndw","priceKwh":0.267}},{"type":"Feature","geometry":{"type":"Point","coordinates":[5.453397,52.510624]},"properties":{"type":"charge","layer":"passenger","locationId":"212","name":"Shell Recharge NL Gondel 23-44","address":"Gondel 23-44","city":"Lelystad","operatorName":"Ubitricity","maxPowerKw":11,"isMegawatt":false,"status":"AVAILABLE","source":"ndw","priceKwh":0.392}},{"type":"Feature","geometry":{"type":"Point","coordinates":[5.508587,52.474923]},"properties":{"type":"charge","layer":"passenger","locationId":"3735109","name":"Laadnet Van Peperzeel B.V.","address":"James Wattlaan 6","city":"Lelystad","operatorName":"Laadnet","maxPowerKw":22,"isMegawatt":false,"status":"AVAILABLE","source":"ndw"}},{"type":"Feature","geometry":{"type":"Point","coordinates":[5.440603,52.510487]},"properties":{"type":"charge","layer":"passenger","locationId":"3AED8342-B3D4-49B0-A65D-48E0E29E6E1A","name":"TNLP007658 - Galjoen 26 22, Lelystad","address":"26 22 Galjoen","city":"Lelystad","operatorName":"TotalEnergies","maxPowerKw":15,"isMegawatt":false,"status":"AVAILABLE","source":"ndw"}},{"type":"Feature","geometry":{"type":"Point","coordinates":[5.465091,52.49607]},"properties":{"type":"charge","layer":"passenger","locationId":"9CCF86EB-7B8B-40C6-81AE-E815E525EED4","name":"TNLP008770 - Zevenwouden 108, Lelystad","address":"108 Zevenwouden","city":"Lelystad","operatorName":"TotalEnergies","maxPowerKw":14,"isMegawatt":false,"status":"AVAILABLE","source":"ndw"}},{"type":"Feature","geometry":{"type":"Point","coordinates":[5.506292,52.497738]},"properties":{"type":"charge","layer":"passenger","locationId":"9b874999-c71f-4ae1-a21e-4bb66f26db70","name":"TNLP007055 - Duinbeek 44, Lelystad","address":"44 Duinbeek","city":"Lelystad","operatorName":"TotalEnergies","maxPowerKw":13,"isMegawatt":false,"status":"AVAILABLE","source":"ndw"}},{"type":"Feature","geometry":{"type":"Point","coordinates":[5.509983,52.524612]},"properties":{"type":"charge","layer":"passenger","locationId":"C898ED83-5E27-4A8C-A715-3B123E8F3835","name":"TNLP008411 - Oostranddreef 1, Lelystad","address":"1 Oostranddreef","city":"Lelystad","operatorName":"TotalEnergies","maxPowerKw":14,"isMegawatt":false,"status":"AVAILABLE","source":"ndw"}},{"type":"Feature","geometry":{"type":"Point","coordinates":[5.415718,52.5017]},"properties":{"type":"charge","layer":"passenger","locationId":"A2D6D1A9-DEA1-4FC8-A360-C59B76D69710","name":"TNLP007774 - Pioniersstraat 52, Lelystad","address":"52 Pioniersstraat","city":"Lelystad","operatorName":"TotalEnergies","maxPowerKw":13,"isMegawatt":false,"status":"CHARGING","source":"ndw"}},{"type":"Feature","geometry":{"type":"Point","coordinates":[5.470259,52.50511]},"properties":{"type":"charge","layer":"passenger","locationId":"7E803333-6D7C-45E8-B298-43B5755B2EF9","name":"TNLP009707 - Botter 19 23, Lelystad","address":"19 23 Botter","city":"Lelystad","operatorName":"TotalEnergies","maxPowerKw":15,"isMegawatt":false,"status":"AVAILABLE","source":"ndw"}},{"type":"Feature","geometry":{"type":"Point","coordinates":[5.480461,52.52628]},"properties":{"type":"charge","layer":"passenger","locationId":"304B718A-E1CF-4239-A1B7-06CF94CEAB07","name":"TNLP006109 - Vecht 14, Lelystad","address":"14 Vecht","city":"Lelystad","operatorName":"TotalEnergies","maxPowerKw":15,"isMegawatt":false,"status":"AVAILABLE","source":"ndw"}},{"type":"Feature","geometry":{"type":"Point","coordinates":[5.459168,52.50357]},"properties":{"type":"charge","layer":"passenger","locationId":"2DF4A57A-8349-4765-872F-998D36106B7A","name":"TNLP009645 - Botter 43 1, Lelystad","address":"43 1 Botter","city":"Lelystad","operatorName":"TotalEnergies","maxPowerKw":13,"isMegawatt":false,"status":"AVAILABLE","source":"ndw"}},{"type":"Feature","geometry":{"type":"Point","coordinates":[5.44837,52.51068]},"properties":{"type":"charge","layer":"passenger","locationId":"00FEB280-7FED-4BA3-81F0-C18397A4352B","name":"TNLP006006 - Jol 29 80, Lelystad","address":"29 80 Jol","city":"Lelystad","operatorName":"TotalEnergies","maxPowerKw":13,"isMegawatt":false,"status":"CHARGING","source":"ndw"}},{"type":"Feature","geometry":{"type":"Point","coordinates":[5.422988,52.497337]},"properties":{"type":"charge","layer":"passenger","locationId":"3F8AF88B-BC88-4BD4-B593-5721EF4B3186","name":"TNLP007933 - Ringdijk 339, Lelystad","address":"339 Ringdijk","city":"Lelystad","operatorName":"TotalEnergies","maxPowerKw":15,"isMegawatt":false,"status":"AVAILABLE","source":"ndw"}},{"type":"Feature","geometry":{"type":"Point","coordinates":[5.480086,52.515774]},"properties":{"type":"charge","layer":"passenger","locationId":"86F855BE-FE65-4A8B-8921-E37FA8091107","name":"TNLP009679 - Zandbank 167, Lelystad","address":"167 Zandbank","city":"Lelystad","operatorName":"TotalEnergies","maxPowerKw":15,"isMegawatt":false,"status":"AVAILABLE","source":"ndw"}},{"type":"Feature","geometry":{"type":"Point","coordinates":[5.48025,52.5192]},"properties":{"type":"charge","layer":"passenger","locationId":"be78fc15-8aa8-413a-8c43-e80559e9cee4","name":"TNLP008436 - Bastion 150, Lelystad","address":"150 Bastion","city":"Lelystad","operatorName":"TotalEnergies","maxPowerKw":14,"isMegawatt":false,"status":"UNAVAILABLE","source":"ndw"}},{"type":"Feature","geometry":{"type":"Point","coordinates":[5.466432,52.508656]},"properties":{"type":"charge","layer":"passenger","locationId":"18488872-BABA-4B36-B410-4A28C2E86EE0","name":"TNLP005753 - Schouw 38 7, Lelystad","address":"38 7 Schouw","city":"Lelystad","operatorName":"TotalEnergies","maxPowerKw":13,"isMegawatt":false,"status":"AVAILABLE","source":"ndw"}},{"type":"Feature","geometry":{"type":"Point","coordinates":[5.49129,52.50992]},"properties":{"type":"charge","layer":"passenger","locationId":"508968df-d674-43a7-92b8-cf8bbd370e43","name":"PP001216 - Archipel 36-01, Lelystad","address":"36-01 Archipel","city":"Lelystad","operatorName":"TotalEnergies","maxPowerKw":11,"isMegawatt":false,"status":"UNAVAILABLE","source":"ndw"}},{"type":"Feature","geometry":{"type":"Point","coordinates":[5.450902,52.49429]},"properties":{"type":"charge","layer":"passenger","locationId":"6FD59431-34EB-40C6-8903-74EAB9459345","name":"TNLP006097 - Rijnland 393, Lelystad","address":"393 Rijnland","city":"Lelystad","operatorName":"TotalEnergies","maxPowerKw":13,"isMegawatt":false,"status":"AVAILABLE","source":"ndw"}},{"type":"Feature","geometry":{"type":"Point","coordinates":[5.42373,52.49618]},"properties":{"type":"charge","layer":"passenger","locationId":"91F845B7-AD1C-4ED1-8F9D-6B0ACD45117B","name":"TNLP007106 - Zijpe 34, Lelystad","address":"34 Zijpe","city":"Lelystad","operatorName":"TotalEnergies","maxPowerKw":13,"isMegawatt":false,"status":"UNAVAILABLE","source":"ndw"}},{"type":"Feature","geometry":{"type":"Point","coordinates":[5.45449,52.50493]},"properties":{"type":"charge","layer":"passenger","locationId":"C0112AC6-5036-41C9-A0DD-66E0EE90506B","name":"PP004186 - Botter 39, Lelystad","address":"39 Botter","city":"Lelystad","operatorName":"TotalEnergies","maxPowerKw":15,"isMegawatt":false,"status":"AVAILABLE","source":"ndw"}},{"type":"Feature","geometry":{"type":"Point","coordinates":[5.459781,52.493595]},"properties":{"type":"charge","layer":"passenger","locationId":"DF0D9365-E777-41CE-A417-72123DD1AF43","name":"TNLP008456 - Vijfherenlanden 94, Lelystad","address":"94 Vijfherenlanden","city":"Lelystad","operatorName":"TotalEnergies","maxPowerKw":14,"isMegawatt":false,"status":"UNAVAILABLE","source":"ndw"}},{"type":"Feature","geometry":{"type":"Point","coordinates":[5.50721,52.49594]},"properties":{"type":"charge","layer":"passenger","locationId":"99cb3bfc-fadf-4722-a50d-0bf37cfad55e","name":"PP001564 - Burgvliet 145, Lelystad","address":"145 Burgvliet","city":"Lelystad","operatorName":"TotalEnergies","maxPowerKw":11,"isMegawatt":false,"status":"AVAILABLE","source":"ndw"}},{"type":"Feature","geometry":{"type":"Point","coordinates":[5.47987,52.51427]},"properties":{"type":"charge","layer":"passenger","locationId":"4790beaf17e2665d75c9e26370e15c93","name":"Damrif 127","address":"Damrif 127","city":"Lelystad","operatorName":"Vattenfall InCharge","maxPowerKw":11,"isMegawatt":false,"status":"AVAILABLE","source":"ndw","priceKwh":0.2805}},{"type":"Feature","geometry":{"type":"Point","coordinates":[5.482203,52.520496]},"properties":{"type":"charge","layer":"passenger","locationId":"c4caae00-a674-47a6-9c1f-09c01bd6183a","name":"TNLP008811 - Noorderwagenplein 4, Lelystad","address":"4 Noorderwagenplein","city":"Lelystad","operatorName":"TotalEnergies","maxPowerKw":14,"isMegawatt":false,"status":"UNAVAILABLE","source":"ndw"}},{"type":"Feature","geometry":{"type":"Point","coordinates":[5.463736,52.503765]},"properties":{"type":"charge","layer":"passenger","locationId":"9985D6EE-8D31-4B64-98B4-3372B48BF696","name":"TNLP008928 - Botter 28 50, Lelystad","address":"28 50 Botter","city":"Lelystad","operatorName":"TotalEnergies","maxPowerKw":14,"isMegawatt":false,"status":"UNAVAILABLE","source":"ndw"}},{"type":"Feature","geometry":{"type":"Point","coordinates":[5.418851,52.500185]},"properties":{"type":"charge","layer":"passenger","locationId":"e353352b-ddbe-4057-9555-37e9e1bc3eeb","name":"TNLP009800","address":"Ringdijk 34","city":"Lelystad","operatorName":"TotalEnergies","maxPowerKw":17,"isMegawatt":false,"status":"AVAILABLE","source":"ndw"}},{"type":"Feature","geometry":{"type":"Point","coordinates":[5.490256,52.490376]},"properties":{"type":"charge","layer":"passenger","locationId":"71ED35E3-1922-4050-8710-3BFBFDD626CA","name":"TNLP034603 - Slotermeerstraat 4, Lelystad","address":"4 Slotermeerstraat","city":"Lelystad","operatorName":"TotalEnergies","maxPowerKw":13,"isMegawatt":false,"status":"UNAVAILABLE","source":"ndw"}},{"type":"Feature","geometry":{"type":"Point","coordinates":[5.502063,52.511284]},"properties":{"type":"charge","layer":"passenger","locationId":"817BBCB3-AC0D-4BF8-A3D9-E84F29746ED4","name":"TNLP005672 - Plantage 96, Lelystad","address":"96 Plantage","city":"Lelystad","operatorName":"TotalEnergies","maxPowerKw":15,"isMegawatt":false,"status":"UNAVAILABLE","source":"ndw"}},{"type":"Feature","geometry":{"type":"Point","coordinates":[5.477822,52.495323]},"properties":{"type":"charge","layer":"passenger","locationId":"8A2E4935-1F59-47BE-974B-879F7BAAD811","name":"TNLP008061 - De Campus 11, Lelystad","address":"11 De Campus","city":"Lelystad","operatorName":"TotalEnergies","maxPowerKw":15,"isMegawatt":false,"status":"UNAVAILABLE","source":"ndw"}},{"type":"Feature","geometry":{"type":"Point","coordinates":[5.5012,52.513588]},"properties":{"type":"charge","layer":"passenger","locationId":"A143339E-32A5-4962-8644-A9BDE4987DD0","name":"TNLP007651 - Plantage 188, Lelystad","address":"188 Plantage","city":"Lelystad","operatorName":"TotalEnergies","maxPowerKw":13,"isMegawatt":false,"status":"AVAILABLE","source":"ndw"}},{"type":"Feature","geometry":{"type":"Point","coordinates":[5.458364,52.52313]},"properties":{"type":"charge","layer":"passenger","locationId":"A3860822-2926-44C8-BCB4-41453EC6888E","name":"TNLP009864 - Karveel 48, Lelystad","address":"48 Karveel","city":"Lelystad","operatorName":"TotalEnergies","maxPowerKw":13,"isMegawatt":false,"status":"AVAILABLE","source":"ndw"}},{"type":"Feature","geometry":{"type":"Point","coordinates":[5.487038,52.49424]},"properties":{"type":"charge","layer":"passenger","locationId":"A9A46748-1531-4E30-A139-6E82929631AC","name":"TNLP006058 - Voorstraat 132, Lelystad","address":"132 Voorstraat","city":"Lelystad","operatorName":"TotalEnergies","maxPowerKw":15,"isMegawatt":false,"status":"AVAILABLE","source":"ndw"}},{"type":"Feature","geometry":{"type":"Point","coordinates":[5.47418,52.504727]},"properties":{"type":"charge","layer":"passenger","locationId":"6995bfb214779a0ac08ef014","name":"Lelystad-Ravelijn B.V.","address":"Het Ravelijn 1","city":"Lelystad","operatorName":"Pluq","maxPowerKw":22,"isMegawatt":false,"status":"AVAILABLE","source":"ndw","priceKwh":0.4}},{"type":"Feature","geometry":{"type":"Point","coordinates":[5.473269,52.518368]},"properties":{"type":"charge","layer":"passenger","locationId":"FE5B0D61-80A7-4C70-822B-E64EDE97ECF0","name":"TNLP008192 - De Veste 10 14, Lelystad","address":"10 14 De Veste","city":"Lelystad","operatorName":"TotalEnergies","maxPowerKw":15,"isMegawatt":false,"status":"AVAILABLE","source":"ndw"}},{"type":"Feature","geometry":{"type":"Point","coordinates":[5.412849,52.497244]},"properties":{"type":"charge","layer":"passenger","locationId":"70a6619b88b528869205a2c9660428bd","name":"Monnickendamstraat 20","address":"Monnickendamstraat 20","city":"Lelystad","operatorName":"Vattenfall InCharge","maxPowerKw":22,"isMegawatt":false,"status":"AVAILABLE","source":"ndw"}},{"type":"Feature","geometry":{"type":"Point","coordinates":[5.417802,52.502377]},"properties":{"type":"charge","layer":"passenger","locationId":"A183F12C-9D24-4327-AF1D-4FD9C3B070E7","name":"TNLP005811 - Pioniersstraat 15, Lelystad","address":"15 Pioniersstraat","city":"Lelystad","operatorName":"TotalEnergies","maxPowerKw":13,"isMegawatt":false,"status":"AVAILABLE","source":"ndw"}},{"type":"Feature","geometry":{"type":"Point","coordinates":[5.453519,52.507699]},"properties":{"type":"charge","layer":"passenger","locationId":"6e2c445fbd2ccbf0db4ad1924974eee3","name":"Gondel 16 15","address":"Gondel 16 15","city":"Lelystad","operatorName":"Vattenfall InCharge","maxPowerKw":11,"isMegawatt":false,"status":"AVAILABLE","source":"ndw","priceKwh":0.2805}},{"type":"Feature","geometry":{"type":"Point","coordinates":[5.510684,52.524633]},"properties":{"type":"charge","layer":"passenger","locationId":"91179667","name":"50five-S NL Lelystad, Oostranddreef 1","address":"Oostranddreef 1","city":"Lelystad","operatorName":"50five","maxPowerKw":11,"isMegawatt":false,"status":"AVAILABLE","source":"ndw"}},{"type":"Feature","geometry":{"type":"Point","coordinates":[5.500623,52.493557]},"properties":{"type":"charge","layer":"passenger","locationId":"2D6F90EA-83C2-491E-953B-9A7FE6E7A484","name":"TNLP009141 - Pauwenburg 6 A, Lelystad","address":"6 A Pauwenburg","city":"Lelystad","operatorName":"TotalEnergies","maxPowerKw":13,"isMegawatt":false,"status":"AVAILABLE","source":"ndw"}},{"type":"Feature","geometry":{"type":"Point","coordinates":[5.441124,52.490234]},"properties":{"type":"charge","layer":"passenger","locationId":"57419FF1-A161-407F-8383-13DCF733E122","name":"Laadplein - TNLP006400 - Ranonkellaan 201, Lelystad","address":"201 Ranonkellaan","city":"Lelystad","operatorName":"TotalEnergies","maxPowerKw":15,"isMegawatt":false,"status":"UNAVAILABLE","source":"ndw"}},{"type":"Feature","geometry":{"type":"Point","coordinates":[5.494402,52.49264]},"properties":{"type":"charge","layer":"passenger","locationId":"6CA54188-D8F2-40D4-99C6-5DCF6E440273","name":"PP005648 - Oderstraat 11, Lelystad","address":"11 Oderstraat","city":"Lelystad","operatorName":"TotalEnergies","maxPowerKw":15,"isMegawatt":false,"status":"AVAILABLE","source":"ndw"}},{"type":"Feature","geometry":{"type":"Point","coordinates":[5.464882,52.505684]},"properties":{"type":"charge","layer":"passenger","locationId":"AEAE578C-7CC0-42CD-A697-7A36C7B389F8","name":"TNLP008810 - Botter 22 24, Lelystad","address":"22 24 Botter","city":"Lelystad","operatorName":"TotalEnergies","maxPowerKw":14,"isMegawatt":false,"status":"AVAILABLE","source":"ndw"}},{"type":"Feature","geometry":{"type":"Point","coordinates":[5.437278,52.519733]},"properties":{"type":"charge","layer":"passenger","locationId":"742279BB-F6A3-4D6F-8B4C-6E2EE6CF6DF7","name":"TNLP006689 - VOCweg 100, Lelystad","address":"100 VOCweg","city":"Lelystad","operatorName":"TotalEnergies","maxPowerKw":13,"isMegawatt":false,"status":"CHARGING","source":"ndw"}},{"type":"Feature","geometry":{"type":"Point","coordinates":[5.45051,52.49014]},"properties":{"type":"charge","layer":"passenger","locationId":"91052504","name":"50five-S NL 17B09749","address":"Wederiklaan 57","city":"Lelystad","operatorName":"50five","maxPowerKw":10,"isMegawatt":false,"status":"AVAILABLE","source":"ndw"}},{"type":"Feature","geometry":{"type":"Point","coordinates":[5.48535,52.52404]},"properties":{"type":"charge","layer":"passenger","locationId":"0f7daf7a321bd18e65579ff6ca575cf2","name":"Marderhoek 28","address":"Marderhoek 28","city":"Lelystad","operatorName":"Vattenfall InCharge","maxPowerKw":11,"isMegawatt":false,"status":"AVAILABLE","source":"ndw","priceKwh":0.2805}},{"type":"Feature","geometry":{"type":"Point","coordinates":[5.495096,52.521699]},"properties":{"type":"charge","layer":"passenger","locationId":"91179977","name":"50five-S NL Lelystad, Wigstraat 1","address":"Wigstraat 1","city":"Lelystad","operatorName":"50five","maxPowerKw":11,"isMegawatt":false,"status":"UNAVAILABLE","source":"ndw"}},{"type":"Feature","geometry":{"type":"Point","coordinates":[5.49337,52.4887]},"properties":{"type":"charge","layer":"passenger","locationId":"2d4dba31d009d789c86b0b61f5a13248","name":"Rivierenlaan 240A","address":"Rivierenlaan 240A","city":"Lelystad","operatorName":"Vattenfall InCharge","maxPowerKw":11,"isMegawatt":false,"status":"AVAILABLE","source":"ndw","priceKwh":0.2805}},{"type":"Feature","geometry":{"type":"Point","coordinates":[5.456619,52.494764]},"properties":{"type":"charge","layer":"passenger","locationId":"5fc039c8-543b-4d9e-8266-5383c0b9894c","name":"Rijnland","address":"Rijnland 301","city":"Lelystad","operatorName":"Vattenfall InCharge","maxPowerKw":11,"isMegawatt":false,"status":"AVAILABLE","source":"ndw","priceKwh":0.4316}},{"type":"Feature","geometry":{"type":"Point","coordinates":[5.424898,52.436005]},"properties":{"type":"charge","layer":"freight","locationId":"31174","name":"Fastned Aalscholver","address":"Aalscholver","city":"Lelystad","operatorName":"Fastned","maxPowerKw":600,"isMegawatt":false,"status":"AVAILABLE","source":"ndw","priceKwh":0.6364,"freightKind":"hpc","freightReason":"power"}},{"type":"Feature","geometry":{"type":"Point","coordinates":[5.422429,52.432986]},"properties":{"type":"charge","layer":"freight","locationId":"151","name":"Shell Recharge NL8586 - Shell De Lepelaar","address":"Rijksweg A6 Oz, 8218 PX, Lelystad, NL","city":"Lelystad","operatorName":"Shell Recharge","maxPowerKw":400,"isMegawatt":false,"status":"AVAILABLE","source":"ndw","priceKwh":0.7025,"freightKind":"hpc","freightReason":"power"}},{"type":"Feature","geometry":{"type":"MultiPolygon","coordinates":[[[[5.353662034308876,52.67773802024099],[5.361210775659873,52.67441905659673],[5.399549303108827,52.6493833315984],[5.413217836961385,52.636005924580395],[5.415819512749993,52.63709327020576],[5.416096919126267,52.63630375336642],[5.414237950797675,52.635634925849054],[5.415746279368534,52.63423380406784],[5.417063438530893,52.634572229271846],[5.415831825885603,52.633662079725354],[5.456439562316452,52.59364062855499],[5.467913081542619,52.57137104486501],[5.468556199874219,52.56964030778506],[5.466998181127481,52.56721466749868],[5.464381834028473,52.565719251499935],[5.453241173137036,52.56330905905326],[5.448431234946567,52.561597463676826],[5.443568803177865,52.558850592422424],[5.439835549096566,52.55551253491606],[5.428045774060846,52.53809429181636],[5.4268907366914405,52.53503465990333],[5.426258038011486,52.52803129449571],[5.427163745857021,52.52798343822526],[5.427076381402201,52.52749380943568],[5.42906671291554,52.52741606695163],[5.429112387626475,52.52786858196081],[5.429744061974214,52.527925425643694],[5.4303172409798375,52.52941102340649],[5.432398617651726,52.52935443878441],[5.432675710253549,52.53228850903611],[5.433093335887669,52.53242578872361],[5.432789855767681,52.53059696138497],[5.433592979462597,52.53052992405251],[5.434607293526704,52.529784297452544],[5.434894793025644,52.527620551900945],[5.435198250381254,52.529684115311944],[5.436272139650926,52.5310486435407],[5.43942139012993,52.53287586528607],[5.43976847664119,52.53267227737837],[5.436799639452436,52.53100085458761],[5.438569057532997,52.52987802777214],[5.441568513314228,52.53161956518443],[5.440428913385797,52.53231986675491],[5.441813389935845,52.533139095330746],[5.442980818379779,52.532405691856106],[5.4455587263062535,52.53388246389228],[5.445192994607635,52.53419327902676],[5.446322115298094,52.53480101019896],[5.445519506589314,52.53532328285844],[5.444439248617588,52.534726206402475],[5.443900778990886,52.53517559445907],[5.444901480708927,52.535725605207105],[5.444120603144756,52.53624113704167],[5.4429169583417645,52.53554409610894],[5.443195694036272,52.53527436298753],[5.4424357035432624,52.5348270571132],[5.442042523804344,52.53532964082288],[5.442154615527223,52.53597977825437],[5.443714490711633,52.53691668952517],[5.444431718907641,52.53684947601007],[5.44757867403476,52.53521750597707],[5.454511282313015,52.54601305670834],[5.454621560483288,52.546634406388776],[5.453813330446439,52.54679047640958],[5.455941100064059,52.550328035210676],[5.454301412986798,52.55119241679123],[5.454478519153729,52.55140567777912],[5.457793241862403,52.55010154001534],[5.458971208799413,52.55138356366447],[5.460159835313009,52.55185722558996],[5.46209570376289,52.55215156418918],[5.493322095122847,52.553269292803414],[5.4974498715815185,52.554367055835435],[5.500714885651889,52.55610473008628],[5.518992486777365,52.56740082413856],[5.517702812011508,52.568261435342954],[5.521901933492487,52.570839105482996],[5.523318135348601,52.570072932760404],[5.5411832226927515,52.58110369030628],[5.558709698608881,52.59226067658101],[5.5651242590578684,52.59463862378594],[5.572889365628628,52.59615774911775],[5.587411138814164,52.56346021487157],[5.588313552201601,52.54918559153186],[5.59128127537661,52.51412299478069],[5.588057086744915,52.51377321011947],[5.58805637346431,52.51377314572076],[5.588147320369822,52.51339326786139],[5.591361371967045,52.49996426124466],[5.605870974146171,52.48452034342819],[5.565420530466413,52.47028126648099],[5.572780586220132,52.46244893959268],[5.586389490878872,52.44771113629032],[5.581973114961878,52.44559301653502],[5.573804075141165,52.43879468095164],[5.566637745566396,52.43586360155011],[5.58799919382565,52.41476678843649],[5.5890709813511625,52.41118713392012],[5.5832179150601275,52.411358410326784],[5.578015182390309,52.40996847642766],[5.554642610948828,52.39638989679073],[5.545225532571908,52.39016125331744],[5.537298799720134,52.38500080011936],[5.532703371825092,52.38454750083666],[5.508992291273375,52.397663122976105],[5.47497917397754,52.42003385195065],[5.4488940710120675,52.43530209370551],[5.438608221372982,52.44263180901962],[5.426889318303137,52.435506102510196],[5.427176694244565,52.434554404568296],[5.4237749841004765,52.432564617342145],[5.42100786948516,52.432083716553734],[5.397532453518123,52.41984123328705],[5.378987490069201,52.411494607113745],[5.350771649801278,52.40020919046803],[5.3495134028750595,52.40146846708406],[5.343709459916647,52.40124268824276],[5.334835730124233,52.405734850439806],[5.318861498375497,52.4107102081943],[5.275811009838769,52.423317364502765],[5.2679826450933565,52.427365782398155],[5.258422728564746,52.43542591247008],[5.377910394458562,52.48689941363434],[5.386467100588223,52.490267771948204],[5.39479788733128,52.49077157662008],[5.400235635105899,52.49363290027385],[5.416746154167546,52.50304868463271],[5.417160457673039,52.503455791353986],[5.418587351662326,52.50305712358426],[5.419099027667446,52.50337799906177],[5.418515976006348,52.50402064213997],[5.419703000587628,52.50335108300679],[5.420175617327072,52.5035352368728],[5.419640423707135,52.504627748340695],[5.424255327827334,52.5070182365483],[5.424346913762008,52.506931249064294],[5.434574028088249,52.51119422423927],[5.440582586065406,52.51781143187186],[5.439416548811181,52.51882192066052],[5.436596298873629,52.518283948841734],[5.4369487412472255,52.517205057531505],[5.43671632103665,52.51711400292371],[5.436039351721918,52.51825566534409],[5.436108373260434,52.518699792902666],[5.436694583769438,52.51857640615352],[5.437279790155473,52.519011310805446],[5.436042124620857,52.520745299617346],[5.435735243259721,52.52204876016758],[5.4354827941952255,52.524473056407665],[5.434060605254322,52.5263518428648],[5.432976355251885,52.52471754304661],[5.431939775812461,52.5247347121277],[5.429782631499187,52.52489621911327],[5.429519211498428,52.526641675239055],[5.429013866782531,52.52677003780511],[5.429058042033899,52.52734783898239],[5.427066710039865,52.527425546615746],[5.427004704227958,52.526732729519104],[5.426272219267765,52.52682550778785],[5.425519899359101,52.520829071312214],[5.42499363448951,52.52082924063021],[5.425194075329009,52.52696206008857],[5.422709139332198,52.52727674806572],[5.4231020070399,52.529011324609456],[5.4247582511105135,52.52960950911869],[5.425537946242418,52.52966790004982],[5.426281491955802,52.5355175492019],[5.427184232469018,52.5379529988302],[5.431069857400562,52.543544916989504],[5.438492890422501,52.554922311960766],[5.4405672552239634,52.55720639970705],[5.443526601228095,52.55949525524893],[5.446145259066485,52.56108131398341],[5.448888657349281,52.56223624513135],[5.451643319557465,52.563300894096166],[5.4641902135201015,52.56618255472044],[5.466241099540373,52.56747044752456],[5.467352627421501,52.56925416797721],[5.466799672422285,52.571771614677715],[5.4573846514219495,52.589977386601944],[5.455459151402371,52.59355861354827],[5.407211941182514,52.64084422510337],[5.406284251847566,52.64061772022942],[5.398975024875894,52.64883392977709],[5.36034286265689,52.674179471147134],[5.352632228191175,52.67743037331184],[5.305494760440057,52.689886149916134],[5.299205064974851,52.68321853558229],[5.293238045947877,52.68130681707517],[5.287130352096277,52.68157916374675],[5.281432351532511,52.6843894855387],[5.288299297375489,52.68419809075407],[5.292413581664302,52.68507283424152],[5.2951246856021426,52.68677798846795],[5.296551287078908,52.689828356475054],[5.286883778976538,52.689895321980934],[5.287425287311935,52.69116483026457],[5.297173858936478,52.69218579841016],[5.302144171334263,52.6915944495487],[5.353662034308876,52.67773802024099]]],[[[5.529432274753929,52.57510333808588],[5.525598655190279,52.57731927392634],[5.529604312923133,52.57984054010596],[5.533445501376428,52.57771648276196],[5.529432274753929,52.57510333808588]]]]},"properties":{"type":"boundary","gemeente":"Lelystad","code":"GM0995"}}]}