{"type":"FeatureCollection","metadata":{"gemeente":"Purmerend","slug":"purmerend","code":"GM0439","generated_at":"2026-08-08T12:05:52.020Z","total_passenger":399,"total_freight":5,"bounds":[4.8339094935179565,52.470404553934955,5.024699032014142,52.614106697401745],"operators":["50five","Alva Charging Services","ChargePoint","DAEN Mobility","E-Flux by Road","Eneco","Fastned","Laadnet","Lanova Laadpalen","NXT Charging Solutions","NXT50Five","PureCharged","Shell Recharge","TotalEnergies","Ubitricity","Van Leeuwen","Vattenfall InCharge"]},"features":[{"type":"Feature","geometry":{"type":"Point","coordinates":[4.953345,52.505882]},"properties":{"type":"charge","layer":"passenger","locationId":"4C8FF847-DF8A-46F8-9929-B47E462C8476","name":"TNLP006479 - Lindestate 1, Purmerend","address":"1 Lindestate","city":"Purmerend","operatorName":"TotalEnergies","maxPowerKw":15,"isMegawatt":false,"status":"AVAILABLE","source":"ndw"}},{"type":"Feature","geometry":{"type":"Point","coordinates":[4.970349,52.49172]},"properties":{"type":"charge","layer":"passenger","locationId":"396F4432-B6D8-47A0-8ABD-2DB9453ED7FD","name":"TNLP007310 - Frescobaldistraat 54, Purmerend","address":"54 Frescobaldistraat","city":"Purmerend","operatorName":"TotalEnergies","maxPowerKw":13,"isMegawatt":false,"status":"AVAILABLE","source":"ndw"}},{"type":"Feature","geometry":{"type":"Point","coordinates":[4.96834,52.50627]},"properties":{"type":"charge","layer":"passenger","locationId":"117","name":"Shell Recharge NL J.P. Grootstraat 4","address":"J.P. Grootstraat 4","city":"Purmerend","operatorName":"Ubitricity","maxPowerKw":11,"isMegawatt":false,"status":"CHARGING","source":"ndw","priceKwh":0.392}},{"type":"Feature","geometry":{"type":"Point","coordinates":[4.95791,52.527374]},"properties":{"type":"charge","layer":"passenger","locationId":"7FDD15F7-6827-4891-949C-5654A5487444","name":"TNLP007421 - Burgemeester D. Kooimanweg 1101, Purmerend","address":"1101 Burgemeester D. Kooimanweg","city":"Purmerend","operatorName":"TotalEnergies","maxPowerKw":17,"isMegawatt":false,"status":"UNAVAILABLE","source":"ndw"}},{"type":"Feature","geometry":{"type":"Point","coordinates":[4.956629,52.52455]},"properties":{"type":"charge","layer":"passenger","locationId":"8948473F-2893-4409-A599-676B037A6DD5","name":"TNLP015295 - Burgemeester D. Kooimanweg 675, Purmerend","address":"675 Burgemeester D. Kooimanweg","city":"Purmerend","operatorName":"TotalEnergies","maxPowerKw":17,"isMegawatt":false,"status":"UNAVAILABLE","source":"ndw"}},{"type":"Feature","geometry":{"type":"Point","coordinates":[4.965833,52.524532]},"properties":{"type":"charge","layer":"passenger","locationId":"0396CBC9-4DAF-4008-BB5F-DBD755C0CF86","name":"TNLP009295 - Oostervenne 203A, Purmerend","address":"203A Oostervenne","city":"Purmerend","operatorName":"TotalEnergies","maxPowerKw":17,"isMegawatt":false,"status":"UNAVAILABLE","source":"ndw"}},{"type":"Feature","geometry":{"type":"Point","coordinates":[5.009829,52.512722]},"properties":{"type":"charge","layer":"passenger","locationId":"14C85D25-6786-4677-8DB6-94F68FC0AEA6","name":"TNLP007400 - Component 5, Purmerend","address":"5 Component","city":"Purmerend","operatorName":"TotalEnergies","maxPowerKw":15,"isMegawatt":false,"status":"AVAILABLE","source":"ndw"}},{"type":"Feature","geometry":{"type":"Point","coordinates":[5.005726,52.514551]},"properties":{"type":"charge","layer":"passenger","locationId":"1599227","name":"Laadnet Finish Profiles Groep","address":"Component 110","city":"Purmerend","operatorName":"Laadnet","maxPowerKw":22,"isMegawatt":false,"status":"AVAILABLE","source":"ndw"}},{"type":"Feature","geometry":{"type":"Point","coordinates":[4.96246,52.52082]},"properties":{"type":"charge","layer":"passenger","locationId":"631","name":"Shell Recharge NL Leeuwerikplein 2","address":"Leeuwerikplein 2","city":"Purmerend","operatorName":"Ubitricity","maxPowerKw":11,"isMegawatt":false,"status":"AVAILABLE","source":"ndw","priceKwh":0.392}},{"type":"Feature","geometry":{"type":"Point","coordinates":[4.981773,52.508102]},"properties":{"type":"charge","layer":"passenger","locationId":"A2B665FE-A0A3-4760-B9E6-679E7D68331A","name":"TNLP007303 - Spoorstokstraat 13, Purmerend","address":"13 Spoorstokstraat","city":"Purmerend","operatorName":"TotalEnergies","maxPowerKw":17,"isMegawatt":false,"status":"UNAVAILABLE","source":"ndw"}},{"type":"Feature","geometry":{"type":"Point","coordinates":[4.969817,52.523594]},"properties":{"type":"charge","layer":"passenger","locationId":"A7EF6D00-7633-4494-865D-D6E17D2D2DBB","name":"TNLP015152 - G. Leegwaterhof 21, Purmerend","address":"21 G. Leegwaterhof","city":"Purmerend","operatorName":"TotalEnergies","maxPowerKw":17,"isMegawatt":false,"status":"UNAVAILABLE","source":"ndw"}},{"type":"Feature","geometry":{"type":"Point","coordinates":[4.919009,52.54567]},"properties":{"type":"charge","layer":"passenger","locationId":"1F5244EE-BC5A-4C23-93D2-D621AA3A8BAD","name":"TNLP008623 - Woudagemaal 8, Middenbeemster","address":"8 Woudagemaal","city":"Middenbeemster","operatorName":"TotalEnergies","maxPowerKw":14,"isMegawatt":false,"status":"AVAILABLE","source":"ndw"}},{"type":"Feature","geometry":{"type":"Point","coordinates":[4.975621,52.521236]},"properties":{"type":"charge","layer":"passenger","locationId":"8BB964C9-F5AB-4301-B756-3E7A956E0E88","name":"TNLP008169 - Weidemolen 18, Purmerend","address":"18 Weidemolen","city":"Purmerend","operatorName":"TotalEnergies","maxPowerKw":15,"isMegawatt":false,"status":"AVAILABLE","source":"ndw"}},{"type":"Feature","geometry":{"type":"Point","coordinates":[4.942177,52.496536]},"properties":{"type":"charge","layer":"passenger","locationId":"28262614-664A-49A6-8AD3-F53682BEF4A3","name":"TNLP009762 - Sumatra 151, Purmerend","address":"151 Sumatra","city":"Purmerend","operatorName":"TotalEnergies","maxPowerKw":17,"isMegawatt":false,"status":"AVAILABLE","source":"ndw"}},{"type":"Feature","geometry":{"type":"Point","coordinates":[4.934874,52.491543]},"properties":{"type":"charge","layer":"passenger","locationId":"AB1725B5-7D51-4880-B303-2964BA90C9F0","name":"TNLP006844 - Karavaanstraat 51, Purmerend","address":"51 Karavaanstraat","city":"Purmerend","operatorName":"TotalEnergies","maxPowerKw":17,"isMegawatt":false,"status":"AVAILABLE","source":"ndw"}},{"type":"Feature","geometry":{"type":"Point","coordinates":[4.964825,52.51749]},"properties":{"type":"charge","layer":"passenger","locationId":"C42D4A70-1CE1-4E20-9D79-EC2D3651682B","name":"TNLP006480 - Kolfstraat 22, Purmerend","address":"22 Kolfstraat","city":"Purmerend","operatorName":"TotalEnergies","maxPowerKw":17,"isMegawatt":false,"status":"UNAVAILABLE","source":"ndw"}},{"type":"Feature","geometry":{"type":"Point","coordinates":[4.96636,52.52544]},"properties":{"type":"charge","layer":"passenger","locationId":"8d2a9ab26bce682f038057d397a2f633","name":"Oostervenne 378","address":"Oostervenne 378","city":"Purmerend","operatorName":"Vattenfall InCharge","maxPowerKw":11,"isMegawatt":false,"status":"AVAILABLE","source":"ndw","priceKwh":0.2805}},{"type":"Feature","geometry":{"type":"Point","coordinates":[4.948934,52.49764]},"properties":{"type":"charge","layer":"passenger","locationId":"0A858C7F-5700-4084-95C2-9548A0481DF4","name":"TNLP007996 - Koningsvaren 77, Purmerend","address":"77 Koningsvaren","city":"Purmerend","operatorName":"TotalEnergies","maxPowerKw":15,"isMegawatt":false,"status":"AVAILABLE","source":"ndw"}},{"type":"Feature","geometry":{"type":"Point","coordinates":[4.94784,52.51755]},"properties":{"type":"charge","layer":"passenger","locationId":"15754AC1-2AFF-492C-92D4-F96F1FE8D617","name":"TNLP009082 - Galiahof 1, Zuidoostbeemster","address":"1 Galiahof","city":"Zuidoostbeemster","operatorName":"TotalEnergies","maxPowerKw":17,"isMegawatt":false,"status":"UNAVAILABLE","source":"ndw"}},{"type":"Feature","geometry":{"type":"Point","coordinates":[4.9816258,52.5026521]},"properties":{"type":"charge","layer":"passenger","locationId":"970","name":"Shell Recharge NL Overlanderstraat 454","address":"Overlanderstraat 454","city":"Purmerend","operatorName":"Ubitricity","maxPowerKw":22,"isMegawatt":false,"status":"AVAILABLE","source":"ndw","priceKwh":0.267}},{"type":"Feature","geometry":{"type":"Point","coordinates":[4.945247,52.497837]},"properties":{"type":"charge","layer":"passenger","locationId":"EC4FE0C9-A4C2-435F-89E5-87CA68A4CBD7","name":"TNLP007088 - Sulawesi 2, Purmerend","address":"2 Sulawesi","city":"Purmerend","operatorName":"TotalEnergies","maxPowerKw":17,"isMegawatt":false,"status":"AVAILABLE","source":"ndw"}},{"type":"Feature","geometry":{"type":"Point","coordinates":[4.91472,52.54927]},"properties":{"type":"charge","layer":"passenger","locationId":"7CF4FC59-71D6-41D0-B342-3EA8FB15F1D6","name":"TNLP009328 - Rijn Middelburgstraat 1, Middenbeemster","address":"1 Rijn Middelburgstraat","city":"Middenbeemster","operatorName":"TotalEnergies","maxPowerKw":17,"isMegawatt":false,"status":"AVAILABLE","source":"ndw"}},{"type":"Feature","geometry":{"type":"Point","coordinates":[4.940896,52.49923]},"properties":{"type":"charge","layer":"passenger","locationId":"6AE8CAA9-5B8F-4C5E-9750-59E2B08D0350","name":"TNLP009101 - Jubelpark 19, Purmerend","address":"19 Jubelpark","city":"Purmerend","operatorName":"TotalEnergies","maxPowerKw":17,"isMegawatt":false,"status":"AVAILABLE","source":"ndw"}},{"type":"Feature","geometry":{"type":"Point","coordinates":[4.960974,52.498924]},"properties":{"type":"charge","layer":"passenger","locationId":"a3cc6677260c32f865292ab514ade45a","name":"Bovenlandsestraat 6","address":"Bovenlandsestraat 6","city":"Purmerend","operatorName":"Vattenfall InCharge","maxPowerKw":11,"isMegawatt":false,"status":"CHARGING","source":"ndw","priceKwh":0.2805}},{"type":"Feature","geometry":{"type":"Point","coordinates":[4.945846,52.51196]},"properties":{"type":"charge","layer":"passenger","locationId":"8B43F754-DA35-425D-B8B7-92A62100A7EA","name":"TNLP008183 - Beemsterburgwal 19, Purmerend","address":"19 Beemsterburgwal","city":"Purmerend","operatorName":"TotalEnergies","maxPowerKw":17,"isMegawatt":false,"status":"AVAILABLE","source":"ndw"}},{"type":"Feature","geometry":{"type":"Point","coordinates":[4.992955,52.51181]},"properties":{"type":"charge","layer":"passenger","locationId":"BC5C8D26-6438-43FA-BB7F-BF8E1D23ED36","name":"PP005560 - Korenstraat 13, Purmerend","address":"13 Korenstraat","city":"Purmerend","operatorName":"TotalEnergies","maxPowerKw":15,"isMegawatt":false,"status":"AVAILABLE","source":"ndw"}},{"type":"Feature","geometry":{"type":"Point","coordinates":[4.938331,52.494225]},"properties":{"type":"charge","layer":"passenger","locationId":"446AA816-E01B-45FA-835F-6206D57A914F","name":"TNLP009876 - Oasestraat 19, Purmerend","address":"19 Oasestraat","city":"Purmerend","operatorName":"TotalEnergies","maxPowerKw":17,"isMegawatt":false,"status":"AVAILABLE","source":"ndw"}},{"type":"Feature","geometry":{"type":"Point","coordinates":[4.969451,52.509765]},"properties":{"type":"charge","layer":"passenger","locationId":"572c85b4-97f7-4825-91a0-1112c15da361","name":"John F. Kennedyplein","address":"John F. Kennedyplein 30","city":"Purmerend","operatorName":"Vattenfall InCharge","maxPowerKw":11,"isMegawatt":false,"status":"UNAVAILABLE","source":"ndw","priceKwh":0.4316}},{"type":"Feature","geometry":{"type":"Point","coordinates":[4.966384,52.51689]},"properties":{"type":"charge","layer":"passenger","locationId":"6abc1f75697f6778444aaf3fea6d722c","name":"Flevostraat 119","address":"Flevostraat 119","city":"Purmerend","operatorName":"Vattenfall InCharge","maxPowerKw":11,"isMegawatt":false,"status":"AVAILABLE","source":"ndw","priceKwh":0.2805}},{"type":"Feature","geometry":{"type":"Point","coordinates":[4.9626518,52.515988]},"properties":{"type":"charge","layer":"passenger","locationId":"2467","name":"Shell Recharge NL Scheldestraat 89","address":"Scheldestraat 89","city":"Purmerend","operatorName":"Ubitricity","maxPowerKw":22,"isMegawatt":false,"status":"AVAILABLE","source":"ndw","priceKwh":0.267}},{"type":"Feature","geometry":{"type":"Point","coordinates":[4.9401427,52.5090274]},"properties":{"type":"charge","layer":"passenger","locationId":"937","name":"Shell Recharge NL Singelbuurt 17","address":"Singelbuurt 17","city":"Purmerend","operatorName":"Ubitricity","maxPowerKw":22,"isMegawatt":false,"status":"AVAILABLE","source":"ndw","priceKwh":0.267}},{"type":"Feature","geometry":{"type":"Point","coordinates":[4.96219,52.49854]},"properties":{"type":"charge","layer":"passenger","locationId":"7E9E1383-5A64-4C0F-A032-9826BE827787","name":"PP004018 - Veenweidestraat 46, Purmerend","address":"46 Veenweidestraat","city":"Purmerend","operatorName":"TotalEnergies","maxPowerKw":11,"isMegawatt":false,"status":"AVAILABLE","source":"ndw"}},{"type":"Feature","geometry":{"type":"Point","coordinates":[5.014627,52.513766]},"properties":{"type":"charge","layer":"passenger","locationId":"NLCPIL6889945","name":"EG RETAIL PURMEREND 1","address":"6 Visserijweg","city":"Purmerend","operatorName":"ChargePoint","maxPowerKw":150,"isMegawatt":false,"status":"AVAILABLE","source":"ndw","priceKwh":0.496}},{"type":"Feature","geometry":{"type":"Point","coordinates":[4.931123,52.493427]},"properties":{"type":"charge","layer":"passenger","locationId":"0CFD898C-0F45-41FD-B211-E56E1E545C81","name":"TNLP015165 - Swazistraat 8-0, Purmerend","address":"8-0 Swazistraat","city":"Purmerend","operatorName":"TotalEnergies","maxPowerKw":17,"isMegawatt":false,"status":"AVAILABLE","source":"ndw"}},{"type":"Feature","geometry":{"type":"Point","coordinates":[4.9328,52.49785]},"properties":{"type":"charge","layer":"passenger","locationId":"226","name":"Shell Recharge NL Bossa Novastraat 51","address":"Bossa Novastraat 51","city":"Purmerend","operatorName":"Ubitricity","maxPowerKw":11,"isMegawatt":false,"status":"AVAILABLE","source":"ndw","priceKwh":0.392}},{"type":"Feature","geometry":{"type":"Point","coordinates":[4.929866,52.49537]},"properties":{"type":"charge","layer":"passenger","locationId":"B5354CC9-1F7E-4369-A452-7F6D6C60CBCA","name":"TNLP006676 - Incastraat 57, Purmerend","address":"57 Incastraat","city":"Purmerend","operatorName":"TotalEnergies","maxPowerKw":17,"isMegawatt":false,"status":"AVAILABLE","source":"ndw"}},{"type":"Feature","geometry":{"type":"Point","coordinates":[4.95357,52.51296]},"properties":{"type":"charge","layer":"passenger","locationId":"027E7C11-2870-4096-B8A2-D86359904235","name":"TNLP007529 - Johanna Naberstraat 7, Purmerend","address":"7 Johanna Naberstraat","city":"Purmerend","operatorName":"TotalEnergies","maxPowerKw":15,"isMegawatt":false,"status":"AVAILABLE","source":"ndw"}},{"type":"Feature","geometry":{"type":"Point","coordinates":[4.936482,52.488236]},"properties":{"type":"charge","layer":"passenger","locationId":"91055735","name":"50five-S NL 07000686","address":"Houtbaai 28","city":"Purmerend","operatorName":"50five","maxPowerKw":4,"isMegawatt":false,"status":"AVAILABLE","source":"ndw"}},{"type":"Feature","geometry":{"type":"Point","coordinates":[4.9618637,52.5174313]},"properties":{"type":"charge","layer":"passenger","locationId":"1343","name":"Shell Recharge NL Rivierenlaan 98","address":"Rivierenlaan 98","city":"Purmerend","operatorName":"Ubitricity","maxPowerKw":22,"isMegawatt":false,"status":"AVAILABLE","source":"ndw","priceKwh":0.267}},{"type":"Feature","geometry":{"type":"Point","coordinates":[4.97473,52.49779]},"properties":{"type":"charge","layer":"passenger","locationId":"EB7CF1F1-6ED8-4803-AFFA-93CA0C179F12","name":"TNLP006040 - Slotermeer 19, Purmerend","address":"19 Slotermeer","city":"Purmerend","operatorName":"TotalEnergies","maxPowerKw":17,"isMegawatt":false,"status":"UNAVAILABLE","source":"ndw"}},{"type":"Feature","geometry":{"type":"Point","coordinates":[4.9390258,52.4901111]},"properties":{"type":"charge","layer":"passenger","locationId":"1427","name":"Shell Recharge NL Oranjefontein 23","address":"Oranjefontein 23","city":"Purmerend","operatorName":"Ubitricity","maxPowerKw":22,"isMegawatt":false,"status":"AVAILABLE","source":"ndw","priceKwh":0.267}},{"type":"Feature","geometry":{"type":"Point","coordinates":[5.005632,52.513548]},"properties":{"type":"charge","layer":"passenger","locationId":"91110160","name":"50five-S NL 08103538","address":"Netwerk 150","city":"Purmerend","operatorName":"50five","maxPowerKw":11,"isMegawatt":false,"status":"AVAILABLE","source":"ndw"}},{"type":"Feature","geometry":{"type":"Point","coordinates":[4.94809,52.49171]},"properties":{"type":"charge","layer":"passenger","locationId":"206","name":"Shell Recharge NL Sarongstraat 87","address":"Sarongstraat 87","city":"Purmerend","operatorName":"Ubitricity","maxPowerKw":11,"isMegawatt":false,"status":"CHARGING","source":"ndw","priceKwh":0.392}},{"type":"Feature","geometry":{"type":"Point","coordinates":[4.9601353,52.5052256]},"properties":{"type":"charge","layer":"passenger","locationId":"2385","name":"Shell Recharge NL Jisperstraat 38","address":"Jisperstraat 38","city":"Purmerend","operatorName":"Ubitricity","maxPowerKw":22,"isMegawatt":false,"status":"AVAILABLE","source":"ndw","priceKwh":0.267}},{"type":"Feature","geometry":{"type":"Point","coordinates":[4.930751,52.488186]},"properties":{"type":"charge","layer":"passenger","locationId":"355627E1-7143-4F71-AA9D-0EFF748CE248","name":"TNLP009266 - Weidelandpad 3, Purmerend","address":"3 Weidelandpad","city":"Purmerend","operatorName":"TotalEnergies","maxPowerKw":15,"isMegawatt":false,"status":"AVAILABLE","source":"ndw"}},{"type":"Feature","geometry":{"type":"Point","coordinates":[4.9842369,52.498443]},"properties":{"type":"charge","layer":"passenger","locationId":"1783","name":"Shell Recharge NL Stremselstraat 36","address":"Stremselstraat 36","city":"Purmerend","operatorName":"Ubitricity","maxPowerKw":22,"isMegawatt":false,"status":"AVAILABLE","source":"ndw","priceKwh":0.267}},{"type":"Feature","geometry":{"type":"Point","coordinates":[4.939513,52.490875]},"properties":{"type":"charge","layer":"passenger","locationId":"E5F2D805-C387-46ED-A1CE-E9281CDA5485","name":"PP005295 - Wonderfontein 2, Purmerend","address":"2 Wonderfontein","city":"Purmerend","operatorName":"TotalEnergies","maxPowerKw":11,"isMegawatt":false,"status":"AVAILABLE","source":"ndw"}},{"type":"Feature","geometry":{"type":"Point","coordinates":[4.87426,52.554843]},"properties":{"type":"charge","layer":"passenger","locationId":"65cf7000818553001cf85a21","name":"CONO Laadplein 15","address":"Rijperweg 20","city":"Westbeemster","operatorName":"E-Flux by Road","maxPowerKw":6,"isMegawatt":false,"status":"AVAILABLE","source":"ndw","priceKwh":0.2}},{"type":"Feature","geometry":{"type":"Point","coordinates":[4.993734,52.50898]},"properties":{"type":"charge","layer":"passenger","locationId":"D41F8B9C-5578-4881-90E9-AC608865FE4B","name":"TNLP008519 - Maanzaadstraat 54, Purmerend","address":"54 Maanzaadstraat","city":"Purmerend","operatorName":"TotalEnergies","maxPowerKw":14,"isMegawatt":false,"status":"AVAILABLE","source":"ndw"}},{"type":"Feature","geometry":{"type":"Point","coordinates":[4.969735,52.549324]},"properties":{"type":"charge","layer":"passenger","locationId":"91069135","name":"50five-S NL 17B18159","address":"Hobrederlaan 2","city":"Zuidoostbeemster","operatorName":"50five","maxPowerKw":8,"isMegawatt":false,"status":"CHARGING","source":"ndw"}},{"type":"Feature","geometry":{"type":"Point","coordinates":[4.959427,52.50854]},"properties":{"type":"charge","layer":"passenger","locationId":"4598EB17-69E8-4192-A35E-1F3B614379AA","name":"TNLP015058 - Altair 21, Nieuwegein","address":"21 Altair","city":"Purmerend","operatorName":"TotalEnergies","maxPowerKw":17,"isMegawatt":false,"status":"UNAVAILABLE","source":"ndw"}},{"type":"Feature","geometry":{"type":"Point","coordinates":[4.96642,52.524624]},"properties":{"type":"charge","layer":"passenger","locationId":"7B3ED4AF-1C61-42A2-BC31-3D7E0E14B637","name":"TNLP006556 - Oostervenne 203, Purmerend","address":"203 Oostervenne","city":"Purmerend","operatorName":"TotalEnergies","maxPowerKw":17,"isMegawatt":false,"status":"UNAVAILABLE","source":"ndw"}},{"type":"Feature","geometry":{"type":"Point","coordinates":[4.93679,52.503697]},"properties":{"type":"charge","layer":"passenger","locationId":"384","name":"Shell Recharge NL8432 - Shell Weidevenne","address":"Laan der Continenten 15","city":"Purmerend","operatorName":"Shell Recharge","maxPowerKw":300,"isMegawatt":false,"status":"AVAILABLE","source":"ndw","priceKwh":0.7025}},{"type":"Feature","geometry":{"type":"Point","coordinates":[4.965283,52.491493]},"properties":{"type":"charge","layer":"passenger","locationId":"4133088C-7D68-4F97-AB7A-4D3C37E5E24D","name":"TNLP009059 - Jan Bijhouwerstraat 98, Purmerend","address":"98 Jan Bijhouwerstraat","city":"Purmerend","operatorName":"TotalEnergies","maxPowerKw":15,"isMegawatt":false,"status":"AVAILABLE","source":"ndw"}},{"type":"Feature","geometry":{"type":"Point","coordinates":[4.973495,52.495876]},"properties":{"type":"charge","layer":"passenger","locationId":"B9D2D5A1-5BDD-485C-B12C-A7F5654A451F","name":"TNLP009153 - Grevelingenmeer 121, Purmerend","address":"121 Grevelingenmeer","city":"Purmerend","operatorName":"TotalEnergies","maxPowerKw":15,"isMegawatt":false,"status":"AVAILABLE","source":"ndw"}},{"type":"Feature","geometry":{"type":"Point","coordinates":[4.957732,52.487114]},"properties":{"type":"charge","layer":"passenger","locationId":"9BC5527A-B2FA-40F4-B550-B07722E0A901","name":"TNLP008635 - Steve Bikostraat 19, Purmerend","address":"19 Steve Bikostraat","city":"Purmerend","operatorName":"TotalEnergies","maxPowerKw":13,"isMegawatt":false,"status":"AVAILABLE","source":"ndw"}},{"type":"Feature","geometry":{"type":"Point","coordinates":[4.874897,52.555539]},"properties":{"type":"charge","layer":"passenger","locationId":"65c0e72d0f9fb2001cc4ab0e","name":"CONO Bezoekers 02","address":"Rijperweg 20","city":"Westbeemster","operatorName":"E-Flux by Road","maxPowerKw":11,"isMegawatt":false,"status":"AVAILABLE","source":"ndw","priceKwh":0.2}},{"type":"Feature","geometry":{"type":"Point","coordinates":[4.97156,52.504593]},"properties":{"type":"charge","layer":"passenger","locationId":"83C2C989-F2B8-4283-80FB-B2E20555417A","name":"TNLP007758 - Johan Wagenaarstraat 59, Purmerend","address":"59 Johan Wagenaarstraat","city":"Purmerend","operatorName":"TotalEnergies","maxPowerKw":15,"isMegawatt":false,"status":"AVAILABLE","source":"ndw"}},{"type":"Feature","geometry":{"type":"Point","coordinates":[4.916947,52.544546]},"properties":{"type":"charge","layer":"passenger","locationId":"922754","name":"DAE-NL-2000103","address":"Werelderfgoed 46","city":"Middenbeemster","operatorName":"DAEN Mobility","maxPowerKw":11,"isMegawatt":false,"status":"UNAVAILABLE","source":"ndw","priceKwh":0.6}},{"type":"Feature","geometry":{"type":"Point","coordinates":[4.937143,52.510464]},"properties":{"type":"charge","layer":"passenger","locationId":"89629478-4922-4A19-A833-78709EA727EA","name":"PP005629 - Verbindingsweg 1, Purmerend","address":"1 Verbindingsweg","city":"Purmerend","operatorName":"TotalEnergies","maxPowerKw":11,"isMegawatt":false,"status":"AVAILABLE","source":"ndw"}},{"type":"Feature","geometry":{"type":"Point","coordinates":[4.917062,52.544273]},"properties":{"type":"charge","layer":"passenger","locationId":"89867383-EE54-4E03-A0FC-B2C14767EEC5","name":"TNLP009787 - Werelderfgoed 54, Middenbeemster","address":"54 Werelderfgoed","city":"Middenbeemster","operatorName":"TotalEnergies","maxPowerKw":17,"isMegawatt":false,"status":"UNAVAILABLE","source":"ndw"}},{"type":"Feature","geometry":{"type":"Point","coordinates":[4.998203,52.51311]},"properties":{"type":"charge","layer":"passenger","locationId":"923440","name":"DAE-NL-2000222","address":"Newtonstraat 21","city":"Purmerend","operatorName":"DAEN Mobility","maxPowerKw":11,"isMegawatt":false,"status":"AVAILABLE","source":"ndw","priceKwh":0.29}},{"type":"Feature","geometry":{"type":"Point","coordinates":[4.97285,52.518916]},"properties":{"type":"charge","layer":"passenger","locationId":"656a097491cd4d001cdc72ac","name":"H20 Esports Campus","address":"Spinnekop 2","city":"Purmerend","operatorName":"E-Flux by Road","maxPowerKw":22,"isMegawatt":false,"status":"AVAILABLE","source":"ndw","priceKwh":0.35}},{"type":"Feature","geometry":{"type":"Point","coordinates":[4.943544,52.51918]},"properties":{"type":"charge","layer":"passenger","locationId":"D921A110-D769-4ABD-8743-7A4CA4156388","name":"TNLP007970 - Benonistraat 18, Zuidoostbeemster","address":"18 Benonistraat","city":"Zuidoostbeemster","operatorName":"TotalEnergies","maxPowerKw":17,"isMegawatt":false,"status":"UNAVAILABLE","source":"ndw"}},{"type":"Feature","geometry":{"type":"Point","coordinates":[4.94666,52.49406]},"properties":{"type":"charge","layer":"passenger","locationId":"E0D7BCA8-7372-4C65-BA6C-5671B5DB03DF","name":"PP004227 - Lotusstraat 15, Purmerend","address":"15 Lotusstraat","city":"Purmerend","operatorName":"TotalEnergies","maxPowerKw":11,"isMegawatt":false,"status":"AVAILABLE","source":"ndw"}},{"type":"Feature","geometry":{"type":"Point","coordinates":[4.95727,52.54597]},"properties":{"type":"charge","layer":"passenger","locationId":"31114","name":"Fastned Middelsloot","address":"Middelsloot A7","city":"Middenbeemster","operatorName":"Fastned","maxPowerKw":300,"isMegawatt":false,"status":"AVAILABLE","source":"ndw","priceKwh":0.6364}},{"type":"Feature","geometry":{"type":"Point","coordinates":[4.961293,52.49179]},"properties":{"type":"charge","layer":"passenger","locationId":"E8A6C5C4-16CA-4DBC-91E4-9004B332C311","name":"TNLP009045 - Johan Abersonstraat 66, Purmerend","address":"66 Johan Abersonstraat","city":"Purmerend","operatorName":"TotalEnergies","maxPowerKw":15,"isMegawatt":false,"status":"AVAILABLE","source":"ndw"}},{"type":"Feature","geometry":{"type":"Point","coordinates":[4.97828,52.519462]},"properties":{"type":"charge","layer":"passenger","locationId":"69eb0c93f7f7dea55c3c5774","name":"W.J. Bladergroen (Purmerendse Scholen Groep)","address":"Flevostraat 257","city":"Purmerend","operatorName":"PureCharged","maxPowerKw":11,"isMegawatt":false,"status":"AVAILABLE","source":"ndw","priceKwh":0.3688}},{"type":"Feature","geometry":{"type":"Point","coordinates":[4.9758606,52.4948516]},"properties":{"type":"charge","layer":"passenger","locationId":"2655","name":"Shell Recharge NL Lauwersmeer 44","address":"Lauwersmeer 44","city":"Purmerend","operatorName":"Ubitricity","maxPowerKw":22,"isMegawatt":false,"status":"AVAILABLE","source":"ndw","priceKwh":0.267}},{"type":"Feature","geometry":{"type":"Point","coordinates":[4.948703,52.518294]},"properties":{"type":"charge","layer":"passenger","locationId":"6dbb58816224ac3d6235a1979464da31","name":"Tulameenpad 24","address":"Tulameenpad 24","city":"Zuidoostbeemster","operatorName":"Vattenfall InCharge","maxPowerKw":11,"isMegawatt":false,"status":"CHARGING","source":"ndw","priceKwh":0.2805}},{"type":"Feature","geometry":{"type":"Point","coordinates":[4.9668522,52.5152141]},"properties":{"type":"charge","layer":"passenger","locationId":"1161","name":"Shell Recharge NL Olympiastraat 3","address":"Olympiastraat 3","city":"Purmerend","operatorName":"Ubitricity","maxPowerKw":22,"isMegawatt":false,"status":"AVAILABLE","source":"ndw","priceKwh":0.267}},{"type":"Feature","geometry":{"type":"Point","coordinates":[4.90463,52.55221]},"properties":{"type":"charge","layer":"passenger","locationId":"25","name":"Shell Recharge NL Insulindeweg 11","address":"Insulindeweg 11","city":"Middenbeemster","operatorName":"Ubitricity","maxPowerKw":11,"isMegawatt":false,"status":"AVAILABLE","source":"ndw","priceKwh":0.392}},{"type":"Feature","geometry":{"type":"Point","coordinates":[4.95786,52.48882]},"properties":{"type":"charge","layer":"passenger","locationId":"172","name":"Shell Recharge NL Ruth Firststraat 16","address":"Ruth Firststraat 16","city":"Purmerend","operatorName":"Ubitricity","maxPowerKw":11,"isMegawatt":false,"status":"AVAILABLE","source":"ndw","priceKwh":0.392}},{"type":"Feature","geometry":{"type":"Point","coordinates":[4.941867,52.559232]},"properties":{"type":"charge","layer":"passenger","locationId":"6a7461601a230c09c56d33e2","name":"Paardensportcentrum Pegasus Laadpaal 1","address":"Hobrederweg 18","city":"Middenbeemster","operatorName":"E-Flux by Road","maxPowerKw":22,"isMegawatt":false,"status":"AVAILABLE","source":"ndw","priceKwh":0.53}},{"type":"Feature","geometry":{"type":"Point","coordinates":[4.956911,52.50085]},"properties":{"type":"charge","layer":"passenger","locationId":"AC6FD02F-8C94-4E89-BA6A-45E9F0C729F5","name":"TNLP015019 - Dobbestraat 1, Purmerend","address":"1 Dobbestraat","city":"Purmerend","operatorName":"TotalEnergies","maxPowerKw":17,"isMegawatt":false,"status":"AVAILABLE","source":"ndw"}},{"type":"Feature","geometry":{"type":"Point","coordinates":[4.953374,52.49475]},"properties":{"type":"charge","layer":"passenger","locationId":"67d17e7e13382a7be5343d2c","name":"NXT 50five - Purmerend - Zwanebloem 4 - DC","address":"Zwanebloem 4","city":"Purmerend","operatorName":"NXT50Five","maxPowerKw":50,"isMegawatt":false,"status":"AVAILABLE","source":"ndw","priceKwh":0.63}},{"type":"Feature","geometry":{"type":"Point","coordinates":[4.941876,52.5068]},"properties":{"type":"charge","layer":"passenger","locationId":"BDE7B021-47C4-43FB-B759-528FF1A11ED9","name":"TNLP009991 - Genuahaven 25A, Purmerend","address":"25A Genuahaven","city":"Purmerend","operatorName":"TotalEnergies","maxPowerKw":17,"isMegawatt":false,"status":"AVAILABLE","source":"ndw"}},{"type":"Feature","geometry":{"type":"Point","coordinates":[5.004904,52.510609]},"properties":{"type":"charge","layer":"passenger","locationId":"4731893","name":"Laadnet Knook Totaal","address":"Netwerk 31","city":"Purmerend","operatorName":"Laadnet","maxPowerKw":11,"isMegawatt":false,"status":"AVAILABLE","source":"ndw"}},{"type":"Feature","geometry":{"type":"Point","coordinates":[4.97764,52.50909]},"properties":{"type":"charge","layer":"passenger","locationId":"533","name":"Shell Recharge NL Kadoelenstraat 1","address":"Kadoelenstraat 1","city":"Purmerend","operatorName":"Ubitricity","maxPowerKw":11,"isMegawatt":false,"status":"AVAILABLE","source":"ndw","priceKwh":0.392}},{"type":"Feature","geometry":{"type":"Point","coordinates":[4.9722756,52.5094502]},"properties":{"type":"charge","layer":"passenger","locationId":"1182","name":"Shell Recharge NL Anne Franklaan 44","address":"Anne Franklaan 44","city":"Purmerend","operatorName":"Ubitricity","maxPowerKw":22,"isMegawatt":false,"status":"AVAILABLE","source":"ndw","priceKwh":0.267}},{"type":"Feature","geometry":{"type":"Point","coordinates":[4.948047,52.501625]},"properties":{"type":"charge","layer":"passenger","locationId":"03888849-5202-43B5-89F0-C28D4E8D7A1E","name":"TNLP005795 - Goudenregenstraat 84, Purmerend","address":"84 Goudenregenstraat","city":"Purmerend","operatorName":"TotalEnergies","maxPowerKw":17,"isMegawatt":false,"status":"AVAILABLE","source":"ndw"}},{"type":"Feature","geometry":{"type":"Point","coordinates":[4.92654,52.49569]},"properties":{"type":"charge","layer":"passenger","locationId":"63817011775574d30a1250b6c15a809c","name":"Mississippistraat 47","address":"Mississippistraat 47","city":"Purmerend","operatorName":"Vattenfall InCharge","maxPowerKw":11,"isMegawatt":false,"status":"CHARGING","source":"ndw","priceKwh":0.2805}},{"type":"Feature","geometry":{"type":"Point","coordinates":[4.9795136,52.5196072]},"properties":{"type":"charge","layer":"passenger","locationId":"884","name":"Shell Recharge NL Kwadijkerpark 122","address":"Kwadijkerpark 122","city":"Purmerend","operatorName":"Ubitricity","maxPowerKw":22,"isMegawatt":false,"status":"AVAILABLE","source":"ndw","priceKwh":0.267}},{"type":"Feature","geometry":{"type":"Point","coordinates":[4.874064,52.554532]},"properties":{"type":"charge","layer":"passenger","locationId":"6728c806bae1bf0ab2cbf46e","name":"CONO Laadplein 05","address":"Rijperweg 20","city":"Westbeemster","operatorName":"E-Flux by Road","maxPowerKw":11,"isMegawatt":false,"status":"AVAILABLE","source":"ndw","priceKwh":0.2}},{"type":"Feature","geometry":{"type":"Point","coordinates":[4.92856,52.49648]},"properties":{"type":"charge","layer":"passenger","locationId":"8098e90d-a0c9-4f17-beea-8179274c853b","name":"PP001750 - Amazonelaan 102, Purmerend","address":"102 Amazonelaan","city":"Purmerend","operatorName":"TotalEnergies","maxPowerKw":11,"isMegawatt":false,"status":"AVAILABLE","source":"ndw"}},{"type":"Feature","geometry":{"type":"Point","coordinates":[4.962414,52.492577]},"properties":{"type":"charge","layer":"passenger","locationId":"7A9160B3-B093-430E-BBF7-879DE90F875D","name":"TNLP005793 - Clara Visserstraat 102, Purmerend","address":"102 Clara Visserstraat","city":"Purmerend","operatorName":"TotalEnergies","maxPowerKw":11,"isMegawatt":false,"status":"AVAILABLE","source":"ndw"}},{"type":"Feature","geometry":{"type":"Point","coordinates":[4.874876,52.555562]},"properties":{"type":"charge","layer":"passenger","locationId":"65c381eaa4c733001c18db6a","name":"CONO Bezoekers 04","address":"Rijperweg 20","city":"Westbeemster","operatorName":"E-Flux by Road","maxPowerKw":4,"isMegawatt":false,"status":"AVAILABLE","source":"ndw","priceKwh":0.2}},{"type":"Feature","geometry":{"type":"Point","coordinates":[4.9500664,52.4865103]},"properties":{"type":"charge","layer":"passenger","locationId":"880","name":"Shell Recharge NL Verzetslaan 3","address":"Verzetslaan 3","city":"Purmerend","operatorName":"Ubitricity","maxPowerKw":22,"isMegawatt":false,"status":"AVAILABLE","source":"ndw","priceKwh":0.267}},{"type":"Feature","geometry":{"type":"Point","coordinates":[4.971236,52.493285]},"properties":{"type":"charge","layer":"passenger","locationId":"4eaaaf5fa91c4a83bbd23e21da576520","name":"Naardermeer 24","address":"Naardermeer 24","city":"Purmerend","operatorName":"Vattenfall InCharge","maxPowerKw":11,"isMegawatt":false,"status":"AVAILABLE","source":"ndw","priceKwh":0.2805}},{"type":"Feature","geometry":{"type":"Point","coordinates":[4.956667,52.52117]},"properties":{"type":"charge","layer":"passenger","locationId":"94B958FA-AE2C-4F79-BEAC-15620A111040","name":"TNLP009572 - Burgemeester D. Kooimanweg 245, Purmerend","address":"245 Burgemeester D. Kooimanweg","city":"Purmerend","operatorName":"TotalEnergies","maxPowerKw":17,"isMegawatt":false,"status":"UNAVAILABLE","source":"ndw"}},{"type":"Feature","geometry":{"type":"Point","coordinates":[4.947418,52.510768]},"properties":{"type":"charge","layer":"passenger","locationId":"0bf6290f7a6ae05a95bf333ebe82c049","name":"Weerwal 3","address":"Weerwal 3","city":"Purmerend","operatorName":"Vattenfall InCharge","maxPowerKw":11,"isMegawatt":false,"status":"AVAILABLE","source":"ndw","priceKwh":0.2805}},{"type":"Feature","geometry":{"type":"Point","coordinates":[4.9801171,52.5068385]},"properties":{"type":"charge","layer":"passenger","locationId":"1446","name":"Shell Recharge NL Kouterstraat 12","address":"Kouterstraat 12","city":"Purmerend","operatorName":"Ubitricity","maxPowerKw":22,"isMegawatt":false,"status":"AVAILABLE","source":"ndw","priceKwh":0.267}},{"type":"Feature","geometry":{"type":"Point","coordinates":[4.9653505,52.4896382]},"properties":{"type":"charge","layer":"passenger","locationId":"1329","name":"Shell Recharge NL Persijnlaan 92","address":"Persijnlaan 92","city":"Purmerend","operatorName":"Ubitricity","maxPowerKw":22,"isMegawatt":false,"status":"AVAILABLE","source":"ndw","priceKwh":0.267}},{"type":"Feature","geometry":{"type":"Point","coordinates":[4.9389472,52.5103942]},"properties":{"type":"charge","layer":"passenger","locationId":"797","name":"Shell Recharge NL Pleinbuurt 26","address":"Pleinbuurt 26","city":"Purmerend","operatorName":"Ubitricity","maxPowerKw":22,"isMegawatt":false,"status":"UNAVAILABLE","source":"ndw","priceKwh":0.267}},{"type":"Feature","geometry":{"type":"Point","coordinates":[4.9349138,52.4995199]},"properties":{"type":"charge","layer":"passenger","locationId":"2095","name":"Shell Recharge NL Mambostraat 7","address":"Mambostraat 7","city":"Purmerend","operatorName":"Ubitricity","maxPowerKw":22,"isMegawatt":false,"status":"AVAILABLE","source":"ndw","priceKwh":0.267}},{"type":"Feature","geometry":{"type":"Point","coordinates":[4.9678,52.4883]},"properties":{"type":"charge","layer":"passenger","locationId":"573","name":"Shell Recharge NL Bachstraat 4","address":"Bachstraat 4","city":"Purmerend","operatorName":"Ubitricity","maxPowerKw":11,"isMegawatt":false,"status":"AVAILABLE","source":"ndw","priceKwh":0.392}},{"type":"Feature","geometry":{"type":"Point","coordinates":[4.932752,52.499985]},"properties":{"type":"charge","layer":"passenger","locationId":"0FF77AE7-BCBE-4454-AA83-CFC05F797A9C","name":"TNLP008965 - Amazonelaan 64, Purmerend","address":"64 Amazonelaan","city":"Purmerend","operatorName":"TotalEnergies","maxPowerKw":14,"isMegawatt":false,"status":"AVAILABLE","source":"ndw"}},{"type":"Feature","geometry":{"type":"Point","coordinates":[4.965686,52.504185]},"properties":{"type":"charge","layer":"passenger","locationId":"bdeae4e81b89645b86c09c02b3d507b6","name":"De Wherelanden 118","address":"De Wherelanden 118","city":"Purmerend","operatorName":"Vattenfall InCharge","maxPowerKw":11,"isMegawatt":false,"status":"AVAILABLE","source":"ndw","priceKwh":0.2805}},{"type":"Feature","geometry":{"type":"Point","coordinates":[4.97199,52.50075]},"properties":{"type":"charge","layer":"passenger","locationId":"107","name":"Shell Recharge NL Leeghwaterpark 1","address":"Leeghwaterpark 1","city":"Purmerend","operatorName":"Ubitricity","maxPowerKw":11,"isMegawatt":false,"status":"CHARGING","source":"ndw","priceKwh":0.392}},{"type":"Feature","geometry":{"type":"Point","coordinates":[4.96201,52.50713]},"properties":{"type":"charge","layer":"passenger","locationId":"384","name":"Shell Recharge NL Orionweg 49","address":"Orionweg 49","city":"Purmerend","operatorName":"Ubitricity","maxPowerKw":11,"isMegawatt":false,"status":"AVAILABLE","source":"ndw","priceKwh":0.392}},{"type":"Feature","geometry":{"type":"Point","coordinates":[4.99793,52.51849]},"properties":{"type":"charge","layer":"passenger","locationId":"87C1F0E0-EBCA-48DA-987E-3948E360E120","name":"Eneco eMobility Broekhuis Volkswagen Seat Skoda Audi Purmerend","address":"Binnenzeestraat 5-7","city":"Purmerend","operatorName":"Eneco","maxPowerKw":22,"isMegawatt":false,"status":"AVAILABLE","source":"ndw","priceKwh":0.32}},{"type":"Feature","geometry":{"type":"Point","coordinates":[4.952902,52.495922]},"properties":{"type":"charge","layer":"passenger","locationId":"4F4D93CB-80D1-4E38-80A4-085063B972D8","name":"TNLP006489 - Vlasleeuwenbek 41, Purmerend","address":"41 Vlasleeuwenbek","city":"Purmerend","operatorName":"TotalEnergies","maxPowerKw":17,"isMegawatt":false,"status":"AVAILABLE","source":"ndw"}},{"type":"Feature","geometry":{"type":"Point","coordinates":[4.926965,52.497368]},"properties":{"type":"charge","layer":"passenger","locationId":"4D28C975-FCC3-41F5-B8CA-5DF6A7F3F349","name":"TNLP006668 - Rio Grandestraat 33, Purmerend","address":"33 Rio Grandestraat","city":"Purmerend","operatorName":"TotalEnergies","maxPowerKw":17,"isMegawatt":false,"status":"AVAILABLE","source":"ndw"}},{"type":"Feature","geometry":{"type":"Point","coordinates":[4.97295,52.51888]},"properties":{"type":"charge","layer":"passenger","locationId":"180DFDF7-DD24-41DB-84F5-3BF4E82920C0","name":"PP004183 - Spinnekop 3, Purmerend","address":"3 Spinnekop","city":"Purmerend","operatorName":"TotalEnergies","maxPowerKw":11,"isMegawatt":false,"status":"UNAVAILABLE","source":"ndw"}},{"type":"Feature","geometry":{"type":"Point","coordinates":[4.9796782,52.5023631]},"properties":{"type":"charge","layer":"passenger","locationId":"1238","name":"Shell Recharge NL Etserstraat 8","address":"Etserstraat 8","city":"Purmerend","operatorName":"Ubitricity","maxPowerKw":22,"isMegawatt":false,"status":"AVAILABLE","source":"ndw","priceKwh":0.267}},{"type":"Feature","geometry":{"type":"Point","coordinates":[4.97285,52.518916]},"properties":{"type":"charge","layer":"passenger","locationId":"656a0a8aa9ff04001c270cac","name":"H20 Esports Campus","address":"Spinnekop 2","city":"Purmerend","operatorName":"E-Flux by Road","maxPowerKw":22,"isMegawatt":false,"status":"AVAILABLE","source":"ndw","priceKwh":0.35}},{"type":"Feature","geometry":{"type":"Point","coordinates":[4.948009,52.503887]},"properties":{"type":"charge","layer":"passenger","locationId":"1EEA29EE-53BC-4570-82B6-BAF48D0710A2","name":"TNLP007411 - Anemonenstraat 20, Purmerend","address":"20 Anemonenstraat","city":"Purmerend","operatorName":"TotalEnergies","maxPowerKw":15,"isMegawatt":false,"status":"AVAILABLE","source":"ndw"}},{"type":"Feature","geometry":{"type":"Point","coordinates":[4.983843,52.521044]},"properties":{"type":"charge","layer":"passenger","locationId":"23babf436ea6defc4c20b23c4450b40d","name":"Kwadijkerpark 37","address":"Kwadijkerpark 37","city":"Purmerend","operatorName":"Vattenfall InCharge","maxPowerKw":11,"isMegawatt":false,"status":"AVAILABLE","source":"ndw","priceKwh":0.2805}},{"type":"Feature","geometry":{"type":"Point","coordinates":[4.984618,52.51175]},"properties":{"type":"charge","layer":"passenger","locationId":"F60A4119-2739-47B1-8D21-0FFEAE487E46","name":"TNLP009316 - Middenakker 41, Purmerend","address":"41 Middenakker","city":"Purmerend","operatorName":"TotalEnergies","maxPowerKw":15,"isMegawatt":false,"status":"AVAILABLE","source":"ndw"}},{"type":"Feature","geometry":{"type":"Point","coordinates":[4.974787,52.48809]},"properties":{"type":"charge","layer":"passenger","locationId":"EC783D51-5943-442E-9387-911FBB943881","name":"TNLP009183 - De Goedemeent 29, Purmerend","address":"29 De Goedemeent","city":"Purmerend","operatorName":"TotalEnergies","maxPowerKw":15,"isMegawatt":false,"status":"CHARGING","source":"ndw"}},{"type":"Feature","geometry":{"type":"Point","coordinates":[4.998203,52.51311]},"properties":{"type":"charge","layer":"passenger","locationId":"923439","name":"DAE-NL-2000221","address":"Newtonstraat 21","city":"Purmerend","operatorName":"DAEN Mobility","maxPowerKw":11,"isMegawatt":false,"status":"AVAILABLE","source":"ndw","priceKwh":0.29}},{"type":"Feature","geometry":{"type":"Point","coordinates":[4.964135,52.48782]},"properties":{"type":"charge","layer":"passenger","locationId":"11585F1F-9090-41E6-A669-C57528EC29B6","name":"TNLP015016 - Brahmsstraat 72, Purmerend","address":"72 Brahmsstraat","city":"Purmerend","operatorName":"TotalEnergies","maxPowerKw":17,"isMegawatt":false,"status":"AVAILABLE","source":"ndw"}},{"type":"Feature","geometry":{"type":"Point","coordinates":[4.984039,52.508736]},"properties":{"type":"charge","layer":"passenger","locationId":"7BD7F45C-9A04-4B16-852E-66AC75490742","name":"TNLP008003 - Lamoenstraat 108, Purmerend","address":"108 Lamoenstraat","city":"Purmerend","operatorName":"TotalEnergies","maxPowerKw":17,"isMegawatt":false,"status":"UNAVAILABLE","source":"ndw"}},{"type":"Feature","geometry":{"type":"Point","coordinates":[5.004029,52.510909]},"properties":{"type":"charge","layer":"passenger","locationId":"69a552e729cbf268cbeeee2f","name":"Global Mail BV","address":"Netwerk 19","city":"Purmerend","operatorName":"E-Flux by Road","maxPowerKw":22,"isMegawatt":false,"status":"AVAILABLE","source":"ndw","priceKwh":0.28}},{"type":"Feature","geometry":{"type":"Point","coordinates":[4.95136,52.50841]},"properties":{"type":"charge","layer":"passenger","locationId":"fcf921da-06f3-4255-a4b0-35b672df2ef8","name":"PP001224 - Looiersplein 1, Purmerend","address":"1 Looiersplein","city":"Purmerend","operatorName":"TotalEnergies","maxPowerKw":11,"isMegawatt":false,"status":"UNAVAILABLE","source":"ndw"}},{"type":"Feature","geometry":{"type":"Point","coordinates":[4.999835,52.512523]},"properties":{"type":"charge","layer":"passenger","locationId":"1607503","name":"Laadnet Bert Jonk Verhuur Kantoor","address":"Einsteinstraat 11","city":"Purmerend","operatorName":"Laadnet","maxPowerKw":22,"isMegawatt":false,"status":"AVAILABLE","source":"ndw"}},{"type":"Feature","geometry":{"type":"Point","coordinates":[4.959259,52.510056]},"properties":{"type":"charge","layer":"passenger","locationId":"3C04360C-82F9-4C37-BE10-9231BC05FEEC","name":"Eneco eMobility Albert Heijn - Burgemeester D. Kooimanweg 16","address":"Burgemeester D. Kooimanweg 16","city":"Purmerend","operatorName":"Eneco","maxPowerKw":50,"isMegawatt":false,"status":"AVAILABLE","source":"ndw","priceKwh":0.35}},{"type":"Feature","geometry":{"type":"Point","coordinates":[4.9833372,52.5047873]},"properties":{"type":"charge","layer":"passenger","locationId":"2317","name":"Shell Recharge NL Overlanderstraat 471","address":"Overlanderstraat 471","city":"Purmerend","operatorName":"Ubitricity","maxPowerKw":22,"isMegawatt":false,"status":"AVAILABLE","source":"ndw","priceKwh":0.267}},{"type":"Feature","geometry":{"type":"Point","coordinates":[4.9892486,52.5027721]},"properties":{"type":"charge","layer":"passenger","locationId":"1344","name":"Shell Recharge NL Roedestraat 17","address":"Roedestraat 17","city":"Purmerend","operatorName":"Ubitricity","maxPowerKw":22,"isMegawatt":false,"status":"AVAILABLE","source":"ndw","priceKwh":0.267}},{"type":"Feature","geometry":{"type":"Point","coordinates":[4.960776,52.490086]},"properties":{"type":"charge","layer":"passenger","locationId":"99854519-8545-4CFF-BDF0-78415E18028A","name":"TNLP009451 - Clara Visserstraat 21, Purmerend","address":"21 Clara Visserstraat","city":"Purmerend","operatorName":"TotalEnergies","maxPowerKw":17,"isMegawatt":false,"status":"CHARGING","source":"ndw"}},{"type":"Feature","geometry":{"type":"Point","coordinates":[4.9450704,52.494496]},"properties":{"type":"charge","layer":"passenger","locationId":"1299","name":"Shell Recharge NL Lotusstraat 3","address":"Lotusstraat 3","city":"Purmerend","operatorName":"Ubitricity","maxPowerKw":22,"isMegawatt":false,"status":"AVAILABLE","source":"ndw","priceKwh":0.267}},{"type":"Feature","geometry":{"type":"Point","coordinates":[4.966696,52.50948]},"properties":{"type":"charge","layer":"passenger","locationId":"9da791ae-e440-4caf-b2c0-b54041869512","name":"TNLP007835 - Kometenstraat 7, Purmerend","address":"7 Kometenstraat","city":"Purmerend","operatorName":"TotalEnergies","maxPowerKw":15,"isMegawatt":false,"status":"AVAILABLE","source":"ndw"}},{"type":"Feature","geometry":{"type":"Point","coordinates":[4.93435,52.490677]},"properties":{"type":"charge","layer":"passenger","locationId":"2DC57A19-D3D1-48FB-B8C1-1DBAFA8451B9","name":"TNLP007405 - Ivoorkust 1, Purmerend","address":"1 Ivoorkust","city":"Purmerend","operatorName":"TotalEnergies","maxPowerKw":17,"isMegawatt":false,"status":"AVAILABLE","source":"ndw"}},{"type":"Feature","geometry":{"type":"Point","coordinates":[4.985797,52.506325]},"properties":{"type":"charge","layer":"passenger","locationId":"4062B463-72DC-429B-9AAB-3E6A62C577BE","name":"TNLP009547 - Gildeplein 17 17, Purmerend","address":"17 17 Gildeplein","city":"Purmerend","operatorName":"TotalEnergies","maxPowerKw":15,"isMegawatt":false,"status":"AVAILABLE","source":"ndw"}},{"type":"Feature","geometry":{"type":"Point","coordinates":[4.9380601,52.492877]},"properties":{"type":"charge","layer":"passenger","locationId":"1817","name":"Shell Recharge NL Faraostraat 19","address":"Faraostraat 19","city":"Purmerend","operatorName":"Ubitricity","maxPowerKw":22,"isMegawatt":false,"status":"AVAILABLE","source":"ndw","priceKwh":0.267}},{"type":"Feature","geometry":{"type":"Point","coordinates":[4.943242,52.502403]},"properties":{"type":"charge","layer":"passenger","locationId":"33EB4A64-B929-4796-8109-99AE9F1D54E9","name":"TNLP034243 - Saarland 58, Purmerend","address":"58 Saarland","city":"Purmerend","operatorName":"TotalEnergies","maxPowerKw":13,"isMegawatt":false,"status":"CHARGING","source":"ndw"}},{"type":"Feature","geometry":{"type":"Point","coordinates":[4.9426494,52.5002821]},"properties":{"type":"charge","layer":"passenger","locationId":"1999","name":"Shell Recharge NL Monceaupark 24","address":"Monceaupark 24","city":"Purmerend","operatorName":"Ubitricity","maxPowerKw":22,"isMegawatt":false,"status":"AVAILABLE","source":"ndw","priceKwh":0.267}},{"type":"Feature","geometry":{"type":"Point","coordinates":[4.933788,52.500126]},"properties":{"type":"charge","layer":"passenger","locationId":"94DCBE23-CD30-4A3E-9FA8-011938C3B676","name":"TNLP007182 - Amazonelaan 52, Purmerend","address":"52 Amazonelaan","city":"Purmerend","operatorName":"TotalEnergies","maxPowerKw":17,"isMegawatt":false,"status":"AVAILABLE","source":"ndw"}},{"type":"Feature","geometry":{"type":"Point","coordinates":[4.874011,52.554456]},"properties":{"type":"charge","layer":"passenger","locationId":"671a1744078783001c83780e","name":"CONO Laadplein 03","address":"Rijperweg 20","city":"Westbeemster","operatorName":"E-Flux by Road","maxPowerKw":11,"isMegawatt":false,"status":"AVAILABLE","source":"ndw","priceKwh":0.2}},{"type":"Feature","geometry":{"type":"Point","coordinates":[4.96847,52.49407]},"properties":{"type":"charge","layer":"passenger","locationId":"1652","name":"Shell Recharge NL Van Burgplein 15","address":"Van Burgplein 15","city":"Purmerend","operatorName":"Ubitricity","maxPowerKw":11,"isMegawatt":false,"status":"AVAILABLE","source":"ndw","priceKwh":0.392}},{"type":"Feature","geometry":{"type":"Point","coordinates":[4.860057,52.560364]},"properties":{"type":"charge","layer":"passenger","locationId":"E3C29FC3-70FE-4673-AAA1-2603991E5BA6","name":"TNLP007655 - Rijperweg 5, Westbeemster","address":"5 Rijperweg","city":"Westbeemster","operatorName":"TotalEnergies","maxPowerKw":17,"isMegawatt":false,"status":"UNAVAILABLE","source":"ndw"}},{"type":"Feature","geometry":{"type":"Point","coordinates":[4.9451331,52.4996486]},"properties":{"type":"charge","layer":"passenger","locationId":"947","name":"Shell Recharge NL Borghesepark 87","address":"Borghesepark 87","city":"Purmerend","operatorName":"Ubitricity","maxPowerKw":22,"isMegawatt":false,"status":"AVAILABLE","source":"ndw","priceKwh":0.267}},{"type":"Feature","geometry":{"type":"Point","coordinates":[4.980909,52.51694]},"properties":{"type":"charge","layer":"passenger","locationId":"NLCPIL7417375","name":"FOURCE BV PURMEREND 1","address":"401 Van IJsendijkstraat","city":"Purmerend","operatorName":"ChargePoint","maxPowerKw":22,"isMegawatt":false,"status":"AVAILABLE","source":"ndw","priceKwh":0.5}},{"type":"Feature","geometry":{"type":"Point","coordinates":[4.940043,52.49225]},"properties":{"type":"charge","layer":"passenger","locationId":"305E6D88-04D7-4387-9D68-EAE136BE00B9","name":"TNLP009180 - Karavaanstraat 186, Purmerend","address":"186 Karavaanstraat","city":"Purmerend","operatorName":"TotalEnergies","maxPowerKw":17,"isMegawatt":false,"status":"CHARGING","source":"ndw"}},{"type":"Feature","geometry":{"type":"Point","coordinates":[5.009142,52.512422]},"properties":{"type":"charge","layer":"passenger","locationId":"60305446","name":"Van Leeuwen Netwerk 120","address":"Netwerk 120","city":"Purmerend","operatorName":"Van Leeuwen","maxPowerKw":22,"isMegawatt":false,"status":"UNAVAILABLE","source":"ndw"}},{"type":"Feature","geometry":{"type":"Point","coordinates":[4.960479,52.503746]},"properties":{"type":"charge","layer":"passenger","locationId":"4338D575-F0F8-48DD-9E32-D1A2AAECEC8A","name":"TNLP007436 - Katwoudestraat 1, Purmerend","address":"1 Katwoudestraat","city":"Purmerend","operatorName":"TotalEnergies","maxPowerKw":15,"isMegawatt":false,"status":"AVAILABLE","source":"ndw"}},{"type":"Feature","geometry":{"type":"Point","coordinates":[4.874938,52.555598]},"properties":{"type":"charge","layer":"passenger","locationId":"65d48c282ab6a9001ca6d698","name":"CONO Bezoekers 03","address":"Rijperweg 20","city":"Westbeemster","operatorName":"E-Flux by Road","maxPowerKw":11,"isMegawatt":false,"status":"AVAILABLE","source":"ndw","priceKwh":0.2}},{"type":"Feature","geometry":{"type":"Point","coordinates":[4.971157,52.490257]},"properties":{"type":"charge","layer":"passenger","locationId":"21BEEB35-3F01-429B-82A8-73894387DFCA","name":"TNLP008185 - Monteverdistraat 2, Purmerend","address":"2 Monteverdistraat","city":"Purmerend","operatorName":"TotalEnergies","maxPowerKw":15,"isMegawatt":false,"status":"AVAILABLE","source":"ndw"}},{"type":"Feature","geometry":{"type":"Point","coordinates":[4.957152,52.526054]},"properties":{"type":"charge","layer":"passenger","locationId":"CEE1D61B-7768-4B88-8BB7-B0251838C066","name":"TNLP009052 - Burgemeester D. Kooimanweg 887, Purmerend","address":"887 Burgemeester D. Kooimanweg","city":"Purmerend","operatorName":"TotalEnergies","maxPowerKw":17,"isMegawatt":false,"status":"UNAVAILABLE","source":"ndw"}},{"type":"Feature","geometry":{"type":"Point","coordinates":[4.874171,52.554737]},"properties":{"type":"charge","layer":"passenger","locationId":"65cf6db107bd37001d2c32a4","name":"CONO Laadplein 11","address":"Rijperweg 20","city":"Westbeemster","operatorName":"E-Flux by Road","maxPowerKw":6,"isMegawatt":false,"status":"AVAILABLE","source":"ndw","priceKwh":0.2}},{"type":"Feature","geometry":{"type":"Point","coordinates":[4.95855,52.52685]},"properties":{"type":"charge","layer":"passenger","locationId":"371","name":"Shell Recharge NL Burg. D. Kooimanweg 158","address":"Burg. D. Kooimanweg 158","city":"Purmerend","operatorName":"Ubitricity","maxPowerKw":11,"isMegawatt":false,"status":"AVAILABLE","source":"ndw","priceKwh":0.392}},{"type":"Feature","geometry":{"type":"Point","coordinates":[4.982515,52.516504]},"properties":{"type":"charge","layer":"passenger","locationId":"61235af570d61c92ef36ec79","name":"van IJsendijkstraat 174","address":"van IJsendijkstraat 174","city":"Purmerend","operatorName":"E-Flux by Road","maxPowerKw":22,"isMegawatt":false,"status":"AVAILABLE","source":"ndw","priceKwh":0.28}},{"type":"Feature","geometry":{"type":"Point","coordinates":[4.922557,52.564343]},"properties":{"type":"charge","layer":"passenger","locationId":"64f9f99a6b42d1001ca84968","name":"Laadstation Beemster Vertoeving","address":"Middenweg 87","city":"Middenbeemster","operatorName":"E-Flux by Road","maxPowerKw":22,"isMegawatt":false,"status":"AVAILABLE","source":"ndw","priceKwh":0.46}},{"type":"Feature","geometry":{"type":"Point","coordinates":[4.946142,52.490044]},"properties":{"type":"charge","layer":"passenger","locationId":"46BB91EA-BEE4-4F03-9B1C-DE23455A75D0","name":"TNLP034297 - Gangeslaan 116, Purmerend","address":"116 Gangeslaan","city":"Purmerend","operatorName":"TotalEnergies","maxPowerKw":13,"isMegawatt":false,"status":"AVAILABLE","source":"ndw"}},{"type":"Feature","geometry":{"type":"Point","coordinates":[4.954733,52.499825]},"properties":{"type":"charge","layer":"passenger","locationId":"5FAD61DC-5F4F-45B3-96E6-B7F8287ADFD2","name":"TNLP007366 - Sterremosstraat 1, Purmerend","address":"1 Sterremosstraat","city":"Purmerend","operatorName":"TotalEnergies","maxPowerKw":17,"isMegawatt":false,"status":"AVAILABLE","source":"ndw"}},{"type":"Feature","geometry":{"type":"Point","coordinates":[4.94271,52.51139]},"properties":{"type":"charge","layer":"passenger","locationId":"792739DA-DA8F-4DA5-BE5B-784FFB1A06FD","name":"PP001758 - Troelstraplein 2, Purmerend","address":"2 Troelstraplein","city":"Purmerend","operatorName":"TotalEnergies","maxPowerKw":11,"isMegawatt":false,"status":"AVAILABLE","source":"ndw"}},{"type":"Feature","geometry":{"type":"Point","coordinates":[4.937105,52.504433]},"properties":{"type":"charge","layer":"passenger","locationId":"B6C35165-AA2D-43A7-81B7-AE35421C3A52","name":"TNLP008651 - Helsinkihaven 1, Purmerend","address":"1 Helsinkihaven","city":"Purmerend","operatorName":"TotalEnergies","maxPowerKw":14,"isMegawatt":false,"status":"AVAILABLE","source":"ndw"}},{"type":"Feature","geometry":{"type":"Point","coordinates":[4.965949,52.50755]},"properties":{"type":"charge","layer":"passenger","locationId":"A39BBD27-635D-4FF8-821C-6E8DB8275639","name":"TNLP006947 - Mercuriusweg 29, Purmerend","address":"29 Mercuriusweg","city":"Purmerend","operatorName":"TotalEnergies","maxPowerKw":17,"isMegawatt":false,"status":"UNAVAILABLE","source":"ndw"}},{"type":"Feature","geometry":{"type":"Point","coordinates":[4.954772,52.502995]},"properties":{"type":"charge","layer":"passenger","locationId":"CF794223-69DF-4A5B-9255-07CD9D3C56CD","name":"TNLP008563 - Beatrixplein 60, Purmerend","address":"60 Beatrixplein","city":"Purmerend","operatorName":"TotalEnergies","maxPowerKw":14,"isMegawatt":false,"status":"AVAILABLE","source":"ndw"}},{"type":"Feature","geometry":{"type":"Point","coordinates":[4.874186,52.554764]},"properties":{"type":"charge","layer":"passenger","locationId":"65cf6e7f321b9f001c297ddf","name":"CONO Laadplein 12","address":"Rijperweg 20","city":"Westbeemster","operatorName":"E-Flux by Road","maxPowerKw":6,"isMegawatt":false,"status":"AVAILABLE","source":"ndw","priceKwh":0.2}},{"type":"Feature","geometry":{"type":"Point","coordinates":[4.9404345,52.5182371]},"properties":{"type":"charge","layer":"passenger","locationId":"1312","name":"Shell Recharge NL Middenpad 1","address":"Middenpad 1","city":"Zuidoostbeemster","operatorName":"Ubitricity","maxPowerKw":22,"isMegawatt":false,"status":"AVAILABLE","source":"ndw","priceKwh":0.267}},{"type":"Feature","geometry":{"type":"Point","coordinates":[4.95996,52.51293]},"properties":{"type":"charge","layer":"passenger","locationId":"415","name":"Shell Recharge NL Wormerplein 28","address":"Wormerplein 28","city":"Purmerend","operatorName":"Ubitricity","maxPowerKw":11,"isMegawatt":false,"status":"AVAILABLE","source":"ndw","priceKwh":0.392}},{"type":"Feature","geometry":{"type":"Point","coordinates":[4.971219,52.503441]},"properties":{"type":"charge","layer":"passenger","locationId":"0e3e71c797e57e1c88a9b8deabb71480","name":"Purmerdijk 1","address":"Purmerdijk 1","city":"Purmerend","operatorName":"Vattenfall InCharge","maxPowerKw":11,"isMegawatt":false,"status":"AVAILABLE","source":"ndw","priceKwh":0.2805}},{"type":"Feature","geometry":{"type":"Point","coordinates":[4.874081,52.554566]},"properties":{"type":"charge","layer":"passenger","locationId":"6728c8544d5f2caf78f407d9","name":"CONO Laadplein 06","address":"Rijperweg 20","city":"Westbeemster","operatorName":"E-Flux by Road","maxPowerKw":11,"isMegawatt":false,"status":"AVAILABLE","source":"ndw","priceKwh":0.2}},{"type":"Feature","geometry":{"type":"Point","coordinates":[4.96544,52.50712]},"properties":{"type":"charge","layer":"passenger","locationId":"336cd286be6679b492c6f7559669f9f6","name":"Aurigapark 58","address":"Aurigapark 58","city":"Purmerend","operatorName":"Vattenfall InCharge","maxPowerKw":11,"isMegawatt":false,"status":"AVAILABLE","source":"ndw","priceKwh":0.2805}},{"type":"Feature","geometry":{"type":"Point","coordinates":[4.966558,52.52728]},"properties":{"type":"charge","layer":"passenger","locationId":"CAF70918-B7A1-455B-8B0B-3F390357A3CE","name":"TNLP003679 - P & R N 244 Salvador Allendelaan, Purmerend","address":"Salvador Allendelaan","city":"Purmerend","operatorName":"TotalEnergies","maxPowerKw":17,"isMegawatt":false,"status":"AVAILABLE","source":"ndw"}},{"type":"Feature","geometry":{"type":"Point","coordinates":[4.956279,52.513943]},"properties":{"type":"charge","layer":"passenger","locationId":"6ffc276d082a113de9730c68258b0dfe","name":"Suze Groenewegstraat 60","address":"Suze Groenewegstraat 60","city":"Purmerend","operatorName":"Vattenfall InCharge","maxPowerKw":11,"isMegawatt":false,"status":"AVAILABLE","source":"ndw","priceKwh":0.2805}},{"type":"Feature","geometry":{"type":"Point","coordinates":[4.94878,52.5097]},"properties":{"type":"charge","layer":"passenger","locationId":"c6eee1fd-6b6b-4b42-80a5-55d26f29a799","name":"PP001690 - Achterdijk 6, Purmerend","address":"6 Achterdijk","city":"Purmerend","operatorName":"TotalEnergies","maxPowerKw":11,"isMegawatt":false,"status":"CHARGING","source":"ndw"}},{"type":"Feature","geometry":{"type":"Point","coordinates":[4.938785,52.503765]},"properties":{"type":"charge","layer":"passenger","locationId":"4504F7B7-8093-41C4-B9BE-CC0C1BE150BB","name":"TNLP007254 - Barcelonahaven 7, Purmerend","address":"7 Barcelonahaven","city":"Purmerend","operatorName":"TotalEnergies","maxPowerKw":17,"isMegawatt":false,"status":"AVAILABLE","source":"ndw"}},{"type":"Feature","geometry":{"type":"Point","coordinates":[4.9839358,52.5204544]},"properties":{"type":"charge","layer":"passenger","locationId":"883","name":"Shell Recharge NL Cornwallhof 2","address":"Cornwallhof 2","city":"Purmerend","operatorName":"Ubitricity","maxPowerKw":22,"isMegawatt":false,"status":"AVAILABLE","source":"ndw","priceKwh":0.267}},{"type":"Feature","geometry":{"type":"Point","coordinates":[4.94998,52.492588]},"properties":{"type":"charge","layer":"passenger","locationId":"91066281","name":"50five-S NL 17B13247","address":"Speenkruid 60","city":"Purmerend","operatorName":"50five","maxPowerKw":12,"isMegawatt":false,"status":"AVAILABLE","source":"ndw"}},{"type":"Feature","geometry":{"type":"Point","coordinates":[4.93703,52.49194]},"properties":{"type":"charge","layer":"passenger","locationId":"106","name":"Shell Recharge NL Woestijnstraat 19","address":"Woestijnstraat 19","city":"Purmerend","operatorName":"Ubitricity","maxPowerKw":11,"isMegawatt":false,"status":"AVAILABLE","source":"ndw","priceKwh":0.392}},{"type":"Feature","geometry":{"type":"Point","coordinates":[4.957622,52.499248]},"properties":{"type":"charge","layer":"passenger","locationId":"9655f54b-74df-4907-8c95-21b5fe411d3a","name":"Levermosstraat 15","address":"Levermosstraat 15","city":"Purmerend","operatorName":"Vattenfall InCharge","maxPowerKw":11,"isMegawatt":false,"status":"UNAVAILABLE","source":"ndw","priceKwh":0.4316}},{"type":"Feature","geometry":{"type":"Point","coordinates":[5.003915,52.513723]},"properties":{"type":"charge","layer":"passenger","locationId":"3723723","name":"Laadnet Sonic Equipment","address":"Component 114","city":"Purmerend","operatorName":"Laadnet","maxPowerKw":22,"isMegawatt":false,"status":"AVAILABLE","source":"ndw"}},{"type":"Feature","geometry":{"type":"Point","coordinates":[4.96519,52.48412]},"properties":{"type":"charge","layer":"passenger","locationId":"383","name":"Shell Recharge NL Bisschop Romereostraat 148","address":"Bisschop Romereostraat 148","city":"Purmerend","operatorName":"Ubitricity","maxPowerKw":11,"isMegawatt":false,"status":"AVAILABLE","source":"ndw","priceKwh":0.392}},{"type":"Feature","geometry":{"type":"Point","coordinates":[4.932613,52.491264]},"properties":{"type":"charge","layer":"passenger","locationId":"0462B029-91B2-4F90-BBF5-0EFE950765E1","name":"TNLP034298 - Zambezilaan 195, Purmerend","address":"195 Zambezilaan","city":"Purmerend","operatorName":"TotalEnergies","maxPowerKw":13,"isMegawatt":false,"status":"AVAILABLE","source":"ndw"}},{"type":"Feature","geometry":{"type":"Point","coordinates":[4.910091,52.549701]},"properties":{"type":"charge","layer":"passenger","locationId":"88f118cd3ad2aeec226844778cd139be","name":"Tobias de Coeneplein 6","address":"Tobias de Coeneplein 6","city":"Middenbeemster","operatorName":"Vattenfall InCharge","maxPowerKw":11,"isMegawatt":false,"status":"CHARGING","source":"ndw","priceKwh":0.2805}},{"type":"Feature","geometry":{"type":"Point","coordinates":[4.978075,52.581458]},"properties":{"type":"charge","layer":"passenger","locationId":"31186","name":"Fastned Kruisoord","address":"Kruisoord A7","city":"Noordbeemster","operatorName":"Fastned","maxPowerKw":300,"isMegawatt":false,"status":"AVAILABLE","source":"ndw","priceKwh":0.6364}},{"type":"Feature","geometry":{"type":"Point","coordinates":[4.9201147,52.5483218]},"properties":{"type":"charge","layer":"passenger","locationId":"1245","name":"Shell Recharge NL Gervenveld 1","address":"Gervenveld 1","city":"Middenbeemster","operatorName":"Ubitricity","maxPowerKw":22,"isMegawatt":false,"status":"AVAILABLE","source":"ndw","priceKwh":0.267}},{"type":"Feature","geometry":{"type":"Point","coordinates":[4.874205,52.554788]},"properties":{"type":"charge","layer":"passenger","locationId":"65cf6f4624689e001cce4bdb","name":"CONO Laadplein 13","address":"Rijperweg 20","city":"Westbeemster","operatorName":"E-Flux by Road","maxPowerKw":6,"isMegawatt":false,"status":"AVAILABLE","source":"ndw","priceKwh":0.2}},{"type":"Feature","geometry":{"type":"Point","coordinates":[5.00205,52.51401]},"properties":{"type":"charge","layer":"passenger","locationId":"672b8e3e99ec7422192f733c","name":"Tom's Modelauto's TWH","address":"Voltastraat 51","city":"Purmerend","operatorName":"E-Flux by Road","maxPowerKw":22,"isMegawatt":false,"status":"AVAILABLE","source":"ndw","priceKwh":0.4}},{"type":"Feature","geometry":{"type":"Point","coordinates":[4.874131,52.554653]},"properties":{"type":"charge","layer":"passenger","locationId":"6728c8b8497b2894e8f42eb6","name":"CONO Laadplein 08","address":"Rijperweg 20","city":"Westbeemster","operatorName":"E-Flux by Road","maxPowerKw":11,"isMegawatt":false,"status":"AVAILABLE","source":"ndw","priceKwh":0.2}},{"type":"Feature","geometry":{"type":"Point","coordinates":[4.9546258,52.4897518]},"properties":{"type":"charge","layer":"passenger","locationId":"2459","name":"Shell Recharge NL Fioringras 15","address":"Fioringras 15","city":"Purmerend","operatorName":"Ubitricity","maxPowerKw":22,"isMegawatt":false,"status":"AVAILABLE","source":"ndw","priceKwh":0.267}},{"type":"Feature","geometry":{"type":"Point","coordinates":[4.986947,52.50173]},"properties":{"type":"charge","layer":"passenger","locationId":"f70b2c33c45584b4541218d45775219e","name":"Karnstraat 11","address":"Karnstraat 11","city":"Purmerend","operatorName":"Vattenfall InCharge","maxPowerKw":11,"isMegawatt":false,"status":"AVAILABLE","source":"ndw","priceKwh":0.2805}},{"type":"Feature","geometry":{"type":"Point","coordinates":[5,52.5]},"properties":{"type":"charge","layer":"passenger","locationId":"91087932","name":"50five-S NL 07100999","address":"Anna Horstinkstraat 26","city":"Weesp","operatorName":"50five","maxPowerKw":11,"isMegawatt":false,"status":"AVAILABLE","source":"ndw"}},{"type":"Feature","geometry":{"type":"Point","coordinates":[4.918768,52.564616]},"properties":{"type":"charge","layer":"passenger","locationId":"6787a627cc6019b777728601","name":"Laadstation Beemster Beleving","address":"Hobrederweg 4a","city":"Middenbeemster","operatorName":"E-Flux by Road","maxPowerKw":14,"isMegawatt":false,"status":"AVAILABLE","source":"ndw","priceKwh":0.57}},{"type":"Feature","geometry":{"type":"Point","coordinates":[4.964358,52.48576]},"properties":{"type":"charge","layer":"passenger","locationId":"DE10BCA2-09C1-4AF8-81F8-FF89B9BE7D20","name":"TNLP007165 - Dom Helder Camarastraat 101, Purmerend","address":"101 Dom Helder Camarastraat","city":"Purmerend","operatorName":"TotalEnergies","maxPowerKw":17,"isMegawatt":false,"status":"AVAILABLE","source":"ndw"}},{"type":"Feature","geometry":{"type":"Point","coordinates":[4.96087,52.48625]},"properties":{"type":"charge","layer":"passenger","locationId":"1624","name":"Shell Recharge NL Rosa Luxemburgpark 6","address":"Rosa Luxemburgpark 6","city":"Purmerend","operatorName":"Ubitricity","maxPowerKw":11,"isMegawatt":false,"status":"AVAILABLE","source":"ndw","priceKwh":0.392}},{"type":"Feature","geometry":{"type":"Point","coordinates":[4.937678,52.494421]},"properties":{"type":"charge","layer":"passenger","locationId":"69bd2a86976630ad718807a2","name":"Oasestraat prive","address":"Oasestraat  3","city":"Purmerend","operatorName":"E-Flux by Road","maxPowerKw":11,"isMegawatt":false,"status":"AVAILABLE","source":"ndw","priceKwh":0.44}},{"type":"Feature","geometry":{"type":"Point","coordinates":[4.874109,52.554603]},"properties":{"type":"charge","layer":"passenger","locationId":"6728c88eb7d028ec3d06251f","name":"CONO Laadplein 07","address":"Rijperweg 20","city":"Westbeemster","operatorName":"E-Flux by Road","maxPowerKw":11,"isMegawatt":false,"status":"AVAILABLE","source":"ndw","priceKwh":0.2}},{"type":"Feature","geometry":{"type":"Point","coordinates":[4.960377,52.494926]},"properties":{"type":"charge","layer":"passenger","locationId":"6C002DA3-5F55-4CB0-99B7-2F1CB158FC4B","name":"TNLP008631 - Hondsdrafstraat 23, Purmerend","address":"23 Hondsdrafstraat","city":"Purmerend","operatorName":"TotalEnergies","maxPowerKw":13,"isMegawatt":false,"status":"UNAVAILABLE","source":"ndw"}},{"type":"Feature","geometry":{"type":"Point","coordinates":[4.963653,52.50926]},"properties":{"type":"charge","layer":"passenger","locationId":"3159ae10f86aef7495c833d9b3189a9d","name":"Antares 12","address":"Antares 12","city":"Purmerend","operatorName":"Vattenfall InCharge","maxPowerKw":11,"isMegawatt":false,"status":"AVAILABLE","source":"ndw","priceKwh":0.2805}},{"type":"Feature","geometry":{"type":"Point","coordinates":[4.873958,52.554398]},"properties":{"type":"charge","layer":"passenger","locationId":"671a16d204d00b001c35d890","name":"CONO Laadplein 01","address":"Rijperweg 20","city":"Westbeemster","operatorName":"E-Flux by Road","maxPowerKw":11,"isMegawatt":false,"status":"AVAILABLE","source":"ndw","priceKwh":0.2}},{"type":"Feature","geometry":{"type":"Point","coordinates":[4.957723,52.517634]},"properties":{"type":"charge","layer":"passenger","locationId":"4167050","name":"Laadnet Thuis","address":"Reigerpark 20","city":"Purmerend","operatorName":"Laadnet","maxPowerKw":22,"isMegawatt":false,"status":"AVAILABLE","source":"ndw"}},{"type":"Feature","geometry":{"type":"Point","coordinates":[4.946063,52.49128]},"properties":{"type":"charge","layer":"passenger","locationId":"A6E24555-0826-4C85-9087-6D6514CD89EC","name":"TNLP009829 - Kimonostraat 16, Purmerend","address":"16 Kimonostraat","city":"Purmerend","operatorName":"TotalEnergies","maxPowerKw":17,"isMegawatt":false,"status":"AVAILABLE","source":"ndw"}},{"type":"Feature","geometry":{"type":"Point","coordinates":[4.962726,52.523006]},"properties":{"type":"charge","layer":"passenger","locationId":"AD145976-5FC0-46E9-8F53-37D4C6091B4D","name":"TNLP009694 - De Roerdomp 101, Purmerend","address":"101 De Roerdomp","city":"Purmerend","operatorName":"TotalEnergies","maxPowerKw":17,"isMegawatt":false,"status":"UNAVAILABLE","source":"ndw"}},{"type":"Feature","geometry":{"type":"Point","coordinates":[5.010496,52.517609]},"properties":{"type":"charge","layer":"passenger","locationId":"91058693","name":"50five-S NL 03004346","address":"Visserijweg 32Y","city":"Purmerend","operatorName":"50five","maxPowerKw":4,"isMegawatt":false,"status":"UNAVAILABLE","source":"ndw"}},{"type":"Feature","geometry":{"type":"Point","coordinates":[4.99032,52.50832]},"properties":{"type":"charge","layer":"passenger","locationId":"111","name":"Shell Recharge NL Vlasstraat 5","address":"Vlasstraat 5","city":"Purmerend","operatorName":"Ubitricity","maxPowerKw":11,"isMegawatt":false,"status":"AVAILABLE","source":"ndw","priceKwh":0.392}},{"type":"Feature","geometry":{"type":"Point","coordinates":[4.9591,52.4876]},"properties":{"type":"charge","layer":"passenger","locationId":"366","name":"Shell Recharge NL Moeder Theresastraat 18","address":"Moeder Theresastraat 18","city":"Purmerend","operatorName":"Ubitricity","maxPowerKw":11,"isMegawatt":false,"status":"AVAILABLE","source":"ndw","priceKwh":0.392}},{"type":"Feature","geometry":{"type":"Point","coordinates":[4.93555,52.500403]},"properties":{"type":"charge","layer":"passenger","locationId":"18805021-a417-4e4b-9056-7724cb87c17f","name":"Amazonelaan","address":"Amazonelaan 26","city":"Purmerend","operatorName":"Vattenfall InCharge","maxPowerKw":11,"isMegawatt":false,"status":"UNAVAILABLE","source":"ndw","priceKwh":0.4316}},{"type":"Feature","geometry":{"type":"Point","coordinates":[4.953387,52.4954]},"properties":{"type":"charge","layer":"passenger","locationId":"90FA4AD0-874F-43F9-9A4F-E66E45DDBE7A","name":"TNLP034194 - Vlasleeuwenbek 45, Purmerend","address":"45 Vlasleeuwenbek","city":"Purmerend","operatorName":"TotalEnergies","maxPowerKw":13,"isMegawatt":false,"status":"AVAILABLE","source":"ndw"}},{"type":"Feature","geometry":{"type":"Point","coordinates":[4.9479,52.50489]},"properties":{"type":"charge","layer":"passenger","locationId":"9125A790-A23B-4262-B21F-966D828E9C33","name":"PP005069 - Violenstraat 1, Purmerend","address":"1 Violenstraat","city":"Purmerend","operatorName":"TotalEnergies","maxPowerKw":11,"isMegawatt":false,"status":"UNAVAILABLE","source":"ndw"}},{"type":"Feature","geometry":{"type":"Point","coordinates":[4.97285,52.518916]},"properties":{"type":"charge","layer":"passenger","locationId":"656a0a15a9ff04001c2702b0","name":"H20 Esports Campus","address":"Spinnekop 2","city":"Purmerend","operatorName":"E-Flux by Road","maxPowerKw":22,"isMegawatt":false,"status":"AVAILABLE","source":"ndw","priceKwh":0.35}},{"type":"Feature","geometry":{"type":"Point","coordinates":[4.959822,52.522823]},"properties":{"type":"charge","layer":"passenger","locationId":"CC1D966E-EFFF-45B8-BA34-A95CFAA9E46D","name":"TNLP007193 - Fuuthof 31, Purmerend","address":"31 Fuuthof","city":"Purmerend","operatorName":"TotalEnergies","maxPowerKw":17,"isMegawatt":false,"status":"UNAVAILABLE","source":"ndw"}},{"type":"Feature","geometry":{"type":"Point","coordinates":[4.874914,52.555544]},"properties":{"type":"charge","layer":"passenger","locationId":"65c0e8ba8a9693001ba18836","name":"CONO Bezoekers 05","address":"Rijperweg 20","city":"Westbeemster","operatorName":"E-Flux by Road","maxPowerKw":11,"isMegawatt":false,"status":"AVAILABLE","source":"ndw","priceKwh":0.2}},{"type":"Feature","geometry":{"type":"Point","coordinates":[4.921922,52.52735]},"properties":{"type":"charge","layer":"passenger","locationId":"65cf7ffd321b9f001c2b14ef","name":"Kavel 2 Beemster","address":"volgerweg 42","city":"middenbeemster","operatorName":"E-Flux by Road","maxPowerKw":22,"isMegawatt":false,"status":"AVAILABLE","source":"ndw","priceKwh":0.52}},{"type":"Feature","geometry":{"type":"Point","coordinates":[4.97113,52.48804]},"properties":{"type":"charge","layer":"passenger","locationId":"3E730A49-8551-418F-8A1E-AC261E4CC1A2","name":"TNLP006930 - Apkenstraat 12, Purmerend","address":"12 Apkenstraat","city":"Purmerend","operatorName":"TotalEnergies","maxPowerKw":15,"isMegawatt":false,"status":"CHARGING","source":"ndw"}},{"type":"Feature","geometry":{"type":"Point","coordinates":[4.963918,52.499165]},"properties":{"type":"charge","layer":"passenger","locationId":"BD69F9B8-4F80-4C1C-942C-17040187ACB4","name":"TNLP009865 - Trilveenstraat 39, Purmerend","address":"39 Trilveenstraat","city":"Purmerend","operatorName":"TotalEnergies","maxPowerKw":17,"isMegawatt":false,"status":"CHARGING","source":"ndw"}},{"type":"Feature","geometry":{"type":"Point","coordinates":[5.010496,52.517609]},"properties":{"type":"charge","layer":"passenger","locationId":"6a3265acde797af73a903f29","name":"TCC Modexpress","address":"Visserijweg  32Y","city":"Purmerend","operatorName":"Lanova Laadpalen","maxPowerKw":22,"isMegawatt":false,"status":"AVAILABLE","source":"ndw","priceKwh":0.43}},{"type":"Feature","geometry":{"type":"Point","coordinates":[4.961319,52.496307]},"properties":{"type":"charge","layer":"passenger","locationId":"6A777511-109B-4003-9C7A-9E375D69F9A7","name":"TNLP034005 - Brunelhof 2, Purmerend","address":"2 Brunelhof","city":"Purmerend","operatorName":"TotalEnergies","maxPowerKw":13,"isMegawatt":false,"status":"AVAILABLE","source":"ndw"}},{"type":"Feature","geometry":{"type":"Point","coordinates":[4.961302,52.508533]},"properties":{"type":"charge","layer":"passenger","locationId":"B6EE431E-1D84-4EBE-A68C-53E5AEB77CEC","name":"TNLP007093 - Orionweg 1, Purmerend","address":"1 Orionweg","city":"Purmerend","operatorName":"TotalEnergies","maxPowerKw":17,"isMegawatt":false,"status":"UNAVAILABLE","source":"ndw"}},{"type":"Feature","geometry":{"type":"Point","coordinates":[4.958804,52.517162]},"properties":{"type":"charge","layer":"passenger","locationId":"C2643A8D-7084-4B79-B712-38ACFFE11D39","name":"TNLP009720 - Rivierenlaan 56, Purmerend","address":"56 Rivierenlaan","city":"Purmerend","operatorName":"TotalEnergies","maxPowerKw":17,"isMegawatt":false,"status":"UNAVAILABLE","source":"ndw"}},{"type":"Feature","geometry":{"type":"Point","coordinates":[4.988021,52.50169]},"properties":{"type":"charge","layer":"passenger","locationId":"8C31EBC5-EB8C-41A1-8AE6-702F266D59F8","name":"PP005544 - Waterlandse Morgen 5, Purmerend","address":"5 Waterlandse Morgen","city":"Purmerend","operatorName":"TotalEnergies","maxPowerKw":15,"isMegawatt":false,"status":"AVAILABLE","source":"ndw"}},{"type":"Feature","geometry":{"type":"Point","coordinates":[4.950545,52.5055]},"properties":{"type":"charge","layer":"passenger","locationId":"411E8921-D0DD-4FF2-9D61-209D31885E42","name":"Laadplein - TNLP006416 - Julianastraat 41, Purmerend","address":"41 Julianastraat","city":"Purmerend","operatorName":"TotalEnergies","maxPowerKw":15,"isMegawatt":false,"status":"AVAILABLE","source":"ndw"}},{"type":"Feature","geometry":{"type":"Point","coordinates":[4.975718,52.502213]},"properties":{"type":"charge","layer":"passenger","locationId":"EBA5840A-3722-474F-B216-6E380BD32BDC","name":"TNLP006311 - Leeghwaterpark 7, Purmerend","address":"7 Leeghwaterpark","city":"Purmerend","operatorName":"TotalEnergies","maxPowerKw":17,"isMegawatt":false,"status":"UNAVAILABLE","source":"ndw"}},{"type":"Feature","geometry":{"type":"Point","coordinates":[4.935499,52.492336]},"properties":{"type":"charge","layer":"passenger","locationId":"4DDECAA5-4E69-4AAF-A557-8DF3A8B9C317","name":"TNLP015302 - Nijlstraat 63, Purmerend","address":"63 Nijlstraat","city":"Purmerend","operatorName":"TotalEnergies","maxPowerKw":17,"isMegawatt":false,"status":"CHARGING","source":"ndw"}},{"type":"Feature","geometry":{"type":"Point","coordinates":[4.95656,52.50473]},"properties":{"type":"charge","layer":"passenger","locationId":"f7acf789-4596-4652-940a-a34777d403b1","name":"PP001700 - Wielingenstraat 99, Purmerend","address":"99 Wielingenstraat","city":"Purmerend","operatorName":"TotalEnergies","maxPowerKw":11,"isMegawatt":false,"status":"AVAILABLE","source":"ndw"}},{"type":"Feature","geometry":{"type":"Point","coordinates":[4.973401,52.486068]},"properties":{"type":"charge","layer":"passenger","locationId":"91088682","name":"50five-S NL 07004340","address":"Westerweg 25","city":"Purmerend","operatorName":"50five","maxPowerKw":11,"isMegawatt":false,"status":"AVAILABLE","source":"ndw"}},{"type":"Feature","geometry":{"type":"Point","coordinates":[4.93857,52.51498]},"properties":{"type":"charge","layer":"passenger","locationId":"4066C0E8-76CF-4CE9-AA30-ADC1639C089A","name":"TNLP006987 - Dirk Dekkerstraat 4, Zuidoostbeemster","address":"4 Dirk Dekkerstraat","city":"Zuidoostbeemster","operatorName":"TotalEnergies","maxPowerKw":17,"isMegawatt":false,"status":"UNAVAILABLE","source":"ndw"}},{"type":"Feature","geometry":{"type":"Point","coordinates":[4.9432,52.49343]},"properties":{"type":"charge","layer":"passenger","locationId":"175","name":"Shell Recharge NL Indusstraat 29","address":"Indusstraat 29","city":"Purmerend","operatorName":"Ubitricity","maxPowerKw":11,"isMegawatt":false,"status":"AVAILABLE","source":"ndw","priceKwh":0.392}},{"type":"Feature","geometry":{"type":"Point","coordinates":[4.97285,52.518916]},"properties":{"type":"charge","layer":"passenger","locationId":"656a0aee1df729001c5c3597","name":"H20 Esports Campus","address":"Spinnekop 2","city":"Purmerend","operatorName":"E-Flux by Road","maxPowerKw":22,"isMegawatt":false,"status":"AVAILABLE","source":"ndw","priceKwh":0.35}},{"type":"Feature","geometry":{"type":"Point","coordinates":[4.9568358,52.4873834]},"properties":{"type":"charge","layer":"passenger","locationId":"1906","name":"Shell Recharge NL Albert John Luthulistraat 13","address":"Albert John Luthulistraat 13","city":"Purmerend","operatorName":"Ubitricity","maxPowerKw":22,"isMegawatt":false,"status":"AVAILABLE","source":"ndw","priceKwh":0.267}},{"type":"Feature","geometry":{"type":"Point","coordinates":[4.961846,52.49387]},"properties":{"type":"charge","layer":"passenger","locationId":"CFA15634-22CD-4FA2-B01B-6A237F17295A","name":"TNLP007314 - Luitje Broekemastraat 50, Purmerend","address":"50 Luitje Broekemastraat","city":"Purmerend","operatorName":"TotalEnergies","maxPowerKw":17,"isMegawatt":false,"status":"AVAILABLE","source":"ndw"}},{"type":"Feature","geometry":{"type":"Point","coordinates":[4.961798,52.519009]},"properties":{"type":"charge","layer":"passenger","locationId":"3569918","name":"Laadnet De Zorgcirkel Novawhere","address":"Professor Meester P.J. Oudlaan 1","city":"Purmerend","operatorName":"Laadnet","maxPowerKw":22,"isMegawatt":false,"status":"AVAILABLE","source":"ndw"}},{"type":"Feature","geometry":{"type":"Point","coordinates":[4.970732,52.521147]},"properties":{"type":"charge","layer":"passenger","locationId":"923345","name":"DAE_NL_2001150","address":"Paltrokmolen 45","city":"Purmerend","operatorName":"DAEN Mobility","maxPowerKw":11,"isMegawatt":false,"status":"AVAILABLE","source":"ndw","priceKwh":0.28}},{"type":"Feature","geometry":{"type":"Point","coordinates":[4.97184,52.50649]},"properties":{"type":"charge","layer":"passenger","locationId":"416","name":"Shell Recharge NL Hannie Schaftstraat 66","address":"Hannie Schaftstraat 66","city":"Purmerend","operatorName":"Ubitricity","maxPowerKw":11,"isMegawatt":false,"status":"AVAILABLE","source":"ndw","priceKwh":0.392}},{"type":"Feature","geometry":{"type":"Point","coordinates":[4.9793997,52.4975897]},"properties":{"type":"charge","layer":"passenger","locationId":"881","name":"Shell Recharge NL Huifkarstraat 4","address":"Huifkarstraat 4","city":"Purmerend","operatorName":"Ubitricity","maxPowerKw":22,"isMegawatt":false,"status":"AVAILABLE","source":"ndw","priceKwh":0.267}},{"type":"Feature","geometry":{"type":"Point","coordinates":[4.991357,52.50655]},"properties":{"type":"charge","layer":"passenger","locationId":"73512B5D-4843-432F-9388-2E0BAB90EC20","name":"TNLP015145 - Graanstraat 32, Purmerend","address":"32 Graanstraat","city":"Purmerend","operatorName":"TotalEnergies","maxPowerKw":17,"isMegawatt":false,"status":"UNAVAILABLE","source":"ndw"}},{"type":"Feature","geometry":{"type":"Point","coordinates":[5.013071,52.514595]},"properties":{"type":"charge","layer":"passenger","locationId":"61dfe82a43a78e1f698aa751","name":"Garage","address":"vleetstraat 10-07","city":"Purmerend","operatorName":"E-Flux by Road","maxPowerKw":11,"isMegawatt":false,"status":"CHARGING","source":"ndw","priceKwh":0.72}},{"type":"Feature","geometry":{"type":"Point","coordinates":[4.9677,52.51681]},"properties":{"type":"charge","layer":"passenger","locationId":"718","name":"Shell Recharge NL Flevostraat 46","address":"Flevostraat 46","city":"Purmerend","operatorName":"Ubitricity","maxPowerKw":11,"isMegawatt":false,"status":"AVAILABLE","source":"ndw","priceKwh":0.392}},{"type":"Feature","geometry":{"type":"Point","coordinates":[4.964105,52.4994134]},"properties":{"type":"charge","layer":"passenger","locationId":"889","name":"Shell Recharge NL Trilveenstraat 44","address":"Trilveenstraat 44","city":"Purmerend","operatorName":"Ubitricity","maxPowerKw":22,"isMegawatt":false,"status":"AVAILABLE","source":"ndw","priceKwh":0.267}},{"type":"Feature","geometry":{"type":"Point","coordinates":[4.9780262,52.4985913]},"properties":{"type":"charge","layer":"passenger","locationId":"1013","name":"Shell Recharge NL Tilburyplein 72","address":"Tilburyplein 72","city":"Purmerend","operatorName":"Ubitricity","maxPowerKw":22,"isMegawatt":false,"status":"AVAILABLE","source":"ndw","priceKwh":0.267}},{"type":"Feature","geometry":{"type":"Point","coordinates":[4.9814434,52.4981945]},"properties":{"type":"charge","layer":"passenger","locationId":"1388","name":"Shell Recharge NL Vigilantestraat 24","address":"Vigilantestraat 24","city":"Purmerend","operatorName":"Ubitricity","maxPowerKw":22,"isMegawatt":false,"status":"AVAILABLE","source":"ndw","priceKwh":0.267}},{"type":"Feature","geometry":{"type":"Point","coordinates":[4.95317,52.49452]},"properties":{"type":"charge","layer":"passenger","locationId":"1668","name":"Shell Recharge NL Zwaneboem 4","address":"Zwaneboem 4","city":"Purmerend","operatorName":"Ubitricity","maxPowerKw":11,"isMegawatt":false,"status":"AVAILABLE","source":"ndw","priceKwh":0.392}},{"type":"Feature","geometry":{"type":"Point","coordinates":[4.995714,52.507744]},"properties":{"type":"charge","layer":"passenger","locationId":"1D8ED216-EF4F-4657-B2B7-4977A06B67DF","name":"TNLP007174 - Papaverstraat 44, Purmerend","address":"44 Papaverstraat","city":"Purmerend","operatorName":"TotalEnergies","maxPowerKw":15,"isMegawatt":false,"status":"UNAVAILABLE","source":"ndw"}},{"type":"Feature","geometry":{"type":"Point","coordinates":[4.967246,52.52269]},"properties":{"type":"charge","layer":"passenger","locationId":"D1262A19-CBBA-4BE0-8E0D-E900A66BF2DF","name":"PP005624 - Gebr. Conijnstraat 58, Purmerend","address":"58 Gebr. Conijnstraat","city":"Purmerend","operatorName":"TotalEnergies","maxPowerKw":11,"isMegawatt":false,"status":"UNAVAILABLE","source":"ndw"}},{"type":"Feature","geometry":{"type":"Point","coordinates":[4.874549,52.555049]},"properties":{"type":"charge","layer":"passenger","locationId":"65f986af2114ab001c0299b7","name":"CONO Tankplaats","address":"Rijperweg 20","city":"Westbeemster","operatorName":"E-Flux by Road","maxPowerKw":11,"isMegawatt":false,"status":"CHARGING","source":"ndw","priceKwh":0.2}},{"type":"Feature","geometry":{"type":"Point","coordinates":[4.960691,52.507015]},"properties":{"type":"charge","layer":"passenger","locationId":"A919A881-B1C4-4D64-929A-D457F9888C14","name":"TNLP034038 - Saturnusstraat 69, Purmerend","address":"69 Saturnusstraat","city":"Purmerend","operatorName":"TotalEnergies","maxPowerKw":13,"isMegawatt":false,"status":"UNAVAILABLE","source":"ndw"}},{"type":"Feature","geometry":{"type":"Point","coordinates":[4.9438382,52.4909393]},"properties":{"type":"charge","layer":"passenger","locationId":"2001","name":"Shell Recharge NL Indusstraat 63","address":"Indusstraat 63","city":"Purmerend","operatorName":"Ubitricity","maxPowerKw":22,"isMegawatt":false,"status":"AVAILABLE","source":"ndw","priceKwh":0.267}},{"type":"Feature","geometry":{"type":"Point","coordinates":[4.988428,52.507797]},"properties":{"type":"charge","layer":"passenger","locationId":"5CF1C045-BB29-4BCC-9122-1722841EEF14","name":"TNLP009066 - Haverstraat 37, Purmerend","address":"37 Haverstraat","city":"Purmerend","operatorName":"TotalEnergies","maxPowerKw":15,"isMegawatt":false,"status":"UNAVAILABLE","source":"ndw"}},{"type":"Feature","geometry":{"type":"Point","coordinates":[4.953412,52.507086]},"properties":{"type":"charge","layer":"passenger","locationId":"91106332","name":"50five-S NL 19B03010","address":"Purmersteenweg 42","city":"Purmerend","operatorName":"50five","maxPowerKw":11,"isMegawatt":false,"status":"AVAILABLE","source":"ndw"}},{"type":"Feature","geometry":{"type":"Point","coordinates":[4.979648,52.510076]},"properties":{"type":"charge","layer":"passenger","locationId":"5c8a20fa0d59ba5067f433af1757e255","name":"Vrouwenzandstraat 155","address":"Vrouwenzandstraat 155","city":"Purmerend","operatorName":"Vattenfall InCharge","maxPowerKw":11,"isMegawatt":false,"status":"AVAILABLE","source":"ndw","priceKwh":0.2805}},{"type":"Feature","geometry":{"type":"Point","coordinates":[4.98927,52.50691]},"properties":{"type":"charge","layer":"passenger","locationId":"F7EB861A-2820-4C5A-B517-E63330620F91","name":"TNLP034632 - Tarwestraat 1, Purmerend","address":"1 Tarwestraat","city":"Purmerend","operatorName":"TotalEnergies","maxPowerKw":13,"isMegawatt":false,"status":"UNAVAILABLE","source":"ndw"}},{"type":"Feature","geometry":{"type":"Point","coordinates":[4.93283,52.49391]},"properties":{"type":"charge","layer":"passenger","locationId":"0836DA8A-B387-47EB-AFAB-C0A8D8C9D46A","name":"TNLP007235 - Zoeloestraat 17, Purmerend","address":"17 Zoeloestraat","city":"Purmerend","operatorName":"TotalEnergies","maxPowerKw":17,"isMegawatt":false,"status":"AVAILABLE","source":"ndw"}},{"type":"Feature","geometry":{"type":"Point","coordinates":[5.003314,52.511115]},"properties":{"type":"charge","layer":"passenger","locationId":"6a436bd7e433cf99d19060d7","name":"Hobré International","address":"Netwerk  4","city":"Purmerend","operatorName":"E-Flux by Road","maxPowerKw":22,"isMegawatt":false,"status":"AVAILABLE","source":"ndw","priceKwh":0.27}},{"type":"Feature","geometry":{"type":"Point","coordinates":[4.968782,52.490196]},"properties":{"type":"charge","layer":"passenger","locationId":"503B722D-FCB5-4A5F-B666-9B58777AEF64","name":"TNLP006922 - Frescobaldistraat 41, Purmerend","address":"41 Frescobaldistraat","city":"Purmerend","operatorName":"TotalEnergies","maxPowerKw":17,"isMegawatt":false,"status":"AVAILABLE","source":"ndw"}},{"type":"Feature","geometry":{"type":"Point","coordinates":[4.963179,52.485706]},"properties":{"type":"charge","layer":"passenger","locationId":"41A3748A-7A28-407D-A1E4-76619DF2F967","name":"TNLP034079 - Mahatma Gandhistraat 100, Purmerend","address":"100 Mahatma Gandhistraat","city":"Purmerend","operatorName":"TotalEnergies","maxPowerKw":13,"isMegawatt":false,"status":"AVAILABLE","source":"ndw"}},{"type":"Feature","geometry":{"type":"Point","coordinates":[4.973223,52.576122]},"properties":{"type":"charge","layer":"passenger","locationId":"91179915","name":"50five-S NL Noordbeemster, Havermeerweg 1","address":"Havermeerweg 1","city":"Noordbeemster","operatorName":"50five","maxPowerKw":11,"isMegawatt":false,"status":"AVAILABLE","source":"ndw"}},{"type":"Feature","geometry":{"type":"Point","coordinates":[4.93377,52.491385]},"properties":{"type":"charge","layer":"passenger","locationId":"0358e95a-6dd0-4d70-8e30-88b278f44c13","name":"Zambezilaan","address":"Zambezilaan 278","city":"Purmerend","operatorName":"Vattenfall InCharge","maxPowerKw":11,"isMegawatt":false,"status":"UNAVAILABLE","source":"ndw","priceKwh":0.4316}},{"type":"Feature","geometry":{"type":"Point","coordinates":[4.98953,52.51121]},"properties":{"type":"charge","layer":"passenger","locationId":"f507bdb5fedf319a0ce8cf760f3628cb","name":"Schaardijk 57","address":"Schaardijk 57","city":"Purmerend","operatorName":"Vattenfall InCharge","maxPowerKw":11,"isMegawatt":false,"status":"AVAILABLE","source":"ndw","priceKwh":0.2805}},{"type":"Feature","geometry":{"type":"Point","coordinates":[4.963044,52.48448]},"properties":{"type":"charge","layer":"passenger","locationId":"709DC5CC-C839-4D78-89B0-FC5A806EEFC1","name":"TNLP007189 - Bisschop Romerostraat 35, Purmerend","address":"35 Bisschop Romerostraat","city":"Purmerend","operatorName":"TotalEnergies","maxPowerKw":17,"isMegawatt":false,"status":"AVAILABLE","source":"ndw"}},{"type":"Feature","geometry":{"type":"Point","coordinates":[4.99074,52.5077]},"properties":{"type":"charge","layer":"passenger","locationId":"178","name":"Shell Recharge NL Gerststraat 1","address":"Gerststraat 1","city":"Purmerend","operatorName":"Ubitricity","maxPowerKw":11,"isMegawatt":false,"status":"AVAILABLE","source":"ndw","priceKwh":0.392}},{"type":"Feature","geometry":{"type":"Point","coordinates":[4.964286,52.49003]},"properties":{"type":"charge","layer":"passenger","locationId":"9D44024B-33D4-460E-AEA1-AC4B4D81DD36","name":"TNLP006124 - Persijnlaan 88, Purmerend","address":"88 Persijnlaan","city":"Purmerend","operatorName":"TotalEnergies","maxPowerKw":17,"isMegawatt":false,"status":"AVAILABLE","source":"ndw"}},{"type":"Feature","geometry":{"type":"Point","coordinates":[4.968072,52.50369]},"properties":{"type":"charge","layer":"passenger","locationId":"AA5EB174-22F7-4FAD-8287-2D7E3204B73B","name":"Laadplein - TNLP005828 - De Wherelanden 169, Purmerend","address":"169 De Wherelanden","city":"Purmerend","operatorName":"TotalEnergies","maxPowerKw":15,"isMegawatt":false,"status":"AVAILABLE","source":"ndw"}},{"type":"Feature","geometry":{"type":"Point","coordinates":[4.958031,52.509095]},"properties":{"type":"charge","layer":"passenger","locationId":"E7E79D85-9B7F-423D-91FB-ED44FBDF3D34","name":"Eneco eMobility Heron Auto Purmerend Audi","address":"Burg. D. Kooimanweg 14","city":"Purmerend","operatorName":"Eneco","maxPowerKw":22,"isMegawatt":false,"status":"UNAVAILABLE","source":"ndw","priceKwh":0.36}},{"type":"Feature","geometry":{"type":"Point","coordinates":[4.97285,52.518916]},"properties":{"type":"charge","layer":"passenger","locationId":"656a0b3afe084d001caff0c2","name":"H20 Esports Campus","address":"Spinnekop 2","city":"Purmerend","operatorName":"E-Flux by Road","maxPowerKw":22,"isMegawatt":false,"status":"AVAILABLE","source":"ndw","priceKwh":0.35}},{"type":"Feature","geometry":{"type":"Point","coordinates":[4.939158,52.503395]},"properties":{"type":"charge","layer":"passenger","locationId":"1488","name":"Shell Recharge NL Donaulaan 51","address":"Donaulaan 51","city":"Purmerend","operatorName":"Ubitricity","maxPowerKw":11,"isMegawatt":false,"status":"AVAILABLE","source":"ndw","priceKwh":0.392}},{"type":"Feature","geometry":{"type":"Point","coordinates":[4.970616,52.49696]},"properties":{"type":"charge","layer":"passenger","locationId":"4A8745D6-B560-43F4-8239-8CCFD7692BD1","name":"TNLP007973 - Montferland 9, Purmerend","address":"9 Montferland","city":"Purmerend","operatorName":"TotalEnergies","maxPowerKw":17,"isMegawatt":false,"status":"AVAILABLE","source":"ndw"}},{"type":"Feature","geometry":{"type":"Point","coordinates":[4.9147977,52.5485152]},"properties":{"type":"charge","layer":"passenger","locationId":"1798","name":"Shell Recharge NL Kronenburg 1","address":"Kronenburg 1","city":"Middenbeemster","operatorName":"Ubitricity","maxPowerKw":22,"isMegawatt":false,"status":"AVAILABLE","source":"ndw","priceKwh":0.267}},{"type":"Feature","geometry":{"type":"Point","coordinates":[4.971634,52.511173]},"properties":{"type":"charge","layer":"passenger","locationId":"91170249","name":"50five-S NL ICUEVEMINI900274","address":"Westerweg 37C","city":"Purmerend","operatorName":"50five","maxPowerKw":17,"isMegawatt":false,"status":"UNAVAILABLE","source":"ndw"}},{"type":"Feature","geometry":{"type":"Point","coordinates":[4.92208,52.54299]},"properties":{"type":"charge","layer":"passenger","locationId":"2821aa232ba9305b0626a243f3c4aa7f","name":"Weidegangweg 50","address":"Weidegangweg 50","city":"Middenbeemster","operatorName":"Vattenfall InCharge","maxPowerKw":11,"isMegawatt":false,"status":"AVAILABLE","source":"ndw","priceKwh":0.2805}},{"type":"Feature","geometry":{"type":"Point","coordinates":[4.874155,52.554706]},"properties":{"type":"charge","layer":"passenger","locationId":"6728c8e7ee3077b6a6ff1149","name":"CONO Laadplein 09","address":"Rijperweg 20","city":"Westbeemster","operatorName":"E-Flux by Road","maxPowerKw":11,"isMegawatt":false,"status":"AVAILABLE","source":"ndw","priceKwh":0.2}},{"type":"Feature","geometry":{"type":"Point","coordinates":[4.93519,52.496216]},"properties":{"type":"charge","layer":"passenger","locationId":"18B26CD1-68B7-4A3B-8475-9F087D44CDB1","name":"TNLP006598 - Abel Tasmanplein 101, Purmerend","address":"101 Abel Tasmanplein","city":"Purmerend","operatorName":"TotalEnergies","maxPowerKw":17,"isMegawatt":false,"status":"UNAVAILABLE","source":"ndw"}},{"type":"Feature","geometry":{"type":"Point","coordinates":[5.009253,52.511186]},"properties":{"type":"charge","layer":"passenger","locationId":"91107207","name":"50five-S NL 09101060","address":"Netwerk 121","city":"Purmerend","operatorName":"50five","maxPowerKw":11,"isMegawatt":false,"status":"AVAILABLE","source":"ndw"}},{"type":"Feature","geometry":{"type":"Point","coordinates":[5.007654,52.512345]},"properties":{"type":"charge","layer":"passenger","locationId":"6900d9a16f4d1aa5af1dcbfc","name":"Gasservice","address":"Netwerk  147","city":"Purmerend","operatorName":"E-Flux by Road","maxPowerKw":22,"isMegawatt":false,"status":"AVAILABLE","source":"ndw","priceKwh":0.9}},{"type":"Feature","geometry":{"type":"Point","coordinates":[4.950026,52.516833]},"properties":{"type":"charge","layer":"passenger","locationId":"7585f0e4e7dce0b122ad82ab823e83bf","name":"Schoolslag 3","address":"Schoolslag 3","city":"Zuidoostbeemster","operatorName":"Vattenfall InCharge","maxPowerKw":11,"isMegawatt":false,"status":"AVAILABLE","source":"ndw","priceKwh":0.2805}},{"type":"Feature","geometry":{"type":"Point","coordinates":[4.936442,52.50197]},"properties":{"type":"charge","layer":"passenger","locationId":"c04da764-9b85-4332-9331-400b8de6646f","name":"TNLP006412 - Trinidadstraat 11, Purmerend","address":"11 Trinidadstraat","city":"Purmerend","operatorName":"TotalEnergies","maxPowerKw":17,"isMegawatt":false,"status":"UNAVAILABLE","source":"ndw"}},{"type":"Feature","geometry":{"type":"Point","coordinates":[4.968582,52.520676]},"properties":{"type":"charge","layer":"passenger","locationId":"731E2B6B-5F1E-4118-9922-1FD06FCD7F2A","name":"TNLP034042 - W. v.d. Brinkstraat 31, Purmerend","address":"31 W. v.d. Brinkstraat","city":"Purmerend","operatorName":"TotalEnergies","maxPowerKw":13,"isMegawatt":false,"status":"UNAVAILABLE","source":"ndw"}},{"type":"Feature","geometry":{"type":"Point","coordinates":[4.961067,52.502525]},"properties":{"type":"charge","layer":"passenger","locationId":"91229102","name":"50five-S NL 03004113","address":"Gorslaan 60","city":"Purmerend","operatorName":"50five","maxPowerKw":4,"isMegawatt":false,"status":"AVAILABLE","source":"ndw"}},{"type":"Feature","geometry":{"type":"Point","coordinates":[4.969233,52.51554]},"properties":{"type":"charge","layer":"passenger","locationId":"5E5E2ACE-12B8-4565-8DFE-BD5F47D20EAD","name":"TNLP006464 - Marathonstraat 38, Purmerend","address":"38 Marathonstraat","city":"Purmerend","operatorName":"TotalEnergies","maxPowerKw":17,"isMegawatt":false,"status":"UNAVAILABLE","source":"ndw"}},{"type":"Feature","geometry":{"type":"Point","coordinates":[4.873993,52.554429]},"properties":{"type":"charge","layer":"passenger","locationId":"671a1714078783001c83759b","name":"CONO Laadplein 02","address":"Rijperweg 20","city":"Westbeemster","operatorName":"E-Flux by Road","maxPowerKw":11,"isMegawatt":false,"status":"AVAILABLE","source":"ndw","priceKwh":0.2}},{"type":"Feature","geometry":{"type":"Point","coordinates":[4.9774138,52.500971]},"properties":{"type":"charge","layer":"passenger","locationId":"969","name":"Shell Recharge NL Speelwagenstraat 16","address":"Speelwagenstraat 16","city":"Purmerend","operatorName":"Ubitricity","maxPowerKw":22,"isMegawatt":false,"status":"AVAILABLE","source":"ndw","priceKwh":0.267}},{"type":"Feature","geometry":{"type":"Point","coordinates":[4.98924,52.513138]},"properties":{"type":"charge","layer":"passenger","locationId":"0B1C60A8-01D6-4DD8-B0E7-249D22EF52FB","name":"TNLP006955 - Heemstee 8, Purmerend","address":"8 Heemstee","city":"Purmerend","operatorName":"TotalEnergies","maxPowerKw":17,"isMegawatt":false,"status":"UNAVAILABLE","source":"ndw"}},{"type":"Feature","geometry":{"type":"Point","coordinates":[4.970722,52.508205]},"properties":{"type":"charge","layer":"passenger","locationId":"225C2E07-0BC8-43BF-96EC-182F5386930D","name":"TNLP009481 - Anne Franklaan 169, Purmerend","address":"169 Anne Franklaan","city":"Purmerend","operatorName":"TotalEnergies","maxPowerKw":17,"isMegawatt":false,"status":"UNAVAILABLE","source":"ndw"}},{"type":"Feature","geometry":{"type":"Point","coordinates":[4.966419,52.49742]},"properties":{"type":"charge","layer":"passenger","locationId":"5624C26B-71D8-4FB4-AFD2-724BDA823DB1","name":"TNLP015384 - Koggenland 75, Purmerend","address":"75 Koggenland","city":"Purmerend","operatorName":"TotalEnergies","maxPowerKw":17,"isMegawatt":false,"status":"AVAILABLE","source":"ndw"}},{"type":"Feature","geometry":{"type":"Point","coordinates":[4.948259,52.48976]},"properties":{"type":"charge","layer":"passenger","locationId":"8C915FCD-C1D7-451B-8276-D9B8F593B623","name":"TNLP009018 - Kaftanstraat 40, Purmerend","address":"40 Kaftanstraat","city":"Purmerend","operatorName":"TotalEnergies","maxPowerKw":17,"isMegawatt":false,"status":"AVAILABLE","source":"ndw"}},{"type":"Feature","geometry":{"type":"Point","coordinates":[4.929705,52.49888]},"properties":{"type":"charge","layer":"passenger","locationId":"C6B1895E-0750-4DCA-A3CF-2D3C07407724","name":"TNLP006301 - Falconstraat 12, Purmerend","address":"12 Falconstraat","city":"Purmerend","operatorName":"TotalEnergies","maxPowerKw":11,"isMegawatt":false,"status":"AVAILABLE","source":"ndw"}},{"type":"Feature","geometry":{"type":"Point","coordinates":[4.9696035,52.4882681]},"properties":{"type":"charge","layer":"passenger","locationId":"1866","name":"Shell Recharge NL Bachstraat 45","address":"Bachstraat 45","city":"Purmerend","operatorName":"Ubitricity","maxPowerKw":22,"isMegawatt":false,"status":"AVAILABLE","source":"ndw","priceKwh":0.267}},{"type":"Feature","geometry":{"type":"Point","coordinates":[4.9772,52.51474]},"properties":{"type":"charge","layer":"passenger","locationId":"633fcf62ddc53b657dfc7a42","name":"Praxis Purmerend","address":"Van IJsendijkstraat 146","city":"Purmerend","operatorName":"Alva Charging Services","maxPowerKw":74,"isMegawatt":false,"status":"AVAILABLE","source":"ndw","priceKwh":0.668}},{"type":"Feature","geometry":{"type":"Point","coordinates":[4.978596,52.500435]},"properties":{"type":"charge","layer":"passenger","locationId":"69F49AAA-F625-435B-ABA7-8ECFC30312D0","name":"TNLP008650 - Jachtwagenstraat 70, Purmerend","address":"70 Jachtwagenstraat","city":"Purmerend","operatorName":"TotalEnergies","maxPowerKw":14,"isMegawatt":false,"status":"CHARGING","source":"ndw"}},{"type":"Feature","geometry":{"type":"Point","coordinates":[4.938253,52.506542]},"properties":{"type":"charge","layer":"passenger","locationId":"D622E83F-1B61-49A6-A231-B05B2B22052D","name":"TNLP007223 - Oslohaven 7, Purmerend","address":"7 Oslohaven","city":"Purmerend","operatorName":"TotalEnergies","maxPowerKw":15,"isMegawatt":false,"status":"AVAILABLE","source":"ndw"}},{"type":"Feature","geometry":{"type":"Point","coordinates":[4.942621,52.49182]},"properties":{"type":"charge","layer":"passenger","locationId":"53351FAA-1047-4676-9AD6-6F4A4A31951A","name":"TNLP007036 - Eufraatlaan 40, Purmerend","address":"40 Eufraatlaan","city":"Purmerend","operatorName":"TotalEnergies","maxPowerKw":17,"isMegawatt":false,"status":"AVAILABLE","source":"ndw"}},{"type":"Feature","geometry":{"type":"Point","coordinates":[4.934745,52.50139]},"properties":{"type":"charge","layer":"passenger","locationId":"E7B0EDA0-3D39-4A8A-900D-4ED74AE73F65","name":"TNLP034044 - Barbadosstraat 27, Purmerend","address":"27 Barbadosstraat","city":"Purmerend","operatorName":"TotalEnergies","maxPowerKw":13,"isMegawatt":false,"status":"AVAILABLE","source":"ndw"}},{"type":"Feature","geometry":{"type":"Point","coordinates":[4.909839,52.54908]},"properties":{"type":"charge","layer":"passenger","locationId":"AFCD3F77-B6DE-4B05-8230-688F17E2EB26","name":"TNLP007684 - Rijperweg 50, Middenbeemster","address":"50 Rijperweg","city":"Middenbeemster","operatorName":"TotalEnergies","maxPowerKw":17,"isMegawatt":false,"status":"AVAILABLE","source":"ndw"}},{"type":"Feature","geometry":{"type":"Point","coordinates":[4.942071,52.50689]},"properties":{"type":"charge","layer":"passenger","locationId":"B6D18F50-E223-45D2-880C-72EA88220D54","name":"PP005464 - Genuahaven 2, Purmerend","address":"2 Genuahaven","city":"Purmerend","operatorName":"TotalEnergies","maxPowerKw":11,"isMegawatt":false,"status":"UNAVAILABLE","source":"ndw"}},{"type":"Feature","geometry":{"type":"Point","coordinates":[4.9544,52.507584]},"properties":{"type":"charge","layer":"passenger","locationId":"6553438867f8c8001d2ec740","name":"Billie CS","address":"Brantjesoever 19","city":"Purmerend","operatorName":"E-Flux by Road","maxPowerKw":22,"isMegawatt":false,"status":"CHARGING","source":"ndw","priceKwh":0.58}},{"type":"Feature","geometry":{"type":"Point","coordinates":[4.874757,52.555611]},"properties":{"type":"charge","layer":"passenger","locationId":"65c35599c92fa5001cb530f6","name":"CONO Bezoekers 01","address":"Rijperweg 20","city":"Westbeemster","operatorName":"E-Flux by Road","maxPowerKw":4,"isMegawatt":false,"status":"AVAILABLE","source":"ndw","priceKwh":0.2}},{"type":"Feature","geometry":{"type":"Point","coordinates":[4.971755,52.520035]},"properties":{"type":"charge","layer":"passenger","locationId":"4330BD1D-B2C4-4075-888C-A9591F5C69C9","name":"TNLP008632 - Paltrokmolen 1, Purmerend","address":"1 Paltrokmolen","city":"Purmerend","operatorName":"TotalEnergies","maxPowerKw":13,"isMegawatt":false,"status":"UNAVAILABLE","source":"ndw"}},{"type":"Feature","geometry":{"type":"Point","coordinates":[4.968048,52.496204]},"properties":{"type":"charge","layer":"passenger","locationId":"315D6430-53F6-4CB2-B565-649BD8F0AD11","name":"TNLP007190 - Delfland 34, Purmerend","address":"34 Delfland","city":"Purmerend","operatorName":"TotalEnergies","maxPowerKw":17,"isMegawatt":false,"status":"AVAILABLE","source":"ndw"}},{"type":"Feature","geometry":{"type":"Point","coordinates":[4.905405,52.547424]},"properties":{"type":"charge","layer":"passenger","locationId":"36CB8F00-1D32-4FC2-A604-34F991E4FCB6","name":"TNLP007215 - Westerhem 2, Middenbeemster","address":"2 Westerhem","city":"Middenbeemster","operatorName":"TotalEnergies","maxPowerKw":17,"isMegawatt":false,"status":"UNAVAILABLE","source":"ndw"}},{"type":"Feature","geometry":{"type":"Point","coordinates":[4.935231,52.496179]},"properties":{"type":"charge","layer":"passenger","locationId":"68afb19f93bff62898a6db14f28e0b14","name":"Abel Tasmanplein 101","address":"Abel Tasmanplein 101","city":"Purmerend","operatorName":"Vattenfall InCharge","maxPowerKw":11,"isMegawatt":false,"status":"AVAILABLE","source":"ndw","priceKwh":0.2805}},{"type":"Feature","geometry":{"type":"Point","coordinates":[4.938599,52.48999]},"properties":{"type":"charge","layer":"passenger","locationId":"75EC20E4-B406-4C1E-AD28-EE5978D2AA5B","name":"TNLP006880 - Oranjefontein 26, Purmerend","address":"26 Oranjefontein","city":"Purmerend","operatorName":"TotalEnergies","maxPowerKw":17,"isMegawatt":false,"status":"AVAILABLE","source":"ndw"}},{"type":"Feature","geometry":{"type":"Point","coordinates":[4.969259,52.497368]},"properties":{"type":"charge","layer":"passenger","locationId":"824B7B0D-9E27-41AA-87E1-81B1E8B25984","name":"TNLP006636 - Gaasterland 19, Purmerend","address":"19 Gaasterland","city":"Purmerend","operatorName":"TotalEnergies","maxPowerKw":17,"isMegawatt":false,"status":"AVAILABLE","source":"ndw"}},{"type":"Feature","geometry":{"type":"Point","coordinates":[4.9854,52.50584]},"properties":{"type":"charge","layer":"passenger","locationId":"5C8E9C04-4AC4-43F4-B808-EFA1DD9BCA72","name":"PP005065 - Gildeplein 1, Purmerend","address":"1 Gildeplein","city":"Purmerend","operatorName":"TotalEnergies","maxPowerKw":11,"isMegawatt":false,"status":"UNAVAILABLE","source":"ndw"}},{"type":"Feature","geometry":{"type":"Point","coordinates":[4.944409,52.5064]},"properties":{"type":"charge","layer":"passenger","locationId":"7097930F-EE23-4AFC-B67A-9A665F5CEA5E","name":"TNLP007032 - Bernard Nieuwentijtstraat 1, Purmerend","address":"1 Bernard Nieuwentijtstraat","city":"Purmerend","operatorName":"TotalEnergies","maxPowerKw":17,"isMegawatt":false,"status":"AVAILABLE","source":"ndw"}},{"type":"Feature","geometry":{"type":"Point","coordinates":[4.929827,52.496704]},"properties":{"type":"charge","layer":"passenger","locationId":"B6EB4028-E5D1-496E-938E-A8192BEBA376","name":"TNLP007422 - Siouxstraat 2, Purmerend","address":"2 Siouxstraat","city":"Purmerend","operatorName":"TotalEnergies","maxPowerKw":15,"isMegawatt":false,"status":"AVAILABLE","source":"ndw"}},{"type":"Feature","geometry":{"type":"Point","coordinates":[4.962973,52.52615]},"properties":{"type":"charge","layer":"passenger","locationId":"C59B3D20-94BC-45AD-A846-62EAE2F3FF65","name":"TNLP009221 - Westervenne 426, Purmerend","address":"426 Westervenne","city":"Purmerend","operatorName":"TotalEnergies","maxPowerKw":17,"isMegawatt":false,"status":"UNAVAILABLE","source":"ndw"}},{"type":"Feature","geometry":{"type":"Point","coordinates":[4.942776,52.491283]},"properties":{"type":"charge","layer":"passenger","locationId":"D241226C-D9BC-4F44-82CF-45161AB3EE0E","name":"TNLP007295 - Eufraatlaan 39, Purmerend","address":"39 Eufraatlaan","city":"Purmerend","operatorName":"TotalEnergies","maxPowerKw":15,"isMegawatt":false,"status":"CHARGING","source":"ndw"}},{"type":"Feature","geometry":{"type":"Point","coordinates":[4.93471,52.49757]},"properties":{"type":"charge","layer":"passenger","locationId":"D1068C95-2C26-47D0-A75E-AECB8843A8ED","name":"TNLP007527 - Bossa Novastraat 4, Purmerend","address":"4 Bossa Novastraat","city":"Purmerend","operatorName":"TotalEnergies","maxPowerKw":17,"isMegawatt":false,"status":"AVAILABLE","source":"ndw"}},{"type":"Feature","geometry":{"type":"Point","coordinates":[4.959446,52.49722]},"properties":{"type":"charge","layer":"passenger","locationId":"F468476E-1518-45DF-98C8-FDCA6E4DEF57","name":"TNLP007028 - Weegbreestraat 30, Purmerend","address":"30 Weegbreestraat","city":"Purmerend","operatorName":"TotalEnergies","maxPowerKw":17,"isMegawatt":false,"status":"AVAILABLE","source":"ndw"}},{"type":"Feature","geometry":{"type":"Point","coordinates":[4.96365,52.51477]},"properties":{"type":"charge","layer":"passenger","locationId":"c49db487a2f1cb5bc9372ece0415f3a3","name":"Vechtstraat 41","address":"Vechtstraat 41","city":"Purmerend","operatorName":"Vattenfall InCharge","maxPowerKw":11,"isMegawatt":false,"status":"AVAILABLE","source":"ndw","priceKwh":0.2805}},{"type":"Feature","geometry":{"type":"Point","coordinates":[4.924825,52.548122]},"properties":{"type":"charge","layer":"passenger","locationId":"F80B2966-9073-4246-A69E-6844B568FFEE","name":"TNLP007659 - De Eenhoorn 66, Middenbeemster","address":"66 De Eenhoorn","city":"Middenbeemster","operatorName":"TotalEnergies","maxPowerKw":17,"isMegawatt":false,"status":"UNAVAILABLE","source":"ndw"}},{"type":"Feature","geometry":{"type":"Point","coordinates":[4.998203,52.51311]},"properties":{"type":"charge","layer":"passenger","locationId":"923441","name":"DAE-NL-2000223","address":"Newtonstraat 21","city":"Purmerend","operatorName":"DAEN Mobility","maxPowerKw":11,"isMegawatt":false,"status":"UNAVAILABLE","source":"ndw","priceKwh":0.29}},{"type":"Feature","geometry":{"type":"Point","coordinates":[4.998203,52.51311]},"properties":{"type":"charge","layer":"passenger","locationId":"923442","name":"DAE-NL-2000224","address":"Newtonstraat 21","city":"Purmerend","operatorName":"DAEN Mobility","maxPowerKw":11,"isMegawatt":false,"status":"AVAILABLE","source":"ndw","priceKwh":0.29}},{"type":"Feature","geometry":{"type":"Point","coordinates":[4.94787,52.5026]},"properties":{"type":"charge","layer":"passenger","locationId":"fd8e4de732de8123eea4522cc2ce048a","name":"Chrysanthenstraat 55","address":"Chrysanthenstraat 55","city":"Purmerend","operatorName":"Vattenfall InCharge","maxPowerKw":11,"isMegawatt":false,"status":"AVAILABLE","source":"ndw","priceKwh":0.2805}},{"type":"Feature","geometry":{"type":"Point","coordinates":[4.910167,52.538912]},"properties":{"type":"charge","layer":"passenger","locationId":"91007041","name":"Van Leeuwen Midden Beemster","address":"Middenweg 190B","city":"Middenbeemster","operatorName":"Van Leeuwen","maxPowerKw":11,"isMegawatt":false,"status":"AVAILABLE","source":"ndw"}},{"type":"Feature","geometry":{"type":"Point","coordinates":[4.949889,52.507034]},"properties":{"type":"charge","layer":"passenger","locationId":"5692e09b-386f-4ddb-b804-1c45597bc3a1","name":"TNLP006995 - Nieuwstraat 107, Purmerend","address":"107 Nieuwstraat","city":"Purmerend","operatorName":"TotalEnergies","maxPowerKw":17,"isMegawatt":false,"status":"CHARGING","source":"ndw"}},{"type":"Feature","geometry":{"type":"Point","coordinates":[4.958862,52.535081]},"properties":{"type":"charge","layer":"passenger","locationId":"91147843","name":"50five-S NL 08103253","address":"Kwadijkerweg 8","city":"Zuidoostbeemster","operatorName":"50five","maxPowerKw":11,"isMegawatt":false,"status":"AVAILABLE","source":"ndw"}},{"type":"Feature","geometry":{"type":"Point","coordinates":[4.944377,52.510822]},"properties":{"type":"charge","layer":"passenger","locationId":"0cfb4e4b-032a-4bbc-bd8b-7d73ae5f8e8d","name":"Slotplein","address":"Slotplein 3","city":"Purmerend","operatorName":"Vattenfall InCharge","maxPowerKw":11,"isMegawatt":false,"status":"UNAVAILABLE","source":"ndw","priceKwh":0.4316}},{"type":"Feature","geometry":{"type":"Point","coordinates":[4.983,52.50833]},"properties":{"type":"charge","layer":"passenger","locationId":"1e4190c5e1512a80a559a74d1b0f25f4","name":"Spoorstokstraat 27","address":"Spoorstokstraat 27","city":"Purmerend","operatorName":"Vattenfall InCharge","maxPowerKw":11,"isMegawatt":false,"status":"AVAILABLE","source":"ndw","priceKwh":0.2805}},{"type":"Feature","geometry":{"type":"Point","coordinates":[4.960256,52.501314]},"properties":{"type":"charge","layer":"passenger","locationId":"a2af0a12-af99-4ff0-9aa9-6d957a1c376b","name":"TNLP034332","address":"Gorslaan 83","city":"Purmerend","operatorName":"TotalEnergies","maxPowerKw":14,"isMegawatt":false,"status":"AVAILABLE","source":"ndw"}},{"type":"Feature","geometry":{"type":"Point","coordinates":[5.003785,52.510881]},"properties":{"type":"charge","layer":"passenger","locationId":"2104391","name":"Laadnet Baanstay","address":"Amperestraat 51","city":"Purmerend","operatorName":"Laadnet","maxPowerKw":22,"isMegawatt":false,"status":"AVAILABLE","source":"ndw"}},{"type":"Feature","geometry":{"type":"Point","coordinates":[4.943916,52.490105]},"properties":{"type":"charge","layer":"passenger","locationId":"470DF561-2A73-4153-9937-7493B40FDC26","name":"TNLP007255 - Indusstraat 75, Purmerend","address":"75 Indusstraat","city":"Purmerend","operatorName":"TotalEnergies","maxPowerKw":17,"isMegawatt":false,"status":"AVAILABLE","source":"ndw"}},{"type":"Feature","geometry":{"type":"Point","coordinates":[4.955374,52.490967]},"properties":{"type":"charge","layer":"passenger","locationId":"16E1B91B-9807-4FB1-B635-8EB067508545","name":"TNLP006981 - Melkkruid 4, Purmerend","address":"4 Melkkruid","city":"Purmerend","operatorName":"TotalEnergies","maxPowerKw":17,"isMegawatt":false,"status":"AVAILABLE","source":"ndw"}},{"type":"Feature","geometry":{"type":"Point","coordinates":[4.9464,52.489567]},"properties":{"type":"charge","layer":"passenger","locationId":"16EB4B6D-CA3D-468C-B1CA-5B595BB25474","name":"TNLP006997 - Gangeslaan 130, Purmerend","address":"130 Gangeslaan","city":"Purmerend","operatorName":"TotalEnergies","maxPowerKw":17,"isMegawatt":false,"status":"CHARGING","source":"ndw"}},{"type":"Feature","geometry":{"type":"Point","coordinates":[4.961958,52.524597]},"properties":{"type":"charge","layer":"passenger","locationId":"1A5F4152-3278-4840-AE18-00CC4FD484C2","name":"TNLP007204 - Westervenne 126, Purmerend","address":"126 Westervenne","city":"Purmerend","operatorName":"TotalEnergies","maxPowerKw":17,"isMegawatt":false,"status":"UNAVAILABLE","source":"ndw"}},{"type":"Feature","geometry":{"type":"Point","coordinates":[4.945187,52.493481]},"properties":{"type":"charge","layer":"passenger","locationId":"eecfe17019324b05fdacc3a3cd8c816c","name":"Gangeslaan 55A","address":"Gangeslaan 55A","city":"Purmerend","operatorName":"Vattenfall InCharge","maxPowerKw":11,"isMegawatt":false,"status":"AVAILABLE","source":"ndw","priceKwh":0.2805}},{"type":"Feature","geometry":{"type":"Point","coordinates":[4.914775,52.546047]},"properties":{"type":"charge","layer":"passenger","locationId":"2E200EAA-4B61-442C-AA2C-2DC6E286DB4C","name":"TNLP009629 - Balthasar van Berckenrodeweg 12, Middenbeemster","address":"12 Balthasar van Berckenrodeweg","city":"Middenbeemster","operatorName":"TotalEnergies","maxPowerKw":17,"isMegawatt":false,"status":"UNAVAILABLE","source":"ndw"}},{"type":"Feature","geometry":{"type":"Point","coordinates":[4.97621,52.50905]},"properties":{"type":"charge","layer":"passenger","locationId":"8A65B7EA-ECC2-4E3C-A3E7-C69B9530B35E","name":"TNLP007748 - Roggebotstraat 49, Purmerend","address":"49 Roggebotstraat","city":"Purmerend","operatorName":"TotalEnergies","maxPowerKw":17,"isMegawatt":false,"status":"UNAVAILABLE","source":"ndw"}},{"type":"Feature","geometry":{"type":"Point","coordinates":[4.98757,52.501537]},"properties":{"type":"charge","layer":"passenger","locationId":"38DE3467-E633-4203-BDA2-C10BBD0DE172","name":"TNLP007263 - Botertonstraat 23, Purmerend","address":"23 Botertonstraat","city":"Purmerend","operatorName":"TotalEnergies","maxPowerKw":17,"isMegawatt":false,"status":"UNAVAILABLE","source":"ndw"}},{"type":"Feature","geometry":{"type":"Point","coordinates":[4.94972,52.49894]},"properties":{"type":"charge","layer":"passenger","locationId":"f7a6146a-c15b-4d99-b9a2-66fd04007838","name":"PP001864 - Moerasvaren 76, Purmerend","address":"76 Moerasvaren","city":"Purmerend","operatorName":"TotalEnergies","maxPowerKw":11,"isMegawatt":false,"status":"AVAILABLE","source":"ndw"}},{"type":"Feature","geometry":{"type":"Point","coordinates":[4.874226,52.554812]},"properties":{"type":"charge","layer":"passenger","locationId":"65cf6f9a24689e001cce525f","name":"CONO Laadplein 14","address":"Rijperweg 20","city":"Westbeemster","operatorName":"E-Flux by Road","maxPowerKw":6,"isMegawatt":false,"status":"AVAILABLE","source":"ndw","priceKwh":0.2}},{"type":"Feature","geometry":{"type":"Point","coordinates":[4.9720577,52.5194627]},"properties":{"type":"charge","layer":"passenger","locationId":"2097","name":"Shell Recharge NL Paltrokmolen 34","address":"Paltrokmolen 34","city":"Purmerend","operatorName":"Ubitricity","maxPowerKw":22,"isMegawatt":false,"status":"AVAILABLE","source":"ndw","priceKwh":0.267}},{"type":"Feature","geometry":{"type":"Point","coordinates":[4.981966,52.50357]},"properties":{"type":"charge","layer":"passenger","locationId":"CDE3EA0E-6AA8-45AE-B117-E0EE35D36E4A","name":"TNLP007412 - Banning Cocqgracht 35, Purmerend","address":"35 Banning Cocqgracht","city":"Purmerend","operatorName":"TotalEnergies","maxPowerKw":17,"isMegawatt":false,"status":"UNAVAILABLE","source":"ndw"}},{"type":"Feature","geometry":{"type":"Point","coordinates":[4.973801,52.511032]},"properties":{"type":"charge","layer":"passenger","locationId":"F09B9B6D-C37E-4FDD-8AC0-7CEADD5724CB","name":"PP005306 - Anne Franklaan 523, Purmerend","address":"523 Anne Franklaan","city":"Purmerend","operatorName":"TotalEnergies","maxPowerKw":11,"isMegawatt":false,"status":"UNAVAILABLE","source":"ndw"}},{"type":"Feature","geometry":{"type":"Point","coordinates":[4.966789,52.487236]},"properties":{"type":"charge","layer":"passenger","locationId":"F1023035-18C9-43F9-9B41-E5970919C20F","name":"TNLP009121 - Beethovenstraat 31, Purmerend","address":"31 Beethovenstraat","city":"Purmerend","operatorName":"TotalEnergies","maxPowerKw":17,"isMegawatt":false,"status":"AVAILABLE","source":"ndw"}},{"type":"Feature","geometry":{"type":"Point","coordinates":[4.94077,52.51984]},"properties":{"type":"charge","layer":"passenger","locationId":"F417B96E-C8D6-4AD2-B5EE-223794059652","name":"PP005115 - Boerengroenstraat 13, Zuidoostbeemster","address":"13 Boerengroenstraat","city":"Zuidoostbeemster","operatorName":"TotalEnergies","maxPowerKw":11,"isMegawatt":false,"status":"UNAVAILABLE","source":"ndw"}},{"type":"Feature","geometry":{"type":"Point","coordinates":[4.938227,52.507202]},"properties":{"type":"charge","layer":"passenger","locationId":"FAE7DC35-3FFE-4838-9E1B-BC3094FEB80D","name":"TNLP008139 - Rotterdamhaven 32, Purmerend","address":"32 Rotterdamhaven","city":"Purmerend","operatorName":"TotalEnergies","maxPowerKw":15,"isMegawatt":false,"status":"UNAVAILABLE","source":"ndw"}},{"type":"Feature","geometry":{"type":"Point","coordinates":[4.985634,52.52028]},"properties":{"type":"charge","layer":"passenger","locationId":"67238c6fdad6f8121026f86f","name":"SVP Voorzijde","address":"Nieuwe Gouw 20","city":"Purmerend","operatorName":"E-Flux by Road","maxPowerKw":10,"isMegawatt":false,"status":"AVAILABLE","source":"ndw","priceKwh":0.43}},{"type":"Feature","geometry":{"type":"Point","coordinates":[4.942577,52.50495]},"properties":{"type":"charge","layer":"passenger","locationId":"59BA6667-D527-4D60-B09D-82C2D1C2AC9C","name":"PP005085 - Loirestraat 9, Purmerend","address":"9 Loirestraat","city":"Purmerend","operatorName":"TotalEnergies","maxPowerKw":11,"isMegawatt":false,"status":"AVAILABLE","source":"ndw"}},{"type":"Feature","geometry":{"type":"Point","coordinates":[4.966259,52.513134]},"properties":{"type":"charge","layer":"passenger","locationId":"73397BBA-0BA6-484F-96F8-6C0265299CDC","name":"PP005502 - Van Ijsendijkstraat 93, Purmerend","address":"93 Van Ijsendijkstraat","city":"Purmerend","operatorName":"TotalEnergies","maxPowerKw":11,"isMegawatt":false,"status":"UNAVAILABLE","source":"ndw"}},{"type":"Feature","geometry":{"type":"Point","coordinates":[4.928442,52.49936]},"properties":{"type":"charge","layer":"passenger","locationId":"2609F324-32E7-4D57-BD7F-6A9A05600B3D","name":"TNLP008295 - Bisonstraat 146, Purmerend","address":"146 Bisonstraat","city":"Purmerend","operatorName":"TotalEnergies","maxPowerKw":13,"isMegawatt":false,"status":"AVAILABLE","source":"ndw"}},{"type":"Feature","geometry":{"type":"Point","coordinates":[4.941317,52.50891]},"properties":{"type":"charge","layer":"passenger","locationId":"80D411FF-41BD-491B-B07E-C73F3156DF15","name":"TNLP007564 - Singelbuurt 26, Purmerend","address":"26 Singelbuurt","city":"Purmerend","operatorName":"TotalEnergies","maxPowerKw":15,"isMegawatt":false,"status":"AVAILABLE","source":"ndw"}},{"type":"Feature","geometry":{"type":"Point","coordinates":[4.980729,52.501205]},"properties":{"type":"charge","layer":"passenger","locationId":"EEFA1A79-F69B-4E39-B496-05E21013605C","name":"TNLP008170 - Rietdekkerstraat 2, Purmerend","address":"2 Rietdekkerstraat","city":"Purmerend","operatorName":"TotalEnergies","maxPowerKw":17,"isMegawatt":false,"status":"UNAVAILABLE","source":"ndw"}},{"type":"Feature","geometry":{"type":"Point","coordinates":[4.936542,52.489864]},"properties":{"type":"charge","layer":"passenger","locationId":"8CFFAA41-CAB8-4DA5-BCC0-07083BC483A6","name":"TNLP007526 - Springfontein 24, Purmerend","address":"24 Springfontein","city":"Purmerend","operatorName":"TotalEnergies","maxPowerKw":17,"isMegawatt":false,"status":"AVAILABLE","source":"ndw"}},{"type":"Feature","geometry":{"type":"Point","coordinates":[4.942017,52.495556]},"properties":{"type":"charge","layer":"passenger","locationId":"160FEFDE-F675-4152-BC31-BF648BFD548D","name":"TNLP006262 - Rotanstraat 41, Purmerend","address":"41 Rotanstraat","city":"Purmerend","operatorName":"TotalEnergies","maxPowerKw":17,"isMegawatt":false,"status":"AVAILABLE","source":"ndw"}},{"type":"Feature","geometry":{"type":"Point","coordinates":[4.996222,52.510723]},"properties":{"type":"charge","layer":"passenger","locationId":"2FF43F21-4C4B-487D-9000-1834E630A5E7","name":"PP005298 - Parkstee 241, Purmerend","address":"241 Parkstee","city":"Purmerend","operatorName":"TotalEnergies","maxPowerKw":11,"isMegawatt":false,"status":"UNAVAILABLE","source":"ndw"}},{"type":"Feature","geometry":{"type":"Point","coordinates":[4.9786,52.502]},"properties":{"type":"charge","layer":"passenger","locationId":"38DA61F7-50F8-44C0-9512-AC68292F081B","name":"PP005078 - Steendrukkerstraat 26, Purmerend","address":"26 Steendrukkerstraat","city":"Purmerend","operatorName":"TotalEnergies","maxPowerKw":11,"isMegawatt":false,"status":"UNAVAILABLE","source":"ndw"}},{"type":"Feature","geometry":{"type":"Point","coordinates":[4.874032,52.554489]},"properties":{"type":"charge","layer":"passenger","locationId":"6728c7cb4d5f2caf78f3f0ee","name":"CONO Laadplein 04","address":"Rijperweg 20","city":"Westbeemster","operatorName":"E-Flux by Road","maxPowerKw":11,"isMegawatt":false,"status":"AVAILABLE","source":"ndw","priceKwh":0.2}},{"type":"Feature","geometry":{"type":"Point","coordinates":[4.9865154,52.5087254]},"properties":{"type":"charge","layer":"passenger","locationId":"926","name":"Shell Recharge NL Wakerdijk 72","address":"Wakerdijk 72","city":"Purmerend","operatorName":"Ubitricity","maxPowerKw":22,"isMegawatt":false,"status":"AVAILABLE","source":"ndw","priceKwh":0.267}},{"type":"Feature","geometry":{"type":"Point","coordinates":[4.96104,52.48905]},"properties":{"type":"charge","layer":"passenger","locationId":"471D3F8F-852D-4FE0-BB90-6308857E6631","name":"PP002389 - Persijnlaan 1, Purmerend","address":"1 Persijnlaan","city":"Purmerend","operatorName":"TotalEnergies","maxPowerKw":17,"isMegawatt":false,"status":"AVAILABLE","source":"ndw"}},{"type":"Feature","geometry":{"type":"Point","coordinates":[4.949811,52.493816]},"properties":{"type":"charge","layer":"passenger","locationId":"F156E87B-55BD-4B49-8375-B34702BFEE32","name":"TNLP007508 - Boterbloem 39, Purmerend","address":"39 Boterbloem","city":"Purmerend","operatorName":"TotalEnergies","maxPowerKw":15,"isMegawatt":false,"status":"UNAVAILABLE","source":"ndw"}},{"type":"Feature","geometry":{"type":"Point","coordinates":[4.94202,52.520363]},"properties":{"type":"charge","layer":"passenger","locationId":"6528FF2C-9D5E-415E-BED9-A80126EE2C17","name":"TNLP009595 - Notarisappelstraat 14, Zuidoostbeemster","address":"14 Notarisappelstraat","city":"Zuidoostbeemster","operatorName":"TotalEnergies","maxPowerKw":17,"isMegawatt":false,"status":"UNAVAILABLE","source":"ndw"}},{"type":"Feature","geometry":{"type":"Point","coordinates":[4.984302,52.504078]},"properties":{"type":"charge","layer":"passenger","locationId":"48B7F339-B98A-4A34-97C1-EB9DC8CE9E52","name":"TNLP008245 - Spinnerhof 2, Purmerend","address":"2 Spinnerhof","city":"Purmerend","operatorName":"TotalEnergies","maxPowerKw":15,"isMegawatt":false,"status":"AVAILABLE","source":"ndw"}},{"type":"Feature","geometry":{"type":"Point","coordinates":[4.952354,52.493877]},"properties":{"type":"charge","layer":"passenger","locationId":"B1FEE143-79FF-47B9-9EC7-0E3ADB451A3A","name":"TNLP007511 - Dotterbloem 100, Purmerend","address":"100 Dotterbloem","city":"Purmerend","operatorName":"TotalEnergies","maxPowerKw":15,"isMegawatt":false,"status":"AVAILABLE","source":"ndw"}},{"type":"Feature","geometry":{"type":"Point","coordinates":[4.943243,52.509007]},"properties":{"type":"charge","layer":"passenger","locationId":"BF9EA8EB-A289-4401-AA22-9A53FAE598B0","name":"TNLP007034 - Nieuwstraat 2, Purmerend","address":"2 Nieuwstraat","city":"Purmerend","operatorName":"TotalEnergies","maxPowerKw":17,"isMegawatt":false,"status":"CHARGING","source":"ndw"}},{"type":"Feature","geometry":{"type":"Point","coordinates":[4.936449,52.494324]},"properties":{"type":"charge","layer":"passenger","locationId":"28266433-8024-4F25-B2F8-CCA0EF583925","name":"PP005601 - Nijlstraat 44, Purmerend","address":"44 Nijlstraat","city":"Purmerend","operatorName":"TotalEnergies","maxPowerKw":11,"isMegawatt":false,"status":"AVAILABLE","source":"ndw"}},{"type":"Feature","geometry":{"type":"Point","coordinates":[4.95887,52.49637]},"properties":{"type":"charge","layer":"passenger","locationId":"2CA54B59-DA63-4749-A88A-49365EB38E4E","name":"PP005076 - Zeggehof 1, Purmerend","address":"1 Zeggehof","city":"Purmerend","operatorName":"TotalEnergies","maxPowerKw":11,"isMegawatt":false,"status":"UNAVAILABLE","source":"ndw"}},{"type":"Feature","geometry":{"type":"Point","coordinates":[4.913233,52.54487]},"properties":{"type":"charge","layer":"passenger","locationId":"E863A92E-0D7F-44C1-83EA-74B5F25E738D","name":"TNLP034643 - Roede 33, Middenbeemster","address":"33 Roede","city":"Middenbeemster","operatorName":"TotalEnergies","maxPowerKw":13,"isMegawatt":false,"status":"UNAVAILABLE","source":"ndw"}},{"type":"Feature","geometry":{"type":"Point","coordinates":[4.935755,52.49339]},"properties":{"type":"charge","layer":"passenger","locationId":"D6814D09-AD97-41E7-BB02-3689B07DFA30","name":"TNLP008459 - Nijlstraat 68, Purmerend","address":"68 Nijlstraat","city":"Purmerend","operatorName":"TotalEnergies","maxPowerKw":14,"isMegawatt":false,"status":"UNAVAILABLE","source":"ndw"}},{"type":"Feature","geometry":{"type":"Point","coordinates":[4.941745,52.49763]},"properties":{"type":"charge","layer":"passenger","locationId":"129926AA-A74B-4E62-81E6-CB9B7B8F6591","name":"TNLP007397 - Java 32, Purmerend","address":"32 Java","city":"Purmerend","operatorName":"TotalEnergies","maxPowerKw":17,"isMegawatt":false,"status":"AVAILABLE","source":"ndw"}},{"type":"Feature","geometry":{"type":"Point","coordinates":[4.939356,52.505714]},"properties":{"type":"charge","layer":"passenger","locationId":"07B8084C-03CE-4004-A392-CFBD03124153","name":"TNLP007138 - Antwerpenhaven 12, Purmerend","address":"12 Antwerpenhaven","city":"Purmerend","operatorName":"TotalEnergies","maxPowerKw":17,"isMegawatt":false,"status":"AVAILABLE","source":"ndw"}},{"type":"Feature","geometry":{"type":"Point","coordinates":[4.944103,52.516144]},"properties":{"type":"charge","layer":"passenger","locationId":"35D6C8AF-9F3C-4B91-A571-C6FDAE5D8A21","name":"TNLP009024 - Burgemeester de Geusstraat 2, Zuidoostbeemster","address":"2 Burgemeester de Geusstraat","city":"Zuidoostbeemster","operatorName":"TotalEnergies","maxPowerKw":17,"isMegawatt":false,"status":"UNAVAILABLE","source":"ndw"}},{"type":"Feature","geometry":{"type":"Point","coordinates":[4.94382,52.503742]},"properties":{"type":"charge","layer":"passenger","locationId":"4EF2B857-1CEF-4E89-96A1-055EB0F193D1","name":"TNLP007219 - Loirestraat 159, Purmerend","address":"159 Loirestraat","city":"Purmerend","operatorName":"TotalEnergies","maxPowerKw":17,"isMegawatt":false,"status":"AVAILABLE","source":"ndw"}},{"type":"Feature","geometry":{"type":"Point","coordinates":[4.911666,52.549486]},"properties":{"type":"charge","layer":"passenger","locationId":"6900b6fbc1c044a1633d6526","name":"Smit Laadpaal","address":"Raadhuisstraat 27","city":"Middenbeemster","operatorName":"E-Flux by Road","maxPowerKw":3,"isMegawatt":false,"status":"AVAILABLE","source":"ndw","priceKwh":0.59}},{"type":"Feature","geometry":{"type":"Point","coordinates":[4.972782,52.49547]},"properties":{"type":"charge","layer":"passenger","locationId":"604A05DE-7FED-4A0B-9B6A-153C8B411287","name":"PP005556 - Grevelingenmeer 131, Purmerend","address":"131 Grevelingenmeer","city":"Purmerend","operatorName":"TotalEnergies","maxPowerKw":11,"isMegawatt":false,"status":"CHARGING","source":"ndw"}},{"type":"Feature","geometry":{"type":"Point","coordinates":[4.963362,52.495632]},"properties":{"type":"charge","layer":"passenger","locationId":"7046F3FE-084C-42E7-96DF-A6CD5CF88AB6","name":"TNLP008569 - Koggenland 90, Purmerend","address":"90 Koggenland","city":"Purmerend","operatorName":"TotalEnergies","maxPowerKw":14,"isMegawatt":false,"status":"AVAILABLE","source":"ndw"}},{"type":"Feature","geometry":{"type":"Point","coordinates":[4.937901,52.505726]},"properties":{"type":"charge","layer":"passenger","locationId":"70A94722-560B-48A7-8A88-AC8247F8494C","name":"TNLP005851 - Antwerpenhaven 100, Purmerend","address":"100 Antwerpenhaven","city":"Purmerend","operatorName":"TotalEnergies","maxPowerKw":11,"isMegawatt":false,"status":"AVAILABLE","source":"ndw"}},{"type":"Feature","geometry":{"type":"Point","coordinates":[4.935798,52.49895]},"properties":{"type":"charge","layer":"passenger","locationId":"1AE282ED-AE2C-4C6D-83D9-5F555551AA01","name":"TNLP006475 - Limbostraat 36, Purmerend","address":"36 Limbostraat","city":"Purmerend","operatorName":"TotalEnergies","maxPowerKw":17,"isMegawatt":false,"status":"AVAILABLE","source":"ndw"}},{"type":"Feature","geometry":{"type":"Point","coordinates":[4.944448,52.501106]},"properties":{"type":"charge","layer":"passenger","locationId":"C627128E-3E05-493A-BDC8-41CD70B91AAE","name":"TNLP006604 - Borghesepark 117, Purmerend","address":"117 Borghesepark","city":"Purmerend","operatorName":"TotalEnergies","maxPowerKw":17,"isMegawatt":false,"status":"UNAVAILABLE","source":"ndw"}},{"type":"Feature","geometry":{"type":"Point","coordinates":[4.958148,52.50244]},"properties":{"type":"charge","layer":"passenger","locationId":"85965037-339d-4b6f-8d6d-d51b52d8f626","name":"TNLP008634 - Spaarbekkenkade 23, Purmerend","address":"23 Spaarbekkenkade","city":"Purmerend","operatorName":"TotalEnergies","maxPowerKw":14,"isMegawatt":false,"status":"AVAILABLE","source":"ndw"}},{"type":"Feature","geometry":{"type":"Point","coordinates":[4.926608,52.49411]},"properties":{"type":"charge","layer":"passenger","locationId":"61A39177-E2C7-4431-ACA8-75CB66C97ADC","name":"TNLP006366 - Hudsonstraat 33, Purmerend","address":"33 Hudsonstraat","city":"Purmerend","operatorName":"TotalEnergies","maxPowerKw":17,"isMegawatt":false,"status":"AVAILABLE","source":"ndw"}},{"type":"Feature","geometry":{"type":"Point","coordinates":[4.972504,52.50648]},"properties":{"type":"charge","layer":"passenger","locationId":"72BF2B38-FD1B-4900-8A55-E6793D58FA76","name":"TNLP008557 - Dr. Albert Schweitzerlaan 32, Purmerend","address":"32 Dr. Albert Schweitzerlaan","city":"Purmerend","operatorName":"TotalEnergies","maxPowerKw":13,"isMegawatt":false,"status":"UNAVAILABLE","source":"ndw"}},{"type":"Feature","geometry":{"type":"Point","coordinates":[4.947516,52.510765]},"properties":{"type":"charge","layer":"passenger","locationId":"EC2EE31D-E8BB-4F0C-98C3-FBE0791A4357","name":"TNLP007396 - Weerwal 3, Purmerend","address":"3 Weerwal","city":"Purmerend","operatorName":"TotalEnergies","maxPowerKw":17,"isMegawatt":false,"status":"CHARGING","source":"ndw"}},{"type":"Feature","geometry":{"type":"Point","coordinates":[4.941064,52.508812]},"properties":{"type":"charge","layer":"passenger","locationId":"94680fec-b968-45e5-b3d5-41eeaec81bca","name":"TNLP005751 - Singelbuurt 77, Purmerend","address":"77 Singelbuurt","city":"Purmerend","operatorName":"TotalEnergies","maxPowerKw":17,"isMegawatt":false,"status":"CHARGING","source":"ndw"}},{"type":"Feature","geometry":{"type":"Point","coordinates":[4.967238,52.49524]},"properties":{"type":"charge","layer":"passenger","locationId":"748C7104-A3DB-4459-8EA9-B8E9E3C9CCC6","name":"TNLP034067 - Kempenland 85, Purmerend","address":"85 Kempenland","city":"Purmerend","operatorName":"TotalEnergies","maxPowerKw":13,"isMegawatt":false,"status":"AVAILABLE","source":"ndw"}},{"type":"Feature","geometry":{"type":"Point","coordinates":[4.935294,52.49266]},"properties":{"type":"charge","layer":"passenger","locationId":"CD4DDC7D-CA5D-48B7-BC08-3898C9BBB114","name":"TNLP007232 - Nijlstraat 100, Purmerend","address":"100 Nijlstraat","city":"Purmerend","operatorName":"TotalEnergies","maxPowerKw":17,"isMegawatt":false,"status":"AVAILABLE","source":"ndw"}},{"type":"Feature","geometry":{"type":"Point","coordinates":[4.9567,52.52264]},"properties":{"type":"charge","layer":"passenger","locationId":"f3f68b90-0a3b-4f6a-90a9-84d84b756585","name":"PP001995 - Burgemeester D. Kooimanweg 459, Purmerend","address":"459 Burgemeester D. Kooimanweg","city":"Purmerend","operatorName":"TotalEnergies","maxPowerKw":11,"isMegawatt":false,"status":"AVAILABLE","source":"ndw"}},{"type":"Feature","geometry":{"type":"Point","coordinates":[4.946067,52.490466]},"properties":{"type":"charge","layer":"passenger","locationId":"4bfa6ab6-d2e8-46d5-af96-99e21631392f","name":"Gangeslaan","address":"Gangeslaan 106","city":"Purmerend","operatorName":"Vattenfall InCharge","maxPowerKw":11,"isMegawatt":false,"status":"UNAVAILABLE","source":"ndw","priceKwh":0.4316}},{"type":"Feature","geometry":{"type":"Point","coordinates":[4.98437,52.50801]},"properties":{"type":"charge","layer":"passenger","locationId":"9a0a2894-2b4b-44e9-b1ed-dac991b7a230","name":"Sikkelstraat 5","address":"Sikkelstraat 5","city":"Purmerend","operatorName":"Vattenfall InCharge","maxPowerKw":11,"isMegawatt":false,"status":"AVAILABLE","source":"ndw","priceKwh":0.2805}},{"type":"Feature","geometry":{"type":"Point","coordinates":[4.951531,52.517773]},"properties":{"type":"charge","layer":"passenger","locationId":"a5aa713d6f2522eca6cb3ea05a98f620","name":"Vlinderslag 18","address":"Vlinderslag 18","city":"Zuidoostbeemster","operatorName":"Vattenfall InCharge","maxPowerKw":11,"isMegawatt":false,"status":"AVAILABLE","source":"ndw","priceKwh":0.2805}},{"type":"Feature","geometry":{"type":"Point","coordinates":[4.949325,52.49537]},"properties":{"type":"charge","layer":"passenger","locationId":"5335CB84-319D-4C35-BDDC-651D63FCB36E","name":"TNLP007601 - Boterbloem 83, Purmerend","address":"83 Boterbloem","city":"Purmerend","operatorName":"TotalEnergies","maxPowerKw":15,"isMegawatt":false,"status":"UNAVAILABLE","source":"ndw"}},{"type":"Feature","geometry":{"type":"Point","coordinates":[4.874649,52.556603]},"properties":{"type":"charge","layer":"passenger","locationId":"65cf6c713d479d001b566560","name":"CONO Laadplein 10","address":"Rijperweg 20","city":"Westbeemster","operatorName":"E-Flux by Road","maxPowerKw":6,"isMegawatt":false,"status":"AVAILABLE","source":"ndw","priceKwh":0.2}},{"type":"Feature","geometry":{"type":"Point","coordinates":[4.940549,52.501625]},"properties":{"type":"charge","layer":"passenger","locationId":"79E11987-7E84-46A2-A168-4ADD04655017","name":"TNLP009283 - Algarve 31, Purmerend","address":"31 Algarve","city":"Purmerend","operatorName":"TotalEnergies","maxPowerKw":17,"isMegawatt":false,"status":"AVAILABLE","source":"ndw"}},{"type":"Feature","geometry":{"type":"Point","coordinates":[4.954634,52.500385]},"properties":{"type":"charge","layer":"passenger","locationId":"B060AD2C-D799-4AE0-8177-B82CED4EF359","name":"TNLP008555 - Veenmossingel 34, Purmerend","address":"34 Veenmossingel","city":"Purmerend","operatorName":"TotalEnergies","maxPowerKw":13,"isMegawatt":false,"status":"AVAILABLE","source":"ndw"}},{"type":"Feature","geometry":{"type":"Point","coordinates":[4.973198,52.493977]},"properties":{"type":"charge","layer":"passenger","locationId":"BBCB1AB8-ECBC-4523-9695-80B82B461ADD","name":"TNLP007566 - Drontermeer 60, Purmerend","address":"60 Drontermeer","city":"Purmerend","operatorName":"TotalEnergies","maxPowerKw":17,"isMegawatt":false,"status":"AVAILABLE","source":"ndw"}},{"type":"Feature","geometry":{"type":"Point","coordinates":[4.955905,52.494053]},"properties":{"type":"charge","layer":"passenger","locationId":"C2B66171-4463-4069-A639-CE8005F32909","name":"TNLP006307 - Hoornblad 2, Purmerend","address":"2 Hoornblad","city":"Purmerend","operatorName":"TotalEnergies","maxPowerKw":17,"isMegawatt":false,"status":"AVAILABLE","source":"ndw"}},{"type":"Feature","geometry":{"type":"Point","coordinates":[4.955182,52.535047]},"properties":{"type":"charge","layer":"passenger","locationId":"91179497","name":"50five-S NL Zuidoostbeemster, Zuiderweg 44","address":"Zuiderweg 44","city":"Zuidoostbeemster","operatorName":"50five","maxPowerKw":11,"isMegawatt":false,"status":"AVAILABLE","source":"ndw"}},{"type":"Feature","geometry":{"type":"Point","coordinates":[4.952961,52.500242]},"properties":{"type":"charge","layer":"passenger","locationId":"7399ee92c301027807bb1daaba934bfa","name":"Bladmoshof 24","address":"Bladmoshof 24","city":"Purmerend","operatorName":"Vattenfall InCharge","maxPowerKw":11,"isMegawatt":false,"status":"AVAILABLE","source":"ndw","priceKwh":0.2805}},{"type":"Feature","geometry":{"type":"Point","coordinates":[4.96106,52.51405]},"properties":{"type":"charge","layer":"passenger","locationId":"E950E607-F56A-4020-89FD-FD1D071DCE1C","name":"TNLP015103 - Scheldestraat 2, Purmerend","address":"2 Scheldestraat","city":"Purmerend","operatorName":"TotalEnergies","maxPowerKw":17,"isMegawatt":false,"status":"UNAVAILABLE","source":"ndw"}},{"type":"Feature","geometry":{"type":"Point","coordinates":[4.927969,52.492706]},"properties":{"type":"charge","layer":"passenger","locationId":"0577D645-36EF-4D4C-8E05-5E5E5D984BC4","name":"TNLP006369 - Alexandriëstraat 33, Purmerend","address":"33 Alexandriëstraat","city":"Purmerend","operatorName":"TotalEnergies","maxPowerKw":17,"isMegawatt":false,"status":"AVAILABLE","source":"ndw"}},{"type":"Feature","geometry":{"type":"Point","coordinates":[4.92394,52.54619]},"properties":{"type":"charge","layer":"passenger","locationId":"4c438f7890a2e476446569778cc2d7ad","name":"Belthoeve 32","address":"Belthoeve 32","city":"Middenbeemster","operatorName":"Vattenfall InCharge","maxPowerKw":11,"isMegawatt":false,"status":"AVAILABLE","source":"ndw","priceKwh":0.2805}},{"type":"Feature","geometry":{"type":"Point","coordinates":[4.964985,52.5096]},"properties":{"type":"charge","layer":"passenger","locationId":"853FD643-C76E-4929-80D1-40A7C022C8D2","name":"TNLP007380 - Polaris 3, Purmerend","address":"3 Polaris","city":"Purmerend","operatorName":"TotalEnergies","maxPowerKw":17,"isMegawatt":false,"status":"UNAVAILABLE","source":"ndw"}},{"type":"Feature","geometry":{"type":"Point","coordinates":[4.972853,52.49246]},"properties":{"type":"charge","layer":"passenger","locationId":"C368E100-8501-4B7B-8B42-0572D3993A9D","name":"TNLP007238 - Naardermeer 68, Purmerend","address":"68 Naardermeer","city":"Purmerend","operatorName":"TotalEnergies","maxPowerKw":17,"isMegawatt":false,"status":"AVAILABLE","source":"ndw"}},{"type":"Feature","geometry":{"type":"Point","coordinates":[4.92168,52.54699]},"properties":{"type":"charge","layer":"passenger","locationId":"2BD6E386-DE8C-4200-A5CD-8A3AEDC2D502","name":"PP004290 - Groenveld 14, Middenbeemster","address":"14 Groenveld","city":"Middenbeemster","operatorName":"TotalEnergies","maxPowerKw":11,"isMegawatt":false,"status":"UNAVAILABLE","source":"ndw"}},{"type":"Feature","geometry":{"type":"Point","coordinates":[4.9539,52.506284]},"properties":{"type":"charge","layer":"passenger","locationId":"91105402","name":"50five-S NL 18B10288","address":"Purmersteenweg 42","city":"Purmerend","operatorName":"50five","maxPowerKw":11,"isMegawatt":false,"status":"AVAILABLE","source":"ndw"}},{"type":"Feature","geometry":{"type":"Point","coordinates":[4.96312,52.50454]},"properties":{"type":"charge","layer":"passenger","locationId":"1a766607f10258c844edf7eb54136bf2","name":"Purmerweg 88","address":"Purmerweg 88","city":"Purmerend","operatorName":"Vattenfall InCharge","maxPowerKw":11,"isMegawatt":false,"status":"AVAILABLE","source":"ndw","priceKwh":0.2805}},{"type":"Feature","geometry":{"type":"Point","coordinates":[4.931663,52.494617]},"properties":{"type":"charge","layer":"passenger","locationId":"73A0803E-2A7E-4A2E-B887-2C40EE4D4971","name":"PP005307 - Masaistraat 93, Purmerend","address":"93 Masaistraat","city":"Purmerend","operatorName":"TotalEnergies","maxPowerKw":11,"isMegawatt":false,"status":"UNAVAILABLE","source":"ndw"}},{"type":"Feature","geometry":{"type":"Point","coordinates":[4.958691,52.5111]},"properties":{"type":"charge","layer":"passenger","locationId":"9CD1DD2F-271A-4C2D-9A14-0DF5D9101EC9","name":"TNLP008265 - Cavaljéplein 324, Purmerend","address":"324 Cavaljéplein","city":"Purmerend","operatorName":"TotalEnergies","maxPowerKw":14,"isMegawatt":false,"status":"AVAILABLE","source":"ndw"}},{"type":"Feature","geometry":{"type":"Point","coordinates":[4.988251,52.504658]},"properties":{"type":"charge","layer":"passenger","locationId":"AAD807CB-486A-4929-AE84-AF8FE6AD6789","name":"TNLP008652 - Deimtstraat 12, Purmerend","address":"12 Deimtstraat","city":"Purmerend","operatorName":"TotalEnergies","maxPowerKw":14,"isMegawatt":false,"status":"AVAILABLE","source":"ndw"}},{"type":"Feature","geometry":{"type":"Point","coordinates":[4.932109,52.4932]},"properties":{"type":"charge","layer":"passenger","locationId":"C47210B1-88F6-4072-8478-C0834196BBB4","name":"TNLP007074 - Swazistraat 1, Purmerend","address":"1 Swazistraat","city":"Purmerend","operatorName":"TotalEnergies","maxPowerKw":17,"isMegawatt":false,"status":"AVAILABLE","source":"ndw"}},{"type":"Feature","geometry":{"type":"Point","coordinates":[4.919115,52.545933]},"properties":{"type":"charge","layer":"passenger","locationId":"D80A4F04-1E15-4796-B704-372E17B67E44","name":"TNLP006608 - Woudagemaal 4, Beemster","address":"4 Woudagemaal","city":"Beemster","operatorName":"TotalEnergies","maxPowerKw":17,"isMegawatt":false,"status":"UNAVAILABLE","source":"ndw"}},{"type":"Feature","geometry":{"type":"Point","coordinates":[4.95631,52.49254]},"properties":{"type":"charge","layer":"passenger","locationId":"f930fb51b78d2d1b69f7ea192a49eae1","name":"Hoefblad 40","address":"Hoefblad 40","city":"Purmerend","operatorName":"Vattenfall InCharge","maxPowerKw":11,"isMegawatt":false,"status":"AVAILABLE","source":"ndw","priceKwh":0.2805}},{"type":"Feature","geometry":{"type":"Point","coordinates":[4.995848,52.51025]},"properties":{"type":"charge","layer":"passenger","locationId":"EC59E906-2AE2-4598-831A-419FFEED5F1D","name":"TNLP006633 - Tuinstee 66, Purmerend","address":"66 Tuinstee","city":"Purmerend","operatorName":"TotalEnergies","maxPowerKw":17,"isMegawatt":false,"status":"UNAVAILABLE","source":"ndw"}},{"type":"Feature","geometry":{"type":"Point","coordinates":[4.969737,52.509762]},"properties":{"type":"charge","layer":"passenger","locationId":"68492679d4dfb23f29630c93","name":"NXT 50five - Purmerend - John F. Kennedyplein 30 - DC","address":"John F. Kennedyplein 30","city":"Purmerend","operatorName":"NXT50Five","maxPowerKw":300,"isMegawatt":false,"status":"AVAILABLE","source":"ndw","priceKwh":0.63}},{"type":"Feature","geometry":{"type":"Point","coordinates":[4.97547,52.51089]},"properties":{"type":"charge","layer":"passenger","locationId":"3913F7AB-FA3F-4C1B-8498-9A6937AD3C08","name":"TNLP007749 - Tjalkstraat 70, Purmerend","address":"70 Tjalkstraat","city":"Purmerend","operatorName":"TotalEnergies","maxPowerKw":17,"isMegawatt":false,"status":"UNAVAILABLE","source":"ndw"}},{"type":"Feature","geometry":{"type":"Point","coordinates":[4.955087,52.505146]},"properties":{"type":"charge","layer":"passenger","locationId":"7BA3A174-EC1B-4442-BEFA-CD3B0C9DCFEC","name":"Laadplein - PP005292 - Stationsweg 36, Purmerend","address":"36 Stationsweg","city":"Purmerend","operatorName":"TotalEnergies","maxPowerKw":15,"isMegawatt":false,"status":"UNAVAILABLE","source":"ndw"}},{"type":"Feature","geometry":{"type":"Point","coordinates":[4.969787,52.493515]},"properties":{"type":"charge","layer":"passenger","locationId":"8C8842DF-27A8-4E61-9175-D2B367438FD6","name":"TNLP005788 - Gooimeer 8, Purmerend","address":"8 Gooimeer","city":"Purmerend","operatorName":"TotalEnergies","maxPowerKw":11,"isMegawatt":false,"status":"AVAILABLE","source":"ndw"}},{"type":"Feature","geometry":{"type":"Point","coordinates":[4.984838,52.499676]},"properties":{"type":"charge","layer":"passenger","locationId":"A3A7F92F-2A6C-49E2-BC1C-C4677D2100F1","name":"Laadplein - TNLP006036 - Kaasvormstraat 10, Purmerend","address":"10 Kaasvormstraat","city":"Purmerend","operatorName":"TotalEnergies","maxPowerKw":15,"isMegawatt":false,"status":"AVAILABLE","source":"ndw"}},{"type":"Feature","geometry":{"type":"Point","coordinates":[4.957507,52.510136]},"properties":{"type":"charge","layer":"passenger","locationId":"1D7EB174-C8E1-4E2A-A819-47F346E8A488","name":"TNLP006052 - Lambertus Huisengastraat 59, Purmerend","address":"59 Lambertus Huisengastraat","city":"Purmerend","operatorName":"TotalEnergies","maxPowerKw":17,"isMegawatt":false,"status":"UNAVAILABLE","source":"ndw"}},{"type":"Feature","geometry":{"type":"Point","coordinates":[4.975064,52.51195]},"properties":{"type":"charge","layer":"passenger","locationId":"333B641D-7899-4E12-A140-F9FCE1C2898F","name":"TNLP007467 - Vrouwenzandstraat 1, Purmerend","address":"1 Vrouwenzandstraat","city":"Purmerend","operatorName":"TotalEnergies","maxPowerKw":17,"isMegawatt":false,"status":"UNAVAILABLE","source":"ndw"}},{"type":"Feature","geometry":{"type":"Point","coordinates":[4.979959,52.499165]},"properties":{"type":"charge","layer":"passenger","locationId":"80A53978-1FB8-42AA-BC01-E28A4705C8CC","name":"TNLP006961 - Diligencehof 30, Purmerend","address":"30 Diligencehof","city":"Purmerend","operatorName":"TotalEnergies","maxPowerKw":17,"isMegawatt":false,"status":"UNAVAILABLE","source":"ndw"}},{"type":"Feature","geometry":{"type":"Point","coordinates":[4.961551,52.487467]},"properties":{"type":"charge","layer":"passenger","locationId":"8a0ef4599484341bda3be291b9af9a32","name":"Jan Palachstraat 2","address":"Jan Palachstraat 2","city":"Purmerend","operatorName":"Vattenfall InCharge","maxPowerKw":11,"isMegawatt":false,"status":"AVAILABLE","source":"ndw","priceKwh":0.2805}},{"type":"Feature","geometry":{"type":"Point","coordinates":[4.929123,52.4999]},"properties":{"type":"charge","layer":"passenger","locationId":"d5f4bdeec949a6f4f3f82e37736923f9","name":"Bisonstraat 47","address":"Bisonstraat 47","city":"Purmerend","operatorName":"Vattenfall InCharge","maxPowerKw":11,"isMegawatt":false,"status":"CHARGING","source":"ndw","priceKwh":0.2805}},{"type":"Feature","geometry":{"type":"Point","coordinates":[4.961244,52.504181]},"properties":{"type":"charge","layer":"passenger","locationId":"b9830559f4d454716b248c7dbfd07d34","name":"Ilpendamstraat 95","address":"Ilpendamstraat 95","city":"Purmerend","operatorName":"Vattenfall InCharge","maxPowerKw":11,"isMegawatt":false,"status":"AVAILABLE","source":"ndw","priceKwh":0.2805}},{"type":"Feature","geometry":{"type":"Point","coordinates":[4.955158,52.500532]},"properties":{"type":"charge","layer":"passenger","locationId":"20aa004f17ccdd8b7570e6e5ac6b40ad","name":"Veenmossingel 19","address":"Veenmossingel 19","city":"Purmerend","operatorName":"Vattenfall InCharge","maxPowerKw":11,"isMegawatt":false,"status":"AVAILABLE","source":"ndw","priceKwh":0.2805}},{"type":"Feature","geometry":{"type":"Point","coordinates":[4.951131,52.485695]},"properties":{"type":"charge","layer":"passenger","locationId":"2bd584e9-d768-4b32-b4d9-c18a654d2a13","name":"Verzetslaan","address":"Verzetslaan 2","city":"Purmerend","operatorName":"Vattenfall InCharge","maxPowerKw":50,"isMegawatt":false,"status":"AVAILABLE","source":"ndw","priceKwh":0.46}},{"type":"Feature","geometry":{"type":"Point","coordinates":[4.94267,52.50598]},"properties":{"type":"charge","layer":"passenger","locationId":"38c2c33479b0fa5ca006afc9f6b44d00","name":"Wales 4","address":"Wales 4","city":"Purmerend","operatorName":"Vattenfall InCharge","maxPowerKw":11,"isMegawatt":false,"status":"AVAILABLE","source":"ndw","priceKwh":0.2805}},{"type":"Feature","geometry":{"type":"Point","coordinates":[4.96834,52.49767]},"properties":{"type":"charge","layer":"passenger","locationId":"d92d8636dfb0ec9c5e058fbcf63bf49b","name":"Gaasterland 11","address":"Gaasterland 11","city":"Purmerend","operatorName":"Vattenfall InCharge","maxPowerKw":11,"isMegawatt":false,"status":"AVAILABLE","source":"ndw","priceKwh":0.2805}},{"type":"Feature","geometry":{"type":"Point","coordinates":[5.005906,52.51479]},"properties":{"type":"charge","layer":"freight","locationId":"690a05b08ccd459af80aadee","name":"Finish Profiles Component 110 - 3","address":"Component 110","city":"Purmerend","operatorName":"E-Flux by Road","maxPowerKw":396,"isMegawatt":false,"status":"AVAILABLE","source":"ndw","priceKwh":0.52,"freightKind":"hpc","freightReason":"power"}},{"type":"Feature","geometry":{"type":"Point","coordinates":[5.006044,52.514919]},"properties":{"type":"charge","layer":"freight","locationId":"690a02d024eb5b54ce2af40a","name":"Finish Profiles Component 110 - 4","address":"Component 110","city":"Purmerend","operatorName":"E-Flux by Road","maxPowerKw":396,"isMegawatt":false,"status":"AVAILABLE","source":"ndw","priceKwh":0.52,"freightKind":"hpc","freightReason":"power"}},{"type":"Feature","geometry":{"type":"Point","coordinates":[5.005651,52.514517]},"properties":{"type":"charge","layer":"freight","locationId":"690a06f424eb5b54ce31cf56","name":"Finish Profiles Component 110 - 1","address":"Component 110","city":"Purmerend","operatorName":"E-Flux by Road","maxPowerKw":396,"isMegawatt":false,"status":"AVAILABLE","source":"ndw","priceKwh":0.52,"freightKind":"hpc","freightReason":"power"}},{"type":"Feature","geometry":{"type":"Point","coordinates":[4.993094,52.513605]},"properties":{"type":"charge","layer":"freight","locationId":"657c4715592178001c1d8a27","name":"NXT Charge - Purmerend - Edisonweg 2 - DC","address":"Edisonweg 2","city":"Purmerend","operatorName":"NXT Charging Solutions","maxPowerKw":460,"isMegawatt":false,"status":"AVAILABLE","source":"ndw","priceKwh":0.63,"freightKind":"hpc","freightReason":"power"}},{"type":"Feature","geometry":{"type":"Point","coordinates":[5.005788,52.514672]},"properties":{"type":"charge","layer":"freight","locationId":"690a063d8ccd459af80b71ce","name":"Finish Profiles Component 110 - 2","address":"Component 110","city":"Purmerend","operatorName":"E-Flux by Road","maxPowerKw":396,"isMegawatt":false,"status":"AVAILABLE","source":"ndw","priceKwh":0.52,"freightKind":"hpc","freightReason":"power"}},{"type":"Feature","geometry":{"type":"MultiPolygon","coordinates":[[[[4.956632972609463,52.61066886075325],[4.959314459700397,52.60468088750926],[4.958674127265145,52.60326387352335],[4.956939461658043,52.60222299358649],[4.9525215962125975,52.601171432867574],[4.949256136550191,52.59953326779324],[4.949848294658327,52.59528579057151],[4.949370332036638,52.594789276316604],[4.949737155668709,52.592569269138075],[4.954024701710416,52.5866590138563],[4.954483796638182,52.58420494382266],[4.953920581759515,52.58113441557554],[4.955208675449314,52.57996407701714],[4.958571241113788,52.58030702790749],[4.9627429979322395,52.581471422998106],[4.964728081789045,52.58278576123569],[4.9686643669005095,52.58447568107499],[4.9743479628894685,52.58559336758885],[4.977470422725317,52.58663267084603],[4.980095852196593,52.586962265998146],[4.982222329906594,52.58549831771876],[4.991892965706754,52.582234802927616],[4.996508183765599,52.57764405354765],[4.997166599669364,52.57512193091523],[4.9958696505780615,52.57384709564106],[4.986082414212054,52.56730482029934],[4.980423209033797,52.56435854768695],[4.976503671305289,52.56115283662037],[4.977636953206825,52.553447067232646],[4.9753466316747295,52.549075112520136],[4.9765044444912485,52.54685046347414],[4.975654490747551,52.545396308725294],[4.9733878490104315,52.543368943516484],[4.968805317599115,52.54083562019443],[4.96195094939775,52.536348621214024],[4.9594636972177915,52.533314368681786],[4.956997768071922,52.52911083187577],[4.9672532965950635,52.52736772671981],[4.973199284831568,52.52541290281127],[4.986557200948196,52.52185095114958],[4.991640251706733,52.519984701103844],[4.992018073429626,52.519832236575226],[4.997398287351987,52.52271320269167],[5.001093871751262,52.52691522456659],[5.008765523758262,52.52768784795929],[5.014258466356043,52.52623900873333],[5.019702597557717,52.52371469205413],[5.024699032014142,52.52240292159563],[5.009803757163131,52.50681005641276],[4.9979635643813305,52.494732952119016],[4.995162996233866,52.49187279867169],[4.976493383678135,52.472741013699085],[4.974009274570389,52.470404553934955],[4.958035328569935,52.471228371596695],[4.953616558469326,52.47569428883307],[4.9538952325934105,52.482958992139324],[4.948315551215007,52.484005142215494],[4.948752017569518,52.486617706557375],[4.943447181412226,52.48769145960472],[4.941445782793143,52.48540785865877],[4.93208563399875,52.487548656355486],[4.930015665415714,52.487942389571174],[4.930280827837294,52.488653738351424],[4.92239421030284,52.4902804048818],[4.9206501585399565,52.49043489059258],[4.9237875011459105,52.49316031041604],[4.923991549860229,52.496882893445466],[4.9262086912001575,52.500179471357505],[4.9264803769924175,52.50428063439272],[4.925582426044269,52.50540429898943],[4.925116812076903,52.50553049298433],[4.929246059665201,52.50740766702645],[4.934702911725998,52.51035381739505],[4.934351228528519,52.511641083792604],[4.928530264209859,52.51080752613502],[4.9226001528494345,52.5114126971632],[4.909523468948935,52.51701000419468],[4.90194757339827,52.517842610305166],[4.893500938489426,52.517607919189835],[4.874693664708986,52.52004398365604],[4.867719053471298,52.52214537017926],[4.859380982460791,52.525034692329214],[4.849796484366747,52.525040114774036],[4.843297566781692,52.52679038187301],[4.837493934532111,52.530623610197],[4.835342624823993,52.53735096165625],[4.834023223703055,52.53887415957448],[4.8339094935179565,52.53896095760787],[4.835494950392918,52.54066682015581],[4.842277084034052,52.543494111333395],[4.844586543567502,52.54730984453841],[4.848306040005212,52.55007286893859],[4.851827222981563,52.554832265545436],[4.853840900474877,52.55676969388282],[4.858683437134973,52.55945615960551],[4.861340337681282,52.562277976718896],[4.862938478684499,52.5650477553244],[4.863031546853094,52.56872568720385],[4.864236568261895,52.57162189691986],[4.865670666812556,52.57375076608657],[4.86862967873054,52.5759458873607],[4.8763781847594485,52.57783056675697],[4.884748372482529,52.584236492703056],[4.8905184593760245,52.594618304209654],[4.893493483411656,52.59783769544986],[4.901166967935404,52.60292538178223],[4.915374146552671,52.60864248096688],[4.921438223652218,52.60831359799638],[4.926923798100826,52.60669738848945],[4.928945902407474,52.60516584266184],[4.9376935648222675,52.60737957421842],[4.948496135984047,52.613551359135705],[4.9509315907861815,52.614106697401745],[4.953333658219084,52.61339160132144],[4.95385488977818,52.613143031658836],[4.956632972609463,52.61066886075325]]]]},"properties":{"type":"boundary","gemeente":"Purmerend","code":"GM0439"}}]}