{"type":"FeatureCollection","metadata":{"gemeente":"Rotterdam","slug":"rotterdam","code":"GM0599","generated_at":"2026-08-08T12:05:52.020Z","total_passenger":378,"total_freight":7,"bounds":[3.9623853120026715,51.84211868651875,4.601807909261606,52.001640378514075],"operators":["50five","Allego","Alva Charging Services","ChargePoint","DAEN Mobility","E-Flux by Road","Eneco","Fastned","IONITY","Interparking Netherlands","Laadnet","Laadpaal24","Lidl","NRG Mobility","Opcharge","Pluginvest","Pluq","Q-Park Netherlands","Rockfield Real Estate","Shell Recharge","Spirii","Tango electric","TotalEnergies","VARO Charging","Van Leeuwen","Vattenfall","Vattenfall InCharge","WattHub","bp pulse","e-VOLTT"]},"features":[{"type":"Feature","geometry":{"type":"Point","coordinates":[4.48171,51.92457]},"properties":{"type":"charge","layer":"passenger","locationId":"F2068A40-4174-4CD4-BFF1-90F69928C45D","name":"Eneco eMobility Gemeente Rotterdam - Openbare garage - Meent","address":"Binnenrotte 15","city":"Rotterdam","operatorName":"Eneco","maxPowerKw":22,"isMegawatt":false,"status":"AVAILABLE","source":"ndw","priceKwh":0.31}},{"type":"Feature","geometry":{"type":"Point","coordinates":[4.480103,51.91158]},"properties":{"type":"charge","layer":"passenger","locationId":"a0d10855-14cb-482e-8d19-f27f2ace037a","name":"EV Hub - Zalmhaven 40, Rotterdam","address":"40 Zalmhaven","city":"Rotterdam","operatorName":"TotalEnergies","maxPowerKw":300,"isMegawatt":false,"status":"AVAILABLE","source":"ndw"}},{"type":"Feature","geometry":{"type":"Point","coordinates":[4.43606,51.92909]},"properties":{"type":"charge","layer":"passenger","locationId":"94F203E9-523F-42D8-9F00-A12186D4D4EB","name":"Eneco eMobility Gemeente Rotterdam - Openbare garage - Lusthofstraat","address":"Chris Bennekerslaan 25C","city":"Rotterdam","operatorName":"Eneco","maxPowerKw":22,"isMegawatt":false,"status":"AVAILABLE","source":"ndw","priceKwh":0.31}},{"type":"Feature","geometry":{"type":"Point","coordinates":[4.44427,51.91725]},"properties":{"type":"charge","layer":"passenger","locationId":"C5115AC7-0A2F-4A2C-908C-617F1D4B2FAF","name":"Eneco eMobility Gemeente Rotterdam - Openbare garage - Mathenesserplein","address":"Aelbrechtskade 67","city":"Rotterdam","operatorName":"Eneco","maxPowerKw":22,"isMegawatt":false,"status":"AVAILABLE","source":"ndw","priceKwh":0.31}},{"type":"Feature","geometry":{"type":"Point","coordinates":[4.505824,51.902596]},"properties":{"type":"charge","layer":"passenger","locationId":"91057993","name":"50five-S NL 17B05564","address":"Jan Maanplein 20","city":"Rotterdam","operatorName":"50five","maxPowerKw":11,"isMegawatt":false,"status":"AVAILABLE","source":"ndw"}},{"type":"Feature","geometry":{"type":"Point","coordinates":[4.239035,51.890295]},"properties":{"type":"charge","layer":"passenger","locationId":"91179510","name":"50five-S NL Botlek Rotterdam, Mannheimweg 3","address":"Mannheimweg 3","city":"Botlek Rotterdam","operatorName":"50five","maxPowerKw":11,"isMegawatt":false,"status":"AVAILABLE","source":"ndw"}},{"type":"Feature","geometry":{"type":"Point","coordinates":[4.4595504,51.904713]},"properties":{"type":"charge","layer":"passenger","locationId":"e4575215-33fa-45a7-a735-57d5fadf149a","name":"EV Hub - Sint-Jobsweg 21, Rotterdam","address":"21 Sint-Jobsweg","city":"Rotterdam","operatorName":"TotalEnergies","maxPowerKw":300,"isMegawatt":false,"status":"AVAILABLE","source":"ndw"}},{"type":"Feature","geometry":{"type":"Point","coordinates":[4.458027,51.865273]},"properties":{"type":"charge","layer":"passenger","locationId":"bc5f15340295476c8c6c090dcea166fe","name":"GUzorg","address":"Driemansteegweg 78","city":"Rotterdam","operatorName":"","maxPowerKw":11,"isMegawatt":false,"status":"AVAILABLE","source":"ndw","priceKwh":0.36}},{"type":"Feature","geometry":{"type":"Point","coordinates":[4.45281,51.91132]},"properties":{"type":"charge","layer":"passenger","locationId":"268B7BC4-BC46-4E46-8A4A-90296908D3CD","name":"Eneco eMobility Gemeente Rotterdam - Openbare garage - Nieuwe Binnenweg 1","address":"Nieuwe Binnenweg 388C","city":"Rotterdam","operatorName":"Eneco","maxPowerKw":22,"isMegawatt":false,"status":"AVAILABLE","source":"ndw","priceKwh":0.31}},{"type":"Feature","geometry":{"type":"Point","coordinates":[4.534238,51.936443]},"properties":{"type":"charge","layer":"passenger","locationId":"60dda3251c4ee13b82edae25","name":"Prinsenlaan","address":"Prinsenlaan 900","city":"Rotterdam","operatorName":"E-Flux by Road","maxPowerKw":22,"isMegawatt":false,"status":"AVAILABLE","source":"ndw"}},{"type":"Feature","geometry":{"type":"Point","coordinates":[4.47813,51.920973]},"properties":{"type":"charge","layer":"passenger","locationId":"6EB42B65-208C-4B3D-BC28-C32FD0A30C8B","name":"Q-Park Rotterdam Bijenkorf","address":"Aert van Nesstraat 16","city":"Rotterdam","operatorName":"Q-Park Netherlands","maxPowerKw":11,"isMegawatt":false,"status":"AVAILABLE","source":"ndw"}},{"type":"Feature","geometry":{"type":"Point","coordinates":[4.255556,51.900446]},"properties":{"type":"charge","layer":"passenger","locationId":"fcb4cfde-84bf-4720-bc8d-b9640ac87cca","name":"ROZENBURG-Laan-v-Nieuw-Blankenburg","address":"Laan van Nieuw Blankenburg","city":"Rozenburg","operatorName":"Lidl","maxPowerKw":22,"isMegawatt":false,"status":"AVAILABLE","source":"ndw"}},{"type":"Feature","geometry":{"type":"Point","coordinates":[4.539005,51.89654]},"properties":{"type":"charge","layer":"passenger","locationId":"50108","name":"Fastned Stadionweg","address":"Stadionweg 19","city":"Rotterdam","operatorName":"Fastned","maxPowerKw":300,"isMegawatt":false,"status":"CHARGING","source":"ndw","priceKwh":0.6364}},{"type":"Feature","geometry":{"type":"Point","coordinates":[4.487947,51.906331]},"properties":{"type":"charge","layer":"passenger","locationId":"6DF9F8BE-050B-4E2C-8F5B-3D7DE95FD22C","name":"Q-Park Rotterdam De Rotterdam","address":"Wilhelminakade 300","city":"Rotterdam","operatorName":"Q-Park Netherlands","maxPowerKw":11,"isMegawatt":false,"status":"AVAILABLE","source":"ndw"}},{"type":"Feature","geometry":{"type":"Point","coordinates":[4.558281,51.9502]},"properties":{"type":"charge","layer":"passenger","locationId":"88D1D668-8C19-4050-8EA5-CBF7A0C48F25","name":"Eneco eMobility Watermanweg 44 Rotterdam","address":"Watermanweg 44","city":"Rotterdam","operatorName":"Eneco","maxPowerKw":22,"isMegawatt":false,"status":"AVAILABLE","source":"ndw","priceKwh":0.32}},{"type":"Feature","geometry":{"type":"Point","coordinates":[4.533909,51.895202]},"properties":{"type":"charge","layer":"passenger","locationId":"4961","name":"Shell Recharge NL9336 - Gamma Rotterdam stadion","address":"Noorderhelling 60","city":"Rotterdam","operatorName":"Shell Recharge","maxPowerKw":150,"isMegawatt":false,"status":"AVAILABLE","source":"ndw","priceKwh":0.7025}},{"type":"Feature","geometry":{"type":"Point","coordinates":[4.476827,51.918479]},"properties":{"type":"charge","layer":"passenger","locationId":"nl-7010","name":"Interparking Lijnbaan","address":"Crispijnstraat 6","city":"Rotterdam","operatorName":"Interparking Netherlands","maxPowerKw":7,"isMegawatt":false,"status":"AVAILABLE","source":"ndw"}},{"type":"Feature","geometry":{"type":"Point","coordinates":[4.556381,51.953395]},"properties":{"type":"charge","layer":"passenger","locationId":"fab92739a41b4970b41cd25d3efc08d4","name":"Croonwolter&dros Rotterdam","address":"Marten Meesweg 25","city":"Rotterdam","operatorName":"","maxPowerKw":22,"isMegawatt":false,"status":"AVAILABLE","source":"ndw","priceKwh":0.53}},{"type":"Feature","geometry":{"type":"Point","coordinates":[4.490927,51.958912]},"properties":{"type":"charge","layer":"passenger","locationId":"90357529","name":"Van Leeuwen thuis","address":"Oude Raadhuislaan 65","city":"Rotterdam","operatorName":"Van Leeuwen","maxPowerKw":11,"isMegawatt":false,"status":"AVAILABLE","source":"ndw"}},{"type":"Feature","geometry":{"type":"Point","coordinates":[4.453657,51.868558]},"properties":{"type":"charge","layer":"passenger","locationId":"bceb0385-0b99-4db9-8fdb-0ee9b4c7d3a6","name":"Driemanssteeweg","address":"Driemanssteeweg 10","city":"Rotterdam","operatorName":"Vattenfall InCharge","maxPowerKw":50,"isMegawatt":false,"status":"AVAILABLE","source":"ndw","priceKwh":0.46}},{"type":"Feature","geometry":{"type":"Point","coordinates":[4.3705,51.86953]},"properties":{"type":"charge","layer":"passenger","locationId":"246FEACF-78D1-4238-9C33-F0573D561888","name":"Eneco eMobility Nieuwe Langeweg 41 Hoogvliet Rotterdam","address":"Nieuwe Langeweg 41","city":"Hoogvliet Rotterdam","operatorName":"Eneco","maxPowerKw":22,"isMegawatt":false,"status":"AVAILABLE","source":"ndw","priceKwh":0.32}},{"type":"Feature","geometry":{"type":"Point","coordinates":[4.479572,51.908535]},"properties":{"type":"charge","layer":"passenger","locationId":"91179979","name":"50five-S NL Rotterdam, Veerkade 1","address":"Veerkade 1","city":"Rotterdam","operatorName":"50five","maxPowerKw":11,"isMegawatt":false,"status":"AVAILABLE","source":"ndw"}},{"type":"Feature","geometry":{"type":"Point","coordinates":[4.477733,51.925552]},"properties":{"type":"charge","layer":"passenger","locationId":"231","name":"Shell Recharge NL1049 - Shell Hofplein","address":"Schiekade 988","city":"Rotterdam","operatorName":"Shell Recharge","maxPowerKw":300,"isMegawatt":false,"status":"AVAILABLE","source":"ndw","priceKwh":0.4545}},{"type":"Feature","geometry":{"type":"Point","coordinates":[4.41671,51.93339]},"properties":{"type":"charge","layer":"passenger","locationId":"46cb903648db4b49af54","name":"Urban Industrial Rotterdam AC","address":"Groothandelsmarkt 38","city":"Rotterdam","operatorName":"Opcharge","maxPowerKw":11,"isMegawatt":false,"status":"AVAILABLE","source":"ndw","priceKwh":0.49}},{"type":"Feature","geometry":{"type":"Point","coordinates":[4.494532,51.906899]},"properties":{"type":"charge","layer":"passenger","locationId":"1ce2faed75eb4446a324b42b0a9b5f82","name":"TBI Wilhelminatoren","address":"Wilhelminaplein 37","city":"Rotterdam","operatorName":"","maxPowerKw":22,"isMegawatt":false,"status":"AVAILABLE","source":"ndw","priceKwh":0.4}},{"type":"Feature","geometry":{"type":"Point","coordinates":[4.48037,51.93663]},"properties":{"type":"charge","layer":"passenger","locationId":"017B4582-CC1F-48E8-8BF1-5BDAF6544B4C","name":"Eneco eMobility Gemeente Rotterdam - Openbare garage - Benthuizerstraat","address":"Bloklandstraat 154","city":"Rotterdam","operatorName":"Eneco","maxPowerKw":22,"isMegawatt":false,"status":"AVAILABLE","source":"ndw","priceKwh":0.31}},{"type":"Feature","geometry":{"type":"Point","coordinates":[4.512132,51.870261]},"properties":{"type":"charge","layer":"passenger","locationId":"91179681","name":"50five-S NL Rotterdam, Maeterlinckweg 101","address":"Maeterlinckweg 101","city":"Rotterdam","operatorName":"50five","maxPowerKw":11,"isMegawatt":false,"status":"AVAILABLE","source":"ndw"}},{"type":"Feature","geometry":{"type":"Point","coordinates":[4.260315,51.874055]},"properties":{"type":"charge","layer":"passenger","locationId":"NLCPIL7050705","name":"AP NETHERLANDS BOYNEWEG 3","address":"10 Boyneweg","city":"Botlek Rotterdam","operatorName":"ChargePoint","maxPowerKw":22,"isMegawatt":false,"status":"AVAILABLE","source":"ndw","priceKwh":0.4}},{"type":"Feature","geometry":{"type":"Point","coordinates":[4.4696,51.91178]},"properties":{"type":"charge","layer":"passenger","locationId":"90FEFE53-D965-4421-80B9-83C9109B8922","name":"Eneco eMobility Erasmus MC - Wytemaweg","address":"Wytemaweg 12","city":"Rotterdam","operatorName":"Eneco","maxPowerKw":22,"isMegawatt":false,"status":"AVAILABLE","source":"ndw","priceKwh":0.36}},{"type":"Feature","geometry":{"type":"Point","coordinates":[4.488232,51.901604]},"properties":{"type":"charge","layer":"passenger","locationId":"0E849200-58FE-42E1-BD02-F40DBFE07B9F","name":"Q-Park Rotterdam Fenix","address":"Veerlaan 9","city":"Rotterdam","operatorName":"Q-Park Netherlands","maxPowerKw":11,"isMegawatt":false,"status":"AVAILABLE","source":"ndw"}},{"type":"Feature","geometry":{"type":"Point","coordinates":[4.53696,51.90995]},"properties":{"type":"charge","layer":"passenger","locationId":"789D2265-0B37-4EC4-8B25-534F21C60024","name":"Eneco eMobility Asian Motors Sales B.V. - Rotterdam","address":"Autolettestraat 10","city":"Rotterdam","operatorName":"Eneco","maxPowerKw":22,"isMegawatt":false,"status":"AVAILABLE","source":"ndw","priceKwh":0.32}},{"type":"Feature","geometry":{"type":"Point","coordinates":[4.463888,51.9105]},"properties":{"type":"charge","layer":"passenger","locationId":"5402","name":"Shell Recharge NL8612 Shell Maastunnel","address":"'s-Gravendijkwal 175","city":"Rotterdam","operatorName":"Shell Recharge","maxPowerKw":300,"isMegawatt":false,"status":"AVAILABLE","source":"ndw","priceKwh":0.7025}},{"type":"Feature","geometry":{"type":"Point","coordinates":[4.112583,51.980903]},"properties":{"type":"charge","layer":"passenger","locationId":"91179507","name":"50five-S NL Hoek Van Holland, Koningin Emmaboulevard 9","address":"Koningin Emmaboulevard 9","city":"Hoek van Holland","operatorName":"50five","maxPowerKw":22,"isMegawatt":false,"status":"UNAVAILABLE","source":"ndw"}},{"type":"Feature","geometry":{"type":"Point","coordinates":[4.38017,51.85785]},"properties":{"type":"charge","layer":"passenger","locationId":"NLENV00017","name":"Duifhuisweg 1, 3191 LC Hoogvliet Rotterdam ","address":"Duifhuisweg 1","city":" Rotterdam","operatorName":"","maxPowerKw":175,"isMegawatt":false,"status":"AVAILABLE","source":"ndw","priceKwh":0.58}},{"type":"Feature","geometry":{"type":"Point","coordinates":[4.468264,51.921352]},"properties":{"type":"charge","layer":"passenger","locationId":"89F87AA8-FE31-4C0F-B16B-E41449135FF3","name":"Eneco eMobility Jovi BV - Diergaardesingel Rotterdam","address":"Diergaardesingel 68 -73","city":"Rotterdam","operatorName":"Eneco","maxPowerKw":11,"isMegawatt":false,"status":"AVAILABLE","source":"ndw","priceKwh":0.4}},{"type":"Feature","geometry":{"type":"Point","coordinates":[4.431585,51.939704]},"properties":{"type":"charge","layer":"passenger","locationId":"8575086E-1866-492E-AE18-94E07615C62A","name":"Eneco eMobility Lanclan B.V. - Rotterdam","address":"Piet Cottaarstraat 30","city":"Rotterdam","operatorName":"Eneco","maxPowerKw":11,"isMegawatt":false,"status":"AVAILABLE","source":"ndw"}},{"type":"Feature","geometry":{"type":"Point","coordinates":[4.492983,51.902575]},"properties":{"type":"charge","layer":"passenger","locationId":"7109D2EB-374A-4E33-8027-06FFAEE4695C","name":"Q-Park Rotterdam Rijnhaven","address":"Pudongstraat 4","city":"Rotterdam","operatorName":"Q-Park Netherlands","maxPowerKw":11,"isMegawatt":false,"status":"AVAILABLE","source":"ndw"}},{"type":"Feature","geometry":{"type":"Point","coordinates":[4.478078,51.868335]},"properties":{"type":"charge","layer":"passenger","locationId":"666058141019b5001c91e757","name":"Tempo 34","address":"Zuiderparkweg  602","city":"Rotterdam","operatorName":"E-Flux by Road","maxPowerKw":56,"isMegawatt":false,"status":"AVAILABLE","source":"ndw","priceKwh":0.38}},{"type":"Feature","geometry":{"type":"Point","coordinates":[4.428366,51.877538]},"properties":{"type":"charge","layer":"passenger","locationId":"91121322","name":"50five-S NL 19B04517","address":"Reeweg 35","city":"Maasvlakte Rotterdam","operatorName":"50five","maxPowerKw":11,"isMegawatt":false,"status":"AVAILABLE","source":"ndw"}},{"type":"Feature","geometry":{"type":"Point","coordinates":[4.481458,51.919227]},"properties":{"type":"charge","layer":"passenger","locationId":"36737542-8067-4E02-BEF7-BA93504CADFA","name":"Q-Park Rotterdam Koopgoot/Beursplein","address":"Bulgersteyn 5","city":"Rotterdam","operatorName":"Q-Park Netherlands","maxPowerKw":11,"isMegawatt":false,"status":"CHARGING","source":"ndw"}},{"type":"Feature","geometry":{"type":"Point","coordinates":[4.47003,51.92176]},"properties":{"type":"charge","layer":"passenger","locationId":"C4706C0E-49D3-4203-8E6D-D28BD0B1084F","name":"Eneco eMobility First Rotterdam Parkeren B.V.","address":"Kruisplein 19","city":"Rotterdam","operatorName":"Eneco","maxPowerKw":22,"isMegawatt":false,"status":"AVAILABLE","source":"ndw","priceKwh":0.54}},{"type":"Feature","geometry":{"type":"Point","coordinates":[4.414851,51.93135]},"properties":{"type":"charge","layer":"passenger","locationId":"346f4a6f-4e34-4223-9336-c219dcbda475","name":"bp pulse Spaanse Polder #01","address":"Vlaardingweg 64","city":"Rotterdam","operatorName":"bp pulse","maxPowerKw":150,"isMegawatt":false,"status":"AVAILABLE","source":"ndw","priceKwh":0.7}},{"type":"Feature","geometry":{"type":"Point","coordinates":[4.441836,51.8721]},"properties":{"type":"charge","layer":"passenger","locationId":"DA80A528-8409-4E8E-9AAE-05CD678DA4D2","name":"Eneco eMobility Neele-Vat Services B.V. - Plesmanweg 231 Rotterdam","address":"Plesmanweg 231","city":"Rotterdam","operatorName":"Eneco","maxPowerKw":11,"isMegawatt":false,"status":"AVAILABLE","source":"ndw","priceKwh":0.35}},{"type":"Feature","geometry":{"type":"Point","coordinates":[4.47235,51.910466]},"properties":{"type":"charge","layer":"passenger","locationId":"6BD171BC-094E-4981-B10F-776B0A1D5434","name":"Eneco eMobility Erasmus MC - Westzeedijk","address":"Westzeedijk 361","city":"Rotterdam","operatorName":"Eneco","maxPowerKw":22,"isMegawatt":false,"status":"AVAILABLE","source":"ndw","priceKwh":0.36}},{"type":"Feature","geometry":{"type":"Point","coordinates":[4.528778,51.896352]},"properties":{"type":"charge","layer":"passenger","locationId":"056F3DD1-AA13-4C71-8FA9-60C51DC3DD87","name":"Eneco eMobility BME Bouwmaten Nederland BV - Rotterdam","address":"Boterdiep 28-32","city":"Rotterdam","operatorName":"Eneco","maxPowerKw":22,"isMegawatt":false,"status":"AVAILABLE","source":"ndw","priceKwh":0.32}},{"type":"Feature","geometry":{"type":"Point","coordinates":[4.472091,51.923952]},"properties":{"type":"charge","layer":"passenger","locationId":"OST22P0028_0035_1","name":"OST22P0028_0035_1","address":"Delftse Poort 5","city":"Rotterdam","operatorName":"e-VOLTT","maxPowerKw":38,"isMegawatt":false,"status":"AVAILABLE","source":"ndw","priceKwh":0.26}},{"type":"Feature","geometry":{"type":"Point","coordinates":[4.495534,51.930337]},"properties":{"type":"charge","layer":"passenger","locationId":"91179682","name":"50five-S NL Rotterdam, Boezemsingel 35","address":"Boezemsingel 35","city":"Rotterdam","operatorName":"50five","maxPowerKw":11,"isMegawatt":false,"status":"CHARGING","source":"ndw"}},{"type":"Feature","geometry":{"type":"Point","coordinates":[4.421209,51.922252]},"properties":{"type":"charge","layer":"passenger","locationId":"cf499cd0-80ee-46e0-89a5-fd317471d234","name":"bp pulse charging hub Tjalklaan #01","address":"Tjalklaan 12","city":"Rotterdam","operatorName":"bp pulse","maxPowerKw":150,"isMegawatt":false,"status":"AVAILABLE","source":"ndw","priceKwh":0.7}},{"type":"Feature","geometry":{"type":"Point","coordinates":[4.467285,51.914515]},"properties":{"type":"charge","layer":"passenger","locationId":"91001174","name":"50five-S NL 29735","address":"Breitnerstraat 80","city":"Rotterdam","operatorName":"50five","maxPowerKw":11,"isMegawatt":false,"status":"AVAILABLE","source":"ndw"}},{"type":"Feature","geometry":{"type":"Point","coordinates":[4.534887,51.924826]},"properties":{"type":"charge","layer":"passenger","locationId":"B16D4549-3723-4CB6-A3CB-7A6769B69F69","name":"Eneco eMobility America Chung Nam B.V.","address":"Lichtenauerlaan 50","city":"Rotterdam","operatorName":"Eneco","maxPowerKw":22,"isMegawatt":false,"status":"UNAVAILABLE","source":"ndw","priceKwh":0.24}},{"type":"Feature","geometry":{"type":"Point","coordinates":[4.505416,51.948299]},"properties":{"type":"charge","layer":"passenger","locationId":"67bd9b5eeabfe2286b8d7c8a","name":"Sparta Terbregge","address":"Bok de Korverweg 1","city":"Rotterdam","operatorName":"E-Flux by Road","maxPowerKw":11,"isMegawatt":false,"status":"AVAILABLE","source":"ndw","priceKwh":0.5}},{"type":"Feature","geometry":{"type":"Point","coordinates":[4.489952,51.887493]},"properties":{"type":"charge","layer":"passenger","locationId":"6CE022EC-39A5-4905-88D6-F3EA096D39EA","name":"Q-Park Rotterdam Zuidplein","address":"Sallandweg 0","city":"Rotterdam","operatorName":"Q-Park Netherlands","maxPowerKw":11,"isMegawatt":false,"status":"AVAILABLE","source":"ndw"}},{"type":"Feature","geometry":{"type":"Point","coordinates":[4.480308,51.942291]},"properties":{"type":"charge","layer":"passenger","locationId":"NLENV00002","name":"Ceintuurbaan 100  3051 KD Rotterdam","address":"Ceintuurbaan 100","city":"Rotterdam","operatorName":"","maxPowerKw":140,"isMegawatt":false,"status":"AVAILABLE","source":"ndw","priceKwh":0.58}},{"type":"Feature","geometry":{"type":"Point","coordinates":[4.456994,51.887463]},"properties":{"type":"charge","layer":"passenger","locationId":"89291454","name":"Van Leeuwen Waalhaven Oostzijde 77","address":"Waalhaven Oostzijde 77","city":"Rotterdam","operatorName":"Van Leeuwen","maxPowerKw":11,"isMegawatt":false,"status":"AVAILABLE","source":"ndw"}},{"type":"Feature","geometry":{"type":"Point","coordinates":[4.441999,51.872778]},"properties":{"type":"charge","layer":"passenger","locationId":"91128346","name":"Van Leeuwen Flowtech","address":"Van Maasdijkweg 68","city":"Rotterdam","operatorName":"Van Leeuwen","maxPowerKw":11,"isMegawatt":false,"status":"AVAILABLE","source":"ndw"}},{"type":"Feature","geometry":{"type":"Point","coordinates":[4.450378,51.878861]},"properties":{"type":"charge","layer":"passenger","locationId":"421B0167-2841-4D04-89AC-F36D0964D879","name":"Eneco eMobility Visser & Smit Bouw - Waalhaven Zuidzijde 11 - Rotterdam","address":"Waalhaven Zuidzijde 11","city":"Rotterdam","operatorName":"Eneco","maxPowerKw":22,"isMegawatt":false,"status":"AVAILABLE","source":"ndw","priceKwh":0.31}},{"type":"Feature","geometry":{"type":"Point","coordinates":[4.48916,51.885776]},"properties":{"type":"charge","layer":"passenger","locationId":"BF79677C-BC5C-4F2A-8A54-7E2F21904AD2","name":"Q-Park Rotterdam Hart van Zuid","address":"Twentestraat 104","city":"Rotterdam","operatorName":"Q-Park Netherlands","maxPowerKw":11,"isMegawatt":false,"status":"AVAILABLE","source":"ndw"}},{"type":"Feature","geometry":{"type":"Point","coordinates":[4.458429,51.904129]},"properties":{"type":"charge","layer":"passenger","locationId":"B03C0855-32E2-4860-8E8A-768D5F6AD63E","name":"Q-Park Rotterdam Schiecentrale","address":"Schiehavenkade 120","city":"Rotterdam","operatorName":"Q-Park Netherlands","maxPowerKw":11,"isMegawatt":false,"status":"AVAILABLE","source":"ndw"}},{"type":"Feature","geometry":{"type":"Point","coordinates":[4.45128,51.876102]},"properties":{"type":"charge","layer":"passenger","locationId":"91106624","name":"50five-S NL 19B05220","address":"Soerweg 13","city":"Rotterdam","operatorName":"50five","maxPowerKw":22,"isMegawatt":false,"status":"AVAILABLE","source":"ndw"}},{"type":"Feature","geometry":{"type":"Point","coordinates":[4.482204,51.911273]},"properties":{"type":"charge","layer":"passenger","locationId":"A27B20F4-ED6A-4964-8D73-F476DA71545B","name":"Eneco eMobility Gemeente Rotterdam - Openbare garage - Erasmusbrug","address":"Willemsplein 100","city":"Rotterdam","operatorName":"Eneco","maxPowerKw":22,"isMegawatt":false,"status":"AVAILABLE","source":"ndw","priceKwh":0.31}},{"type":"Feature","geometry":{"type":"Point","coordinates":[4.547363,51.886284]},"properties":{"type":"charge","layer":"passenger","locationId":"bba19b24-50e5-4f1a-bd3e-5264abf5ce46","name":"EV Hub - Maarschalkerswaard 31, Rotterdam","address":"31 Maarschalkerswaard","city":"Rotterdam","operatorName":"TotalEnergies","maxPowerKw":300,"isMegawatt":false,"status":"AVAILABLE","source":"ndw"}},{"type":"Feature","geometry":{"type":"Point","coordinates":[4.4707,51.922652]},"properties":{"type":"charge","layer":"passenger","locationId":"9AAB3421-6106-4C96-BA22-802B8B06C503","name":"Eneco eMobility Gemeente Rotterdam - Openbare garage - Schouwburgplein 2","address":"Weenatunnel 50","city":"Rotterdam","operatorName":"Eneco","maxPowerKw":22,"isMegawatt":false,"status":"AVAILABLE","source":"ndw","priceKwh":0.31}},{"type":"Feature","geometry":{"type":"Point","coordinates":[4.406406,51.945877]},"properties":{"type":"charge","layer":"passenger","locationId":"NLENV209","name":"Rotterdam, Vareseweg 109","address":"Vareseweg 109","city":"Rotterdam","operatorName":"","maxPowerKw":22,"isMegawatt":false,"status":"AVAILABLE","source":"ndw","priceKwh":0.5}},{"type":"Feature","geometry":{"type":"Point","coordinates":[4.53287,51.92164]},"properties":{"type":"charge","layer":"passenger","locationId":"2EDDC661-2FEA-4046-88CA-491EDB63DF2D","name":"Eneco eMobility Gemeente Rotterdam - Openbare garage - P&R Kralingse Zoom","address":"Kralingse Zoom 50 Metro","city":"Rotterdam","operatorName":"Eneco","maxPowerKw":22,"isMegawatt":false,"status":"AVAILABLE","source":"ndw","priceKwh":0.31}},{"type":"Feature","geometry":{"type":"Point","coordinates":[4.268746,51.87829]},"properties":{"type":"charge","layer":"passenger","locationId":"D067A7EB-E78B-49F0-BA76-95FDB73162BA","name":"Eneco eMobility Chemieweg 10 Rotterdam","address":"Chemieweg 10","city":"Rotterdam","operatorName":"Eneco","maxPowerKw":22,"isMegawatt":false,"status":"UNAVAILABLE","source":"ndw","priceKwh":0.32}},{"type":"Feature","geometry":{"type":"Point","coordinates":[4.541474,51.949904]},"properties":{"type":"charge","layer":"passenger","locationId":"5073","name":"Shell Recharge NL9164 - Gamma Rotterdam Alexander Polder","address":"Nikkelstraat 46-53","city":"Rotterdam","operatorName":"Shell Recharge","maxPowerKw":150,"isMegawatt":false,"status":"AVAILABLE","source":"ndw","priceKwh":0.7025}},{"type":"Feature","geometry":{"type":"Point","coordinates":[4.46049,51.95775]},"properties":{"type":"charge","layer":"passenger","locationId":"0577DE0C-A0A1-4738-BB0A-C474AEDF2B03","name":"Eneco eMobility ING Bank NV, Teugeweg 101, Rotterdam","address":"Teugeweg 101","city":"Rotterdam","operatorName":"Eneco","maxPowerKw":22,"isMegawatt":false,"status":"AVAILABLE","source":"ndw","priceKwh":0.3}},{"type":"Feature","geometry":{"type":"Point","coordinates":[4.526716,51.896172]},"properties":{"type":"charge","layer":"passenger","locationId":"2058","name":"IONITY GmbH IONITY Rotterdam-Zuid","address":"Cor Kieboomplein 515","city":"Rotterdam","operatorName":"IONITY","maxPowerKw":200,"isMegawatt":false,"status":"AVAILABLE","source":"ndw","priceKwh":0.6283}},{"type":"Feature","geometry":{"type":"Point","coordinates":[4.532951,51.879844]},"properties":{"type":"charge","layer":"passenger","locationId":"FE925DE9-0F90-427A-A30F-7ED3F2F9934E","name":"Q-Park Rotterdam Zorgboulevard","address":"Krimpenerstraat 0","city":"Rotterdam","operatorName":"Q-Park Netherlands","maxPowerKw":11,"isMegawatt":false,"status":"AVAILABLE","source":"ndw"}},{"type":"Feature","geometry":{"type":"Point","coordinates":[4.442933,51.92773]},"properties":{"type":"charge","layer":"passenger","locationId":"1B16DAA5-9E69-4C86-85B4-EA6C865830A4","name":"Eneco eMobility Diergaarde Blijdorp - Rotterdam","address":"Blijdorplaan 8","city":"Rotterdam","operatorName":"Eneco","maxPowerKw":22,"isMegawatt":false,"status":"AVAILABLE","source":"ndw","priceKwh":0.32}},{"type":"Feature","geometry":{"type":"Point","coordinates":[4.484598,51.904809]},"properties":{"type":"charge","layer":"passenger","locationId":"91304133","name":"Van Leeuwen Wilhelminakade 909","address":"Wilhelminakade 909","city":"Rotterdam","operatorName":"Van Leeuwen","maxPowerKw":22,"isMegawatt":false,"status":"AVAILABLE","source":"ndw"}},{"type":"Feature","geometry":{"type":"Point","coordinates":[4.535238,51.927357]},"properties":{"type":"charge","layer":"passenger","locationId":"91230771","name":"50five-S NL 04002695","address":"Kralingseweg 201","city":"Rotterdam","operatorName":"50five","maxPowerKw":7,"isMegawatt":false,"status":"AVAILABLE","source":"ndw"}},{"type":"Feature","geometry":{"type":"Point","coordinates":[4.516244,51.88167]},"properties":{"type":"charge","layer":"passenger","locationId":"923216","name":"DAE_NL_2001063","address":"Ogierssingel 17","city":"Rotterdam","operatorName":"DAEN Mobility","maxPowerKw":11,"isMegawatt":false,"status":"AVAILABLE","source":"ndw","priceKwh":0.28}},{"type":"Feature","geometry":{"type":"Point","coordinates":[4.48619,51.91762]},"properties":{"type":"charge","layer":"passenger","locationId":"E5F5A895-BBCB-429B-8053-4DE2FE782165","name":"Eneco eMobility Wijnhaven Rotterdam 100 Hoog - Hub Etage 2 EVB-P1936226","address":"Wijnhaven 79-81","city":"Rotterdam","operatorName":"Eneco","maxPowerKw":22,"isMegawatt":false,"status":"UNAVAILABLE","source":"ndw","priceKwh":0.32}},{"type":"Feature","geometry":{"type":"Point","coordinates":[4.535646,51.923747]},"properties":{"type":"charge","layer":"passenger","locationId":"6683b0f6955eca001c555359","name":"Project MMNT Rotterdam B.V.","address":"Lichtenauerlaan 102-120","city":"Rotterdam","operatorName":"Pluq","maxPowerKw":22,"isMegawatt":false,"status":"AVAILABLE","source":"ndw","priceKwh":0.42}},{"type":"Feature","geometry":{"type":"Point","coordinates":[4.515524,51.917661]},"properties":{"type":"charge","layer":"passenger","locationId":"1767","name":"50five Exploitatie Adriaan Volkerhuis","address":"Oostmaaslaan 71","city":"Rotterdam","operatorName":"50five","maxPowerKw":22,"isMegawatt":false,"status":"AVAILABLE","source":"ndw"}},{"type":"Feature","geometry":{"type":"Point","coordinates":[4.41937,51.94516]},"properties":{"type":"charge","layer":"passenger","locationId":"54109627-C60B-4338-9CBD-2BE106CBAD7B","name":"Eneco eMobility Keiretsu Europe B.V - Rotterdam","address":"Delftweg 104 B","city":"Rotterdam","operatorName":"Eneco","maxPowerKw":22,"isMegawatt":false,"status":"AVAILABLE","source":"ndw","priceKwh":0.32}},{"type":"Feature","geometry":{"type":"Point","coordinates":[4.56485,51.948891]},"properties":{"type":"charge","layer":"passenger","locationId":"668680c81fbedc001c018dd7","name":"Stichting Educatief Centrum Emmauscollege","address":"Alexandriëstraat 40","city":"Rotterdam","operatorName":"Pluq","maxPowerKw":16,"isMegawatt":false,"status":"AVAILABLE","source":"ndw","priceKwh":0.4}},{"type":"Feature","geometry":{"type":"Point","coordinates":[4.52467,51.917232]},"properties":{"type":"charge","layer":"passenger","locationId":"6932b2ac08e0009cddd83963","name":"Burgermeester oudlaan kant (West)","address":"Burgemeester Oudlaan 50","city":"Rotterdam","operatorName":"E-Flux by Road","maxPowerKw":22,"isMegawatt":false,"status":"AVAILABLE","source":"ndw","priceKwh":0.31}},{"type":"Feature","geometry":{"type":"Point","coordinates":[4.562176,51.958038]},"properties":{"type":"charge","layer":"passenger","locationId":"277cebae-9095-4458-86b3-2d529d650eaf","name":"bp pulse Capelseweg","address":"Capelseweg 355","city":"Capelle aan den IJssel","operatorName":"bp pulse","maxPowerKw":150,"isMegawatt":false,"status":"AVAILABLE","source":"ndw","priceKwh":0.7}},{"type":"Feature","geometry":{"type":"Point","coordinates":[4.537258,51.906878]},"properties":{"type":"charge","layer":"passenger","locationId":"2794196","name":"Laadnet Evides Kralingen","address":"Schaardijk 150","city":"Rotterdam","operatorName":"Laadnet","maxPowerKw":22,"isMegawatt":false,"status":"AVAILABLE","source":"ndw"}},{"type":"Feature","geometry":{"type":"Point","coordinates":[4.189847,51.913614]},"properties":{"type":"charge","layer":"passenger","locationId":"L_0000179893","name":"Tango Europoort - 202316","address":"Europaweg 200","city":"Rotterdam","operatorName":"Tango electric","maxPowerKw":80,"isMegawatt":false,"status":"AVAILABLE","source":"ndw","priceKwh":0.57}},{"type":"Feature","geometry":{"type":"Point","coordinates":[4.440983,51.926736]},"properties":{"type":"charge","layer":"passenger","locationId":"923391","name":"K20_DAE_NL_2001237","address":"Energieweg 2","city":"Rotterdam","operatorName":"DAEN Mobility","maxPowerKw":11,"isMegawatt":false,"status":"AVAILABLE","source":"ndw","priceKwh":0.6}},{"type":"Feature","geometry":{"type":"Point","coordinates":[4.469555,51.950387]},"properties":{"type":"charge","layer":"passenger","locationId":"4216664","name":"Laadnet Real8 Vastgoed B.V.","address":"Spoorhaven 74-80","city":"Berkel en Rodenrijs","operatorName":"Laadnet","maxPowerKw":22,"isMegawatt":false,"status":"AVAILABLE","source":"ndw"}},{"type":"Feature","geometry":{"type":"Point","coordinates":[4.519863,51.955382]},"properties":{"type":"charge","layer":"passenger","locationId":"69cbe7dc175e945f34733fa4","name":"IGHD station 2","address":"Terbregseweg 1","city":"Rotterdam","operatorName":"Vattenfall","maxPowerKw":12,"isMegawatt":false,"status":"AVAILABLE","source":"ndw","priceKwh":0.57}},{"type":"Feature","geometry":{"type":"Point","coordinates":[4.26882,51.877432]},"properties":{"type":"charge","layer":"passenger","locationId":"91179479","name":"50five-S NL Botlek Rotterdam, Chemieweg 9","address":"Chemieweg 9","city":"Botlek Rotterdam","operatorName":"50five","maxPowerKw":11,"isMegawatt":false,"status":"AVAILABLE","source":"ndw"}},{"type":"Feature","geometry":{"type":"Point","coordinates":[4.5041,51.935539]},"properties":{"type":"charge","layer":"passenger","locationId":"66865fd14c7d0f001ca0c25f","name":"Stichting Klubhuis Langepad","address":"Langepad 16","city":"Rotterdam","operatorName":"Pluq","maxPowerKw":17,"isMegawatt":false,"status":"AVAILABLE","source":"ndw","priceKwh":0.44}},{"type":"Feature","geometry":{"type":"Point","coordinates":[4.265,51.892132]},"properties":{"type":"charge","layer":"passenger","locationId":"6a708194c57e933b3cd4a667","name":"Linde gas Benelux Botlek","address":"Botlekweg  169","city":"Rozenburg","operatorName":"E-Flux by Road","maxPowerKw":22,"isMegawatt":false,"status":"UNAVAILABLE","source":"ndw","priceKwh":0.63}},{"type":"Feature","geometry":{"type":"Point","coordinates":[4.519863,51.955382]},"properties":{"type":"charge","layer":"passenger","locationId":"69cbe76ad3b730a91d5e0d42","name":"IGHD station 1","address":"Terbregseweg 1","city":"Rotterdam","operatorName":"Vattenfall","maxPowerKw":12,"isMegawatt":false,"status":"AVAILABLE","source":"ndw","priceKwh":0.57}},{"type":"Feature","geometry":{"type":"Point","coordinates":[4.531714,51.915827]},"properties":{"type":"charge","layer":"passenger","locationId":"55394273","name":"50five Exploitatie Erasmusstaete","address":"Max Euwelaan 60-80","city":"Rotterdam","operatorName":"50five","maxPowerKw":22,"isMegawatt":false,"status":"AVAILABLE","source":"ndw"}},{"type":"Feature","geometry":{"type":"Point","coordinates":[4.112583,51.980903]},"properties":{"type":"charge","layer":"passenger","locationId":"91243797","name":"Van Leeuwen Verkeerscentrale Hoek van Holland","address":"Koningin Emmaboulevard 9","city":"Hoek van Holland","operatorName":"Van Leeuwen","maxPowerKw":22,"isMegawatt":false,"status":"AVAILABLE","source":"ndw"}},{"type":"Feature","geometry":{"type":"Point","coordinates":[4.404702,51.938905]},"properties":{"type":"charge","layer":"passenger","locationId":"60e6ed7cd7c476f5da007a56","name":"Kiotoweg 164, Rotterdam","address":"Kiotoweg 164","city":"Rotterdam","operatorName":"E-Flux by Road","maxPowerKw":22,"isMegawatt":false,"status":"AVAILABLE","source":"ndw","priceKwh":0.61}},{"type":"Feature","geometry":{"type":"Point","coordinates":[4.453121,51.865849]},"properties":{"type":"charge","layer":"passenger","locationId":"91283981","name":"50five-S NL 18B15071","address":"Driemanssteeweg 45","city":"Rotterdam","operatorName":"50five","maxPowerKw":12,"isMegawatt":false,"status":"AVAILABLE","source":"ndw"}},{"type":"Feature","geometry":{"type":"Point","coordinates":[4.105986,51.95672]},"properties":{"type":"charge","layer":"passenger","locationId":"686fbca2ead1d99936597109","name":"Alg. Parkeerplaats W18 Lader 33","address":"Markweg 131","city":"Europoort Rotterdam","operatorName":"E-Flux by Road","maxPowerKw":22,"isMegawatt":false,"status":"AVAILABLE","source":"ndw","priceKwh":0.23}},{"type":"Feature","geometry":{"type":"Point","coordinates":[4.35808,51.86599]},"properties":{"type":"charge","layer":"passenger","locationId":"1F4777BF-DDC8-4EBB-9E32-C2FAA0AAEB0D","name":"Eneco eMobility Gemeente Rotterdam - Openbare garage - Hoogvliet","address":"Klencke 74","city":"Rotterdam","operatorName":"Eneco","maxPowerKw":22,"isMegawatt":false,"status":"AVAILABLE","source":"ndw","priceKwh":0.31}},{"type":"Feature","geometry":{"type":"Point","coordinates":[4.507646,51.900805]},"properties":{"type":"charge","layer":"passenger","locationId":"NLENV590","name":"Rotterdam, Katadreuffestraat 1","address":"Katadreuffestraat 1","city":"Rotterdam","operatorName":"","maxPowerKw":22,"isMegawatt":false,"status":"AVAILABLE","source":"ndw","priceKwh":0.45}},{"type":"Feature","geometry":{"type":"Point","coordinates":[4.539369,51.921573]},"properties":{"type":"charge","layer":"passenger","locationId":"91051371","name":"50five-S NL 07112293","address":"'s-Gravenweg 423","city":"Rotterdam","operatorName":"50five","maxPowerKw":11,"isMegawatt":false,"status":"AVAILABLE","source":"ndw"}},{"type":"Feature","geometry":{"type":"Point","coordinates":[4.262566,51.88187]},"properties":{"type":"charge","layer":"passenger","locationId":"b99b693c-3d24-4928-8abf-75232def972a","name":"Montrealweg 120","address":"Montrealweg 120","city":"Botlek Rotterdam","operatorName":"Vattenfall InCharge","maxPowerKw":22,"isMegawatt":false,"status":"AVAILABLE","source":"ndw","priceKwh":0.38}},{"type":"Feature","geometry":{"type":"Point","coordinates":[4.392469,51.878924]},"properties":{"type":"charge","layer":"passenger","locationId":"91105901","name":"50five-S NL 19B04295","address":"Reeweg 25","city":"Rotterdam","operatorName":"50five","maxPowerKw":11,"isMegawatt":false,"status":"AVAILABLE","source":"ndw"}},{"type":"Feature","geometry":{"type":"Point","coordinates":[4.440568,51.92867]},"properties":{"type":"charge","layer":"passenger","locationId":"5078","name":"Shell Recharge NL8522 - Shell Blijdorp","address":"Abraham van Stolkweg 3","city":"Rotterdam","operatorName":"Shell Recharge","maxPowerKw":300,"isMegawatt":false,"status":"AVAILABLE","source":"ndw","priceKwh":0.7025}},{"type":"Feature","geometry":{"type":"Point","coordinates":[4.48511,51.87347]},"properties":{"type":"charge","layer":"passenger","locationId":"F82B83F4-D00C-4584-B10D-8564FB806C73","name":"Eneco eMobility Gemeente Rotterdam - Openbare garage - P&R Slinge","address":"Slinge 763 Metro","city":"Rotterdam","operatorName":"Eneco","maxPowerKw":11,"isMegawatt":false,"status":"AVAILABLE","source":"ndw","priceKwh":0.31}},{"type":"Feature","geometry":{"type":"Point","coordinates":[4.43513,51.93071]},"properties":{"type":"charge","layer":"passenger","locationId":"NLENV00001","name":"Bgm. J. de Jonglaan Rotterdam","address":"Burgemeester de Josselin de Jonglaan 201","city":"Rotterdam","operatorName":"","maxPowerKw":160,"isMegawatt":false,"status":"AVAILABLE","source":"ndw","priceKwh":0.58}},{"type":"Feature","geometry":{"type":"Point","coordinates":[4.48273,51.918783]},"properties":{"type":"charge","layer":"passenger","locationId":"90954912","name":"Van Leeuwen Blaak","address":"Blaak 555","city":"Rotterdam","operatorName":"Van Leeuwen","maxPowerKw":11,"isMegawatt":false,"status":"AVAILABLE","source":"ndw"}},{"type":"Feature","geometry":{"type":"Point","coordinates":[4.481547,51.918504]},"properties":{"type":"charge","layer":"passenger","locationId":"69ccd4633b5a3048dc871b27","name":"De Bloei van Krispijn, mandelige zaak blok 3, te Dordrecht","address":"Coolsingel 120","city":"Rotterdam","operatorName":"E-Flux by Road","maxPowerKw":11,"isMegawatt":false,"status":"UNAVAILABLE","source":"ndw","priceKwh":0.33}},{"type":"Feature","geometry":{"type":"Point","coordinates":[4.557267,51.950206]},"properties":{"type":"charge","layer":"passenger","locationId":"AA26F2C6-FCBA-4A7D-A758-0C5C764713D6","name":"Eneco eMobility Watermanweg 100 Rotterdam","address":"Watermanweg 100","city":"Rotterdam","operatorName":"Eneco","maxPowerKw":22,"isMegawatt":false,"status":"UNAVAILABLE","source":"ndw","priceKwh":0.32}},{"type":"Feature","geometry":{"type":"Point","coordinates":[4.534916,51.92355]},"properties":{"type":"charge","layer":"passenger","locationId":"91179555","name":"50five-S NL Rotterdam, Lichtenauerlaan 122","address":"Lichtenauerlaan 122","city":"Rotterdam","operatorName":"50five","maxPowerKw":11,"isMegawatt":false,"status":"AVAILABLE","source":"ndw"}},{"type":"Feature","geometry":{"type":"Point","coordinates":[4.476132,51.923219]},"properties":{"type":"charge","layer":"passenger","locationId":"91179720","name":"50five-S NL Rotterdam, Kruiskade 21","address":"Kruiskade 21","city":"Rotterdam","operatorName":"50five","maxPowerKw":11,"isMegawatt":false,"status":"AVAILABLE","source":"ndw"}},{"type":"Feature","geometry":{"type":"Point","coordinates":[4.105986,51.95672]},"properties":{"type":"charge","layer":"passenger","locationId":"686fbc6c003755d9c7731b82","name":"Alg. Parkeerplaats W17 Lader 32","address":"Markweg 131","city":"Europoort Rotterdam","operatorName":"E-Flux by Road","maxPowerKw":22,"isMegawatt":false,"status":"AVAILABLE","source":"ndw","priceKwh":0.23}},{"type":"Feature","geometry":{"type":"Point","coordinates":[4.49136,51.88715]},"properties":{"type":"charge","layer":"passenger","locationId":"3B7B8488-6808-4167-8BA0-1EAB17AEF8FF","name":"Q-Park Rotterdam Zuidplein","address":"Meierijstraat 3","city":"Rotterdam","operatorName":"Q-Park Netherlands","maxPowerKw":11,"isMegawatt":false,"status":"AVAILABLE","source":"ndw"}},{"type":"Feature","geometry":{"type":"Point","coordinates":[4.4337,51.94906]},"properties":{"type":"charge","layer":"passenger","locationId":"E7C35AD5-C805-4706-9469-682EF665C2B9","name":"Eneco eMobility Rotterdam Airportplein 60 Rotterdam","address":"Rotterdam Airportplein 60","city":"Rotterdam","operatorName":"Eneco","maxPowerKw":22,"isMegawatt":false,"status":"AVAILABLE","source":"ndw","priceKwh":0.32}},{"type":"Feature","geometry":{"type":"Point","coordinates":[4.35361,51.88656]},"properties":{"type":"charge","layer":"passenger","locationId":"82CF6D6A-3B79-47CD-A219-E63AD7C1D969","name":"Eneco eMobility Koole Terminals B.V. - Vondelingenplaat - Rotterdam","address":"Petroleumweg 56","city":"Vondelingenplaat","operatorName":"Eneco","maxPowerKw":22,"isMegawatt":false,"status":"AVAILABLE","source":"ndw","priceKwh":0.36}},{"type":"Feature","geometry":{"type":"Point","coordinates":[4.412691,51.929173]},"properties":{"type":"charge","layer":"passenger","locationId":"812B5474-403B-4708-962C-579BDA5DD9DA","name":"Eneco eMobility Smits Vastgoedzorg BV F - Rotterdam","address":"Thurledeweg 20","city":"Rotterdam","operatorName":"Eneco","maxPowerKw":22,"isMegawatt":false,"status":"AVAILABLE","source":"ndw","priceKwh":0.24}},{"type":"Feature","geometry":{"type":"Point","coordinates":[4.521322,51.897519]},"properties":{"type":"charge","layer":"passenger","locationId":"91106963","name":"50five-S NL 09001820","address":"Cor Kieboomplein 180","city":"Rotterdam","operatorName":"50five","maxPowerKw":11,"isMegawatt":false,"status":"AVAILABLE","source":"ndw"}},{"type":"Feature","geometry":{"type":"Point","coordinates":[4.074832,51.93619]},"properties":{"type":"charge","layer":"passenger","locationId":"662fa6adf43410001ce02877","name":"Impala Terminal Rotterdam","address":"Beerweg 101","city":"Maasvlakte-Rotterdam","operatorName":"E-Flux by Road","maxPowerKw":22,"isMegawatt":false,"status":"AVAILABLE","source":"ndw","priceKwh":0.34}},{"type":"Feature","geometry":{"type":"Point","coordinates":[4.536224,51.9175]},"properties":{"type":"charge","layer":"passenger","locationId":"66754097ac7fc3001c2fe971","name":"The Mark Offices","address":"Fascinatio Boulevard 204-300","city":"Rotterdam","operatorName":"Pluq","maxPowerKw":22,"isMegawatt":false,"status":"AVAILABLE","source":"ndw","priceKwh":0.42}},{"type":"Feature","geometry":{"type":"Point","coordinates":[4.47368,51.92034]},"properties":{"type":"charge","layer":"passenger","locationId":"1AB71D94-7EFE-4763-AEAC-8731F127AD1C","name":"Eneco eMobility Gemeente Rotterdam - Openbare garage - Schouwburgplein 1","address":"Schouwburgplein 22","city":"Rotterdam","operatorName":"Eneco","maxPowerKw":22,"isMegawatt":false,"status":"AVAILABLE","source":"ndw","priceKwh":0.31}},{"type":"Feature","geometry":{"type":"Point","coordinates":[4.477952,51.916411]},"properties":{"type":"charge","layer":"passenger","locationId":"dfec6cf2-6022-441b-aaf4-dde79b969247","name":"bp pulse Apcoa Westblaak","address":"Hartmansstraat 35","city":"Rotterdam","operatorName":"bp pulse","maxPowerKw":300,"isMegawatt":false,"status":"AVAILABLE","source":"ndw","priceKwh":0.7}},{"type":"Feature","geometry":{"type":"Point","coordinates":[4.231017,51.913276]},"properties":{"type":"charge","layer":"passenger","locationId":"4250321","name":"Laadnet Multiclean B.V.","address":"Wilgentuinen 49","city":"Rozenburg","operatorName":"Laadnet","maxPowerKw":22,"isMegawatt":false,"status":"AVAILABLE","source":"ndw"}},{"type":"Feature","geometry":{"type":"Point","coordinates":[4.534155,51.896862]},"properties":{"type":"charge","layer":"passenger","locationId":"67223e603a16e915723cc934","name":"Praxis Rotterdam Stadionweg","address":"Stadionweg 31F","city":"Rotterdam","operatorName":"Alva Charging Services","maxPowerKw":75,"isMegawatt":false,"status":"AVAILABLE","source":"ndw","priceKwh":0.668}},{"type":"Feature","geometry":{"type":"Point","coordinates":[4.22702,51.915406]},"properties":{"type":"charge","layer":"passenger","locationId":"656a01bca9ff04001c264367","name":"Clubcharge - Rozenburg","address":"Vinkseweg  31","city":"Rozenburg","operatorName":"E-Flux by Road","maxPowerKw":22,"isMegawatt":false,"status":"AVAILABLE","source":"ndw","priceKwh":0.48}},{"type":"Feature","geometry":{"type":"Point","coordinates":[4.42833,51.872389]},"properties":{"type":"charge","layer":"passenger","locationId":"91180048","name":"50five-S NL Rotterdam, Albert Plesmanweg 210","address":"Albert Plesmanweg 210","city":"Rotterdam","operatorName":"50five","maxPowerKw":11,"isMegawatt":false,"status":"AVAILABLE","source":"ndw"}},{"type":"Feature","geometry":{"type":"Point","coordinates":[4.440983,51.926736]},"properties":{"type":"charge","layer":"passenger","locationId":"923390","name":"K19_DAE_NL_2001236","address":"Energieweg 2","city":"Rotterdam","operatorName":"DAEN Mobility","maxPowerKw":11,"isMegawatt":false,"status":"AVAILABLE","source":"ndw","priceKwh":0.6}},{"type":"Feature","geometry":{"type":"Point","coordinates":[4.41259,51.92878]},"properties":{"type":"charge","layer":"passenger","locationId":"C2797F83-312E-48A5-80FB-CB82C1C26E6F","name":"Eneco eMobility Smits Vastgoedzorg BV - Rotterdam","address":"Thurledeweg 23","city":"Rotterdam","operatorName":"Eneco","maxPowerKw":11,"isMegawatt":false,"status":"AVAILABLE","source":"ndw","priceKwh":0.32}},{"type":"Feature","geometry":{"type":"Point","coordinates":[4.452056,51.943165]},"properties":{"type":"charge","layer":"passenger","locationId":"91044608","name":"50five-S NL 17B21580","address":"Copernicuslaan 55","city":"Rotterdam","operatorName":"50five","maxPowerKw":8,"isMegawatt":false,"status":"AVAILABLE","source":"ndw"}},{"type":"Feature","geometry":{"type":"Point","coordinates":[4.554728,51.950166]},"properties":{"type":"charge","layer":"passenger","locationId":"91326801","name":"50five Exploitatie Alexandrium","address":"Korte Poolsterstraat 2","city":"Rotterdam","operatorName":"50five","maxPowerKw":22,"isMegawatt":false,"status":"AVAILABLE","source":"ndw"}},{"type":"Feature","geometry":{"type":"Point","coordinates":[4.257325,51.884624]},"properties":{"type":"charge","layer":"passenger","locationId":"52968","name":"Air Liquide -Botlek- Rotterdam","address":"Merseyweg 10","city":"Rotterdam","operatorName":"Spirii","maxPowerKw":38,"isMegawatt":false,"status":"AVAILABLE","source":"ndw","priceKwh":0.25}},{"type":"Feature","geometry":{"type":"Point","coordinates":[4.416283,51.933491]},"properties":{"type":"charge","layer":"passenger","locationId":"7bcff28ea94f415e8550","name":"Urban Industrial Rotterdam DC","address":"Groothandelsmarkt 38","city":"Rotterdam","operatorName":"Opcharge","maxPowerKw":16,"isMegawatt":false,"status":"AVAILABLE","source":"ndw","priceKwh":0.81}},{"type":"Feature","geometry":{"type":"Point","coordinates":[4.52241,51.92254]},"properties":{"type":"charge","layer":"passenger","locationId":"378b4e44-6405-48b4-8b05-21da8983c53e","name":"Van Somerenweg","address":"Van Somerenweg 16","city":"Rotterdam","operatorName":"Vattenfall InCharge","maxPowerKw":7,"isMegawatt":false,"status":"AVAILABLE","source":"ndw","priceKwh":0.4743}},{"type":"Feature","geometry":{"type":"Point","coordinates":[3.99943,51.932847]},"properties":{"type":"charge","layer":"passenger","locationId":"91304141","name":"Van Leeuwen Noordzeeboulevard 501","address":"Noordzeeboulevard 501","city":"Maasvlakte Rotterdam","operatorName":"Van Leeuwen","maxPowerKw":22,"isMegawatt":false,"status":"AVAILABLE","source":"ndw"}},{"type":"Feature","geometry":{"type":"Point","coordinates":[4.437018,51.886731]},"properties":{"type":"charge","layer":"passenger","locationId":"89246590","name":"Van Leeuwen Ophemerstraat 85","address":"Ophemerstraat 85","city":"Rotterdam","operatorName":"Van Leeuwen","maxPowerKw":22,"isMegawatt":false,"status":"AVAILABLE","source":"ndw"}},{"type":"Feature","geometry":{"type":"Point","coordinates":[4.014957,51.960332]},"properties":{"type":"charge","layer":"passenger","locationId":"91243798","name":"Van Leeuwen Afloslocatie Margriethaven","address":"Futureland","city":"Maasvlakte Rotterdam","operatorName":"Van Leeuwen","maxPowerKw":22,"isMegawatt":false,"status":"AVAILABLE","source":"ndw"}},{"type":"Feature","geometry":{"type":"Point","coordinates":[4.314618,51.889533]},"properties":{"type":"charge","layer":"passenger","locationId":"91304139","name":"Van Leeuwen Oude Maasweg 3A","address":"Oude Maasweg 3A","city":"Botlek Rotterdam","operatorName":"Van Leeuwen","maxPowerKw":4,"isMegawatt":false,"status":"AVAILABLE","source":"ndw"}},{"type":"Feature","geometry":{"type":"Point","coordinates":[4.460937,51.949424]},"properties":{"type":"charge","layer":"passenger","locationId":"32378","name":"Circle K Rotterdam inz Schiebroek","address":"Melanchtonweg 151","city":"Rotterdam","operatorName":"Spirii","maxPowerKw":175,"isMegawatt":false,"status":"AVAILABLE","source":"ndw","priceKwh":0.65}},{"type":"Feature","geometry":{"type":"Point","coordinates":[4.468526,51.939563]},"properties":{"type":"charge","layer":"passenger","locationId":"NLCPIL6958845","name":"EG RETAIL GORDELWEG","address":"121 Gordelweg","city":"Rotterdam","operatorName":"ChargePoint","maxPowerKw":300,"isMegawatt":false,"status":"UNAVAILABLE","source":"ndw","priceKwh":0.496}},{"type":"Feature","geometry":{"type":"Point","coordinates":[4.425371,51.946795]},"properties":{"type":"charge","layer":"passenger","locationId":"91105922","name":"50five-S NL 04001225","address":"Vliegveldweg 59","city":"Rotterdam","operatorName":"50five","maxPowerKw":7,"isMegawatt":false,"status":"AVAILABLE","source":"ndw"}},{"type":"Feature","geometry":{"type":"Point","coordinates":[4.4796,51.918307]},"properties":{"type":"charge","layer":"passenger","locationId":"91512101","name":"50five Exploitatie Project Coolse poort","address":"Coolsingel 139","city":"Rotterdam","operatorName":"50five","maxPowerKw":22,"isMegawatt":false,"status":"AVAILABLE","source":"ndw"}},{"type":"Feature","geometry":{"type":"Point","coordinates":[4.535681,51.877026]},"properties":{"type":"charge","layer":"passenger","locationId":"91284211","name":"50five-S NL 18B10486","address":"Gouderakstraat 9","city":"Rotterdam","operatorName":"50five","maxPowerKw":11,"isMegawatt":false,"status":"AVAILABLE","source":"ndw"}},{"type":"Feature","geometry":{"type":"Point","coordinates":[4.47049,51.91384]},"properties":{"type":"charge","layer":"passenger","locationId":"032CDBC3-62CE-4DEA-A746-879A500018E8","name":"Eneco eMobility Gemeente Rotterdam - Openbare garage - Museumpark","address":"Museumpark 32","city":"Rotterdam","operatorName":"Eneco","maxPowerKw":22,"isMegawatt":false,"status":"AVAILABLE","source":"ndw","priceKwh":0.31}},{"type":"Feature","geometry":{"type":"Point","coordinates":[4.408558,51.895575]},"properties":{"type":"charge","layer":"passenger","locationId":"B94FB97E-6773-443F-B8A4-99974ABD061B","name":"Eneco eMobility ROMETAL B.V. Quarantaineweg 10 Rotterdam","address":"Quarantaineweg 10","city":"Rotterdam","operatorName":"Eneco","maxPowerKw":22,"isMegawatt":false,"status":"AVAILABLE","source":"ndw","priceKwh":0.4}},{"type":"Feature","geometry":{"type":"Point","coordinates":[4.492979,51.885272]},"properties":{"type":"charge","layer":"passenger","locationId":"A7476B86-CF8D-435C-990E-B194577CAE1F","name":"Q-Park Rotterdam Ikazia","address":"Casimirstraat 9","city":"Rotterdam","operatorName":"Q-Park Netherlands","maxPowerKw":11,"isMegawatt":false,"status":"AVAILABLE","source":"ndw"}},{"type":"Feature","geometry":{"type":"Point","coordinates":[4.147533,51.939667]},"properties":{"type":"charge","layer":"passenger","locationId":"4f8ef3bf3c5f4e8ba854e30dccced6c9","name":"VES-EPM150 – Europoort – Moezelweg 401","address":"Moezelweg 401","city":"Europoort Rotterdam","operatorName":"","maxPowerKw":11,"isMegawatt":false,"status":"AVAILABLE","source":"ndw","priceKwh":0.53}},{"type":"Feature","geometry":{"type":"Point","coordinates":[4.326585,51.889092]},"properties":{"type":"charge","layer":"passenger","locationId":"91056887","name":"50five-S NL 09101947","address":"Vondelingenweg 550","city":"Vondelingenplaat","operatorName":"50five","maxPowerKw":11,"isMegawatt":false,"status":"AVAILABLE","source":"ndw"}},{"type":"Feature","geometry":{"type":"Point","coordinates":[4.429288,51.911107]},"properties":{"type":"charge","layer":"passenger","locationId":"91109993","name":"50five-S NL ICUEVE000684","address":"Galvanistraat 124","city":"Rotterdam","operatorName":"50five","maxPowerKw":11,"isMegawatt":false,"status":"UNAVAILABLE","source":"ndw"}},{"type":"Feature","geometry":{"type":"Point","coordinates":[4.49291,51.92089]},"properties":{"type":"charge","layer":"passenger","locationId":"C73EC4DB-6DDA-49C8-AAF1-7FA6D728CE1B","name":"Eneco eMobility Gemeente Rotterdam - Openbare garage - Oude Haven","address":"Burgemeester van Walsumweg 718","city":"Rotterdam","operatorName":"Eneco","maxPowerKw":22,"isMegawatt":false,"status":"AVAILABLE","source":"ndw","priceKwh":0.31}},{"type":"Feature","geometry":{"type":"Point","coordinates":[4.481547,51.918504]},"properties":{"type":"charge","layer":"passenger","locationId":"69ccd6604ee32a5a15df04f3","name":"De Bloei van Krispijn, mandelige zaak blok 2, te Dordrecht","address":"Coolsingel  120","city":"Rotterdam","operatorName":"E-Flux by Road","maxPowerKw":11,"isMegawatt":false,"status":"AVAILABLE","source":"ndw","priceKwh":0.33}},{"type":"Feature","geometry":{"type":"Point","coordinates":[4.500373,51.902508]},"properties":{"type":"charge","layer":"passenger","locationId":"923218","name":"DAE_NL_2001083","address":"Bothastraat 27","city":"Rotterdam","operatorName":"DAEN Mobility","maxPowerKw":11,"isMegawatt":false,"status":"UNAVAILABLE","source":"ndw"}},{"type":"Feature","geometry":{"type":"Point","coordinates":[4.3812,51.87019]},"properties":{"type":"charge","layer":"passenger","locationId":"09F01218-93D4-4A30-9919-132240DF477C","name":"Eneco eMobility Bierbrouwerstraat 2 Hoogvliet Rotterdam","address":"Bierbrouwerstraat 2","city":"Hoogvliet Rotterdam","operatorName":"Eneco","maxPowerKw":11,"isMegawatt":false,"status":"AVAILABLE","source":"ndw","priceKwh":0.35}},{"type":"Feature","geometry":{"type":"Point","coordinates":[4.536073,51.910122]},"properties":{"type":"charge","layer":"passenger","locationId":"044A4AE7-1C68-4AAA-AE24-2FF25754A9CE","name":"Eneco eMobility Breeland Rotterdam - Autolettestraat 16","address":"Autolettestraat 16","city":"Rotterdam","operatorName":"Eneco","maxPowerKw":50,"isMegawatt":false,"status":"AVAILABLE","source":"ndw","priceKwh":0.32}},{"type":"Feature","geometry":{"type":"Point","coordinates":[4.121439,51.954921]},"properties":{"type":"charge","layer":"passenger","locationId":"91179481","name":"50five-S NL Europoort Rotterdam, Elbeweg 125","address":"Elbeweg 125","city":"Europoort Rotterdam","operatorName":"50five","maxPowerKw":11,"isMegawatt":false,"status":"AVAILABLE","source":"ndw"}},{"type":"Feature","geometry":{"type":"Point","coordinates":[4.28053,51.88679]},"properties":{"type":"charge","layer":"passenger","locationId":"249A5EB6-EC17-47BC-AC14-78E63F3040E5","name":"Eneco eMobility Jewometaal - Quebecstraat - Botlek Rotterdam","address":"Quebecstraat 7","city":"Botlek Rotterdam","operatorName":"Eneco","maxPowerKw":22,"isMegawatt":false,"status":"AVAILABLE","source":"ndw","priceKwh":0.4}},{"type":"Feature","geometry":{"type":"Point","coordinates":[4.553083,51.951345]},"properties":{"type":"charge","layer":"passenger","locationId":"63fc9469c2da4fe591783bdc6e8eb0ee","name":"Rotterdam Square Four","address":" Prins Alexanderplein","city":"Rotterdam","operatorName":"Opcharge","maxPowerKw":22,"isMegawatt":false,"status":"AVAILABLE","source":"ndw","priceKwh":0.49}},{"type":"Feature","geometry":{"type":"Point","coordinates":[4.454194,51.945738]},"properties":{"type":"charge","layer":"passenger","locationId":"91066465","name":"50five-S NL 17B19627","address":"Bertus Brouwerhof 21","city":"Rotterdam","operatorName":"50five","maxPowerKw":11,"isMegawatt":false,"status":"CHARGING","source":"ndw"}},{"type":"Feature","geometry":{"type":"Point","coordinates":[4.472091,51.923952]},"properties":{"type":"charge","layer":"passenger","locationId":"OST22P0004_0025_1","name":"OST22P0004_0025_1","address":"Delftse Poort 5","city":"Rotterdam","operatorName":"e-VOLTT","maxPowerKw":30,"isMegawatt":false,"status":"AVAILABLE","source":"ndw","priceKwh":0.26}},{"type":"Feature","geometry":{"type":"Point","coordinates":[4.420342,51.952038]},"properties":{"type":"charge","layer":"passenger","locationId":"b45388db-7836-4dc6-b8d0-b65a1ffd55fb","name":"EV Hub - Schieveensedijk 1, Rotterdam","address":"1 Schieveensedijk","city":"Rotterdam","operatorName":"TotalEnergies","maxPowerKw":300,"isMegawatt":false,"status":"AVAILABLE","source":"ndw"}},{"type":"Feature","geometry":{"type":"Point","coordinates":[4.49636,51.88525]},"properties":{"type":"charge","layer":"passenger","locationId":"E9E7D94F-C7E5-44F1-A032-C6C518FBAE2E","name":"Eneco eMobility Traanberg Partners - Rotterdam","address":"Jan Ligthartstraat 40","city":"Rotterdam","operatorName":"Eneco","maxPowerKw":22,"isMegawatt":false,"status":"AVAILABLE","source":"ndw","priceKwh":0.32}},{"type":"Feature","geometry":{"type":"Point","coordinates":[4.2368,51.8804]},"properties":{"type":"charge","layer":"passenger","locationId":"8289F6B9-9D11-4A8C-9055-83E5AC0C2B08","name":"Eneco eMobility Waalhaven Botlek Terminal - Nieuwesluisweg - Rotterdam","address":"Nieuwesluisweg 268","city":"Rotterdam","operatorName":"Eneco","maxPowerKw":22,"isMegawatt":false,"status":"AVAILABLE","source":"ndw","priceKwh":0.32}},{"type":"Feature","geometry":{"type":"Point","coordinates":[4.49882,51.95988]},"properties":{"type":"charge","layer":"passenger","locationId":"91091759","name":"50five-S NL 07140767","address":"Van Hoytemalaan 9","city":"Rotterdam","operatorName":"50five","maxPowerKw":14,"isMegawatt":false,"status":"AVAILABLE","source":"ndw"}},{"type":"Feature","geometry":{"type":"Point","coordinates":[4.423261,51.905909]},"properties":{"type":"charge","layer":"passenger","locationId":"69c2bfb4fc22388c74572c78","name":"SubZero","address":"Keileweg 80","city":"Rotterdam","operatorName":"E-Flux by Road","maxPowerKw":8,"isMegawatt":false,"status":"AVAILABLE","source":"ndw","priceKwh":0.46}},{"type":"Feature","geometry":{"type":"Point","coordinates":[4.440677,51.928788]},"properties":{"type":"charge","layer":"passenger","locationId":"17803608-97B8-435F-AA35-7614A44A73B0","name":"Eneco eMobility Gemeente Rotterdam - Openbare garage - Blijdorp P2","address":"Abraham van Stolkweg 3","city":"Rotterdam","operatorName":"Eneco","maxPowerKw":11,"isMegawatt":false,"status":"AVAILABLE","source":"ndw","priceKwh":0.31}},{"type":"Feature","geometry":{"type":"Point","coordinates":[4.132222,51.942453]},"properties":{"type":"charge","layer":"passenger","locationId":"62d6c6e1613312ba9968425f","name":"P&O Ferries laadpunt 3 & 4","address":"Luxemburgweg 2","city":"Europoort","operatorName":"E-Flux by Road","maxPowerKw":22,"isMegawatt":false,"status":"AVAILABLE","source":"ndw","priceKwh":0.41}},{"type":"Feature","geometry":{"type":"Point","coordinates":[4.418145,51.89837]},"properties":{"type":"charge","layer":"passenger","locationId":"732effa8-6b00-4cb0-b444-6c7dc36c3f32","name":"EV Hub - RDM-plein 12, Rotterdam","address":"12 RDM-plein","city":"Rotterdam","operatorName":"TotalEnergies","maxPowerKw":50,"isMegawatt":false,"status":"AVAILABLE","source":"ndw"}},{"type":"Feature","geometry":{"type":"Point","coordinates":[4.577591,51.97041]},"properties":{"type":"charge","layer":"passenger","locationId":"69e0cdfca7e03bd2f477cf7f","name":"CdV44","address":"Clara de Vriesstraat 44","city":"Rotterdam","operatorName":"E-Flux by Road","maxPowerKw":22,"isMegawatt":false,"status":"UNAVAILABLE","source":"ndw","priceKwh":0.29}},{"type":"Feature","geometry":{"type":"Point","coordinates":[4.536586,51.875073]},"properties":{"type":"charge","layer":"passenger","locationId":"DAC52E39-28C8-4E07-BB14-3AAFB8D4AB2A","name":"Eneco eMobility PostNL Gouderakstraat - Rotterdam","address":"Gouderakstraat 37","city":"Rotterdam","operatorName":"Eneco","maxPowerKw":11,"isMegawatt":false,"status":"AVAILABLE","source":"ndw","priceKwh":0.32}},{"type":"Feature","geometry":{"type":"Point","coordinates":[4.07207,51.944151]},"properties":{"type":"charge","layer":"passenger","locationId":"653fd3a20c2fa8001cefd9b1","name":"Powerplant Rotterdam","address":"Missouriweg 69","city":"Rotterdam","operatorName":"E-Flux by Road","maxPowerKw":22,"isMegawatt":false,"status":"AVAILABLE","source":"ndw","priceKwh":0.241}},{"type":"Feature","geometry":{"type":"Point","coordinates":[4.5329,51.917095]},"properties":{"type":"charge","layer":"passenger","locationId":"782B1FEF-7244-4439-B762-8D0B9362F1E6","name":"Eneco eMobility K.P. van der Mandelelaan 62 Rotterdam","address":"K.P. van der Mandelelaan 62","city":"Rotterdam","operatorName":"Eneco","maxPowerKw":22,"isMegawatt":false,"status":"UNAVAILABLE","source":"ndw","priceKwh":0.32}},{"type":"Feature","geometry":{"type":"Point","coordinates":[4.451151,51.877288]},"properties":{"type":"charge","layer":"passenger","locationId":"NLCPIL7415295","name":"FOURCE BV ROTTERDAM 1","address":"Pottumstraat 17","city":"Rotterdam","operatorName":"ChargePoint","maxPowerKw":22,"isMegawatt":false,"status":"AVAILABLE","source":"ndw","priceKwh":0.5}},{"type":"Feature","geometry":{"type":"Point","coordinates":[4.545814,51.921172]},"properties":{"type":"charge","layer":"passenger","locationId":"91067926","name":"50five-S NL 17B25178","address":"Engelbrechtweg 490","city":"Rotterdam","operatorName":"50five","maxPowerKw":11,"isMegawatt":false,"status":"AVAILABLE","source":"ndw"}},{"type":"Feature","geometry":{"type":"Point","coordinates":[4.106055,51.95672]},"properties":{"type":"charge","layer":"passenger","locationId":"686fbbb8af3160f88468c2b5","name":"Alg. Parkeerplaats W16 Lader 29","address":"Markweg 131","city":"Europoort Rotterdam","operatorName":"E-Flux by Road","maxPowerKw":22,"isMegawatt":false,"status":"AVAILABLE","source":"ndw","priceKwh":0.23}},{"type":"Feature","geometry":{"type":"Point","coordinates":[4.463892,51.909889]},"properties":{"type":"charge","layer":"passenger","locationId":"61b6fef21cbc19e4f40b99af","name":"VvE Stallingsgarage Little C","address":"Karl Weisbardstraat 7","city":"Rotterdam","operatorName":"E-Flux by Road","maxPowerKw":22,"isMegawatt":false,"status":"AVAILABLE","source":"ndw","priceKwh":0.34}},{"type":"Feature","geometry":{"type":"Point","coordinates":[4.483149,51.88588]},"properties":{"type":"charge","layer":"passenger","locationId":"91231310","name":"50five-S NL 08101898","address":"Carnissesingel 210","city":"Rotterdam","operatorName":"50five","maxPowerKw":22,"isMegawatt":false,"status":"AVAILABLE","source":"ndw"}},{"type":"Feature","geometry":{"type":"Point","coordinates":[4.522983,51.887387]},"properties":{"type":"charge","layer":"passenger","locationId":"65f997bc9ef529001c1cdf84","name":"Argos Colosseumweg","address":"Colosseumweg 470","city":"Rotterdam","operatorName":"VARO Charging","maxPowerKw":240,"isMegawatt":false,"status":"AVAILABLE","source":"ndw","priceKwh":0.68}},{"type":"Feature","geometry":{"type":"Point","coordinates":[4.01515,51.937608]},"properties":{"type":"charge","layer":"passenger","locationId":"91054016","name":"50five-S NL 03009180","address":"Malakkastraat 15","city":"Maasvlakte Rotterdam","operatorName":"50five","maxPowerKw":4,"isMegawatt":false,"status":"AVAILABLE","source":"ndw"}},{"type":"Feature","geometry":{"type":"Point","coordinates":[4.091033,51.961548]},"properties":{"type":"charge","layer":"passenger","locationId":"91304142","name":"Van Leeuwen Markweg 201","address":"Markweg 201","city":"Europoort Rotterdam","operatorName":"Van Leeuwen","maxPowerKw":22,"isMegawatt":false,"status":"AVAILABLE","source":"ndw"}},{"type":"Feature","geometry":{"type":"Point","coordinates":[4.425175,51.881201]},"properties":{"type":"charge","layer":"passenger","locationId":"91105756","name":"50five-S NL 19B01368","address":"Reeweg 35","city":"Rotterdam","operatorName":"50five","maxPowerKw":11,"isMegawatt":false,"status":"AVAILABLE","source":"ndw"}},{"type":"Feature","geometry":{"type":"Point","coordinates":[4.48517,51.91376]},"properties":{"type":"charge","layer":"passenger","locationId":"918738D8-C143-408A-868E-2C1DD85895A5","name":"Eneco eMobility Gemeente Rotterdam - Openbare garage - De Boompjes","address":"Terwenakker 18","city":"Rotterdam","operatorName":"Eneco","maxPowerKw":22,"isMegawatt":false,"status":"AVAILABLE","source":"ndw","priceKwh":0.31}},{"type":"Feature","geometry":{"type":"Point","coordinates":[4.424001,51.930399]},"properties":{"type":"charge","layer":"passenger","locationId":"4227429","name":"Laadnet Krommenhoek Metals","address":"Linschotenstraat 5","city":"Rotterdam","operatorName":"Laadnet","maxPowerKw":22,"isMegawatt":false,"status":"AVAILABLE","source":"ndw"}},{"type":"Feature","geometry":{"type":"Point","coordinates":[4.441413,51.927081]},"properties":{"type":"charge","layer":"passenger","locationId":"922981","name":"K17_DAE_NL_2000793","address":"Energieweg 2","city":"Rotterdam","operatorName":"DAEN Mobility","maxPowerKw":11,"isMegawatt":false,"status":"AVAILABLE","source":"ndw","priceKwh":0.6}},{"type":"Feature","geometry":{"type":"Point","coordinates":[4.53419,51.89484]},"properties":{"type":"charge","layer":"passenger","locationId":"6F8607D8-5999-4A91-916B-8BE31C9BB4FA","name":"Eneco eMobility Gemeente Rotterdam - Openbare garage - P&R Noorderhelling","address":"Noorderhelling 62","city":"Rotterdam","operatorName":"Eneco","maxPowerKw":22,"isMegawatt":false,"status":"AVAILABLE","source":"ndw","priceKwh":0.31}},{"type":"Feature","geometry":{"type":"Point","coordinates":[4.590563,51.990496]},"properties":{"type":"charge","layer":"passenger","locationId":"6a59ceef76e449ff85b2b4b0","name":"Hoogvliet Beheer - Gerrit Verrijstkade 5","address":"Gerrit Verrijstkade 5","city":"Rotterdam","operatorName":"E-Flux by Road","maxPowerKw":22,"isMegawatt":false,"status":"AVAILABLE","source":"ndw","priceKwh":0.27}},{"type":"Feature","geometry":{"type":"Point","coordinates":[4.553162,51.886244]},"properties":{"type":"charge","layer":"passenger","locationId":"7F3CC67F-F66A-411E-914E-056B3D78A2A7","name":"Eneco eMobility Gereformeerde kerk - Rotterdam-IJsselmonde","address":"Groene Tuin 353","city":"Rotterdam","operatorName":"Eneco","maxPowerKw":11,"isMegawatt":false,"status":"CHARGING","source":"ndw","priceKwh":0.35}},{"type":"Feature","geometry":{"type":"Point","coordinates":[4.59816,51.987403]},"properties":{"type":"charge","layer":"passenger","locationId":"62be9de8497ea268675cd6b2","name":"Shell Station - Brandingdijk 2 / Groeneweg 2","address":"Groeneweg 2","city":"Rotterdam","operatorName":"E-Flux by Road","maxPowerKw":315,"isMegawatt":false,"status":"AVAILABLE","source":"ndw","priceKwh":0.48}},{"type":"Feature","geometry":{"type":"Point","coordinates":[4.440674,51.927372]},"properties":{"type":"charge","layer":"passenger","locationId":"88c282fd-b9bc-4777-b522-65055b0a70ea","name":"EV Hub - Blijdorplaan 8, Rotterdam","address":"8 Blijdorplaan","city":"Rotterdam","operatorName":"TotalEnergies","maxPowerKw":300,"isMegawatt":false,"status":"AVAILABLE","source":"ndw"}},{"type":"Feature","geometry":{"type":"Point","coordinates":[4.48571,51.91767]},"properties":{"type":"charge","layer":"passenger","locationId":"2661E1F8-295C-4EDE-A86C-B6EE3104E65F","name":"Eneco eMobility Posthoornstraat 522 Rotterdam","address":"Posthoornstraat 522","city":"Rotterdam","operatorName":"Eneco","maxPowerKw":22,"isMegawatt":false,"status":"AVAILABLE","source":"ndw","priceKwh":0.32}},{"type":"Feature","geometry":{"type":"Point","coordinates":[4.015396,51.942369]},"properties":{"type":"charge","layer":"passenger","locationId":"2C8DBADB-E91E-43D5-A88C-51D2D494F797","name":"Eneco eMobility Neele-Vat Services B.V. - Sontstraat 8 - Rotterdam","address":"Sontstraat 8","city":"Rotterdam","operatorName":"Eneco","maxPowerKw":11,"isMegawatt":false,"status":"AVAILABLE","source":"ndw","priceKwh":0.35}},{"type":"Feature","geometry":{"type":"Point","coordinates":[4.474457,51.920322]},"properties":{"type":"charge","layer":"passenger","locationId":"91106296","name":"50five-S NL 18B08085","address":"Schouwburgplein 30","city":"Rotterdam","operatorName":"50five","maxPowerKw":17,"isMegawatt":false,"status":"UNAVAILABLE","source":"ndw"}},{"type":"Feature","geometry":{"type":"Point","coordinates":[4.230549,51.914241]},"properties":{"type":"charge","layer":"passenger","locationId":"91056874","name":"50five-S NL 17B08739","address":"Vinkseweg 1","city":"Rozenburg","operatorName":"50five","maxPowerKw":8,"isMegawatt":false,"status":"AVAILABLE","source":"ndw"}},{"type":"Feature","geometry":{"type":"Point","coordinates":[4.446276,51.878739]},"properties":{"type":"charge","layer":"passenger","locationId":"91179545","name":"50five-S NL Rotterdam, Waalhaven Zuidzijde 31","address":"Waalhaven Zuidzijde 31","city":"Rotterdam","operatorName":"50five","maxPowerKw":11,"isMegawatt":false,"status":"UNAVAILABLE","source":"ndw"}},{"type":"Feature","geometry":{"type":"Point","coordinates":[4.26878,51.87873]},"properties":{"type":"charge","layer":"passenger","locationId":"0098E05F-29FC-4FD5-B9D6-6E1332A7F6E8","name":"Eneco eMobility Ships Waste Oil Collector B.V. - Botlek Rotterdam","address":"Chemieweg 10","city":"Botlek Rotterdam","operatorName":"Eneco","maxPowerKw":22,"isMegawatt":false,"status":"UNAVAILABLE","source":"ndw","priceKwh":0.32}},{"type":"Feature","geometry":{"type":"Point","coordinates":[4.532957,51.922666]},"properties":{"type":"charge","layer":"passenger","locationId":"91179609","name":"50five-S NL Rotterdam, Lichtenauerlaan 182","address":"Lichtenauerlaan 182","city":"Rotterdam","operatorName":"50five","maxPowerKw":11,"isMegawatt":false,"status":"AVAILABLE","source":"ndw"}},{"type":"Feature","geometry":{"type":"Point","coordinates":[4.541171,51.937085]},"properties":{"type":"charge","layer":"passenger","locationId":"664ca7dfbee446001cd01f31","name":"Prinsepark, Rotterdam","address":"Nancy Zeelenbergsingel 10","city":"Rotterdam","operatorName":"E-Flux by Road","maxPowerKw":22,"isMegawatt":false,"status":"AVAILABLE","source":"ndw","priceKwh":0.53}},{"type":"Feature","geometry":{"type":"Point","coordinates":[4.532448,51.917355]},"properties":{"type":"charge","layer":"passenger","locationId":"91013965","name":"50five-S NL 03009410","address":"K.P. van der Mandelelaan 30","city":"Rotterdam","operatorName":"50five","maxPowerKw":11,"isMegawatt":false,"status":"AVAILABLE","source":"ndw"}},{"type":"Feature","geometry":{"type":"Point","coordinates":[4.46326,51.911249]},"properties":{"type":"charge","layer":"passenger","locationId":"91229099","name":"50five-S NL 03008696","address":"Rochussenstraat 198","city":"Rotterdam","operatorName":"50five","maxPowerKw":11,"isMegawatt":false,"status":"AVAILABLE","source":"ndw"}},{"type":"Feature","geometry":{"type":"Point","coordinates":[4.593754,51.970414]},"properties":{"type":"charge","layer":"passenger","locationId":"63c13bae0fada700129cf64b","name":"Vedotec B.V. Paal 3, Andries Copierhof 8, 3059 LM  ROTTERDAM","address":"Andreis Copierhof  8","city":"Rotterdam","operatorName":"E-Flux by Road","maxPowerKw":22,"isMegawatt":false,"status":"AVAILABLE","source":"ndw","priceKwh":0.43}},{"type":"Feature","geometry":{"type":"Point","coordinates":[4.233285,51.903506]},"properties":{"type":"charge","layer":"passenger","locationId":"91276602","name":"50five-S NL 17B16309","address":"Korianderplaats 14","city":"Rozenburg","operatorName":"50five","maxPowerKw":11,"isMegawatt":false,"status":"CHARGING","source":"ndw"}},{"type":"Feature","geometry":{"type":"Point","coordinates":[4.477834,51.921527]},"properties":{"type":"charge","layer":"passenger","locationId":"fcfedfed-6648-4417-93e9-bbea45eb36ae","name":"Q-Park Rotterdam Coolsingel","address":"Sint-Luciastraat 59","city":"Rotterdam","operatorName":"Q-Park Netherlands","maxPowerKw":11,"isMegawatt":false,"status":"AVAILABLE","source":"ndw"}},{"type":"Feature","geometry":{"type":"Point","coordinates":[4.434134,51.886149]},"properties":{"type":"charge","layer":"passenger","locationId":"741753F9-B5EC-4503-ADDC-5BF8F8FB32D8","name":"Eneco eMobility EVB-P1421076","address":"Ophemertstraat 56","city":"Rotterdam","operatorName":"Eneco","maxPowerKw":22,"isMegawatt":false,"status":"UNAVAILABLE","source":"ndw"}},{"type":"Feature","geometry":{"type":"Point","coordinates":[4.501612,51.921919]},"properties":{"type":"charge","layer":"passenger","locationId":"1F759ACA-9FEE-4767-A66B-AA70E702C594","name":"Eneco eMobility Aon","address":"Admiraliteitskade 62","city":"Rotterdam","operatorName":"Eneco","maxPowerKw":22,"isMegawatt":false,"status":"AVAILABLE","source":"ndw","priceKwh":0.32}},{"type":"Feature","geometry":{"type":"Point","coordinates":[4.011172,51.94333]},"properties":{"type":"charge","layer":"passenger","locationId":"1FCE040A-6B6B-405F-8E44-4A7D03603B8D","name":"Eneco eMobility Neele-Vat Services B.V. - Maasvlakte Rotterdam","address":"Madoerastraat 10","city":"Maasvlakte Rotterdam","operatorName":"Eneco","maxPowerKw":22,"isMegawatt":false,"status":"AVAILABLE","source":"ndw","priceKwh":0.35}},{"type":"Feature","geometry":{"type":"Point","coordinates":[4.105986,51.95672]},"properties":{"type":"charge","layer":"passenger","locationId":"686fbc0df8c1c0b988cb44e9","name":"Alg. Parkeerplaats W16 Lader 30","address":"Markweg 131","city":"Europoort Rotterdam","operatorName":"E-Flux by Road","maxPowerKw":22,"isMegawatt":false,"status":"AVAILABLE","source":"ndw","priceKwh":0.23}},{"type":"Feature","geometry":{"type":"Point","coordinates":[4.441413,51.927081]},"properties":{"type":"charge","layer":"passenger","locationId":"922982","name":"K18_DAE_NL_2000792","address":"Energieweg 2","city":"Rotterdam","operatorName":"DAEN Mobility","maxPowerKw":11,"isMegawatt":false,"status":"AVAILABLE","source":"ndw","priceKwh":0.6}},{"type":"Feature","geometry":{"type":"Point","coordinates":[4.524699,51.894336]},"properties":{"type":"charge","layer":"passenger","locationId":"C4FECBE9-ADEC-417C-AF3E-E21801D5A1DE","name":"Eneco eMobility Stadion Feijenoord","address":"Van Zandvlietplein 1","city":"Rotterdam","operatorName":"Eneco","maxPowerKw":11,"isMegawatt":false,"status":"AVAILABLE","source":"ndw","priceKwh":0.27}},{"type":"Feature","geometry":{"type":"Point","coordinates":[4.4596286,51.895935]},"properties":{"type":"charge","layer":"passenger","locationId":"eec851a2-c94f-421f-ac2a-b9be283f20ed","name":"EV Hub - Bijlstraat 25, Rotterdam","address":"25 Bijlstraat","city":"Rotterdam","operatorName":"TotalEnergies","maxPowerKw":300,"isMegawatt":false,"status":"AVAILABLE","source":"ndw"}},{"type":"Feature","geometry":{"type":"Point","coordinates":[4.477057,51.912608]},"properties":{"type":"charge","layer":"passenger","locationId":"91148940","name":"50five-S NL 09102301","address":"Eendrachtsweg 67","city":"Rotterdam","operatorName":"50five","maxPowerKw":11,"isMegawatt":false,"status":"AVAILABLE","source":"ndw"}},{"type":"Feature","geometry":{"type":"Point","coordinates":[4.035444,51.94323]},"properties":{"type":"charge","layer":"passenger","locationId":"91194433","name":"50five-S NL 18B12235","address":"Missouriweg 17","city":"Maasvlakte Rotterdam","operatorName":"50five","maxPowerKw":22,"isMegawatt":false,"status":"AVAILABLE","source":"ndw"}},{"type":"Feature","geometry":{"type":"Point","coordinates":[4.470674,51.884363]},"properties":{"type":"charge","layer":"passenger","locationId":"91283614","name":"50five-S NL 04002138","address":"Dorpsweg 205","city":"Rotterdam","operatorName":"50five","maxPowerKw":7,"isMegawatt":false,"status":"UNAVAILABLE","source":"ndw"}},{"type":"Feature","geometry":{"type":"Point","coordinates":[4.592725,51.988171]},"properties":{"type":"charge","layer":"passenger","locationId":"91065258","name":"50five-S NL 07106114","address":"Agata de Bruynkade 32","city":"Rotterdam","operatorName":"50five","maxPowerKw":11,"isMegawatt":false,"status":"AVAILABLE","source":"ndw"}},{"type":"Feature","geometry":{"type":"Point","coordinates":[4.180636,51.920477]},"properties":{"type":"charge","layer":"passenger","locationId":"91109224","name":"50five-S NL 09102170","address":"Moezelweg 136 C","city":"Europoort Rotterdam","operatorName":"50five","maxPowerKw":11,"isMegawatt":false,"status":"AVAILABLE","source":"ndw"}},{"type":"Feature","geometry":{"type":"Point","coordinates":[4.47578,51.9143]},"properties":{"type":"charge","layer":"passenger","locationId":"682A8CEE-A2D3-4F76-944A-434FCB20610C","name":"Eneco eMobility Eendrachtsweg 41 Rotterdam","address":"Eendrachtsweg 41","city":"Rotterdam","operatorName":"Eneco","maxPowerKw":22,"isMegawatt":false,"status":"AVAILABLE","source":"ndw","priceKwh":0.35}},{"type":"Feature","geometry":{"type":"Point","coordinates":[4.456714,51.887103]},"properties":{"type":"charge","layer":"passenger","locationId":"91232765","name":"50five-S NL 19B05296","address":"Waalhaven Oostzijde 79","city":"Rotterdam","operatorName":"50five","maxPowerKw":11,"isMegawatt":false,"status":"AVAILABLE","source":"ndw"}},{"type":"Feature","geometry":{"type":"Point","coordinates":[4.487953,51.915293]},"properties":{"type":"charge","layer":"passenger","locationId":"91312723","name":"Van Leeuwen Boompjes 60, 68","address":"Boompjes 60, 68","city":"Rotterdam","operatorName":"Van Leeuwen","maxPowerKw":22,"isMegawatt":false,"status":"AVAILABLE","source":"ndw"}},{"type":"Feature","geometry":{"type":"Point","coordinates":[4.24549,51.907975]},"properties":{"type":"charge","layer":"passenger","locationId":"68878a178a7b528f9242cfca","name":"Laadstation 1 Koninginnenlaan","address":"Koninginnelaan 23","city":"Rozenburg","operatorName":"E-Flux by Road","maxPowerKw":11,"isMegawatt":false,"status":"AVAILABLE","source":"ndw","priceKwh":0.53}},{"type":"Feature","geometry":{"type":"Point","coordinates":[4.101944,51.953722]},"properties":{"type":"charge","layer":"passenger","locationId":"d9156880-af24-40aa-8d9c-d1372b0540f0","name":"D'arcyweg 76","address":"D'arcyweg 76","city":"Europoort Rotterdam","operatorName":"Vattenfall InCharge","maxPowerKw":22,"isMegawatt":false,"status":"AVAILABLE","source":"ndw","priceKwh":0.28}},{"type":"Feature","geometry":{"type":"Point","coordinates":[4.409965,51.943719]},"properties":{"type":"charge","layer":"passenger","locationId":"1570","name":"50five Exploitatie Facility Point Rotterdam","address":"Corkstraat 46","city":"Rotterdam","operatorName":"50five","maxPowerKw":11,"isMegawatt":false,"status":"AVAILABLE","source":"ndw"}},{"type":"Feature","geometry":{"type":"Point","coordinates":[4.451336,51.892932]},"properties":{"type":"charge","layer":"passenger","locationId":"91230641","name":"50five-S NL 09102771","address":"Kesterenstraat 21","city":"Rotterdam","operatorName":"50five","maxPowerKw":11,"isMegawatt":false,"status":"UNAVAILABLE","source":"ndw"}},{"type":"Feature","geometry":{"type":"Point","coordinates":[4.580136,51.975935]},"properties":{"type":"charge","layer":"passenger","locationId":"673602f98ddcb01530f23bb6","name":"Thuis","address":"Lindenhof 6","city":"Rotterdam","operatorName":"E-Flux by Road","maxPowerKw":22,"isMegawatt":false,"status":"UNAVAILABLE","source":"ndw","priceKwh":0.62}},{"type":"Feature","geometry":{"type":"Point","coordinates":[4.481035,51.894586]},"properties":{"type":"charge","layer":"passenger","locationId":"90311892","name":"Pluginvest Dossche rotteram(NOT ACCESIBLE FOR EXTERNAL USERS)","address":"Brielselaan 115","city":"rotterdam","operatorName":"Pluginvest","maxPowerKw":11,"isMegawatt":false,"status":"AVAILABLE","source":"ndw"}},{"type":"Feature","geometry":{"type":"Point","coordinates":[4.474328,51.864463]},"properties":{"type":"charge","layer":"passenger","locationId":"37783","name":"Circle K Rotterdam - Baris","address":"Charl. Lagedijk 638","city":"Rotterdam","operatorName":"Spirii","maxPowerKw":300,"isMegawatt":false,"status":"AVAILABLE","source":"ndw","priceKwh":0.65}},{"type":"Feature","geometry":{"type":"Point","coordinates":[4.132238,51.942331]},"properties":{"type":"charge","layer":"passenger","locationId":"62d6c44c6133121d6967ee3b","name":"P&O Ferries Laadpunt 1 & 2","address":"Luxemburgweg 2","city":"Europoort","operatorName":"E-Flux by Road","maxPowerKw":22,"isMegawatt":false,"status":"AVAILABLE","source":"ndw","priceKwh":0.41}},{"type":"Feature","geometry":{"type":"Point","coordinates":[4.534901,51.922654]},"properties":{"type":"charge","layer":"passenger","locationId":"91179854","name":"50five-S NL Rotterdam, Lichtenauerlaan 162","address":"Lichtenauerlaan 162","city":"Rotterdam","operatorName":"50five","maxPowerKw":11,"isMegawatt":false,"status":"AVAILABLE","source":"ndw"}},{"type":"Feature","geometry":{"type":"Point","coordinates":[4.377416,51.891207]},"properties":{"type":"charge","layer":"passenger","locationId":"91179486","name":"50five-S NL Vondelingenplaat, Propaanweg 19","address":"Propaanweg 19","city":"Vondelingenplaat","operatorName":"50five","maxPowerKw":11,"isMegawatt":false,"status":"AVAILABLE","source":"ndw"}},{"type":"Feature","geometry":{"type":"Point","coordinates":[4.190349,51.915829]},"properties":{"type":"charge","layer":"passenger","locationId":"91150724","name":"50five-S NL 09102183","address":"Moezelweg 136 C","city":"Europoort Rotterdam","operatorName":"50five","maxPowerKw":11,"isMegawatt":false,"status":"AVAILABLE","source":"ndw"}},{"type":"Feature","geometry":{"type":"Point","coordinates":[4.448647,51.945347]},"properties":{"type":"charge","layer":"passenger","locationId":"91065198","name":"50five-S NL 07108202","address":"Linnaeushof 12","city":"Rotterdam","operatorName":"50five","maxPowerKw":11,"isMegawatt":false,"status":"AVAILABLE","source":"ndw"}},{"type":"Feature","geometry":{"type":"Point","coordinates":[4.513343,51.95627]},"properties":{"type":"charge","layer":"passenger","locationId":"668672d6cd9713001c180328","name":"State Hillergersberg","address":"Van Beethovenlaan 60","city":"Rotterdam","operatorName":"Pluq","maxPowerKw":22,"isMegawatt":false,"status":"AVAILABLE","source":"ndw","priceKwh":0.35}},{"type":"Feature","geometry":{"type":"Point","coordinates":[4.465346,51.897697]},"properties":{"type":"charge","layer":"passenger","locationId":"91169106","name":"50five-S NL ICUEVEMINI900192","address":"Charloisse Hoofd 79D","city":"Rotterdam","operatorName":"50five","maxPowerKw":17,"isMegawatt":false,"status":"AVAILABLE","source":"ndw"}},{"type":"Feature","geometry":{"type":"Point","coordinates":[4.492702,51.90807]},"properties":{"type":"charge","layer":"passenger","locationId":"91179745","name":"50five-S NL Rotterdam, Wilhelminakade 1","address":"Wilhelminakade 1","city":"Rotterdam","operatorName":"50five","maxPowerKw":22,"isMegawatt":false,"status":"AVAILABLE","source":"ndw"}},{"type":"Feature","geometry":{"type":"Point","coordinates":[4.42068,51.924583]},"properties":{"type":"charge","layer":"passenger","locationId":"90916525","name":"Van Leeuwen (Binnen) PDI werkplaats - PCR","address":"Schuttevaerweg 116","city":"Rotterdam","operatorName":"Van Leeuwen","maxPowerKw":22,"isMegawatt":false,"status":"AVAILABLE","source":"ndw"}},{"type":"Feature","geometry":{"type":"Point","coordinates":[4.378972,51.863785]},"properties":{"type":"charge","layer":"passenger","locationId":"91179496","name":"50five-S NL Hoogvliet Rotterdam, Koddeweg 47","address":"Koddeweg 47","city":"Hoogvliet Rotterdam","operatorName":"50five","maxPowerKw":11,"isMegawatt":false,"status":"AVAILABLE","source":"ndw"}},{"type":"Feature","geometry":{"type":"Point","coordinates":[4.537547,51.918734]},"properties":{"type":"charge","layer":"passenger","locationId":"89066186","name":"Van Leeuwen Bahialaan 2 Priveterrein","address":"Bahialaan 2","city":"Rotterdam","operatorName":"Van Leeuwen","maxPowerKw":22,"isMegawatt":false,"status":"AVAILABLE","source":"ndw"}},{"type":"Feature","geometry":{"type":"Point","coordinates":[4.472091,51.923952]},"properties":{"type":"charge","layer":"passenger","locationId":"OST22P0028_0047_1","name":"OST22P0028_0047_1","address":"Delftse Poort 5","city":"Rotterdam","operatorName":"e-VOLTT","maxPowerKw":38,"isMegawatt":false,"status":"AVAILABLE","source":"ndw","priceKwh":0.26}},{"type":"Feature","geometry":{"type":"Point","coordinates":[4.547975,51.947994]},"properties":{"type":"charge","layer":"passenger","locationId":"68678629-6D98-4B13-B6BD-826BE0E01FC7","name":"Eneco eMobility Dutchlease Joost van Berkel","address":"Hoofdweg 236","city":"Rotterdam","operatorName":"Eneco","maxPowerKw":11,"isMegawatt":false,"status":"AVAILABLE","source":"ndw","priceKwh":0.32}},{"type":"Feature","geometry":{"type":"Point","coordinates":[4.50966,51.89695]},"properties":{"type":"charge","layer":"passenger","locationId":"ED18BFAA-1A9A-48B7-A349-591412EA004B","name":"Eneco eMobility Gemeente Rotterdam - Openbare garage - Boulevard Zuid","address":"Polderstraat 10","city":"Rotterdam","operatorName":"Eneco","maxPowerKw":22,"isMegawatt":false,"status":"AVAILABLE","source":"ndw","priceKwh":0.31}},{"type":"Feature","geometry":{"type":"Point","coordinates":[4.476724,51.923261]},"properties":{"type":"charge","layer":"passenger","locationId":"641d6d675c5d690012d89536","name":"Hilton Rotterdam","address":"Kruiskade 13","city":"Rotterdam","operatorName":"E-Flux by Road","maxPowerKw":22,"isMegawatt":false,"status":"AVAILABLE","source":"ndw","priceKwh":0.68}},{"type":"Feature","geometry":{"type":"Point","coordinates":[4.448833,51.879207]},"properties":{"type":"charge","layer":"passenger","locationId":"89286598","name":"Van Leeuwen Waalhaven Zz","address":"Waalhaven Z.z 21","city":"Rotterdam","operatorName":"Van Leeuwen","maxPowerKw":22,"isMegawatt":false,"status":"AVAILABLE","source":"ndw"}},{"type":"Feature","geometry":{"type":"Point","coordinates":[4.44086,51.965904]},"properties":{"type":"charge","layer":"passenger","locationId":"89291660","name":"Van Leeuwen Belevenisboerderij","address":"Oude bovendijk 220","city":"Rotterdam","operatorName":"Van Leeuwen","maxPowerKw":22,"isMegawatt":false,"status":"AVAILABLE","source":"ndw"}},{"type":"Feature","geometry":{"type":"Point","coordinates":[4.497551,51.923725]},"properties":{"type":"charge","layer":"passenger","locationId":"63ac306fc285c80012e58f15","name":"Oostplein - Jelle 2","address":"Oostplein 410","city":"Rotterdam","operatorName":"E-Flux by Road","maxPowerKw":22,"isMegawatt":false,"status":"AVAILABLE","source":"ndw","priceKwh":0.33}},{"type":"Feature","geometry":{"type":"Point","coordinates":[4.45555,51.94823]},"properties":{"type":"charge","layer":"passenger","locationId":"91087869","name":"50five-S NL 07105230","address":"Lodewijk Rogierhof 19","city":"Rotterdam","operatorName":"50five","maxPowerKw":11,"isMegawatt":false,"status":"AVAILABLE","source":"ndw"}},{"type":"Feature","geometry":{"type":"Point","coordinates":[4.480334,51.937553]},"properties":{"type":"charge","layer":"passenger","locationId":"B165A8CD-7A84-4B8D-BF99-2BA7C91353EC","name":"Eneco eMobility Gemeente Rotterdam - Openbare garage - Zoomstraat","address":"Zoomstraat 111","city":"Rotterdam","operatorName":"Eneco","maxPowerKw":22,"isMegawatt":false,"status":"AVAILABLE","source":"ndw","priceKwh":0.31}},{"type":"Feature","geometry":{"type":"Point","coordinates":[4.456103,51.905525]},"properties":{"type":"charge","layer":"passenger","locationId":"6192308da97f310484bb36a5","name":"The Cohesion WEST507","address":"Heiman Dullaertplein 3","city":"Rotterdam","operatorName":"Rockfield Real Estate","maxPowerKw":22,"isMegawatt":false,"status":"AVAILABLE","source":"ndw","priceKwh":0.39}},{"type":"Feature","geometry":{"type":"Point","coordinates":[4.020253,51.943773]},"properties":{"type":"charge","layer":"passenger","locationId":"df6bb09d-c6db-47c1-a933-d150736c600d","name":"Koerilenstraat 2","address":"Koerilenstraat 2","city":"Maasvlakte Rotterdam","operatorName":"Vattenfall InCharge","maxPowerKw":22,"isMegawatt":false,"status":"AVAILABLE","source":"ndw","priceKwh":0.28}},{"type":"Feature","geometry":{"type":"Point","coordinates":[4.528223,51.916797]},"properties":{"type":"charge","layer":"passenger","locationId":"6932b25208e0009cddd74cc4","name":"Kralingse Zoom kant (Oost)","address":"Burgemeester Oudlaan  50","city":"Rotterdam","operatorName":"E-Flux by Road","maxPowerKw":22,"isMegawatt":false,"status":"AVAILABLE","source":"ndw","priceKwh":0.31}},{"type":"Feature","geometry":{"type":"Point","coordinates":[4.430213,51.90434]},"properties":{"type":"charge","layer":"passenger","locationId":"91179570","name":"50five-S NL Rotterdam, Lekstraat 14","address":"Lekstraat 14","city":"Rotterdam","operatorName":"50five","maxPowerKw":11,"isMegawatt":false,"status":"UNAVAILABLE","source":"ndw"}},{"type":"Feature","geometry":{"type":"Point","coordinates":[4.535524,51.945932]},"properties":{"type":"charge","layer":"passenger","locationId":"91230585","name":"50five-S NL 18B09915","address":"Hoofdweg 40","city":"Rotterdam","operatorName":"50five","maxPowerKw":11,"isMegawatt":false,"status":"AVAILABLE","source":"ndw"}},{"type":"Feature","geometry":{"type":"Point","coordinates":[4.539858,51.922671]},"properties":{"type":"charge","layer":"passenger","locationId":"91063690","name":"50five-S NL PD12300016013","address":"Kornelis van Tollaan 17","city":"Rotterdam","operatorName":"50five","maxPowerKw":4,"isMegawatt":false,"status":"CHARGING","source":"ndw"}},{"type":"Feature","geometry":{"type":"Point","coordinates":[4.023294,51.953345]},"properties":{"type":"charge","layer":"passenger","locationId":"47eb26c1-3b8b-423b-b2da-83481512499c","name":"Coloradoweg 10","address":"Coloradoweg 10","city":"Maasvlakte Rotterdam","operatorName":"Vattenfall InCharge","maxPowerKw":22,"isMegawatt":false,"status":"AVAILABLE","source":"ndw","priceKwh":0.33}},{"type":"Feature","geometry":{"type":"Point","coordinates":[4.470322,51.922293]},"properties":{"type":"charge","layer":"passenger","locationId":"4E1AE89B-CB3C-4EDC-943F-A9C554F186A3","name":"Eneco eMobility Gemeente Rotterdam - Openbare garage - Schouwburgplein 2 vh Kruisplein","address":"Kruisplein 1","city":"Rotterdam","operatorName":"Eneco","maxPowerKw":22,"isMegawatt":false,"status":"UNAVAILABLE","source":"ndw","priceKwh":0.25}},{"type":"Feature","geometry":{"type":"Point","coordinates":[4.507554,51.949635]},"properties":{"type":"charge","layer":"passenger","locationId":"91068854","name":"50five-S NL 07004710","address":"Rinus Terlouwstraat 4","city":"Rotterdam","operatorName":"50five","maxPowerKw":11,"isMegawatt":false,"status":"UNAVAILABLE","source":"ndw"}},{"type":"Feature","geometry":{"type":"Point","coordinates":[4.486048,51.958635]},"properties":{"type":"charge","layer":"passenger","locationId":"90346590","name":"Van Leeuwen V.v.E ALEYDA VAN RAEPHORSTLAAN","address":"V.v.E ALEYDA VAN RAEPHORSTLAAN","city":"Rotterdam","operatorName":"Van Leeuwen","maxPowerKw":11,"isMegawatt":false,"status":"AVAILABLE","source":"ndw"}},{"type":"Feature","geometry":{"type":"Point","coordinates":[4.468107,51.872233]},"properties":{"type":"charge","layer":"passenger","locationId":"91106485","name":"50five-S NL 18B04745","address":"Industrieweg 6","city":"Sliedrecht","operatorName":"50five","maxPowerKw":11,"isMegawatt":false,"status":"AVAILABLE","source":"ndw"}},{"type":"Feature","geometry":{"type":"Point","coordinates":[4.455907,51.948407]},"properties":{"type":"charge","layer":"passenger","locationId":"91044591","name":"50five-S NL 17B15166","address":"Lodewijk Rogierhof 15","city":"Rotterdam","operatorName":"50five","maxPowerKw":11,"isMegawatt":false,"status":"AVAILABLE","source":"ndw"}},{"type":"Feature","geometry":{"type":"Point","coordinates":[4.122525,51.954507]},"properties":{"type":"charge","layer":"passenger","locationId":"91179482","name":"50five-S NL Europoort Rotterdam, Elbeweg 125","address":"Elbeweg 125","city":"Europoort Rotterdam","operatorName":"50five","maxPowerKw":11,"isMegawatt":false,"status":"AVAILABLE","source":"ndw"}},{"type":"Feature","geometry":{"type":"Point","coordinates":[4.125311,51.938249]},"properties":{"type":"charge","layer":"passenger","locationId":"D85D9D82-110C-44C1-8013-E44E5E4F847D","name":"Eneco eMobility Van den Bosch Europoort - Rotterdam","address":"Dintelweg 87","city":"Rotterdam","operatorName":"Eneco","maxPowerKw":22,"isMegawatt":false,"status":"UNAVAILABLE","source":"ndw"}},{"type":"Feature","geometry":{"type":"Point","coordinates":[4.429885,51.92721]},"properties":{"type":"charge","layer":"passenger","locationId":"F4CF1145-7309-48D7-9078-AC3823D568B2","name":"Eneco eMobility VSH Giessenweg - Rotterdam","address":"Giessenweg 4","city":"Rotterdam","operatorName":"Eneco","maxPowerKw":22,"isMegawatt":false,"status":"AVAILABLE","source":"ndw","priceKwh":0.33}},{"type":"Feature","geometry":{"type":"Point","coordinates":[4.472091,51.923952]},"properties":{"type":"charge","layer":"passenger","locationId":"OST22P0028_0035_0","name":"OST22P0028_0035_0","address":"Delftse Poort 5","city":"Rotterdam","operatorName":"e-VOLTT","maxPowerKw":30,"isMegawatt":false,"status":"AVAILABLE","source":"ndw","priceKwh":0.26}},{"type":"Feature","geometry":{"type":"Point","coordinates":[4.526097,51.916984]},"properties":{"type":"charge","layer":"passenger","locationId":"6932b1f679898bd6f79900c7","name":"Midden in de parkeergarage","address":"Burgemeester Oudlaan  50","city":"Rotterdam","operatorName":"E-Flux by Road","maxPowerKw":22,"isMegawatt":false,"status":"AVAILABLE","source":"ndw","priceKwh":0.31}},{"type":"Feature","geometry":{"type":"Point","coordinates":[4.457349,51.886983]},"properties":{"type":"charge","layer":"passenger","locationId":"91231342","name":"50five-S NL 19B06563","address":"Waalhaven Oostzijde 79","city":"Rotterdam","operatorName":"50five","maxPowerKw":11,"isMegawatt":false,"status":"AVAILABLE","source":"ndw"}},{"type":"Feature","geometry":{"type":"Point","coordinates":[4.371778,51.872854]},"properties":{"type":"charge","layer":"passenger","locationId":"90711617","name":"Van Leeuwen UPARQ","address":"Leerlooierstraat 147-163","city":"Hoogvliet","operatorName":"Van Leeuwen","maxPowerKw":11,"isMegawatt":false,"status":"AVAILABLE","source":"ndw"}},{"type":"Feature","geometry":{"type":"Point","coordinates":[4.411093,51.946935]},"properties":{"type":"charge","layer":"passenger","locationId":"91179819","name":"50five-S NL Rotterdam, Vareseweg 11","address":"Vareseweg 11","city":"Rotterdam","operatorName":"50five","maxPowerKw":11,"isMegawatt":false,"status":"AVAILABLE","source":"ndw"}},{"type":"Feature","geometry":{"type":"Point","coordinates":[4.379875,51.850802]},"properties":{"type":"charge","layer":"passenger","locationId":"66dffdae26a9ff001cc7c72b","name":"HV ETC via Sportstroom","address":"Botreep 10","city":"Hoogvliet Rotterdam","operatorName":"Pluq","maxPowerKw":22,"isMegawatt":false,"status":"UNAVAILABLE","source":"ndw","priceKwh":0.47}},{"type":"Feature","geometry":{"type":"Point","coordinates":[4.489963,51.951606]},"properties":{"type":"charge","layer":"passenger","locationId":"89334108","name":"Van Leeuwen Straatweg 214 - 226","address":"Straatweg 214 - 226","city":"Hillegersberg","operatorName":"Van Leeuwen","maxPowerKw":22,"isMegawatt":false,"status":"AVAILABLE","source":"ndw"}},{"type":"Feature","geometry":{"type":"Point","coordinates":[4.52174,51.89502]},"properties":{"type":"charge","layer":"passenger","locationId":"27FE94E4-2BBE-48D3-8D2A-E6CB43301A87","name":"Eneco eMobility Soffritti Nederland B.V. - Olympiaweg - Rotterdam","address":"Olympiaweg 40","city":"Rotterdam","operatorName":"Eneco","maxPowerKw":11,"isMegawatt":false,"status":"AVAILABLE","source":"ndw","priceKwh":0.32}},{"type":"Feature","geometry":{"type":"Point","coordinates":[4.092837,51.937499]},"properties":{"type":"charge","layer":"passenger","locationId":"91276153","name":"50five-S NL 19B05652","address":"Dolfijnweg 4","city":"Maasvlakte Rotterdam","operatorName":"50five","maxPowerKw":11,"isMegawatt":false,"status":"AVAILABLE","source":"ndw"}},{"type":"Feature","geometry":{"type":"Point","coordinates":[4.52789,51.89683]},"properties":{"type":"charge","layer":"passenger","locationId":"D61DA9C9-B3A9-4CBA-A91E-3B69D7A622DC","name":"Eneco eMobility Gemeente Rotterdam - Openbare garage - Veranda","address":"Siem Heidenstraat 6","city":"Rotterdam","operatorName":"Eneco","maxPowerKw":22,"isMegawatt":false,"status":"AVAILABLE","source":"ndw","priceKwh":0.31}},{"type":"Feature","geometry":{"type":"Point","coordinates":[4.563255,51.934251]},"properties":{"type":"charge","layer":"passenger","locationId":"6a2bb9e8107d99ad617a4434","name":"Endenburg WS1 teststation","address":"print pieter christiaanstraat 50","city":"rotterdam","operatorName":"E-Flux by Road","maxPowerKw":28,"isMegawatt":false,"status":"UNAVAILABLE","source":"ndw"}},{"type":"Feature","geometry":{"type":"Point","coordinates":[4.470234,51.917408]},"properties":{"type":"charge","layer":"passenger","locationId":"6683cc057bbe04001c0ed31d","name":"Laurens Antonius Binnenweg","address":"Nieuwe Binnenweg 33","city":"Rotterdam","operatorName":"Pluq","maxPowerKw":22,"isMegawatt":false,"status":"AVAILABLE","source":"ndw","priceKwh":0.43}},{"type":"Feature","geometry":{"type":"Point","coordinates":[4.452716,51.869039]},"properties":{"type":"charge","layer":"passenger","locationId":"91232686","name":"50five-S NL 18B12184","address":"Driemanssteeweg 5","city":"Rotterdam","operatorName":"50five","maxPowerKw":11,"isMegawatt":false,"status":"AVAILABLE","source":"ndw"}},{"type":"Feature","geometry":{"type":"Point","coordinates":[4.430213,51.90434]},"properties":{"type":"charge","layer":"passenger","locationId":"91243796","name":"Van Leeuwen Lekstraat 14","address":"Lekstraat 14","city":"Rotterdam","operatorName":"Van Leeuwen","maxPowerKw":11,"isMegawatt":false,"status":"AVAILABLE","source":"ndw"}},{"type":"Feature","geometry":{"type":"Point","coordinates":[4.556381,51.953395]},"properties":{"type":"charge","layer":"passenger","locationId":"18689a95467d42a9a1641479ab826beb","name":"Croonwolter&dros Rotterdam","address":"Marten Meesweg 25","city":"Rotterdam","operatorName":"NRG Mobility","maxPowerKw":11,"isMegawatt":false,"status":"AVAILABLE","source":"ndw","priceKwh":0.53}},{"type":"Feature","geometry":{"type":"Point","coordinates":[4.54438,51.947334]},"properties":{"type":"charge","layer":"passenger","locationId":"987da548786e4d319496","name":"Campanile Hotel Rotterdam-Oost","address":"Koningslaan 2","city":"Rotterdam","operatorName":"Opcharge","maxPowerKw":11,"isMegawatt":false,"status":"AVAILABLE","source":"ndw","priceKwh":0.49}},{"type":"Feature","geometry":{"type":"Point","coordinates":[4.499326,51.929834]},"properties":{"type":"charge","layer":"passenger","locationId":"91057958","name":"50five-S NL 07113630","address":"Sophiakade 60","city":"Rotterdam","operatorName":"50five","maxPowerKw":11,"isMegawatt":false,"status":"AVAILABLE","source":"ndw"}},{"type":"Feature","geometry":{"type":"Point","coordinates":[4.49294,51.91994]},"properties":{"type":"charge","layer":"passenger","locationId":"CB3FDC8B-FFF3-4D0E-9DE8-A8C5D2B05E41","name":"Eneco eMobility Gemeente Rotterdam - Stallingsgarage - Spaanse Kade","address":"Koestraat 79","city":"Rotterdam","operatorName":"Eneco","maxPowerKw":22,"isMegawatt":false,"status":"AVAILABLE","source":"ndw","priceKwh":0.25}},{"type":"Feature","geometry":{"type":"Point","coordinates":[4.55284,51.952768]},"properties":{"type":"charge","layer":"passenger","locationId":"80d5d840-d1df-4527-95b2-eda07d616097","name":"Marten Meesweg 101","address":"Marten Meesweg 101","city":"Rotterdam","operatorName":"Vattenfall InCharge","maxPowerKw":22,"isMegawatt":false,"status":"AVAILABLE","source":"ndw","priceKwh":0.28}},{"type":"Feature","geometry":{"type":"Point","coordinates":[4.49755,51.929651]},"properties":{"type":"charge","layer":"passenger","locationId":"91179853","name":"50five-S NL Rotterdam, Boezemsingel 100","address":"Boezemsingel 100","city":"Rotterdam","operatorName":"50five","maxPowerKw":11,"isMegawatt":false,"status":"AVAILABLE","source":"ndw"}},{"type":"Feature","geometry":{"type":"Point","coordinates":[4.512073,51.96015]},"properties":{"type":"charge","layer":"passenger","locationId":"91275906","name":"50five-S NL 17B26949","address":"Tsjaikofskilaan 2","city":"Rotterdam","operatorName":"50five","maxPowerKw":11,"isMegawatt":false,"status":"AVAILABLE","source":"ndw"}},{"type":"Feature","geometry":{"type":"Point","coordinates":[4.191374,51.914388]},"properties":{"type":"charge","layer":"passenger","locationId":"91276801","name":"50five-S NL 09101678","address":"Moezelweg 128","city":"Europoort Rotterdam","operatorName":"50five","maxPowerKw":22,"isMegawatt":false,"status":"AVAILABLE","source":"ndw"}},{"type":"Feature","geometry":{"type":"Point","coordinates":[4.558374,51.959731]},"properties":{"type":"charge","layer":"passenger","locationId":"66868ab5608468001cc13025","name":"Laurens de Hofstee","address":"President Rooseveltsweg 22","city":"Rotterdam","operatorName":"Pluq","maxPowerKw":22,"isMegawatt":false,"status":"AVAILABLE","source":"ndw","priceKwh":0.43}},{"type":"Feature","geometry":{"type":"Point","coordinates":[4.121268,51.946615]},"properties":{"type":"charge","layer":"passenger","locationId":"NLCPIL6982365","name":"INDAVER EUR EUROPOORT AC1","address":"96 Elbeweg","city":"Europoort Rotterdam","operatorName":"ChargePoint","maxPowerKw":22,"isMegawatt":false,"status":"AVAILABLE","source":"ndw","priceKwh":0.298}},{"type":"Feature","geometry":{"type":"Point","coordinates":[4.37543,51.866612]},"properties":{"type":"charge","layer":"passenger","locationId":"91053301","name":"50five-S NL 03006890","address":"Platte Drogedijk 59","city":"Hoogvliet-Rotterdam","operatorName":"50five","maxPowerKw":4,"isMegawatt":false,"status":"AVAILABLE","source":"ndw"}},{"type":"Feature","geometry":{"type":"Point","coordinates":[4.481265,51.910663]},"properties":{"type":"charge","layer":"passenger","locationId":"91106548","name":"50five-S NL 04002222","address":"Gedempte Zalmhaven 4e","city":"Rotterdam","operatorName":"50five","maxPowerKw":7,"isMegawatt":false,"status":"AVAILABLE","source":"ndw"}},{"type":"Feature","geometry":{"type":"Point","coordinates":[4.543369,51.947212]},"properties":{"type":"charge","layer":"passenger","locationId":"91106463","name":"50five-S NL ICUEVE900132","address":"Hoofdweg 178","city":"Rotterdam","operatorName":"50five","maxPowerKw":14,"isMegawatt":false,"status":"UNAVAILABLE","source":"ndw"}},{"type":"Feature","geometry":{"type":"Point","coordinates":[4.561283,51.935253]},"properties":{"type":"charge","layer":"passenger","locationId":"91107446","name":"50five-S NL ICUCOMPACT001989","address":"Prins Constantijnweg 48","city":"Rotterdam","operatorName":"50five","maxPowerKw":11,"isMegawatt":false,"status":"UNAVAILABLE","source":"ndw"}},{"type":"Feature","geometry":{"type":"Point","coordinates":[4.1255,51.97777]},"properties":{"type":"charge","layer":"passenger","locationId":"207E511E-5B9A-46D1-B577-C36DB7FADD63","name":"Eneco eMobility Torpedoloods - Hoek van Holland","address":"Stationsweg 43","city":"Hoek van Holland","operatorName":"Eneco","maxPowerKw":22,"isMegawatt":false,"status":"AVAILABLE","source":"ndw","priceKwh":0.6}},{"type":"Feature","geometry":{"type":"Point","coordinates":[4.48613,51.91969]},"properties":{"type":"charge","layer":"passenger","locationId":"9587A888-C113-45D3-9D06-B20602F5A7D5","name":"Eneco eMobility Interparking - Markthal","address":"Dominee Jan Scharpstraat 306","city":"Rotterdam","operatorName":"Eneco","maxPowerKw":22,"isMegawatt":false,"status":"UNAVAILABLE","source":"ndw","priceKwh":0.48}},{"type":"Feature","geometry":{"type":"Point","coordinates":[4.538897,51.916815]},"properties":{"type":"charge","layer":"passenger","locationId":"91109416","name":"50five-S NL 09001436","address":"Bahialaan 600","city":"Rotterdam","operatorName":"50five","maxPowerKw":22,"isMegawatt":false,"status":"AVAILABLE","source":"ndw"}},{"type":"Feature","geometry":{"type":"Point","coordinates":[4.481952,51.865665]},"properties":{"type":"charge","layer":"passenger","locationId":"91230731","name":"50five-S NL ICUEVE000596","address":"Charloisse Lagedijk 536","city":"Rotterdam","operatorName":"50five","maxPowerKw":17,"isMegawatt":false,"status":"UNAVAILABLE","source":"ndw"}},{"type":"Feature","geometry":{"type":"Point","coordinates":[4.036867,51.943547]},"properties":{"type":"charge","layer":"passenger","locationId":"89041626","name":"Laadpaal24 Kramer Container Logistics B.V.","address":"Missouriweg 30","city":"Maasvlakte Rotterdam","operatorName":"Laadpaal24","maxPowerKw":22,"isMegawatt":false,"status":"AVAILABLE","source":"ndw"}},{"type":"Feature","geometry":{"type":"Point","coordinates":[4.488595,51.906358]},"properties":{"type":"charge","layer":"passenger","locationId":"91106494","name":"50five-S NL Location","address":"Wilhelminakade 52","city":"Rotterdam","operatorName":"50five","maxPowerKw":11,"isMegawatt":false,"status":"AVAILABLE","source":"ndw"}},{"type":"Feature","geometry":{"type":"Point","coordinates":[4.500438,51.90208]},"properties":{"type":"charge","layer":"passenger","locationId":"613b2c418938adf06d72ee0a","name":"Cronjestraat 52, Rotterdam","address":"Cronjestraat 52","city":"Rotterdam","operatorName":"E-Flux by Road","maxPowerKw":22,"isMegawatt":false,"status":"AVAILABLE","source":"ndw","priceKwh":0.51}},{"type":"Feature","geometry":{"type":"Point","coordinates":[4.491791,51.873271]},"properties":{"type":"charge","layer":"passenger","locationId":"91179852","name":"50five-S NL Rotterdam, Slinge 76","address":"Slinge 76","city":"Rotterdam","operatorName":"50five","maxPowerKw":11,"isMegawatt":false,"status":"AVAILABLE","source":"ndw"}},{"type":"Feature","geometry":{"type":"Point","coordinates":[4.447839,51.94633]},"properties":{"type":"charge","layer":"passenger","locationId":"91008712","name":"Van Leeuwen prive","address":"Linnaeushof 7","city":"Rotterdam","operatorName":"Van Leeuwen","maxPowerKw":22,"isMegawatt":false,"status":"AVAILABLE","source":"ndw"}},{"type":"Feature","geometry":{"type":"Point","coordinates":[4.53287,51.915594]},"properties":{"type":"charge","layer":"passenger","locationId":"86ced7926ce6468bb2e7be75689e9b2a","name":"TMC - TMC Vastgoedbeheer BV - K.P. van der Mandelelaan, Rotterdam","address":" K.P. van der Mandelelaan 90","city":"Rotterdam","operatorName":"Opcharge","maxPowerKw":22,"isMegawatt":false,"status":"AVAILABLE","source":"ndw","priceKwh":0.51}},{"type":"Feature","geometry":{"type":"Point","coordinates":[4.071848,51.972812]},"properties":{"type":"charge","layer":"passenger","locationId":"91108878","name":"50five-S NL 19B01281","address":"Maasvlakteweg 975","city":"Maasvlakte Rotterdam","operatorName":"50five","maxPowerKw":11,"isMegawatt":false,"status":"AVAILABLE","source":"ndw"}},{"type":"Feature","geometry":{"type":"Point","coordinates":[4.546966,51.886712]},"properties":{"type":"charge","layer":"passenger","locationId":"68022994b7c6ac9b0656d4ed","name":"Winkelcentrum Keizerswaard","address":"Keizerswaard  55","city":"Rotterdam","operatorName":"E-Flux by Road","maxPowerKw":22,"isMegawatt":false,"status":"AVAILABLE","source":"ndw","priceKwh":0.48}},{"type":"Feature","geometry":{"type":"Point","coordinates":[4.43236,51.88259]},"properties":{"type":"charge","layer":"passenger","locationId":"5CE1EE11-0253-4DD5-8BE7-90A06322BB65","name":"Eneco eMobility Barge Center Waalhaven B.V.","address":"Waalhaven W.z. 62","city":"Rotterdam","operatorName":"Eneco","maxPowerKw":22,"isMegawatt":false,"status":"AVAILABLE","source":"ndw","priceKwh":0.32}},{"type":"Feature","geometry":{"type":"Point","coordinates":[4.481284,51.909983]},"properties":{"type":"charge","layer":"passenger","locationId":"3964621","name":"Laadnet Parkeergarage Houtlaan","address":"Houtlaan 6","city":"Rotterdam","operatorName":"Laadnet","maxPowerKw":22,"isMegawatt":false,"status":"AVAILABLE","source":"ndw"}},{"type":"Feature","geometry":{"type":"Point","coordinates":[4.11514,51.9923]},"properties":{"type":"charge","layer":"passenger","locationId":"E6E6B39F-6DD1-40F8-AE1A-4B3990627697","name":"Eneco eMobility Gemeente Rotterdam - Openbare garage - HvH Rechtestraat","address":"Rechtestraat 20","city":"Hoek van Holland","operatorName":"Eneco","maxPowerKw":22,"isMegawatt":false,"status":"CHARGING","source":"ndw","priceKwh":0.31}},{"type":"Feature","geometry":{"type":"Point","coordinates":[4.539947,51.921491]},"properties":{"type":"charge","layer":"passenger","locationId":"89969509","name":"Van Leeuwen Maaslloyd","address":"'s-gravenweg 431","city":"Rotterdam","operatorName":"Van Leeuwen","maxPowerKw":22,"isMegawatt":false,"status":"AVAILABLE","source":"ndw"}},{"type":"Feature","geometry":{"type":"Point","coordinates":[4.132211,51.942632]},"properties":{"type":"charge","layer":"passenger","locationId":"62d6c9567b00d753a3faf7ab","name":"P&O Ferries laadpunt 5 & 6","address":"Luxemburgweg 2","city":"Europoort","operatorName":"E-Flux by Road","maxPowerKw":22,"isMegawatt":false,"status":"AVAILABLE","source":"ndw","priceKwh":0.41}},{"type":"Feature","geometry":{"type":"Point","coordinates":[4.071065,51.973564]},"properties":{"type":"charge","layer":"passenger","locationId":"91105519","name":"50five-S NL 19B05852","address":"Maasvlakteweg 975","city":"Maasvlakte Rotterdam","operatorName":"50five","maxPowerKw":11,"isMegawatt":false,"status":"AVAILABLE","source":"ndw"}},{"type":"Feature","geometry":{"type":"Point","coordinates":[4.256998,51.88785]},"properties":{"type":"charge","layer":"passenger","locationId":"91179511","name":"50five-S NL Botlek Rotterdam, Merseyweg 12","address":"Merseyweg 12","city":"Botlek Rotterdam","operatorName":"50five","maxPowerKw":11,"isMegawatt":false,"status":"AVAILABLE","source":"ndw"}},{"type":"Feature","geometry":{"type":"Point","coordinates":[4.55019,51.953]},"properties":{"type":"charge","layer":"passenger","locationId":"A04B3142-4823-4F11-B5BA-7FF9555CD1D9","name":"Eneco eMobility Gemeente Rotterdam - Openbare garage - P&R Alexander","address":"Prins Alexanderlaan 35","city":"Rotterdam","operatorName":"Eneco","maxPowerKw":22,"isMegawatt":false,"status":"AVAILABLE","source":"ndw","priceKwh":0.31}},{"type":"Feature","geometry":{"type":"Point","coordinates":[4.47164,51.90962]},"properties":{"type":"charge","layer":"passenger","locationId":"3F093F82-26F1-4E51-90D1-C0FF410CAC8A","name":"Eneco eMobility Erasmus MC - Westzeedijk 353 - Rotterdam","address":"Westzeedijk 353","city":"Rotterdam","operatorName":"Eneco","maxPowerKw":22,"isMegawatt":false,"status":"AVAILABLE","source":"ndw","priceKwh":0.36}},{"type":"Feature","geometry":{"type":"Point","coordinates":[4.524673,51.894424]},"properties":{"type":"charge","layer":"passenger","locationId":"91105070","name":"50five-S NL 03009455","address":"Van Zandvlietplein 1","city":"Rotterdam","operatorName":"50five","maxPowerKw":11,"isMegawatt":false,"status":"UNAVAILABLE","source":"ndw"}},{"type":"Feature","geometry":{"type":"Point","coordinates":[4.521794,51.897732]},"properties":{"type":"charge","layer":"passenger","locationId":"91108738","name":"50five-S NL 08104342","address":"Jan Pettersonstraat 254","city":"Rotterdam","operatorName":"50five","maxPowerKw":11,"isMegawatt":false,"status":"AVAILABLE","source":"ndw"}},{"type":"Feature","geometry":{"type":"Point","coordinates":[4.545821,51.943235]},"properties":{"type":"charge","layer":"passenger","locationId":"91310151","name":"Van Leeuwen VVE","address":"Koningslaan 90","city":"Rotterdam","operatorName":"Van Leeuwen","maxPowerKw":11,"isMegawatt":false,"status":"AVAILABLE","source":"ndw"}},{"type":"Feature","geometry":{"type":"Point","coordinates":[4.435736,51.927142]},"properties":{"type":"charge","layer":"passenger","locationId":"ECA40615-3B21-4A50-9997-47F4E5061E00","name":"Eneco eMobility Abraham van Stolkweg 74e Rotterdam","address":"Abraham van Stolkweg 74e","city":"Rotterdam","operatorName":"Eneco","maxPowerKw":22,"isMegawatt":false,"status":"UNAVAILABLE","source":"ndw","priceKwh":0.32}},{"type":"Feature","geometry":{"type":"Point","coordinates":[4.226876,51.895126]},"properties":{"type":"charge","layer":"passenger","locationId":"91304138","name":"Van Leeuwen Neckarweg 32","address":"Neckarweg 32","city":"Botlek Rotterdam","operatorName":"Van Leeuwen","maxPowerKw":11,"isMegawatt":false,"status":"AVAILABLE","source":"ndw"}},{"type":"Feature","geometry":{"type":"Point","coordinates":[4.452752,51.86894]},"properties":{"type":"charge","layer":"passenger","locationId":"91230981","name":"50five-S NL 18B12216","address":"Driemanssteeweg 5","city":"Rotterdam","operatorName":"50five","maxPowerKw":11,"isMegawatt":false,"status":"AVAILABLE","source":"ndw"}},{"type":"Feature","geometry":{"type":"Point","coordinates":[4.431424,51.872376]},"properties":{"type":"charge","layer":"passenger","locationId":"91231418","name":"50five-S NL 04001223","address":"Albert Plesmanweg 250","city":"Rotterdam","operatorName":"50five","maxPowerKw":22,"isMegawatt":false,"status":"AVAILABLE","source":"ndw"}},{"type":"Feature","geometry":{"type":"Point","coordinates":[4.157877,51.970935]},"properties":{"type":"charge","layer":"passenger","locationId":"675bd2098bf0675d3cec6ca2","name":"Beyond Chrysant","address":"Dwarshaak  36","city":"Hoek van Holland","operatorName":"E-Flux by Road","maxPowerKw":10,"isMegawatt":false,"status":"AVAILABLE","source":"ndw","priceKwh":0.43}},{"type":"Feature","geometry":{"type":"Point","coordinates":[4.414197,51.942286]},"properties":{"type":"charge","layer":"passenger","locationId":"91110205","name":"50five-S NL 03011219","address":"Innsbruckweg 180","city":"Rotterdam","operatorName":"50five","maxPowerKw":2,"isMegawatt":false,"status":"AVAILABLE","source":"ndw"}},{"type":"Feature","geometry":{"type":"Point","coordinates":[4.41829,51.889571]},"properties":{"type":"charge","layer":"passenger","locationId":"91179571","name":"50five-S NL Rotterdam, Eemhavenweg 14","address":"Eemhavenweg 14","city":"Rotterdam","operatorName":"50five","maxPowerKw":22,"isMegawatt":false,"status":"UNAVAILABLE","source":"ndw"}},{"type":"Feature","geometry":{"type":"Point","coordinates":[4.478151,51.909483]},"properties":{"type":"charge","layer":"passenger","locationId":"89314642","name":"Van Leeuwen Van Vollenhovenstraat 31","address":"Van Vollenhovenstraat 31","city":"Rotterdam","operatorName":"Van Leeuwen","maxPowerKw":22,"isMegawatt":false,"status":"AVAILABLE","source":"ndw"}},{"type":"Feature","geometry":{"type":"Point","coordinates":[4.486145,51.919508]},"properties":{"type":"charge","layer":"passenger","locationId":"nl-7005","name":"Interparking Markthal","address":"Dominee Jan Scharpstraat 306","city":"Rotterdam","operatorName":"Interparking Netherlands","maxPowerKw":11,"isMegawatt":false,"status":"AVAILABLE","source":"ndw"}},{"type":"Feature","geometry":{"type":"Point","coordinates":[4.414322,51.930252]},"properties":{"type":"charge","layer":"passenger","locationId":"89085259","name":"Van Leeuwen Vlaardingweg 62","address":"Vlaardingweg 62","city":"Rotterdam","operatorName":"Van Leeuwen","maxPowerKw":11,"isMegawatt":false,"status":"UNAVAILABLE","source":"ndw"}},{"type":"Feature","geometry":{"type":"Point","coordinates":[4.46954,51.9224]},"properties":{"type":"charge","layer":"passenger","locationId":"5337A735-53C1-4DA7-AB17-8F1EAEF55AA7","name":"Eneco eMobility Weena 732A Rotterdam","address":"Weena 732A","city":"Rotterdam","operatorName":"Eneco","maxPowerKw":30,"isMegawatt":false,"status":"UNAVAILABLE","source":"ndw","priceKwh":0.32}},{"type":"Feature","geometry":{"type":"Point","coordinates":[4.553901,51.876285]},"properties":{"type":"charge","layer":"passenger","locationId":"91179849","name":"50five-S NL Rotterdam, Pietersdijk 60","address":"Pietersdijk 60","city":"Rotterdam","operatorName":"50five","maxPowerKw":22,"isMegawatt":false,"status":"AVAILABLE","source":"ndw"}},{"type":"Feature","geometry":{"type":"Point","coordinates":[4.479839,51.911721]},"properties":{"type":"charge","layer":"passenger","locationId":"9bd687654731acf075cddea8860fb166","name":"Vasteland 42","address":"Vasteland 42","city":"Rotterdam","operatorName":"Vattenfall InCharge","maxPowerKw":22,"isMegawatt":false,"status":"UNAVAILABLE","source":"ndw","priceKwh":0.28}},{"type":"Feature","geometry":{"type":"Point","coordinates":[4.472091,51.923952]},"properties":{"type":"charge","layer":"passenger","locationId":"OST22P0004_0025_0","name":"OST22P0004_0025_0","address":"Delftse Poort 5","city":"Rotterdam","operatorName":"e-VOLTT","maxPowerKw":30,"isMegawatt":false,"status":"AVAILABLE","source":"ndw","priceKwh":0.26}},{"type":"Feature","geometry":{"type":"Point","coordinates":[4.105986,51.95672]},"properties":{"type":"charge","layer":"passenger","locationId":"686fbc395ffe1fc9258fa51e","name":"Alg. Parkeerplaats W17 Lader 31","address":"Markweg 131","city":"Europoort Rotterdam","operatorName":"E-Flux by Road","maxPowerKw":22,"isMegawatt":false,"status":"AVAILABLE","source":"ndw","priceKwh":0.23}},{"type":"Feature","geometry":{"type":"Point","coordinates":[4.409011,51.940063]},"properties":{"type":"charge","layer":"passenger","locationId":"4246353","name":"Laadnet KIlinclar Automaterialen BV","address":"Sevillaweg 55","city":"Rotterdam","operatorName":"Laadnet","maxPowerKw":22,"isMegawatt":false,"status":"AVAILABLE","source":"ndw"}},{"type":"Feature","geometry":{"type":"Point","coordinates":[4.530746,51.92067]},"properties":{"type":"charge","layer":"passenger","locationId":"F5583196-576E-43A6-BD3A-6CC429E0DC89","name":"Eneco eMobility Transdev - Rotterdam - Kralingse Zoom","address":"Kralingse Zoom 52","city":"Rotterdam","operatorName":"Eneco","maxPowerKw":11,"isMegawatt":false,"status":"AVAILABLE","source":"ndw"}},{"type":"Feature","geometry":{"type":"Point","coordinates":[4.53886,51.87429]},"properties":{"type":"charge","layer":"passenger","locationId":"34F03625-E92B-487F-B567-A99E311C2E25","name":"Eneco eMobility Stolwijkstraat 91 Rotterdam","address":"Stolwijkstraat 91","city":"Rotterdam","operatorName":"Eneco","maxPowerKw":22,"isMegawatt":false,"status":"AVAILABLE","source":"ndw","priceKwh":0.32}},{"type":"Feature","geometry":{"type":"Point","coordinates":[4.450114,51.952985]},"properties":{"type":"charge","layer":"passenger","locationId":"3967158","name":"Laadnet Zuiver Group","address":"Fairoaksbaan 204","city":"Rotterdam","operatorName":"Laadnet","maxPowerKw":22,"isMegawatt":false,"status":"AVAILABLE","source":"ndw"}},{"type":"Feature","geometry":{"type":"Point","coordinates":[4.472091,51.923952]},"properties":{"type":"charge","layer":"passenger","locationId":"OST22P0028_0047_0","name":"OST22P0028_0047_0","address":"Delftse Poort 5","city":"Rotterdam","operatorName":"e-VOLTT","maxPowerKw":30,"isMegawatt":false,"status":"AVAILABLE","source":"ndw","priceKwh":0.26}},{"type":"Feature","geometry":{"type":"Point","coordinates":[4.536552,51.880917]},"properties":{"type":"charge","layer":"passenger","locationId":"87710f2e-4b82-4a4f-b11c-8dd2187c5749","name":"EV Hub - Haastrechtstraat 7A, Rotterdam","address":"7A Haastrechtstraat","city":"Rotterdam","operatorName":"TotalEnergies","maxPowerKw":150,"isMegawatt":false,"status":"AVAILABLE","source":"ndw"}},{"type":"Feature","geometry":{"type":"Point","coordinates":[4.529661,51.914781]},"properties":{"type":"charge","layer":"passenger","locationId":"60c9e25a9f684b8232d9ff1a","name":"Novotel Rotterdam Brainpark","address":"K.P. van der Mandelelaan 150","city":"Rotterdam","operatorName":"E-Flux by Road","maxPowerKw":11,"isMegawatt":false,"status":"AVAILABLE","source":"ndw","priceKwh":0.63}},{"type":"Feature","geometry":{"type":"Point","coordinates":[4.44794,51.95156]},"properties":{"type":"charge","layer":"passenger","locationId":"A8EBCE97-8CE0-49C0-B7A4-75632E4553A4","name":"Eneco eMobility Gemeente Rotterdam - Openbare garage - P&R Meijersplein","address":"Fairoaksbaan 300","city":"Rotterdam","operatorName":"Eneco","maxPowerKw":22,"isMegawatt":false,"status":"AVAILABLE","source":"ndw","priceKwh":0.31}},{"type":"Feature","geometry":{"type":"Point","coordinates":[4.521318,51.894428]},"properties":{"type":"charge","layer":"passenger","locationId":"91107254","name":"50five-S NL 03009454","address":"Van Zandvlietplein 1","city":"Rotterdam","operatorName":"50five","maxPowerKw":11,"isMegawatt":false,"status":"UNAVAILABLE","source":"ndw"}},{"type":"Feature","geometry":{"type":"Point","coordinates":[4.264049,51.879919]},"properties":{"type":"charge","layer":"passenger","locationId":"89976245","name":"Van Leeuwen HES Botlek Tank Terminal B.V","address":"montrealweg 151","city":"Rotterdam","operatorName":"Van Leeuwen","maxPowerKw":11,"isMegawatt":false,"status":"AVAILABLE","source":"ndw"}},{"type":"Feature","geometry":{"type":"Point","coordinates":[4.478078,51.909031]},"properties":{"type":"charge","layer":"passenger","locationId":"90233555","name":"Van Leeuwen Westplein 8","address":"Westplein 8","city":"Rotterdam","operatorName":"Van Leeuwen","maxPowerKw":22,"isMegawatt":false,"status":"AVAILABLE","source":"ndw"}},{"type":"Feature","geometry":{"type":"Point","coordinates":[4.454409,51.892164]},"properties":{"type":"charge","layer":"passenger","locationId":"91233194","name":"50five-S NL 08102386","address":"Kesterenstraat 21","city":"Rotterdam","operatorName":"50five","maxPowerKw":11,"isMegawatt":false,"status":"UNAVAILABLE","source":"ndw"}},{"type":"Feature","geometry":{"type":"Point","coordinates":[4.439463,51.949873]},"properties":{"type":"charge","layer":"passenger","locationId":"91179712","name":"50five-S NL Rotterdam, Fornebubaan 25","address":"Fornebubaan 25","city":"Rotterdam","operatorName":"50five","maxPowerKw":11,"isMegawatt":false,"status":"AVAILABLE","source":"ndw"}},{"type":"Feature","geometry":{"type":"Point","coordinates":[4.554486,51.921125]},"properties":{"type":"charge","layer":"passenger","locationId":"90126404","name":"Van Leeuwen prinsenpoort","address":"'s gravenweg 657-663","city":"Rotterdam","operatorName":"Van Leeuwen","maxPowerKw":22,"isMegawatt":false,"status":"AVAILABLE","source":"ndw"}},{"type":"Feature","geometry":{"type":"Point","coordinates":[4.472366,51.924947]},"properties":{"type":"charge","layer":"passenger","locationId":"4521B16B-A260-46D8-91F2-DC3F44D869C9","name":"Eneco eMobility Central Post 1 B.V.","address":"Delftseplein 27 -33","city":"Rotterdam","operatorName":"Eneco","maxPowerKw":11,"isMegawatt":false,"status":"AVAILABLE","source":"ndw","priceKwh":0.49}},{"type":"Feature","geometry":{"type":"Point","coordinates":[4.473163,51.89088]},"properties":{"type":"charge","layer":"passenger","locationId":"91284156","name":"50five-S NL 04002346","address":"Dorpsweg 25","city":"Rotterdam","operatorName":"50five","maxPowerKw":7,"isMegawatt":false,"status":"UNAVAILABLE","source":"ndw"}},{"type":"Feature","geometry":{"type":"Point","coordinates":[4.105986,51.95672]},"properties":{"type":"charge","layer":"passenger","locationId":"68ecbfcc5421d933d4eb1cbe","name":"Busparkeerplaats W01 - Lader 1","address":"Markweg 131","city":"Europoort","operatorName":"E-Flux by Road","maxPowerKw":22,"isMegawatt":false,"status":"AVAILABLE","source":"ndw","priceKwh":0.23}},{"type":"Feature","geometry":{"type":"Point","coordinates":[4.03434,51.96788]},"properties":{"type":"charge","layer":"passenger","locationId":"B9E6FB0A-3FB3-43DC-9346-F1D7FE8787A2","name":"Eneco eMobility Neste Netherlands B.V. - Maasvlakte Rotterdam","address":"Antarticaweg 185","city":"Maasvlakte Rotterdam","operatorName":"Eneco","maxPowerKw":22,"isMegawatt":false,"status":"AVAILABLE","source":"ndw","priceKwh":0.49}},{"type":"Feature","geometry":{"type":"Point","coordinates":[4.105986,51.95672]},"properties":{"type":"charge","layer":"passenger","locationId":"686fbcdbd1bd2bbc29e86e01","name":"Alg. Parkeerplaats W18 Lader 34","address":"Markweg 131","city":"Europoort Rotterdam","operatorName":"E-Flux by Road","maxPowerKw":22,"isMegawatt":false,"status":"AVAILABLE","source":"ndw","priceKwh":0.23}},{"type":"Feature","geometry":{"type":"Point","coordinates":[4.533596,51.928316]},"properties":{"type":"charge","layer":"passenger","locationId":"0FC59C02-A90B-4083-A8D4-C1D4D46D0EC6","name":"Eneco eMobility Stichting Openbare Golfbaan Kralingen (SOGK)","address":"Kralingseweg 200","city":"Rotterdam","operatorName":"Eneco","maxPowerKw":22,"isMegawatt":false,"status":"AVAILABLE","source":"ndw","priceKwh":0.32}},{"type":"Feature","geometry":{"type":"Point","coordinates":[4.456864,51.941759]},"properties":{"type":"charge","layer":"passenger","locationId":"668656e048d452001ca27e41","name":"Laurens Stadzicht","address":"Overschiese Kleiweg 555","city":"Rotterdam","operatorName":"Pluq","maxPowerKw":22,"isMegawatt":false,"status":"AVAILABLE","source":"ndw","priceKwh":0.43}},{"type":"Feature","geometry":{"type":"Point","coordinates":[4.441229,51.877541]},"properties":{"type":"charge","layer":"passenger","locationId":"36A72859-9F84-47A9-9972-DE447CCB6A19","name":"Eneco eMobility Van maasdijkweg 15 Rotterdam","address":"Van Maasdijkweg 15","city":"Rotterdam","operatorName":"Eneco","maxPowerKw":22,"isMegawatt":false,"status":"UNAVAILABLE","source":"ndw","priceKwh":0.32}},{"type":"Feature","geometry":{"type":"Point","coordinates":[4.381546,51.878888]},"properties":{"type":"charge","layer":"passenger","locationId":"91179485","name":"50five-S NL Vondelingenplaat, Butaanweg 215","address":"Butaanweg 215","city":"Vondelingenplaat","operatorName":"50five","maxPowerKw":11,"isMegawatt":false,"status":"AVAILABLE","source":"ndw"}},{"type":"Feature","geometry":{"type":"Point","coordinates":[4.401635,51.942969]},"properties":{"type":"charge","layer":"passenger","locationId":"91179700","name":"50five-S NL Rotterdam, Osakastraat 20","address":"Osakastraat 20","city":"Rotterdam","operatorName":"50five","maxPowerKw":11,"isMegawatt":false,"status":"UNAVAILABLE","source":"ndw"}},{"type":"Feature","geometry":{"type":"Point","coordinates":[4.470013,51.92176]},"properties":{"type":"charge","layer":"passenger","locationId":"91199632","name":"50five-S NL 03006509","address":"Kruisplein 19","city":"Rotterdam","operatorName":"50five","maxPowerKw":22,"isMegawatt":false,"status":"UNAVAILABLE","source":"ndw"}},{"type":"Feature","geometry":{"type":"Point","coordinates":[4.479233,51.925495]},"properties":{"type":"charge","layer":"passenger","locationId":"858d3dce-efc0-4361-9163-f2b36a22d62e","name":"EV Hub - Couwenburg 58, Rotterdam","address":"58 Couwenburg","city":"Rotterdam","operatorName":"TotalEnergies","maxPowerKw":50,"isMegawatt":false,"status":"AVAILABLE","source":"ndw"}},{"type":"Feature","geometry":{"type":"Point","coordinates":[4.487169,51.930522]},"properties":{"type":"charge","layer":"passenger","locationId":"NLCPIL6513165","name":"ROTTERDAM BROUWERSHUYS","address":"Linker Rottekade 292","city":"Rotterdam","operatorName":"ChargePoint","maxPowerKw":22,"isMegawatt":false,"status":"AVAILABLE","source":"ndw","priceKwh":0.27}},{"type":"Feature","geometry":{"type":"Point","coordinates":[4.449748,51.873602]},"properties":{"type":"charge","layer":"passenger","locationId":"3561459","name":"Laadnet Vitesse Vorkheftrucks","address":"Albert Plesmanweg 73","city":"Rotterdam","operatorName":"Laadnet","maxPowerKw":11,"isMegawatt":false,"status":"CHARGING","source":"ndw"}},{"type":"Feature","geometry":{"type":"Point","coordinates":[4.454647,51.881676]},"properties":{"type":"charge","layer":"passenger","locationId":"91180046","name":"50five-S NL Rotterdam, Waalhaven Oostzijde 123","address":"Waalhaven Oostzijde 123","city":"Rotterdam","operatorName":"50five","maxPowerKw":22,"isMegawatt":false,"status":"AVAILABLE","source":"ndw"}},{"type":"Feature","geometry":{"type":"Point","coordinates":[4.507922,51.902734]},"properties":{"type":"charge","layer":"passenger","locationId":"NLENV541","name":"Rotterdam, Machiniststraat 38","address":"Machiniststraat 38","city":"Rotterdam","operatorName":"","maxPowerKw":11,"isMegawatt":false,"status":"AVAILABLE","source":"ndw","priceKwh":0.5}},{"type":"Feature","geometry":{"type":"Point","coordinates":[4.544302,51.94868]},"properties":{"type":"charge","layer":"passenger","locationId":"69c3cb8e8d104df20918f4db","name":"Leona Spoormaker 's station","address":"metaalhof 61","city":"rotterdam","operatorName":"E-Flux by Road","maxPowerKw":22,"isMegawatt":false,"status":"AVAILABLE","source":"ndw","priceKwh":0.68}},{"type":"Feature","geometry":{"type":"Point","coordinates":[4.034963,51.943042]},"properties":{"type":"charge","layer":"passenger","locationId":"91106209","name":"50five-S NL 09140598","address":"Missouriweg 17","city":"Maasvlakte Rotterdam","operatorName":"50five","maxPowerKw":22,"isMegawatt":false,"status":"AVAILABLE","source":"ndw"}},{"type":"Feature","geometry":{"type":"Point","coordinates":[4.438543,51.878914]},"properties":{"type":"charge","layer":"passenger","locationId":"e46a6b0f-54de-4d42-bd85-f8162ce6109e","name":"EV Hub - Waalhaven Zuidzijde 76, Rotterdam","address":"50 Waalhaven Zuidzijde","city":"Rotterdam","operatorName":"TotalEnergies","maxPowerKw":300,"isMegawatt":false,"status":"AVAILABLE","source":"ndw"}},{"type":"Feature","geometry":{"type":"Point","coordinates":[4.49178,51.92168]},"properties":{"type":"charge","layer":"passenger","locationId":"14C9A13B-15C4-451D-AE48-E2CE542FDE1C","name":"Eneco eMobility Gemeente Rotterdam - Openbare garage - Kiphof","address":"Kipstraat 177","city":"Rotterdam","operatorName":"Eneco","maxPowerKw":22,"isMegawatt":false,"status":"AVAILABLE","source":"ndw","priceKwh":0.31}},{"type":"Feature","geometry":{"type":"Point","coordinates":[4.471069,51.894846]},"properties":{"type":"charge","layer":"passenger","locationId":"69f20d08fce66bae7c172f9b","name":"van Leeuwen Recycling Groep","address":"Doklaan 22","city":"Rotterdam","operatorName":"E-Flux by Road","maxPowerKw":11,"isMegawatt":false,"status":"AVAILABLE","source":"ndw","priceKwh":0.38}},{"type":"Feature","geometry":{"type":"Point","coordinates":[4.475255,51.925606]},"properties":{"type":"charge","layer":"passenger","locationId":"4633","name":"Van Leeuwen Laadplein 3x80A Schiestraat","address":"Schiestraat RTD","city":"Rotterdam","operatorName":"Van Leeuwen","maxPowerKw":11,"isMegawatt":false,"status":"UNAVAILABLE","source":"ndw"}},{"type":"Feature","geometry":{"type":"Point","coordinates":[4.452807,51.892576]},"properties":{"type":"charge","layer":"passenger","locationId":"91230270","name":"50five-S NL 04004113","address":"Kesterenstraat 21","city":"Rotterdam","operatorName":"50five","maxPowerKw":7,"isMegawatt":false,"status":"UNAVAILABLE","source":"ndw"}},{"type":"Feature","geometry":{"type":"Point","coordinates":[4.047098,51.965858]},"properties":{"type":"charge","layer":"passenger","locationId":"91231364","name":"50five-S NL 18B13071","address":"Antarcticaweg 199","city":"Maasvlakte Rotterdam","operatorName":"50five","maxPowerKw":11,"isMegawatt":false,"status":"AVAILABLE","source":"ndw"}},{"type":"Feature","geometry":{"type":"Point","coordinates":[4.4679923,51.91147]},"properties":{"type":"charge","layer":"passenger","locationId":"edf4b860-b7fc-4f20-b4ce-a3db44c70ed5","name":"EV Hub - Dr. Molewaterplein 40, Rotterdam","address":"40 Dr. Molewaterplein","city":"Rotterdam","operatorName":"TotalEnergies","maxPowerKw":50,"isMegawatt":false,"status":"AVAILABLE","source":"ndw"}},{"type":"Feature","geometry":{"type":"Point","coordinates":[4.298562,51.884314]},"properties":{"type":"charge","layer":"passenger","locationId":"A9E29C4B-74A2-4E4F-950D-DEBDA2745425","name":"Eneco eMobility Borax Rotterdam N.V. - Welplaatweg 104 - Botlek Rotterdam","address":"Welplaatweg 104","city":"Botlek Rotterdam","operatorName":"Eneco","maxPowerKw":22,"isMegawatt":false,"status":"AVAILABLE","source":"ndw","priceKwh":0.32}},{"type":"Feature","geometry":{"type":"Point","coordinates":[4.0109,51.938278]},"properties":{"type":"charge","layer":"passenger","locationId":"91109369","name":"50five-S NL 18B11244","address":"Malakkastraat 51","city":"Maasvlakte Rotterdam","operatorName":"50five","maxPowerKw":11,"isMegawatt":false,"status":"AVAILABLE","source":"ndw"}},{"type":"Feature","geometry":{"type":"Point","coordinates":[4.454831,51.947902]},"properties":{"type":"charge","layer":"passenger","locationId":"91051270","name":"50five-S NL 17B33203","address":"Annie-Romein Verschoorhof 25","city":"Rotterdam","operatorName":"50five","maxPowerKw":11,"isMegawatt":false,"status":"CHARGING","source":"ndw"}},{"type":"Feature","geometry":{"type":"Point","coordinates":[4.419729,51.889816]},"properties":{"type":"charge","layer":"passenger","locationId":"91243795","name":"Van Leeuwen Eemhavenweg 10 / 14","address":"Eemhavenweg 10 / 14","city":"Rotterdam","operatorName":"Van Leeuwen","maxPowerKw":22,"isMegawatt":false,"status":"AVAILABLE","source":"ndw"}},{"type":"Feature","geometry":{"type":"Point","coordinates":[4.562322,51.953542]},"properties":{"type":"charge","layer":"passenger","locationId":"0a02c2af-06a3-4701-bb5e-147b3f01b54b","name":"Capelseweg 400","address":"Capelseweg 400","city":"Rotterdam","operatorName":"Vattenfall InCharge","maxPowerKw":22,"isMegawatt":false,"status":"AVAILABLE","source":"ndw","priceKwh":0.33}},{"type":"Feature","geometry":{"type":"Point","coordinates":[4.41666,51.970936]},"properties":{"type":"charge","layer":"passenger","locationId":"62ab5175cbf26b2662b075ef","name":"Robert-Jan Van Dijk 's station","address":"Hofweg  163","city":"Rotterdam","operatorName":"E-Flux by Road","maxPowerKw":11,"isMegawatt":false,"status":"AVAILABLE","source":"ndw","priceKwh":0.4224}},{"type":"Feature","geometry":{"type":"Point","coordinates":[4.398173,51.944768]},"properties":{"type":"charge","layer":"passenger","locationId":"87612855","name":"Van Leeuwen Kiotoweg 60","address":"Kiotoweg 60","city":"Rotterdam","operatorName":"Van Leeuwen","maxPowerKw":22,"isMegawatt":false,"status":"AVAILABLE","source":"ndw"}},{"type":"Feature","geometry":{"type":"Point","coordinates":[4.426261,51.881795]},"properties":{"type":"charge","layer":"passenger","locationId":"90158693","name":"Van Leeuwen Frigocare","address":"Den Hamweg 3","city":"Rotterdam","operatorName":"Van Leeuwen","maxPowerKw":22,"isMegawatt":false,"status":"AVAILABLE","source":"ndw"}},{"type":"Feature","geometry":{"type":"Point","coordinates":[4.473372,51.915707]},"properties":{"type":"charge","layer":"passenger","locationId":"122876df-d402-4567-98c2-1ec249b33b7c","name":"Westersingel 70","address":"Westersingel 70","city":"Rotterdam","operatorName":"Vattenfall InCharge","maxPowerKw":22,"isMegawatt":false,"status":"AVAILABLE","source":"ndw","priceKwh":0.3809}},{"type":"Feature","geometry":{"type":"Point","coordinates":[4.358059,51.874467]},"properties":{"type":"charge","layer":"passenger","locationId":"e5620f3087aca84a4fb4d900841c53af","name":"Aveling 9","address":"Aveling 9","city":"Hoogvliet","operatorName":"Vattenfall InCharge","maxPowerKw":50,"isMegawatt":false,"status":"AVAILABLE","source":"ndw","priceKwh":0.46}},{"type":"Feature","geometry":{"type":"Point","coordinates":[4.480791,51.962085]},"properties":{"type":"charge","layer":"passenger","locationId":"91098098","name":"50five-S NL 07003299","address":"Abeelhof 23","city":"Rotterdam","operatorName":"50five","maxPowerKw":11,"isMegawatt":false,"status":"AVAILABLE","source":"ndw"}},{"type":"Feature","geometry":{"type":"Point","coordinates":[4.461083,51.889909]},"properties":{"type":"charge","layer":"passenger","locationId":"91276191","name":"50five-S NL 19B06198","address":"Plompertstraat 48","city":"Rotterdam","operatorName":"50five","maxPowerKw":11,"isMegawatt":false,"status":"AVAILABLE","source":"ndw"}},{"type":"Feature","geometry":{"type":"Point","coordinates":[4.497551,51.923725]},"properties":{"type":"charge","layer":"passenger","locationId":"63ac2e1dbfa666001202e5f1","name":"Oostplein - Jelle 1","address":"Oostplein 410","city":"Rotterdam","operatorName":"E-Flux by Road","maxPowerKw":11,"isMegawatt":false,"status":"AVAILABLE","source":"ndw","priceKwh":0.33}},{"type":"Feature","geometry":{"type":"Point","coordinates":[4.544935,51.945252]},"properties":{"type":"charge","layer":"passenger","locationId":"91108111","name":"50five-S NL 08104378","address":"Van Moorselplaats 1","city":"Rotterdam","operatorName":"50five","maxPowerKw":14,"isMegawatt":false,"status":"AVAILABLE","source":"ndw"}},{"type":"Feature","geometry":{"type":"Point","coordinates":[4.035137,51.943393]},"properties":{"type":"charge","layer":"passenger","locationId":"89422354","name":"Van Leeuwen Missouriweg 25","address":"Missouriweg 25","city":"Maasvlakte RT","operatorName":"Van Leeuwen","maxPowerKw":22,"isMegawatt":false,"status":"AVAILABLE","source":"ndw"}},{"type":"Feature","geometry":{"type":"Point","coordinates":[4.456814,51.886441]},"properties":{"type":"charge","layer":"passenger","locationId":"90247500","name":"50five Exploitatie Aroundtown Waalhaven","address":"Waalhaven Oostzijde 83","city":"Rotterdam","operatorName":"50five","maxPowerKw":11,"isMegawatt":false,"status":"AVAILABLE","source":"ndw"}},{"type":"Feature","geometry":{"type":"Point","coordinates":[4.410491,51.932628]},"properties":{"type":"charge","layer":"passenger","locationId":"1153484","name":"Laadnet Rexel Rotterdam","address":"Keersopstraat 39","city":"Rotterdam","operatorName":"Laadnet","maxPowerKw":22,"isMegawatt":false,"status":"AVAILABLE","source":"ndw"}},{"type":"Feature","geometry":{"type":"Point","coordinates":[4.415501,51.925904]},"properties":{"type":"charge","layer":"passenger","locationId":"fe9c5ec331856d95c14b5fd14112ff22","name":"Thurledeweg 100","address":"Thurledeweg 100","city":"Rotterdam","operatorName":"Vattenfall InCharge","maxPowerKw":50,"isMegawatt":false,"status":"UNAVAILABLE","source":"ndw","priceKwh":0.46}},{"type":"Feature","geometry":{"type":"Point","coordinates":[4.526922,51.901991]},"properties":{"type":"charge","layer":"passenger","locationId":"NLENV741","name":"Rotterdam, Nesserdijk 368 ","address":"Nesserdijk 368","city":"Rotterdam","operatorName":"","maxPowerKw":11,"isMegawatt":false,"status":"AVAILABLE","source":"ndw","priceKwh":0.5}},{"type":"Feature","geometry":{"type":"Point","coordinates":[4.127897,51.937833]},"properties":{"type":"charge","layer":"passenger","locationId":"3deb7372-63f7-4fdc-8cd4-d69b8e041790","name":"Dintelweg 71","address":"Dintelweg 71","city":"Europoort Rotterdam","operatorName":"Vattenfall InCharge","maxPowerKw":22,"isMegawatt":false,"status":"AVAILABLE","source":"ndw","priceKwh":0.38}},{"type":"Feature","geometry":{"type":"Point","coordinates":[4.427398,51.948727]},"properties":{"type":"charge","layer":"freight","locationId":"NLLOC027910","name":"Allego - Rotterdam RTHA Airport A13","address":"Zaventembaan 3","city":"Rotterdam","operatorName":"Allego","maxPowerKw":400,"isMegawatt":false,"status":"AVAILABLE","source":"ndw","priceKwh":0.655,"freightKind":"hpc","freightReason":"power"}},{"type":"Feature","geometry":{"type":"Point","coordinates":[4.021303,51.92872]},"properties":{"type":"charge","layer":"freight","locationId":"2c739593-91f3-4ef2-8345-34195ba70875","name":"EV Hub - Hormuzstraat 50, Rotterdam","address":"50 Hormuzstraat","city":"Rotterdam","operatorName":"TotalEnergies","maxPowerKw":360,"isMegawatt":false,"status":"AVAILABLE","source":"ndw","freightKind":"hpc","freightReason":"power"}},{"type":"Feature","geometry":{"type":"Point","coordinates":[4.533552,51.937503]},"properties":{"type":"charge","layer":"freight","locationId":"38301","name":"Circle K Rotterdam - Prinsenlaan","address":"Prinsenlaan 987","city":"Rotterdam","operatorName":"Spirii","maxPowerKw":400,"isMegawatt":false,"status":"AVAILABLE","source":"ndw","priceKwh":0.65,"freightKind":"hpc","freightReason":"power"}},{"type":"Feature","geometry":{"type":"Point","coordinates":[3.9782233,51.9408683]},"properties":{"type":"charge","layer":"freight","locationId":"330103","name":"WattHub WattHub Rotterdam","address":"Amoerweg 50","city":"Maasvlakte Rotterdam","operatorName":"WattHub","maxPowerKw":400,"isMegawatt":false,"status":"AVAILABLE","source":"ndw","freightKind":"dedicated","freightReason":"operator"}},{"type":"Feature","geometry":{"type":"Point","coordinates":[4.433642,51.875361]},"properties":{"type":"charge","layer":"freight","locationId":"6540e82378801b001c3320d9","name":"Truck parking Waalhaven","address":"Antonie Bodaanweg 99","city":"Rotterdam","operatorName":"VARO Charging","maxPowerKw":396,"isMegawatt":false,"status":"AVAILABLE","source":"ndw","priceKwh":0.61,"freightKind":"dedicated","freightReason":"truck-name"}},{"type":"Feature","geometry":{"type":"Point","coordinates":[4.598273,51.987185]},"properties":{"type":"charge","layer":"freight","locationId":"60ae12da97a2829318678004","name":"Knaap tankstation B.V.","address":"Groeneweg 2 ","city":"Rotterdam","operatorName":"E-Flux by Road","maxPowerKw":350,"isMegawatt":false,"status":"UNAVAILABLE","source":"ndw","freightKind":"hpc","freightReason":"power"}},{"type":"Feature","geometry":{"type":"Point","coordinates":[4.0289,51.9559]},"properties":{"type":"charge","layer":"freight","locationId":"curated:watthub-maasvlakte","name":"WattHub Maasvlakte (Port of Rotterdam)","address":"Maasvlakte, Rotterdam","city":"Maasvlakte Rotterdam","operatorName":"WattHub","maxPowerKw":400,"isMegawatt":false,"status":"UNKNOWN","source":"curated","freightKind":"dedicated","freightReason":"curated"}},{"type":"Feature","geometry":{"type":"MultiPolygon","coordinates":[[[[4.150957676955526,51.98761830798304],[4.148941853769846,51.98509394848453],[4.149954453788796,51.98481037073188],[4.1472804415780855,51.98139314421576],[4.15530309602786,51.97959981135068],[4.155062349222726,51.97783792531251],[4.169605257745227,51.973973177617374],[4.175898038277517,51.97169365678962],[4.1874744707742915,51.96681757979546],[4.186579969107175,51.965868943991794],[4.1879178417593845,51.96539163803086],[4.190608691628652,51.9659814796997],[4.1911960099101995,51.96544470370615],[4.189369355035037,51.9647577165857],[4.186723733902637,51.962675774038324],[4.1923959476320976,51.954805794422654],[4.217823634007065,51.941636519902595],[4.219528688476147,51.94139952601654],[4.212717672623121,51.933727317557384],[4.219932458373851,51.93046800272083],[4.222905221076261,51.928763959426306],[4.229389728605219,51.92330538330131],[4.2321666400016555,51.9207093345952],[4.236464798297042,51.91730319957821],[4.244198114353909,51.913742747500045],[4.2554286968889965,51.91017059153848],[4.266183296979632,51.90590408273476],[4.267571096943434,51.905335091012304],[4.281886198882214,51.90015229690007],[4.296372463455563,51.89705318177993],[4.319447798572033,51.89458958272389],[4.319596548523036,51.89457500783667],[4.330956767004476,51.89410295717117],[4.341070792682472,51.89534237077047],[4.349797321343375,51.89767072243805],[4.360034409806981,51.89943185829966],[4.370622446567901,51.899356021155114],[4.372137192069583,51.89918881979085],[4.380173198920407,51.897925819802516],[4.388343890294203,51.89677964282473],[4.393419770340214,51.89673643065699],[4.399033903597259,51.89741737044238],[4.409712605404865,51.899858400331766],[4.409757230990788,51.89986844350681],[4.41371014994587,51.90075514114323],[4.412338143400168,51.90242162274016],[4.415676777367462,51.90502528061463],[4.413297536106742,51.9072848981633],[4.41344538044862,51.907679283782834],[4.4113460596908975,51.910273217564544],[4.409999103267009,51.909852944634345],[4.409541738999554,51.910417480326046],[4.409075107750439,51.91205019529397],[4.412209789050856,51.91323957825689],[4.412738998901618,51.91391462107325],[4.413506078342703,51.91395312323574],[4.413600954445228,51.9145855853733],[4.415265508063298,51.91448522413279],[4.415696844868991,51.91593857924369],[4.415827084208832,51.91593091968431],[4.416345676798986,51.9175702514168],[4.417076507604396,51.919947941759915],[4.417064121139216,51.92042411558655],[4.417054234669043,51.920824409027304],[4.416861238673236,51.92312204018854],[4.4152347684632245,51.92297076662167],[4.410496059869888,51.92929190542717],[4.40987441530337,51.92911285979285],[4.408172365106112,51.9314145259785],[4.408808394942947,51.934749252787476],[4.4089782907399755,51.93578498666201],[4.409810392856996,51.93633940405627],[4.413262442270366,51.936816026715846],[4.414762109991741,51.9373744638719],[4.416414310352864,51.9381550869824],[4.4177127259399835,51.93847688194744],[4.415491970831979,51.9407588129268],[4.413207097160444,51.93905802337787],[4.409316967507533,51.937981774952725],[4.408517384214492,51.93863687077811],[4.403919945845062,51.93725288981292],[4.3949768327662175,51.94290896042751],[4.394215753332491,51.943999699447104],[4.393447708400334,51.94425972531448],[4.3934780681370045,51.944465284776236],[4.3936686873045145,51.944612873114615],[4.394920437794268,51.94645772338163],[4.395187612751914,51.9469272306542],[4.394351734709163,51.947109854467115],[4.389671689402041,51.94547246893944],[4.389420530629197,51.94566999721006],[4.388933140459938,51.945535233163724],[4.38400105134789,51.954693113159315],[4.379309330057914,51.96340669222389],[4.389779289426364,51.965126477906885],[4.389947288185281,51.964601791247276],[4.391751832251182,51.964921124805116],[4.393563992261816,51.96247172786832],[4.393987366959174,51.96263159638778],[4.402933291367906,51.966316407299715],[4.407910755307138,51.96819869979017],[4.4278982104631135,51.976466563295354],[4.428968223563908,51.97587621573423],[4.446681895291698,51.96278613805183],[4.450882890262062,51.9658850710903],[4.456824314233554,51.967311168390395],[4.460374457309972,51.96910160815828],[4.460161119666948,51.971608933281],[4.462220309459334,51.97268158292063],[4.461346249438219,51.97483737878335],[4.461676100157374,51.97512211652651],[4.46402288679444,51.977147831087635],[4.463240739656886,51.97752667433726],[4.464124351666124,51.978307176441106],[4.465802427947428,51.97892987432272],[4.466679966002739,51.97849848126088],[4.468186400583949,51.979266910007965],[4.469450898354172,51.98018766459077],[4.468874604734634,51.980479897738675],[4.468971359308232,51.9805288376634],[4.469011879880422,51.980549323617126],[4.469515548168262,51.98030081663776],[4.4705578507140205,51.979779732840775],[4.483251493288393,51.97336252035361],[4.491006605935403,51.96954987065089],[4.495233815511048,51.967415194938035],[4.495799403758052,51.9718446866727],[4.496856901138913,51.971306039364784],[4.506584223093227,51.96637596464946],[4.505843915441188,51.96565222697428],[4.512246619296779,51.96242060265057],[4.513103045522934,51.96292188496567],[4.513900472170596,51.962653950251635],[4.518586270279175,51.96028647006856],[4.52094636256311,51.963408122737164],[4.523653514278459,51.96392510838563],[4.527821434375983,51.96565887671899],[4.528759644902462,51.967023821288954],[4.534984830708275,51.96827248016247],[4.53578204233669,51.97044802095682],[4.539951066546351,51.969885317237136],[4.545651593581211,51.97231973094923],[4.547685955789135,51.9728067908713],[4.554215052271037,51.96892084765164],[4.556401464684511,51.9688548177662],[4.556585670354029,51.968466191121514],[4.560547353478197,51.969622309417254],[4.561398598015221,51.97027537939913],[4.5611043923835375,51.970525175656626],[4.5616515952336645,51.97076191211305],[4.561544187371018,51.97085122904825],[4.56115163089867,51.971177660821375],[4.562413418868091,51.971926879132866],[4.5628972172469675,51.971520927213575],[4.5633674150372565,51.97172808279989],[4.565382040304271,51.97127584182231],[4.566935719669344,51.97118996632183],[4.570275338820312,51.97202424652379],[4.571378626489054,51.9719193282629],[4.5719085942935775,51.971868926254785],[4.5743629675704325,51.97287636558222],[4.574112004261246,51.973086681405604],[4.578543604525007,51.97553555883944],[4.578999444492454,51.975787360928244],[4.578524092499543,51.97618817786044],[4.577920817007344,51.97585459724562],[4.577446553050393,51.976249394949335],[4.574303524390901,51.97450963778551],[4.5735290438492795,51.974576283131555],[4.570229498425147,51.979030288162654],[4.5789180551672235,51.981134395732134],[4.577311741293358,51.98640505379424],[4.579686662434541,51.987267381948456],[4.578727157481878,51.98854876687337],[4.57973585175866,51.988836676142135],[4.578942380788462,51.98986088808611],[4.5943669505181655,51.9942818111076],[4.598772513822498,51.98796882820787],[4.59412785766547,51.97762961507302],[4.594428136635174,51.97711778545544],[4.593840357722549,51.976777483186154],[4.5937402193525205,51.97608875701741],[4.594181179408541,51.97544052622175],[4.601807909261606,51.97214023658767],[4.590690310842732,51.968231956220535],[4.590021656657495,51.96858107591623],[4.583992173733809,51.96536906246077],[4.583805467052546,51.965491875701034],[4.580385269008731,51.96375889690232],[4.575149158497221,51.961267245631376],[4.570507908885062,51.95910000254446],[4.567890870392046,51.958186844650065],[4.566795266847424,51.957881837054714],[4.56436696433355,51.9599246292531],[4.562052955744627,51.95887463695008],[4.562898976741365,51.95686468119938],[4.561587367528348,51.95665400054466],[4.562405514699174,51.95472430335451],[4.564063400526317,51.95080889300315],[4.564604184490438,51.950349531715894],[4.567437291852003,51.947957797466806],[4.572779732121522,51.94345607806526],[4.570499436248967,51.94242660811489],[4.567594249719391,51.94198188498924],[4.560594559694458,51.940910072863346],[4.562646758559009,51.93606476077827],[4.562724421876055,51.935881361639986],[4.5642130298938035,51.93236576662483],[4.564387289253417,51.931954171239646],[4.565288460699115,51.92982569474984],[4.564702604563573,51.92954708558667],[4.565152985603959,51.92917888396833],[4.565155256024838,51.92891425217476],[4.566239140859462,51.92590872504761],[4.565995783637946,51.92573737121707],[4.565688711526341,51.925550925775354],[4.565777576495247,51.92506426928253],[4.564551615906645,51.9236325231383],[4.563185779542306,51.92282387528321],[4.5614528111651325,51.92217309006135],[4.561524287383445,51.92187443034491],[4.560885991853431,51.92166271611248],[4.55772800927976,51.92036252378943],[4.556910085187012,51.919913809493515],[4.556327652477916,51.92031632785175],[4.5520792303548205,51.91944956852241],[4.5451615382669335,51.91929140728759],[4.537549817823661,51.91977841057026],[4.537851855994515,51.91931730425293],[4.540522903788623,51.91524186513607],[4.538222390706814,51.91534417915082],[4.538231348935153,51.914910898481104],[4.537439174907209,51.91468226819836],[4.537185622439363,51.91403629698316],[4.538332655940638,51.91189782497141],[4.539220279561129,51.911692316002316],[4.540084933979947,51.90909967188454],[4.541677368602695,51.90685230175625],[4.542136350966031,51.90620453312675],[4.543388850459089,51.90622003236791],[4.546133826113076,51.90657786402245],[4.547233280163702,51.90694640943742],[4.54863958301776,51.91040149150275],[4.550101344001827,51.91437801477408],[4.5503361134864155,51.91486182268132],[4.553996252230622,51.91661772033092],[4.554256700382942,51.91650496778864],[4.554025332865342,51.91477946836856],[4.556496299922063,51.91480303681306],[4.556716866159795,51.9121157537981],[4.556828767615017,51.910385590218226],[4.555552811044914,51.910541140691706],[4.552839550144224,51.910124805083946],[4.551218033688874,51.90961321905438],[4.551051007349476,51.90963786545922],[4.550940069305371,51.909319452534234],[4.5511714431664485,51.90902712201555],[4.550640869598624,51.90883238533548],[4.549901701739876,51.90672841055461],[4.549238886915969,51.90488205091534],[4.555088042460745,51.90564634509613],[4.569463546800038,51.904350720189925],[4.576329070816476,51.9030314707402],[4.575906239773087,51.901252410371875],[4.5760961747552065,51.899373594470454],[4.575600064005112,51.89805735111436],[4.575408182480495,51.898082462419154],[4.573468201219835,51.89208481480341],[4.5734642577845275,51.89163892996514],[4.573149323949542,51.89121994391107],[4.568906693901433,51.87832499766098],[4.569146789394308,51.87818017782455],[4.568912379701203,51.878051859887606],[4.567738010498152,51.878176818735625],[4.561526226734709,51.878218471331394],[4.557846234846103,51.876919173311556],[4.5548732088810295,51.875559797030284],[4.5519127125222525,51.87469059571572],[4.549253854319848,51.87420081549343],[4.549383690218569,51.87402715325783],[4.548185400514791,51.87383543388738],[4.544943372753044,51.87230741920229],[4.544250558810878,51.872302406500616],[4.543985283533942,51.871855819747985],[4.543398539338169,51.87131213502761],[4.542971457681047,51.87112959005634],[4.5426340892742845,51.870844929067566],[4.539972097306818,51.87017861712247],[4.536397375627449,51.869764154862914],[4.535295887881331,51.86933888590937],[4.532027100968698,51.86877671717868],[4.529504315002738,51.868948508065834],[4.5268493871144155,51.86941483193591],[4.526018934526788,51.8697306068964],[4.522631461432485,51.86907809499138],[4.5152398511650755,51.86903670768492],[4.5152341919722,51.869036663900275],[4.496455816034264,51.868971071896716],[4.494390103356012,51.868969094201],[4.488752994394925,51.86734836838525],[4.487175459508406,51.86717171137514],[4.485694289239074,51.866570742675066],[4.483543632717466,51.86590571538895],[4.48170343190722,51.86543725317525],[4.481525891360629,51.865432733483914],[4.480728562078657,51.865266589327284],[4.480088146324387,51.86527615634976],[4.480402877826251,51.86232777487347],[4.471863023710292,51.861667484203686],[4.465228771301056,51.862018765870864],[4.4464755419816635,51.8660513002887],[4.442149621358669,51.86624572293058],[4.440240907671347,51.866418682778146],[4.440240820714953,51.8664187441008],[4.43653024911645,51.86857398965214],[4.431736403943946,51.869809019846194],[4.430227699322998,51.869409715027786],[4.428368757075707,51.87037858470979],[4.417618783468626,51.872421579716594],[4.415823717144162,51.87243681072621],[4.415001356021755,51.87173679287073],[4.414629564703092,51.87189265759501],[4.413698947174671,51.87174358148356],[4.4115010056376915,51.87163320585409],[4.406300477736456,51.87299164731214],[4.3948461498413325,51.872333285361876],[4.39043161162364,51.87058025937782],[4.388355574295756,51.86862552149607],[4.388021653721523,51.86824758484012],[4.38636869170276,51.8663815787862],[4.384436695779836,51.86156219340349],[4.384350061218708,51.8612452210525],[4.384347968593073,51.86123755986692],[4.38434795812252,51.861237508540405],[4.383512577118636,51.857370316016386],[4.385022018536533,51.85553233354585],[4.385162370551407,51.853759745255246],[4.384909494056511,51.85359939075834],[4.385067497431189,51.85343203284687],[4.383228823482142,51.85240267244402],[4.383664756537604,51.84211868651875],[4.372089234946692,51.84334862395596],[4.360779080813316,51.84646010888396],[4.3536304074429415,51.84905351434719],[4.346272081380048,51.85328949029814],[4.341555376186319,51.85709770020571],[4.339718996223002,51.85938411565684],[4.339652117795998,51.85946123143465],[4.335539839751615,51.8643023920246],[4.283792610542193,51.86447668232582],[4.26503150663831,51.86476750418421],[4.259758798267438,51.86580353654354],[4.2525781807535,51.8682597238343],[4.239383602268581,51.872986004523504],[4.232970058491162,51.877485852969606],[4.230029934378293,51.88306315568704],[4.228998735905147,51.88568461548895],[4.220067401029973,51.89606689350587],[4.2159077303534875,51.89893764114558],[4.210704854127058,51.90133859042909],[4.197099404072779,51.908301252358775],[4.185371023579461,51.91288540584726],[4.176772805522701,51.917789207863045],[4.172712463692245,51.91854998861539],[4.172385530706868,51.91858589724151],[4.168186979014168,51.91905693084868],[4.16701831921306,51.92312539405886],[4.162668605804334,51.926651853960266],[4.14488966175697,51.93140938281815],[4.113055442879266,51.93574061687386],[4.112674698482062,51.934798391511],[4.1077235329382455,51.936141504017655],[4.101719378457818,51.927009233463785],[4.102002474265346,51.92353047109952],[4.102002273998901,51.92353035654528],[4.092893508171925,51.93252783238537],[4.082837053617314,51.933671278897144],[4.073715745571577,51.93362831236511],[4.063934700293944,51.93222689715077],[3.993526819341125,51.91584767472211],[3.9899894587036235,51.9173486487554],[3.986750079202053,51.91612270940058],[3.9852200747671445,51.91624740855677],[3.9837930493849742,51.91809495670759],[3.976073905279786,51.934319746232234],[3.9634989625491404,51.95419747878428],[3.9623853120026715,51.96154169849675],[3.964819932136013,51.96688042138383],[3.977264518325313,51.98056861905568],[3.9807471748138106,51.983586324565444],[3.9840737728286113,51.98514230564762],[3.996620147708869,51.98800161702339],[4.0040939715542025,51.98903675747916],[4.010625274410919,51.98855464361284],[4.023863601747958,51.985767244200666],[4.028522487263624,51.98709120198034],[4.0327274018300265,51.98749615423241],[4.0416843410546335,51.985970010282756],[4.045600864940794,51.99191716351313],[4.047147007082527,51.99433604244015],[4.048175863137202,51.99424621495617],[4.09333573618935,51.98497927618851],[4.097016350710343,51.9850480422803],[4.110138618476958,51.99200295327615],[4.125302484457527,52.001640378514075],[4.132516857790569,51.998542589734804],[4.130986880740353,51.997179135856825],[4.132362913989746,51.9954598556183],[4.1355667735810835,51.99270276270853],[4.138613058926636,51.99164706945215],[4.150957676955526,51.98761830798304]]]]},"properties":{"type":"boundary","gemeente":"Rotterdam","code":"GM0599"}}]}