{"type":"FeatureCollection","metadata":{"gemeente":"Velsen","slug":"velsen","code":"GM0453","generated_at":"2026-08-08T12:05:52.020Z","total_passenger":259,"total_freight":0,"bounds":[4.532077500880031,52.410831165067826,4.7219825305461445,52.48932048382547],"operators":["50five","E-Flux by Road","Eneco","Kia Nederland B.V.","Laadnet","Opcharge","Spirii","Tango electric","TotalEnergies","Ubitricity","Vattenfall InCharge"]},"features":[{"type":"Feature","geometry":{"type":"Point","coordinates":[4.59989,52.45654]},"properties":{"type":"charge","layer":"passenger","locationId":"72E3DBA9-9490-4668-AC04-B3867CA3550F","name":"PP004275 - Linnaeusstraat 71, IJmuiden","address":"71 Linnaeusstraat","city":"IJmuiden","operatorName":"TotalEnergies","maxPowerKw":13,"isMegawatt":false,"status":"AVAILABLE","source":"ndw"}},{"type":"Feature","geometry":{"type":"Point","coordinates":[4.66448,52.43134]},"properties":{"type":"charge","layer":"passenger","locationId":"B0B842EE-832C-493A-9B2E-81DAFD516D2A","name":"TNLP003581 - Sri lanka Bastion 15, Velserbroek","address":"15 Sri lanka Bastion","city":"Velserbroek","operatorName":"TotalEnergies","maxPowerKw":17,"isMegawatt":false,"status":"AVAILABLE","source":"ndw"}},{"type":"Feature","geometry":{"type":"Point","coordinates":[4.641396,52.472324]},"properties":{"type":"charge","layer":"passenger","locationId":"9A11DC57-6E11-4A74-BCAA-FB53DDFEE48B","name":"TNLP015434 - Stratingplantsoen 11, Velsen-Noord","address":"11 Stratingplantsoen","city":"Velsen-Noord","operatorName":"TotalEnergies","maxPowerKw":17,"isMegawatt":false,"status":"AVAILABLE","source":"ndw"}},{"type":"Feature","geometry":{"type":"Point","coordinates":[4.605985,52.453262]},"properties":{"type":"charge","layer":"passenger","locationId":"20A8F582-7781-4A5E-80A4-9D7B967F5019","name":"TNLP015031 - Dolfijnstraat 59, Ijmuiden","address":"59 Dolfijnstraat","city":"Ijmuiden","operatorName":"TotalEnergies","maxPowerKw":13,"isMegawatt":false,"status":"AVAILABLE","source":"ndw"}},{"type":"Feature","geometry":{"type":"Point","coordinates":[4.609842,52.460693]},"properties":{"type":"charge","layer":"passenger","locationId":"8c320d70-fd85-4a11-ad60-44889021f2b4","name":"TNLP006332 - J.P. Coenstraat 131, IJmuiden","address":"131 J.P. Coenstraat","city":"IJmuiden","operatorName":"TotalEnergies","maxPowerKw":13,"isMegawatt":false,"status":"AVAILABLE","source":"ndw"}},{"type":"Feature","geometry":{"type":"Point","coordinates":[4.64682,52.43546]},"properties":{"type":"charge","layer":"passenger","locationId":"E93EA85A-0C43-427E-8E11-FB2489AF1D4C","name":"TNLP006441 - Overbildtweg 2, Santpoort-Noord","address":"2 Overbildtweg","city":"Santpoort-Noord","operatorName":"TotalEnergies","maxPowerKw":13,"isMegawatt":false,"status":"UNAVAILABLE","source":"ndw"}},{"type":"Feature","geometry":{"type":"Point","coordinates":[4.594869,52.45197]},"properties":{"type":"charge","layer":"passenger","locationId":"56F0EE4E-53C7-4418-BF74-4CE7ED750AA3","name":"TNLP009019 - Siriusstraat 16, IJmuiden","address":"16 Siriusstraat","city":"IJmuiden","operatorName":"TotalEnergies","maxPowerKw":15,"isMegawatt":false,"status":"AVAILABLE","source":"ndw"}},{"type":"Feature","geometry":{"type":"Point","coordinates":[4.636708,52.466459]},"properties":{"type":"charge","layer":"passenger","locationId":"91109298","name":"50five-S NL 08002606","address":"Eendrachtsstraat 30","city":"Velsen-Noord","operatorName":"50five","maxPowerKw":22,"isMegawatt":false,"status":"AVAILABLE","source":"ndw"}},{"type":"Feature","geometry":{"type":"Point","coordinates":[4.599791,52.458717]},"properties":{"type":"charge","layer":"passenger","locationId":"99A7429B-8C89-418D-A8B7-71F75DE651C6","name":"PP005518 - Marconistraat 6, IJmuiden","address":"6 Marconistraat","city":"IJmuiden","operatorName":"TotalEnergies","maxPowerKw":13,"isMegawatt":false,"status":"CHARGING","source":"ndw"}},{"type":"Feature","geometry":{"type":"Point","coordinates":[4.636389,52.430054]},"properties":{"type":"charge","layer":"passenger","locationId":"C55A9B20-6216-4CD0-8216-ED9A36954504","name":"TNLP009667 - Terrasweg 91, Santpoort-Noord","address":"91 Terrasweg","city":"Santpoort-Noord","operatorName":"TotalEnergies","maxPowerKw":15,"isMegawatt":false,"status":"AVAILABLE","source":"ndw"}},{"type":"Feature","geometry":{"type":"Point","coordinates":[4.605197,52.459953]},"properties":{"type":"charge","layer":"passenger","locationId":"FB01265B-A897-4662-9365-D7A8ED991998","name":"TNLP006845 - Grahamstraat 14, IJmuiden","address":"14 Grahamstraat","city":"IJmuiden","operatorName":"TotalEnergies","maxPowerKw":13,"isMegawatt":false,"status":"AVAILABLE","source":"ndw"}},{"type":"Feature","geometry":{"type":"Point","coordinates":[4.660359,52.436623]},"properties":{"type":"charge","layer":"passenger","locationId":"4E8E8E42-607C-441C-B625-365EFBEA0217","name":"TNLP007035 - Schapenland 19, Velserbroek","address":"19 Schapenland","city":"Velserbroek","operatorName":"TotalEnergies","maxPowerKw":13,"isMegawatt":false,"status":"AVAILABLE","source":"ndw"}},{"type":"Feature","geometry":{"type":"Point","coordinates":[4.63072,52.41606]},"properties":{"type":"charge","layer":"passenger","locationId":"75C0E4E1-8BC2-469F-8BC2-F81B99C95866","name":"PP005068 - Van Dalenlaan 71, Santpoort-Zuid","address":"71 Van Dalenlaan","city":"Santpoort-Zuid","operatorName":"TotalEnergies","maxPowerKw":13,"isMegawatt":false,"status":"AVAILABLE","source":"ndw"}},{"type":"Feature","geometry":{"type":"Point","coordinates":[4.646993,52.469234]},"properties":{"type":"charge","layer":"passenger","locationId":"96BF25A4-9E13-476B-9BD4-C7F4D8509277","name":"TNLP009207 - Heirweg 15, Velsen-noord","address":"15 Heirweg","city":"Velsen-noord","operatorName":"TotalEnergies","maxPowerKw":15,"isMegawatt":false,"status":"AVAILABLE","source":"ndw"}},{"type":"Feature","geometry":{"type":"Point","coordinates":[4.640963,52.433]},"properties":{"type":"charge","layer":"passenger","locationId":"E12ABDEC-6E12-487A-AA7C-A9DB43AB651C","name":"TNLP006427 - Burgemeester Weertsplantsoen 12, Santpoort-Noord","address":"12 Burgemeester Weertsplantsoen","city":"Santpoort-Noord","operatorName":"TotalEnergies","maxPowerKw":13,"isMegawatt":false,"status":"AVAILABLE","source":"ndw"}},{"type":"Feature","geometry":{"type":"Point","coordinates":[4.583946,52.44773]},"properties":{"type":"charge","layer":"passenger","locationId":"7E140C9D-DDE6-420A-8864-F96E8AC82879","name":"TNLP015444 - Snippenbos 37, IJmuiden","address":"37 Snippenbos","city":"IJmuiden","operatorName":"TotalEnergies","maxPowerKw":17,"isMegawatt":false,"status":"AVAILABLE","source":"ndw"}},{"type":"Feature","geometry":{"type":"Point","coordinates":[4.650659,52.430866]},"properties":{"type":"charge","layer":"passenger","locationId":"12E514E2-822B-4652-9AD9-C993F21D72CC","name":"TNLP009277 - Waterscheerling 19, Velserbroek","address":"19 Waterscheerling","city":"Velserbroek","operatorName":"TotalEnergies","maxPowerKw":13,"isMegawatt":false,"status":"AVAILABLE","source":"ndw"}},{"type":"Feature","geometry":{"type":"Point","coordinates":[4.625273,52.45885]},"properties":{"type":"charge","layer":"passenger","locationId":"adc6fecc-eae1-4fec-8799-47f70062012f","name":"PP005117 - Fidelishof 1, IJmuiden","address":"1 Fidelishof","city":"IJmuiden","operatorName":"TotalEnergies","maxPowerKw":15,"isMegawatt":false,"status":"AVAILABLE","source":"ndw"}},{"type":"Feature","geometry":{"type":"Point","coordinates":[4.614383,52.46288]},"properties":{"type":"charge","layer":"passenger","locationId":"796854A0-F902-4AAB-848B-AA8E046D3ADE","name":"TNLP009420 - Ijmuiderstraatweg 117, IJmuiden","address":"117 Ijmuiderstraatweg","city":"IJmuiden","operatorName":"TotalEnergies","maxPowerKw":13,"isMegawatt":false,"status":"CHARGING","source":"ndw"}},{"type":"Feature","geometry":{"type":"Point","coordinates":[4.619525,52.46218]},"properties":{"type":"charge","layer":"passenger","locationId":"84F11F91-A19B-43B5-9288-E951A94D7336","name":"TNLP008219 - Casembrootstraat 23, IJmuiden","address":"23 Casembrootstraat","city":"IJmuiden","operatorName":"TotalEnergies","maxPowerKw":13,"isMegawatt":false,"status":"AVAILABLE","source":"ndw"}},{"type":"Feature","geometry":{"type":"Point","coordinates":[4.63414,52.45513]},"properties":{"type":"charge","layer":"passenger","locationId":"D894CC95-D87D-434E-A5E1-4A0CB133D037","name":"Eneco eMobility Minister van Houtenlaan 123 Velsen-Zuid","address":"Minister van Houtenlaan 123","city":"Velsen-Zuid","operatorName":"Eneco","maxPowerKw":100,"isMegawatt":false,"status":"AVAILABLE","source":"ndw","priceKwh":0.45}},{"type":"Feature","geometry":{"type":"Point","coordinates":[4.588055,52.459683]},"properties":{"type":"charge","layer":"passenger","locationId":"91013891","name":"50five-S NL 52464.0","address":"Trawlerkade 33","city":"IJmuiden","operatorName":"50five","maxPowerKw":22,"isMegawatt":false,"status":"UNAVAILABLE","source":"ndw"}},{"type":"Feature","geometry":{"type":"Point","coordinates":[4.65647,52.437057]},"properties":{"type":"charge","layer":"passenger","locationId":"E85CF472-A033-472C-82DB-6A7F86BF8528","name":"TNLP009648 - Kromme Driemaad 5, Velserbroek","address":"5 Kromme Driemaad","city":"Velserbroek","operatorName":"TotalEnergies","maxPowerKw":13,"isMegawatt":false,"status":"CHARGING","source":"ndw"}},{"type":"Feature","geometry":{"type":"Point","coordinates":[4.66684,52.43022]},"properties":{"type":"charge","layer":"passenger","locationId":"546","name":"Shell Recharge NL Vromaadweg 151","address":"Vromaadweg 151","city":"Velserbroek","operatorName":"Ubitricity","maxPowerKw":11,"isMegawatt":false,"status":"AVAILABLE","source":"ndw","priceKwh":0.392}},{"type":"Feature","geometry":{"type":"Point","coordinates":[4.610439,52.45732]},"properties":{"type":"charge","layer":"passenger","locationId":"573ebec0-17fc-4546-89ec-39975afbb315","name":"TNLP009364 - Lange Nieuwstraat 155, IJmuiden","address":"155 Lange Nieuwstraat","city":"IJmuiden","operatorName":"TotalEnergies","maxPowerKw":13,"isMegawatt":false,"status":"AVAILABLE","source":"ndw"}},{"type":"Feature","geometry":{"type":"Point","coordinates":[4.5932492,52.4613019]},"properties":{"type":"charge","layer":"passenger","locationId":"1174","name":"Shell Recharge NL Adrianastraat 144","address":"Adrianastraat 144","city":"IJmuiden","operatorName":"Ubitricity","maxPowerKw":22,"isMegawatt":false,"status":"CHARGING","source":"ndw","priceKwh":0.267}},{"type":"Feature","geometry":{"type":"Point","coordinates":[4.564046,52.45749]},"properties":{"type":"charge","layer":"passenger","locationId":"62719851-F61D-46F4-8DFB-47555C6FF801","name":"Eneco eMobility Ecowende - IJmuiden","address":"Enkhuizenstraat 5","city":"IJmuiden","operatorName":"Eneco","maxPowerKw":22,"isMegawatt":false,"status":"AVAILABLE","source":"ndw","priceKwh":0.5}},{"type":"Feature","geometry":{"type":"Point","coordinates":[4.64536,52.43864]},"properties":{"type":"charge","layer":"passenger","locationId":"436","name":"Shell Recharge NL Santpoortse Dreef 130","address":"Santpoortse Dreef 130","city":"Santpoort-Noord","operatorName":"Ubitricity","maxPowerKw":11,"isMegawatt":false,"status":"AVAILABLE","source":"ndw","priceKwh":0.392}},{"type":"Feature","geometry":{"type":"Point","coordinates":[4.639877,52.47637]},"properties":{"type":"charge","layer":"passenger","locationId":"f41a1bd2-50ff-4679-a4a7-28d0c6c11a49","name":"Tango Velsen Noord 1-2","address":"Wenckebachstraat 146","city":"Velsen-Noord","operatorName":"Tango electric","maxPowerKw":300,"isMegawatt":false,"status":"AVAILABLE","source":"ndw","priceKwh":0.6}},{"type":"Feature","geometry":{"type":"Point","coordinates":[4.591525,52.461617]},"properties":{"type":"charge","layer":"passenger","locationId":"9314EC8D-275A-480D-855E-D3A9EA4B2056","name":"TNLP007448 - Duinstraat 8, IJmuiden","address":"8 Duinstraat","city":"IJmuiden","operatorName":"TotalEnergies","maxPowerKw":13,"isMegawatt":false,"status":"CHARGING","source":"ndw"}},{"type":"Feature","geometry":{"type":"Point","coordinates":[4.6577,52.44008]},"properties":{"type":"charge","layer":"passenger","locationId":"1480","name":"Shell Recharge NL De Kamp 42","address":"De Kamp 42","city":"Velsen","operatorName":"Ubitricity","maxPowerKw":11,"isMegawatt":false,"status":"AVAILABLE","source":"ndw","priceKwh":0.392}},{"type":"Feature","geometry":{"type":"Point","coordinates":[4.57311,52.46955]},"properties":{"type":"charge","layer":"passenger","locationId":"231BC6BE-A4E5-4AC8-B7F4-E0E6BF01A8EA","name":"TNLP009796, TNLP006672 - Reyndersweg 119, Velsen-Noord","address":"119 Reyndersweg","city":"Velsen-Noord","operatorName":"TotalEnergies","maxPowerKw":15,"isMegawatt":false,"status":"CHARGING","source":"ndw"}},{"type":"Feature","geometry":{"type":"Point","coordinates":[4.65572,52.43501]},"properties":{"type":"charge","layer":"passenger","locationId":"122","name":"Shell Recharge NL Pijlkruid 9","address":"Pijlkruid 9","city":"Velserbroek","operatorName":"Ubitricity","maxPowerKw":11,"isMegawatt":false,"status":"AVAILABLE","source":"ndw","priceKwh":0.392}},{"type":"Feature","geometry":{"type":"Point","coordinates":[4.6109928,52.4599388]},"properties":{"type":"charge","layer":"passenger","locationId":"976","name":"Shell Recharge NL Kennemerlaan 162","address":"Kennemerlaan 162","city":"IJmuiden","operatorName":"Ubitricity","maxPowerKw":22,"isMegawatt":false,"status":"AVAILABLE","source":"ndw","priceKwh":0.267}},{"type":"Feature","geometry":{"type":"Point","coordinates":[4.670128,52.42998]},"properties":{"type":"charge","layer":"passenger","locationId":"F8DF4BE8-58AD-4B48-96B1-7E24D424C7C8","name":"TNLP009367 - L. Zocherplantsoen 51, Velserbroek","address":"51 L. Zocherplantsoen","city":"Velserbroek","operatorName":"TotalEnergies","maxPowerKw":13,"isMegawatt":false,"status":"AVAILABLE","source":"ndw"}},{"type":"Feature","geometry":{"type":"Point","coordinates":[4.61445,52.46179]},"properties":{"type":"charge","layer":"passenger","locationId":"536","name":"Shell Recharge NL C. van der Doesstraat 40","address":"C. van der Doesstraat 40","city":"IJmuiden","operatorName":"Ubitricity","maxPowerKw":11,"isMegawatt":false,"status":"AVAILABLE","source":"ndw","priceKwh":0.392}},{"type":"Feature","geometry":{"type":"Point","coordinates":[4.643919,52.433356]},"properties":{"type":"charge","layer":"passenger","locationId":"9f522599fb9e534c6f45067c221b7d80","name":"Hagelingerweg 107","address":"Hagelingerweg 107","city":"Santpoort-Noord","operatorName":"Vattenfall InCharge","maxPowerKw":11,"isMegawatt":false,"status":"AVAILABLE","source":"ndw","priceKwh":0.2805}},{"type":"Feature","geometry":{"type":"Point","coordinates":[4.629497,52.416676]},"properties":{"type":"charge","layer":"passenger","locationId":"8C2C0E62-3A25-4A6A-A67A-AADB21367B9C","name":"TNLP003523 - Bloemendaalsestraatweg 139, Santpoort-zuid","address":"139 Bloemendaalsestraatweg","city":"Santpoort-zuid","operatorName":"TotalEnergies","maxPowerKw":17,"isMegawatt":false,"status":"AVAILABLE","source":"ndw"}},{"type":"Feature","geometry":{"type":"Point","coordinates":[4.66819,52.43231]},"properties":{"type":"charge","layer":"passenger","locationId":"A00EA41D-2E8C-41CE-AFF7-776A261EBCC9","name":"TNLP015344 - Rosa Manusstraat 14, Velserbroek","address":"14 Rosa Manusstraat","city":"Velserbroek","operatorName":"TotalEnergies","maxPowerKw":13,"isMegawatt":false,"status":"AVAILABLE","source":"ndw"}},{"type":"Feature","geometry":{"type":"Point","coordinates":[4.583348,52.462924]},"properties":{"type":"charge","layer":"passenger","locationId":"63ecd7431c28f100120fc155","name":"DANKZIJ TERMINAL","address":"SLUISPLEIN 78","city":"IJMUIDEN","operatorName":"E-Flux by Road","maxPowerKw":11,"isMegawatt":false,"status":"AVAILABLE","source":"ndw","priceKwh":0.78}},{"type":"Feature","geometry":{"type":"Point","coordinates":[4.648193,52.461793]},"properties":{"type":"charge","layer":"passenger","locationId":"1d8bac00-d725-4b11-be18-97428201d999","name":"Meervlietstraat","address":"Meervlietstraat 31","city":"Velsen-Zuid","operatorName":"Vattenfall InCharge","maxPowerKw":11,"isMegawatt":false,"status":"AVAILABLE","source":"ndw","priceKwh":0.2805}},{"type":"Feature","geometry":{"type":"Point","coordinates":[4.631099,52.418545]},"properties":{"type":"charge","layer":"passenger","locationId":"D7932F39-CC48-4A9E-B11B-106484877230","name":"TNLP007440 - Van Dalenlaan 400, Santpoort-Zuid","address":"400 Van Dalenlaan","city":"Santpoort-Zuid","operatorName":"TotalEnergies","maxPowerKw":13,"isMegawatt":false,"status":"AVAILABLE","source":"ndw"}},{"type":"Feature","geometry":{"type":"Point","coordinates":[4.66538,52.42746]},"properties":{"type":"charge","layer":"passenger","locationId":"1447","name":"Shell Recharge NL A. Molletstraat 16","address":"A. Molletstraat 16","city":"Velsen","operatorName":"Ubitricity","maxPowerKw":11,"isMegawatt":false,"status":"AVAILABLE","source":"ndw","priceKwh":0.392}},{"type":"Feature","geometry":{"type":"Point","coordinates":[4.593202,52.447372]},"properties":{"type":"charge","layer":"passenger","locationId":"829CEA0C-FA6A-4477-B17D-1D90D69DC48B","name":"TNLP008378 - Kruisberglaan 12, IJmuiden","address":"12 Kruisberglaan","city":"IJmuiden","operatorName":"TotalEnergies","maxPowerKw":14,"isMegawatt":false,"status":"AVAILABLE","source":"ndw"}},{"type":"Feature","geometry":{"type":"Point","coordinates":[4.6434,52.43806]},"properties":{"type":"charge","layer":"passenger","locationId":"135","name":"Shell Recharge NL Johan Maurits van Nassaulaan 7","address":"Johan Maurits van Nassaulaan 7","city":"Santpoort","operatorName":"Ubitricity","maxPowerKw":11,"isMegawatt":false,"status":"AVAILABLE","source":"ndw","priceKwh":0.392}},{"type":"Feature","geometry":{"type":"Point","coordinates":[4.634635,52.431282]},"properties":{"type":"charge","layer":"passenger","locationId":"0BE43681-CE78-430F-8BF6-82E1A325934A","name":"TNLP009149 - Dobbiuslaan 35, Santpoort-Noord","address":"35 Dobbiuslaan","city":"Santpoort-Noord","operatorName":"TotalEnergies","maxPowerKw":13,"isMegawatt":false,"status":"AVAILABLE","source":"ndw"}},{"type":"Feature","geometry":{"type":"Point","coordinates":[4.66198,52.43028]},"properties":{"type":"charge","layer":"passenger","locationId":"693","name":"Shell Recharge NL Schokker 20","address":"Schokker 20","city":"Velserbroek","operatorName":"Ubitricity","maxPowerKw":11,"isMegawatt":false,"status":"AVAILABLE","source":"ndw","priceKwh":0.392}},{"type":"Feature","geometry":{"type":"Point","coordinates":[4.623804,52.453917]},"properties":{"type":"charge","layer":"passenger","locationId":"39","name":"Shell Recharge NL Heerenduinweg 54","address":"Heerenduinweg 54","city":"IJmuiden","operatorName":"Ubitricity","maxPowerKw":11,"isMegawatt":false,"status":"AVAILABLE","source":"ndw","priceKwh":0.392}},{"type":"Feature","geometry":{"type":"Point","coordinates":[4.641001,52.445193]},"properties":{"type":"charge","layer":"passenger","locationId":"4122620","name":"Laadnet Serviceflat De Luchte B.V.","address":"Lodewijk van Deyssellaan 4","city":"Driehuis","operatorName":"Laadnet","maxPowerKw":22,"isMegawatt":false,"status":"AVAILABLE","source":"ndw"}},{"type":"Feature","geometry":{"type":"Point","coordinates":[4.58737,52.458856]},"properties":{"type":"charge","layer":"passenger","locationId":"67c60339d672759f492dd5f6","name":"S E M Christiaanse 's station","address":"middenhavenstraat 40","city":"ijmuiden","operatorName":"E-Flux by Road","maxPowerKw":22,"isMegawatt":false,"status":"AVAILABLE","source":"ndw","priceKwh":0.53}},{"type":"Feature","geometry":{"type":"Point","coordinates":[4.624458,52.456364]},"properties":{"type":"charge","layer":"passenger","locationId":"9DF3FACC-B246-44BB-A10A-D0F4E35F437A","name":"TNLP006838 - Appelboompad 1, IJmuiden","address":"1 Appelboompad","city":"IJmuiden","operatorName":"TotalEnergies","maxPowerKw":13,"isMegawatt":false,"status":"AVAILABLE","source":"ndw"}},{"type":"Feature","geometry":{"type":"Point","coordinates":[4.592589,52.451656]},"properties":{"type":"charge","layer":"passenger","locationId":"AF1A61E3-A31E-4A76-A80E-C7D8E1C75E32","name":"TNLP007006 - Bellatrixstraat 2, IJmuiden","address":"2 Bellatrixstraat","city":"IJmuiden","operatorName":"TotalEnergies","maxPowerKw":13,"isMegawatt":false,"status":"AVAILABLE","source":"ndw"}},{"type":"Feature","geometry":{"type":"Point","coordinates":[4.630732,52.41506]},"properties":{"type":"charge","layer":"passenger","locationId":"661959441b77d9001ce68771","name":"Zaptec Go Laden Op Straat","address":"Van Dalenlaan 43","city":"Santpoort-Zuid","operatorName":"E-Flux by Road","maxPowerKw":14,"isMegawatt":false,"status":"AVAILABLE","source":"ndw","priceKwh":0.49}},{"type":"Feature","geometry":{"type":"Point","coordinates":[4.622647,52.456173]},"properties":{"type":"charge","layer":"passenger","locationId":"D42A3480-A8C1-4644-8129-1619C0060F2D","name":"TNLP006168 - Tuindersstraat 118, IJmuiden","address":"118 Tuindersstraat","city":"IJmuiden","operatorName":"TotalEnergies","maxPowerKw":13,"isMegawatt":false,"status":"AVAILABLE","source":"ndw"}},{"type":"Feature","geometry":{"type":"Point","coordinates":[4.59465,52.46204]},"properties":{"type":"charge","layer":"passenger","locationId":"6D63655C-41DF-4619-81AB-14F770633229","name":"TNLP009150 - Keizer Wilhelmstraat 1, IJmuiden","address":"1 Keizer Wilhelmstraat","city":"IJmuiden","operatorName":"TotalEnergies","maxPowerKw":13,"isMegawatt":false,"status":"AVAILABLE","source":"ndw"}},{"type":"Feature","geometry":{"type":"Point","coordinates":[4.6251044,52.4553593]},"properties":{"type":"charge","layer":"passenger","locationId":"1105","name":"Shell Recharge NL Appelboomstraat 80","address":"Appelboomstraat 80","city":"IJmuiden","operatorName":"Ubitricity","maxPowerKw":22,"isMegawatt":false,"status":"CHARGING","source":"ndw","priceKwh":0.267}},{"type":"Feature","geometry":{"type":"Point","coordinates":[4.634503,52.45064]},"properties":{"type":"charge","layer":"passenger","locationId":"A2895FAB-7A5C-4919-9ADF-4698F820B4F7","name":"TNLP005850 - Kriemhildestraat 1, Driehuis Nh","address":"1 Kriemhildestraat","city":"Driehuis Nh","operatorName":"TotalEnergies","maxPowerKw":13,"isMegawatt":false,"status":"AVAILABLE","source":"ndw"}},{"type":"Feature","geometry":{"type":"Point","coordinates":[4.6304207,52.4568673]},"properties":{"type":"charge","layer":"passenger","locationId":"2094","name":"Shell Recharge NL Groeneweg 69","address":"Groeneweg 69","city":"IJmuiden","operatorName":"Ubitricity","maxPowerKw":22,"isMegawatt":false,"status":"AVAILABLE","source":"ndw","priceKwh":0.267}},{"type":"Feature","geometry":{"type":"Point","coordinates":[4.638062,52.474581]},"properties":{"type":"charge","layer":"passenger","locationId":"d8293fb92c9dcee8af5b47d8e2e4d1b7","name":"Bleyenhoevelaan 3","address":"Bleyenhoevelaan 3","city":"Velsen-Noord","operatorName":"Vattenfall InCharge","maxPowerKw":11,"isMegawatt":false,"status":"CHARGING","source":"ndw","priceKwh":0.2805}},{"type":"Feature","geometry":{"type":"Point","coordinates":[4.6145148,52.458338]},"properties":{"type":"charge","layer":"passenger","locationId":"979","name":"Shell Recharge NL Geleenstraat 19","address":"Geleenstraat 19","city":"IJmuiden","operatorName":"Ubitricity","maxPowerKw":22,"isMegawatt":false,"status":"AVAILABLE","source":"ndw","priceKwh":0.267}},{"type":"Feature","geometry":{"type":"Point","coordinates":[4.627571,52.47537]},"properties":{"type":"charge","layer":"passenger","locationId":"CD894266-BD83-47AF-9032-90204801E845","name":"TNLP009911 - Staalstraat 24, Velsen-Noord","address":"24 Staalstraat","city":"Velsen-Noord","operatorName":"TotalEnergies","maxPowerKw":13,"isMegawatt":false,"status":"AVAILABLE","source":"ndw"}},{"type":"Feature","geometry":{"type":"Point","coordinates":[4.598688,52.448673]},"properties":{"type":"charge","layer":"passenger","locationId":"919086E3-7CEF-4BDE-B7D3-C875527FF53D","name":"TNLP009726 - Vierkante Bos 12, IJmuiden","address":"12 Vierkante Bos","city":"IJmuiden","operatorName":"TotalEnergies","maxPowerKw":13,"isMegawatt":false,"status":"CHARGING","source":"ndw"}},{"type":"Feature","geometry":{"type":"Point","coordinates":[4.586341,52.44762]},"properties":{"type":"charge","layer":"passenger","locationId":"95A69D28-CF24-4AED-AB90-5837079BCA82","name":"TNLP009422 - Reigersbossenlaan 63, IJmuiden","address":"63 Reigersbossenlaan","city":"IJmuiden","operatorName":"TotalEnergies","maxPowerKw":13,"isMegawatt":false,"status":"AVAILABLE","source":"ndw"}},{"type":"Feature","geometry":{"type":"Point","coordinates":[4.64361,52.43646]},"properties":{"type":"charge","layer":"passenger","locationId":"9976983a-9f42-4c75-9f86-136095ed685d","name":"PP004344 - Hagelingerweg 110, Santpoort-Noord","address":"110 Hagelingerweg","city":"Santpoort-Noord","operatorName":"TotalEnergies","maxPowerKw":13,"isMegawatt":false,"status":"AVAILABLE","source":"ndw"}},{"type":"Feature","geometry":{"type":"Point","coordinates":[4.576256,52.457072]},"properties":{"type":"charge","layer":"passenger","locationId":"AB9FBE02-957A-4D97-9FE9-8321F9D69815","name":"Eneco eMobility Egmondstraat 2 IJmuiden","address":"Egmondstraat 2","city":"Ijmuiden","operatorName":"Eneco","maxPowerKw":11,"isMegawatt":false,"status":"AVAILABLE","source":"ndw","priceKwh":0.65}},{"type":"Feature","geometry":{"type":"Point","coordinates":[4.615242,52.455444]},"properties":{"type":"charge","layer":"passenger","locationId":"C925A339-E33D-4F14-878F-04D89278323B","name":"TNLP007317 - Maasstraat 47, IJmuiden","address":"47 Maasstraat","city":"IJmuiden","operatorName":"TotalEnergies","maxPowerKw":13,"isMegawatt":false,"status":"AVAILABLE","source":"ndw"}},{"type":"Feature","geometry":{"type":"Point","coordinates":[4.644211,52.476303]},"properties":{"type":"charge","layer":"passenger","locationId":"bb8803e4-a332-4761-9789-f66ec7ffba7a","name":"TNLP006559 - Gildenlaan 74, Velsen-Noord","address":"74 Gildenlaan","city":"Velsen-Noord","operatorName":"TotalEnergies","maxPowerKw":15,"isMegawatt":false,"status":"AVAILABLE","source":"ndw"}},{"type":"Feature","geometry":{"type":"Point","coordinates":[4.601435,52.46153]},"properties":{"type":"charge","layer":"passenger","locationId":"769BD33A-B856-4A37-B050-072BB8032A58","name":"TNLP008009 - Koningin Wilhelminakade 221, IJmuiden","address":"221 Koningin Wilhelminakade","city":"IJmuiden","operatorName":"TotalEnergies","maxPowerKw":13,"isMegawatt":false,"status":"AVAILABLE","source":"ndw"}},{"type":"Feature","geometry":{"type":"Point","coordinates":[4.60309,52.46009]},"properties":{"type":"charge","layer":"passenger","locationId":"1633","name":"Shell Recharge NL Snelliusstraat 27","address":"Snelliusstraat 27","city":"Velsen","operatorName":"Ubitricity","maxPowerKw":11,"isMegawatt":false,"status":"AVAILABLE","source":"ndw","priceKwh":0.392}},{"type":"Feature","geometry":{"type":"Point","coordinates":[4.604179,52.456608]},"properties":{"type":"charge","layer":"passenger","locationId":"bfa22292-3955-489b-a850-56c21af3e9da","name":"PP001071 - Grahamstraat 244, IJmuiden","address":"244 Grahamstraat","city":"IJmuiden","operatorName":"TotalEnergies","maxPowerKw":11,"isMegawatt":false,"status":"AVAILABLE","source":"ndw"}},{"type":"Feature","geometry":{"type":"Point","coordinates":[4.641689,52.475426]},"properties":{"type":"charge","layer":"passenger","locationId":"1AE5370D-88F6-493B-B2AF-8BDD470A7BBA","name":"TNLP007894 - Breesaperhof 33, Velsen-Noord","address":"33 Breesaperhof","city":"Velsen-Noord","operatorName":"TotalEnergies","maxPowerKw":15,"isMegawatt":false,"status":"AVAILABLE","source":"ndw"}},{"type":"Feature","geometry":{"type":"Point","coordinates":[4.6472745,52.4383237]},"properties":{"type":"charge","layer":"passenger","locationId":"838","name":"Shell Recharge NL Johan Maurits van Nassaulaan 65","address":"Johan Maurits van Nassaulaan 65","city":"Santpoort-Noord","operatorName":"Ubitricity","maxPowerKw":22,"isMegawatt":false,"status":"AVAILABLE","source":"ndw","priceKwh":0.267}},{"type":"Feature","geometry":{"type":"Point","coordinates":[4.657479,52.472622]},"properties":{"type":"charge","layer":"passenger","locationId":"91314830","name":"50five-S NL Location","address":"Leeghwaterweg 2","city":"Velsen-Noord","operatorName":"50five","maxPowerKw":11,"isMegawatt":false,"status":"UNAVAILABLE","source":"ndw"}},{"type":"Feature","geometry":{"type":"Point","coordinates":[4.655131,52.43609]},"properties":{"type":"charge","layer":"passenger","locationId":"C69C4D2C-715A-4D72-AD9F-9F290FE83DCB","name":"TNLP008530 - Lange Sloot 8, Velserbroek","address":"8 Lange Sloot","city":"Velserbroek","operatorName":"TotalEnergies","maxPowerKw":14,"isMegawatt":false,"status":"AVAILABLE","source":"ndw"}},{"type":"Feature","geometry":{"type":"Point","coordinates":[4.633335,52.445095]},"properties":{"type":"charge","layer":"passenger","locationId":"26F69BF8-EF2F-43D2-BAE3-9E7A3CA8BB15","name":"TNLP005662 - Nicolaas Beetslaan 1, Driehuis Nh","address":"1 Nicolaas Beetslaan","city":"Driehuis Nh","operatorName":"TotalEnergies","maxPowerKw":13,"isMegawatt":false,"status":"AVAILABLE","source":"ndw"}},{"type":"Feature","geometry":{"type":"Point","coordinates":[4.647184,52.425419]},"properties":{"type":"charge","layer":"passenger","locationId":"91231174","name":"50five-S NL 18B12269","address":"Vlietweg 20","city":"Santpoort-Noord","operatorName":"50five","maxPowerKw":11,"isMegawatt":false,"status":"AVAILABLE","source":"ndw"}},{"type":"Feature","geometry":{"type":"Point","coordinates":[4.643398,52.432613]},"properties":{"type":"charge","layer":"passenger","locationId":"17ecf428-3ee7-4206-89d1-68a028f80056","name":"TNLP006423 - Gladiolenstraat 26, Santpoort-Noord","address":"26 Gladiolenstraat","city":"Santpoort-Noord","operatorName":"TotalEnergies","maxPowerKw":13,"isMegawatt":false,"status":"CHARGING","source":"ndw"}},{"type":"Feature","geometry":{"type":"Point","coordinates":[4.58896,52.45026]},"properties":{"type":"charge","layer":"passenger","locationId":"540","name":"Shell Recharge NL Dennekoplaan 91","address":"Dennekoplaan 91","city":"IJmuiden","operatorName":"Ubitricity","maxPowerKw":11,"isMegawatt":false,"status":"AVAILABLE","source":"ndw","priceKwh":0.392}},{"type":"Feature","geometry":{"type":"Point","coordinates":[4.669243,52.434353]},"properties":{"type":"charge","layer":"passenger","locationId":"A35457F1-C172-4F94-9882-ECC0A4C690DD","name":"TNLP007081 - Maan Bastion 476, Velserbroek","address":"476 Maan Bastion","city":"Velserbroek","operatorName":"TotalEnergies","maxPowerKw":13,"isMegawatt":false,"status":"AVAILABLE","source":"ndw"}},{"type":"Feature","geometry":{"type":"Point","coordinates":[4.66559,52.42704]},"properties":{"type":"charge","layer":"passenger","locationId":"676F39C7-09BE-4068-9F42-900F0BCEFA98","name":"TNLP009370 - A. Molletstraat 26, Velserbroek","address":"26 A. Molletstraat","city":"Velserbroek","operatorName":"TotalEnergies","maxPowerKw":13,"isMegawatt":false,"status":"AVAILABLE","source":"ndw"}},{"type":"Feature","geometry":{"type":"Point","coordinates":[4.635272,52.444904]},"properties":{"type":"charge","layer":"passenger","locationId":"1A40181E-4896-4D7A-9F53-47934C35D66D","name":"TNLP009411 - Nicolaas Beetslaan 4 H, Driehuis","address":"4 H Nicolaas Beetslaan","city":"Driehuis","operatorName":"TotalEnergies","maxPowerKw":13,"isMegawatt":false,"status":"AVAILABLE","source":"ndw"}},{"type":"Feature","geometry":{"type":"Point","coordinates":[4.62576,52.47411]},"properties":{"type":"charge","layer":"passenger","locationId":"E208A673-07CF-4ED0-8372-B5685668FE93","name":"Eneco eMobility Petromark Automotive Chemicals B.V. - Velsen-Noord","address":"Rooswijkweg 316","city":"Velsen-Noord","operatorName":"Eneco","maxPowerKw":22,"isMegawatt":false,"status":"AVAILABLE","source":"ndw","priceKwh":0.32}},{"type":"Feature","geometry":{"type":"Point","coordinates":[4.599097,52.459981]},"properties":{"type":"charge","layer":"passenger","locationId":"6a4fbe7fcbd28040023a64a9","name":"Hotel het Dok","address":"Dokweg  4","city":"IJmuiden","operatorName":"E-Flux by Road","maxPowerKw":22,"isMegawatt":false,"status":"AVAILABLE","source":"ndw","priceKwh":0.48}},{"type":"Feature","geometry":{"type":"Point","coordinates":[4.61963,52.45953]},"properties":{"type":"charge","layer":"passenger","locationId":"012546CF-0A1A-4DA9-8C8A-C77BDB3B09BA","name":"PP002604 - Velserduinweg 10, IJmuiden","address":"10 Velserduinweg","city":"IJmuiden","operatorName":"TotalEnergies","maxPowerKw":13,"isMegawatt":false,"status":"AVAILABLE","source":"ndw"}},{"type":"Feature","geometry":{"type":"Point","coordinates":[4.637937,52.44787]},"properties":{"type":"charge","layer":"passenger","locationId":"91150461","name":"50five-S NL 07001563","address":"Da Costalaan 15","city":"Baarn","operatorName":"50five","maxPowerKw":14,"isMegawatt":false,"status":"AVAILABLE","source":"ndw"}},{"type":"Feature","geometry":{"type":"Point","coordinates":[4.637124,52.448284]},"properties":{"type":"charge","layer":"passenger","locationId":"C73F719B-5557-4AEE-979E-D8FD07CDA4F2","name":"TNLP009333 - Driehuizerkerkweg 48, Driehuis","address":"48 Driehuizerkerkweg","city":"Driehuis","operatorName":"TotalEnergies","maxPowerKw":17,"isMegawatt":false,"status":"UNAVAILABLE","source":"ndw"}},{"type":"Feature","geometry":{"type":"Point","coordinates":[4.658505,52.429503]},"properties":{"type":"charge","layer":"passenger","locationId":"f7c2c9a4-2d27-456e-9a61-4ae7774efc95","name":"Tjotter","address":"Tjotter 32","city":"Velserbroek","operatorName":"Vattenfall InCharge","maxPowerKw":11,"isMegawatt":false,"status":"UNAVAILABLE","source":"ndw","priceKwh":0.4316}},{"type":"Feature","geometry":{"type":"Point","coordinates":[4.632423,52.45251]},"properties":{"type":"charge","layer":"passenger","locationId":"1278BD50-C94A-479B-B64D-E1D10758484D","name":"TNLP009369 - Leeuweriklaan 48, IJmuiden","address":"48 Leeuweriklaan","city":"IJmuiden","operatorName":"TotalEnergies","maxPowerKw":15,"isMegawatt":false,"status":"UNAVAILABLE","source":"ndw"}},{"type":"Feature","geometry":{"type":"Point","coordinates":[4.651906,52.436096]},"properties":{"type":"charge","layer":"passenger","locationId":"659e7f01b507f7001c5306ad","name":"Shelly Vriends 's station","address":"Meubelmakerstraat 9A","city":"Velserbroek","operatorName":"E-Flux by Road","maxPowerKw":22,"isMegawatt":false,"status":"UNAVAILABLE","source":"ndw"}},{"type":"Feature","geometry":{"type":"Point","coordinates":[4.615131,52.458023]},"properties":{"type":"charge","layer":"passenger","locationId":"B5B4B0B2-1206-409D-A173-510678E7E405","name":"TNLP006642 - Lange Nieuwstraat 351, IJmuiden","address":"351 Lange Nieuwstraat","city":"IJmuiden","operatorName":"TotalEnergies","maxPowerKw":13,"isMegawatt":false,"status":"AVAILABLE","source":"ndw"}},{"type":"Feature","geometry":{"type":"Point","coordinates":[4.644989,52.432415]},"properties":{"type":"charge","layer":"passenger","locationId":"8F5F2E88-FD80-4843-9174-0B2ABF63ED9A","name":"TNLP009633 - Hoofdstraat 142 RD, Santpoort-Noord","address":"142 RD Hoofdstraat","city":"Santpoort-Noord","operatorName":"TotalEnergies","maxPowerKw":13,"isMegawatt":false,"status":"UNAVAILABLE","source":"ndw"}},{"type":"Feature","geometry":{"type":"Point","coordinates":[4.66026,52.4347]},"properties":{"type":"charge","layer":"passenger","locationId":"C7DA9600-06AA-48B6-9DC6-9B602C4CFC83","name":"PP002607 - Aurora Bastion 20, Velserbroek","address":"20 Aurora Bastion","city":"Velserbroek","operatorName":"TotalEnergies","maxPowerKw":13,"isMegawatt":false,"status":"CHARGING","source":"ndw"}},{"type":"Feature","geometry":{"type":"Point","coordinates":[4.591348,52.46267]},"properties":{"type":"charge","layer":"passenger","locationId":"D2445A99-CFFE-4B6E-A4A9-A152460FC8B2","name":"TNLP009851 - Prins Hendrikstraat 108, IJmuiden","address":"108 Prins Hendrikstraat","city":"IJmuiden","operatorName":"TotalEnergies","maxPowerKw":13,"isMegawatt":false,"status":"CHARGING","source":"ndw"}},{"type":"Feature","geometry":{"type":"Point","coordinates":[4.65818,52.43574]},"properties":{"type":"charge","layer":"passenger","locationId":"63DEEF12-3D92-4955-AFE2-D8029D97E753","name":"PP005442 - Kromme Driemaad 40, Velserbroek","address":"40 Kromme Driemaad","city":"Velserbroek","operatorName":"TotalEnergies","maxPowerKw":13,"isMegawatt":false,"status":"AVAILABLE","source":"ndw"}},{"type":"Feature","geometry":{"type":"Point","coordinates":[4.662192,52.43686]},"properties":{"type":"charge","layer":"passenger","locationId":"0E196B87-DD1F-4846-B2EC-308C814753DD","name":"TNLP006308 - Sluisweid 14, Velserbroek","address":"14 Sluisweid","city":"Velserbroek","operatorName":"TotalEnergies","maxPowerKw":13,"isMegawatt":false,"status":"AVAILABLE","source":"ndw"}},{"type":"Feature","geometry":{"type":"Point","coordinates":[4.597105,52.462082]},"properties":{"type":"charge","layer":"passenger","locationId":"EFDE47C6-F736-4D20-A63A-49377C097DF8","name":"TNLP009357 - De Wetstraat 28, IJmuiden","address":"28 De Wetstraat","city":"IJmuiden","operatorName":"TotalEnergies","maxPowerKw":13,"isMegawatt":false,"status":"CHARGING","source":"ndw"}},{"type":"Feature","geometry":{"type":"Point","coordinates":[4.638026,52.429047]},"properties":{"type":"charge","layer":"passenger","locationId":"35C9D73B-6307-4770-BB86-5277B0D85EDB","name":"TNLP006617 - Frans Netscherlaan 12, Santpoort-Noord","address":"12 Frans Netscherlaan","city":"Santpoort-Noord","operatorName":"TotalEnergies","maxPowerKw":13,"isMegawatt":false,"status":"AVAILABLE","source":"ndw"}},{"type":"Feature","geometry":{"type":"Point","coordinates":[4.62944,52.41805]},"properties":{"type":"charge","layer":"passenger","locationId":"458DF909-CF9C-476F-A01F-A6E4EFE6F9CF","name":"Eneco eMobility Deka Supermarkten B.V, Blekersveld 25, Santpoort-Zuid","address":"Blekersveld 25","city":"Santpoort-Zuid","operatorName":"Eneco","maxPowerKw":22,"isMegawatt":false,"status":"UNAVAILABLE","source":"ndw","priceKwh":0.32}},{"type":"Feature","geometry":{"type":"Point","coordinates":[4.629139,52.452908]},"properties":{"type":"charge","layer":"passenger","locationId":"F146AA46-A959-4B79-A7C9-F7A8EA423AF4","name":"TNLP009353 - Zeeweg 299, IJmuiden","address":"299 Zeeweg","city":"IJmuiden","operatorName":"TotalEnergies","maxPowerKw":15,"isMegawatt":false,"status":"CHARGING","source":"ndw"}},{"type":"Feature","geometry":{"type":"Point","coordinates":[4.602522,52.461113]},"properties":{"type":"charge","layer":"passenger","locationId":"298A5F32-495B-479B-BEFF-90939D93159F","name":"TNLP006669 - Kennemerlaan 1, IJmuiden","address":"1 Kennemerlaan","city":"IJmuiden","operatorName":"TotalEnergies","maxPowerKw":13,"isMegawatt":false,"status":"CHARGING","source":"ndw"}},{"type":"Feature","geometry":{"type":"Point","coordinates":[4.64879,52.47323]},"properties":{"type":"charge","layer":"passenger","locationId":"472799CB-9CF0-4A7B-A062-764FEFCEA0D5","name":"TNLP006785 - Geelvinckstraat 22, Velsen-Noord","address":"22 Geelvinckstraat","city":"Velsen-Noord","operatorName":"TotalEnergies","maxPowerKw":13,"isMegawatt":false,"status":"AVAILABLE","source":"ndw"}},{"type":"Feature","geometry":{"type":"Point","coordinates":[4.645938,52.4727]},"properties":{"type":"charge","layer":"passenger","locationId":"AB499733-C61B-4D01-AC78-33CB361FC0F4","name":"TNLP009415 - Wijkerstraatweg 179, Velsen-Noord","address":"179 Wijkerstraatweg","city":"Velsen-Noord","operatorName":"TotalEnergies","maxPowerKw":13,"isMegawatt":false,"status":"AVAILABLE","source":"ndw"}},{"type":"Feature","geometry":{"type":"Point","coordinates":[4.64531,52.43203]},"properties":{"type":"charge","layer":"passenger","locationId":"2bd517a0-c8f3-4c01-8f7e-dc9714467642","name":"PP001800 - Broekbergenlaan 48, Santpoort-Noord","address":"48 Broekbergenlaan","city":"Santpoort-Noord","operatorName":"TotalEnergies","maxPowerKw":11,"isMegawatt":false,"status":"CHARGING","source":"ndw"}},{"type":"Feature","geometry":{"type":"Point","coordinates":[4.593732,52.456776]},"properties":{"type":"charge","layer":"passenger","locationId":"088C2EA4-7975-4A3E-96EA-8CD9009FC53B","name":"TNLP009414 - Middenhavenstraat 98, IJmuiden","address":"98 Middenhavenstraat","city":"IJmuiden","operatorName":"TotalEnergies","maxPowerKw":15,"isMegawatt":false,"status":"AVAILABLE","source":"ndw"}},{"type":"Feature","geometry":{"type":"Point","coordinates":[4.563474,52.456918]},"properties":{"type":"charge","layer":"passenger","locationId":"56","name":"50five Exploitatie Apollo Hotel Seaport Beach","address":"Kennemerstrand","city":"Ijmuiden","operatorName":"50five","maxPowerKw":11,"isMegawatt":false,"status":"AVAILABLE","source":"ndw"}},{"type":"Feature","geometry":{"type":"Point","coordinates":[4.652379,52.434483]},"properties":{"type":"charge","layer":"passenger","locationId":"62B81DF6-4566-4233-BF81-439FEF992DCD","name":"PP005229 - Zadelmakerstraat 44, Velserbroek","address":"44 Zadelmakerstraat","city":"Velserbroek","operatorName":"TotalEnergies","maxPowerKw":13,"isMegawatt":false,"status":"AVAILABLE","source":"ndw"}},{"type":"Feature","geometry":{"type":"Point","coordinates":[4.650773,52.461376]},"properties":{"type":"charge","layer":"passenger","locationId":"727B49B8-945C-4718-ACF0-4EA7EA989A69","name":"TNLP007892 - Meershoef 29, Velsen-Zuid","address":"29 Meershoef","city":"Velsen-Zuid","operatorName":"TotalEnergies","maxPowerKw":15,"isMegawatt":false,"status":"CHARGING","source":"ndw"}},{"type":"Feature","geometry":{"type":"Point","coordinates":[4.63832,52.43577]},"properties":{"type":"charge","layer":"passenger","locationId":"EEC69C0E-5CF1-4F09-9212-3F2AA551674E","name":"TNLP008010 - Biallosterskilaan 8, Santpoort","address":"8 Biallosterskilaan","city":"Santpoort","operatorName":"TotalEnergies","maxPowerKw":15,"isMegawatt":false,"status":"CHARGING","source":"ndw"}},{"type":"Feature","geometry":{"type":"Point","coordinates":[4.635246,52.442856]},"properties":{"type":"charge","layer":"passenger","locationId":"BD505712-72F4-4E86-A31F-44A4BAA93468","name":"TNLP007392 - Wolff en Dekenlaan 94, Driehuis Nh","address":"94 Wolff en Dekenlaan","city":"Driehuis Nh","operatorName":"TotalEnergies","maxPowerKw":13,"isMegawatt":false,"status":"AVAILABLE","source":"ndw"}},{"type":"Feature","geometry":{"type":"Point","coordinates":[4.6201,52.4569]},"properties":{"type":"charge","layer":"passenger","locationId":"f28f8647-56e1-47a0-9bf3-a5099bb0a1a9","name":"PP002031 - Rembrandtlaan 41, IJmuiden","address":"41 Rembrandtlaan","city":"IJmuiden","operatorName":"TotalEnergies","maxPowerKw":11,"isMegawatt":false,"status":"AVAILABLE","source":"ndw"}},{"type":"Feature","geometry":{"type":"Point","coordinates":[4.585811,52.45125]},"properties":{"type":"charge","layer":"passenger","locationId":"1217","name":"Shell Recharge NL Dennekoplaan 17","address":"Dennekoplaan 17","city":"IJmuiden","operatorName":"Ubitricity","maxPowerKw":22,"isMegawatt":false,"status":"AVAILABLE","source":"ndw","priceKwh":0.267}},{"type":"Feature","geometry":{"type":"Point","coordinates":[4.606375,52.459183]},"properties":{"type":"charge","layer":"passenger","locationId":"F18181DB-85B0-4D2D-9242-73C214C91AAD","name":"TNLP034033 - Moerbergplantsoen 65, IJmuiden","address":"65 Moerbergplantsoen","city":"IJmuiden","operatorName":"TotalEnergies","maxPowerKw":13,"isMegawatt":false,"status":"CHARGING","source":"ndw"}},{"type":"Feature","geometry":{"type":"Point","coordinates":[4.669856,52.431522]},"properties":{"type":"charge","layer":"passenger","locationId":"8D099DB8-AD5D-447C-B212-32F973FDE42A","name":"TNLP007061 - Kluut 5, Velserbroek","address":"5 Kluut","city":"Velserbroek","operatorName":"TotalEnergies","maxPowerKw":13,"isMegawatt":false,"status":"AVAILABLE","source":"ndw"}},{"type":"Feature","geometry":{"type":"Point","coordinates":[4.567298,52.447365]},"properties":{"type":"charge","layer":"passenger","locationId":"DCF33FD8-CEBA-4E08-B292-D31F150B51D7","name":"TNLP003680 - IJmuiderslag 11, IJmuiden","address":"11 IJmuiderslag","city":"IJmuiden","operatorName":"TotalEnergies","maxPowerKw":17,"isMegawatt":false,"status":"CHARGING","source":"ndw"}},{"type":"Feature","geometry":{"type":"Point","coordinates":[4.647697,52.474905]},"properties":{"type":"charge","layer":"passenger","locationId":"6543924c9fefae001cd466cb","name":"Velsen/Wijkerstraatweg 267","address":"Wijkerstraatweg 267","city":"Velsen","operatorName":"E-Flux by Road","maxPowerKw":11,"isMegawatt":false,"status":"AVAILABLE","source":"ndw","priceKwh":0.6}},{"type":"Feature","geometry":{"type":"Point","coordinates":[4.644214,52.429328]},"properties":{"type":"charge","layer":"passenger","locationId":"75564767-5cce-495e-a053-9c10555ba311","name":"Hoofdstraat 220A","address":"Hoofdstraat 220A","city":"Santpoort-Noord","operatorName":"Vattenfall InCharge","maxPowerKw":11,"isMegawatt":false,"status":"UNAVAILABLE","source":"ndw","priceKwh":0.4316}},{"type":"Feature","geometry":{"type":"Point","coordinates":[4.63547,52.43376]},"properties":{"type":"charge","layer":"passenger","locationId":"439","name":"Shell Recharge NL Wulverderlaan 237","address":"Wulverderlaan 237","city":"Santpoort-Noord","operatorName":"Ubitricity","maxPowerKw":11,"isMegawatt":false,"status":"AVAILABLE","source":"ndw","priceKwh":0.392}},{"type":"Feature","geometry":{"type":"Point","coordinates":[4.658736,52.439801]},"properties":{"type":"charge","layer":"passenger","locationId":"0993abf02df4bcc11bb2a6439ee159cc","name":"Kampens Kampje","address":"Kampens Kampje","city":"Velserbroek","operatorName":"Vattenfall InCharge","maxPowerKw":11,"isMegawatt":false,"status":"AVAILABLE","source":"ndw","priceKwh":0.2805}},{"type":"Feature","geometry":{"type":"Point","coordinates":[4.663858,52.42717]},"properties":{"type":"charge","layer":"passenger","locationId":"1A5B42E6-8E6E-4861-83A4-6ED019F21070","name":"TNLP006516 - D. Marotstraat 85, Velserbroek","address":"85 D. Marotstraat","city":"Velserbroek","operatorName":"TotalEnergies","maxPowerKw":13,"isMegawatt":false,"status":"UNAVAILABLE","source":"ndw"}},{"type":"Feature","geometry":{"type":"Point","coordinates":[4.659821,52.430527]},"properties":{"type":"charge","layer":"passenger","locationId":"7D0D1B45-12B3-4FA2-A97D-089202BB456A","name":"TNLP009255 - Tjotter 8, Velserbroek","address":"8 Tjotter","city":"Velserbroek","operatorName":"TotalEnergies","maxPowerKw":13,"isMegawatt":false,"status":"UNAVAILABLE","source":"ndw"}},{"type":"Feature","geometry":{"type":"Point","coordinates":[4.586021,52.4589]},"properties":{"type":"charge","layer":"passenger","locationId":"6697b4acf2d1da001def9310","name":"Scheerman Scheeptimmerwerken","address":"Industiestraat 17A","city":"IJmuiden","operatorName":"E-Flux by Road","maxPowerKw":22,"isMegawatt":false,"status":"AVAILABLE","source":"ndw","priceKwh":0.38}},{"type":"Feature","geometry":{"type":"Point","coordinates":[4.620643,52.46007]},"properties":{"type":"charge","layer":"passenger","locationId":"c4aca8c2f485be8f7024e35c2f38e410","name":"Engelmundusstraat 7","address":"Engelmundusstraat 7","city":"IJmuiden","operatorName":"Vattenfall InCharge","maxPowerKw":11,"isMegawatt":false,"status":"AVAILABLE","source":"ndw","priceKwh":0.2805}},{"type":"Feature","geometry":{"type":"Point","coordinates":[4.64046,52.44964]},"properties":{"type":"charge","layer":"passenger","locationId":"141","name":"Shell Recharge NL Middeloolaan 7","address":"Middeloolaan 7","city":"Driehuis","operatorName":"Ubitricity","maxPowerKw":11,"isMegawatt":false,"status":"AVAILABLE","source":"ndw","priceKwh":0.392}},{"type":"Feature","geometry":{"type":"Point","coordinates":[4.572778,52.462356]},"properties":{"type":"charge","layer":"passenger","locationId":"91109330","name":"50five-S NL 18B06190","address":"Vlissingenstraat 45","city":"IJmuiden","operatorName":"50five","maxPowerKw":22,"isMegawatt":false,"status":"AVAILABLE","source":"ndw"}},{"type":"Feature","geometry":{"type":"Point","coordinates":[4.646711,52.425688]},"properties":{"type":"charge","layer":"passenger","locationId":"7567b647-bc84-4d5c-90da-02da60e209e4","name":"Vlietweg","address":"Vlietweg 16","city":"Santpoort-Noord","operatorName":"Vattenfall InCharge","maxPowerKw":50,"isMegawatt":false,"status":"AVAILABLE","source":"ndw","priceKwh":0.46}},{"type":"Feature","geometry":{"type":"Point","coordinates":[4.656834,52.429013]},"properties":{"type":"charge","layer":"passenger","locationId":"91087715","name":"50five-S NL 07141186","address":"De Zeiler 20","city":"Velserbroek","operatorName":"50five","maxPowerKw":11,"isMegawatt":false,"status":"AVAILABLE","source":"ndw"}},{"type":"Feature","geometry":{"type":"Point","coordinates":[4.649547,52.432083]},"properties":{"type":"charge","layer":"passenger","locationId":"6784eff04ff44542f082f3dd","name":"Kia Tinholt Velserbroek","address":"Klompenmakerstraat  43","city":"Velserbroek","operatorName":"Kia Nederland B.V.","maxPowerKw":40,"isMegawatt":false,"status":"AVAILABLE","source":"ndw","priceKwh":0.73}},{"type":"Feature","geometry":{"type":"Point","coordinates":[4.65919,52.427914]},"properties":{"type":"charge","layer":"passenger","locationId":"9A43D8F0-BA9A-4A9C-BDA8-275FA1BCB2A3","name":"TNLP008159 - De Zeiler 88, Velserbroek","address":"88 De Zeiler","city":"Velserbroek","operatorName":"TotalEnergies","maxPowerKw":13,"isMegawatt":false,"status":"AVAILABLE","source":"ndw"}},{"type":"Feature","geometry":{"type":"Point","coordinates":[4.6336,52.41895]},"properties":{"type":"charge","layer":"passenger","locationId":"3037246E-05A2-457C-B717-47B751566904","name":"PP005114 - Van den Bergh van Eysingaplantsoen 88, Santpoort-Zuid","address":"88 Van den Bergh van Eysingaplantsoen","city":"Santpoort-Zuid","operatorName":"TotalEnergies","maxPowerKw":13,"isMegawatt":false,"status":"UNAVAILABLE","source":"ndw"}},{"type":"Feature","geometry":{"type":"Point","coordinates":[4.625678,52.434187]},"properties":{"type":"charge","layer":"passenger","locationId":"6646229d3689c1001cc80b97","name":"Landgoed Duin & Kruidberg station 3","address":"Duin- en kruidbergerweg 60","city":"Santpoort-Noord","operatorName":"E-Flux by Road","maxPowerKw":22,"isMegawatt":false,"status":"AVAILABLE","source":"ndw","priceKwh":0.73}},{"type":"Feature","geometry":{"type":"Point","coordinates":[4.6677259,52.4291134]},"properties":{"type":"charge","layer":"passenger","locationId":"954","name":"Shell Recharge NL J. Paxtonstraat 82","address":"J. Paxtonstraat 82","city":"Velserbroek","operatorName":"Ubitricity","maxPowerKw":22,"isMegawatt":false,"status":"AVAILABLE","source":"ndw","priceKwh":0.267}},{"type":"Feature","geometry":{"type":"Point","coordinates":[4.568854,52.458687]},"properties":{"type":"charge","layer":"passenger","locationId":"427C7E5E-E70F-4F50-9CA1-2B0ADB0FA68A","name":"TNLP008305 - Monnickendamkade 6, IJmuiden","address":"6 Monnickendamkade","city":"IJmuiden","operatorName":"TotalEnergies","maxPowerKw":14,"isMegawatt":false,"status":"AVAILABLE","source":"ndw"}},{"type":"Feature","geometry":{"type":"Point","coordinates":[4.584462,52.45077]},"properties":{"type":"charge","layer":"passenger","locationId":"542C957D-D1A7-4154-86D2-CD7CD9B1423E","name":"TNLP006113 - Keetberglaan 82, IJmuiden","address":"82 Keetberglaan","city":"IJmuiden","operatorName":"TotalEnergies","maxPowerKw":13,"isMegawatt":false,"status":"AVAILABLE","source":"ndw"}},{"type":"Feature","geometry":{"type":"Point","coordinates":[4.599282,52.46284]},"properties":{"type":"charge","layer":"passenger","locationId":"45","name":"Shell Recharge NL Kanaalstraat 162","address":"Kanaalstraat 162","city":"IJmuiden","operatorName":"Ubitricity","maxPowerKw":11,"isMegawatt":false,"status":"AVAILABLE","source":"ndw","priceKwh":0.392}},{"type":"Feature","geometry":{"type":"Point","coordinates":[4.660844,52.42968]},"properties":{"type":"charge","layer":"passenger","locationId":"749C1641-F6E4-472E-B0A6-764DEA175DB6","name":"TNLP006705 - Spitsaak 29, Velserbroek","address":"29 Spitsaak","city":"Velserbroek","operatorName":"TotalEnergies","maxPowerKw":13,"isMegawatt":false,"status":"AVAILABLE","source":"ndw"}},{"type":"Feature","geometry":{"type":"Point","coordinates":[4.616377,52.46177]},"properties":{"type":"charge","layer":"passenger","locationId":"FE14D75A-7045-4DE5-AB80-054D860982A8","name":"TNLP009678 - Trompstraat 200, IJmuiden","address":"200 Trompstraat","city":"IJmuiden","operatorName":"TotalEnergies","maxPowerKw":13,"isMegawatt":false,"status":"AVAILABLE","source":"ndw"}},{"type":"Feature","geometry":{"type":"Point","coordinates":[4.627985,52.458835]},"properties":{"type":"charge","layer":"passenger","locationId":"665611ec30745ad25fd796599f3e6c33","name":"Lorentzstraat 28","address":"Lorentzstraat 28","city":"IJmuiden","operatorName":"Vattenfall InCharge","maxPowerKw":11,"isMegawatt":false,"status":"AVAILABLE","source":"ndw","priceKwh":0.2805}},{"type":"Feature","geometry":{"type":"Point","coordinates":[4.6123991,52.457095]},"properties":{"type":"charge","layer":"passenger","locationId":"1384","name":"Shell Recharge NL Vechtstraat 63","address":"Vechtstraat 63","city":"IJmuiden","operatorName":"Ubitricity","maxPowerKw":22,"isMegawatt":false,"status":"AVAILABLE","source":"ndw","priceKwh":0.267}},{"type":"Feature","geometry":{"type":"Point","coordinates":[4.661969,52.438354]},"properties":{"type":"charge","layer":"passenger","locationId":"1CB6457D-4895-49C2-9049-437029CC378E","name":"TNLP015133 - Roggeland 14, Velserbroek","address":"14 Roggeland","city":"Velserbroek","operatorName":"TotalEnergies","maxPowerKw":17,"isMegawatt":false,"status":"AVAILABLE","source":"ndw"}},{"type":"Feature","geometry":{"type":"Point","coordinates":[4.587034,52.450791]},"properties":{"type":"charge","layer":"passenger","locationId":"41","name":"Shell Recharge NL Dennekoplaan 45","address":"Dennekoplaan 45","city":"IJmuiden","operatorName":"Ubitricity","maxPowerKw":11,"isMegawatt":false,"status":"AVAILABLE","source":"ndw","priceKwh":0.392}},{"type":"Feature","geometry":{"type":"Point","coordinates":[4.577798,52.46214]},"properties":{"type":"charge","layer":"passenger","locationId":"91106208","name":"50five-S NL 09001187","address":"Westerduinweg 3","city":"IJmuiden","operatorName":"50five","maxPowerKw":22,"isMegawatt":false,"status":"AVAILABLE","source":"ndw"}},{"type":"Feature","geometry":{"type":"Point","coordinates":[4.65679,52.4321]},"properties":{"type":"charge","layer":"passenger","locationId":"16","name":"Shell Recharge NL Koekoeksbloem 1","address":"Koekoeksbloem 1","city":"Velserbroek","operatorName":"Ubitricity","maxPowerKw":11,"isMegawatt":false,"status":"AVAILABLE","source":"ndw","priceKwh":0.392}},{"type":"Feature","geometry":{"type":"Point","coordinates":[4.636656,52.466628]},"properties":{"type":"charge","layer":"passenger","locationId":"91229392","name":"50five-S NL 09001934","address":"Eendrachtsstraat 30","city":"Velsen-Noord","operatorName":"50five","maxPowerKw":22,"isMegawatt":false,"status":"AVAILABLE","source":"ndw"}},{"type":"Feature","geometry":{"type":"Point","coordinates":[4.6642421,52.4321051]},"properties":{"type":"charge","layer":"passenger","locationId":"20","name":"Shell Recharge NL Vromaadweg 85","address":"Vromaadweg 85","city":"Velserbroek","operatorName":"Ubitricity","maxPowerKw":11,"isMegawatt":false,"status":"AVAILABLE","source":"ndw","priceKwh":0.392}},{"type":"Feature","geometry":{"type":"Point","coordinates":[4.648677,52.436996]},"properties":{"type":"charge","layer":"passenger","locationId":"D4932182-CC83-4E30-8EBD-755901F1F340","name":"TNLP008504 - Antillenstraat 42, Santpoort-Noord","address":"42 Antillenstraat","city":"Santpoort-Noord","operatorName":"TotalEnergies","maxPowerKw":14,"isMegawatt":false,"status":"CHARGING","source":"ndw"}},{"type":"Feature","geometry":{"type":"Point","coordinates":[4.633273,52.45531]},"properties":{"type":"charge","layer":"passenger","locationId":"6AF36536-339B-4130-8532-3838A7A8EF37","name":"TNLP003663 - Minister van Houtenlaan 130, Velsen-Zuid","address":"130 Minister van Houtenlaan","city":"Velsen-Zuid","operatorName":"TotalEnergies","maxPowerKw":17,"isMegawatt":false,"status":"AVAILABLE","source":"ndw"}},{"type":"Feature","geometry":{"type":"Point","coordinates":[4.662871,52.433228]},"properties":{"type":"charge","layer":"passenger","locationId":"09465EE2-6F5C-4E53-A7F1-91BC76CA5A9E","name":"TNLP006704 - Vromaadweg 37, Velserbroek","address":"37 Vromaadweg","city":"Velserbroek","operatorName":"TotalEnergies","maxPowerKw":13,"isMegawatt":false,"status":"AVAILABLE","source":"ndw"}},{"type":"Feature","geometry":{"type":"Point","coordinates":[4.62625,52.46193]},"properties":{"type":"charge","layer":"passenger","locationId":"611","name":"Shell Recharge NL Lagersstraat 24","address":"Lagersstraat 24","city":"IJmuiden","operatorName":"Ubitricity","maxPowerKw":11,"isMegawatt":false,"status":"CHARGING","source":"ndw","priceKwh":0.392}},{"type":"Feature","geometry":{"type":"Point","coordinates":[4.573963,52.462433]},"properties":{"type":"charge","layer":"passenger","locationId":"03D38FB2-B873-4F54-BBDE-608E16B71FEB","name":"Eneco eMobility Eneco Staven - IJmuiden","address":"Vlissingenstraat 43","city":"IJmuiden","operatorName":"Eneco","maxPowerKw":22,"isMegawatt":false,"status":"AVAILABLE","source":"ndw","priceKwh":0.32}},{"type":"Feature","geometry":{"type":"Point","coordinates":[4.60558,52.45481]},"properties":{"type":"charge","layer":"passenger","locationId":"C4B2E1BE-DBC8-47E1-BE99-40DA50B26428","name":"Eneco eMobility Radarstraat 143 IJmuiden","address":"Radarstraat 143","city":"IJmuiden","operatorName":"Eneco","maxPowerKw":22,"isMegawatt":false,"status":"AVAILABLE","source":"ndw","priceKwh":0.32}},{"type":"Feature","geometry":{"type":"Point","coordinates":[4.614297,52.463249]},"properties":{"type":"charge","layer":"passenger","locationId":"32402","name":"Circle K IJmuiden","address":"IJmuiderstraatweg 120","city":"IJmuiden","operatorName":"Spirii","maxPowerKw":300,"isMegawatt":false,"status":"AVAILABLE","source":"ndw","priceKwh":0.65}},{"type":"Feature","geometry":{"type":"Point","coordinates":[4.59762,52.45087]},"properties":{"type":"charge","layer":"passenger","locationId":"1504","name":"Shell Recharge NL Groot Helmduin 2","address":"Groot Helmduin 2","city":"Velsen","operatorName":"Ubitricity","maxPowerKw":11,"isMegawatt":false,"status":"AVAILABLE","source":"ndw","priceKwh":0.392}},{"type":"Feature","geometry":{"type":"Point","coordinates":[4.653653,52.45961]},"properties":{"type":"charge","layer":"passenger","locationId":"3AE41CAD-7090-4322-8A8F-7003B39FAC07","name":"TNLP009630 - Krommeland 1, Velsen-Zuid","address":"1 Krommeland","city":"Velsen-Zuid","operatorName":"TotalEnergies","maxPowerKw":13,"isMegawatt":false,"status":"UNAVAILABLE","source":"ndw"}},{"type":"Feature","geometry":{"type":"Point","coordinates":[4.638216,52.472735]},"properties":{"type":"charge","layer":"passenger","locationId":"24c4fb1c341e4c0f90a457348364ccca","name":"Velsen-Noord Da Costa School ","address":"Noorderlaan 5F","city":"Velsen-Noord","operatorName":"Opcharge","maxPowerKw":22,"isMegawatt":false,"status":"AVAILABLE","source":"ndw","priceKwh":0.57}},{"type":"Feature","geometry":{"type":"Point","coordinates":[4.631011,52.473314]},"properties":{"type":"charge","layer":"passenger","locationId":"1c774e36-e46e-4cde-b0e5-43c3c5194993","name":"Hoflaan 1","address":"Hoflaan 1","city":"Velsen","operatorName":"Vattenfall InCharge","maxPowerKw":22,"isMegawatt":false,"status":"AVAILABLE","source":"ndw","priceKwh":0.39}},{"type":"Feature","geometry":{"type":"Point","coordinates":[4.657717,52.472665]},"properties":{"type":"charge","layer":"passenger","locationId":"D40F0D9F-ACCB-4C60-950E-B3F62709E4FB","name":"Eneco eMobility Detailresult BV - Velsen-Noord","address":"Leeghwaterweg 11","city":"Velsen Noord","operatorName":"Eneco","maxPowerKw":22,"isMegawatt":false,"status":"AVAILABLE","source":"ndw","priceKwh":0.32}},{"type":"Feature","geometry":{"type":"Point","coordinates":[4.632477,52.424891]},"properties":{"type":"charge","layer":"passenger","locationId":"2364988","name":"Laadnet Santpoort-Zuid","address":"Wijnoldy Daniëlslaan 54","city":"Santpoort-Zuid","operatorName":"Laadnet","maxPowerKw":22,"isMegawatt":false,"status":"UNAVAILABLE","source":"ndw"}},{"type":"Feature","geometry":{"type":"Point","coordinates":[4.665197,52.426461]},"properties":{"type":"charge","layer":"passenger","locationId":"91065797","name":"50five-S NL 07102138","address":"H. Reptonstraat 46","city":"Velserbroek","operatorName":"50five","maxPowerKw":11,"isMegawatt":false,"status":"AVAILABLE","source":"ndw"}},{"type":"Feature","geometry":{"type":"Point","coordinates":[4.665487,52.43562]},"properties":{"type":"charge","layer":"passenger","locationId":"1C29C9FA-5FC9-4E44-9AFC-1E2EEA29DA71","name":"TNLP007013 - Johanna Naberstraat 2, Velserbroek","address":"2 Johanna Naberstraat","city":"Velserbroek","operatorName":"TotalEnergies","maxPowerKw":13,"isMegawatt":false,"status":"AVAILABLE","source":"ndw"}},{"type":"Feature","geometry":{"type":"Point","coordinates":[4.673129,52.424564]},"properties":{"type":"charge","layer":"passenger","locationId":"60dad32b13652167c6caaff0","name":"Bob Zandberg","address":"Westlaan 41 ","city":"Velserbroek","operatorName":"E-Flux by Road","maxPowerKw":22,"isMegawatt":false,"status":"AVAILABLE","source":"ndw"}},{"type":"Feature","geometry":{"type":"Point","coordinates":[4.63919,52.47378]},"properties":{"type":"charge","layer":"passenger","locationId":"a17d0ec6-8881-45b9-b0a4-81bde5eed8f3","name":"PP001954 - Schulpweg 54, Velsen-Noord","address":"54 Schulpweg","city":"Velsen-Noord","operatorName":"TotalEnergies","maxPowerKw":11,"isMegawatt":false,"status":"AVAILABLE","source":"ndw"}},{"type":"Feature","geometry":{"type":"Point","coordinates":[4.589451,52.45749]},"properties":{"type":"charge","layer":"passenger","locationId":"9C472EC7-2A65-4033-8AE9-EC3E6BA7BEC2","name":"PP005456 - Industriestraat 50, IJmuiden","address":"50 Industriestraat","city":"IJmuiden","operatorName":"TotalEnergies","maxPowerKw":15,"isMegawatt":false,"status":"AVAILABLE","source":"ndw"}},{"type":"Feature","geometry":{"type":"Point","coordinates":[4.623931,52.4612444]},"properties":{"type":"charge","layer":"passenger","locationId":"1139","name":"Shell Recharge NL Dudokplein 1B","address":"Dudokplein 1B","city":"IJmuiden","operatorName":"Ubitricity","maxPowerKw":22,"isMegawatt":false,"status":"AVAILABLE","source":"ndw","priceKwh":0.267}},{"type":"Feature","geometry":{"type":"Point","coordinates":[4.641236,52.445988]},"properties":{"type":"charge","layer":"passenger","locationId":"5E028FFD-E28C-4510-AC84-96543BC72294","name":"TNLP006674 - Hiëronymus van Alphenlaan 18, Driehuis Nh","address":"18 Hiëronymus van Alphenlaan","city":"Driehuis Nh","operatorName":"TotalEnergies","maxPowerKw":15,"isMegawatt":false,"status":"AVAILABLE","source":"ndw"}},{"type":"Feature","geometry":{"type":"Point","coordinates":[4.65756,52.43483]},"properties":{"type":"charge","layer":"passenger","locationId":"B3FD1AA0-F065-4C6B-8A73-B0C4DDBF9C05","name":"TNLP003604 - Zwanebloembocht 27, Velserbroek","address":"27 Zwanebloembocht","city":"Velserbroek","operatorName":"TotalEnergies","maxPowerKw":17,"isMegawatt":false,"status":"AVAILABLE","source":"ndw"}},{"type":"Feature","geometry":{"type":"Point","coordinates":[4.6697,52.42874]},"properties":{"type":"charge","layer":"passenger","locationId":"4CE5B625-E0DE-4FE9-B4D4-A1CEFFD5B40D","name":"PP004170 - A. Le Notrelaan 56, Velserbroek","address":"56 A. Le Notrelaan","city":"Velserbroek","operatorName":"TotalEnergies","maxPowerKw":13,"isMegawatt":false,"status":"AVAILABLE","source":"ndw"}},{"type":"Feature","geometry":{"type":"Point","coordinates":[4.62856,52.45331]},"properties":{"type":"charge","layer":"passenger","locationId":"DE4DABB3-22C7-4376-B61A-A1AFF332F31E","name":"PP005112 - Lariksstraat 23, IJmuiden","address":"23 Lariksstraat","city":"IJmuiden","operatorName":"TotalEnergies","maxPowerKw":13,"isMegawatt":false,"status":"AVAILABLE","source":"ndw"}},{"type":"Feature","geometry":{"type":"Point","coordinates":[4.657286,52.474613]},"properties":{"type":"charge","layer":"passenger","locationId":"91106879","name":"50five-S NL 04000857","address":"Leeghwaterweg 2","city":"Velsen-Noord","operatorName":"50five","maxPowerKw":7,"isMegawatt":false,"status":"AVAILABLE","source":"ndw"}},{"type":"Feature","geometry":{"type":"Point","coordinates":[4.628135,52.419293]},"properties":{"type":"charge","layer":"passenger","locationId":"91051116","name":"50five-S NL 07107568","address":"Vinkenbaan 20","city":"Santpoort-Zuid","operatorName":"50five","maxPowerKw":11,"isMegawatt":false,"status":"AVAILABLE","source":"ndw"}},{"type":"Feature","geometry":{"type":"Point","coordinates":[4.650915,52.436827]},"properties":{"type":"charge","layer":"passenger","locationId":"89460263","name":"50five Stichting Pré Wonen","address":"Rijksweg 347","city":"Velserbroek","operatorName":"50five","maxPowerKw":17,"isMegawatt":false,"status":"AVAILABLE","source":"ndw"}},{"type":"Feature","geometry":{"type":"Point","coordinates":[4.66452,52.43495]},"properties":{"type":"charge","layer":"passenger","locationId":"48","name":"Shell Recharge NL Aletta Jacobsstraat 43","address":"Aletta Jacobsstraat 43","city":"Velserbroek","operatorName":"Ubitricity","maxPowerKw":11,"isMegawatt":false,"status":"AVAILABLE","source":"ndw","priceKwh":0.392}},{"type":"Feature","geometry":{"type":"Point","coordinates":[4.60645,52.459267]},"properties":{"type":"charge","layer":"passenger","locationId":"f940b4a2-f201-4613-84a8-670b20c985bd","name":"TNLP015039 - Moerbergplantsoen 57, IJmuiden","address":"57 Moerbergplantsoen","city":"IJmuiden","operatorName":"TotalEnergies","maxPowerKw":13,"isMegawatt":false,"status":"AVAILABLE","source":"ndw"}},{"type":"Feature","geometry":{"type":"Point","coordinates":[4.66282,52.42993]},"properties":{"type":"charge","layer":"passenger","locationId":"19","name":"Shell Recharge NL Schokker 42","address":"Schokker 42","city":"Velserbroek","operatorName":"Ubitricity","maxPowerKw":11,"isMegawatt":false,"status":"AVAILABLE","source":"ndw","priceKwh":0.392}},{"type":"Feature","geometry":{"type":"Point","coordinates":[4.63107,52.41749]},"properties":{"type":"charge","layer":"passenger","locationId":"9EDDDB92-5C6E-49AF-B580-4B74260956FE","name":"TNLP008350 - Van Dalenlaan 318, Santpoort-Zuid","address":"318 Van Dalenlaan","city":"Santpoort-Zuid","operatorName":"TotalEnergies","maxPowerKw":13,"isMegawatt":false,"status":"AVAILABLE","source":"ndw"}},{"type":"Feature","geometry":{"type":"Point","coordinates":[4.670901,52.430375]},"properties":{"type":"charge","layer":"passenger","locationId":"be8f7a0e-d897-458e-9fd9-c727a42a3afb","name":"Tureluur","address":"Tureluur 1","city":"Velserbroek","operatorName":"Vattenfall InCharge","maxPowerKw":11,"isMegawatt":false,"status":"UNAVAILABLE","source":"ndw","priceKwh":0.4316}},{"type":"Feature","geometry":{"type":"Point","coordinates":[4.635838,52.477863]},"properties":{"type":"charge","layer":"passenger","locationId":"58EED657-ABDD-491D-A80F-53E84980260D","name":"TNLP005884 - Rooswijkerlaan 2A, Velsen-Noord","address":"2A Rooswijkerlaan","city":"Velsen-Noord","operatorName":"TotalEnergies","maxPowerKw":15,"isMegawatt":false,"status":"AVAILABLE","source":"ndw"}},{"type":"Feature","geometry":{"type":"Point","coordinates":[4.60083,52.44805]},"properties":{"type":"charge","layer":"passenger","locationId":"8ae853454d0217a2de3b0e4f3de963da","name":"Schiplaan 540A","address":"Schiplaan 540A","city":"IJmuiden","operatorName":"Vattenfall InCharge","maxPowerKw":11,"isMegawatt":false,"status":"UNAVAILABLE","source":"ndw","priceKwh":0.2805}},{"type":"Feature","geometry":{"type":"Point","coordinates":[4.61505,52.45909]},"properties":{"type":"charge","layer":"passenger","locationId":"D4718BCE-6275-4C9C-BFD4-FC12292AA4C7","name":"TNLP008220 - Burgemeester Rambonnetlaan 50, IJmuiden","address":"50 Burgemeester Rambonnetlaan","city":"IJmuiden","operatorName":"TotalEnergies","maxPowerKw":13,"isMegawatt":false,"status":"AVAILABLE","source":"ndw"}},{"type":"Feature","geometry":{"type":"Point","coordinates":[4.63826,52.44786]},"properties":{"type":"charge","layer":"passenger","locationId":"1653","name":"Shell Recharge NL Van den Vondellaan 14","address":"Van den Vondellaan 14","city":"Velsen","operatorName":"Ubitricity","maxPowerKw":11,"isMegawatt":false,"status":"AVAILABLE","source":"ndw","priceKwh":0.392}},{"type":"Feature","geometry":{"type":"Point","coordinates":[4.62419,52.4609]},"properties":{"type":"charge","layer":"passenger","locationId":"A65E3664-2F66-4184-88B4-BE55C32537EA","name":"PP002608 - Dudokplein 1, IJmuiden","address":"1 Dudokplein","city":"IJmuiden","operatorName":"TotalEnergies","maxPowerKw":13,"isMegawatt":false,"status":"AVAILABLE","source":"ndw"}},{"type":"Feature","geometry":{"type":"Point","coordinates":[4.610801,52.458103]},"properties":{"type":"charge","layer":"passenger","locationId":"4d1f7534-896e-4ccf-a038-a229c8a36992","name":"PP001196 - Scheldestraat 1, IJmuiden","address":"1 Scheldestraat","city":"IJmuiden","operatorName":"TotalEnergies","maxPowerKw":11,"isMegawatt":false,"status":"UNAVAILABLE","source":"ndw"}},{"type":"Feature","geometry":{"type":"Point","coordinates":[4.636668,52.43633]},"properties":{"type":"charge","layer":"passenger","locationId":"8215F7BC-1180-4802-9B70-7847672BAAD4","name":"TNLP007488 - Roos en Beeklaan 4, Santpoort-Noord","address":"4 Roos en Beeklaan","city":"Santpoort-Noord","operatorName":"TotalEnergies","maxPowerKw":13,"isMegawatt":false,"status":"AVAILABLE","source":"ndw"}},{"type":"Feature","geometry":{"type":"Point","coordinates":[4.642282,52.43513]},"properties":{"type":"charge","layer":"passenger","locationId":"FC3CC92B-7BF3-4A7E-8840-C55DDFB90EDC","name":"TNLP015038 - Kruidbergerweg 22, Santpoort-Noord","address":"22 Kruidbergerweg","city":"Santpoort-Noord","operatorName":"TotalEnergies","maxPowerKw":17,"isMegawatt":false,"status":"AVAILABLE","source":"ndw"}},{"type":"Feature","geometry":{"type":"Point","coordinates":[4.64581,52.43709]},"properties":{"type":"charge","layer":"passenger","locationId":"6222D76B-D2B2-4E0F-B5A2-A3DC43E9F6B1","name":"TNLP003527 - Antillenstraat 29, Santpoort-Noord","address":"29 Antillenstraat","city":"Santpoort-Noord","operatorName":"TotalEnergies","maxPowerKw":17,"isMegawatt":false,"status":"AVAILABLE","source":"ndw"}},{"type":"Feature","geometry":{"type":"Point","coordinates":[4.630065,52.460762]},"properties":{"type":"charge","layer":"passenger","locationId":"EECE8CF7-E1AC-46F3-8769-8249DB3793CB","name":"TNLP007017 - Briniostraat 12, IJmuiden","address":"12 Briniostraat","city":"IJmuiden","operatorName":"TotalEnergies","maxPowerKw":15,"isMegawatt":false,"status":"AVAILABLE","source":"ndw"}},{"type":"Feature","geometry":{"type":"Point","coordinates":[4.625678,52.434187]},"properties":{"type":"charge","layer":"passenger","locationId":"6638ca807d0001001c0ff443","name":"Landgoed Duin & Kruidberg station 1","address":"Duin- en kruidbergerweg 60","city":"Santpoort-Noord","operatorName":"E-Flux by Road","maxPowerKw":22,"isMegawatt":false,"status":"AVAILABLE","source":"ndw","priceKwh":0.73}},{"type":"Feature","geometry":{"type":"Point","coordinates":[4.6414383,52.4271819]},"properties":{"type":"charge","layer":"passenger","locationId":"235","name":"Shell Recharge NL Velserhooftlaan 20","address":"Velserhooftlaan 20","city":"Santpoort","operatorName":"Ubitricity","maxPowerKw":11,"isMegawatt":false,"status":"AVAILABLE","source":"ndw","priceKwh":0.392}},{"type":"Feature","geometry":{"type":"Point","coordinates":[4.596737,52.448562]},"properties":{"type":"charge","layer":"passenger","locationId":"0e45fd2fb47e209ffc8082733c0fe632","name":"Schiplaan 2","address":"Schiplaan 2","city":"IJmuiden","operatorName":"Vattenfall InCharge","maxPowerKw":11,"isMegawatt":false,"status":"CHARGING","source":"ndw","priceKwh":0.2805}},{"type":"Feature","geometry":{"type":"Point","coordinates":[4.636019,52.448248]},"properties":{"type":"charge","layer":"passenger","locationId":"91066056","name":"50five-S NL 17B08294","address":"Hofdijklaan 8","city":"Velsen","operatorName":"50five","maxPowerKw":11,"isMegawatt":false,"status":"AVAILABLE","source":"ndw"}},{"type":"Feature","geometry":{"type":"Point","coordinates":[4.651824,52.431744]},"properties":{"type":"charge","layer":"passenger","locationId":"EC1DF405-177D-4A3B-B6C4-46ABB07053D8","name":"PP005141 - Floraronde 111, Velserbroek","address":"111 Floraronde","city":"Velserbroek","operatorName":"TotalEnergies","maxPowerKw":13,"isMegawatt":false,"status":"CHARGING","source":"ndw"}},{"type":"Feature","geometry":{"type":"Point","coordinates":[4.611155,52.461838]},"properties":{"type":"charge","layer":"passenger","locationId":"D3139290-3009-4D1D-9CCD-DC2CEC665EED","name":"TNLP006470 - Wijk aan Zeeërweg 113, IJmuiden","address":"113 Wijk aan Zeeërweg","city":"IJmuiden","operatorName":"TotalEnergies","maxPowerKw":13,"isMegawatt":false,"status":"AVAILABLE","source":"ndw"}},{"type":"Feature","geometry":{"type":"Point","coordinates":[4.64767,52.43377]},"properties":{"type":"charge","layer":"passenger","locationId":"1620","name":"Shell Recharge NL Rijksweg 388","address":"Rijksweg 388","city":"Velsen","operatorName":"Ubitricity","maxPowerKw":11,"isMegawatt":false,"status":"AVAILABLE","source":"ndw","priceKwh":0.392}},{"type":"Feature","geometry":{"type":"Point","coordinates":[4.63614,52.44716]},"properties":{"type":"charge","layer":"passenger","locationId":"c5a91879-22af-4fbf-8562-cfec802b156c","name":"PP001950 - PC Hooftlaan 1, Driehuis","address":"1 PC Hooftlaan","city":"Driehuis","operatorName":"TotalEnergies","maxPowerKw":11,"isMegawatt":false,"status":"AVAILABLE","source":"ndw"}},{"type":"Feature","geometry":{"type":"Point","coordinates":[4.629662,52.413202]},"properties":{"type":"charge","layer":"passenger","locationId":"91067557","name":"50five-S NL 07117785","address":"Bloemendaalsestraatweg 11","city":"Santpoort Zuid","operatorName":"50five","maxPowerKw":22,"isMegawatt":false,"status":"AVAILABLE","source":"ndw"}},{"type":"Feature","geometry":{"type":"Point","coordinates":[4.625746,52.46333]},"properties":{"type":"charge","layer":"passenger","locationId":"DAFFA639-C634-48FB-856A-82A18FEAA21A","name":"TNLP009644 - Van der Zwaagstraat 2, IJmuiden","address":"2 Van der Zwaagstraat","city":"IJmuiden","operatorName":"TotalEnergies","maxPowerKw":13,"isMegawatt":false,"status":"AVAILABLE","source":"ndw"}},{"type":"Feature","geometry":{"type":"Point","coordinates":[4.630523,52.459076]},"properties":{"type":"charge","layer":"passenger","locationId":"442A5770-B525-45AD-9061-B94DF8529642","name":"PP005301 - Lorentzstraat 224, IJmuiden","address":"224 Lorentzstraat","city":"IJmuiden","operatorName":"TotalEnergies","maxPowerKw":13,"isMegawatt":false,"status":"AVAILABLE","source":"ndw"}},{"type":"Feature","geometry":{"type":"Point","coordinates":[4.637865,52.43673]},"properties":{"type":"charge","layer":"passenger","locationId":"bcd0da2f-22a0-43f0-ad14-6e3072dac376","name":"TNLP008149 - Biallosterskilaan 4, Santpoort-Noord","address":"4 Biallosterskilaan","city":"Santpoort-Noord","operatorName":"TotalEnergies","maxPowerKw":13,"isMegawatt":false,"status":"AVAILABLE","source":"ndw"}},{"type":"Feature","geometry":{"type":"Point","coordinates":[4.642986,52.431126]},"properties":{"type":"charge","layer":"passenger","locationId":"f98c19b1-c62f-471e-8a61-efb9ae1555e7","name":"PP005235 - Terrasweg 18, Santpoort-Noord","address":"18 Terrasweg","city":"Santpoort-Noord","operatorName":"TotalEnergies","maxPowerKw":13,"isMegawatt":false,"status":"AVAILABLE","source":"ndw"}},{"type":"Feature","geometry":{"type":"Point","coordinates":[4.659401,52.44127]},"properties":{"type":"charge","layer":"passenger","locationId":"3AEFB96F-0E66-4D3F-A15D-A4ACA31891CB","name":"TNLP009142 - Broerskamp 12, Velserbroek","address":"12 Broerskamp","city":"Velserbroek","operatorName":"TotalEnergies","maxPowerKw":15,"isMegawatt":false,"status":"UNAVAILABLE","source":"ndw"}},{"type":"Feature","geometry":{"type":"Point","coordinates":[4.639409,52.4433]},"properties":{"type":"charge","layer":"passenger","locationId":"3cd8ca14-dd36-4b73-991f-c1ec9e94f764","name":"TNLP008347 - Van Den Vondellaan 100, Driehuis","address":"100 Van Den Vondellaan","city":"Driehuis","operatorName":"TotalEnergies","maxPowerKw":14,"isMegawatt":false,"status":"UNAVAILABLE","source":"ndw"}},{"type":"Feature","geometry":{"type":"Point","coordinates":[4.65653,52.42947]},"properties":{"type":"charge","layer":"passenger","locationId":"0E5CC68B-77F5-458C-934E-64FCF478D3FF","name":"TNLP006733 - De Zeiler 1, Velserbroek","address":"1 De Zeiler","city":"Velserbroek","operatorName":"TotalEnergies","maxPowerKw":13,"isMegawatt":false,"status":"AVAILABLE","source":"ndw"}},{"type":"Feature","geometry":{"type":"Point","coordinates":[4.657153,52.4728]},"properties":{"type":"charge","layer":"passenger","locationId":"3481FFE0-35C6-4AE6-98EC-F2BDEAA9C124","name":"TNLP008771 - Leeghwaterweg 3, Velsen-Noord","address":"3 Leeghwaterweg","city":"Velsen-Noord","operatorName":"TotalEnergies","maxPowerKw":14,"isMegawatt":false,"status":"UNAVAILABLE","source":"ndw"}},{"type":"Feature","geometry":{"type":"Point","coordinates":[4.65668,52.428226]},"properties":{"type":"charge","layer":"passenger","locationId":"F0D775F9-05F5-4CEE-B98F-7FC4D3F1EF70","name":"TNLP009416 - Fregat 61, Velserbroek","address":"61 Fregat","city":"Velserbroek","operatorName":"TotalEnergies","maxPowerKw":13,"isMegawatt":false,"status":"AVAILABLE","source":"ndw"}},{"type":"Feature","geometry":{"type":"Point","coordinates":[4.63041,52.413452]},"properties":{"type":"charge","layer":"passenger","locationId":"2850BCD3-77CC-44BE-8A4A-709707266964","name":"TNLP015009 - Bloemendaalsestraatweg 26, Santpoort-Zuid","address":"26 Bloemendaalsestraatweg","city":"Santpoort-Zuid","operatorName":"TotalEnergies","maxPowerKw":13,"isMegawatt":false,"status":"AVAILABLE","source":"ndw"}},{"type":"Feature","geometry":{"type":"Point","coordinates":[4.645377,52.474434]},"properties":{"type":"charge","layer":"passenger","locationId":"15D0A515-6044-4A56-BB6B-28D75A2AD648","name":"TNLP009131 - Van Rijswijkstraat 9, Velsen-Noord","address":"9 Van Rijswijkstraat","city":"Velsen-Noord","operatorName":"TotalEnergies","maxPowerKw":15,"isMegawatt":false,"status":"CHARGING","source":"ndw"}},{"type":"Feature","geometry":{"type":"Point","coordinates":[4.59019,52.44835]},"properties":{"type":"charge","layer":"passenger","locationId":"1df3cf12-66f3-47f6-959e-2977e9013a8b","name":"PP001946 - Scheiberglaan 23, Ijmuiden","address":"23 Scheiberglaan","city":"Ijmuiden","operatorName":"TotalEnergies","maxPowerKw":11,"isMegawatt":false,"status":"CHARGING","source":"ndw"}},{"type":"Feature","geometry":{"type":"Point","coordinates":[4.60346,52.45775]},"properties":{"type":"charge","layer":"passenger","locationId":"E5845B2E-888D-4EB2-BEE8-6F4057254A11","name":"TNLP007795 - Snelliusstraat 95, IJmuiden","address":"95 Snelliusstraat","city":"IJmuiden","operatorName":"TotalEnergies","maxPowerKw":13,"isMegawatt":false,"status":"AVAILABLE","source":"ndw"}},{"type":"Feature","geometry":{"type":"Point","coordinates":[4.671554,52.428852]},"properties":{"type":"charge","layer":"passenger","locationId":"f6583ecc-e0a8-4ee5-9762-644957b8e3d0","name":"TNLP034291 - J. Paxtonstraat 6, Velserbroek","address":"6 J. Paxtonstraat","city":"Velserbroek","operatorName":"TotalEnergies","maxPowerKw":13,"isMegawatt":false,"status":"CHARGING","source":"ndw"}},{"type":"Feature","geometry":{"type":"Point","coordinates":[4.595785,52.44878]},"properties":{"type":"charge","layer":"passenger","locationId":"A8BE9228-C060-41BE-947C-E14B6DA3C485","name":"PP004280 - Schiplaan 2, IJmuiden","address":"2 Schiplaan","city":"IJmuiden","operatorName":"TotalEnergies","maxPowerKw":13,"isMegawatt":false,"status":"AVAILABLE","source":"ndw"}},{"type":"Feature","geometry":{"type":"Point","coordinates":[4.64359,52.43319]},"properties":{"type":"charge","layer":"passenger","locationId":"183A9304-BDCA-424A-92F6-7139FE6B90A5","name":"PP004235 - Burgemeester Weertsplantsoen 112, Santpoort-Noord","address":"112 Burgemeester Weertsplantsoen","city":"Santpoort-Noord","operatorName":"TotalEnergies","maxPowerKw":13,"isMegawatt":false,"status":"CHARGING","source":"ndw"}},{"type":"Feature","geometry":{"type":"Point","coordinates":[4.655289,52.4316]},"properties":{"type":"charge","layer":"passenger","locationId":"094C641A-38A6-4742-B532-79F01F4887F4","name":"TNLP008078 - Floraronde 282, Velserbroek","address":"282 Floraronde","city":"Velserbroek","operatorName":"TotalEnergies","maxPowerKw":13,"isMegawatt":false,"status":"AVAILABLE","source":"ndw"}},{"type":"Feature","geometry":{"type":"Point","coordinates":[4.650726,52.460194]},"properties":{"type":"charge","layer":"passenger","locationId":"48EE4D38-0E5E-4FA2-B817-63084E5304D3","name":"PP005422 - Meervlietstraat 141, Velsen-Zuid","address":"141 Meervlietstraat","city":"Velsen-Zuid","operatorName":"TotalEnergies","maxPowerKw":13,"isMegawatt":false,"status":"AVAILABLE","source":"ndw"}},{"type":"Feature","geometry":{"type":"Point","coordinates":[4.606774,52.46222]},"properties":{"type":"charge","layer":"passenger","locationId":"8217ADE5-8158-4A7E-947E-CE7EBD4B8198","name":"TNLP006913 - Homburgstraat 22, IJmuiden","address":"22 Homburgstraat","city":"IJmuiden","operatorName":"TotalEnergies","maxPowerKw":15,"isMegawatt":false,"status":"AVAILABLE","source":"ndw"}},{"type":"Feature","geometry":{"type":"Point","coordinates":[4.609343,52.462566]},"properties":{"type":"charge","layer":"passenger","locationId":"446F5007-417E-46EA-9C76-EB628C5EEE18","name":"TNLP009417 - Homburgstraat 78, IJmuiden","address":"78 Homburgstraat","city":"IJmuiden","operatorName":"TotalEnergies","maxPowerKw":15,"isMegawatt":false,"status":"AVAILABLE","source":"ndw"}},{"type":"Feature","geometry":{"type":"Point","coordinates":[4.65566,52.43832]},"properties":{"type":"charge","layer":"passenger","locationId":"4582A73B-29B0-428A-87A4-9D07E658A50A","name":"PP004321 - Boterkamp 1, Velserbroek","address":"1 Boterkamp","city":"Velserbroek","operatorName":"TotalEnergies","maxPowerKw":13,"isMegawatt":false,"status":"CHARGING","source":"ndw"}},{"type":"Feature","geometry":{"type":"Point","coordinates":[4.65974,52.43165]},"properties":{"type":"charge","layer":"passenger","locationId":"4F630E31-AA8F-4B89-81A0-B8CA343A36D1","name":"PP004316 - Boeier 4, Velserbroek","address":"4 Boeier","city":"Velserbroek","operatorName":"TotalEnergies","maxPowerKw":13,"isMegawatt":false,"status":"AVAILABLE","source":"ndw"}},{"type":"Feature","geometry":{"type":"Point","coordinates":[4.60172,52.4539]},"properties":{"type":"charge","layer":"passenger","locationId":"22D78609-7FF6-4AE4-BEBB-3145F359084C","name":"PP004283 - Mercuriusstraat 170, IJmuiden","address":"170 Mercuriusstraat","city":"IJmuiden","operatorName":"TotalEnergies","maxPowerKw":15,"isMegawatt":false,"status":"AVAILABLE","source":"ndw"}},{"type":"Feature","geometry":{"type":"Point","coordinates":[4.631837,52.45644]},"properties":{"type":"charge","layer":"passenger","locationId":"3896A7D5-2AFD-4379-A25A-A6994C51A5B3","name":"TNLP006402 - Cederstraat 82, IJmuiden","address":"82 Cederstraat","city":"IJmuiden","operatorName":"TotalEnergies","maxPowerKw":13,"isMegawatt":false,"status":"UNAVAILABLE","source":"ndw"}},{"type":"Feature","geometry":{"type":"Point","coordinates":[4.627157,52.45776]},"properties":{"type":"charge","layer":"passenger","locationId":"D0FEAC68-DFDD-4310-8459-254E105E80D7","name":"TNLP007781 - Groeneweg 1, IJmuiden","address":"1 Groeneweg","city":"IJmuiden","operatorName":"TotalEnergies","maxPowerKw":13,"isMegawatt":false,"status":"AVAILABLE","source":"ndw"}},{"type":"Feature","geometry":{"type":"Point","coordinates":[4.620682,52.457726]},"properties":{"type":"charge","layer":"passenger","locationId":"b7f82245-ea0d-4e62-9b68-418c1fd0fd23","name":"TNLP009691 - Zandershof 1, IJmuiden","address":"1 Zandershof","city":"IJmuiden","operatorName":"TotalEnergies","maxPowerKw":13,"isMegawatt":false,"status":"CHARGING","source":"ndw"}},{"type":"Feature","geometry":{"type":"Point","coordinates":[4.667451,52.43432]},"properties":{"type":"charge","layer":"passenger","locationId":"D9F270E6-D699-4B21-B59F-B361C5C13FBD","name":"PP005074 - Grote Buitendijk 178, Velserbroek","address":"178 Grote Buitendijk","city":"Velserbroek","operatorName":"TotalEnergies","maxPowerKw":13,"isMegawatt":false,"status":"CHARGING","source":"ndw"}},{"type":"Feature","geometry":{"type":"Point","coordinates":[4.594917,52.45417]},"properties":{"type":"charge","layer":"passenger","locationId":"795E7848-78A8-458B-B3BB-C2656FCAAB1A","name":"TNLP015022 - Orionweg 197, IJmuiden","address":"197 Orionweg","city":"IJmuiden","operatorName":"TotalEnergies","maxPowerKw":13,"isMegawatt":false,"status":"AVAILABLE","source":"ndw"}},{"type":"Feature","geometry":{"type":"Point","coordinates":[4.584631,52.460175]},"properties":{"type":"charge","layer":"passenger","locationId":"8068E1B2-4D13-4908-AFB4-FF66698E1D67","name":"TNLP007992 - Middenhavenstraat 7, IJmuiden","address":"7 Middenhavenstraat","city":"IJmuiden","operatorName":"TotalEnergies","maxPowerKw":15,"isMegawatt":false,"status":"AVAILABLE","source":"ndw"}},{"type":"Feature","geometry":{"type":"Point","coordinates":[4.660808,52.43474]},"properties":{"type":"charge","layer":"passenger","locationId":"67BB8F9A-2A9D-4431-9D9B-DB1DDD8F38AF","name":"TNLP015128 - Zon Bastion 23, Velserbroek","address":"23 Zon Bastion","city":"Velserbroek","operatorName":"TotalEnergies","maxPowerKw":17,"isMegawatt":false,"status":"AVAILABLE","source":"ndw"}},{"type":"Feature","geometry":{"type":"Point","coordinates":[4.604736,52.455967]},"properties":{"type":"charge","layer":"passenger","locationId":"C9A9D619-5152-4816-BD3B-C930CFC8143C","name":"TNLP034179 - Radarstraat 53 B, IJmuiden","address":"53 B Radarstraat","city":"IJmuiden","operatorName":"TotalEnergies","maxPowerKw":13,"isMegawatt":false,"status":"UNAVAILABLE","source":"ndw"}},{"type":"Feature","geometry":{"type":"Point","coordinates":[4.643109,52.43592]},"properties":{"type":"charge","layer":"passenger","locationId":"B3EDFE22-E8F2-4594-83C7-8A0F644B0235","name":"TNLP006426 - Kerkerinklaan 1, Santpoort-Noord","address":"1 Kerkerinklaan","city":"Santpoort-Noord","operatorName":"TotalEnergies","maxPowerKw":13,"isMegawatt":false,"status":"AVAILABLE","source":"ndw"}},{"type":"Feature","geometry":{"type":"Point","coordinates":[4.66082,52.44046]},"properties":{"type":"charge","layer":"passenger","locationId":"515EBD27-7A94-48DA-ACB3-E43BD891F96C","name":"PP005110 - Grote Buitendijk 19, Velserbroek","address":"19 Grote Buitendijk","city":"Velserbroek","operatorName":"TotalEnergies","maxPowerKw":13,"isMegawatt":false,"status":"AVAILABLE","source":"ndw"}},{"type":"Feature","geometry":{"type":"Point","coordinates":[4.683635,52.431077]},"properties":{"type":"charge","layer":"passenger","locationId":"91105470","name":"50five-S NL 09100749","address":"Genieweg 46","city":"Velsen-Zuid","operatorName":"50five","maxPowerKw":11,"isMegawatt":false,"status":"AVAILABLE","source":"ndw"}},{"type":"Feature","geometry":{"type":"Point","coordinates":[4.639191,52.43292]},"properties":{"type":"charge","layer":"passenger","locationId":"c72a43e9-0305-4672-b66c-2612725da8b2","name":"TNLP006482 - Valckenhoeflaan 79, Santpoort-Noord","address":"79 Valckenhoeflaan","city":"Santpoort-Noord","operatorName":"TotalEnergies","maxPowerKw":13,"isMegawatt":false,"status":"AVAILABLE","source":"ndw"}},{"type":"Feature","geometry":{"type":"Point","coordinates":[4.665757,52.426846]},"properties":{"type":"charge","layer":"passenger","locationId":"44234F7A-1908-4B82-9AA6-39CE4BDE9887","name":"TNLP015432 - A. Molletstraat 30, Velserbroek","address":"30 A. Molletstraat","city":"Velserbroek","operatorName":"TotalEnergies","maxPowerKw":17,"isMegawatt":false,"status":"AVAILABLE","source":"ndw"}},{"type":"Feature","geometry":{"type":"Point","coordinates":[4.64258,52.44746]},"properties":{"type":"charge","layer":"passenger","locationId":"E24D3C91-C369-48CA-929D-808C3137D269","name":"PP004281 - P.C. Hooftlaan 74, Driehuis","address":"74 P.C. Hooftlaan","city":"Driehuis","operatorName":"TotalEnergies","maxPowerKw":13,"isMegawatt":false,"status":"AVAILABLE","source":"ndw"}},{"type":"Feature","geometry":{"type":"Point","coordinates":[4.655432,52.433857]},"properties":{"type":"charge","layer":"passenger","locationId":"0795D8C1-89D7-412D-8932-93C5220165B6","name":"TNLP008082 - Zwanebloembocht 46, Velserbroek","address":"46 Zwanebloembocht","city":"Velserbroek","operatorName":"TotalEnergies","maxPowerKw":13,"isMegawatt":false,"status":"AVAILABLE","source":"ndw"}},{"type":"Feature","geometry":{"type":"Point","coordinates":[4.607755,52.457108]},"properties":{"type":"charge","layer":"passenger","locationId":"524ab038-3f1e-4cf9-9760-55c29cfa293e","name":"TNLP009424 - Lange Nieuwstraat 13, IJmuiden","address":"13 Lange Nieuwstraat","city":"IJmuiden","operatorName":"TotalEnergies","maxPowerKw":15,"isMegawatt":false,"status":"AVAILABLE","source":"ndw"}},{"type":"Feature","geometry":{"type":"Point","coordinates":[4.662989,52.428833]},"properties":{"type":"charge","layer":"passenger","locationId":"9D53F61C-66C2-4687-B631-81F983302D92","name":"TNLP007247 - Wieringer Aak 73, Velserbroek","address":"73 Wieringer Aak","city":"Velserbroek","operatorName":"TotalEnergies","maxPowerKw":13,"isMegawatt":false,"status":"AVAILABLE","source":"ndw"}},{"type":"Feature","geometry":{"type":"Point","coordinates":[4.63987,52.43488]},"properties":{"type":"charge","layer":"passenger","locationId":"a02a3da6-b0d5-4373-86be-44303caf7b89","name":"PP001791 - Kerkweg 130, Santpoort-Noord","address":"130 Kerkweg","city":"Santpoort-Noord","operatorName":"TotalEnergies","maxPowerKw":11,"isMegawatt":false,"status":"AVAILABLE","source":"ndw"}},{"type":"Feature","geometry":{"type":"Point","coordinates":[4.588828,52.46274]},"properties":{"type":"charge","layer":"passenger","locationId":"61cebb05648a8d05e1f69465","name":"Nova college IJmuiden","address":"Kanaalstraat 7","city":"IJmuiden","operatorName":"E-Flux by Road","maxPowerKw":11,"isMegawatt":false,"status":"AVAILABLE","source":"ndw","priceKwh":0.43}},{"type":"Feature","geometry":{"type":"Point","coordinates":[4.616794,52.456875]},"properties":{"type":"charge","layer":"passenger","locationId":"34F51602-4104-4F2B-9421-594F9A3ABF91","name":"TNLP006601 - Spaarnestraat 4, IJmuiden","address":"4 Spaarnestraat","city":"IJmuiden","operatorName":"TotalEnergies","maxPowerKw":13,"isMegawatt":false,"status":"AVAILABLE","source":"ndw"}},{"type":"Feature","geometry":{"type":"Point","coordinates":[4.583963,52.44861]},"properties":{"type":"charge","layer":"passenger","locationId":"D737048F-3772-41E5-A380-099611BCFC92","name":"TNLP006021 - Snippenbos 6, IJmuiden","address":"6 Snippenbos","city":"IJmuiden","operatorName":"TotalEnergies","maxPowerKw":13,"isMegawatt":false,"status":"AVAILABLE","source":"ndw"}},{"type":"Feature","geometry":{"type":"Point","coordinates":[4.626563,52.455383]},"properties":{"type":"charge","layer":"passenger","locationId":"43632709-D2BF-4B24-A357-F17FDD56711F","name":"TNLP007790 - Velserduinweg 328, IJmuiden","address":"328 Velserduinweg","city":"IJmuiden","operatorName":"TotalEnergies","maxPowerKw":13,"isMegawatt":false,"status":"CHARGING","source":"ndw"}},{"type":"Feature","geometry":{"type":"Point","coordinates":[4.630105,52.42001]},"properties":{"type":"charge","layer":"passenger","locationId":"7B7DC6C0-0053-4490-8E9E-8A85200BEA3F","name":"TNLP015034 - Willem de Zwijgerlaan 72, Santpoort-Zuid","address":"72 Willem de Zwijgerlaan","city":"Santpoort-Zuid","operatorName":"TotalEnergies","maxPowerKw":13,"isMegawatt":false,"status":"AVAILABLE","source":"ndw"}},{"type":"Feature","geometry":{"type":"Point","coordinates":[4.648961,52.471172]},"properties":{"type":"charge","layer":"passenger","locationId":"F9B61D6D-87F5-4411-B57B-4DFAC56AE744","name":"TNLP008937 - Meerweidenlaan 45, Velsen-Noord","address":"45 Meerweidenlaan","city":"Velsen-Noord","operatorName":"TotalEnergies","maxPowerKw":14,"isMegawatt":false,"status":"AVAILABLE","source":"ndw"}},{"type":"Feature","geometry":{"type":"Point","coordinates":[4.628554,52.41553]},"properties":{"type":"charge","layer":"passenger","locationId":"25816F1C-096E-4D5D-9277-1D3BD864DC4D","name":"TNLP007181 - Alberdingk Thijmlaan 2, Bloemendaal","address":"2 Alberdingk Thijmlaan","city":"Bloemendaal","operatorName":"TotalEnergies","maxPowerKw":13,"isMegawatt":false,"status":"CHARGING","source":"ndw"}},{"type":"Feature","geometry":{"type":"Point","coordinates":[4.661038,52.427425]},"properties":{"type":"charge","layer":"passenger","locationId":"928EDE9D-EEFB-4212-860C-04AB9E90BC39","name":"TNLP007714 - De Zeiler 144, Velserbroek","address":"144 De Zeiler","city":"Velserbroek","operatorName":"TotalEnergies","maxPowerKw":13,"isMegawatt":false,"status":"AVAILABLE","source":"ndw"}},{"type":"Feature","geometry":{"type":"Point","coordinates":[4.609018,52.454082]},"properties":{"type":"charge","layer":"passenger","locationId":"F2D8C292-4FCA-4767-A7B7-F384EA43D145","name":"PP005494 - IJsselstraat 87, IJmuiden","address":"87 IJsselstraat","city":"IJmuiden","operatorName":"TotalEnergies","maxPowerKw":13,"isMegawatt":false,"status":"AVAILABLE","source":"ndw"}},{"type":"Feature","geometry":{"type":"Point","coordinates":[4.598717,52.455425]},"properties":{"type":"charge","layer":"passenger","locationId":"A3CAD70A-A532-4CE5-B59D-2579F92FE530","name":"TNLP009402 - Cepheusstraat 25, IJmuiden","address":"25 Cepheusstraat","city":"IJmuiden","operatorName":"TotalEnergies","maxPowerKw":13,"isMegawatt":false,"status":"AVAILABLE","source":"ndw"}},{"type":"Feature","geometry":{"type":"Point","coordinates":[4.655063,52.42957]},"properties":{"type":"charge","layer":"passenger","locationId":"F29D751E-7F55-4696-A668-1AD7B24328B9","name":"PP005073 - Westbroekerweg 138, Velserbroek","address":"138 Westbroekerweg","city":"Velserbroek","operatorName":"TotalEnergies","maxPowerKw":13,"isMegawatt":false,"status":"AVAILABLE","source":"ndw"}},{"type":"Feature","geometry":{"type":"Point","coordinates":[4.606272,52.45404]},"properties":{"type":"charge","layer":"passenger","locationId":"FDAD69BF-D9AC-4860-B671-6D18A41EAF95","name":"TNLP007995 - Radarstraat 173, IJmuiden","address":"173 Radarstraat","city":"IJmuiden","operatorName":"TotalEnergies","maxPowerKw":13,"isMegawatt":false,"status":"AVAILABLE","source":"ndw"}},{"type":"Feature","geometry":{"type":"Point","coordinates":[4.659919,52.435226]},"properties":{"type":"charge","layer":"passenger","locationId":"AC2074A4-0871-4CEE-97B5-5A25F8472DA0","name":"TNLP009652 - Zon Bastion 10, Velserbroek","address":"10 Zon Bastion","city":"Velserbroek","operatorName":"TotalEnergies","maxPowerKw":15,"isMegawatt":false,"status":"AVAILABLE","source":"ndw"}},{"type":"Feature","geometry":{"type":"Point","coordinates":[4.628048,52.41313]},"properties":{"type":"charge","layer":"passenger","locationId":"AB21A9E7-F35C-4851-A3FF-FA778A33CA89","name":"TNLP006943 - Kluijskenslaan 33, Santpoort-Zuid","address":"33 Kluijskenslaan","city":"Santpoort-Zuid","operatorName":"TotalEnergies","maxPowerKw":13,"isMegawatt":false,"status":"AVAILABLE","source":"ndw"}},{"type":"Feature","geometry":{"type":"Point","coordinates":[4.62749,52.45642]},"properties":{"type":"charge","layer":"passenger","locationId":"69e1879b-7e7d-4c41-a158-709ce3da0aa6","name":"PP001246 - Zeeweg 201, IJmuiden","address":"201 Zeeweg","city":"IJmuiden","operatorName":"TotalEnergies","maxPowerKw":11,"isMegawatt":false,"status":"UNAVAILABLE","source":"ndw"}},{"type":"Feature","geometry":{"type":"Point","coordinates":[4.598822,52.457584]},"properties":{"type":"charge","layer":"passenger","locationId":"5E7D0910-5CFD-45F5-9BDE-30BD515D7185","name":"TNLP009690 - Havenkade 55, IJmuiden","address":"55 Havenkade","city":"IJmuiden","operatorName":"TotalEnergies","maxPowerKw":15,"isMegawatt":false,"status":"AVAILABLE","source":"ndw"}},{"type":"Feature","geometry":{"type":"Point","coordinates":[4.625678,52.434187]},"properties":{"type":"charge","layer":"passenger","locationId":"66462246b5bd03001c15776c","name":"Landgoed Duin & Kruidberg station 2","address":"Duin- en kruidbergerweg 60","city":"Santpoort-Noord","operatorName":"E-Flux by Road","maxPowerKw":22,"isMegawatt":false,"status":"AVAILABLE","source":"ndw","priceKwh":0.73}},{"type":"Feature","geometry":{"type":"Point","coordinates":[4.637568,52.47225]},"properties":{"type":"charge","layer":"passenger","locationId":"794CE4EE-57DB-4F4A-9143-A7E620E7D362","name":"TNLP009642 - Noorderlaan 12, Velsen-Noord","address":"12 Noorderlaan","city":"Velsen-Noord","operatorName":"TotalEnergies","maxPowerKw":15,"isMegawatt":false,"status":"AVAILABLE","source":"ndw"}},{"type":"Feature","geometry":{"type":"Point","coordinates":[4.607816,52.45913]},"properties":{"type":"charge","layer":"passenger","locationId":"0F88F19A-8FB4-4380-8FB3-27FD21891F77","name":"TNLP007005 - Stephensonplein 31, IJmuiden","address":"31 Stephensonplein","city":"IJmuiden","operatorName":"TotalEnergies","maxPowerKw":13,"isMegawatt":false,"status":"AVAILABLE","source":"ndw"}},{"type":"Feature","geometry":{"type":"Point","coordinates":[4.648512,52.454336]},"properties":{"type":"charge","layer":"passenger","locationId":"64188716","name":"50five Exploitatie Plantage Rococo","address":"Rijksweg 116","city":"Velsen-Zuid","operatorName":"50five","maxPowerKw":22,"isMegawatt":false,"status":"AVAILABLE","source":"ndw"}},{"type":"Feature","geometry":{"type":"Point","coordinates":[4.637322,52.468478]},"properties":{"type":"charge","layer":"passenger","locationId":"6a4509e73a85cab9742ac2e7","name":"Bouwmensen Velsen-Noord","address":"Kraandrijverstraat 43","city":"Velsen-Noord","operatorName":"E-Flux by Road","maxPowerKw":11,"isMegawatt":false,"status":"UNAVAILABLE","source":"ndw","priceKwh":0.53}},{"type":"Feature","geometry":{"type":"Point","coordinates":[4.657503,52.430978]},"properties":{"type":"charge","layer":"passenger","locationId":"864bbcb1-03b0-41a2-ae37-74e8414512fa","name":"Westbroekweg","address":"Westbroekweg 70","city":"Velserbroek","operatorName":"Vattenfall InCharge","maxPowerKw":11,"isMegawatt":false,"status":"UNAVAILABLE","source":"ndw","priceKwh":0.3316}},{"type":"Feature","geometry":{"type":"Point","coordinates":[4.633008,52.473725]},"properties":{"type":"charge","layer":"passenger","locationId":"22b1b88a-054b-4af9-a1a5-10f0ec9c4192","name":"Hoflaan 1","address":"Hoflaan 1","city":"Velsen-Noord","operatorName":"Vattenfall InCharge","maxPowerKw":22,"isMegawatt":false,"status":"AVAILABLE","source":"ndw","priceKwh":0.39}},{"type":"Feature","geometry":{"type":"Point","coordinates":[4.645594,52.471775]},"properties":{"type":"charge","layer":"passenger","locationId":"2c3d0a3d-26cb-451d-a6c5-9ad00183184f","name":"Wijkerstraatweg","address":"Wijkerstraatweg 119","city":"Velsen-Noord","operatorName":"Vattenfall InCharge","maxPowerKw":11,"isMegawatt":false,"status":"UNAVAILABLE","source":"ndw","priceKwh":0.4316}},{"type":"Feature","geometry":{"type":"MultiPolygon","coordinates":[[[[4.604049064395365,52.481468431609834],[4.613552804558447,52.483803053639974],[4.618190661911017,52.48328838640294],[4.6209582072240645,52.482328106429975],[4.637836860231315,52.480133960902435],[4.640695790943964,52.47939067242508],[4.647635236287858,52.47842447827837],[4.646735753825288,52.47708159150468],[4.64901428784643,52.476608048891066],[4.649289498637684,52.47653326154436],[4.6533327402976825,52.4771547609822],[4.6541576768922805,52.47666097784895],[4.6643676150627975,52.470570797504095],[4.667605448933747,52.46842625637081],[4.661924297411581,52.461756788815926],[4.674847564537356,52.45552044141981],[4.6908132425165014,52.44687697855675],[4.710965173147709,52.43619437037089],[4.7219825305461445,52.43333626450937],[4.710654404985768,52.42769282492089],[4.700536651407571,52.42551296962929],[4.691485391584234,52.41881400599795],[4.682475589674668,52.41384872512427],[4.681797836261322,52.41778056395068],[4.680647568823178,52.418005943054716],[4.681226618872763,52.41933147011857],[4.677495466689812,52.418962114788016],[4.674371863912762,52.41863423701827],[4.672124577399841,52.42239849453582],[4.665624714024872,52.425488699258175],[4.664847213028844,52.42560356559657],[4.662832108412018,52.42585454691316],[4.653146656273828,52.42799952829059],[4.650768145555967,52.428569635849755],[4.645718029065154,52.421972234747535],[4.645016955764109,52.42102571027445],[4.6424888435326475,52.41786994667973],[4.639375064295388,52.41450786733896],[4.637285442510571,52.412122926102285],[4.636124847919033,52.410831165067826],[4.631647172370925,52.41166550100258],[4.631610549634219,52.41167114001875],[4.62999316310188,52.411965383142196],[4.627617560572514,52.4125975506677],[4.628841935661576,52.41430827468829],[4.627841668230507,52.414708061851314],[4.628735085982125,52.415844364301144],[4.626398663991065,52.41652878564628],[4.627053239694646,52.417359598908575],[4.625432920041189,52.420095506409616],[4.625913573932323,52.420556849157116],[4.624489527649513,52.421620207280284],[4.623575933059528,52.42207500715015],[4.62499179484261,52.42349216520922],[4.621468019403362,52.424904182997324],[4.6208423124291915,52.42438442497059],[4.617247980457574,52.4251251281591],[4.615048338904283,52.425935213205534],[4.587822553997437,52.43443633507326],[4.58469007981278,52.43484243295947],[4.563185042670996,52.437647257855765],[4.560096482865303,52.43803730058374],[4.562258136771702,52.44645402537129],[4.560514733603696,52.44672381336857],[4.55368588366788,52.46077296472884],[4.540326041665001,52.45810051391494],[4.53800274600303,52.45806403856933],[4.5364694200076405,52.45856554583734],[4.533566399789691,52.46093263884536],[4.532077500880031,52.463836458876926],[4.532583761892177,52.46378719049498],[4.534173350652166,52.46071211088594],[4.536785083476588,52.45870683460339],[4.540058253201978,52.45831134911385],[4.554530672910689,52.46160763690205],[4.554786765483594,52.46199795112531],[4.5544480807577035,52.462408470587874],[4.55510220067785,52.4625632634375],[4.555649242053899,52.462488853666436],[4.556195797454341,52.46225151571335],[4.555263358395798,52.46234245002202],[4.555261296970769,52.46206896214186],[4.558561797488145,52.461025544515635],[4.559012764443419,52.461476631452065],[4.559141279053569,52.46145080298396],[4.558698165301302,52.46099179383481],[4.558954391692427,52.4608932253205],[4.558808018453262,52.46078741724796],[4.558307714416805,52.4610234195728],[4.557990337600731,52.46058771762986],[4.559926852063298,52.456995063628526],[4.564984825931455,52.457855633521724],[4.564940353205484,52.45896678802095],[4.562513094068506,52.45974120497882],[4.564319891924796,52.4623297103047],[4.563254508985658,52.46239133679477],[4.563250305063678,52.46261693318216],[4.568750267430372,52.4626271588875],[4.569453898978616,52.462256589341216],[4.567629924404196,52.459648163120406],[4.56924609591197,52.45922323728129],[4.571359298834389,52.46220068390458],[4.572543004901292,52.46262193514319],[4.5786140595572675,52.46284184229179],[4.578790738997275,52.46243399275539],[4.577040642317668,52.461597287199986],[4.579340222820579,52.4599077094797],[4.579556716908411,52.45945356080467],[4.579297157970254,52.45894028207816],[4.577844550227565,52.458233064443974],[4.5781099686650775,52.4580341427466],[4.57954619139292,52.458668733761556],[4.5802127655053555,52.45848934640379],[4.580581992828387,52.45874847020461],[4.586444659674376,52.45654299779938],[4.587215620009121,52.457244900756514],[4.581705044770798,52.45935704925199],[4.580271546424818,52.461186219668704],[4.581553619886393,52.462454033271094],[4.594292998249309,52.45766508993349],[4.595816296145917,52.457978974467075],[4.59621276352592,52.45836610115443],[4.5880195226275395,52.46124892883491],[4.585813665036107,52.46226084516697],[4.584481706557205,52.46273896252459],[4.584357046618633,52.4626267883282],[4.584247738959734,52.46266201712468],[4.584118023018025,52.46286950511003],[4.583589332081142,52.46305927304508],[4.583105533248044,52.46281452091247],[4.58240002424516,52.46313556233181],[4.5827395939528905,52.46338105981347],[4.590360142673233,52.46366505404395],[4.590394723849098,52.464609359696325],[4.586983561073053,52.4644532078815],[4.5869356744717225,52.46477240761591],[4.590547032087058,52.46525627231271],[4.596572385131479,52.465341040315266],[4.596798312974452,52.4654775387571],[4.59680886734851,52.46617146978311],[4.596484317736323,52.46632907307342],[4.591511543219272,52.466406714556356],[4.591268993137643,52.46689272184149],[4.591460972528423,52.467296521901744],[4.594332032926066,52.467182300504064],[4.59443518078353,52.46726408968646],[4.59461685943754,52.46725171313525],[4.594658160996479,52.46716351450732],[4.600138896736193,52.46679995885164],[4.605057784283997,52.467100878910735],[4.604732274705368,52.467242500876],[4.604898355083067,52.46822029895701],[4.605094874640895,52.468395857547144],[4.601503534907672,52.46891803547221],[4.592074496012237,52.46976222598066],[4.593597589284163,52.470149540868086],[4.60135977479461,52.46979355934662],[4.60152405753164,52.4707287920563],[4.600110387261357,52.470924362781815],[4.600117022408836,52.470975087918674],[4.601443461605119,52.471025348300294],[4.60149133697355,52.47148495986553],[4.600103200867694,52.47179080884977],[4.597812419115889,52.47122121164143],[4.594827840569658,52.471324538049835],[4.598387859722809,52.472361834293686],[4.603788429888252,52.47211546056177],[4.603845637061705,52.47250513418535],[4.607814289693535,52.472260918357726],[4.608882561437849,52.47213799330455],[4.609102032019842,52.4729509387306],[4.602367199560804,52.47380259095134],[4.602485781818237,52.47392476627599],[4.599753249689238,52.47427001203812],[4.598860207834948,52.47401874678236],[4.598430053153315,52.47407361518466],[4.5982639733718065,52.47402839557852],[4.59827137257664,52.47392860159899],[4.598127809980992,52.473890454911064],[4.597864863034656,52.47386215482176],[4.597980690237468,52.47363475457192],[4.597686217225614,52.47355336025153],[4.597593510913176,52.47367300718218],[4.596188345777618,52.47328455510805],[4.595921079951578,52.47336582760507],[4.595579878486364,52.47379854948917],[4.586386488312068,52.471673092547874],[4.585610949591202,52.47222760567316],[4.5839955156097165,52.471893031092094],[4.582432367532181,52.470587085522766],[4.5791555173611265,52.469657148937934],[4.567183960631171,52.46768039437479],[4.557413258671636,52.46779711306333],[4.548296502939899,52.46921222370955],[4.543228305128136,52.46813483929135],[4.542896771117357,52.46747972274762],[4.542249513428476,52.46741170992714],[4.542975133450913,52.46833069987422],[4.5480239214079425,52.46962321044956],[4.557851471586893,52.468058113943655],[4.564441833199565,52.46787536755986],[4.575179836330461,52.47920154710934],[4.581336560132262,52.48932048382547],[4.590506208888703,52.48724743839907],[4.596118246910604,52.48597365080521],[4.602720209165779,52.48335055987298],[4.604049064395365,52.481468431609834]]],[[[4.573697021078752,52.46397053788882],[4.573900988302401,52.46550621847466],[4.577962240049868,52.466086911486734],[4.578776862615476,52.46444210715457],[4.577890177134165,52.46421053029714],[4.573697021078752,52.46397053788882]]]]},"properties":{"type":"boundary","gemeente":"Velsen","code":"GM0453"}}]}