{"type":"FeatureCollection","metadata":{"gemeente":"Vijfheerenlanden","slug":"vijfheerenlanden","code":"GM1961","generated_at":"2026-08-08T12:05:52.020Z","total_passenger":260,"total_freight":2,"bounds":[4.926301063977516,51.85736084007542,5.18022603912898,52.00302685735458],"operators":["50five","Allego","DAEN Mobility","E-Flux by Road","EVinity","Eneco","Fastned","Kia Nederland B.V.","Laadnet","Laadpaal24","Lanova Laadpalen","NRG Accounting","NXT50Five","Opcharge","Pluq","Shell Recharge","Smappee","Spirii","Tango electric","Tesla","TotalEnergies","Ubitricity","Valk Energy","Vattenfall InCharge"]},"features":[{"type":"Feature","geometry":{"type":"Point","coordinates":[5.101247,51.98613]},"properties":{"type":"charge","layer":"passenger","locationId":"6777b1fbc3618097448784c6","name":"Kooijman Vianen BV (Buiten)","address":"Stuartweg 5","city":"Vianen","operatorName":"Kia Nederland B.V.","maxPowerKw":22,"isMegawatt":false,"status":"AVAILABLE","source":"ndw","priceKwh":0.53}},{"type":"Feature","geometry":{"type":"Point","coordinates":[5.080215,51.893036]},"properties":{"type":"charge","layer":"passenger","locationId":"D845F703-B2A2-43E2-A7ED-FCAADABE0A87","name":"TNLP009810 - P.M. van Gentstraat 20, Leerdam","address":"20 P.M. van Gentstraat","city":"Leerdam","operatorName":"TotalEnergies","maxPowerKw":17,"isMegawatt":false,"status":"AVAILABLE","source":"ndw"}},{"type":"Feature","geometry":{"type":"Point","coordinates":[4.9587252,51.9577397]},"properties":{"type":"charge","layer":"passenger","locationId":"766","name":"Shell Recharge NL Vijf Akkers 10","address":"Vijf Akkers 10","city":"Tienhoven aan de Lek","operatorName":"Ubitricity","maxPowerKw":22,"isMegawatt":false,"status":"AVAILABLE","source":"ndw","priceKwh":0.267}},{"type":"Feature","geometry":{"type":"Point","coordinates":[5.082476,51.983701]},"properties":{"type":"charge","layer":"passenger","locationId":"NLLOC007404","name":"NL, Ursulinenhof 40, 4133 DJ, Vianen","address":"Ursulinenhof 40","city":"Vianen","operatorName":"Allego","maxPowerKw":11,"isMegawatt":false,"status":"AVAILABLE","source":"ndw","priceKwh":0.511}},{"type":"Feature","geometry":{"type":"Point","coordinates":[5.12173,51.9802]},"properties":{"type":"charge","layer":"passenger","locationId":"1656","name":"Shell Recharge NL Vostraat 7","address":"Vostraat 7","city":"Vijfheerenlanden","operatorName":"Ubitricity","maxPowerKw":11,"isMegawatt":false,"status":"AVAILABLE","source":"ndw","priceKwh":0.392}},{"type":"Feature","geometry":{"type":"Point","coordinates":[5.105907,51.983973]},"properties":{"type":"charge","layer":"passenger","locationId":"F601B96B-50B3-4951-B072-04A123C166B7","name":"Eneco eMobility KWS Infra B.V. Vianen","address":"Lange Dreef 9","city":"Vianen","operatorName":"Eneco","maxPowerKw":22,"isMegawatt":false,"status":"AVAILABLE","source":"ndw","priceKwh":0.32}},{"type":"Feature","geometry":{"type":"Point","coordinates":[5.094967,51.994169]},"properties":{"type":"charge","layer":"passenger","locationId":"82d520af92c4efc44aa494c6d69d1ce4","name":"Schoolstraat 4","address":"Schoolstraat 4","city":"Vianen","operatorName":"Vattenfall InCharge","maxPowerKw":11,"isMegawatt":false,"status":"AVAILABLE","source":"ndw","priceKwh":0.2805}},{"type":"Feature","geometry":{"type":"Point","coordinates":[5.096772,51.992157]},"properties":{"type":"charge","layer":"passenger","locationId":"E0424B42-CE16-4584-A6AA-1CB1E6DEDB36","name":"TNLP015273 - Sluiseiland-Zuid 2, Vianen","address":"2 Sluiseiland-Zuid","city":"Vianen","operatorName":"TotalEnergies","maxPowerKw":17,"isMegawatt":false,"status":"AVAILABLE","source":"ndw"}},{"type":"Feature","geometry":{"type":"Point","coordinates":[5.09249,51.975795]},"properties":{"type":"charge","layer":"passenger","locationId":"923419","name":"DAE_NL_2001260","address":"Marconiweg 2c","city":"Vianen","operatorName":"DAEN Mobility","maxPowerKw":11,"isMegawatt":false,"status":"AVAILABLE","source":"ndw","priceKwh":0.4}},{"type":"Feature","geometry":{"type":"Point","coordinates":[5.087944,51.983865]},"properties":{"type":"charge","layer":"passenger","locationId":"d5ac98d7921a41e1a7ff","name":"Clarissenhof 1 Vianen","address":"Clarissenhof 1","city":"Vianen","operatorName":"Opcharge","maxPowerKw":22,"isMegawatt":false,"status":"AVAILABLE","source":"ndw","priceKwh":0.49}},{"type":"Feature","geometry":{"type":"Point","coordinates":[5.097567,51.889172]},"properties":{"type":"charge","layer":"passenger","locationId":"922603","name":"DAE-NL-2000038","address":"Narva 31","city":"Leerdam","operatorName":"DAEN Mobility","maxPowerKw":11,"isMegawatt":false,"status":"AVAILABLE","source":"ndw","priceKwh":0.28}},{"type":"Feature","geometry":{"type":"Point","coordinates":[5.091753,51.895447]},"properties":{"type":"charge","layer":"passenger","locationId":"54AEF525-4B3E-4E51-A928-9BFF87F4EC76","name":"TNLP034371 - Roekstraat 2, Leerdam","address":"2 Roekstraat","city":"Leerdam","operatorName":"TotalEnergies","maxPowerKw":13,"isMegawatt":false,"status":"AVAILABLE","source":"ndw"}},{"type":"Feature","geometry":{"type":"Point","coordinates":[5.117105,51.98774]},"properties":{"type":"charge","layer":"passenger","locationId":"D3496288-9C1E-4A9D-B516-D8003D21D21A","name":"TNLP008153 - Lekstraat 66, Hoef En Haag","address":"66 Lekstraat","city":"Hoef En Haag","operatorName":"TotalEnergies","maxPowerKw":17,"isMegawatt":false,"status":"AVAILABLE","source":"ndw"}},{"type":"Feature","geometry":{"type":"Point","coordinates":[5.073679,51.986343]},"properties":{"type":"charge","layer":"passenger","locationId":"NLLOC023625","name":"NL, Amaliastein 237, 4133 JM Vianen","address":"Amaliastein 237","city":"Vianen","operatorName":"Allego","maxPowerKw":11,"isMegawatt":false,"status":"AVAILABLE","source":"ndw","priceKwh":0.511}},{"type":"Feature","geometry":{"type":"Point","coordinates":[4.983024,51.899554]},"properties":{"type":"charge","layer":"passenger","locationId":"6a80ab48-df2e-4b17-9468-4c1479c112d3","name":"Meerkerk, Netherlands","address":"116, Energieweg","city":"Meerkerk","operatorName":"Tesla","maxPowerKw":250,"isMegawatt":false,"status":"AVAILABLE","source":"ndw","priceKwh":0.49}},{"type":"Feature","geometry":{"type":"Point","coordinates":[4.980953,51.899364]},"properties":{"type":"charge","layer":"passenger","locationId":"9cf6c16b-b043-4ba8-b7ca-872f82a0faf4","name":"Energieweg","address":"Energieweg 118","city":"Meerkerk","operatorName":"Vattenfall InCharge","maxPowerKw":50,"isMegawatt":false,"status":"AVAILABLE","source":"ndw","priceKwh":0.46}},{"type":"Feature","geometry":{"type":"Point","coordinates":[5.105025,51.901481]},"properties":{"type":"charge","layer":"passenger","locationId":"63d7ac49d90b7900128a9949","name":"Laadpunt Leerdam","address":"Techniekweg  22","city":"Leerdam","operatorName":"E-Flux by Road","maxPowerKw":22,"isMegawatt":false,"status":"UNAVAILABLE","source":"ndw","priceKwh":0.42}},{"type":"Feature","geometry":{"type":"Point","coordinates":[4.946339,51.960653]},"properties":{"type":"charge","layer":"passenger","locationId":"NLLOC015390","name":"NL, Kweldam, 20, 4235VR, Tienhoven aan de Lek","address":"Kweldam 20","city":"Tienhoven aan de Lek","operatorName":"Allego","maxPowerKw":11,"isMegawatt":false,"status":"AVAILABLE","source":"ndw","priceKwh":0.511}},{"type":"Feature","geometry":{"type":"Point","coordinates":[5.115962,51.984817]},"properties":{"type":"charge","layer":"passenger","locationId":"91053830","name":"50five-S NL 07113006","address":"Notarisappelpad 14","city":"Hoef en Haag","operatorName":"50five","maxPowerKw":16,"isMegawatt":false,"status":"AVAILABLE","source":"ndw"}},{"type":"Feature","geometry":{"type":"Point","coordinates":[5.0828339,51.9826131]},"properties":{"type":"charge","layer":"passenger","locationId":"1151","name":"Shell Recharge NL Dominicushof 146","address":"Dominicushof 146","city":"Vianen","operatorName":"Ubitricity","maxPowerKw":22,"isMegawatt":false,"status":"UNAVAILABLE","source":"ndw","priceKwh":0.267}},{"type":"Feature","geometry":{"type":"Point","coordinates":[4.993607,51.918813]},"properties":{"type":"charge","layer":"passenger","locationId":"NLLOC005666","name":"NLD Watertoren 3, 4231 WT Meerkerk","address":"Watertoren 3","city":"Meerkerk","operatorName":"Allego","maxPowerKw":11,"isMegawatt":false,"status":"AVAILABLE","source":"ndw","priceKwh":0.511}},{"type":"Feature","geometry":{"type":"Point","coordinates":[4.98484,51.9119]},"properties":{"type":"charge","layer":"passenger","locationId":"31341","name":"Fastned Blommendaal","address":"Blommendaal A27","city":"Meerkerk","operatorName":"Fastned","maxPowerKw":150,"isMegawatt":false,"status":"AVAILABLE","source":"ndw","priceKwh":0.6364}},{"type":"Feature","geometry":{"type":"Point","coordinates":[5.076187,51.886366]},"properties":{"type":"charge","layer":"passenger","locationId":"923224","name":"DAE_NL_2001090","address":"Kollergang 14","city":"Gouda","operatorName":"DAEN Mobility","maxPowerKw":11,"isMegawatt":false,"status":"AVAILABLE","source":"ndw","priceKwh":0.3}},{"type":"Feature","geometry":{"type":"Point","coordinates":[5.0802,51.89509]},"properties":{"type":"charge","layer":"passenger","locationId":"6d42b6dc215a1de62e758d1b5ac553c2","name":"Donjon 24","address":"Donjon 24","city":"Leerdam","operatorName":"Vattenfall InCharge","maxPowerKw":11,"isMegawatt":false,"status":"CHARGING","source":"ndw","priceKwh":0.2805}},{"type":"Feature","geometry":{"type":"Point","coordinates":[5.106492,51.891093]},"properties":{"type":"charge","layer":"passenger","locationId":"1103685","name":"LINGESTEYN_LAADPLEIN","address":"Lingesteynplantsoen 20","city":"Leerdam","operatorName":"Smappee","maxPowerKw":22,"isMegawatt":false,"status":"AVAILABLE","source":"ndw","priceKwh":0.462}},{"type":"Feature","geometry":{"type":"Point","coordinates":[5.102347,51.991898]},"properties":{"type":"charge","layer":"passenger","locationId":"84A34F7E-B568-445B-8BA4-E35A2FE7E955","name":"TNLP009999 - Lippe-Detmoldplein 10, Vianen","address":"10 Lippe-Detmoldplein","city":"Vianen","operatorName":"TotalEnergies","maxPowerKw":17,"isMegawatt":false,"status":"CHARGING","source":"ndw"}},{"type":"Feature","geometry":{"type":"Point","coordinates":[5.0696325,51.9842786]},"properties":{"type":"charge","layer":"passenger","locationId":"762","name":"Shell Recharge NL Amaliastein 36","address":"Amaliastein 36","city":"Vianen","operatorName":"Ubitricity","maxPowerKw":22,"isMegawatt":false,"status":"AVAILABLE","source":"ndw","priceKwh":0.267}},{"type":"Feature","geometry":{"type":"Point","coordinates":[5.07408,51.887863]},"properties":{"type":"charge","layer":"passenger","locationId":"NLLOC005066","name":"NLD, Opaline 21, 4142 RH Leerdam","address":"Opaline 21","city":"Leerdam","operatorName":"Allego","maxPowerKw":11,"isMegawatt":false,"status":"AVAILABLE","source":"ndw","priceKwh":0.511}},{"type":"Feature","geometry":{"type":"Point","coordinates":[5.081148,51.945421]},"properties":{"type":"charge","layer":"passenger","locationId":"NLLOC005435","name":"NLD, Schoolstraat 14, Hei- en Boeicop","address":"Schoolstraat 14","city":"Hei- en Boeicop","operatorName":"Allego","maxPowerKw":11,"isMegawatt":false,"status":"AVAILABLE","source":"ndw","priceKwh":0.511}},{"type":"Feature","geometry":{"type":"Point","coordinates":[5.102856,51.994536]},"properties":{"type":"charge","layer":"passenger","locationId":"NLLOC002609","name":"NLD, Vijfheerenlanden 556, 4131 GT Vianen","address":"Vijfheerenlanden 556","city":"Vianen","operatorName":"Allego","maxPowerKw":11,"isMegawatt":false,"status":"AVAILABLE","source":"ndw","priceKwh":0.511}},{"type":"Feature","geometry":{"type":"Point","coordinates":[4.981743,51.899912]},"properties":{"type":"charge","layer":"passenger","locationId":"d25ec401-9471-4b92-b1de-1f453395cf29","name":"Tango Meerkerk 5-6","address":"Energieweg 117A","city":"Meerkerk","operatorName":"Tango electric","maxPowerKw":300,"isMegawatt":false,"status":"AVAILABLE","source":"ndw","priceKwh":0.6}},{"type":"Feature","geometry":{"type":"Point","coordinates":[5.079485,51.982613]},"properties":{"type":"charge","layer":"passenger","locationId":"F347D4E5-CFA4-472F-AB05-994D04A59920","name":"TNLP008271 - Rietkamp 87, Vianen","address":"87 Rietkamp","city":"Vianen","operatorName":"TotalEnergies","maxPowerKw":14,"isMegawatt":false,"status":"AVAILABLE","source":"ndw"}},{"type":"Feature","geometry":{"type":"Point","coordinates":[5.0960133,51.8932274]},"properties":{"type":"charge","layer":"passenger","locationId":"1152","name":"Shell Recharge NL Vlietskant 53","address":"Vlietskant 53","city":"Leerdam","operatorName":"Ubitricity","maxPowerKw":22,"isMegawatt":false,"status":"AVAILABLE","source":"ndw","priceKwh":0.267}},{"type":"Feature","geometry":{"type":"Point","coordinates":[5.0799603,51.8945]},"properties":{"type":"charge","layer":"passenger","locationId":"D71F0C17-0DFF-4E86-98FE-258AF6B3A25E","name":"TNLP009048 - Donjon 6, Leerdam","address":"6 Donjon","city":"Leerdam","operatorName":"TotalEnergies","maxPowerKw":17,"isMegawatt":false,"status":"CHARGING","source":"ndw"}},{"type":"Feature","geometry":{"type":"Point","coordinates":[5.12452,51.987797]},"properties":{"type":"charge","layer":"passenger","locationId":"08AF146E-ECA9-4CBA-BBFC-B104CFA1B368","name":"TNLP007875 - Hoevesteinse Lint 46, Hoef En Haag","address":"46 Hoevesteinse Lint","city":"Hoef En Haag","operatorName":"TotalEnergies","maxPowerKw":17,"isMegawatt":false,"status":"AVAILABLE","source":"ndw"}},{"type":"Feature","geometry":{"type":"Point","coordinates":[5.090327,51.995284]},"properties":{"type":"charge","layer":"passenger","locationId":"NLLOC002934","name":"NL, Hofplein 6, 4132 VL Vianen","address":"Hofplein 6","city":"Vianen","operatorName":"Allego","maxPowerKw":11,"isMegawatt":false,"status":"AVAILABLE","source":"ndw","priceKwh":0.511}},{"type":"Feature","geometry":{"type":"Point","coordinates":[5.106617,51.995224]},"properties":{"type":"charge","layer":"passenger","locationId":"B71FD3D9-1146-432E-9C55-3EC933C94D66","name":"TNLP009184 - Populierstraat 1, Vianen","address":"1 Populierstraat","city":"Vianen","operatorName":"TotalEnergies","maxPowerKw":17,"isMegawatt":false,"status":"AVAILABLE","source":"ndw"}},{"type":"Feature","geometry":{"type":"Point","coordinates":[5.126324,51.992417]},"properties":{"type":"charge","layer":"passenger","locationId":"e6f29b81197d42ab8f43444ea3bf0792","name":"HGB Zuid, BPI Fase1 A27 Hagesteinsebrug","address":"Lekdijk 2","city":"Hagestein","operatorName":"","maxPowerKw":22,"isMegawatt":false,"status":"AVAILABLE","source":"ndw","priceKwh":0.55}},{"type":"Feature","geometry":{"type":"Point","coordinates":[5.10907,51.993841]},"properties":{"type":"charge","layer":"passenger","locationId":"d44fda4b656f4db1b5111a337d8d9600","name":"Bouwlocatie A27 Vianen","address":"Hagenweg 8","city":"Vianen","operatorName":"NRG Accounting","maxPowerKw":11,"isMegawatt":false,"status":"UNAVAILABLE","source":"ndw","priceKwh":0.55}},{"type":"Feature","geometry":{"type":"Point","coordinates":[5.082349,51.9874]},"properties":{"type":"charge","layer":"passenger","locationId":"5371","name":"Shell Recharge NL9385 MRA-e Vianen Uithoflaan","address":"Vianen Uithoflaan","city":"Vianen","operatorName":"Shell Recharge","maxPowerKw":50,"isMegawatt":false,"status":"AVAILABLE","source":"ndw","priceKwh":0.543}},{"type":"Feature","geometry":{"type":"Point","coordinates":[5.095265,51.982485]},"properties":{"type":"charge","layer":"passenger","locationId":"88925708","name":"Laadpaal24 OfficesXL","address":"Havenweg 24","city":"Vianen","operatorName":"Laadpaal24","maxPowerKw":11,"isMegawatt":false,"status":"AVAILABLE","source":"ndw"}},{"type":"Feature","geometry":{"type":"Point","coordinates":[5.09249,51.975795]},"properties":{"type":"charge","layer":"passenger","locationId":"923420","name":"DAE_NL_2001261","address":"Marconiweg 2c","city":"Vianen","operatorName":"DAEN Mobility","maxPowerKw":11,"isMegawatt":false,"status":"AVAILABLE","source":"ndw","priceKwh":0.4}},{"type":"Feature","geometry":{"type":"Point","coordinates":[5.114578,51.922766]},"properties":{"type":"charge","layer":"passenger","locationId":"NLLOC018252","name":"NL, Steenovenweg 29, 4145KK, Schoonrewoerd","address":"Steenovenweg 29","city":"Schoonrewoerd","operatorName":"Allego","maxPowerKw":11,"isMegawatt":false,"status":"CHARGING","source":"ndw","priceKwh":0.511}},{"type":"Feature","geometry":{"type":"Point","coordinates":[5.084926,51.895241]},"properties":{"type":"charge","layer":"passenger","locationId":"1153217","name":"50eec949-8c08-440b-b94d-424272293621","address":"Gerbrandylaan 44","city":"Leerdam","operatorName":"DAEN Mobility","maxPowerKw":11,"isMegawatt":false,"status":"AVAILABLE","source":"ndw","priceKwh":0.28}},{"type":"Feature","geometry":{"type":"Point","coordinates":[5.108952,51.981566]},"properties":{"type":"charge","layer":"passenger","locationId":"4226385","name":"Laadnet Voordeur Dijkleger 4 Vianen","address":"Dijkleger 4","city":"Vianen","operatorName":"Laadnet","maxPowerKw":22,"isMegawatt":false,"status":"UNAVAILABLE","source":"ndw"}},{"type":"Feature","geometry":{"type":"Point","coordinates":[5.095864,51.978588]},"properties":{"type":"charge","layer":"passenger","locationId":"91179516","name":"50five-S NL Vianen, De Limiet 2","address":"De Limiet 2","city":"Vianen","operatorName":"50five","maxPowerKw":11,"isMegawatt":false,"status":"AVAILABLE","source":"ndw"}},{"type":"Feature","geometry":{"type":"Point","coordinates":[5.09489,51.986923]},"properties":{"type":"charge","layer":"passenger","locationId":"8AA0DD00-F9D2-4622-9D13-EB12DF289D6F","name":"TNLP008417 - Stammershoefstraat 14, Vianen","address":"14 Stammershoefstraat","city":"Vianen","operatorName":"TotalEnergies","maxPowerKw":14,"isMegawatt":false,"status":"AVAILABLE","source":"ndw"}},{"type":"Feature","geometry":{"type":"Point","coordinates":[5.0774637,51.9841635]},"properties":{"type":"charge","layer":"passenger","locationId":"1138","name":"Shell Recharge NL Beltmolen 2","address":"Beltmolen 2","city":"Vianen","operatorName":"Ubitricity","maxPowerKw":22,"isMegawatt":false,"status":"AVAILABLE","source":"ndw","priceKwh":0.267}},{"type":"Feature","geometry":{"type":"Point","coordinates":[5.073498,51.89064]},"properties":{"type":"charge","layer":"passenger","locationId":"dbd01418-07f0-421a-bf52-6e531135b3bb","name":"TNLP008403 - Kristallaan 10, Leerdam","address":"10 Kristallaan","city":"Leerdam","operatorName":"TotalEnergies","maxPowerKw":14,"isMegawatt":false,"status":"AVAILABLE","source":"ndw"}},{"type":"Feature","geometry":{"type":"Point","coordinates":[5.1176289,51.9889408]},"properties":{"type":"charge","layer":"passenger","locationId":"841","name":"Shell Recharge NL Greppelstraat 9","address":"Greppelstraat 9","city":"Hoef en Haag","operatorName":"Ubitricity","maxPowerKw":22,"isMegawatt":false,"status":"AVAILABLE","source":"ndw","priceKwh":0.267}},{"type":"Feature","geometry":{"type":"Point","coordinates":[5.109604,51.981703]},"properties":{"type":"charge","layer":"passenger","locationId":"4226383","name":"Laadnet Parkeerplaats links Dijkleger 4 Vianen","address":"Dijkleger 4","city":"Vianen","operatorName":"Laadnet","maxPowerKw":22,"isMegawatt":false,"status":"AVAILABLE","source":"ndw"}},{"type":"Feature","geometry":{"type":"Point","coordinates":[5.098508,51.900707]},"properties":{"type":"charge","layer":"passenger","locationId":"5683BDE6-BE14-4C5D-AE5A-D402B2BC76DF","name":"TNLP007948 - Pfinztalstraat 22, Leerdam","address":"22 Pfinztalstraat","city":"Leerdam","operatorName":"TotalEnergies","maxPowerKw":17,"isMegawatt":false,"status":"AVAILABLE","source":"ndw"}},{"type":"Feature","geometry":{"type":"Point","coordinates":[5.0330005,51.9612698]},"properties":{"type":"charge","layer":"passenger","locationId":"977","name":"Shell Recharge NL Meester Haafkensstraat 6","address":"Meester Haafkensstraat 6","city":"Lexmond","operatorName":"Ubitricity","maxPowerKw":22,"isMegawatt":false,"status":"AVAILABLE","source":"ndw","priceKwh":0.267}},{"type":"Feature","geometry":{"type":"Point","coordinates":[5.07695,51.980614]},"properties":{"type":"charge","layer":"passenger","locationId":"4A9A9AA3-8195-4EEE-B11F-DAB886C68442","name":"TNLP008599 - Klaverkamp 132, Vianen","address":"132 Klaverkamp","city":"Vianen","operatorName":"TotalEnergies","maxPowerKw":14,"isMegawatt":false,"status":"AVAILABLE","source":"ndw"}},{"type":"Feature","geometry":{"type":"Point","coordinates":[5.09233,51.891847]},"properties":{"type":"charge","layer":"passenger","locationId":"NLLOC003325","name":"NLD Markthof 4, 4141BK Leerdam","address":"Markthof 4","city":"Leerdam","operatorName":"Allego","maxPowerKw":11,"isMegawatt":false,"status":"AVAILABLE","source":"ndw","priceKwh":0.511}},{"type":"Feature","geometry":{"type":"Point","coordinates":[5.07039,51.89101]},"properties":{"type":"charge","layer":"passenger","locationId":"54bf28b0c4b67a0a435b9a246c57a730","name":"Pijpenklopperstraat 24","address":"Pijpenklopperstraat 24","city":"Leerdam","operatorName":"Vattenfall InCharge","maxPowerKw":11,"isMegawatt":false,"status":"AVAILABLE","source":"ndw","priceKwh":0.2805}},{"type":"Feature","geometry":{"type":"Point","coordinates":[5.0735008,51.9836878]},"properties":{"type":"charge","layer":"passenger","locationId":"1104","name":"Shell Recharge NL Walmolen 39","address":"Walmolen 39","city":"Vianen","operatorName":"Ubitricity","maxPowerKw":22,"isMegawatt":false,"status":"AVAILABLE","source":"ndw","priceKwh":0.267}},{"type":"Feature","geometry":{"type":"Point","coordinates":[5.076374,51.887091]},"properties":{"type":"charge","layer":"passenger","locationId":"b89f1ee015f8ec299124f63b2b6e5a77","name":"Stiefel 63","address":"Stiefel 63","city":"Leerdam","operatorName":"Vattenfall InCharge","maxPowerKw":11,"isMegawatt":false,"status":"AVAILABLE","source":"ndw","priceKwh":0.2805}},{"type":"Feature","geometry":{"type":"Point","coordinates":[5.085499,51.88317]},"properties":{"type":"charge","layer":"passenger","locationId":"E68E2668-D874-4710-B988-2326FBF8E56A","name":"TNLP008425 - Glashof 50, Leerdam","address":"50 Glashof","city":"Leerdam","operatorName":"TotalEnergies","maxPowerKw":14,"isMegawatt":false,"status":"AVAILABLE","source":"ndw"}},{"type":"Feature","geometry":{"type":"Point","coordinates":[5.108001,51.90016]},"properties":{"type":"charge","layer":"passenger","locationId":"91107518","name":"50five-S NL 19B01423","address":"Gildenstraat 36","city":"Leerdam","operatorName":"50five","maxPowerKw":11,"isMegawatt":false,"status":"AVAILABLE","source":"ndw"}},{"type":"Feature","geometry":{"type":"Point","coordinates":[5.075478,51.88976]},"properties":{"type":"charge","layer":"passenger","locationId":"51AC1B4E-1EF7-4BD0-9768-161E31A60B3C","name":"TNLP009511 - Beukstraat 13, Leerdam","address":"13 Beukstraat","city":"Leerdam","operatorName":"TotalEnergies","maxPowerKw":15,"isMegawatt":false,"status":"AVAILABLE","source":"ndw"}},{"type":"Feature","geometry":{"type":"Point","coordinates":[4.998008,51.922031]},"properties":{"type":"charge","layer":"passenger","locationId":"923562","name":"PBLR-0029988","address":"Zouwendijk 4","city":"Meerkerk","operatorName":"DAEN Mobility","maxPowerKw":4,"isMegawatt":false,"status":"CHARGING","source":"ndw","priceKwh":0.42}},{"type":"Feature","geometry":{"type":"Point","coordinates":[5.07701,51.984]},"properties":{"type":"charge","layer":"passenger","locationId":"4EDB4E76-F639-4C67-A08C-555A416C69F5","name":"TNLP009162 - Dammolen 67, Vianen","address":"67 Dammolen","city":"Vianen","operatorName":"TotalEnergies","maxPowerKw":17,"isMegawatt":false,"status":"AVAILABLE","source":"ndw"}},{"type":"Feature","geometry":{"type":"Point","coordinates":[5.083175,51.8861]},"properties":{"type":"charge","layer":"passenger","locationId":"2571DFB7-DFAA-4C49-B5D8-5CCFAC0E0B38","name":"TNLP007531 - Leliestraat 2, Leerdam","address":"2 Leliestraat","city":"Leerdam","operatorName":"TotalEnergies","maxPowerKw":17,"isMegawatt":false,"status":"AVAILABLE","source":"ndw"}},{"type":"Feature","geometry":{"type":"Point","coordinates":[5.120829,51.99068]},"properties":{"type":"charge","layer":"passenger","locationId":"303D896E-738C-437E-AE5C-FAA330DC6D45","name":"TNLP034343 - Ganzerikerf 10, Hoef en Haag","address":"10 Ganzerikerf","city":"Hoef en Haag","operatorName":"TotalEnergies","maxPowerKw":13,"isMegawatt":false,"status":"AVAILABLE","source":"ndw"}},{"type":"Feature","geometry":{"type":"Point","coordinates":[5.073908,51.889275]},"properties":{"type":"charge","layer":"passenger","locationId":"FDF60242-4211-42BE-BCFF-B065E03E9AD3","name":"TNLP007533 - Keizerrood 15, Leerdam","address":"15 Keizerrood","city":"Leerdam","operatorName":"TotalEnergies","maxPowerKw":17,"isMegawatt":false,"status":"AVAILABLE","source":"ndw"}},{"type":"Feature","geometry":{"type":"Point","coordinates":[5.116914,51.986349]},"properties":{"type":"charge","layer":"passenger","locationId":"68a84d2f77da2862d77375a7","name":"Danny Kemp 's station","address":"2de Graaf van Hollanddijk  34","city":"Hoef en Haag","operatorName":"E-Flux by Road","maxPowerKw":7,"isMegawatt":false,"status":"AVAILABLE","source":"ndw","priceKwh":0.44}},{"type":"Feature","geometry":{"type":"Point","coordinates":[5.10451,51.900944]},"properties":{"type":"charge","layer":"passenger","locationId":"63d7ab9864e3fd0012e269d3","name":"Laadpunt Leerdam","address":"Techniekweg 22","city":"Leerdam","operatorName":"E-Flux by Road","maxPowerKw":22,"isMegawatt":false,"status":"AVAILABLE","source":"ndw","priceKwh":0.42}},{"type":"Feature","geometry":{"type":"Point","coordinates":[5.105924,51.901566]},"properties":{"type":"charge","layer":"passenger","locationId":"69943105bbd73b7449c98b80","name":"Laadstation Burdie BV","address":"Techniekweg  23","city":"Leerdam","operatorName":"E-Flux by Road","maxPowerKw":11,"isMegawatt":false,"status":"AVAILABLE","source":"ndw","priceKwh":0.53}},{"type":"Feature","geometry":{"type":"Point","coordinates":[5.074201,51.9871]},"properties":{"type":"charge","layer":"passenger","locationId":"91232474","name":"50five-S NL 03000656","address":"Margaretha van Daunstraat 27","city":"Vijfheerenlanden","operatorName":"50five","maxPowerKw":4,"isMegawatt":false,"status":"CHARGING","source":"ndw"}},{"type":"Feature","geometry":{"type":"Point","coordinates":[5.035782,51.96017]},"properties":{"type":"charge","layer":"passenger","locationId":"96b14d120ebef4b3852d31edb7088a55","name":"Dominee Magendansstraat 10","address":"Dominee Magendansstraat 10","city":"Lexmond","operatorName":"Vattenfall InCharge","maxPowerKw":11,"isMegawatt":false,"status":"AVAILABLE","source":"ndw","priceKwh":0.2805}},{"type":"Feature","geometry":{"type":"Point","coordinates":[5.111711,51.98046]},"properties":{"type":"charge","layer":"passenger","locationId":"4175078","name":"Laadnet High 5 Vastgoed","address":"Tuinschouw 8","city":"Hagestein","operatorName":"Laadnet","maxPowerKw":22,"isMegawatt":false,"status":"AVAILABLE","source":"ndw"}},{"type":"Feature","geometry":{"type":"Point","coordinates":[5.087816,51.984305]},"properties":{"type":"charge","layer":"passenger","locationId":"63489970482246ab85df","name":"Clarissenhof 5 Vianen","address":"Clarissenhof 5","city":"Vianen","operatorName":"Opcharge","maxPowerKw":22,"isMegawatt":false,"status":"AVAILABLE","source":"ndw","priceKwh":0.49}},{"type":"Feature","geometry":{"type":"Point","coordinates":[5.106705,51.893631]},"properties":{"type":"charge","layer":"passenger","locationId":"91054230","name":"50five-S NL 07110337","address":"Oud Schaik 46","city":"Leerdam","operatorName":"50five","maxPowerKw":11,"isMegawatt":false,"status":"CHARGING","source":"ndw"}},{"type":"Feature","geometry":{"type":"Point","coordinates":[5.077413,51.9789]},"properties":{"type":"charge","layer":"passenger","locationId":"C29C278A-F168-4B57-A255-7115471B1DF6","name":"TNLP007716 - Klaverkamp 68, Vianen","address":"68 Klaverkamp","city":"Vianen","operatorName":"TotalEnergies","maxPowerKw":17,"isMegawatt":false,"status":"AVAILABLE","source":"ndw"}},{"type":"Feature","geometry":{"type":"Point","coordinates":[5.1257714,51.9896824]},"properties":{"type":"charge","layer":"passenger","locationId":"988","name":"Shell Recharge NL Plataanpad 41","address":"Plataanpad 41","city":"Hoef en Haag","operatorName":"Ubitricity","maxPowerKw":22,"isMegawatt":false,"status":"AVAILABLE","source":"ndw","priceKwh":0.267}},{"type":"Feature","geometry":{"type":"Point","coordinates":[5.101983,51.896429]},"properties":{"type":"charge","layer":"passenger","locationId":"6881f87e926cb273ccb78db8","name":"PublicChargerEnergieweg_15m_2","address":"Energieweg 15m","city":"Leerdam","operatorName":"E-Flux by Road","maxPowerKw":22,"isMegawatt":false,"status":"AVAILABLE","source":"ndw","priceKwh":0.38}},{"type":"Feature","geometry":{"type":"Point","coordinates":[5.033309,51.958103]},"properties":{"type":"charge","layer":"passenger","locationId":"60e6ebdaf3f342340d99f311","name":"Driemolensweg 2, Lexmond","address":"Driemolensweg 2","city":"Lexmond","operatorName":"E-Flux by Road","maxPowerKw":22,"isMegawatt":false,"status":"AVAILABLE","source":"ndw","priceKwh":0.38}},{"type":"Feature","geometry":{"type":"Point","coordinates":[5.09927,51.89723]},"properties":{"type":"charge","layer":"passenger","locationId":"2B9AE76E-5B30-4193-A0B0-BF10C9DD23F2","name":"Eneco eMobility Fokkerstraat 22 Leerdam","address":"Fokkerstraat 22","city":"Leerdam","operatorName":"Eneco","maxPowerKw":22,"isMegawatt":false,"status":"AVAILABLE","source":"ndw","priceKwh":0.35}},{"type":"Feature","geometry":{"type":"Point","coordinates":[5.15676,51.965816]},"properties":{"type":"charge","layer":"passenger","locationId":"NLLOC002604","name":"NLD, Het Lijne Pad 7, 4121EZ Everdingen","address":"Het Lijne Pad 7","city":"Everdingen","operatorName":"Allego","maxPowerKw":11,"isMegawatt":false,"status":"AVAILABLE","source":"ndw","priceKwh":0.511}},{"type":"Feature","geometry":{"type":"Point","coordinates":[5.100755,51.992877]},"properties":{"type":"charge","layer":"passenger","locationId":"NLLOC002645","name":"NLD, Vijfheerenlanden 374, 4131GG Vianen","address":"Vijfheerenlanden 374","city":"Vianen","operatorName":"Allego","maxPowerKw":11,"isMegawatt":false,"status":"AVAILABLE","source":"ndw","priceKwh":0.511}},{"type":"Feature","geometry":{"type":"Point","coordinates":[5.095773,51.986609]},"properties":{"type":"charge","layer":"passenger","locationId":"NLLOC002731","name":"NLD, Batenborch 1, 4132 HS Vianen","address":"Batenborch 1","city":"Vianen","operatorName":"Allego","maxPowerKw":11,"isMegawatt":false,"status":"AVAILABLE","source":"ndw","priceKwh":0.511}},{"type":"Feature","geometry":{"type":"Point","coordinates":[5.113848,51.987603]},"properties":{"type":"charge","layer":"passenger","locationId":"NLLOC020384","name":"NL, 1ste Poortstraat 23, 4125 TA Hoef en Haag","address":"1ste Poortstraat 23","city":"Hoef en Haag","operatorName":"Allego","maxPowerKw":11,"isMegawatt":false,"status":"AVAILABLE","source":"ndw","priceKwh":0.511}},{"type":"Feature","geometry":{"type":"Point","coordinates":[5.119432,51.98568]},"properties":{"type":"charge","layer":"passenger","locationId":"NLLOC007551","name":"NL, Gieser Wildemanpad 23, 4125 RM, Hoef en Haag","address":"Gieser Wildemanpad 23","city":"Hoef en Haag","operatorName":"Allego","maxPowerKw":11,"isMegawatt":false,"status":"AVAILABLE","source":"ndw","priceKwh":0.511}},{"type":"Feature","geometry":{"type":"Point","coordinates":[5.09018,51.98472]},"properties":{"type":"charge","layer":"passenger","locationId":"1BA3D2A3-AF92-4138-B77B-882978DAD753","name":"TNLP009835 - Wilhelminastraat 24, Vianen","address":"24 Wilhelminastraat","city":"Vianen","operatorName":"TotalEnergies","maxPowerKw":17,"isMegawatt":false,"status":"AVAILABLE","source":"ndw"}},{"type":"Feature","geometry":{"type":"Point","coordinates":[5.090931,51.99106]},"properties":{"type":"charge","layer":"passenger","locationId":"3FB16DF1-DE1F-48BC-8F54-8B6DACEE1941","name":"TNLP015301 - De Bleek 1, Vianen","address":"1 De Bleek","city":"Vianen","operatorName":"TotalEnergies","maxPowerKw":17,"isMegawatt":false,"status":"AVAILABLE","source":"ndw"}},{"type":"Feature","geometry":{"type":"Point","coordinates":[5.074455,51.88581]},"properties":{"type":"charge","layer":"passenger","locationId":"D9638C78-3652-4DFC-BECC-DB52DD2FDB9C","name":"TNLP008393 - De Wan 3, Leerdam","address":"3 De Wan","city":"Leerdam","operatorName":"TotalEnergies","maxPowerKw":13,"isMegawatt":false,"status":"UNAVAILABLE","source":"ndw"}},{"type":"Feature","geometry":{"type":"Point","coordinates":[5.066293,51.947602]},"properties":{"type":"charge","layer":"passenger","locationId":"4157426","name":"Laadnet Hei en Boeicopseweg","address":"Hei en Boeicopseweg 129","city":"Hei- en Boeicop","operatorName":"Laadnet","maxPowerKw":11,"isMegawatt":false,"status":"UNAVAILABLE","source":"ndw"}},{"type":"Feature","geometry":{"type":"Point","coordinates":[4.998848,51.92093]},"properties":{"type":"charge","layer":"passenger","locationId":"NLLOC005048","name":"NLD, Kleine Kanaaldijk 3, 4231 BD Meerkerk","address":"Kleine Kanaaldijk 3","city":"Meerkerk","operatorName":"Allego","maxPowerKw":11,"isMegawatt":false,"status":"AVAILABLE","source":"ndw","priceKwh":0.511}},{"type":"Feature","geometry":{"type":"Point","coordinates":[5.10538,51.99225]},"properties":{"type":"charge","layer":"passenger","locationId":"56a207fe8c2973f3676393008cd0bbd0","name":"Haviklaan 28","address":"Haviklaan 28","city":"Vianen","operatorName":"Vattenfall InCharge","maxPowerKw":11,"isMegawatt":false,"status":"AVAILABLE","source":"ndw","priceKwh":0.2805}},{"type":"Feature","geometry":{"type":"Point","coordinates":[5.101202,51.98612]},"properties":{"type":"charge","layer":"passenger","locationId":"67f8c7e0482be6ad322f6ca3","name":"Shell Vianen","address":"Stuartweg 5","city":"Vianen","operatorName":"E-Flux by Road","maxPowerKw":176,"isMegawatt":false,"status":"AVAILABLE","source":"ndw","priceKwh":0.73}},{"type":"Feature","geometry":{"type":"Point","coordinates":[4.962842,51.957126]},"properties":{"type":"charge","layer":"passenger","locationId":"NLLOC002850","name":"NLD, Benedendamsestraat 5, 4233EN Ameide","address":"Benedendamsestraat 5","city":"Ameide","operatorName":"Allego","maxPowerKw":11,"isMegawatt":false,"status":"AVAILABLE","source":"ndw","priceKwh":0.511}},{"type":"Feature","geometry":{"type":"Point","coordinates":[5.089447,51.896436]},"properties":{"type":"charge","layer":"passenger","locationId":"NLLOC018853","name":"NL, Spreeuwstraat 2, 4143 AH Leerdam","address":"Spreeuwstraat 2","city":"Leerdam","operatorName":"Allego","maxPowerKw":11,"isMegawatt":false,"status":"CHARGING","source":"ndw","priceKwh":0.511}},{"type":"Feature","geometry":{"type":"Point","coordinates":[5.110812,51.889006]},"properties":{"type":"charge","layer":"passenger","locationId":"91052527","name":"50five-S NL 17B31991","address":"Prins Clausstraat 1","city":"Leerdam","operatorName":"50five","maxPowerKw":4,"isMegawatt":false,"status":"AVAILABLE","source":"ndw"}},{"type":"Feature","geometry":{"type":"Point","coordinates":[5.154842,51.963468]},"properties":{"type":"charge","layer":"passenger","locationId":"NLLOC001580","name":"NLD, Everdingen, Graaf Florisstraat 4","address":"Graaf Florisstraat 4","city":"Everdingen","operatorName":"Allego","maxPowerKw":11,"isMegawatt":false,"status":"AVAILABLE","source":"ndw","priceKwh":0.511}},{"type":"Feature","geometry":{"type":"Point","coordinates":[5.073703,51.988865]},"properties":{"type":"charge","layer":"passenger","locationId":"91095256","name":"50five-S NL 17B04710","address":"Margaretha van Daunstraat 14","city":"Vianen","operatorName":"50five","maxPowerKw":11,"isMegawatt":false,"status":"CHARGING","source":"ndw"}},{"type":"Feature","geometry":{"type":"Point","coordinates":[4.961603,51.95296]},"properties":{"type":"charge","layer":"passenger","locationId":"32B45E1C-E22A-48A2-BFAB-3A1C1C15D167","name":"TNLP008516 - De Tuinhof 7, Ameide","address":"7 De Tuinhof","city":"Ameide","operatorName":"TotalEnergies","maxPowerKw":14,"isMegawatt":false,"status":"AVAILABLE","source":"ndw"}},{"type":"Feature","geometry":{"type":"Point","coordinates":[5.097478,51.889055]},"properties":{"type":"charge","layer":"passenger","locationId":"91067794","name":"50five-S NL 17B25363","address":"Narva 33","city":"Leerdam","operatorName":"50five","maxPowerKw":11,"isMegawatt":false,"status":"AVAILABLE","source":"ndw"}},{"type":"Feature","geometry":{"type":"Point","coordinates":[5.096601,51.891376]},"properties":{"type":"charge","layer":"passenger","locationId":"NLLOC016663","name":"NL, Oranje Nassaulaan 35, 4141 CR Leerdam","address":"Oranje Nassaulaan 35","city":"Leerdam","operatorName":"Allego","maxPowerKw":11,"isMegawatt":false,"status":"AVAILABLE","source":"ndw","priceKwh":0.511}},{"type":"Feature","geometry":{"type":"Point","coordinates":[5.0876282,51.9821775]},"properties":{"type":"charge","layer":"passenger","locationId":"787","name":"Shell Recharge NL Langeweg 41","address":"Langeweg 41","city":"Vianen","operatorName":"Ubitricity","maxPowerKw":22,"isMegawatt":false,"status":"CHARGING","source":"ndw","priceKwh":0.267}},{"type":"Feature","geometry":{"type":"Point","coordinates":[5.076027,51.97948]},"properties":{"type":"charge","layer":"passenger","locationId":"B94505F8-95C1-4986-B65A-11CA0C5403CD","name":"TNLP034518 - Klaverkamp 39, Vianen","address":"39 Klaverkamp","city":"Vianen","operatorName":"TotalEnergies","maxPowerKw":13,"isMegawatt":false,"status":"UNAVAILABLE","source":"ndw"}},{"type":"Feature","geometry":{"type":"Point","coordinates":[5.123197,51.991337]},"properties":{"type":"charge","layer":"passenger","locationId":"089462AE-3B78-4D3F-A5A2-06EE00DE0E65","name":"TNLP007583 - Lekstraat 127, Hoef En Haag","address":"127 Lekstraat","city":"Hoef En Haag","operatorName":"TotalEnergies","maxPowerKw":17,"isMegawatt":false,"status":"CHARGING","source":"ndw"}},{"type":"Feature","geometry":{"type":"Point","coordinates":[5.075763,51.984915]},"properties":{"type":"charge","layer":"passenger","locationId":"5fb9ea2d819d1db7c1193809064f0979","name":"Korenmolen 36","address":"Korenmolen 36","city":"Vianen","operatorName":"Vattenfall InCharge","maxPowerKw":11,"isMegawatt":false,"status":"AVAILABLE","source":"ndw","priceKwh":0.2805}},{"type":"Feature","geometry":{"type":"Point","coordinates":[5.085532,51.990021]},"properties":{"type":"charge","layer":"passenger","locationId":"69afbdd5a59b7c858b2efef5","name":"Van der Valk - Vianen - Charging Stations","address":"Prins Bernhardstraat 75","city":"Vianen","operatorName":"Valk Energy","maxPowerKw":11,"isMegawatt":false,"status":"AVAILABLE","source":"ndw","priceKwh":0.59}},{"type":"Feature","geometry":{"type":"Point","coordinates":[4.965841,51.953894]},"properties":{"type":"charge","layer":"passenger","locationId":"NLLOC007810","name":"NL, Prinses Marijkeweg 30a, 4233 HL Ameide","address":"Prinses Marijkeweg 30a","city":"Ameide","operatorName":"Allego","maxPowerKw":11,"isMegawatt":false,"status":"AVAILABLE","source":"ndw","priceKwh":0.511}},{"type":"Feature","geometry":{"type":"Point","coordinates":[5.104946,51.898845]},"properties":{"type":"charge","layer":"passenger","locationId":"DC08C165-9D76-400A-A6F3-A5CD91E0CB05","name":"Eneco eMobility Friesland Campina - Leerdam","address":"Handelsstraat 11-13","city":"Leerdam","operatorName":"Eneco","maxPowerKw":22,"isMegawatt":false,"status":"AVAILABLE","source":"ndw","priceKwh":0.32}},{"type":"Feature","geometry":{"type":"Point","coordinates":[5.116043,51.988013]},"properties":{"type":"charge","layer":"passenger","locationId":"672397b7ca8f33e15c265066","name":"NXT 50five - Hoef en Haag - Hagesteinsestraat 31 - DC","address":"De Brink 2","city":"Hoef en Haag","operatorName":"NXT50Five","maxPowerKw":50,"isMegawatt":false,"status":"AVAILABLE","source":"ndw","priceKwh":0.63}},{"type":"Feature","geometry":{"type":"Point","coordinates":[5.098174,51.899525]},"properties":{"type":"charge","layer":"passenger","locationId":"76416853-FDDC-4CA6-AADF-1322257AF6C4","name":"TNLP034188 - Pfinztalstraat 6, Leerdam","address":"6 Pfinztalstraat","city":"Leerdam","operatorName":"TotalEnergies","maxPowerKw":13,"isMegawatt":false,"status":"AVAILABLE","source":"ndw"}},{"type":"Feature","geometry":{"type":"Point","coordinates":[5.096974,51.974936]},"properties":{"type":"charge","layer":"passenger","locationId":"6a2bf34f00121cf62d3bda2a","name":"Kawasaki locatie Vianen","address":"Marconiweg 5","city":"Vianen","operatorName":"Pluq","maxPowerKw":22,"isMegawatt":false,"status":"AVAILABLE","source":"ndw","priceKwh":0.45}},{"type":"Feature","geometry":{"type":"Point","coordinates":[5.095808,51.97697]},"properties":{"type":"charge","layer":"passenger","locationId":"4937564","name":"Laadnet De Wilde NL BV","address":"Edisonweg 8","city":"Vianen","operatorName":"Laadnet","maxPowerKw":22,"isMegawatt":false,"status":"AVAILABLE","source":"ndw"}},{"type":"Feature","geometry":{"type":"Point","coordinates":[5.083648,51.97991]},"properties":{"type":"charge","layer":"passenger","locationId":"995D9E93-872D-4296-8C9C-DB5DB86D27B5","name":"TNLP009833 - Franciscushof 22, Vianen","address":"22 Franciscushof","city":"Vianen","operatorName":"TotalEnergies","maxPowerKw":17,"isMegawatt":false,"status":"AVAILABLE","source":"ndw"}},{"type":"Feature","geometry":{"type":"Point","coordinates":[5.115648,51.987106]},"properties":{"type":"charge","layer":"passenger","locationId":"CEB17D74-62CD-4E4B-BA62-09184B7EFC32","name":"TNLP008942 - Kanteelstraat 10, Hoef en Haag","address":"10 Kanteelstraat","city":"Hoef en Haag","operatorName":"TotalEnergies","maxPowerKw":14,"isMegawatt":false,"status":"UNAVAILABLE","source":"ndw"}},{"type":"Feature","geometry":{"type":"Point","coordinates":[5.090986,51.988487]},"properties":{"type":"charge","layer":"passenger","locationId":"3884A8B1-FD4F-4634-BAFB-17822926DCE4","name":"TNLP008119 - Ina Boudier-Bakkerstraat 1, Vianen","address":"1 Ina Boudier-Bakkerstraat","city":"Vianen","operatorName":"TotalEnergies","maxPowerKw":17,"isMegawatt":false,"status":"AVAILABLE","source":"ndw"}},{"type":"Feature","geometry":{"type":"Point","coordinates":[5.099111,51.889056]},"properties":{"type":"charge","layer":"passenger","locationId":"91120902","name":"50five-S NL 07005675","address":"Levanger 5","city":"Leerdam","operatorName":"50five","maxPowerKw":11,"isMegawatt":false,"status":"AVAILABLE","source":"ndw"}},{"type":"Feature","geometry":{"type":"Point","coordinates":[5.09737,51.97653]},"properties":{"type":"charge","layer":"passenger","locationId":"9F15C64F-92E7-4F97-8FB9-E444CB2D4734","name":"Eneco eMobility Laanakkerweg 4 Vianen","address":"Laanakkerweg 4","city":"Vianen","operatorName":"Eneco","maxPowerKw":22,"isMegawatt":false,"status":"AVAILABLE","source":"ndw","priceKwh":0.75}},{"type":"Feature","geometry":{"type":"Point","coordinates":[5.09468,51.98884]},"properties":{"type":"charge","layer":"passenger","locationId":"1621","name":"Shell Recharge NL Rijsenborch 58","address":"Rijsenborch 58","city":"Vijfheerenlanden","operatorName":"Ubitricity","maxPowerKw":11,"isMegawatt":false,"status":"AVAILABLE","source":"ndw","priceKwh":0.392}},{"type":"Feature","geometry":{"type":"Point","coordinates":[4.962502,51.95568]},"properties":{"type":"charge","layer":"passenger","locationId":"AE9F1345-1818-47B3-B1B3-FD9E27483881","name":"TNLP007988 - Prinsenhof 19, Ameide","address":"19 Prinsenhof","city":"Ameide","operatorName":"TotalEnergies","maxPowerKw":15,"isMegawatt":false,"status":"AVAILABLE","source":"ndw"}},{"type":"Feature","geometry":{"type":"Point","coordinates":[5.12298,51.981937]},"properties":{"type":"charge","layer":"passenger","locationId":"922685","name":"DAE-NL-2000214","address":"Hoevenweg 3","city":"Hagenstein","operatorName":"DAEN Mobility","maxPowerKw":11,"isMegawatt":false,"status":"AVAILABLE","source":"ndw","priceKwh":0.28}},{"type":"Feature","geometry":{"type":"Point","coordinates":[5.085358,51.89167]},"properties":{"type":"charge","layer":"passenger","locationId":"3D0FD831-FA17-4E2B-9EE8-E4B3A904742D","name":"TNLP007888 - Burgemeester Meesplein 5, Leerdam","address":"5 Burgemeester Meesplein","city":"Leerdam","operatorName":"TotalEnergies","maxPowerKw":17,"isMegawatt":false,"status":"AVAILABLE","source":"ndw"}},{"type":"Feature","geometry":{"type":"Point","coordinates":[5.110373,51.983708]},"properties":{"type":"charge","layer":"passenger","locationId":"91107966","name":"50five-S NL 09102648","address":"Dijkleger 2","city":"Vianen","operatorName":"50five","maxPowerKw":11,"isMegawatt":false,"status":"AVAILABLE","source":"ndw"}},{"type":"Feature","geometry":{"type":"Point","coordinates":[4.996323,51.920546]},"properties":{"type":"charge","layer":"passenger","locationId":"NLLOC024480","name":"NL, Raadhuisplein 1, 4231 BZ Meerkerk","address":"Raadhuisplein 1","city":"Meerkerk","operatorName":"Allego","maxPowerKw":11,"isMegawatt":false,"status":"AVAILABLE","source":"ndw","priceKwh":0.511}},{"type":"Feature","geometry":{"type":"Point","coordinates":[5.082107,51.987483]},"properties":{"type":"charge","layer":"passenger","locationId":"NLLOC001996","name":"NLD, Vianen, Westelijke Parallelweg 1","address":"Westelijke Parallelweg 1","city":"Vianen","operatorName":"Allego","maxPowerKw":11,"isMegawatt":false,"status":"AVAILABLE","source":"ndw","priceKwh":0.511}},{"type":"Feature","geometry":{"type":"Point","coordinates":[5.096055,51.996876]},"properties":{"type":"charge","layer":"passenger","locationId":"6560cd3cda7b53001d892564","name":"Arie de Groot 's station","address":"Zomerdijk  84","city":"Vianen","operatorName":"E-Flux by Road","maxPowerKw":11,"isMegawatt":false,"status":"AVAILABLE","source":"ndw","priceKwh":0.43}},{"type":"Feature","geometry":{"type":"Point","coordinates":[5.051898,51.906624]},"properties":{"type":"charge","layer":"passenger","locationId":"NLLOC002696","name":"NLD, Kaatsbaan 6, 4245 TL Leerbroek","address":"Kaatsbaan 6","city":"Leerbroek","operatorName":"Allego","maxPowerKw":11,"isMegawatt":false,"status":"AVAILABLE","source":"ndw","priceKwh":0.511}},{"type":"Feature","geometry":{"type":"Point","coordinates":[4.993043,51.91436]},"properties":{"type":"charge","layer":"passenger","locationId":"4233755","name":"Laadnet Patrijs 38","address":"Patrijs 38","city":"Meerkerk","operatorName":"Laadnet","maxPowerKw":22,"isMegawatt":false,"status":"AVAILABLE","source":"ndw"}},{"type":"Feature","geometry":{"type":"Point","coordinates":[5.08055,51.891562]},"properties":{"type":"charge","layer":"passenger","locationId":"NLLOC018939","name":"NL, Quirinus de Palmelaan 85, 4142CH, Leerdam","address":"Quirinus de Palmelaan 85","city":"Leerdam","operatorName":"Allego","maxPowerKw":11,"isMegawatt":false,"status":"AVAILABLE","source":"ndw","priceKwh":0.511}},{"type":"Feature","geometry":{"type":"Point","coordinates":[5.101095,51.98614]},"properties":{"type":"charge","layer":"passenger","locationId":"67f8c782482be6ad322f54e3","name":"Shell Vianen","address":"Stuartweg 5","city":"Vianen","operatorName":"E-Flux by Road","maxPowerKw":176,"isMegawatt":false,"status":"AVAILABLE","source":"ndw","priceKwh":0.73}},{"type":"Feature","geometry":{"type":"Point","coordinates":[5.101381,51.9963]},"properties":{"type":"charge","layer":"passenger","locationId":"NLLOC006885","name":"NL, Esdoornstraat 1, 4131 AD, Vianen","address":"Esdoornstraat 1","city":"Vianen","operatorName":"Allego","maxPowerKw":11,"isMegawatt":false,"status":"AVAILABLE","source":"ndw","priceKwh":0.511}},{"type":"Feature","geometry":{"type":"Point","coordinates":[5.09343,51.99517]},"properties":{"type":"charge","layer":"passenger","locationId":"1650","name":"Shell Recharge NL Valkenstraat 3","address":"Valkenstraat 3","city":"Vijfheerenlanden","operatorName":"Ubitricity","maxPowerKw":11,"isMegawatt":false,"status":"AVAILABLE","source":"ndw","priceKwh":0.392}},{"type":"Feature","geometry":{"type":"Point","coordinates":[5.087737,51.980586]},"properties":{"type":"charge","layer":"passenger","locationId":"NLLOC009499","name":"NL, Langeweg 4, 4133AX, Vianen","address":"Langeweg 4","city":"Vianen","operatorName":"Allego","maxPowerKw":11,"isMegawatt":false,"status":"AVAILABLE","source":"ndw","priceKwh":0.511}},{"type":"Feature","geometry":{"type":"Point","coordinates":[5.093906,51.988491]},"properties":{"type":"charge","layer":"passenger","locationId":"NLLOC018748","name":"NL, Stammerhoefstraat 76, 4132CK, Vianen","address":"Stammerhoefstraat 76","city":"Vianen","operatorName":"Allego","maxPowerKw":11,"isMegawatt":false,"status":"AVAILABLE","source":"ndw","priceKwh":0.511}},{"type":"Feature","geometry":{"type":"Point","coordinates":[5.036385,51.963804]},"properties":{"type":"charge","layer":"passenger","locationId":"699efeac952f473c506a8c99","name":"G. van Zessen Beheer BV 's station","address":"Dorpsstraat  72","city":"Lexmond","operatorName":"Lanova Laadpalen","maxPowerKw":11,"isMegawatt":false,"status":"AVAILABLE","source":"ndw","priceKwh":0.43}},{"type":"Feature","geometry":{"type":"Point","coordinates":[4.99522,51.915428]},"properties":{"type":"charge","layer":"passenger","locationId":"NLLOC007605","name":"NL, Kievit 50, 4231 EL, Meerkerk","address":"Kievit 50","city":"Meerkerk","operatorName":"Allego","maxPowerKw":11,"isMegawatt":false,"status":"AVAILABLE","source":"ndw","priceKwh":0.511}},{"type":"Feature","geometry":{"type":"Point","coordinates":[5.071159,51.890456]},"properties":{"type":"charge","layer":"passenger","locationId":"NLLOC003666","name":"NLD Huttenmeesterstraat 1, 4142SL, Leerdam","address":"Huttenmeesterstraat 1","city":"Leerdam","operatorName":"Allego","maxPowerKw":11,"isMegawatt":false,"status":"AVAILABLE","source":"ndw","priceKwh":0.511}},{"type":"Feature","geometry":{"type":"Point","coordinates":[5.119401,51.97909]},"properties":{"type":"charge","layer":"passenger","locationId":"91066415","name":"50five-S NL 17B25188","address":"Achterweg 41A","city":"Hagestein","operatorName":"50five","maxPowerKw":14,"isMegawatt":false,"status":"AVAILABLE","source":"ndw"}},{"type":"Feature","geometry":{"type":"Point","coordinates":[5.081189,51.888474]},"properties":{"type":"charge","layer":"passenger","locationId":"NLLOC014326","name":"NL, Spartaveld 45, 4142 TC Leerdam","address":"Spartaveld 45","city":"Leerdam","operatorName":"Allego","maxPowerKw":11,"isMegawatt":false,"status":"AVAILABLE","source":"ndw","priceKwh":0.511}},{"type":"Feature","geometry":{"type":"Point","coordinates":[5.096241,51.983073]},"properties":{"type":"charge","layer":"passenger","locationId":"4745000","name":"Laadnet PILZ Nederland","address":"Havenweg 22","city":"Vianen","operatorName":"Laadnet","maxPowerKw":22,"isMegawatt":false,"status":"AVAILABLE","source":"ndw"}},{"type":"Feature","geometry":{"type":"Point","coordinates":[5.120597,51.992017]},"properties":{"type":"charge","layer":"passenger","locationId":"6752c4514abe56a16f80c207","name":"Sander van Dijen's station","address":"Abeliaerf 12","city":"Hoef en Haag","operatorName":"E-Flux by Road","maxPowerKw":11,"isMegawatt":false,"status":"AVAILABLE","source":"ndw","priceKwh":0.41}},{"type":"Feature","geometry":{"type":"Point","coordinates":[5.081013,51.89686]},"properties":{"type":"charge","layer":"passenger","locationId":"91148393","name":"50five-S NL 07116313","address":"Copierlaan 43","city":"Leerdam","operatorName":"50five","maxPowerKw":11,"isMegawatt":false,"status":"AVAILABLE","source":"ndw"}},{"type":"Feature","geometry":{"type":"Point","coordinates":[5.084346,51.982105]},"properties":{"type":"charge","layer":"passenger","locationId":"D62F9C55-B940-410A-88A3-ED1D4665F186","name":"TNLP007936 - Dominicushof 128, Vianen","address":"128 Dominicushof","city":"Vianen","operatorName":"TotalEnergies","maxPowerKw":17,"isMegawatt":false,"status":"AVAILABLE","source":"ndw"}},{"type":"Feature","geometry":{"type":"Point","coordinates":[5.099667,51.901966]},"properties":{"type":"charge","layer":"passenger","locationId":"68a826d786018dc920db748e","name":"Havelaar B.V.","address":"Techniekweg 4","city":"Leerdam","operatorName":"E-Flux by Road","maxPowerKw":22,"isMegawatt":false,"status":"AVAILABLE","source":"ndw","priceKwh":0.5}},{"type":"Feature","geometry":{"type":"Point","coordinates":[5.118044,51.99042]},"properties":{"type":"charge","layer":"passenger","locationId":"69A9F5EB-80B4-471B-8B65-D284E8483024","name":"TNLP034299 - Liniestraat 1, Hoef en Haag","address":"1 Liniestraat","city":"Hoef en Haag","operatorName":"TotalEnergies","maxPowerKw":13,"isMegawatt":false,"status":"AVAILABLE","source":"ndw"}},{"type":"Feature","geometry":{"type":"Point","coordinates":[5.101923,51.896445]},"properties":{"type":"charge","layer":"passenger","locationId":"6889c32694b0b6aadcfd20f4","name":"PublicChargerEnergieweg_13m_2","address":"Energieweg 13m","city":"Leerdam","operatorName":"E-Flux by Road","maxPowerKw":22,"isMegawatt":false,"status":"AVAILABLE","source":"ndw","priceKwh":0.38}},{"type":"Feature","geometry":{"type":"Point","coordinates":[5.094665,51.993351]},"properties":{"type":"charge","layer":"passenger","locationId":"NLLOC005324","name":"NLD, Weesdijk 48, Vianen","address":"Weesdijk 48","city":"Vianen","operatorName":"Allego","maxPowerKw":11,"isMegawatt":false,"status":"CHARGING","source":"ndw","priceKwh":0.511}},{"type":"Feature","geometry":{"type":"Point","coordinates":[5.098493,51.889624]},"properties":{"type":"charge","layer":"passenger","locationId":"91229245","name":"50five-S NL 03007807","address":"Meidoorn 9","city":"Poortugaal","operatorName":"50five","maxPowerKw":4,"isMegawatt":false,"status":"AVAILABLE","source":"ndw"}},{"type":"Feature","geometry":{"type":"Point","coordinates":[4.956744,51.952861]},"properties":{"type":"charge","layer":"passenger","locationId":"65b2354d720a2a001d9f67e8","name":"Installatiebedrijf De Bruijn","address":"De Tip 14","city":"Ameide","operatorName":"E-Flux by Road","maxPowerKw":22,"isMegawatt":false,"status":"AVAILABLE","source":"ndw","priceKwh":0.48}},{"type":"Feature","geometry":{"type":"Point","coordinates":[5.119938,51.987961]},"properties":{"type":"charge","layer":"passenger","locationId":"NLLOC006125","name":"NL, Willem van Noordstraat 20, 4125 TD, Hoef en Haag","address":"Willem van Noordstraat 20","city":"Hoef en Haag","operatorName":"Allego","maxPowerKw":11,"isMegawatt":false,"status":"AVAILABLE","source":"ndw","priceKwh":0.511}},{"type":"Feature","geometry":{"type":"Point","coordinates":[5.050241,51.908747]},"properties":{"type":"charge","layer":"passenger","locationId":"NLLOC006190","name":"NL, Raadhuisstraat 9, 4245 KG, Leerbroek","address":"Raadhuisstraat 9","city":"Leerbroek","operatorName":"Allego","maxPowerKw":11,"isMegawatt":false,"status":"AVAILABLE","source":"ndw","priceKwh":0.511}},{"type":"Feature","geometry":{"type":"Point","coordinates":[5.090856,51.8904]},"properties":{"type":"charge","layer":"passenger","locationId":"502D59A3-C855-4DB1-8077-75F83C11B305","name":"TNLP034333 - Oranjeplein 2, Leerdam","address":"2 Oranjeplein","city":"Leerdam","operatorName":"TotalEnergies","maxPowerKw":13,"isMegawatt":false,"status":"CHARGING","source":"ndw"}},{"type":"Feature","geometry":{"type":"Point","coordinates":[5.0823129,51.8924528]},"properties":{"type":"charge","layer":"passenger","locationId":"1241","name":"Shell Recharge NL Floris Radewijnszstraat 42","address":"Floris Radewijnszstraat 42","city":"Leerdam","operatorName":"Ubitricity","maxPowerKw":22,"isMegawatt":false,"status":"AVAILABLE","source":"ndw","priceKwh":0.267}},{"type":"Feature","geometry":{"type":"Point","coordinates":[5.139017,51.940799]},"properties":{"type":"charge","layer":"passenger","locationId":"NLLOC009561","name":"NL, Bickelenberg 2, 4122 GW Zijderveld","address":"Bickelenberg 2","city":"Zijderveld","operatorName":"Allego","maxPowerKw":11,"isMegawatt":false,"status":"AVAILABLE","source":"ndw","priceKwh":0.511}},{"type":"Feature","geometry":{"type":"Point","coordinates":[5.115548,51.92133]},"properties":{"type":"charge","layer":"passenger","locationId":"00314A19-B2E7-4050-8EDE-D0A46732EA17","name":"TNLP009934 - Koningin Wilhelminastraat 31, Schoonrewoerd","address":"31 Koningin Wilhelminastraat","city":"Schoonrewoerd","operatorName":"TotalEnergies","maxPowerKw":17,"isMegawatt":false,"status":"AVAILABLE","source":"ndw"}},{"type":"Feature","geometry":{"type":"Point","coordinates":[4.987169,51.909798]},"properties":{"type":"charge","layer":"passenger","locationId":"66f28141ba811d001c3668fc","name":"Schilt bedrijven BV","address":"Energieweg  29","city":"Meerkerk","operatorName":"E-Flux by Road","maxPowerKw":14,"isMegawatt":false,"status":"AVAILABLE","source":"ndw","priceKwh":0.38}},{"type":"Feature","geometry":{"type":"Point","coordinates":[5.032687,51.964832]},"properties":{"type":"charge","layer":"passenger","locationId":"BE8FD780-EE41-46D5-BEAC-EF1F9D0E40CD","name":"TNLP009118 - Bastiaan Bosstraat 7, Lexmond","address":"7 Bastiaan Bosstraat","city":"Lexmond","operatorName":"TotalEnergies","maxPowerKw":15,"isMegawatt":false,"status":"AVAILABLE","source":"ndw"}},{"type":"Feature","geometry":{"type":"Point","coordinates":[5.087603,51.983999]},"properties":{"type":"charge","layer":"passenger","locationId":"65e27bd3e3284cf596d6","name":"Clarissenhof 3 Vianen","address":"Clarissenhof 3","city":"Vianen","operatorName":"Opcharge","maxPowerKw":22,"isMegawatt":false,"status":"AVAILABLE","source":"ndw","priceKwh":0.49}},{"type":"Feature","geometry":{"type":"Point","coordinates":[5.102179,51.896384]},"properties":{"type":"charge","layer":"passenger","locationId":"693196a335e9ef91f97bd469","name":"PublicChargerEnergieweg_15m_1","address":"Energieweg 15m","city":"Leerdam","operatorName":"E-Flux by Road","maxPowerKw":22,"isMegawatt":false,"status":"AVAILABLE","source":"ndw","priceKwh":0.38}},{"type":"Feature","geometry":{"type":"Point","coordinates":[4.984912,51.906196]},"properties":{"type":"charge","layer":"passenger","locationId":"91418507","name":"50five Gorinchem-west Beheer B.V.","address":"Duurzaamheidsring 320","city":"Meerkerk","operatorName":"50five","maxPowerKw":22,"isMegawatt":false,"status":"AVAILABLE","source":"ndw"}},{"type":"Feature","geometry":{"type":"Point","coordinates":[5.072437,51.930869]},"properties":{"type":"charge","layer":"passenger","locationId":"6a709790e5f6c0d536d12d52","name":"Firma Vermaat DC Laadstation","address":"Huibertweg  9","city":"Hei-en Boeicop","operatorName":"E-Flux by Road","maxPowerKw":16,"isMegawatt":false,"status":"AVAILABLE","source":"ndw","priceKwh":0.38}},{"type":"Feature","geometry":{"type":"Point","coordinates":[5.093546,51.899328]},"properties":{"type":"charge","layer":"passenger","locationId":"NLLOC008165","name":"NL, Brunellaan 68, 4143EG, Leerdam","address":"Brunellaan 68","city":"Leerdam","operatorName":"Allego","maxPowerKw":11,"isMegawatt":false,"status":"AVAILABLE","source":"ndw","priceKwh":0.511}},{"type":"Feature","geometry":{"type":"Point","coordinates":[5.096801,51.992645]},"properties":{"type":"charge","layer":"passenger","locationId":"9080E6F8-6CD3-4626-AA59-3A3A9ACBA692","name":"TNLP015272 - Sluiseiland-Zuid 2, Vianen","address":"2 Sluiseiland-Zuid","city":"Vianen","operatorName":"TotalEnergies","maxPowerKw":17,"isMegawatt":false,"status":"AVAILABLE","source":"ndw"}},{"type":"Feature","geometry":{"type":"Point","coordinates":[5.1544565,51.9637431]},"properties":{"type":"charge","layer":"passenger","locationId":"1249","name":"Shell Recharge NL Graaf Florisstraat 1","address":"Graaf Florisstraat 1","city":"Everdingen","operatorName":"Ubitricity","maxPowerKw":22,"isMegawatt":false,"status":"AVAILABLE","source":"ndw","priceKwh":0.267}},{"type":"Feature","geometry":{"type":"Point","coordinates":[5.09309,51.984443]},"properties":{"type":"charge","layer":"passenger","locationId":"NLLOC023928","name":"NL, Mauritsstraat 28, 4132GD, Vianen","address":"Mauritsstraat 28","city":"Vianen","operatorName":"Allego","maxPowerKw":11,"isMegawatt":false,"status":"AVAILABLE","source":"ndw","priceKwh":0.511}},{"type":"Feature","geometry":{"type":"Point","coordinates":[5.053192,51.908334]},"properties":{"type":"charge","layer":"passenger","locationId":"1141","name":"Shell Recharge NL Schoolstraat 9","address":"Schoolstraat 9","city":"Leerbroek","operatorName":"Ubitricity","maxPowerKw":22,"isMegawatt":false,"status":"AVAILABLE","source":"ndw","priceKwh":0.267}},{"type":"Feature","geometry":{"type":"Point","coordinates":[5.087364,51.89269]},"properties":{"type":"charge","layer":"passenger","locationId":"93B2F684-C725-4877-9303-A9F4DF75CB3D","name":"TNLP008380 - Laman Tripstraat 32, Leerdam","address":"32 Laman Tripstraat","city":"Leerdam","operatorName":"TotalEnergies","maxPowerKw":14,"isMegawatt":false,"status":"AVAILABLE","source":"ndw"}},{"type":"Feature","geometry":{"type":"Point","coordinates":[5.089903,51.900149]},"properties":{"type":"charge","layer":"passenger","locationId":"NLLOC023860","name":"NL, Noorderveld 68, 4143 VM Leerdam","address":"Noorderveld 68","city":"Leerdam","operatorName":"Allego","maxPowerKw":11,"isMegawatt":false,"status":"AVAILABLE","source":"ndw","priceKwh":0.511}},{"type":"Feature","geometry":{"type":"Point","coordinates":[5.102355,51.894115]},"properties":{"type":"charge","layer":"passenger","locationId":"4f4fe6ea1caf43c6189ecc7a22ba7fd8","name":"Frederik Hendrikstraat 9","address":"Frederik Hendrikstraat 9","city":"Leerdam","operatorName":"Vattenfall InCharge","maxPowerKw":11,"isMegawatt":false,"status":"AVAILABLE","source":"ndw","priceKwh":0.2805}},{"type":"Feature","geometry":{"type":"Point","coordinates":[4.965482,51.952086]},"properties":{"type":"charge","layer":"passenger","locationId":"83741a8add11a8b87d8e3bdfb93bdb66","name":"Iepenlaan 60","address":"Iepenlaan 60","city":"Ameide","operatorName":"Vattenfall InCharge","maxPowerKw":11,"isMegawatt":false,"status":"AVAILABLE","source":"ndw","priceKwh":0.2805}},{"type":"Feature","geometry":{"type":"Point","coordinates":[5.10907,51.993841]},"properties":{"type":"charge","layer":"passenger","locationId":"06d9d075378842a9855cf95fce833b3f","name":"MDB Bouwlocatie A27 De Groene Waarde Koepel keet","address":"Hagenweg 8","city":"Vianen","operatorName":"EVinity","maxPowerKw":11,"isMegawatt":false,"status":"AVAILABLE","source":"ndw","priceKwh":0.6}},{"type":"Feature","geometry":{"type":"Point","coordinates":[5.100627,51.889706]},"properties":{"type":"charge","layer":"passenger","locationId":"NLLOC020183","name":"NL, Goslar 1, 4141 MT Leerdam","address":"Goslar 1","city":"Leerdam","operatorName":"Allego","maxPowerKw":11,"isMegawatt":false,"status":"AVAILABLE","source":"ndw","priceKwh":0.511}},{"type":"Feature","geometry":{"type":"Point","coordinates":[5.071976,51.985921]},"properties":{"type":"charge","layer":"passenger","locationId":"NLLOC006262","name":"NL, Margaretha van Borselenstraat 18, 4133 HS, Vianen","address":"Margaretha van Borselenstraat 18","city":"Vianen","operatorName":"Allego","maxPowerKw":11,"isMegawatt":false,"status":"AVAILABLE","source":"ndw","priceKwh":0.511}},{"type":"Feature","geometry":{"type":"Point","coordinates":[5.091254,51.994185]},"properties":{"type":"charge","layer":"passenger","locationId":"NLLOC003104","name":"NLD Achterstraat 43, 4132 VB Vianen","address":"Achterstraat 43","city":"Vianen","operatorName":"Allego","maxPowerKw":11,"isMegawatt":false,"status":"AVAILABLE","source":"ndw","priceKwh":0.511}},{"type":"Feature","geometry":{"type":"Point","coordinates":[5.070055,51.984928]},"properties":{"type":"charge","layer":"passenger","locationId":"NLLOC003531","name":"NLD, Beatrix van Egmondstraat 24, 4133 HP Vianen","address":"Beatrix van Egmondstraat 24","city":"Vianen","operatorName":"Allego","maxPowerKw":11,"isMegawatt":false,"status":"AVAILABLE","source":"ndw","priceKwh":0.511}},{"type":"Feature","geometry":{"type":"Point","coordinates":[5.037683,51.963813]},"properties":{"type":"charge","layer":"passenger","locationId":"NLLOC011020","name":"NL, Aletta Jacobsstraat 13, 4128 CP, Lexmond","address":"Aletta Jacobsstraat 13","city":"Lexmond","operatorName":"Allego","maxPowerKw":11,"isMegawatt":false,"status":"AVAILABLE","source":"ndw","priceKwh":0.511}},{"type":"Feature","geometry":{"type":"Point","coordinates":[5.094465,51.985282]},"properties":{"type":"charge","layer":"passenger","locationId":"NLLOC001578","name":"NLD, Vianen, Batenborch 55","address":"Batenborch 55","city":"Vianen","operatorName":"Allego","maxPowerKw":22,"isMegawatt":false,"status":"AVAILABLE","source":"ndw","priceKwh":0.511}},{"type":"Feature","geometry":{"type":"Point","coordinates":[5.094316,51.990999]},"properties":{"type":"charge","layer":"passenger","locationId":"NLLOC001419","name":"NLD, Vianen, Lijnbaan 22","address":"Lijnbaan 22","city":"Vianen","operatorName":"Allego","maxPowerKw":11,"isMegawatt":false,"status":"AVAILABLE","source":"ndw","priceKwh":0.511}},{"type":"Feature","geometry":{"type":"Point","coordinates":[5.088668,51.98904]},"properties":{"type":"charge","layer":"passenger","locationId":"NLLOC014139","name":"NL, Prins Bernhardstraat 12, 4132XG, Vianen","address":"Prins Bernhardstraat 12","city":"Vianen","operatorName":"Allego","maxPowerKw":11,"isMegawatt":false,"status":"AVAILABLE","source":"ndw","priceKwh":0.511}},{"type":"Feature","geometry":{"type":"Point","coordinates":[5.082881,51.899117]},"properties":{"type":"charge","layer":"passenger","locationId":"NLLOC021284","name":"NL, Bogerd 1, 4143CK, Leerdam","address":"Bogerd 1","city":"Leerdam","operatorName":"Allego","maxPowerKw":11,"isMegawatt":false,"status":"CHARGING","source":"ndw","priceKwh":0.511}},{"type":"Feature","geometry":{"type":"Point","coordinates":[5.102286,51.893886]},"properties":{"type":"charge","layer":"passenger","locationId":"NLLOC017872","name":"NL, Frederik Hendrikstraat 11, 4141 JD Leerdam","address":"Frederik Hendrikstraat 11","city":"Leerdam","operatorName":"Allego","maxPowerKw":11,"isMegawatt":false,"status":"AVAILABLE","source":"ndw","priceKwh":0.511}},{"type":"Feature","geometry":{"type":"Point","coordinates":[5.075221,51.887997]},"properties":{"type":"charge","layer":"passenger","locationId":"NLLOC018478","name":"NL, Mosgroen 8, 4142 RL Leerdam","address":"Mosgroen 8","city":"Leerdam","operatorName":"Allego","maxPowerKw":11,"isMegawatt":false,"status":"CHARGING","source":"ndw","priceKwh":0.511}},{"type":"Feature","geometry":{"type":"Point","coordinates":[5.09249,51.975795]},"properties":{"type":"charge","layer":"passenger","locationId":"923421","name":"DAE_NL_2001257_P3-6","address":"Marconiweg 2c","city":"Vianen","operatorName":"DAEN Mobility","maxPowerKw":11,"isMegawatt":false,"status":"AVAILABLE","source":"ndw","priceKwh":0.4}},{"type":"Feature","geometry":{"type":"Point","coordinates":[5.104967,51.984086]},"properties":{"type":"charge","layer":"passenger","locationId":"89125712","name":"50five Exploitatie NL MAB Exploitatie laadpunt","address":"Lange Dreef 15","city":"Vianen","operatorName":"50five","maxPowerKw":22,"isMegawatt":false,"status":"AVAILABLE","source":"ndw"}},{"type":"Feature","geometry":{"type":"Point","coordinates":[4.960728,51.952544]},"properties":{"type":"charge","layer":"passenger","locationId":"NLLOC008566","name":"NL, Aaksterveld 13, 4233 GB, Ameide","address":"Aaksterveld 13","city":"Ameide","operatorName":"Allego","maxPowerKw":11,"isMegawatt":false,"status":"AVAILABLE","source":"ndw","priceKwh":0.511}},{"type":"Feature","geometry":{"type":"Point","coordinates":[5.119879,51.990257]},"properties":{"type":"charge","layer":"passenger","locationId":"E064594C-F162-4E12-8E9A-CF29D42734AD","name":"TNLP009314 - Rozenhofstraat 11, Hoef En Haag","address":"11 Rozenhofstraat","city":"Hoef En Haag","operatorName":"TotalEnergies","maxPowerKw":17,"isMegawatt":false,"status":"AVAILABLE","source":"ndw"}},{"type":"Feature","geometry":{"type":"Point","coordinates":[5.087881,51.891257]},"properties":{"type":"charge","layer":"passenger","locationId":"NLLOC004200","name":"NLD Tiendweg 9, 4142EG Leerdam","address":"Tiendweg 9","city":"Leerdam","operatorName":"Allego","maxPowerKw":11,"isMegawatt":false,"status":"AVAILABLE","source":"ndw","priceKwh":0.511}},{"type":"Feature","geometry":{"type":"Point","coordinates":[4.962466,51.95312]},"properties":{"type":"charge","layer":"passenger","locationId":"84d791d172713aa6b14b3474bf4edcf7","name":"Meidoornlaan 2f","address":"Meidoornlaan 2f","city":"Ameide","operatorName":"Vattenfall InCharge","maxPowerKw":11,"isMegawatt":false,"status":"AVAILABLE","source":"ndw","priceKwh":0.2805}},{"type":"Feature","geometry":{"type":"Point","coordinates":[5.096718,51.892432]},"properties":{"type":"charge","layer":"passenger","locationId":"NLLOC004517","name":"NLD, Oranje Nassaulaan 69, 4141 CR Leerdam","address":"Oranje Nassaulaan 69","city":"Leerdam","operatorName":"Allego","maxPowerKw":11,"isMegawatt":false,"status":"AVAILABLE","source":"ndw","priceKwh":0.511}},{"type":"Feature","geometry":{"type":"Point","coordinates":[5.10199,51.89902]},"properties":{"type":"charge","layer":"passenger","locationId":"7452232B-47D1-492B-9C29-C5900A1D0D0A","name":"Eneco eMobility Nijverheidstraat 7 Leerdam","address":"Nijverheidstraat 7","city":"Leerdam","operatorName":"Eneco","maxPowerKw":22,"isMegawatt":false,"status":"AVAILABLE","source":"ndw","priceKwh":0.44}},{"type":"Feature","geometry":{"type":"Point","coordinates":[5.079815,51.896878]},"properties":{"type":"charge","layer":"passenger","locationId":"NLLOC025280","name":"NL, Palissade 121, 4143 GA Leerdam","address":"Palissade 121","city":"Leerdam","operatorName":"Allego","maxPowerKw":11,"isMegawatt":false,"status":"AVAILABLE","source":"ndw","priceKwh":0.511}},{"type":"Feature","geometry":{"type":"Point","coordinates":[4.962307,51.954887]},"properties":{"type":"charge","layer":"passenger","locationId":"bc62e22b-9420-4302-b094-53490afe64d3","name":"TNLP008120 - Paramasiebaan 6, Ameide","address":"6 Paramasiebaan","city":"Ameide","operatorName":"TotalEnergies","maxPowerKw":15,"isMegawatt":false,"status":"CHARGING","source":"ndw"}},{"type":"Feature","geometry":{"type":"Point","coordinates":[5.105446,51.985848]},"properties":{"type":"charge","layer":"passenger","locationId":"90230120","name":"50five Exploitatie 50five lange dreef","address":"Lange dreef 10","city":"Vianen","operatorName":"50five","maxPowerKw":22,"isMegawatt":false,"status":"AVAILABLE","source":"ndw"}},{"type":"Feature","geometry":{"type":"Point","coordinates":[5.09147,51.99775]},"properties":{"type":"charge","layer":"passenger","locationId":"62380af9deeb83a9f1e3e41ec0438ea0","name":"Buitenstad 57","address":"Buitenstad 57","city":"Vianen","operatorName":"Vattenfall InCharge","maxPowerKw":11,"isMegawatt":false,"status":"AVAILABLE","source":"ndw","priceKwh":0.2805}},{"type":"Feature","geometry":{"type":"Point","coordinates":[5.080279,51.98607]},"properties":{"type":"charge","layer":"passenger","locationId":"NLLOC007283","name":"NL, De Zijp 69, 4133 GP Vianen","address":"De Zijp 69","city":"Vianen","operatorName":"Allego","maxPowerKw":11,"isMegawatt":false,"status":"AVAILABLE","source":"ndw","priceKwh":0.511}},{"type":"Feature","geometry":{"type":"Point","coordinates":[5.033095,51.96291]},"properties":{"type":"charge","layer":"passenger","locationId":"06F7CF3F-02CA-43B9-AF4D-5152EA66A919","name":"TNLP034377 - Gregoriuslaan 47, Lexmond","address":"47 Gregoriuslaan","city":"Lexmond","operatorName":"TotalEnergies","maxPowerKw":13,"isMegawatt":false,"status":"AVAILABLE","source":"ndw"}},{"type":"Feature","geometry":{"type":"Point","coordinates":[5.121781,51.985549]},"properties":{"type":"charge","layer":"passenger","locationId":"NLLOC015608","name":"NL, Wachttorenpad 1, 4125 RT Hoef en Haag","address":"Wachttorenpad 1","city":"Hoef en Haag","operatorName":"Allego","maxPowerKw":11,"isMegawatt":false,"status":"AVAILABLE","source":"ndw","priceKwh":0.511}},{"type":"Feature","geometry":{"type":"Point","coordinates":[4.958686,51.957806]},"properties":{"type":"charge","layer":"passenger","locationId":"NLLOC005861","name":"NLD, Vijf Akkers 8, 4235 AH Tienhoven","address":"Vijf Akkers 8","city":"Tienhoven","operatorName":"Allego","maxPowerKw":11,"isMegawatt":false,"status":"AVAILABLE","source":"ndw","priceKwh":0.511}},{"type":"Feature","geometry":{"type":"Point","coordinates":[5.072732,51.891569]},"properties":{"type":"charge","layer":"passenger","locationId":"NLLOC015945","name":"NL, De Etser 15, 4142sr, Leerdam","address":"De Etser 15","city":"Leerdam","operatorName":"Allego","maxPowerKw":11,"isMegawatt":false,"status":"AVAILABLE","source":"ndw","priceKwh":0.511}},{"type":"Feature","geometry":{"type":"Point","coordinates":[5.11746,51.987214]},"properties":{"type":"charge","layer":"passenger","locationId":"NLLOC002413","name":"NLD, Otto II van Gelrestraat 1, 4125 TG, Hoef en Haag","address":"Otto II van Gelrestraat 1","city":"Hoef en Haag","operatorName":"Allego","maxPowerKw":11,"isMegawatt":false,"status":"AVAILABLE","source":"ndw","priceKwh":0.511}},{"type":"Feature","geometry":{"type":"Point","coordinates":[5.090822,51.997823]},"properties":{"type":"charge","layer":"passenger","locationId":"6aed645c-435e-4506-9f9c-1878f3b27ec6","name":"Buitenstad","address":"Buitenstad 63","city":"Vianen","operatorName":"Vattenfall InCharge","maxPowerKw":22,"isMegawatt":false,"status":"AVAILABLE","source":"ndw"}},{"type":"Feature","geometry":{"type":"Point","coordinates":[5.0804,51.943371]},"properties":{"type":"charge","layer":"passenger","locationId":"NLLOC002688","name":"NLD, Kerkstraat 15, 4126 RR Hei- en Boeicop","address":"Kerkstraat 15","city":"Hei- en Boeicop","operatorName":"Allego","maxPowerKw":11,"isMegawatt":false,"status":"AVAILABLE","source":"ndw","priceKwh":0.511}},{"type":"Feature","geometry":{"type":"Point","coordinates":[5.051706,51.90997]},"properties":{"type":"charge","layer":"passenger","locationId":"NLLOC021363","name":"NL, Raadhuisstraat 29, 4245KG, Leerbroek","address":"Raadhuisstraat 29","city":"Leerbroek","operatorName":"Allego","maxPowerKw":11,"isMegawatt":false,"status":"AVAILABLE","source":"ndw","priceKwh":0.511}},{"type":"Feature","geometry":{"type":"Point","coordinates":[5.083739,51.883223]},"properties":{"type":"charge","layer":"passenger","locationId":"NLLOC003312","name":"NLD, Asterstraat 39, 4142 ZL Leerdam","address":"Asterstraat 39","city":"Leerdam","operatorName":"Allego","maxPowerKw":11,"isMegawatt":false,"status":"CHARGING","source":"ndw","priceKwh":0.511}},{"type":"Feature","geometry":{"type":"Point","coordinates":[5.076235,51.88589]},"properties":{"type":"charge","layer":"passenger","locationId":"AE6D5CC4-6877-4D27-8F34-A546EB428C92","name":"TNLP007903 - Pontil 8, Leerdam","address":"8 Pontil","city":"Leerdam","operatorName":"TotalEnergies","maxPowerKw":17,"isMegawatt":false,"status":"UNAVAILABLE","source":"ndw"}},{"type":"Feature","geometry":{"type":"Point","coordinates":[5.03439,51.963345]},"properties":{"type":"charge","layer":"passenger","locationId":"4F117271-11F0-4897-9DE6-E07FD7AC5DBF","name":"TNLP008396 - Gregoriuslaan 13b, Lexmond","address":"13b Gregoriuslaan","city":"Lexmond","operatorName":"TotalEnergies","maxPowerKw":14,"isMegawatt":false,"status":"AVAILABLE","source":"ndw"}},{"type":"Feature","geometry":{"type":"Point","coordinates":[5.087366,51.898505]},"properties":{"type":"charge","layer":"passenger","locationId":"1e2bb318-7974-4edf-ba5d-69ad21e16d65","name":"TNLP034555","address":"Griend 1","city":"Leerdam","operatorName":"TotalEnergies","maxPowerKw":14,"isMegawatt":false,"status":"AVAILABLE","source":"ndw"}},{"type":"Feature","geometry":{"type":"Point","coordinates":[5.105824,51.993655]},"properties":{"type":"charge","layer":"passenger","locationId":"NLLOC021299","name":"NL, Leeuwerikstraat 14, 4131BL, Vianen","address":"Leeuwerikstraat 14","city":"Vianen","operatorName":"Allego","maxPowerKw":11,"isMegawatt":false,"status":"AVAILABLE","source":"ndw","priceKwh":0.511}},{"type":"Feature","geometry":{"type":"Point","coordinates":[5.083195,51.980821]},"properties":{"type":"charge","layer":"passenger","locationId":"NLLOC002517","name":"NLD, Vianen, Franciscushof 187,","address":"Franciscushof 187","city":"Vianen","operatorName":"Allego","maxPowerKw":11,"isMegawatt":false,"status":"AVAILABLE","source":"ndw","priceKwh":0.511}},{"type":"Feature","geometry":{"type":"Point","coordinates":[5.074165,51.885704]},"properties":{"type":"charge","layer":"passenger","locationId":"6369e3bc69e0fe5ea6aff12711103f09","name":"De Wan 5","address":"De Wan 5","city":"Leerdam","operatorName":"Vattenfall InCharge","maxPowerKw":11,"isMegawatt":false,"status":"AVAILABLE","source":"ndw","priceKwh":0.2805}},{"type":"Feature","geometry":{"type":"Point","coordinates":[5.086835,51.983726]},"properties":{"type":"charge","layer":"passenger","locationId":"NLLOC015703","name":"NL, Clarissenhof 26, 4133AC, Vianen","address":"Clarissenhof 26","city":"Vianen","operatorName":"Allego","maxPowerKw":11,"isMegawatt":false,"status":"AVAILABLE","source":"ndw","priceKwh":0.511}},{"type":"Feature","geometry":{"type":"Point","coordinates":[5.095303,51.984432]},"properties":{"type":"charge","layer":"passenger","locationId":"NLLOC004798","name":"NLD Giessenborch 35, 4132 HP Vianen","address":"Giessenborch 35","city":"Vianen","operatorName":"Allego","maxPowerKw":11,"isMegawatt":false,"status":"AVAILABLE","source":"ndw","priceKwh":0.511}},{"type":"Feature","geometry":{"type":"Point","coordinates":[5.12125,51.988906]},"properties":{"type":"charge","layer":"passenger","locationId":"NLLOC024030","name":"NL, Buitenomstraat 18, 4125VC Hoef en Haag","address":"Buitenomstraat 18","city":"Hoef en Haag","operatorName":"Allego","maxPowerKw":11,"isMegawatt":false,"status":"CHARGING","source":"ndw","priceKwh":0.511}},{"type":"Feature","geometry":{"type":"Point","coordinates":[5.14746,51.943118]},"properties":{"type":"charge","layer":"passenger","locationId":"NLLOC001995","name":"NLD, Everdingen, Kerkweg 39","address":"Kerkweg 39","city":"Everdingen","operatorName":"Allego","maxPowerKw":11,"isMegawatt":false,"status":"AVAILABLE","source":"ndw","priceKwh":0.511}},{"type":"Feature","geometry":{"type":"Point","coordinates":[5.115329,51.98419]},"properties":{"type":"charge","layer":"passenger","locationId":"7E44B4EC-C9F1-484C-A7AB-2AD21ADA85C5","name":"TNLP008383 - Glorie van Hollanderf 2, Hoef En Haag","address":"2 Glorie van Hollanderf","city":"Hoef En Haag","operatorName":"TotalEnergies","maxPowerKw":14,"isMegawatt":false,"status":"AVAILABLE","source":"ndw"}},{"type":"Feature","geometry":{"type":"Point","coordinates":[5.07753,51.9828]},"properties":{"type":"charge","layer":"passenger","locationId":"1619","name":"Shell Recharge NL Rietkamp 47","address":"Rietkamp 47","city":"Vijfheerenlanden","operatorName":"Ubitricity","maxPowerKw":11,"isMegawatt":false,"status":"AVAILABLE","source":"ndw","priceKwh":0.392}},{"type":"Feature","geometry":{"type":"Point","coordinates":[5.121196,51.99237]},"properties":{"type":"charge","layer":"passenger","locationId":"3979DFC5-E53A-430F-B5B5-6A9C14003B51","name":"TNLP015275 - Abeliaerf 26, Hoef en Haag","address":"26 Abeliaerf","city":"Hoef en Haag","operatorName":"TotalEnergies","maxPowerKw":17,"isMegawatt":false,"status":"CHARGING","source":"ndw"}},{"type":"Feature","geometry":{"type":"Point","coordinates":[5.093599,51.993219]},"properties":{"type":"charge","layer":"passenger","locationId":"NLLOC008215","name":"NL, Kerkstraat 53, 4132 BD Vianen","address":"Kerkstraat 53","city":"Vianen","operatorName":"Allego","maxPowerKw":11,"isMegawatt":false,"status":"AVAILABLE","source":"ndw","priceKwh":0.511}},{"type":"Feature","geometry":{"type":"Point","coordinates":[5.093563,51.97567]},"properties":{"type":"charge","layer":"passenger","locationId":"75219542-FB11-4D86-AB2B-71955FB428C0","name":"TNLP009715 - Lorentzweg 2, Vianen","address":"2 Lorentzweg","city":"Vianen","operatorName":"TotalEnergies","maxPowerKw":17,"isMegawatt":false,"status":"AVAILABLE","source":"ndw"}},{"type":"Feature","geometry":{"type":"Point","coordinates":[5.084136,51.887665]},"properties":{"type":"charge","layer":"passenger","locationId":"4D895D05-DDD1-4120-94BA-DD8E70A1F5E4","name":"TNLP015199 - Owensstraat 50, Leerdam","address":"50 Owensstraat","city":"Leerdam","operatorName":"TotalEnergies","maxPowerKw":17,"isMegawatt":false,"status":"AVAILABLE","source":"ndw"}},{"type":"Feature","geometry":{"type":"Point","coordinates":[5.121279,51.99035]},"properties":{"type":"charge","layer":"passenger","locationId":"DC34AA82-BEEC-49F5-AE1A-5042642D9BEC","name":"TNLP015296 - Ganzerikerf 2, Hoef en Haag","address":"2 Ganzerikerf","city":"Hoef en Haag","operatorName":"TotalEnergies","maxPowerKw":17,"isMegawatt":false,"status":"AVAILABLE","source":"ndw"}},{"type":"Feature","geometry":{"type":"Point","coordinates":[5.05151,51.860714]},"properties":{"type":"charge","layer":"passenger","locationId":"A6B74696-60E0-4647-93FB-3A5E41D8D53A","name":"TNLP008512 - Michiel van Loonstraat 7, Kedichem","address":"7 Michiel van Loonstraat","city":"Kedichem","operatorName":"TotalEnergies","maxPowerKw":14,"isMegawatt":false,"status":"AVAILABLE","source":"ndw"}},{"type":"Feature","geometry":{"type":"Point","coordinates":[5.111587,51.9819]},"properties":{"type":"charge","layer":"passenger","locationId":"B36F2EFD-4F91-4A73-AF60-39E979EC6CF5","name":"Eneco eMobility Compressor Systems Holland","address":"Tuinschouw 4","city":"Vianen","operatorName":"Eneco","maxPowerKw":11,"isMegawatt":false,"status":"AVAILABLE","source":"ndw","priceKwh":0.19}},{"type":"Feature","geometry":{"type":"Point","coordinates":[4.99215,51.921251]},"properties":{"type":"charge","layer":"passenger","locationId":"NLLOC010064","name":"NL, Oranjeplein 1, 4231AP, Meerkerk","address":"Oranjeplein 1","city":"Meerkerk","operatorName":"Allego","maxPowerKw":11,"isMegawatt":false,"status":"CHARGING","source":"ndw","priceKwh":0.511}},{"type":"Feature","geometry":{"type":"Point","coordinates":[5.109918,51.978666]},"properties":{"type":"charge","layer":"passenger","locationId":"4226384","name":"Laadnet Spongeblasting Benelux BV","address":"Spadesteek 6","city":"Vianen","operatorName":"Laadnet","maxPowerKw":22,"isMegawatt":false,"status":"AVAILABLE","source":"ndw"}},{"type":"Feature","geometry":{"type":"Point","coordinates":[5.11474,51.986437]},"properties":{"type":"charge","layer":"passenger","locationId":"NLLOC007552","name":"NL, Lekstraat 1, 4125 TD Hoef en Haag","address":"Lekstraat 1","city":"Hoef en Haag","operatorName":"Allego","maxPowerKw":11,"isMegawatt":false,"status":"AVAILABLE","source":"ndw","priceKwh":0.511}},{"type":"Feature","geometry":{"type":"Point","coordinates":[5.081678,51.890587]},"properties":{"type":"charge","layer":"passenger","locationId":"CE42FF22-09C2-4011-988B-69B1E6DAB4C1","name":"TNLP007885 - Europaplein 41, Leerdam","address":"41 Europaplein","city":"Leerdam","operatorName":"TotalEnergies","maxPowerKw":17,"isMegawatt":false,"status":"AVAILABLE","source":"ndw"}},{"type":"Feature","geometry":{"type":"Point","coordinates":[5.079163,51.986973]},"properties":{"type":"charge","layer":"passenger","locationId":"7D096B03-7C99-4B51-81BD-26454EAB2191","name":"TNLP008615 - Uithoflaan 1, Vianen","address":"1 Uithoflaan","city":"Vianen","operatorName":"TotalEnergies","maxPowerKw":14,"isMegawatt":false,"status":"CHARGING","source":"ndw"}},{"type":"Feature","geometry":{"type":"Point","coordinates":[5.091298,51.894014]},"properties":{"type":"charge","layer":"passenger","locationId":"NLLOC011994","name":"NL, Ambtsplein 4, 4141 DA Leerdam","address":"Ambtsplein 4","city":"Leerdam","operatorName":"Allego","maxPowerKw":11,"isMegawatt":false,"status":"AVAILABLE","source":"ndw","priceKwh":0.511}},{"type":"Feature","geometry":{"type":"Point","coordinates":[5.071149,51.985455]},"properties":{"type":"charge","layer":"passenger","locationId":"19F94D74-3757-41E1-8114-B8BF61820152","name":"TNLP008486 - Amaliastein 61, Vianen","address":"61 Amaliastein","city":"Vianen","operatorName":"TotalEnergies","maxPowerKw":14,"isMegawatt":false,"status":"UNAVAILABLE","source":"ndw"}},{"type":"Feature","geometry":{"type":"Point","coordinates":[5.080994,51.983095]},"properties":{"type":"charge","layer":"passenger","locationId":"NLLOC025590","name":"NL, De Looch 8, 4133 DM Vianen","address":"De Looch 8","city":"Vianen","operatorName":"Allego","maxPowerKw":11,"isMegawatt":false,"status":"AVAILABLE","source":"ndw","priceKwh":0.511}},{"type":"Feature","geometry":{"type":"Point","coordinates":[5.035058,51.959962]},"properties":{"type":"charge","layer":"passenger","locationId":"NLLOC010385","name":"NL, Zuidenes 40, 4128 CZ Lexmond","address":"Zuidernes 40","city":"Lexmond","operatorName":"Allego","maxPowerKw":11,"isMegawatt":false,"status":"AVAILABLE","source":"ndw","priceKwh":0.511}},{"type":"Feature","geometry":{"type":"Point","coordinates":[5.123461,51.986813]},"properties":{"type":"charge","layer":"passenger","locationId":"DE998805-5348-4A8B-B596-2CF853E024C6","name":"TNLP015197 - Hooibergpad 9, Hoef en Haag","address":"9 Hooibergpad","city":"Hoef en Haag","operatorName":"TotalEnergies","maxPowerKw":17,"isMegawatt":false,"status":"AVAILABLE","source":"ndw"}},{"type":"Feature","geometry":{"type":"Point","coordinates":[5.073326,51.982506]},"properties":{"type":"charge","layer":"passenger","locationId":"NLLOC009515","name":"NL, Bergmolen 35, 4133 GD Vianen","address":"Bergmolen 35","city":"Vianen","operatorName":"Allego","maxPowerKw":11,"isMegawatt":false,"status":"AVAILABLE","source":"ndw","priceKwh":0.511}},{"type":"Feature","geometry":{"type":"Point","coordinates":[5.111975,51.920616]},"properties":{"type":"charge","layer":"passenger","locationId":"C7BEF051-46DA-4BF4-B2EF-16919548A888","name":"TNLP034156 - Prinses Amaliastraat 1, Schoonrewoerd","address":"1 Prinses Amaliastraat","city":"Schoonrewoerd","operatorName":"TotalEnergies","maxPowerKw":13,"isMegawatt":false,"status":"UNAVAILABLE","source":"ndw"}},{"type":"Feature","geometry":{"type":"Point","coordinates":[5.142474,51.942455]},"properties":{"type":"charge","layer":"passenger","locationId":"95628A4A-8060-467E-A497-5E72040E4E0F","name":"TNLP007133 - Schoolstraat 6, Zijderveld","address":"6 Schoolstraat","city":"Zijderveld","operatorName":"TotalEnergies","maxPowerKw":17,"isMegawatt":false,"status":"AVAILABLE","source":"ndw"}},{"type":"Feature","geometry":{"type":"Point","coordinates":[5.013023,51.901554]},"properties":{"type":"charge","layer":"passenger","locationId":"4a58db6b-a345-4b89-b866-3baeba835311","name":"TNLP034379 - Zijlkade 7, Nieuwland","address":"7 Zijlkade","city":"Nieuwland","operatorName":"TotalEnergies","maxPowerKw":13,"isMegawatt":false,"status":"AVAILABLE","source":"ndw"}},{"type":"Feature","geometry":{"type":"Point","coordinates":[5.075151,51.985402]},"properties":{"type":"charge","layer":"passenger","locationId":"NLLOC001579","name":"NLD, Vianen, Beltmolen 52","address":"Beltmolen 52","city":"Vianen","operatorName":"Allego","maxPowerKw":22,"isMegawatt":false,"status":"AVAILABLE","source":"ndw","priceKwh":0.511}},{"type":"Feature","geometry":{"type":"Point","coordinates":[5.122581,51.989437]},"properties":{"type":"charge","layer":"passenger","locationId":"0A3E7C83-B804-44C2-B2C7-0C4F3C513698","name":"TNLP008158 - Magnoliaerf 12, Hoef En Haag","address":"12 Magnoliaerf","city":"Hoef En Haag","operatorName":"TotalEnergies","maxPowerKw":17,"isMegawatt":false,"status":"AVAILABLE","source":"ndw"}},{"type":"Feature","geometry":{"type":"Point","coordinates":[4.956096,51.952682]},"properties":{"type":"charge","layer":"passenger","locationId":"83BD1B0F-AB1F-401A-9396-2AD3099AD054","name":"TNLP008026 - De Tip 33, Ameide","address":"33 De Tip","city":"Ameide","operatorName":"TotalEnergies","maxPowerKw":15,"isMegawatt":false,"status":"UNAVAILABLE","source":"ndw"}},{"type":"Feature","geometry":{"type":"Point","coordinates":[5.083231,51.890456]},"properties":{"type":"charge","layer":"passenger","locationId":"NLLOC007246","name":"NL, Wilhelmushof 9, 4142 BZ, Leerdam","address":"Wilhelmushof 9","city":"Leerdam","operatorName":"Allego","maxPowerKw":11,"isMegawatt":false,"status":"AVAILABLE","source":"ndw","priceKwh":0.511}},{"type":"Feature","geometry":{"type":"Point","coordinates":[5.10314,51.89097]},"properties":{"type":"charge","layer":"passenger","locationId":"NLLOC019407","name":"NL, Juliana van Stolbergstraat 36-Z, 4141EX, Leerdam","address":"Juliana van Stolbergstraat 36-Z","city":"Leerdam","operatorName":"Allego","maxPowerKw":11,"isMegawatt":false,"status":"AVAILABLE","source":"ndw","priceKwh":0.511}},{"type":"Feature","geometry":{"type":"Point","coordinates":[5.043816,51.966471]},"properties":{"type":"charge","layer":"passenger","locationId":"c4db74d059f85bb5d61c152f68e6dc57","name":"Killesteijnstraat 3","address":"Killesteijnstraat 3","city":"Lexmond","operatorName":"Vattenfall InCharge","maxPowerKw":11,"isMegawatt":false,"status":"AVAILABLE","source":"ndw","priceKwh":0.2805}},{"type":"Feature","geometry":{"type":"Point","coordinates":[5.080613,51.885525]},"properties":{"type":"charge","layer":"passenger","locationId":"NLLOC003662","name":"NLD Laantje van Iperen 20, 4142 ER Leerdam","address":"Laantje van Iperen 20","city":"Leerdam","operatorName":"Allego","maxPowerKw":11,"isMegawatt":false,"status":"AVAILABLE","source":"ndw","priceKwh":0.511}},{"type":"Feature","geometry":{"type":"Point","coordinates":[5.063575,51.977274]},"properties":{"type":"charge","layer":"passenger","locationId":"67c6a9ac2f9acf9f0125e3f1","name":"Wouter Donkersloot 's station","address":"Lexmondsestraatweg 5","city":"Vianen","operatorName":"Lanova Laadpalen","maxPowerKw":22,"isMegawatt":false,"status":"UNAVAILABLE","source":"ndw","priceKwh":0.62}},{"type":"Feature","geometry":{"type":"Point","coordinates":[5.069576,51.986042]},"properties":{"type":"charge","layer":"passenger","locationId":"NLLOC012991","name":"NL, Amaliastein 80, 4133HC, Vianen","address":"Amaliastein 80","city":"Vianen","operatorName":"Allego","maxPowerKw":11,"isMegawatt":false,"status":"AVAILABLE","source":"ndw","priceKwh":0.511}},{"type":"Feature","geometry":{"type":"Point","coordinates":[5.080418,51.896439]},"properties":{"type":"charge","layer":"passenger","locationId":"NLLOC003891","name":"NLD, Palissade 111, 4143 GA Leerdam","address":"Palissade 111","city":"Leerdam","operatorName":"Allego","maxPowerKw":11,"isMegawatt":false,"status":"AVAILABLE","source":"ndw","priceKwh":0.511}},{"type":"Feature","geometry":{"type":"Point","coordinates":[5.078302,51.979145]},"properties":{"type":"charge","layer":"passenger","locationId":"91085753","name":"50five-S NL 03012304","address":"Klaverkamp 107","city":"Vianen","operatorName":"50five","maxPowerKw":11,"isMegawatt":false,"status":"CHARGING","source":"ndw"}},{"type":"Feature","geometry":{"type":"Point","coordinates":[5.07878,51.888295]},"properties":{"type":"charge","layer":"passenger","locationId":"NLLOC021081","name":"NL, Populierstraat 14, 4142 EB Leerdam","address":"Populierstraat 14","city":"Leerdam","operatorName":"Allego","maxPowerKw":11,"isMegawatt":false,"status":"AVAILABLE","source":"ndw","priceKwh":0.511}},{"type":"Feature","geometry":{"type":"Point","coordinates":[5.106807,51.996295]},"properties":{"type":"charge","layer":"passenger","locationId":"NLLOC003060","name":"NLD, Kastanjelaan 54, 4131 AW Vianen","address":"Kastanjelaan 54","city":"Vianen","operatorName":"Allego","maxPowerKw":11,"isMegawatt":false,"status":"AVAILABLE","source":"ndw","priceKwh":0.511}},{"type":"Feature","geometry":{"type":"Point","coordinates":[5.049393,51.860233]},"properties":{"type":"charge","layer":"passenger","locationId":"NLLOC005576","name":"NLD, Koningin Wilhelminalaan 41, 4247 EM Kedichem","address":"Koningin Wilhelminalaan 41","city":"Kedichem","operatorName":"Allego","maxPowerKw":11,"isMegawatt":false,"status":"AVAILABLE","source":"ndw","priceKwh":0.511}},{"type":"Feature","geometry":{"type":"Point","coordinates":[5.087457,51.900677]},"properties":{"type":"charge","layer":"passenger","locationId":"438839e2-2654-4a36-8b22-e6047e5a2a77","name":"TNLP007883 - Hooikamp 56, Leerdam","address":"56 Hooikamp","city":"Leerdam","operatorName":"TotalEnergies","maxPowerKw":15,"isMegawatt":false,"status":"CHARGING","source":"ndw"}},{"type":"Feature","geometry":{"type":"Point","coordinates":[5.104387,51.992146]},"properties":{"type":"charge","layer":"passenger","locationId":"60E7A80F-9310-4319-9381-00365B08A72B","name":"TNLP008259 - Spechtstraat 19, Vianen","address":"19 Spechtstraat","city":"Vianen","operatorName":"TotalEnergies","maxPowerKw":17,"isMegawatt":false,"status":"UNAVAILABLE","source":"ndw"}},{"type":"Feature","geometry":{"type":"Point","coordinates":[4.99811,51.918687]},"properties":{"type":"charge","layer":"passenger","locationId":"81380f83517ee8a649087a34ae874b3c","name":"Oude Schoolplein 2","address":"Oude Schoolplein 2","city":"Meerkerk","operatorName":"Vattenfall InCharge","maxPowerKw":11,"isMegawatt":false,"status":"AVAILABLE","source":"ndw","priceKwh":0.2805}},{"type":"Feature","geometry":{"type":"Point","coordinates":[5.1017,51.896416]},"properties":{"type":"charge","layer":"passenger","locationId":"69319726df15cafa06871f65","name":"PublicChargerEnergieweg_13m_1","address":"Energieweg 13m","city":"Leerdam","operatorName":"E-Flux by Road","maxPowerKw":22,"isMegawatt":false,"status":"AVAILABLE","source":"ndw","priceKwh":0.38}},{"type":"Feature","geometry":{"type":"Point","coordinates":[4.996498,51.917561]},"properties":{"type":"charge","layer":"passenger","locationId":"NLLOC018568","name":"NL, Lindenstraat 1A, 4231DT, Meerkerk","address":"Lindenstraat 1A","city":"Meerkerk","operatorName":"Allego","maxPowerKw":11,"isMegawatt":false,"status":"AVAILABLE","source":"ndw","priceKwh":0.511}},{"type":"Feature","geometry":{"type":"Point","coordinates":[5.108263,51.900074]},"properties":{"type":"charge","layer":"passenger","locationId":"91105462","name":"50five-S NL 03001706","address":"Engergieweg 22","city":"Leerdam","operatorName":"50five","maxPowerKw":11,"isMegawatt":false,"status":"AVAILABLE","source":"ndw"}},{"type":"Feature","geometry":{"type":"Point","coordinates":[5.08338,51.984394]},"properties":{"type":"charge","layer":"passenger","locationId":"4CF2C2AB-0390-466E-9F6C-5E8FB90A8A19","name":"TNLP009741 - Benedictushof 216, Vianen","address":"216 Benedictushof","city":"Vianen","operatorName":"TotalEnergies","maxPowerKw":17,"isMegawatt":false,"status":"AVAILABLE","source":"ndw"}},{"type":"Feature","geometry":{"type":"Point","coordinates":[5.094725,51.989083]},"properties":{"type":"charge","layer":"passenger","locationId":"NLLOC005636","name":"NLD Rijsenborch 56, 4132 HH Vianen","address":"Rijsenborch 56","city":"Vianen","operatorName":"Allego","maxPowerKw":11,"isMegawatt":false,"status":"AVAILABLE","source":"ndw","priceKwh":0.511}},{"type":"Feature","geometry":{"type":"Point","coordinates":[5.090217,51.985397]},"properties":{"type":"charge","layer":"passenger","locationId":"NLLOC004405","name":"NLD Arianehof 10, 4132 GL Vianen","address":"Arianehof 10","city":"Vianen","operatorName":"Allego","maxPowerKw":11,"isMegawatt":false,"status":"AVAILABLE","source":"ndw","priceKwh":0.511}},{"type":"Feature","geometry":{"type":"Point","coordinates":[5.109247,51.989275]},"properties":{"type":"charge","layer":"passenger","locationId":"NLLOC001997","name":"NLD, Vianen, Ir. D.S. Tuijnmanweg 10","address":"Ir. D.S. Tuijnmanweg 10","city":"Vianen","operatorName":"Allego","maxPowerKw":11,"isMegawatt":false,"status":"AVAILABLE","source":"ndw","priceKwh":0.511}},{"type":"Feature","geometry":{"type":"Point","coordinates":[5.042621,51.966218]},"properties":{"type":"charge","layer":"passenger","locationId":"NLLOC013572","name":"NL, Lexmonderwaard, 50, 4128EA, Lexmond","address":"Lexmonderwaard 50","city":"Lexmond","operatorName":"Allego","maxPowerKw":11,"isMegawatt":false,"status":"AVAILABLE","source":"ndw","priceKwh":0.511}},{"type":"Feature","geometry":{"type":"Point","coordinates":[5.082685,51.978199]},"properties":{"type":"charge","layer":"passenger","locationId":"NLLOC007607","name":"NL, Mariënhof 17, 4133 BM, Vianen","address":"Mariënhof 17","city":"Vianen","operatorName":"Allego","maxPowerKw":11,"isMegawatt":false,"status":"AVAILABLE","source":"ndw","priceKwh":0.511}},{"type":"Feature","geometry":{"type":"Point","coordinates":[4.984297,51.910801]},"properties":{"type":"charge","layer":"freight","locationId":"22","name":"Shell Recharge NL0048 - Shell Blommendaal","address":"A27 E311 OZ","city":"Meerkerk","operatorName":"Shell Recharge","maxPowerKw":400,"isMegawatt":false,"status":"AVAILABLE","source":"ndw","priceKwh":0.7025,"freightKind":"hpc","freightReason":"power"}},{"type":"Feature","geometry":{"type":"Point","coordinates":[5.088122,51.989692]},"properties":{"type":"charge","layer":"freight","locationId":"32434","name":"Circle K Vianen inz Vinxwaard","address":"Prins Bernhardstraat 49","city":"Vianen","operatorName":"Spirii","maxPowerKw":400,"isMegawatt":false,"status":"AVAILABLE","source":"ndw","priceKwh":0.65,"freightKind":"hpc","freightReason":"power"}},{"type":"Feature","geometry":{"type":"MultiPolygon","coordinates":[[[[5.172721350948942,51.96961735996542],[5.18022603912898,51.96744836344611],[5.173990727532359,51.96034156964545],[5.163004669869348,51.94655129286599],[5.154662498729456,51.93793494876653],[5.151466454401727,51.933615211011556],[5.149436767728098,51.933526934323005],[5.147962558576142,51.93215491673533],[5.149006360134852,51.930540224945894],[5.148459171874917,51.929485151661886],[5.142432210901318,51.92493654890715],[5.135674100220017,51.91822272771244],[5.136571117548483,51.91469331163205],[5.135720169380735,51.91419536071724],[5.132376301638359,51.91486039770243],[5.11967213865021,51.89824525083956],[5.117028193637912,51.8981759795855],[5.116984938886798,51.89691068875757],[5.118498151875286,51.896377744887324],[5.117581581191708,51.892366419058604],[5.115392886655507,51.890437775544555],[5.114273967782136,51.8892658412562],[5.113262821794874,51.88825520856653],[5.112736187977739,51.887776269788034],[5.105758731555589,51.88881102381645],[5.097994602193795,51.887836988738115],[5.094824814438758,51.88874362547802],[5.090364019684088,51.88865457690499],[5.088445372233173,51.88755080496828],[5.087491657306582,51.8843015273222],[5.086585272237116,51.88112465813731],[5.085932795984548,51.880299155247215],[5.083659115560432,51.87836095238646],[5.081276608888161,51.876005391536815],[5.073040624860281,51.87404813650206],[5.071738500950002,51.87410408696634],[5.063387060027744,51.874409890237565],[5.055361619839432,51.87304104791529],[5.052309921333823,51.869984608719214],[5.052198149710719,51.86664314007162],[5.054199035036273,51.865099220206105],[5.062780910246416,51.86202768559222],[5.0636233100943615,51.86059899075123],[5.062357390421436,51.859362212189076],[5.059184711277314,51.858154643044664],[5.0529986382667165,51.85736084007542],[5.046604279283077,51.85886934956502],[5.043733904138066,51.85923006096851],[5.026907221510116,51.858607841201355],[5.027387189962805,51.86373913766178],[5.021815904927998,51.86911561774867],[5.0231665669613825,51.87202680047431],[5.02322691666089,51.87574090436294],[5.025710776200286,51.881156999560304],[5.027253891032989,51.88152787171902],[5.026955371224696,51.88191826419845],[5.023746852982141,51.88105666816443],[5.001241890144223,51.87472595885044],[5.001266241235556,51.8749922652761],[4.996237551985224,51.873119227218204],[4.99495190791558,51.8769563159822],[4.99945177347185,51.88428351588543],[4.996672218452581,51.89010554663526],[4.996301439402233,51.896689205772795],[4.994967650252326,51.90229229279696],[4.994376796229455,51.90223923766444],[4.99434016941746,51.902345240589526],[4.991449122738812,51.90167329278626],[4.978837637507359,51.89830549498718],[4.974354551614849,51.89709303412107],[4.97341027687662,51.897249973580315],[4.973740238753408,51.907667317807245],[4.9677915626276725,51.910094000527366],[4.9641278053294196,51.91063788023771],[4.9641597851348,51.91226733236942],[4.963292823376798,51.91278507365948],[4.964784854507804,51.91351883741842],[4.9641211765695425,51.913753588156446],[4.9561570876794985,51.91559091812217],[4.9495951677942465,51.93156590000813],[4.947639306501434,51.93371026850669],[4.945943911482188,51.9332893359871],[4.942292824890504,51.93016649671691],[4.93923472815161,51.92893788111258],[4.932126129462699,51.94755162695441],[4.929475238613509,51.950191275558886],[4.926301063977516,51.950927766941966],[4.93358335015426,51.95970714208776],[4.939820332745047,51.96343985645145],[4.943305189601699,51.96394270346267],[4.948691019270868,51.96347166167764],[4.957333334580425,51.96098395161772],[4.963851119257131,51.95943413721792],[4.96810153745156,51.95933641659082],[4.976143003229255,51.96344512646897],[4.9788878182754415,51.96595785534848],[4.983907872294797,51.97059370352561],[4.987002764204958,51.97330748512726],[4.991862056788845,51.97585294799997],[4.998073320003628,51.97787154215339],[5.002182176552923,51.978215579083916],[5.010077269134162,51.975544198308064],[5.01610302551571,51.972140225468095],[5.022375409346532,51.969726697506],[5.029672613581454,51.9692034040166],[5.032848629174753,51.969746270387674],[5.036127221686919,51.97132859990581],[5.038830022102007,51.97413625793152],[5.040401944915751,51.977443696923785],[5.044995062022009,51.9819590335835],[5.06263785006036,51.99123318293138],[5.066285917941778,51.99407351758932],[5.0775349583841605,51.99745194616231],[5.09172055448302,52.00191534259765],[5.1029652483452805,52.00302685735458],[5.113917161326457,52.00167176474145],[5.119562825567581,51.99992422927092],[5.1282163760631265,51.99775309322528],[5.133867606991672,51.996687342264586],[5.139676310406057,51.99394331977896],[5.141880043128003,51.99073017285672],[5.143595383209782,51.98421830203412],[5.143610090948376,51.98414942063904],[5.14688265790885,51.97681745505073],[5.14971314978696,51.974271394992314],[5.154603015829026,51.971766195788014],[5.160952858924784,51.970470092229995],[5.172721350948942,51.96961735996542]]]]},"properties":{"type":"boundary","gemeente":"Vijfheerenlanden","code":"GM1961"}}]}