{"type":"FeatureCollection","metadata":{"gemeente":"Zaanstad","slug":"zaanstad","code":"GM0479","generated_at":"2026-08-08T12:05:52.020Z","total_passenger":603,"total_freight":2,"bounds":[4.674847564537356,52.41666236341405,4.862804365584229,52.521233093083886],"operators":["50five","Allego","ChargePoint","E-Flux by Road","Eneco","Interparking Netherlands","Laadnet","Laadpaal24","Lidl","Lukoil","NXT Charging Solutions","Pluq","PowerGo","Q-Park Netherlands","Renault","Shell Recharge","TotalEnergies","Ubitricity","Van Leeuwen","Vattenfall InCharge"]},"features":[{"type":"Feature","geometry":{"type":"Point","coordinates":[4.739437,52.464952]},"properties":{"type":"charge","layer":"passenger","locationId":"96AE212D-F294-4E0F-9FD8-AFE17118D131","name":"Eneco eMobility Albert Heijn - Dorpsstraat 357 A","address":"Dorpsstraat 357 A","city":"Assendelft","operatorName":"Eneco","maxPowerKw":150,"isMegawatt":false,"status":"AVAILABLE","source":"ndw","priceKwh":0.62}},{"type":"Feature","geometry":{"type":"Point","coordinates":[4.836873,52.451345]},"properties":{"type":"charge","layer":"passenger","locationId":"45c7ceadd9ce1827a21c65071f2a9181","name":"Schokkerlaan 40","address":"Schokkerlaan 40","city":"Zaandam","operatorName":"Vattenfall InCharge","maxPowerKw":11,"isMegawatt":false,"status":"AVAILABLE","source":"ndw","priceKwh":0.4316}},{"type":"Feature","geometry":{"type":"Point","coordinates":[4.803548,52.476456]},"properties":{"type":"charge","layer":"passenger","locationId":"752197F3-01FD-4730-8014-687B7DF899D5","name":"TNLP008357 - Louis Armstrongstraat 13, Zaandijk","address":"13 Louis Armstrongstraat","city":"Zaandijk","operatorName":"TotalEnergies","maxPowerKw":14,"isMegawatt":false,"status":"AVAILABLE","source":"ndw"}},{"type":"Feature","geometry":{"type":"Point","coordinates":[4.8275075,52.441868]},"properties":{"type":"charge","layer":"passenger","locationId":"eb4cfbc7-f01d-41cc-9c44-f380ed964c20","name":"PP001312 - Bloemgracht 10, Zaandam","address":"10 Bloemgracht","city":"Zaandam","operatorName":"TotalEnergies","maxPowerKw":17,"isMegawatt":false,"status":"UNAVAILABLE","source":"ndw"}},{"type":"Feature","geometry":{"type":"Point","coordinates":[4.81179,52.47549]},"properties":{"type":"charge","layer":"passenger","locationId":"559","name":"Shell Recharge NL Willem Dreeslaan 2","address":"Willem Dreeslaan 2","city":"Zaandijk","operatorName":"Ubitricity","maxPowerKw":11,"isMegawatt":false,"status":"CHARGING","source":"ndw","priceKwh":0.392}},{"type":"Feature","geometry":{"type":"Point","coordinates":[4.84228,52.470306]},"properties":{"type":"charge","layer":"passenger","locationId":"BA033A41-4C42-4643-8E7F-9232F91A6E86","name":"TNLP006618 - Gaastmeer 20, Zaandam","address":"20 Gaastmeer","city":"Zaandam","operatorName":"TotalEnergies","maxPowerKw":17,"isMegawatt":false,"status":"UNAVAILABLE","source":"ndw"}},{"type":"Feature","geometry":{"type":"Point","coordinates":[4.80935,52.43766]},"properties":{"type":"charge","layer":"passenger","locationId":"568","name":"Shell Recharge NL Letterhout 97","address":"Letterhout 97","city":"Zaandam","operatorName":"Ubitricity","maxPowerKw":11,"isMegawatt":false,"status":"AVAILABLE","source":"ndw","priceKwh":0.392}},{"type":"Feature","geometry":{"type":"Point","coordinates":[4.830049,52.437874]},"properties":{"type":"charge","layer":"passenger","locationId":"4E049E5C-5460-4D27-B52C-55ED45549344","name":"TNLP008537 - Zuiddijk 46, Zaandam","address":"46 Zuiddijk","city":"Zaandam","operatorName":"TotalEnergies","maxPowerKw":14,"isMegawatt":false,"status":"AVAILABLE","source":"ndw"}},{"type":"Feature","geometry":{"type":"Point","coordinates":[4.818798,52.4612]},"properties":{"type":"charge","layer":"passenger","locationId":"6125715C-F5C8-4749-8E69-20D5CFF2B7DE","name":"TNLP034036 - Klaverweg 85, Zaandam","address":"85 Klaverweg","city":"Zaandam","operatorName":"TotalEnergies","maxPowerKw":13,"isMegawatt":false,"status":"UNAVAILABLE","source":"ndw"}},{"type":"Feature","geometry":{"type":"Point","coordinates":[4.820845,52.45889]},"properties":{"type":"charge","layer":"passenger","locationId":"5F3392C9-1BAB-4D63-BB8C-06621D733620","name":"TNLP034496 - Dovenetelweg 41, Zaandam","address":"41 Dovenetelweg","city":"Zaandam","operatorName":"TotalEnergies","maxPowerKw":13,"isMegawatt":false,"status":"UNAVAILABLE","source":"ndw"}},{"type":"Feature","geometry":{"type":"Point","coordinates":[4.84818,52.44422]},"properties":{"type":"charge","layer":"passenger","locationId":"300","name":"Shell Recharge NL Noordzee 27","address":"Noordzee 27","city":"Zaandam","operatorName":"Ubitricity","maxPowerKw":11,"isMegawatt":false,"status":"AVAILABLE","source":"ndw","priceKwh":0.392}},{"type":"Feature","geometry":{"type":"Point","coordinates":[4.84633,52.4687]},"properties":{"type":"charge","layer":"passenger","locationId":"191","name":"Shell Recharge NL Waal 78","address":"Waal 78","city":"Zaandam","operatorName":"Ubitricity","maxPowerKw":11,"isMegawatt":false,"status":"AVAILABLE","source":"ndw","priceKwh":0.392}},{"type":"Feature","geometry":{"type":"Point","coordinates":[4.852721,52.43223]},"properties":{"type":"charge","layer":"passenger","locationId":"44729A42-0D79-40C5-8350-682AE0602B93","name":"TNLP009740 - Zuidervaart 57, Zaandam","address":"57 Zuidervaart","city":"Zaandam","operatorName":"TotalEnergies","maxPowerKw":17,"isMegawatt":false,"status":"UNAVAILABLE","source":"ndw"}},{"type":"Feature","geometry":{"type":"Point","coordinates":[4.812285,52.438908]},"properties":{"type":"charge","layer":"passenger","locationId":"54260835-EE6F-4C06-B5B6-EB43A34D1199","name":"TNLP008104 - Ebbehout 29, Zaandam","address":"29 Ebbehout","city":"Zaandam","operatorName":"TotalEnergies","maxPowerKw":15,"isMegawatt":false,"status":"CHARGING","source":"ndw"}},{"type":"Feature","geometry":{"type":"Point","coordinates":[4.786516,52.492973]},"properties":{"type":"charge","layer":"passenger","locationId":"9A1DE690-A4D6-474A-AB9B-D1DF99AD04C8","name":"TNLP008423 - Paul krugerstraat 8, Wormerveer","address":"8 Paul krugerstraat","city":"Wormerveer","operatorName":"TotalEnergies","maxPowerKw":14,"isMegawatt":false,"status":"AVAILABLE","source":"ndw"}},{"type":"Feature","geometry":{"type":"Point","coordinates":[4.8265497,52.4502369]},"properties":{"type":"charge","layer":"passenger","locationId":"906","name":"Shell Recharge NL Heijermansstraat 133","address":"Heijermansstraat 133","city":"Zaandam","operatorName":"Ubitricity","maxPowerKw":22,"isMegawatt":false,"status":"AVAILABLE","source":"ndw","priceKwh":0.267}},{"type":"Feature","geometry":{"type":"Point","coordinates":[4.78477,52.50084]},"properties":{"type":"charge","layer":"passenger","locationId":"501","name":"Shell Recharge NL Albert Meinsstraat 21","address":"Albert Meinsstraat 21","city":"Wormerveer","operatorName":"Ubitricity","maxPowerKw":11,"isMegawatt":false,"status":"CHARGING","source":"ndw","priceKwh":0.392}},{"type":"Feature","geometry":{"type":"Point","coordinates":[4.826468,52.445321]},"properties":{"type":"charge","layer":"passenger","locationId":"1817148","name":"Laadnet AGORA","address":"Rosmolenstraat 30","city":"Zaandam","operatorName":"Laadnet","maxPowerKw":22,"isMegawatt":false,"status":"AVAILABLE","source":"ndw"}},{"type":"Feature","geometry":{"type":"Point","coordinates":[4.833846,52.448]},"properties":{"type":"charge","layer":"passenger","locationId":"0D368FA4-F332-4B49-9606-A9A79D2BE196","name":"TNLP008362 - Jachtenlaan 39, Zaandam","address":"39 Jachtenlaan","city":"Zaandam","operatorName":"TotalEnergies","maxPowerKw":14,"isMegawatt":false,"status":"AVAILABLE","source":"ndw"}},{"type":"Feature","geometry":{"type":"Point","coordinates":[4.80344,52.44449]},"properties":{"type":"charge","layer":"passenger","locationId":"ef45aeba-9c25-4e50-a5a9-2ff333980f4c","name":"PP001642 - Max Havelaarstraat 88, Zaandam","address":"88 Max Havelaarstraat","city":"Zaandam","operatorName":"TotalEnergies","maxPowerKw":11,"isMegawatt":false,"status":"AVAILABLE","source":"ndw"}},{"type":"Feature","geometry":{"type":"Point","coordinates":[4.82286,52.44898]},"properties":{"type":"charge","layer":"passenger","locationId":"6d07533a-4477-4a02-aa41-756709bb25d3","name":"PP001600 - Jan Bouwmeesterstraat 2, Zaandam","address":"2 Jan Bouwmeesterstraat","city":"Zaandam","operatorName":"TotalEnergies","maxPowerKw":11,"isMegawatt":false,"status":"AVAILABLE","source":"ndw"}},{"type":"Feature","geometry":{"type":"Point","coordinates":[4.848855,52.439842]},"properties":{"type":"charge","layer":"passenger","locationId":"92F6B650-BC42-4634-9372-B7451902F75B","name":"TNLP015060 - Dodonaeusstraat 35, Zaandam","address":"35 Dodonaeusstraat","city":"Zaandam","operatorName":"TotalEnergies","maxPowerKw":17,"isMegawatt":false,"status":"UNAVAILABLE","source":"ndw"}},{"type":"Feature","geometry":{"type":"Point","coordinates":[4.838626,52.440662]},"properties":{"type":"charge","layer":"passenger","locationId":"35269EAA-1D85-47EB-943D-D4E8DE1B1B86","name":"TNLP008463 - Bristolroodstraat 1, Zaandam","address":"1 Bristolroodstraat","city":"Zaandam","operatorName":"TotalEnergies","maxPowerKw":14,"isMegawatt":false,"status":"AVAILABLE","source":"ndw"}},{"type":"Feature","geometry":{"type":"Point","coordinates":[4.8449475,52.4460366]},"properties":{"type":"charge","layer":"passenger","locationId":"1868","name":"Shell Recharge NL Kofstraat 26","address":"Kofstraat 26","city":"Zaandam","operatorName":"Ubitricity","maxPowerKw":22,"isMegawatt":false,"status":"AVAILABLE","source":"ndw","priceKwh":0.267}},{"type":"Feature","geometry":{"type":"Point","coordinates":[4.83686,52.46738]},"properties":{"type":"charge","layer":"passenger","locationId":"57F5458A-6D22-449B-B479-55169B2CF51D","name":"TNLP008320 - Hertogs Wetering 10, Zaandam","address":"10 Hertogs Wetering","city":"Zaandam","operatorName":"TotalEnergies","maxPowerKw":13,"isMegawatt":false,"status":"UNAVAILABLE","source":"ndw"}},{"type":"Feature","geometry":{"type":"Point","coordinates":[4.782662,52.508189]},"properties":{"type":"charge","layer":"passenger","locationId":"69087b784046213a616fc52f","name":"OVMedia station 1 -11 kw","address":"Soldaatweg 6","city":"Wormerveer","operatorName":"E-Flux by Road","maxPowerKw":11,"isMegawatt":false,"status":"AVAILABLE","source":"ndw","priceKwh":0.63}},{"type":"Feature","geometry":{"type":"Point","coordinates":[4.824755,52.42786]},"properties":{"type":"charge","layer":"passenger","locationId":"5103","name":"Shell Recharge NL9346 - Shell Retail Zaandam","address":"Pieter Ghijsenlaan 16C","city":"Zaandam","operatorName":"Shell Recharge","maxPowerKw":7,"isMegawatt":false,"status":"AVAILABLE","source":"ndw","priceKwh":0.4545}},{"type":"Feature","geometry":{"type":"Point","coordinates":[4.75005,52.48611]},"properties":{"type":"charge","layer":"passenger","locationId":"ECAC2BD7-19A7-4ACE-9F1C-8F4D3FA28569","name":"PP005294 - H. P. Berlagestraat 1, Assendelft","address":"1 H. P. Berlagestraat","city":"Assendelft","operatorName":"TotalEnergies","maxPowerKw":11,"isMegawatt":false,"status":"UNAVAILABLE","source":"ndw"}},{"type":"Feature","geometry":{"type":"Point","coordinates":[4.826435,52.45417]},"properties":{"type":"charge","layer":"passenger","locationId":"nl-7704","name":"Interparking Zaans Medisch Centrum","address":"Koningin Julianaplein 56","city":"Zaandam","operatorName":"Interparking Netherlands","maxPowerKw":11,"isMegawatt":false,"status":"AVAILABLE","source":"ndw"}},{"type":"Feature","geometry":{"type":"Point","coordinates":[4.819834,52.435963]},"properties":{"type":"charge","layer":"passenger","locationId":"5AF24C7C-5EBC-4550-9434-2618E8744642","name":"TNLP008073 - Tsjechovstraat 2, Zaandam","address":"2 Tsjechovstraat","city":"Zaandam","operatorName":"TotalEnergies","maxPowerKw":15,"isMegawatt":false,"status":"AVAILABLE","source":"ndw"}},{"type":"Feature","geometry":{"type":"Point","coordinates":[4.7508664,52.4381638]},"properties":{"type":"charge","layer":"passenger","locationId":"27751","name":"Jachthaven Nauerna (PowerGo)","address":"Kanaaldijk 33","city":"Assendelft","operatorName":"PowerGo","maxPowerKw":50,"isMegawatt":false,"status":"AVAILABLE","source":"ndw","priceKwh":0.65}},{"type":"Feature","geometry":{"type":"Point","coordinates":[4.781465,52.51041]},"properties":{"type":"charge","layer":"passenger","locationId":"NLCPIL7234715","name":"FOURCE BV WORMERVEER 1","address":"36 Oude Blaauwweg","city":"Wormerveer","operatorName":"ChargePoint","maxPowerKw":22,"isMegawatt":false,"status":"AVAILABLE","source":"ndw","priceKwh":0.5}},{"type":"Feature","geometry":{"type":"Point","coordinates":[4.76164,52.4838]},"properties":{"type":"charge","layer":"passenger","locationId":"6a657822-1f16-43bf-8db2-80ffdbf385dd","name":"Zocalo","address":"Zocalo 8","city":"Assendelft","operatorName":"Vattenfall InCharge","maxPowerKw":11,"isMegawatt":false,"status":"AVAILABLE","source":"ndw","priceKwh":0.4316}},{"type":"Feature","geometry":{"type":"Point","coordinates":[4.752947,52.489036]},"properties":{"type":"charge","layer":"passenger","locationId":"NLLOC001162","name":"NLD, Zaanstad, Kaaikhof 144","address":"Kaaikhof 144","city":"Zaanstad","operatorName":"Allego","maxPowerKw":11,"isMegawatt":false,"status":"AVAILABLE","source":"ndw","priceKwh":0.511}},{"type":"Feature","geometry":{"type":"Point","coordinates":[4.84394,52.4448]},"properties":{"type":"charge","layer":"passenger","locationId":"69469764-d54b-4290-8f1d-54b4b931eb60","name":"PP001107 - Schoenerstraat 81, Zaandam","address":"81 Schoenerstraat","city":"Zaandam","operatorName":"TotalEnergies","maxPowerKw":11,"isMegawatt":false,"status":"CHARGING","source":"ndw"}},{"type":"Feature","geometry":{"type":"Point","coordinates":[4.80819,52.48401]},"properties":{"type":"charge","layer":"passenger","locationId":"325","name":"Shell Recharge NL Oost Indischekade 11","address":"Oost Indischekade 11","city":"Wormerveer","operatorName":"Ubitricity","maxPowerKw":11,"isMegawatt":false,"status":"AVAILABLE","source":"ndw","priceKwh":0.392}},{"type":"Feature","geometry":{"type":"Point","coordinates":[4.80373,52.44621]},"properties":{"type":"charge","layer":"passenger","locationId":"567","name":"Shell Recharge NL Gaasperdamstraat 60","address":"Gaasperdamstraat 60","city":"Zaandam","operatorName":"Ubitricity","maxPowerKw":11,"isMegawatt":false,"status":"CHARGING","source":"ndw","priceKwh":0.392}},{"type":"Feature","geometry":{"type":"Point","coordinates":[4.8245,52.42953]},"properties":{"type":"charge","layer":"passenger","locationId":"D934BEA0-7131-4188-823D-2AB5C1050885","name":"Eneco eMobility Hedin Automotive 4V B.V. - Pieter Ghijsenlaan 5 - Zaandam","address":"Pieter Ghijsenlaan 5","city":"Zaandam","operatorName":"Eneco","maxPowerKw":22,"isMegawatt":false,"status":"AVAILABLE","source":"ndw","priceKwh":0.58}},{"type":"Feature","geometry":{"type":"Point","coordinates":[4.761981,52.493294]},"properties":{"type":"charge","layer":"passenger","locationId":"122F39C2-E387-4618-ADAA-1092FF954664","name":"TNLP008970 - Burgemeester Smitstraat 13, Assendelft","address":"13 Burgemeester Smitstraat","city":"Assendelft","operatorName":"TotalEnergies","maxPowerKw":14,"isMegawatt":false,"status":"AVAILABLE","source":"ndw"}},{"type":"Feature","geometry":{"type":"Point","coordinates":[4.74158,52.467216]},"properties":{"type":"charge","layer":"passenger","locationId":"FDF14506-8095-4B92-A7E0-A51A75D62BD9","name":"TNLP007284 - Starnmeerstraat 7, Assendelft","address":"7 Starnmeerstraat","city":"Assendelft","operatorName":"TotalEnergies","maxPowerKw":17,"isMegawatt":false,"status":"AVAILABLE","source":"ndw"}},{"type":"Feature","geometry":{"type":"Point","coordinates":[4.85101,52.43953]},"properties":{"type":"charge","layer":"passenger","locationId":"e438e8b7-d5ee-405b-bd12-a39341cee5b7","name":"PP001631 - Goedhartstraat 6, Zaandam","address":"6 Goedhartstraat","city":"Zaandam","operatorName":"TotalEnergies","maxPowerKw":11,"isMegawatt":false,"status":"AVAILABLE","source":"ndw"}},{"type":"Feature","geometry":{"type":"Point","coordinates":[4.826261,52.458262]},"properties":{"type":"charge","layer":"passenger","locationId":"68877a145cac2e64a5fd700c","name":"Echte Marjolein-laden II","address":"Augustusbloemweg 4","city":"Zaandam","operatorName":"E-Flux by Road","maxPowerKw":11,"isMegawatt":false,"status":"AVAILABLE","source":"ndw","priceKwh":0.33}},{"type":"Feature","geometry":{"type":"Point","coordinates":[4.8235963,52.4457024]},"properties":{"type":"charge","layer":"passenger","locationId":"1190","name":"Shell Recharge NL Belgischestraat 1","address":"Belgischestraat 1","city":"Zaandam","operatorName":"Ubitricity","maxPowerKw":22,"isMegawatt":false,"status":"AVAILABLE","source":"ndw","priceKwh":0.267}},{"type":"Feature","geometry":{"type":"Point","coordinates":[4.800292,52.444598]},"properties":{"type":"charge","layer":"passenger","locationId":"1ae7c9e1-4e73-4a2d-8533-2aa817dd066f","name":"Caro van Eyckstraat","address":"Caro van Eyckstraat 187","city":"Zaandam","operatorName":"Vattenfall InCharge","maxPowerKw":11,"isMegawatt":false,"status":"AVAILABLE","source":"ndw","priceKwh":0.4316}},{"type":"Feature","geometry":{"type":"Point","coordinates":[4.747588,52.476369]},"properties":{"type":"charge","layer":"passenger","locationId":"69f1aae6faff9098513092e0","name":"VDL Power","address":"Dorpsstraat 594","city":"Assendelft","operatorName":"E-Flux by Road","maxPowerKw":25,"isMegawatt":false,"status":"AVAILABLE","source":"ndw","priceKwh":0.38}},{"type":"Feature","geometry":{"type":"Point","coordinates":[4.8547,52.43341]},"properties":{"type":"charge","layer":"passenger","locationId":"1562","name":"Shell Recharge NL Linnaeusstraat 234","address":"Linnaeusstraat 234","city":"Zaanstad","operatorName":"Ubitricity","maxPowerKw":22,"isMegawatt":false,"status":"CHARGING","source":"ndw","priceKwh":0.392}},{"type":"Feature","geometry":{"type":"Point","coordinates":[4.74951,52.49932]},"properties":{"type":"charge","layer":"passenger","locationId":"6abe4115-e78f-404e-a499-5cd577d7b3a6","name":"PP001106 - Neptunuslaan 100, Krommenie","address":"100 Neptunuslaan","city":"Krommenie","operatorName":"TotalEnergies","maxPowerKw":11,"isMegawatt":false,"status":"AVAILABLE","source":"ndw"}},{"type":"Feature","geometry":{"type":"Point","coordinates":[4.79541,52.47274]},"properties":{"type":"charge","layer":"passenger","locationId":"f458ae0c-f365-4f47-94ff-1a2f8765bc50","name":"PP001378 - Triangelhof 1, Zaandijk","address":"1 Triangelhof","city":"Zaandijk","operatorName":"TotalEnergies","maxPowerKw":11,"isMegawatt":false,"status":"UNAVAILABLE","source":"ndw"}},{"type":"Feature","geometry":{"type":"Point","coordinates":[4.816678,52.437778]},"properties":{"type":"charge","layer":"passenger","locationId":"D93D60DB-0CE3-4C32-8C6B-F591CAC0CB1D","name":"Q-Park Zaandam Hermitage","address":"Hermitage 144","city":"Zaandam","operatorName":"Q-Park Netherlands","maxPowerKw":11,"isMegawatt":false,"status":"AVAILABLE","source":"ndw"}},{"type":"Feature","geometry":{"type":"Point","coordinates":[4.83067,52.44609]},"properties":{"type":"charge","layer":"passenger","locationId":"227","name":"Shell Recharge NL Stadlanderweg 2","address":"Stadlanderweg 2","city":"Zaandam","operatorName":"Ubitricity","maxPowerKw":11,"isMegawatt":false,"status":"AVAILABLE","source":"ndw","priceKwh":0.392}},{"type":"Feature","geometry":{"type":"Point","coordinates":[4.8294198,52.4584379]},"properties":{"type":"charge","layer":"passenger","locationId":"1294","name":"Shell Recharge NL Leverkruidweg 5","address":"Leverkruidweg 5","city":"Zaandam","operatorName":"Ubitricity","maxPowerKw":22,"isMegawatt":false,"status":"AVAILABLE","source":"ndw","priceKwh":0.267}},{"type":"Feature","geometry":{"type":"Point","coordinates":[4.762908,52.4868584]},"properties":{"type":"charge","layer":"passenger","locationId":"28030","name":"Basic-Fit 1160 Assendelft Rode Ring (PowerGo)","address":"Rode Ring 43","city":"Assendelft","operatorName":"PowerGo","maxPowerKw":30,"isMegawatt":false,"status":"AVAILABLE","source":"ndw","priceKwh":0.5}},{"type":"Feature","geometry":{"type":"Point","coordinates":[4.803986,52.451565]},"properties":{"type":"charge","layer":"passenger","locationId":"922ae901735ff36d4700561e0afd1a9f","name":"Leerbroekstraat 50","address":"Leerbroekstraat 50","city":"Zaandam","operatorName":"Vattenfall InCharge","maxPowerKw":11,"isMegawatt":false,"status":"AVAILABLE","source":"ndw","priceKwh":0.2805}},{"type":"Feature","geometry":{"type":"Point","coordinates":[4.803186,52.46959]},"properties":{"type":"charge","layer":"passenger","locationId":"9558B2BE-3FF7-414D-95DF-B6155921C3D1","name":"TNLP008199 - Wezelstraat 15, Zaandijk","address":"15 Wezelstraat","city":"Zaandijk","operatorName":"TotalEnergies","maxPowerKw":15,"isMegawatt":false,"status":"AVAILABLE","source":"ndw"}},{"type":"Feature","geometry":{"type":"Point","coordinates":[4.7722274,52.5045972]},"properties":{"type":"charge","layer":"passenger","locationId":"1731","name":"Shell Recharge NL Dr. Kuijperkade 5","address":"Dr. Kuijperkade 5","city":"Krommenie","operatorName":"Ubitricity","maxPowerKw":22,"isMegawatt":false,"status":"AVAILABLE","source":"ndw","priceKwh":0.267}},{"type":"Feature","geometry":{"type":"Point","coordinates":[4.76892,52.5054]},"properties":{"type":"charge","layer":"passenger","locationId":"494","name":"Shell Recharge NL Serooskerkestraat 117","address":"Serooskerkestraat 117","city":"Krommenie","operatorName":"Ubitricity","maxPowerKw":11,"isMegawatt":false,"status":"AVAILABLE","source":"ndw","priceKwh":0.392}},{"type":"Feature","geometry":{"type":"Point","coordinates":[4.74959,52.4873]},"properties":{"type":"charge","layer":"passenger","locationId":"1602","name":"Shell Recharge NL Parkrijklaan 106","address":"Parkrijklaan 106","city":"Zaanstad","operatorName":"Ubitricity","maxPowerKw":11,"isMegawatt":false,"status":"AVAILABLE","source":"ndw","priceKwh":0.392}},{"type":"Feature","geometry":{"type":"Point","coordinates":[4.82578,52.468688]},"properties":{"type":"charge","layer":"passenger","locationId":"50","name":"Shell Recharge NL De Koopman 2","address":"De Koopman 2","city":"Zaandam","operatorName":"Ubitricity","maxPowerKw":11,"isMegawatt":false,"status":"AVAILABLE","source":"ndw","priceKwh":0.392}},{"type":"Feature","geometry":{"type":"Point","coordinates":[4.77501,52.50879]},"properties":{"type":"charge","layer":"passenger","locationId":"158","name":"Shell Recharge NL Graskarper 34","address":"Graskarper 34","city":"Krommenie","operatorName":"Ubitricity","maxPowerKw":11,"isMegawatt":false,"status":"CHARGING","source":"ndw","priceKwh":0.392}},{"type":"Feature","geometry":{"type":"Point","coordinates":[4.7943302,52.4614655]},"properties":{"type":"charge","layer":"passenger","locationId":"2042","name":"Shell Recharge NL Slijpakker 1","address":"Slijpakker 1","city":"Koog aan de Zaan","operatorName":"Ubitricity","maxPowerKw":22,"isMegawatt":false,"status":"AVAILABLE","source":"ndw","priceKwh":0.267}},{"type":"Feature","geometry":{"type":"Point","coordinates":[4.817162,52.461275]},"properties":{"type":"charge","layer":"passenger","locationId":"68fb6f21-693a-4a05-abc6-fa4068296164","name":"Lidl Zaandam","address":"Boere Jonkerplein 1","city":"Zaandam","operatorName":"Lidl","maxPowerKw":50,"isMegawatt":false,"status":"AVAILABLE","source":"ndw"}},{"type":"Feature","geometry":{"type":"Point","coordinates":[4.837359,52.449722]},"properties":{"type":"charge","layer":"passenger","locationId":"5A4B9787-BC4C-4CC8-AFD9-867222632386","name":"PP005603 - Aakstraat 13, Zaandam","address":"13 Aakstraat","city":"Zaandam","operatorName":"TotalEnergies","maxPowerKw":11,"isMegawatt":false,"status":"UNAVAILABLE","source":"ndw"}},{"type":"Feature","geometry":{"type":"Point","coordinates":[4.7594522,52.4962023]},"properties":{"type":"charge","layer":"passenger","locationId":"1337","name":"Shell Recharge NL Popelstraat 6","address":"Popelstraat 6","city":"Krommenie","operatorName":"Ubitricity","maxPowerKw":22,"isMegawatt":false,"status":"AVAILABLE","source":"ndw","priceKwh":0.267}},{"type":"Feature","geometry":{"type":"Point","coordinates":[4.74542,52.47173]},"properties":{"type":"charge","layer":"passenger","locationId":"482","name":"Shell Recharge NL Waterschot 1","address":"Waterschot 1","city":"Assendelft","operatorName":"Ubitricity","maxPowerKw":22,"isMegawatt":false,"status":"AVAILABLE","source":"ndw","priceKwh":0.392}},{"type":"Feature","geometry":{"type":"Point","coordinates":[4.80493,52.43851]},"properties":{"type":"charge","layer":"passenger","locationId":"63","name":"Shell Recharge NL Serenade 9","address":"Serenade 9","city":"Zaandam","operatorName":"Ubitricity","maxPowerKw":11,"isMegawatt":false,"status":"AVAILABLE","source":"ndw","priceKwh":0.392}},{"type":"Feature","geometry":{"type":"Point","coordinates":[4.796668,52.476252]},"properties":{"type":"charge","layer":"passenger","locationId":"f3ca6b4a3a4d0c7841a03c32223350c6","name":"Leonard Bernsteinstraat 26","address":"Leonard Bernsteinstraat 26","city":"Zaandijk","operatorName":"Vattenfall InCharge","maxPowerKw":11,"isMegawatt":false,"status":"CHARGING","source":"ndw","priceKwh":0.2805}},{"type":"Feature","geometry":{"type":"Point","coordinates":[4.782662,52.508189]},"properties":{"type":"charge","layer":"passenger","locationId":"69087ab5a2edd52c5602f904","name":"OVMedia station 2 - 11 kw","address":"Soldaatweg  6","city":"Wormerveer","operatorName":"E-Flux by Road","maxPowerKw":11,"isMegawatt":false,"status":"AVAILABLE","source":"ndw","priceKwh":0.63}},{"type":"Feature","geometry":{"type":"Point","coordinates":[4.77231,52.50815]},"properties":{"type":"charge","layer":"passenger","locationId":"8B46C4F2-C83D-4F5D-A99E-BC39CC66032C","name":"TNLP006896 - Vlagzalm 11, Krommenie","address":"11 Vlagzalm","city":"Krommenie","operatorName":"TotalEnergies","maxPowerKw":17,"isMegawatt":false,"status":"UNAVAILABLE","source":"ndw"}},{"type":"Feature","geometry":{"type":"Point","coordinates":[4.76251,52.50779]},"properties":{"type":"charge","layer":"passenger","locationId":"484","name":"Shell Recharge NL Lisdoddelaan 1","address":"Lisdoddelaan 1","city":"Krommenie","operatorName":"Ubitricity","maxPowerKw":11,"isMegawatt":false,"status":"UNAVAILABLE","source":"ndw","priceKwh":0.392}},{"type":"Feature","geometry":{"type":"Point","coordinates":[4.756406,52.489647]},"properties":{"type":"charge","layer":"passenger","locationId":"C069CF19-AFC2-4EA4-B436-844DD62E5078","name":"PP005352 - Metselaar 3, Assendelft","address":"3 Metselaar","city":"Assendelft","operatorName":"TotalEnergies","maxPowerKw":11,"isMegawatt":false,"status":"UNAVAILABLE","source":"ndw"}},{"type":"Feature","geometry":{"type":"Point","coordinates":[4.804834,52.440777]},"properties":{"type":"charge","layer":"passenger","locationId":"756D7434-3A5C-4908-ADF1-1DC0B716938B","name":"PP005598 - Fanfarehof 35, Zaandam","address":"35 Fanfarehof","city":"Zaandam","operatorName":"TotalEnergies","maxPowerKw":11,"isMegawatt":false,"status":"UNAVAILABLE","source":"ndw"}},{"type":"Feature","geometry":{"type":"Point","coordinates":[4.812122,52.43869]},"properties":{"type":"charge","layer":"passenger","locationId":"bed2767c-e941-462b-90b6-d6391c7679fd","name":"EV Hub - Ebbehout 29A, Zaandam","address":"29A Ebbehout","city":"Zaandam","operatorName":"TotalEnergies","maxPowerKw":50,"isMegawatt":false,"status":"AVAILABLE","source":"ndw"}},{"type":"Feature","geometry":{"type":"Point","coordinates":[4.805183,52.43312]},"properties":{"type":"charge","layer":"passenger","locationId":"6BC7ED27-266F-4F09-8759-E75961B7C3C4","name":"TNLP007356 - Zilverling 8, Zaandam","address":"8 Zilverling","city":"Zaandam","operatorName":"TotalEnergies","maxPowerKw":15,"isMegawatt":false,"status":"CHARGING","source":"ndw"}},{"type":"Feature","geometry":{"type":"Point","coordinates":[4.781784,52.428897]},"properties":{"type":"charge","layer":"passenger","locationId":"63de1418b2b73900126ad567","name":"Integra Groep station","address":"Rak  22","city":"Westzaan","operatorName":"NXT Charging Solutions","maxPowerKw":22,"isMegawatt":false,"status":"UNAVAILABLE","source":"ndw"}},{"type":"Feature","geometry":{"type":"Point","coordinates":[4.801898,52.44075]},"properties":{"type":"charge","layer":"passenger","locationId":"3FE834C3-495E-4053-83CF-15DD73C0BC47","name":"TNLP007951 - Cantate 53, Zaandam","address":"53 Cantate","city":"Zaandam","operatorName":"TotalEnergies","maxPowerKw":15,"isMegawatt":false,"status":"UNAVAILABLE","source":"ndw"}},{"type":"Feature","geometry":{"type":"Point","coordinates":[4.8406666,52.4489982]},"properties":{"type":"charge","layer":"passenger","locationId":"1722","name":"Shell Recharge NL Barkstraat 59","address":"Barkstraat 59","city":"Zaandam","operatorName":"Ubitricity","maxPowerKw":22,"isMegawatt":false,"status":"AVAILABLE","source":"ndw","priceKwh":0.267}},{"type":"Feature","geometry":{"type":"Point","coordinates":[4.758664,52.50744]},"properties":{"type":"charge","layer":"passenger","locationId":"829DF963-8E31-4D00-B8FF-56BE93FD5812","name":"PP005145 - Zilverschoonlaan 2, Krommenie","address":"2 Zilverschoonlaan","city":"Krommenie","operatorName":"TotalEnergies","maxPowerKw":15,"isMegawatt":false,"status":"AVAILABLE","source":"ndw"}},{"type":"Feature","geometry":{"type":"Point","coordinates":[4.833981,52.44362]},"properties":{"type":"charge","layer":"passenger","locationId":"E46E0916-F4EF-425F-B46A-48678EE17168","name":"TNLP006203 - Bloemgracht 140, Zaandam","address":"140 Bloemgracht","city":"Zaandam","operatorName":"TotalEnergies","maxPowerKw":17,"isMegawatt":false,"status":"UNAVAILABLE","source":"ndw"}},{"type":"Feature","geometry":{"type":"Point","coordinates":[4.8043614,52.4839719]},"properties":{"type":"charge","layer":"passenger","locationId":"1240","name":"Shell Recharge NL Floresstraat 1","address":"Floresstraat 1","city":"Wormerveer","operatorName":"Ubitricity","maxPowerKw":22,"isMegawatt":false,"status":"AVAILABLE","source":"ndw","priceKwh":0.267}},{"type":"Feature","geometry":{"type":"Point","coordinates":[4.7933938,52.4736529]},"properties":{"type":"charge","layer":"passenger","locationId":"1259","name":"Shell Recharge NL Hendrik Andriessenstraat 48","address":"Hendrik Andriessenstraat 48","city":"Zaandijk","operatorName":"Ubitricity","maxPowerKw":22,"isMegawatt":false,"status":"AVAILABLE","source":"ndw","priceKwh":0.267}},{"type":"Feature","geometry":{"type":"Point","coordinates":[4.827277,52.438885]},"properties":{"type":"charge","layer":"passenger","locationId":"CEF76611-246B-4B09-850A-6EC1DFA72AC6","name":"TNLP008100 - Burcht 11, Zaandam","address":"11 Burcht","city":"Zaandam","operatorName":"TotalEnergies","maxPowerKw":15,"isMegawatt":false,"status":"AVAILABLE","source":"ndw"}},{"type":"Feature","geometry":{"type":"Point","coordinates":[4.728657,52.454453]},"properties":{"type":"charge","layer":"passenger","locationId":"38599200-19ED-4E9A-9959-8C248EBDE054","name":"TNLP008524 - Binnenmeet 17, Assendelft","address":"17 Binnenmeet","city":"Assendelft","operatorName":"TotalEnergies","maxPowerKw":13,"isMegawatt":false,"status":"AVAILABLE","source":"ndw"}},{"type":"Feature","geometry":{"type":"Point","coordinates":[4.83132,52.4393]},"properties":{"type":"charge","layer":"passenger","locationId":"B5E78511-6E99-4C25-9422-68587C9D11B9","name":"PP005248 - Tuiniersstraat 3, Zaandam","address":"3 Tuiniersstraat","city":"Zaandam","operatorName":"TotalEnergies","maxPowerKw":11,"isMegawatt":false,"status":"UNAVAILABLE","source":"ndw"}},{"type":"Feature","geometry":{"type":"Point","coordinates":[4.796448,52.454903]},"properties":{"type":"charge","layer":"passenger","locationId":"BC9C3B76-C0CA-4525-AAC8-F104734B01FC","name":"TNLP006387 - Kogerwatering 55, Koog Aan De Zaan","address":"55 Kogerwatering","city":"Koog Aan De Zaan","operatorName":"TotalEnergies","maxPowerKw":17,"isMegawatt":false,"status":"UNAVAILABLE","source":"ndw"}},{"type":"Feature","geometry":{"type":"Point","coordinates":[4.77912,52.49778]},"properties":{"type":"charge","layer":"passenger","locationId":"604","name":"Shell Recharge NL De Zevenster 15","address":"De Zevenster 15","city":"Wormerveer","operatorName":"Ubitricity","maxPowerKw":11,"isMegawatt":false,"status":"AVAILABLE","source":"ndw","priceKwh":0.392}},{"type":"Feature","geometry":{"type":"Point","coordinates":[4.80314,52.45392]},"properties":{"type":"charge","layer":"passenger","locationId":"12B8E642-16C9-4397-989D-9F077FD38443","name":"TNLP007274 - Bovenveen 2, Zaandam","address":"2 Bovenveen","city":"Zaandam","operatorName":"TotalEnergies","maxPowerKw":13,"isMegawatt":false,"status":"UNAVAILABLE","source":"ndw"}},{"type":"Feature","geometry":{"type":"Point","coordinates":[4.83107,52.46806]},"properties":{"type":"charge","layer":"passenger","locationId":"305","name":"Shell Recharge NL Koningsdiep 69","address":"Koningsdiep 69","city":"Zaandam","operatorName":"Ubitricity","maxPowerKw":11,"isMegawatt":false,"status":"AVAILABLE","source":"ndw","priceKwh":0.392}},{"type":"Feature","geometry":{"type":"Point","coordinates":[4.77829,52.49623]},"properties":{"type":"charge","layer":"passenger","locationId":"215","name":"Shell Recharge NL De Groene Arend 56","address":"De Groene Arend 56","city":"Wormerveer","operatorName":"Ubitricity","maxPowerKw":11,"isMegawatt":false,"status":"AVAILABLE","source":"ndw","priceKwh":0.392}},{"type":"Feature","geometry":{"type":"Point","coordinates":[4.741994,52.465324]},"properties":{"type":"charge","layer":"passenger","locationId":"7085B67A-A252-4CDA-9930-AA9A1EA29F13","name":"TNLP007483 - Assumburgstraat 27, Assendelft","address":"27 Assumburgstraat","city":"Assendelft","operatorName":"TotalEnergies","maxPowerKw":17,"isMegawatt":false,"status":"AVAILABLE","source":"ndw"}},{"type":"Feature","geometry":{"type":"Point","coordinates":[4.78933,52.493427]},"properties":{"type":"charge","layer":"passenger","locationId":"C2E7C35E-C2CA-4F11-B707-36F1114A3686","name":"TNLP003686 - Dick Laanplein 12, Wormerveer","address":"12 Dick Laanplein","city":"Wormerveer","operatorName":"TotalEnergies","maxPowerKw":17,"isMegawatt":false,"status":"AVAILABLE","source":"ndw"}},{"type":"Feature","geometry":{"type":"Point","coordinates":[4.809489,52.459023]},"properties":{"type":"charge","layer":"passenger","locationId":"0e937a8a-1101-473b-bfd5-fd7bddd49c32","name":"Krokusstraat","address":"Krokusstraat 19","city":"Koog aan de Zaan","operatorName":"Vattenfall InCharge","maxPowerKw":11,"isMegawatt":false,"status":"UNAVAILABLE","source":"ndw","priceKwh":0.4316}},{"type":"Feature","geometry":{"type":"Point","coordinates":[4.813764,52.43537]},"properties":{"type":"charge","layer":"passenger","locationId":"606d5e4f725fa5ce3cf6efad","name":"Westzanerdijk 80B, Zaandam","address":"Westzanerdijk 80B","city":"Zaandam","operatorName":"E-Flux by Road","maxPowerKw":22,"isMegawatt":false,"status":"AVAILABLE","source":"ndw","priceKwh":0.53}},{"type":"Feature","geometry":{"type":"Point","coordinates":[4.73533,52.46515]},"properties":{"type":"charge","layer":"passenger","locationId":"148","name":"Shell Recharge NL Genieweg 71","address":"Genieweg 71","city":"Assendelft","operatorName":"Ubitricity","maxPowerKw":11,"isMegawatt":false,"status":"AVAILABLE","source":"ndw","priceKwh":0.392}},{"type":"Feature","geometry":{"type":"Point","coordinates":[4.8357081,52.4286093]},"properties":{"type":"charge","layer":"passenger","locationId":"1206","name":"Shell Recharge NL Conradwerf 131","address":"Conradwerf 131","city":"Zaandam","operatorName":"Ubitricity","maxPowerKw":22,"isMegawatt":false,"status":"AVAILABLE","source":"ndw","priceKwh":0.267}},{"type":"Feature","geometry":{"type":"Point","coordinates":[4.740007,52.463369]},"properties":{"type":"charge","layer":"passenger","locationId":"2b15e6dd-009f-401f-9ba5-f22bc81c4cae","name":"Aletta Jacobsstraat","address":"Aletta Jacobsstraat 120","city":"Assendelft","operatorName":"Vattenfall InCharge","maxPowerKw":11,"isMegawatt":false,"status":"AVAILABLE","source":"ndw","priceKwh":0.4316}},{"type":"Feature","geometry":{"type":"Point","coordinates":[4.755135,52.50168]},"properties":{"type":"charge","layer":"passenger","locationId":"C33A881C-0068-4553-9063-F11D919847D4","name":"TNLP034001 - Grote Beer 175, Krommenie","address":"175 Grote Beer","city":"Krommenie","operatorName":"TotalEnergies","maxPowerKw":13,"isMegawatt":false,"status":"UNAVAILABLE","source":"ndw"}},{"type":"Feature","geometry":{"type":"Point","coordinates":[4.814489,52.431617]},"properties":{"type":"charge","layer":"passenger","locationId":"89180038","name":"50five Zaandam, Albert Heijnweg 1","address":"Albert Heijnweg 1","city":"Zaandam","operatorName":"50five","maxPowerKw":22,"isMegawatt":false,"status":"AVAILABLE","source":"ndw"}},{"type":"Feature","geometry":{"type":"Point","coordinates":[4.796658,52.4594]},"properties":{"type":"charge","layer":"passenger","locationId":"9D1851E3-55CA-4FC2-B950-009209A94A7C","name":"TNLP007462 - Stuiverakker 41, Koog Aan De Zaan","address":"41 Stuiverakker","city":"Koog Aan De Zaan","operatorName":"TotalEnergies","maxPowerKw":17,"isMegawatt":false,"status":"UNAVAILABLE","source":"ndw"}},{"type":"Feature","geometry":{"type":"Point","coordinates":[4.816943,52.459482]},"properties":{"type":"charge","layer":"passenger","locationId":"6a4760881e7e56f1402ff91f","name":"Bouwmensen Zaandam","address":"Jufferstraat 3","city":"Zaandam","operatorName":"E-Flux by Road","maxPowerKw":11,"isMegawatt":false,"status":"UNAVAILABLE","source":"ndw","priceKwh":0.53}},{"type":"Feature","geometry":{"type":"Point","coordinates":[4.78962,52.494]},"properties":{"type":"charge","layer":"passenger","locationId":"180","name":"Shell Recharge NL Marktplein 5","address":"Marktplein 5","city":"Wormerveer","operatorName":"Ubitricity","maxPowerKw":11,"isMegawatt":false,"status":"AVAILABLE","source":"ndw","priceKwh":0.392}},{"type":"Feature","geometry":{"type":"Point","coordinates":[4.759176,52.490122]},"properties":{"type":"charge","layer":"passenger","locationId":"689b0dc960230ffeb8615fcf","name":"CMB Engineering Station","address":"Dansschool  21","city":"Assendelft","operatorName":"E-Flux by Road","maxPowerKw":11,"isMegawatt":false,"status":"CHARGING","source":"ndw","priceKwh":0.33}},{"type":"Feature","geometry":{"type":"Point","coordinates":[4.80916,52.43409]},"properties":{"type":"charge","layer":"passenger","locationId":"6E68E952-7B04-4893-8BF6-3CBEB0F277C1","name":"PP004285 - Adriaan Roggestraat 12, Zaandam","address":"12 Adriaan Roggestraat","city":"Zaandam","operatorName":"TotalEnergies","maxPowerKw":15,"isMegawatt":false,"status":"UNAVAILABLE","source":"ndw"}},{"type":"Feature","geometry":{"type":"Point","coordinates":[4.74015,52.460438]},"properties":{"type":"charge","layer":"passenger","locationId":"88885937","name":"Van Leeuwen Thuislocatie","address":"Kralingen 72","city":"Assendelft","operatorName":"Van Leeuwen","maxPowerKw":22,"isMegawatt":false,"status":"AVAILABLE","source":"ndw"}},{"type":"Feature","geometry":{"type":"Point","coordinates":[4.76417,52.46123]},"properties":{"type":"charge","layer":"passenger","locationId":"1659","name":"Shell Recharge NL Watermolenstraat 118","address":"Watermolenstraat 118","city":"Zaanstad","operatorName":"Ubitricity","maxPowerKw":22,"isMegawatt":false,"status":"AVAILABLE","source":"ndw","priceKwh":0.392}},{"type":"Feature","geometry":{"type":"Point","coordinates":[4.8418,52.44063]},"properties":{"type":"charge","layer":"passenger","locationId":"593B0C83-E517-47D0-8F2F-1966C870019D","name":"TNLP007153 - Twiskeweg 60, Zaandam","address":"60 Twiskeweg","city":"Zaandam","operatorName":"TotalEnergies","maxPowerKw":17,"isMegawatt":false,"status":"UNAVAILABLE","source":"ndw"}},{"type":"Feature","geometry":{"type":"Point","coordinates":[4.773779,52.511302]},"properties":{"type":"charge","layer":"passenger","locationId":"91231651","name":"50five-S NL 17B30510","address":"Sigarenmaker 25","city":"Krommenie","operatorName":"50five","maxPowerKw":12,"isMegawatt":false,"status":"CHARGING","source":"ndw"}},{"type":"Feature","geometry":{"type":"Point","coordinates":[4.833673,52.420277]},"properties":{"type":"charge","layer":"passenger","locationId":"62cc1b651ac67023ff725833","name":"F&PD","address":"Warmperserij 15","city":"Zaandam","operatorName":"E-Flux by Road","maxPowerKw":22,"isMegawatt":false,"status":"AVAILABLE","source":"ndw","priceKwh":0.63}},{"type":"Feature","geometry":{"type":"Point","coordinates":[4.796284,52.453697]},"properties":{"type":"charge","layer":"passenger","locationId":"784FFCFF-DC40-48A5-9F0A-0EDC8225656B","name":"TNLP009711 - Anna Bijnsstraat 1, Zaandam","address":"1 Anna Bijnsstraat","city":"Zaandam","operatorName":"TotalEnergies","maxPowerKw":15,"isMegawatt":false,"status":"AVAILABLE","source":"ndw"}},{"type":"Feature","geometry":{"type":"Point","coordinates":[4.783045,52.497356]},"properties":{"type":"charge","layer":"passenger","locationId":"69606A27-063D-4364-8982-28987C75F949","name":"TNLP007756 - Schakelplein 55, Wormerveer","address":"55 Schakelplein","city":"Wormerveer","operatorName":"TotalEnergies","maxPowerKw":15,"isMegawatt":false,"status":"AVAILABLE","source":"ndw"}},{"type":"Feature","geometry":{"type":"Point","coordinates":[4.779958,52.467964]},"properties":{"type":"charge","layer":"passenger","locationId":"A5941C7E-4B94-4C0E-A99C-40FBE4DDEAA5","name":"TNLP006048 - Middel 18, Westzaan","address":"18 Middel","city":"Westzaan","operatorName":"TotalEnergies","maxPowerKw":17,"isMegawatt":false,"status":"UNAVAILABLE","source":"ndw"}},{"type":"Feature","geometry":{"type":"Point","coordinates":[4.777608,52.504173]},"properties":{"type":"charge","layer":"passenger","locationId":"C0DC2783-B546-44AF-964A-ACE101238B3D","name":"TNLP009049 - Industrieweg 17, Wormerveer","address":"17 Industrieweg","city":"Wormerveer","operatorName":"TotalEnergies","maxPowerKw":15,"isMegawatt":false,"status":"AVAILABLE","source":"ndw"}},{"type":"Feature","geometry":{"type":"Point","coordinates":[4.771518,52.512062]},"properties":{"type":"charge","layer":"passenger","locationId":"EA83C5DF-2EA0-474F-9CB6-1BB487C60507","name":"TNLP009564 - Elzenhaantje 9, Krommenie","address":"9 Elzenhaantje","city":"Krommenie","operatorName":"TotalEnergies","maxPowerKw":17,"isMegawatt":false,"status":"UNAVAILABLE","source":"ndw"}},{"type":"Feature","geometry":{"type":"Point","coordinates":[4.832707,52.442747]},"properties":{"type":"charge","layer":"passenger","locationId":"2aaa02db569267e493ceefd220f45016","name":"Kapelaan Gerrit Grootstraat 1","address":"Kapelaan Gerrit Grootstraat 1","city":"Zaandam","operatorName":"Vattenfall InCharge","maxPowerKw":11,"isMegawatt":false,"status":"AVAILABLE","source":"ndw","priceKwh":0.2805}},{"type":"Feature","geometry":{"type":"Point","coordinates":[4.74956,52.49073]},"properties":{"type":"charge","layer":"passenger","locationId":"21","name":"Shell Recharge NL Gele ring 175","address":"Gele ring 175","city":"Assendelft","operatorName":"Ubitricity","maxPowerKw":11,"isMegawatt":false,"status":"AVAILABLE","source":"ndw","priceKwh":0.392}},{"type":"Feature","geometry":{"type":"Point","coordinates":[4.8381016,52.4333921]},"properties":{"type":"charge","layer":"passenger","locationId":"342","name":"Shell Recharge NL Morgensterstraat 72","address":"Morgensterstraat 72","city":"Zaandam","operatorName":"Ubitricity","maxPowerKw":11,"isMegawatt":false,"status":"AVAILABLE","source":"ndw","priceKwh":0.392}},{"type":"Feature","geometry":{"type":"Point","coordinates":[4.800677,52.458714]},"properties":{"type":"charge","layer":"passenger","locationId":"EF36B373-A3E3-41D5-AA9C-BEBD80138438","name":"TNLP007102 - Blauwselmolen 13, Koog aan de Zaan","address":"13 Blauwselmolen","city":"Koog aan de Zaan","operatorName":"TotalEnergies","maxPowerKw":15,"isMegawatt":false,"status":"AVAILABLE","source":"ndw"}},{"type":"Feature","geometry":{"type":"Point","coordinates":[4.770219,52.484768]},"properties":{"type":"charge","layer":"passenger","locationId":"67aa0470b6aa5fe256fc423c","name":"Vaartdijk 32","address":"Vaartdijk 32","city":"Assendelft","operatorName":"E-Flux by Road","maxPowerKw":22,"isMegawatt":false,"status":"AVAILABLE","source":"ndw","priceKwh":0.3767}},{"type":"Feature","geometry":{"type":"Point","coordinates":[4.80758,52.44512]},"properties":{"type":"charge","layer":"passenger","locationId":"222","name":"Shell Recharge NL Edamstraat 13","address":"Edamstraat 13","city":"Zaandam","operatorName":"Ubitricity","maxPowerKw":11,"isMegawatt":false,"status":"AVAILABLE","source":"ndw","priceKwh":0.392}},{"type":"Feature","geometry":{"type":"Point","coordinates":[4.829284,52.43665]},"properties":{"type":"charge","layer":"passenger","locationId":"D1CF78F9-0BC6-44AD-8BFD-4123091E7F97","name":"TNLP009368 - Mozartstraat 1, Zaandam","address":"1 Mozartstraat","city":"Zaandam","operatorName":"TotalEnergies","maxPowerKw":17,"isMegawatt":false,"status":"UNAVAILABLE","source":"ndw"}},{"type":"Feature","geometry":{"type":"Point","coordinates":[4.77948,52.51799]},"properties":{"type":"charge","layer":"passenger","locationId":"3CFB804C-EB96-4EAD-89C8-4F377777EA11","name":"Eneco eMobility Industrieweg 116 Westknollendam","address":"Industrieweg 116","city":"Westknollendam","operatorName":"Eneco","maxPowerKw":22,"isMegawatt":false,"status":"UNAVAILABLE","source":"ndw","priceKwh":0.32}},{"type":"Feature","geometry":{"type":"Point","coordinates":[4.82897,52.45992]},"properties":{"type":"charge","layer":"passenger","locationId":"591","name":"Shell Recharge NL Leverkruidweg 40","address":"Leverkruidweg 40","city":"Zaandam","operatorName":"Ubitricity","maxPowerKw":11,"isMegawatt":false,"status":"AVAILABLE","source":"ndw","priceKwh":0.392}},{"type":"Feature","geometry":{"type":"Point","coordinates":[4.794725,52.45643]},"properties":{"type":"charge","layer":"passenger","locationId":"1CE02B32-F145-42E9-8EEF-160A8A1B303E","name":"PP005576 - Ellekamp 29, Koog Aan De Zaan","address":"29 Ellekamp","city":"Koog Aan De Zaan","operatorName":"TotalEnergies","maxPowerKw":11,"isMegawatt":false,"status":"UNAVAILABLE","source":"ndw"}},{"type":"Feature","geometry":{"type":"Point","coordinates":[4.7644371,52.5011449]},"properties":{"type":"charge","layer":"passenger","locationId":"2777","name":"Shell Recharge NL Heiligeweg 55","address":"Heiligeweg 55","city":"Krommenie","operatorName":"Ubitricity","maxPowerKw":22,"isMegawatt":false,"status":"AVAILABLE","source":"ndw","priceKwh":0.267}},{"type":"Feature","geometry":{"type":"Point","coordinates":[4.777,52.515797]},"properties":{"type":"charge","layer":"passenger","locationId":"1FC1F7C1-E571-4C61-819E-F1B1AB35AAAE","name":"TNLP007420 - Loodsweg 5, Westknollendam","address":"5 Loodsweg","city":"Westknollendam","operatorName":"TotalEnergies","maxPowerKw":15,"isMegawatt":false,"status":"AVAILABLE","source":"ndw"}},{"type":"Feature","geometry":{"type":"Point","coordinates":[4.75919,52.50314]},"properties":{"type":"charge","layer":"passenger","locationId":"368","name":"Shell Recharge NL Rosariumplein 20","address":"Rosariumplein 20","city":"Krommenie","operatorName":"Ubitricity","maxPowerKw":11,"isMegawatt":false,"status":"UNAVAILABLE","source":"ndw","priceKwh":0.392}},{"type":"Feature","geometry":{"type":"Point","coordinates":[4.824397,52.467514]},"properties":{"type":"charge","layer":"passenger","locationId":"B7E2A536-DAF3-4E1F-A16B-5B88C100EF12","name":"TNLP015158 - De Almanak 1, Zaandam","address":"1 De Almanak","city":"Zaandam","operatorName":"TotalEnergies","maxPowerKw":17,"isMegawatt":false,"status":"UNAVAILABLE","source":"ndw"}},{"type":"Feature","geometry":{"type":"Point","coordinates":[4.76086,52.48998]},"properties":{"type":"charge","layer":"passenger","locationId":"8F7B820F-C188-4B51-AA5C-EEBCF80EBF23","name":"PP005443 - Dorpsstraat 979, Assendelft","address":"979 Dorpsstraat","city":"Assendelft","operatorName":"TotalEnergies","maxPowerKw":11,"isMegawatt":false,"status":"UNAVAILABLE","source":"ndw"}},{"type":"Feature","geometry":{"type":"Point","coordinates":[4.78349,52.506258]},"properties":{"type":"charge","layer":"passenger","locationId":"4303837","name":"Laadnet BVD Holding BV","address":"Kikkerweg 18","city":"Wormerveer","operatorName":"Laadnet","maxPowerKw":22,"isMegawatt":false,"status":"AVAILABLE","source":"ndw"}},{"type":"Feature","geometry":{"type":"Point","coordinates":[4.753572,52.489105]},"properties":{"type":"charge","layer":"passenger","locationId":"092AD85F-9BDC-4DCE-A76E-EE61946D96A3","name":"TNLP006595 - Saendelverlaan 183, Assendelft","address":"183 Saendelverlaan","city":"Assendelft","operatorName":"TotalEnergies","maxPowerKw":17,"isMegawatt":false,"status":"UNAVAILABLE","source":"ndw"}},{"type":"Feature","geometry":{"type":"Point","coordinates":[4.78459,52.49579]},"properties":{"type":"charge","layer":"passenger","locationId":"423FE550-F0C6-432E-AED7-2D69DE2E94BF","name":"PP004109 - Kerkstraat 221, Wormerveer","address":"221 Kerkstraat","city":"Wormerveer","operatorName":"TotalEnergies","maxPowerKw":11,"isMegawatt":false,"status":"UNAVAILABLE","source":"ndw"}},{"type":"Feature","geometry":{"type":"Point","coordinates":[4.80538,52.48331]},"properties":{"type":"charge","layer":"passenger","locationId":"5193D9BE-A648-4605-986D-5C5271DAF659","name":"TNLP003557 - Oost Indischekade 37, Wormerveer","address":"37 Oost Indischekade","city":"Wormerveer","operatorName":"TotalEnergies","maxPowerKw":17,"isMegawatt":false,"status":"AVAILABLE","source":"ndw"}},{"type":"Feature","geometry":{"type":"Point","coordinates":[4.8355532,52.4459859]},"properties":{"type":"charge","layer":"passenger","locationId":"1962","name":"Shell Recharge NL Tjotterlaan 14","address":"Tjotterlaan 14","city":"Zaandam","operatorName":"Ubitricity","maxPowerKw":22,"isMegawatt":false,"status":"AVAILABLE","source":"ndw","priceKwh":0.267}},{"type":"Feature","geometry":{"type":"Point","coordinates":[4.756226,52.49067]},"properties":{"type":"charge","layer":"passenger","locationId":"94685343-6B65-419F-870C-3ACC037762EE","name":"TNLP007730 - Eifel 5, Assendelft","address":"5 Eifel","city":"Assendelft","operatorName":"TotalEnergies","maxPowerKw":15,"isMegawatt":false,"status":"AVAILABLE","source":"ndw"}},{"type":"Feature","geometry":{"type":"Point","coordinates":[4.823177,52.427194]},"properties":{"type":"charge","layer":"passenger","locationId":"67922cabcc079aa3267a964d","name":"Dekker autogroep","address":"Stormhoek  2","city":"Zaandam","operatorName":"E-Flux by Road","maxPowerKw":14,"isMegawatt":false,"status":"AVAILABLE","source":"ndw","priceKwh":0.53}},{"type":"Feature","geometry":{"type":"Point","coordinates":[4.798406,52.490326]},"properties":{"type":"charge","layer":"passenger","locationId":"BE73D900-989D-4F1E-A59E-57962E044CBF","name":"PP005217 - Edisonstraat 2, Wormerveer","address":"2 Edisonstraat","city":"Wormerveer","operatorName":"TotalEnergies","maxPowerKw":11,"isMegawatt":false,"status":"UNAVAILABLE","source":"ndw"}},{"type":"Feature","geometry":{"type":"Point","coordinates":[4.80779,52.482616]},"properties":{"type":"charge","layer":"passenger","locationId":"BFA73735-3CF1-49BA-B559-4AEEB351C71A","name":"TNLP008538 - Surinamestraat 1, Wormerveer","address":"1 Surinamestraat","city":"Wormerveer","operatorName":"TotalEnergies","maxPowerKw":14,"isMegawatt":false,"status":"AVAILABLE","source":"ndw"}},{"type":"Feature","geometry":{"type":"Point","coordinates":[4.823738,52.46105]},"properties":{"type":"charge","layer":"passenger","locationId":"D0F80B9F-F5C0-4214-BD85-5C72E4950CED","name":"TNLP034090 - Koekoeksbloemweg 56, Zaandam","address":"56 Koekoeksbloemweg","city":"Zaandam","operatorName":"TotalEnergies","maxPowerKw":13,"isMegawatt":false,"status":"UNAVAILABLE","source":"ndw"}},{"type":"Feature","geometry":{"type":"Point","coordinates":[4.7524,52.48851]},"properties":{"type":"charge","layer":"passenger","locationId":"35","name":"Shell Recharge NL Kaaikhof 50","address":"Kaaikhof 50","city":"Assendelft","operatorName":"Ubitricity","maxPowerKw":11,"isMegawatt":false,"status":"AVAILABLE","source":"ndw","priceKwh":0.392}},{"type":"Feature","geometry":{"type":"Point","coordinates":[4.8172635,52.4494239]},"properties":{"type":"charge","layer":"passenger","locationId":"958","name":"Shell Recharge NL Wagenschotpad 9","address":"Wagenschotpad 9","city":"Zaandam","operatorName":"Ubitricity","maxPowerKw":22,"isMegawatt":false,"status":"AVAILABLE","source":"ndw","priceKwh":0.267}},{"type":"Feature","geometry":{"type":"Point","coordinates":[4.83963,52.47015]},"properties":{"type":"charge","layer":"passenger","locationId":"8505B9C9-03F0-4F06-8F0F-9401F1C4516B","name":"PP005249 - Brielse Meer 34, Zaandam","address":"34 Brielse Meer","city":"Zaandam","operatorName":"TotalEnergies","maxPowerKw":11,"isMegawatt":false,"status":"UNAVAILABLE","source":"ndw"}},{"type":"Feature","geometry":{"type":"Point","coordinates":[4.77334,52.49684]},"properties":{"type":"charge","layer":"passenger","locationId":"603","name":"Shell Recharge NL Zuidervaartdijk 113","address":"Zuidervaartdijk 113","city":"Krommenie","operatorName":"Ubitricity","maxPowerKw":11,"isMegawatt":false,"status":"CHARGING","source":"ndw","priceKwh":0.392}},{"type":"Feature","geometry":{"type":"Point","coordinates":[4.82628,52.44443]},"properties":{"type":"charge","layer":"passenger","locationId":"CD723834-871A-44D9-AE1C-49EE8695A859","name":"PP001619 - Zuidervaldeurstraat 26B, Zaandam","address":"26B Zuidervaldeurstraat","city":"Zaandam","operatorName":"TotalEnergies","maxPowerKw":11,"isMegawatt":false,"status":"AVAILABLE","source":"ndw"}},{"type":"Feature","geometry":{"type":"Point","coordinates":[4.837046,52.43928]},"properties":{"type":"charge","layer":"passenger","locationId":"6F2B4240-5C84-40DF-A88A-E547AF06DE5A","name":"TNLP007460 - Walraven van Hallstraat 18, Zaandam","address":"18 Walraven van Hallstraat","city":"Zaandam","operatorName":"TotalEnergies","maxPowerKw":17,"isMegawatt":false,"status":"UNAVAILABLE","source":"ndw"}},{"type":"Feature","geometry":{"type":"Point","coordinates":[4.740849,52.4931]},"properties":{"type":"charge","layer":"passenger","locationId":"4129374","name":"Laadnet CMB Infra BV","address":"Polderzicht 16","city":"Assendelft","operatorName":"Laadnet","maxPowerKw":22,"isMegawatt":false,"status":"AVAILABLE","source":"ndw"}},{"type":"Feature","geometry":{"type":"Point","coordinates":[4.81426,52.45499]},"properties":{"type":"charge","layer":"passenger","locationId":"348","name":"Shell Recharge NL Oostzijde 312","address":"Oostzijde 312","city":"Zaandam","operatorName":"Ubitricity","maxPowerKw":11,"isMegawatt":false,"status":"AVAILABLE","source":"ndw","priceKwh":0.392}},{"type":"Feature","geometry":{"type":"Point","coordinates":[4.83363,52.469677]},"properties":{"type":"charge","layer":"passenger","locationId":"1D4BAC83-049F-4308-ADDB-4D12DC7F7BE8","name":"TNLP007811 - Bolksbeek 2, Zaandam","address":"2 Bolksbeek","city":"Zaandam","operatorName":"TotalEnergies","maxPowerKw":17,"isMegawatt":false,"status":"UNAVAILABLE","source":"ndw"}},{"type":"Feature","geometry":{"type":"Point","coordinates":[4.851395,52.43667]},"properties":{"type":"charge","layer":"passenger","locationId":"333D0AB3-7273-4CFF-995D-EAF04A09AFEA","name":"TNLP009705 - Jaspersstraat 71, Zaandam","address":"71 Jaspersstraat","city":"Zaandam","operatorName":"TotalEnergies","maxPowerKw":15,"isMegawatt":false,"status":"AVAILABLE","source":"ndw"}},{"type":"Feature","geometry":{"type":"Point","coordinates":[4.833732,52.449287]},"properties":{"type":"charge","layer":"passenger","locationId":"83E48763-8D07-4689-9422-8EEDD4899198","name":"TNLP007980 - Schepenlaan 25, Zaandam","address":"25 Schepenlaan","city":"Zaandam","operatorName":"TotalEnergies","maxPowerKw":17,"isMegawatt":false,"status":"UNAVAILABLE","source":"ndw"}},{"type":"Feature","geometry":{"type":"Point","coordinates":[4.75069,52.49328]},"properties":{"type":"charge","layer":"passenger","locationId":"96B22B88-D245-4D1E-936C-181B3F4FDE80","name":"TNLP008409 - Enkelspoor 13, Assendelft","address":"13 Enkelspoor","city":"Assendelft","operatorName":"TotalEnergies","maxPowerKw":14,"isMegawatt":false,"status":"AVAILABLE","source":"ndw"}},{"type":"Feature","geometry":{"type":"Point","coordinates":[4.774425,52.497658]},"properties":{"type":"charge","layer":"passenger","locationId":"6264115D-E58A-445B-A540-BA887E528E73","name":"TNLP009631 - Krommenieërweg 271, Wormerveer","address":"271 Krommenieërweg","city":"Wormerveer","operatorName":"TotalEnergies","maxPowerKw":15,"isMegawatt":false,"status":"UNAVAILABLE","source":"ndw"}},{"type":"Feature","geometry":{"type":"Point","coordinates":[4.770643,52.463177]},"properties":{"type":"charge","layer":"passenger","locationId":"1277AF93-51D3-4DB3-BD4B-43EDDB814438","name":"TNLP005688 - Torenstraat 6, Westzaan","address":"6 Torenstraat","city":"Westzaan","operatorName":"TotalEnergies","maxPowerKw":17,"isMegawatt":false,"status":"UNAVAILABLE","source":"ndw"}},{"type":"Feature","geometry":{"type":"Point","coordinates":[4.761492,52.48387]},"properties":{"type":"charge","layer":"passenger","locationId":"9540F53D-559C-4892-BF65-F593EF7182C5","name":"TNLP008638 - Rode Ring 152, Assendelft","address":"152 Rode Ring","city":"Assendelft","operatorName":"TotalEnergies","maxPowerKw":14,"isMegawatt":false,"status":"CHARGING","source":"ndw"}},{"type":"Feature","geometry":{"type":"Point","coordinates":[4.7601938,52.4975489]},"properties":{"type":"charge","layer":"passenger","locationId":"985","name":"Shell Recharge NL Fortuinlaan 88","address":"Fortuinlaan 88","city":"Krommenie","operatorName":"Ubitricity","maxPowerKw":22,"isMegawatt":false,"status":"AVAILABLE","source":"ndw","priceKwh":0.267}},{"type":"Feature","geometry":{"type":"Point","coordinates":[4.759778,52.485424]},"properties":{"type":"charge","layer":"passenger","locationId":"D1EFB06F-4552-442F-ADFD-A940E656E34C","name":"TNLP006948 - Pronkgevel 1, Assendelft","address":"1 Pronkgevel","city":"Assendelft","operatorName":"TotalEnergies","maxPowerKw":17,"isMegawatt":false,"status":"UNAVAILABLE","source":"ndw"}},{"type":"Feature","geometry":{"type":"Point","coordinates":[4.81498,52.45075]},"properties":{"type":"charge","layer":"passenger","locationId":"1616","name":"Shell Recharge NL Rembrandtstraat 23","address":"Rembrandtstraat 23","city":"Zaanstad","operatorName":"Ubitricity","maxPowerKw":11,"isMegawatt":false,"status":"AVAILABLE","source":"ndw","priceKwh":0.392}},{"type":"Feature","geometry":{"type":"Point","coordinates":[4.824169,52.449963]},"properties":{"type":"charge","layer":"passenger","locationId":"03CD0D51-4513-4C74-839E-F2153B36ECA5","name":"TNLP015102 - Taanmanstraat 12, Zaandam","address":"12 Taanmanstraat","city":"Zaandam","operatorName":"TotalEnergies","maxPowerKw":17,"isMegawatt":false,"status":"UNAVAILABLE","source":"ndw"}},{"type":"Feature","geometry":{"type":"Point","coordinates":[4.778061,52.51365]},"properties":{"type":"charge","layer":"passenger","locationId":"B676BA3D-8106-4B42-8A3B-DA79E1239F8B","name":"TNLP006523 - Handelsweg 13, Wormerveer","address":"13 Handelsweg","city":"Wormerveer","operatorName":"TotalEnergies","maxPowerKw":15,"isMegawatt":false,"status":"AVAILABLE","source":"ndw"}},{"type":"Feature","geometry":{"type":"Point","coordinates":[4.82944,52.42849]},"properties":{"type":"charge","layer":"passenger","locationId":"538","name":"Shell Recharge NL Archangelstraat 128","address":"Archangelstraat 128","city":"Zaandam","operatorName":"Ubitricity","maxPowerKw":11,"isMegawatt":false,"status":"AVAILABLE","source":"ndw","priceKwh":0.392}},{"type":"Feature","geometry":{"type":"Point","coordinates":[4.812717,52.468295]},"properties":{"type":"charge","layer":"passenger","locationId":"8dc3ec69-d54d-4a79-98d4-16d621bdc185","name":"Kogersluisstraat","address":"Kogersluisstraat 1","city":"Koog aan de Zaan","operatorName":"Vattenfall InCharge","maxPowerKw":11,"isMegawatt":false,"status":"UNAVAILABLE","source":"ndw","priceKwh":0.4316}},{"type":"Feature","geometry":{"type":"Point","coordinates":[4.75142,52.49226]},"properties":{"type":"charge","layer":"passenger","locationId":"E8F28ADE-7A9F-4159-8061-32767819C79A","name":"PP004225 - Zwarte Ring 171, Assendelft","address":"171 Zwarte Ring","city":"Assendelft","operatorName":"TotalEnergies","maxPowerKw":11,"isMegawatt":false,"status":"UNAVAILABLE","source":"ndw"}},{"type":"Feature","geometry":{"type":"Point","coordinates":[4.823713,52.426102]},"properties":{"type":"charge","layer":"passenger","locationId":"NLLOC027954","name":"Allego - Hornbach Zaandam A8","address":"Symon Spiersweg 6","city":"Zaandam","operatorName":"Allego","maxPowerKw":22,"isMegawatt":false,"status":"AVAILABLE","source":"ndw","priceKwh":0.511}},{"type":"Feature","geometry":{"type":"Point","coordinates":[4.808916,52.46442]},"properties":{"type":"charge","layer":"passenger","locationId":"A46F12A1-939F-400B-B092-9268193540E5","name":"TNLP009194 - Sportstraat 3, Koog Aan De Zaan","address":"3 Sportstraat","city":"Koog Aan De Zaan","operatorName":"TotalEnergies","maxPowerKw":17,"isMegawatt":false,"status":"UNAVAILABLE","source":"ndw"}},{"type":"Feature","geometry":{"type":"Point","coordinates":[4.783621,52.493507]},"properties":{"type":"charge","layer":"passenger","locationId":"2F79563F-1220-4D54-A10E-FA1DB1054AE2","name":"TNLP009071 - Iepenweg 13, Wormerveer","address":"13 Iepenweg","city":"Wormerveer","operatorName":"TotalEnergies","maxPowerKw":17,"isMegawatt":false,"status":"UNAVAILABLE","source":"ndw"}},{"type":"Feature","geometry":{"type":"Point","coordinates":[4.831981,52.43225]},"properties":{"type":"charge","layer":"passenger","locationId":"4C741C1E-1781-4987-9742-5147B950B10C","name":"TNLP008975 - Prins Hendrikkade 100, Zaandam","address":"100 Prins Hendrikkade","city":"Zaandam","operatorName":"TotalEnergies","maxPowerKw":14,"isMegawatt":false,"status":"AVAILABLE","source":"ndw"}},{"type":"Feature","geometry":{"type":"Point","coordinates":[4.822132,52.437154]},"properties":{"type":"charge","layer":"passenger","locationId":"a09f3ec6-dcf9-45c5-8eb9-cc36923a8138","name":"Czarinastraat","address":"Czarinastraat 26","city":"Zaandam","operatorName":"Vattenfall InCharge","maxPowerKw":11,"isMegawatt":false,"status":"UNAVAILABLE","source":"ndw","priceKwh":0.4316}},{"type":"Feature","geometry":{"type":"Point","coordinates":[4.82489,52.437698]},"properties":{"type":"charge","layer":"passenger","locationId":"3778813","name":"Laadnet Mazurka","address":"Hoge Horn 1","city":"Zaandam","operatorName":"Laadnet","maxPowerKw":22,"isMegawatt":false,"status":"AVAILABLE","source":"ndw"}},{"type":"Feature","geometry":{"type":"Point","coordinates":[4.753664,52.496567]},"properties":{"type":"charge","layer":"passenger","locationId":"A6830FF6-F306-4CD3-8DE1-E55440145597","name":"TNLP009491 - Saendelverlaan 2, Krommenie","address":"2 Saendelverlaan","city":"Krommenie","operatorName":"TotalEnergies","maxPowerKw":15,"isMegawatt":false,"status":"AVAILABLE","source":"ndw"}},{"type":"Feature","geometry":{"type":"Point","coordinates":[4.83178,52.45888]},"properties":{"type":"charge","layer":"passenger","locationId":"CD398764-4E9A-4495-B0E3-CA8402F8B938","name":"PP005455 - Kaasjeskruidweg 11, Zaandam","address":"11 Kaasjeskruidweg","city":"Zaandam","operatorName":"TotalEnergies","maxPowerKw":11,"isMegawatt":false,"status":"UNAVAILABLE","source":"ndw"}},{"type":"Feature","geometry":{"type":"Point","coordinates":[4.779583,52.436253]},"properties":{"type":"charge","layer":"passenger","locationId":"E278CD53-051E-4A57-A51A-F2303E0C0BB5","name":"TNLP006673 - Zuideinde 121, Westzaan","address":"121 Zuideinde","city":"Westzaan","operatorName":"TotalEnergies","maxPowerKw":17,"isMegawatt":false,"status":"UNAVAILABLE","source":"ndw"}},{"type":"Feature","geometry":{"type":"Point","coordinates":[4.825108,52.4243]},"properties":{"type":"charge","layer":"passenger","locationId":"749","name":"Laadpaal24 749","address":"Symon Spiersweg 5","city":"Zaandam","operatorName":"Laadpaal24","maxPowerKw":22,"isMegawatt":false,"status":"AVAILABLE","source":"ndw"}},{"type":"Feature","geometry":{"type":"Point","coordinates":[4.751969,52.486546]},"properties":{"type":"charge","layer":"passenger","locationId":"E7CFC189-8A61-4001-80A4-9274E7381EB5","name":"TNLP009236 - Schenkerven 37, Assendelft","address":"37 Schenkerven","city":"Assendelft","operatorName":"TotalEnergies","maxPowerKw":17,"isMegawatt":false,"status":"UNAVAILABLE","source":"ndw"}},{"type":"Feature","geometry":{"type":"Point","coordinates":[4.780437,52.50905]},"properties":{"type":"charge","layer":"passenger","locationId":"BD2AAE08-072E-4CE8-A17A-F0F6ADB2CD76","name":"TNLP006511 - Industrieweg 27, Wormerveer","address":"27 Industrieweg","city":"Wormerveer","operatorName":"TotalEnergies","maxPowerKw":15,"isMegawatt":false,"status":"UNAVAILABLE","source":"ndw"}},{"type":"Feature","geometry":{"type":"Point","coordinates":[4.850473,52.43318]},"properties":{"type":"charge","layer":"passenger","locationId":"4069E7C9-E685-44B1-8516-2C50CF3D7848","name":"TNLP007111 - Linnaeusstraat 38, Zaandam","address":"38 Linnaeusstraat","city":"Zaandam","operatorName":"TotalEnergies","maxPowerKw":17,"isMegawatt":false,"status":"UNAVAILABLE","source":"ndw"}},{"type":"Feature","geometry":{"type":"Point","coordinates":[4.743354,52.497456]},"properties":{"type":"charge","layer":"passenger","locationId":"8584917B-E9FA-4BBF-83F2-C9D352CCBA7F","name":"TNLP034002 - Raaigras 11, Assendelft","address":"11 Raaigras","city":"Assendelft","operatorName":"TotalEnergies","maxPowerKw":13,"isMegawatt":false,"status":"UNAVAILABLE","source":"ndw"}},{"type":"Feature","geometry":{"type":"Point","coordinates":[4.841809,52.450584]},"properties":{"type":"charge","layer":"passenger","locationId":"9428D8E0-8BB4-458C-A4EF-BDDEF84A537D","name":"TNLP009228 - Rode Zee 11, Zaandam","address":"11 Rode Zee","city":"Zaandam","operatorName":"TotalEnergies","maxPowerKw":17,"isMegawatt":false,"status":"UNAVAILABLE","source":"ndw"}},{"type":"Feature","geometry":{"type":"Point","coordinates":[4.827428,52.443882]},"properties":{"type":"charge","layer":"passenger","locationId":"0A2FA6A1-3A10-48AB-ACDA-7EA3BEDD6060","name":"TNLP009737 - Redersstraat 1, Zaandam","address":"1 Redersstraat","city":"Zaandam","operatorName":"TotalEnergies","maxPowerKw":17,"isMegawatt":false,"status":"UNAVAILABLE","source":"ndw"}},{"type":"Feature","geometry":{"type":"Point","coordinates":[4.77011,52.4644]},"properties":{"type":"charge","layer":"passenger","locationId":"64E5F1CD-5744-45E1-8BCB-861806AB4083","name":"PP005253 - De Peereboomstraat 4, Westzaan","address":"4 De Peereboomstraat","city":"Westzaan","operatorName":"TotalEnergies","maxPowerKw":11,"isMegawatt":false,"status":"UNAVAILABLE","source":"ndw"}},{"type":"Feature","geometry":{"type":"Point","coordinates":[4.8061485,52.4488298]},"properties":{"type":"charge","layer":"passenger","locationId":"2027","name":"Shell Recharge NL Schaarweide 1","address":"Schaarweide 1","city":"Zaandam","operatorName":"Ubitricity","maxPowerKw":22,"isMegawatt":false,"status":"AVAILABLE","source":"ndw","priceKwh":0.267}},{"type":"Feature","geometry":{"type":"Point","coordinates":[4.81933,52.45805]},"properties":{"type":"charge","layer":"passenger","locationId":"32","name":"Shell Recharge NL Veldbloemenweg 10","address":"Veldbloemenweg 10","city":"Zaandam","operatorName":"Ubitricity","maxPowerKw":11,"isMegawatt":false,"status":"AVAILABLE","source":"ndw","priceKwh":0.392}},{"type":"Feature","geometry":{"type":"Point","coordinates":[4.83697,52.47052]},"properties":{"type":"charge","layer":"passenger","locationId":"560","name":"Shell Recharge NL Bolksbeek 5","address":"Bolksbeek 5","city":"Zaandam","operatorName":"Ubitricity","maxPowerKw":11,"isMegawatt":false,"status":"AVAILABLE","source":"ndw","priceKwh":0.392}},{"type":"Feature","geometry":{"type":"Point","coordinates":[4.830477,52.46604]},"properties":{"type":"charge","layer":"passenger","locationId":"D3D48F20-F042-42D6-8994-66B7EC06DBB5","name":"TNLP008007 - Hoendiep 30, Zaandam","address":"30 Hoendiep","city":"Zaandam","operatorName":"TotalEnergies","maxPowerKw":17,"isMegawatt":false,"status":"UNAVAILABLE","source":"ndw"}},{"type":"Feature","geometry":{"type":"Point","coordinates":[4.84384,52.46868]},"properties":{"type":"charge","layer":"passenger","locationId":"359","name":"Shell Recharge NL Kinselmeer 26","address":"Kinselmeer 26","city":"Zaandam","operatorName":"Ubitricity","maxPowerKw":11,"isMegawatt":false,"status":"AVAILABLE","source":"ndw","priceKwh":0.392}},{"type":"Feature","geometry":{"type":"Point","coordinates":[4.75774,52.50579]},"properties":{"type":"charge","layer":"passenger","locationId":"486","name":"Shell Recharge NL Ranonkelplein 1","address":"Ranonkelplein 1","city":"Krommenie","operatorName":"Ubitricity","maxPowerKw":11,"isMegawatt":false,"status":"UNAVAILABLE","source":"ndw","priceKwh":0.392}},{"type":"Feature","geometry":{"type":"Point","coordinates":[4.83785,52.4441]},"properties":{"type":"charge","layer":"passenger","locationId":"4f41fddf-a368-49ea-9597-2cd85ec996a7","name":"PP001625 - Vermiljoenweg 9, Zaandam","address":"9 Vermiljoenweg","city":"Zaandam","operatorName":"TotalEnergies","maxPowerKw":11,"isMegawatt":false,"status":"CHARGING","source":"ndw"}},{"type":"Feature","geometry":{"type":"Point","coordinates":[4.82829,52.43817]},"properties":{"type":"charge","layer":"passenger","locationId":"64","name":"Shell Recharge NL Burcht 7","address":"Burcht 7","city":"Zaandam","operatorName":"Ubitricity","maxPowerKw":11,"isMegawatt":false,"status":"AVAILABLE","source":"ndw","priceKwh":0.392}},{"type":"Feature","geometry":{"type":"Point","coordinates":[4.743406,52.48756]},"properties":{"type":"charge","layer":"passenger","locationId":"1D8EA81E-9893-457E-91A8-A0F6A3D9DE83","name":"TNLP006662 - Tulpenburgh 7, Assendelft","address":"7 Tulpenburgh","city":"Assendelft","operatorName":"TotalEnergies","maxPowerKw":17,"isMegawatt":false,"status":"UNAVAILABLE","source":"ndw"}},{"type":"Feature","geometry":{"type":"Point","coordinates":[4.76219,52.50152]},"properties":{"type":"charge","layer":"passenger","locationId":"BC646FBF-4ED7-4A13-BE22-C9B066D69CCB","name":"PP004258 - Heiligeweg 95, Krommenie","address":"95 Heiligeweg","city":"Krommenie","operatorName":"TotalEnergies","maxPowerKw":11,"isMegawatt":false,"status":"UNAVAILABLE","source":"ndw"}},{"type":"Feature","geometry":{"type":"Point","coordinates":[4.822377,52.473103]},"properties":{"type":"charge","layer":"passenger","locationId":"C80877CE-D1B0-461F-BC22-E38BAD889EA9","name":"TNLP006578 - Schansend 7, Zaandam","address":"7 Schansend","city":"Zaandam","operatorName":"TotalEnergies","maxPowerKw":15,"isMegawatt":false,"status":"AVAILABLE","source":"ndw"}},{"type":"Feature","geometry":{"type":"Point","coordinates":[4.83796,52.468987]},"properties":{"type":"charge","layer":"passenger","locationId":"5759333B-EFA7-468D-8806-41358462FF39","name":"TNLP006764 - Bergumermeer 15, Zaandam","address":"15 Bergumermeer","city":"Zaandam","operatorName":"TotalEnergies","maxPowerKw":15,"isMegawatt":false,"status":"AVAILABLE","source":"ndw"}},{"type":"Feature","geometry":{"type":"Point","coordinates":[4.813222,52.45324]},"properties":{"type":"charge","layer":"passenger","locationId":"DF4D99EC-A76A-4238-95B1-2CEDD42DC62B","name":"TNLP007747 - Frans Halsstraat 2, Zaandam","address":"2 Frans Halsstraat","city":"Zaandam","operatorName":"TotalEnergies","maxPowerKw":17,"isMegawatt":false,"status":"UNAVAILABLE","source":"ndw"}},{"type":"Feature","geometry":{"type":"Point","coordinates":[4.793058,52.47271]},"properties":{"type":"charge","layer":"passenger","locationId":"FBFA5CF9-F737-415C-AE05-CFB02523828E","name":"TNLP006056 - Triangelhof 147, Zaandijk","address":"147 Triangelhof","city":"Zaandijk","operatorName":"TotalEnergies","maxPowerKw":17,"isMegawatt":false,"status":"UNAVAILABLE","source":"ndw"}},{"type":"Feature","geometry":{"type":"Point","coordinates":[4.845992,52.446472]},"properties":{"type":"charge","layer":"passenger","locationId":"4C891739-73AA-4A7B-A74A-8DC83961ECDE","name":"TNLP008618 - Middellandse Zee 1, Zaandam","address":"1 Middellandse Zee","city":"Zaandam","operatorName":"TotalEnergies","maxPowerKw":13,"isMegawatt":false,"status":"UNAVAILABLE","source":"ndw"}},{"type":"Feature","geometry":{"type":"Point","coordinates":[4.8355,52.43312]},"properties":{"type":"charge","layer":"passenger","locationId":"4b7b4d84-a1d3-4beb-8e8d-b664bf8c8b41","name":"PP001691 - Straat Davis 1, Zaandam","address":"1 Straat Davis","city":"Zaandam","operatorName":"TotalEnergies","maxPowerKw":11,"isMegawatt":false,"status":"AVAILABLE","source":"ndw"}},{"type":"Feature","geometry":{"type":"Point","coordinates":[4.82104,52.43501]},"properties":{"type":"charge","layer":"passenger","locationId":"C26FAC9F-A15D-4574-AC26-76CFF1EC16BA","name":"PP005453 - Houthavenkade 30, Zaandam","address":"30 Houthavenkade","city":"Zaandam","operatorName":"TotalEnergies","maxPowerKw":11,"isMegawatt":false,"status":"UNAVAILABLE","source":"ndw"}},{"type":"Feature","geometry":{"type":"Point","coordinates":[4.82786,52.45418]},"properties":{"type":"charge","layer":"passenger","locationId":"22C60E59-3DC5-40F0-AAEC-EE0605C34602","name":"Eneco eMobility Ahold Europe Real Estate & Construction - Zaandam","address":"Koningin Julianaplein 14","city":"Zaandam","operatorName":"Eneco","maxPowerKw":11,"isMegawatt":false,"status":"AVAILABLE","source":"ndw","priceKwh":0.35}},{"type":"Feature","geometry":{"type":"Point","coordinates":[4.80737,52.44206]},"properties":{"type":"charge","layer":"passenger","locationId":"161","name":"Shell Recharge NL Opera 79","address":"Opera 79","city":"Zaandam","operatorName":"Ubitricity","maxPowerKw":11,"isMegawatt":false,"status":"AVAILABLE","source":"ndw","priceKwh":0.392}},{"type":"Feature","geometry":{"type":"Point","coordinates":[4.778206,52.513084]},"properties":{"type":"charge","layer":"passenger","locationId":"47ABF184-5B07-4E8F-A7B0-0586DDD5E186","name":"TNLP009764 - Handelsweg 7, Wormerveer","address":"7 Handelsweg","city":"Wormerveer","operatorName":"TotalEnergies","maxPowerKw":17,"isMegawatt":false,"status":"UNAVAILABLE","source":"ndw"}},{"type":"Feature","geometry":{"type":"Point","coordinates":[4.80413,52.4393]},"properties":{"type":"charge","layer":"passenger","locationId":"CC980D2F-613B-44F3-A46D-5ADC5F1031B5","name":"PP005309 - Aria 16, Zaandam","address":"16 Aria","city":"Zaandam","operatorName":"TotalEnergies","maxPowerKw":13,"isMegawatt":false,"status":"UNAVAILABLE","source":"ndw"}},{"type":"Feature","geometry":{"type":"Point","coordinates":[4.79199,52.49645]},"properties":{"type":"charge","layer":"passenger","locationId":"281","name":"Shell Recharge NL Kortenaerstraat 2","address":"Kortenaerstraat 2","city":"Wormerveer","operatorName":"Ubitricity","maxPowerKw":22,"isMegawatt":false,"status":"AVAILABLE","source":"ndw","priceKwh":0.392}},{"type":"Feature","geometry":{"type":"Point","coordinates":[4.74964,52.49797]},"properties":{"type":"charge","layer":"passenger","locationId":"37","name":"Shell Recharge NL Titanialaan 18","address":"Titanialaan 18","city":"Krommenie","operatorName":"Ubitricity","maxPowerKw":11,"isMegawatt":false,"status":"AVAILABLE","source":"ndw","priceKwh":0.392}},{"type":"Feature","geometry":{"type":"Point","coordinates":[4.78934,52.497272]},"properties":{"type":"charge","layer":"passenger","locationId":"420f4f7e6079a7f7224df81e697fa177","name":"Van Speijkstraat 60","address":"Van Speijkstraat 60","city":"Wormerveer","operatorName":"Vattenfall InCharge","maxPowerKw":11,"isMegawatt":false,"status":"AVAILABLE","source":"ndw","priceKwh":0.2805}},{"type":"Feature","geometry":{"type":"Point","coordinates":[4.74414,52.4662]},"properties":{"type":"charge","layer":"passenger","locationId":"662","name":"Shell Recharge NL Beemsterstraat 19","address":"Beemsterstraat 19","city":"Assendelft","operatorName":"Ubitricity","maxPowerKw":11,"isMegawatt":false,"status":"AVAILABLE","source":"ndw","priceKwh":0.392}},{"type":"Feature","geometry":{"type":"Point","coordinates":[4.81902,52.44419]},"properties":{"type":"charge","layer":"passenger","locationId":"316","name":"Shell Recharge NL Tuinstraat 9","address":"Tuinstraat 9","city":"Zaandam","operatorName":"Ubitricity","maxPowerKw":11,"isMegawatt":false,"status":"AVAILABLE","source":"ndw","priceKwh":0.392}},{"type":"Feature","geometry":{"type":"Point","coordinates":[4.805823,52.47209]},"properties":{"type":"charge","layer":"passenger","locationId":"5AAEDB0E-30EC-47F8-9123-B42C7632BD95","name":"TNLP009696 - Lindenlaan 56, Zaandijk","address":"56 Lindenlaan","city":"Zaandijk","operatorName":"TotalEnergies","maxPowerKw":17,"isMegawatt":false,"status":"UNAVAILABLE","source":"ndw"}},{"type":"Feature","geometry":{"type":"Point","coordinates":[4.84573,52.43311]},"properties":{"type":"charge","layer":"passenger","locationId":"181","name":"Shell Recharge NL Ds. M.L. Kingweg 227","address":"Ds. M.L. Kingweg 227","city":"Zaandam","operatorName":"Ubitricity","maxPowerKw":11,"isMegawatt":false,"status":"CHARGING","source":"ndw","priceKwh":0.392}},{"type":"Feature","geometry":{"type":"Point","coordinates":[4.842248,52.449535]},"properties":{"type":"charge","layer":"passenger","locationId":"67F7D9EF-BC0A-42F6-A38B-345E401995B5","name":"TNLP008376 - Barkstraat 2, Zaandam","address":"2 Barkstraat","city":"Zaandam","operatorName":"TotalEnergies","maxPowerKw":14,"isMegawatt":false,"status":"AVAILABLE","source":"ndw"}},{"type":"Feature","geometry":{"type":"Point","coordinates":[4.816118,52.4353]},"properties":{"type":"charge","layer":"passenger","locationId":"2D61E3FC-9393-4D27-9E45-564007AFE3CA","name":"Eneco eMobility AH Hoofdkantoor Zaandam","address":"Provincialeweg 11","city":"Zaandam","operatorName":"Eneco","maxPowerKw":22,"isMegawatt":false,"status":"AVAILABLE","source":"ndw","priceKwh":0.3}},{"type":"Feature","geometry":{"type":"Point","coordinates":[4.795708,52.489468]},"properties":{"type":"charge","layer":"passenger","locationId":"BD355F1E-BF7C-43C7-849A-C8B97CB938CE","name":"TNLP007319 - Weverstraat 25, Wormerveer","address":"25 Weverstraat","city":"Wormerveer","operatorName":"TotalEnergies","maxPowerKw":17,"isMegawatt":false,"status":"UNAVAILABLE","source":"ndw"}},{"type":"Feature","geometry":{"type":"Point","coordinates":[4.798363,52.448535]},"properties":{"type":"charge","layer":"passenger","locationId":"fa722abc-0dec-4808-8ab4-adc22fce8340","name":"TNLP015144","address":"S. Hartstraat 28","city":"Zaandam","operatorName":"TotalEnergies","maxPowerKw":17,"isMegawatt":false,"status":"AVAILABLE","source":"ndw"}},{"type":"Feature","geometry":{"type":"Point","coordinates":[4.85279,52.43963]},"properties":{"type":"charge","layer":"passenger","locationId":"639","name":"Shell Recharge NL Dodoneaustraat 62","address":"Dodoneaustraat 62","city":"Zaandam","operatorName":"Ubitricity","maxPowerKw":11,"isMegawatt":false,"status":"AVAILABLE","source":"ndw","priceKwh":0.392}},{"type":"Feature","geometry":{"type":"Point","coordinates":[4.83616,52.442474]},"properties":{"type":"charge","layer":"passenger","locationId":"3216D220-D1A9-44CD-B5B7-F9497CE2889B","name":"TNLP007286 - Ds. Martin Luther Kingweg 157, Zaandam","address":"157 Ds. Martin Luther Kingweg","city":"Zaandam","operatorName":"TotalEnergies","maxPowerKw":17,"isMegawatt":false,"status":"UNAVAILABLE","source":"ndw"}},{"type":"Feature","geometry":{"type":"Point","coordinates":[4.796069,52.45268]},"properties":{"type":"charge","layer":"passenger","locationId":"EFC0983E-086F-4DA0-A341-506A572F1072","name":"TNLP005930 - Betje Wolffstraat 31, Zaandam","address":"31 Betje Wolffstraat","city":"Zaandam","operatorName":"TotalEnergies","maxPowerKw":15,"isMegawatt":false,"status":"AVAILABLE","source":"ndw"}},{"type":"Feature","geometry":{"type":"Point","coordinates":[4.82403,52.448233]},"properties":{"type":"charge","layer":"passenger","locationId":"6c1fc00a37ffcacdd0eb8ae069dca582","name":"Professor Struijckenstraat 21","address":"Professor Struijckenstraat 21","city":"Zaandam","operatorName":"Vattenfall InCharge","maxPowerKw":11,"isMegawatt":false,"status":"AVAILABLE","source":"ndw","priceKwh":0.2805}},{"type":"Feature","geometry":{"type":"Point","coordinates":[4.8048875,52.4495972]},"properties":{"type":"charge","layer":"passenger","locationId":"1308","name":"Shell Recharge NL Meerlebroekhof 1","address":"Meerlebroekhof 1","city":"Zaandam","operatorName":"Ubitricity","maxPowerKw":22,"isMegawatt":false,"status":"AVAILABLE","source":"ndw","priceKwh":0.267}},{"type":"Feature","geometry":{"type":"Point","coordinates":[4.83092,52.43374]},"properties":{"type":"charge","layer":"passenger","locationId":"1611","name":"Shell Recharge NL Prins Hendrikkade 72","address":"Prins Hendrikkade 72","city":"Zaanstad","operatorName":"Ubitricity","maxPowerKw":11,"isMegawatt":false,"status":"CHARGING","source":"ndw","priceKwh":0.392}},{"type":"Feature","geometry":{"type":"Point","coordinates":[4.7457916,52.4964435]},"properties":{"type":"charge","layer":"passenger","locationId":"1834","name":"Shell Recharge NL Vlotgras 68","address":"Vlotgras 68","city":"Assendelft","operatorName":"Ubitricity","maxPowerKw":22,"isMegawatt":false,"status":"AVAILABLE","source":"ndw","priceKwh":0.267}},{"type":"Feature","geometry":{"type":"Point","coordinates":[4.74314,52.46922]},"properties":{"type":"charge","layer":"passenger","locationId":"A0C7FED9-BD7A-499D-BCCC-90CF7B23E6A0","name":"PP004233 - Hornlaan 1, Assendelft","address":"1 Hornlaan","city":"Assendelft","operatorName":"TotalEnergies","maxPowerKw":11,"isMegawatt":false,"status":"CHARGING","source":"ndw"}},{"type":"Feature","geometry":{"type":"Point","coordinates":[4.82415,52.444]},"properties":{"type":"charge","layer":"passenger","locationId":"43","name":"Shell Recharge NL Oostzijde 48","address":"Oostzijde 48","city":"Zaandam","operatorName":"Ubitricity","maxPowerKw":11,"isMegawatt":false,"status":"AVAILABLE","source":"ndw","priceKwh":0.392}},{"type":"Feature","geometry":{"type":"Point","coordinates":[4.8125205,52.4331135]},"properties":{"type":"charge","layer":"passenger","locationId":"2594","name":"Shell Recharge NL Korte Ringweg 18","address":"Korte Ringweg 18","city":"Zaandam","operatorName":"Ubitricity","maxPowerKw":22,"isMegawatt":false,"status":"AVAILABLE","source":"ndw","priceKwh":0.267}},{"type":"Feature","geometry":{"type":"Point","coordinates":[4.808058,52.4548]},"properties":{"type":"charge","layer":"passenger","locationId":"79AE543E-155D-442A-9928-594F66D05302","name":"TNLP009949 - Schiermonnikoog 74, Zaandam","address":"74 Schiermonnikoog","city":"Zaandam","operatorName":"TotalEnergies","maxPowerKw":17,"isMegawatt":false,"status":"UNAVAILABLE","source":"ndw"}},{"type":"Feature","geometry":{"type":"Point","coordinates":[4.808837,52.435764]},"properties":{"type":"charge","layer":"passenger","locationId":"51B28024-3783-4A90-B927-9C91A9AB0BB9","name":"TNLP009029 - Kapzaag 29, Zaandam","address":"29 Kapzaag","city":"Zaandam","operatorName":"TotalEnergies","maxPowerKw":17,"isMegawatt":false,"status":"UNAVAILABLE","source":"ndw"}},{"type":"Feature","geometry":{"type":"Point","coordinates":[4.783904,52.504515]},"properties":{"type":"charge","layer":"passenger","locationId":"6a2fb7507d47d18fc742a800","name":"Niesing Beheer Laadpaal","address":"Samsonweg 31","city":"Wormerveer","operatorName":"E-Flux by Road","maxPowerKw":11,"isMegawatt":false,"status":"AVAILABLE","source":"ndw","priceKwh":0.48}},{"type":"Feature","geometry":{"type":"Point","coordinates":[4.759713,52.491154]},"properties":{"type":"charge","layer":"passenger","locationId":"BF84473A-76D4-4719-BE17-E59371A05D31","name":"TNLP015120 - Dokter Bonstraat 9, Assendelft","address":"9 Dokter Bonstraat","city":"Assendelft","operatorName":"TotalEnergies","maxPowerKw":17,"isMegawatt":false,"status":"UNAVAILABLE","source":"ndw"}},{"type":"Feature","geometry":{"type":"Point","coordinates":[4.825378,52.448654]},"properties":{"type":"charge","layer":"passenger","locationId":"CD03D9BD-4DB5-4377-A2AF-BC794048B080","name":"TNLP006243 - Koning Williamstraat 89, Zaandam","address":"89 Koning Williamstraat","city":"Zaandam","operatorName":"TotalEnergies","maxPowerKw":17,"isMegawatt":false,"status":"UNAVAILABLE","source":"ndw"}},{"type":"Feature","geometry":{"type":"Point","coordinates":[4.78912,52.43137]},"properties":{"type":"charge","layer":"passenger","locationId":"D8795B23-268A-4DBA-A48B-A8C8771A0EE4","name":"PP004268 - Westzanerdijk 476, Zaandam","address":"476 Westzanerdijk","city":"Zaandam","operatorName":"TotalEnergies","maxPowerKw":11,"isMegawatt":false,"status":"UNAVAILABLE","source":"ndw"}},{"type":"Feature","geometry":{"type":"Point","coordinates":[4.748835,52.488107]},"properties":{"type":"charge","layer":"passenger","locationId":"666b2653e46d5e001c11379f","name":"Jeroen Brekelmans 's station","address":"HP Berlagestraat 67","city":"Assendelft","operatorName":"E-Flux by Road","maxPowerKw":11,"isMegawatt":false,"status":"AVAILABLE","source":"ndw","priceKwh":0.39}},{"type":"Feature","geometry":{"type":"Point","coordinates":[4.76514,52.49957]},"properties":{"type":"charge","layer":"passenger","locationId":"640","name":"Shell Recharge NL Weverstraat 9","address":"Weverstraat 9","city":"Krommenie","operatorName":"Ubitricity","maxPowerKw":11,"isMegawatt":false,"status":"AVAILABLE","source":"ndw","priceKwh":0.392}},{"type":"Feature","geometry":{"type":"Point","coordinates":[4.80243,52.44636]},"properties":{"type":"charge","layer":"passenger","locationId":"110","name":"Shell Recharge NL Else Mauhsstraat 13","address":"Else Mauhsstraat 13","city":"Zaandam","operatorName":"Ubitricity","maxPowerKw":11,"isMegawatt":false,"status":"AVAILABLE","source":"ndw","priceKwh":0.392}},{"type":"Feature","geometry":{"type":"Point","coordinates":[4.842466,52.43261]},"properties":{"type":"charge","layer":"passenger","locationId":"031DA586-7E23-4E28-9F2E-C63082E7CEFD","name":"TNLP006374 - Meidoornstraat 81, Zaandam","address":"81 Meidoornstraat","city":"Zaandam","operatorName":"TotalEnergies","maxPowerKw":17,"isMegawatt":false,"status":"UNAVAILABLE","source":"ndw"}},{"type":"Feature","geometry":{"type":"Point","coordinates":[4.814605,52.442238]},"properties":{"type":"charge","layer":"passenger","locationId":"1EEBB8FE-C3D0-4928-8CCA-B3B4630E8752","name":"TNLP034504 - Marga Klompéstraat 23, Zaandam","address":"23 Marga Klompéstraat","city":"Zaandam","operatorName":"TotalEnergies","maxPowerKw":13,"isMegawatt":false,"status":"UNAVAILABLE","source":"ndw"}},{"type":"Feature","geometry":{"type":"Point","coordinates":[4.8235948,52.4318442]},"properties":{"type":"charge","layer":"passenger","locationId":"941","name":"Shell Recharge NL Havenstraat 3","address":"Havenstraat 3","city":"Zaandam","operatorName":"Ubitricity","maxPowerKw":22,"isMegawatt":false,"status":"AVAILABLE","source":"ndw","priceKwh":0.267}},{"type":"Feature","geometry":{"type":"Point","coordinates":[4.82486,52.451572]},"properties":{"type":"charge","layer":"passenger","locationId":"32E41A81-3819-4176-9B8D-0642503BFAAF","name":"TNLP005769 - Rosmolenstraat 103, Zaandam","address":"103 Rosmolenstraat","city":"Zaandam","operatorName":"TotalEnergies","maxPowerKw":17,"isMegawatt":false,"status":"UNAVAILABLE","source":"ndw"}},{"type":"Feature","geometry":{"type":"Point","coordinates":[4.838444,52.43701]},"properties":{"type":"charge","layer":"passenger","locationId":"6573411c-cf3c-4a92-9fbc-ba47e716089f","name":"TNLP007751 - Jacobus Gorisstraat 62, Zaandam","address":"62 Jacobus Gorisstraat","city":"Zaandam","operatorName":"TotalEnergies","maxPowerKw":15,"isMegawatt":false,"status":"AVAILABLE","source":"ndw"}},{"type":"Feature","geometry":{"type":"Point","coordinates":[4.789189,52.430099]},"properties":{"type":"charge","layer":"passenger","locationId":"673dd70bb77b56a758671aa5","name":"C.A.T. Control Systems B.v.","address":"Penningweg 108","city":"Zaandam","operatorName":"E-Flux by Road","maxPowerKw":22,"isMegawatt":false,"status":"UNAVAILABLE","source":"ndw","priceKwh":0.43}},{"type":"Feature","geometry":{"type":"Point","coordinates":[4.829276,52.435394]},"properties":{"type":"charge","layer":"passenger","locationId":"386297BD-B4C5-444B-A161-836353AB6E2B","name":"TNLP006339 - Prins Hendrikkade 41, Zaandam","address":"41 Prins Hendrikkade","city":"Zaandam","operatorName":"TotalEnergies","maxPowerKw":17,"isMegawatt":false,"status":"UNAVAILABLE","source":"ndw"}},{"type":"Feature","geometry":{"type":"Point","coordinates":[4.77905,52.4349]},"properties":{"type":"charge","layer":"passenger","locationId":"2C7B3C02-E215-4D7C-80DC-768E54BE7C05","name":"TNLP007841 - Cornelis G. Dekkerstraat 10, Westzaan","address":"10 Cornelis G. Dekkerstraat","city":"Westzaan","operatorName":"TotalEnergies","maxPowerKw":17,"isMegawatt":false,"status":"UNAVAILABLE","source":"ndw"}},{"type":"Feature","geometry":{"type":"Point","coordinates":[4.749099,52.491013]},"properties":{"type":"charge","layer":"passenger","locationId":"49558C60-2167-4054-92A4-94641F542700","name":"TNLP009561 - Decatlon 1, Assendelft","address":"1 Decatlon","city":"Assendelft","operatorName":"TotalEnergies","maxPowerKw":17,"isMegawatt":false,"status":"UNAVAILABLE","source":"ndw"}},{"type":"Feature","geometry":{"type":"Point","coordinates":[4.842162,52.429194]},"properties":{"type":"charge","layer":"passenger","locationId":"91230940","name":"50five-S NL 18B10382","address":"Wibautstraat 278","city":"Zaandam","operatorName":"50five","maxPowerKw":11,"isMegawatt":false,"status":"UNAVAILABLE","source":"ndw"}},{"type":"Feature","geometry":{"type":"Point","coordinates":[4.775571,52.506668]},"properties":{"type":"charge","layer":"passenger","locationId":"53FE7B06-97B3-4912-B20B-1A49B058A1FD","name":"TNLP007757 - Ruisvoorn 18, Krommenie","address":"18 Ruisvoorn","city":"Krommenie","operatorName":"TotalEnergies","maxPowerKw":17,"isMegawatt":false,"status":"UNAVAILABLE","source":"ndw"}},{"type":"Feature","geometry":{"type":"Point","coordinates":[4.833395,52.434536]},"properties":{"type":"charge","layer":"passenger","locationId":"45C7EEB2-377F-4A62-B3BB-5603093ECE19","name":"TNLP007297 - Jonge Arnoldusstraat 88, Zaandam","address":"88 Jonge Arnoldusstraat","city":"Zaandam","operatorName":"TotalEnergies","maxPowerKw":17,"isMegawatt":false,"status":"UNAVAILABLE","source":"ndw"}},{"type":"Feature","geometry":{"type":"Point","coordinates":[4.78646,52.49766]},"properties":{"type":"charge","layer":"passenger","locationId":"212B1E0D-3B0E-43B1-A799-D9146AAE1EDC","name":"TNLP015085 - Merelstraat 12, Wormerveer","address":"12 Merelstraat","city":"Wormerveer","operatorName":"TotalEnergies","maxPowerKw":17,"isMegawatt":false,"status":"UNAVAILABLE","source":"ndw"}},{"type":"Feature","geometry":{"type":"Point","coordinates":[4.804152,52.45863]},"properties":{"type":"charge","layer":"passenger","locationId":"8668FD85-043B-4D6B-BE08-BB580ED56BF4","name":"TNLP009122 - Spoorland 64, Koog Aan De Zaan","address":"64 Spoorland","city":"Koog Aan De Zaan","operatorName":"TotalEnergies","maxPowerKw":17,"isMegawatt":false,"status":"UNAVAILABLE","source":"ndw"}},{"type":"Feature","geometry":{"type":"Point","coordinates":[4.81883,52.43981]},"properties":{"type":"charge","layer":"passenger","locationId":"2950EF1A-B3B6-4C68-A33E-340CCAA97390","name":"TNLP003522 - Zeemansstraat 95, Zaandam","address":"95 Zeemansstraat","city":"Zaandam","operatorName":"TotalEnergies","maxPowerKw":17,"isMegawatt":false,"status":"CHARGING","source":"ndw"}},{"type":"Feature","geometry":{"type":"Point","coordinates":[4.837215,52.42911]},"properties":{"type":"charge","layer":"passenger","locationId":"5DCA4340-B77F-4DC6-9E4F-77C566B52521","name":"PP005096 - Oosterwerf 29, Zaandam","address":"29 Oosterwerf","city":"Zaandam","operatorName":"TotalEnergies","maxPowerKw":11,"isMegawatt":false,"status":"UNAVAILABLE","source":"ndw"}},{"type":"Feature","geometry":{"type":"Point","coordinates":[4.736732,52.465034]},"properties":{"type":"charge","layer":"passenger","locationId":"0353BA15-B274-4904-8BD6-6CB3E24C9793","name":"TNLP007097 - Smeeke Ven 243, Assendelft","address":"243 Smeeke Ven","city":"Assendelft","operatorName":"TotalEnergies","maxPowerKw":17,"isMegawatt":false,"status":"AVAILABLE","source":"ndw"}},{"type":"Feature","geometry":{"type":"Point","coordinates":[4.76993,52.50762]},"properties":{"type":"charge","layer":"passenger","locationId":"0A91D44F-FF24-4D2A-B5F5-D5A0D108E356","name":"PP001522 - Waterjuffer 17, Krommenie","address":"17 Waterjuffer","city":"Krommenie","operatorName":"TotalEnergies","maxPowerKw":11,"isMegawatt":false,"status":"AVAILABLE","source":"ndw"}},{"type":"Feature","geometry":{"type":"Point","coordinates":[4.747755,52.492384]},"properties":{"type":"charge","layer":"passenger","locationId":"b454eb0f-dbb2-4f76-ade6-2317ff39a284","name":"Estafette","address":"Estafette 16","city":"Assendelft","operatorName":"Vattenfall InCharge","maxPowerKw":11,"isMegawatt":false,"status":"AVAILABLE","source":"ndw","priceKwh":0.4316}},{"type":"Feature","geometry":{"type":"Point","coordinates":[4.775731,52.450698]},"properties":{"type":"charge","layer":"passenger","locationId":"91147758","name":"50five-S NL 07119059","address":"J.J. Allanstraat 181","city":"Westzaan","operatorName":"50five","maxPowerKw":11,"isMegawatt":false,"status":"AVAILABLE","source":"ndw"}},{"type":"Feature","geometry":{"type":"Point","coordinates":[4.80493,52.48488]},"properties":{"type":"charge","layer":"passenger","locationId":"238","name":"Shell Recharge NL Delistraat 2","address":"Delistraat 2","city":"Wormerveer","operatorName":"Ubitricity","maxPowerKw":11,"isMegawatt":false,"status":"AVAILABLE","source":"ndw","priceKwh":0.392}},{"type":"Feature","geometry":{"type":"Point","coordinates":[4.8256,52.46698]},"properties":{"type":"charge","layer":"passenger","locationId":"413","name":"Shell Recharge NL St. Willebrordus 44","address":"St. Willebrordus 44","city":"Zaandam","operatorName":"Ubitricity","maxPowerKw":11,"isMegawatt":false,"status":"AVAILABLE","source":"ndw","priceKwh":0.392}},{"type":"Feature","geometry":{"type":"Point","coordinates":[4.819359,52.44736]},"properties":{"type":"charge","layer":"passenger","locationId":"5F1805A5-48B0-4BCB-9905-B132A5D7A504","name":"TNLP009115 - Westzijde 202, Zaandam","address":"202 Westzijde","city":"Zaandam","operatorName":"TotalEnergies","maxPowerKw":15,"isMegawatt":false,"status":"AVAILABLE","source":"ndw"}},{"type":"Feature","geometry":{"type":"Point","coordinates":[4.810988,52.465231]},"properties":{"type":"charge","layer":"passenger","locationId":"69cd11a5466139ca907b56e6","name":"BedrijvigeBij I","address":"Lagendijk 3","city":"Koog aan de Zaan","operatorName":"E-Flux by Road","maxPowerKw":9,"isMegawatt":false,"status":"AVAILABLE","source":"ndw","priceKwh":0.46}},{"type":"Feature","geometry":{"type":"Point","coordinates":[4.826261,52.458262]},"properties":{"type":"charge","layer":"passenger","locationId":"68877ca37c5d53d734b8b5bb","name":"Echte Marjolein-laden III","address":"Augustusbloemweg 4","city":"Zaandam","operatorName":"E-Flux by Road","maxPowerKw":11,"isMegawatt":false,"status":"AVAILABLE","source":"ndw","priceKwh":0.33}},{"type":"Feature","geometry":{"type":"Point","coordinates":[4.7828237,52.5101648]},"properties":{"type":"charge","layer":"passenger","locationId":"1851","name":"Shell Recharge NL Oude Blaauwweg 4","address":"Oude Blaauwweg 4","city":"Wormerveer","operatorName":"Ubitricity","maxPowerKw":22,"isMegawatt":false,"status":"AVAILABLE","source":"ndw","priceKwh":0.267}},{"type":"Feature","geometry":{"type":"Point","coordinates":[4.81688,52.451584]},"properties":{"type":"charge","layer":"passenger","locationId":"C0F894F7-BEB9-4E65-AA11-6337BFB2CD21","name":"TNLP005824 - Westzijde 209, Zaandam","address":"209 Westzijde","city":"Zaandam","operatorName":"TotalEnergies","maxPowerKw":11,"isMegawatt":false,"status":"UNAVAILABLE","source":"ndw"}},{"type":"Feature","geometry":{"type":"Point","coordinates":[4.853522,52.434666]},"properties":{"type":"charge","layer":"passenger","locationId":"46B59A55-D556-4BB7-BDF9-5AB41FA868DA","name":"TNLP009103 - Wachterstraat 106, Zaandam","address":"106 Wachterstraat","city":"Zaandam","operatorName":"TotalEnergies","maxPowerKw":15,"isMegawatt":false,"status":"AVAILABLE","source":"ndw"}},{"type":"Feature","geometry":{"type":"Point","coordinates":[4.844462,52.44948]},"properties":{"type":"charge","layer":"passenger","locationId":"72F6505D-0175-4C77-8A92-209DBFEB3F5E","name":"PP005106 - Barkstraat 1, Zaandam","address":"1 Barkstraat","city":"Zaandam","operatorName":"TotalEnergies","maxPowerKw":11,"isMegawatt":false,"status":"UNAVAILABLE","source":"ndw"}},{"type":"Feature","geometry":{"type":"Point","coordinates":[4.813476,52.451954]},"properties":{"type":"charge","layer":"passenger","locationId":"9DFAF7B7-0BC2-4F98-B462-6BAB5072CC1F","name":"TNLP006233 - Vermeerstraat 1, Zaandam","address":"1 Vermeerstraat","city":"Zaandam","operatorName":"TotalEnergies","maxPowerKw":17,"isMegawatt":false,"status":"UNAVAILABLE","source":"ndw"}},{"type":"Feature","geometry":{"type":"Point","coordinates":[4.8531437,52.4362862]},"properties":{"type":"charge","layer":"passenger","locationId":"1336","name":"Shell Recharge NL Poelenburg 259","address":"Poelenburg 259","city":"Zaandam","operatorName":"Ubitricity","maxPowerKw":22,"isMegawatt":false,"status":"AVAILABLE","source":"ndw","priceKwh":0.267}},{"type":"Feature","geometry":{"type":"Point","coordinates":[4.835628,52.450134]},"properties":{"type":"charge","layer":"passenger","locationId":"2E016256-F91E-4BFE-8123-56278852D0D0","name":"TNLP008364 - Boeierlaan 11, Zaandam","address":"11 Boeierlaan","city":"Zaandam","operatorName":"TotalEnergies","maxPowerKw":14,"isMegawatt":false,"status":"UNAVAILABLE","source":"ndw"}},{"type":"Feature","geometry":{"type":"Point","coordinates":[4.810525,52.44174]},"properties":{"type":"charge","layer":"passenger","locationId":"805E8987-E4DF-4027-AFD8-1E899532D243","name":"TNLP006030 - Vurehout 102, Zaandam","address":"102 Vurehout","city":"Zaandam","operatorName":"TotalEnergies","maxPowerKw":17,"isMegawatt":false,"status":"UNAVAILABLE","source":"ndw"}},{"type":"Feature","geometry":{"type":"Point","coordinates":[4.809759,52.437527]},"properties":{"type":"charge","layer":"passenger","locationId":"4995B738-8B28-4A19-AAB9-8ADF2FC7C921","name":"TNLP007177 - Letterhout 88, Zaandam","address":"88 Letterhout","city":"Zaandam","operatorName":"TotalEnergies","maxPowerKw":17,"isMegawatt":false,"status":"UNAVAILABLE","source":"ndw"}},{"type":"Feature","geometry":{"type":"Point","coordinates":[4.812724,52.450546]},"properties":{"type":"charge","layer":"passenger","locationId":"E3CF077B-9B72-4AFF-861D-41B21441F538","name":"TNLP009468 - Paul Cézannestraat 3, Zaandam","address":"3 Paul Cézannestraat","city":"Zaandam","operatorName":"TotalEnergies","maxPowerKw":17,"isMegawatt":false,"status":"UNAVAILABLE","source":"ndw"}},{"type":"Feature","geometry":{"type":"Point","coordinates":[4.807261,52.464836]},"properties":{"type":"charge","layer":"passenger","locationId":"3F2CC1EC-6F4F-478C-9DE0-29C78B7BAEB8","name":"Eneco eMobility Broekhuis Volkswagen Seat Skoda Koog aan de Zaan","address":"Kaarsenmakerstraat 1","city":"Koog aan de Zaan","operatorName":"Eneco","maxPowerKw":22,"isMegawatt":false,"status":"AVAILABLE","source":"ndw","priceKwh":0.45}},{"type":"Feature","geometry":{"type":"Point","coordinates":[4.805966,52.471322]},"properties":{"type":"charge","layer":"passenger","locationId":"91122136","name":"50five-S NL 07111349","address":"Parklaan 36","city":"Zaandijk","operatorName":"50five","maxPowerKw":11,"isMegawatt":false,"status":"CHARGING","source":"ndw"}},{"type":"Feature","geometry":{"type":"Point","coordinates":[4.790026,52.505374]},"properties":{"type":"charge","layer":"passenger","locationId":"66d1c740b1f83e001c8066cb","name":"Pim van Dillen 's station","address":"Rosbayerweg  103","city":"Wormerveer","operatorName":"E-Flux by Road","maxPowerKw":11,"isMegawatt":false,"status":"AVAILABLE","source":"ndw","priceKwh":0.53}},{"type":"Feature","geometry":{"type":"Point","coordinates":[4.826263,52.425707]},"properties":{"type":"charge","layer":"passenger","locationId":"618e5a2e74cb2824ccc097bc","name":"Pieter Ghijsenlaan 19A","address":"Pieter Ghijsenlaan 19A","city":"Zaandam","operatorName":"E-Flux by Road","maxPowerKw":11,"isMegawatt":false,"status":"AVAILABLE","source":"ndw","priceKwh":0.73}},{"type":"Feature","geometry":{"type":"Point","coordinates":[4.751849,52.488052]},"properties":{"type":"charge","layer":"passenger","locationId":"216E48B0-7227-438F-AAB9-EC9D805DF910","name":"TNLP007577 - Kaaikhof 70, Assendelft","address":"70 Kaaikhof","city":"Assendelft","operatorName":"TotalEnergies","maxPowerKw":17,"isMegawatt":false,"status":"UNAVAILABLE","source":"ndw"}},{"type":"Feature","geometry":{"type":"Point","coordinates":[4.782635,52.509421]},"properties":{"type":"charge","layer":"passenger","locationId":"60b604fa667c241cee6e3ae0","name":"Vrijheidsweg 59, Wormerveer (snellader)","address":"Vrijheidsweg 59","city":"Wormerveer","operatorName":"E-Flux by Road","maxPowerKw":35,"isMegawatt":false,"status":"AVAILABLE","source":"ndw","priceKwh":0.83}},{"type":"Feature","geometry":{"type":"Point","coordinates":[4.839823,52.467403]},"properties":{"type":"charge","layer":"passenger","locationId":"EE1AA817-B86F-4423-80F0-956CD51DF506","name":"PP004278 - Soest Wetering 41, Zaandam","address":"41 Soest Wetering","city":"Zaandam","operatorName":"TotalEnergies","maxPowerKw":11,"isMegawatt":false,"status":"UNAVAILABLE","source":"ndw"}},{"type":"Feature","geometry":{"type":"Point","coordinates":[4.783236,52.495155]},"properties":{"type":"charge","layer":"passenger","locationId":"049DE4D0-EF39-46C6-8D2B-D2261C545FF1","name":"TNLP008335 - Blekerstraat 38, Wormerveer","address":"38 Blekerstraat","city":"Wormerveer","operatorName":"TotalEnergies","maxPowerKw":14,"isMegawatt":false,"status":"AVAILABLE","source":"ndw"}},{"type":"Feature","geometry":{"type":"Point","coordinates":[4.74414,52.48981]},"properties":{"type":"charge","layer":"passenger","locationId":"1669","name":"Shell Recharge NL Zwarte Ring 108","address":"Zwarte Ring 108","city":"Zaanstad","operatorName":"Ubitricity","maxPowerKw":11,"isMegawatt":false,"status":"AVAILABLE","source":"ndw","priceKwh":0.392}},{"type":"Feature","geometry":{"type":"Point","coordinates":[4.777915,52.430679]},"properties":{"type":"charge","layer":"passenger","locationId":"66aa1e13264b70001c4cbeeb","name":"DecoLegno Westzaan","address":"Rak 139","city":"Westzaan","operatorName":"E-Flux by Road","maxPowerKw":22,"isMegawatt":false,"status":"AVAILABLE","source":"ndw","priceKwh":0.33}},{"type":"Feature","geometry":{"type":"Point","coordinates":[4.777387,52.431167]},"properties":{"type":"charge","layer":"passenger","locationId":"64f9bceadb7a6a001cbbb0b8","name":"SportLED station","address":"Rak 67","city":"Westzaan","operatorName":"E-Flux by Road","maxPowerKw":22,"isMegawatt":false,"status":"AVAILABLE","source":"ndw","priceKwh":0.33}},{"type":"Feature","geometry":{"type":"Point","coordinates":[4.7957,52.45752]},"properties":{"type":"charge","layer":"passenger","locationId":"339","name":"Shell Recharge NL Ruigbol 6","address":"Ruigbol 6","city":"Koog a/d Zaan","operatorName":"Ubitricity","maxPowerKw":11,"isMegawatt":false,"status":"AVAILABLE","source":"ndw","priceKwh":0.392}},{"type":"Feature","geometry":{"type":"Point","coordinates":[4.819963,52.43792]},"properties":{"type":"charge","layer":"passenger","locationId":"805B6164-F17A-4446-BBC7-4B9C4B36E866","name":"PP005312 - Czaar Peterstraat 49, Zaandam","address":"49 Czaar Peterstraat","city":"Zaandam","operatorName":"TotalEnergies","maxPowerKw":17,"isMegawatt":false,"status":"UNAVAILABLE","source":"ndw"}},{"type":"Feature","geometry":{"type":"Point","coordinates":[4.786537,52.49111]},"properties":{"type":"charge","layer":"passenger","locationId":"2503EF7F-1292-42F4-B794-1AD07B5AB51B","name":"PP005189 - Esdoornlaan 36, Wormerveer","address":"36 Esdoornlaan","city":"Wormerveer","operatorName":"TotalEnergies","maxPowerKw":11,"isMegawatt":false,"status":"UNAVAILABLE","source":"ndw"}},{"type":"Feature","geometry":{"type":"Point","coordinates":[4.79667,52.47702]},"properties":{"type":"charge","layer":"passenger","locationId":"01063B94-FEB9-4897-B985-4816ADC7CC39","name":"TNLP003616 - Claude Debussystraat 76, Zaandijk","address":"76 Claude Debussystraat","city":"Zaandijk","operatorName":"TotalEnergies","maxPowerKw":17,"isMegawatt":false,"status":"AVAILABLE","source":"ndw"}},{"type":"Feature","geometry":{"type":"Point","coordinates":[4.826615,52.449483]},"properties":{"type":"charge","layer":"passenger","locationId":"NLLOC000680","name":"NLD, Zaandam, Kopermolenstraat 76","address":"Kopermolenstraat 76","city":"Zaandam","operatorName":"Allego","maxPowerKw":11,"isMegawatt":false,"status":"AVAILABLE","source":"ndw","priceKwh":0.511}},{"type":"Feature","geometry":{"type":"Point","coordinates":[4.762595,52.499687]},"properties":{"type":"charge","layer":"passenger","locationId":"3677821F-2694-4418-BDA1-E9444B23183B","name":"TNLP015230 - Burgemeester Schaapstraat 4, Krommenie","address":"4 Burgemeester Schaapstraat","city":"Krommenie","operatorName":"TotalEnergies","maxPowerKw":17,"isMegawatt":false,"status":"UNAVAILABLE","source":"ndw"}},{"type":"Feature","geometry":{"type":"Point","coordinates":[4.827451,52.432556]},"properties":{"type":"charge","layer":"passenger","locationId":"D92DA472-42CB-4068-B887-7D0192C3FBF4","name":"TNLP006931 - Bornholmpier 8, Zaandam","address":"8 Bornholmpier","city":"Zaandam","operatorName":"TotalEnergies","maxPowerKw":17,"isMegawatt":false,"status":"UNAVAILABLE","source":"ndw"}},{"type":"Feature","geometry":{"type":"Point","coordinates":[4.85024,52.44261]},"properties":{"type":"charge","layer":"passenger","locationId":"d57a8cc8e17a48f3847297348a7fa8d5","name":"Klipperstraat 21","address":"Klipperstraat 21","city":"Zaandam","operatorName":"Vattenfall InCharge","maxPowerKw":11,"isMegawatt":false,"status":"UNAVAILABLE","source":"ndw","priceKwh":0.2805}},{"type":"Feature","geometry":{"type":"Point","coordinates":[4.831718,52.441]},"properties":{"type":"charge","layer":"passenger","locationId":"EF62A292-C87C-4B2E-9F4C-A5C47DA967B0","name":"TNLP015169 - Prinsenstraat 97, Zaandam","address":"97 Prinsenstraat","city":"Zaandam","operatorName":"TotalEnergies","maxPowerKw":17,"isMegawatt":false,"status":"UNAVAILABLE","source":"ndw"}},{"type":"Feature","geometry":{"type":"Point","coordinates":[4.76982,52.506813]},"properties":{"type":"charge","layer":"passenger","locationId":"7C39A7FE-81A7-40EC-9D6E-A67DB87EA056","name":"TNLP008277 - Avondrood 28, Krommenie","address":"28 Avondrood","city":"Krommenie","operatorName":"TotalEnergies","maxPowerKw":14,"isMegawatt":false,"status":"AVAILABLE","source":"ndw"}},{"type":"Feature","geometry":{"type":"Point","coordinates":[4.818692,52.43687]},"properties":{"type":"charge","layer":"passenger","locationId":"16594955-A696-49D4-9ADD-DF07BF7591B3","name":"TNLP034648 - Jasykoffstraat 19, Zaandam","address":"19 Jasykoffstraat","city":"Zaandam","operatorName":"TotalEnergies","maxPowerKw":13,"isMegawatt":false,"status":"UNAVAILABLE","source":"ndw"}},{"type":"Feature","geometry":{"type":"Point","coordinates":[4.8451,52.44731]},"properties":{"type":"charge","layer":"passenger","locationId":"78ed5384-264c-454f-90d4-9e096f4918c9","name":"PP001314 - Middellandse Zee 25, Zaandam","address":"25 Middellandse Zee","city":"Zaandam","operatorName":"TotalEnergies","maxPowerKw":11,"isMegawatt":false,"status":"AVAILABLE","source":"ndw"}},{"type":"Feature","geometry":{"type":"Point","coordinates":[4.83405,52.45035]},"properties":{"type":"charge","layer":"passenger","locationId":"F9431BA7-5FCE-4A2E-B88B-0E264F3DD2B0","name":"PP004261 - Schepenlaan 114, Zaandam","address":"114 Schepenlaan","city":"Zaandam","operatorName":"TotalEnergies","maxPowerKw":11,"isMegawatt":false,"status":"UNAVAILABLE","source":"ndw"}},{"type":"Feature","geometry":{"type":"Point","coordinates":[4.793569,52.459603]},"properties":{"type":"charge","layer":"passenger","locationId":"c541d5b7-8c9b-4fd3-a952-882bdcdaa852","name":"TNLP006401","address":"Weverakker 20","city":"Koog Aan De Zaan","operatorName":"TotalEnergies","maxPowerKw":17,"isMegawatt":false,"status":"AVAILABLE","source":"ndw"}},{"type":"Feature","geometry":{"type":"Point","coordinates":[4.8299347,52.4295812]},"properties":{"type":"charge","layer":"passenger","locationId":"1411","name":"Shell Recharge NL Wyborgstraat 13","address":"Wyborgstraat 13","city":"Zaandam","operatorName":"Ubitricity","maxPowerKw":22,"isMegawatt":false,"status":"AVAILABLE","source":"ndw","priceKwh":0.267}},{"type":"Feature","geometry":{"type":"Point","coordinates":[4.8033146,52.4424923]},"properties":{"type":"charge","layer":"passenger","locationId":"894","name":"Shell Recharge NL Woutertje Pietersestraat 70","address":"Woutertje Pietersestraat 70","city":"Zaandam","operatorName":"Ubitricity","maxPowerKw":22,"isMegawatt":false,"status":"AVAILABLE","source":"ndw","priceKwh":0.267}},{"type":"Feature","geometry":{"type":"Point","coordinates":[4.816931,52.451559]},"properties":{"type":"charge","layer":"passenger","locationId":"a07f3366d16130efd06b7eaecccf18c4","name":"Westzijde 209","address":"Westzijde 209","city":"Zaandam","operatorName":"Vattenfall InCharge","maxPowerKw":11,"isMegawatt":false,"status":"AVAILABLE","source":"ndw","priceKwh":0.2805}},{"type":"Feature","geometry":{"type":"Point","coordinates":[4.744569,52.475433]},"properties":{"type":"charge","layer":"passenger","locationId":"B99B0B88-6964-4B72-96DC-916AB1C52655","name":"TNLP003684 - Pastoor Vermeulenstraat 1, Assendelft","address":"1 Pastoor Vermeulenstraat","city":"Assendelft","operatorName":"TotalEnergies","maxPowerKw":17,"isMegawatt":false,"status":"UNAVAILABLE","source":"ndw"}},{"type":"Feature","geometry":{"type":"Point","coordinates":[4.80476,52.45659]},"properties":{"type":"charge","layer":"passenger","locationId":"131","name":"Shell Recharge NL Boomland 17","address":"Boomland 17","city":"Koog a/d Zaan","operatorName":"Ubitricity","maxPowerKw":11,"isMegawatt":false,"status":"AVAILABLE","source":"ndw","priceKwh":0.392}},{"type":"Feature","geometry":{"type":"Point","coordinates":[4.785119,52.507828]},"properties":{"type":"charge","layer":"passenger","locationId":"6926df982543907da7ae740d","name":"Parkeerterrein (midden)","address":"Samsonweg  20","city":"Wormerveer","operatorName":"E-Flux by Road","maxPowerKw":22,"isMegawatt":false,"status":"AVAILABLE","source":"ndw","priceKwh":0.42}},{"type":"Feature","geometry":{"type":"Point","coordinates":[4.785119,52.507828]},"properties":{"type":"charge","layer":"passenger","locationId":"6926dffe754e003af23cb301","name":"Parkeerterrein (gevel)","address":"Samsonweg  20","city":"Wormerveer","operatorName":"E-Flux by Road","maxPowerKw":11,"isMegawatt":false,"status":"AVAILABLE","source":"ndw","priceKwh":0.42}},{"type":"Feature","geometry":{"type":"Point","coordinates":[4.819286,52.445212]},"properties":{"type":"charge","layer":"passenger","locationId":"NLLOC000684","name":"NLD, Zaandam, Westzijde 158","address":"Westzijde 158","city":"Zaandam","operatorName":"Allego","maxPowerKw":11,"isMegawatt":false,"status":"AVAILABLE","source":"ndw","priceKwh":0.511}},{"type":"Feature","geometry":{"type":"Point","coordinates":[4.8252,52.46008]},"properties":{"type":"charge","layer":"passenger","locationId":"f279db6d23a55171a498b8521274158e","name":"Pinksterbloemweg 8","address":"Pinksterbloemweg 8","city":"Zaandam","operatorName":"Vattenfall InCharge","maxPowerKw":11,"isMegawatt":false,"status":"CHARGING","source":"ndw","priceKwh":0.2805}},{"type":"Feature","geometry":{"type":"Point","coordinates":[4.79092,52.4284]},"properties":{"type":"charge","layer":"passenger","locationId":"149E743B-8CB0-487F-B846-2A741E62D736","name":"Eneco eMobility Broekhuis Autoschade Zaandam","address":"Schellingweg 11","city":"Zaandam","operatorName":"Eneco","maxPowerKw":22,"isMegawatt":false,"status":"AVAILABLE","source":"ndw","priceKwh":0.45}},{"type":"Feature","geometry":{"type":"Point","coordinates":[4.826261,52.458262]},"properties":{"type":"charge","layer":"passenger","locationId":"68877d707c5d53d734b9267e","name":"Echte Marjolein-laden IV","address":"Augustusbloemweg 4","city":"Zaandam","operatorName":"E-Flux by Road","maxPowerKw":11,"isMegawatt":false,"status":"CHARGING","source":"ndw","priceKwh":0.33}},{"type":"Feature","geometry":{"type":"Point","coordinates":[4.81106,52.44088]},"properties":{"type":"charge","layer":"passenger","locationId":"4fc47cf8-b84a-4dc9-828d-c7cd20a26635","name":"PP001082 - Vurehout 44, Zaandam","address":"44 Vurehout","city":"Zaandam","operatorName":"TotalEnergies","maxPowerKw":11,"isMegawatt":false,"status":"UNAVAILABLE","source":"ndw"}},{"type":"Feature","geometry":{"type":"Point","coordinates":[4.780776,52.51155]},"properties":{"type":"charge","layer":"passenger","locationId":"E5225E7E-77AB-4504-A983-1B92902D539D","name":"TNLP007417 - Industrieweg 35, Wormerveer","address":"35 Industrieweg","city":"Wormerveer","operatorName":"TotalEnergies","maxPowerKw":15,"isMegawatt":false,"status":"UNAVAILABLE","source":"ndw"}},{"type":"Feature","geometry":{"type":"Point","coordinates":[4.790725,52.505669]},"properties":{"type":"charge","layer":"passenger","locationId":"3528893","name":"Laadnet Bouwers van Braam-Minnesma","address":"Rosbayerweg 140","city":"Wormerveer","operatorName":"Laadnet","maxPowerKw":11,"isMegawatt":false,"status":"AVAILABLE","source":"ndw"}},{"type":"Feature","geometry":{"type":"Point","coordinates":[4.83886,52.433918]},"properties":{"type":"charge","layer":"passenger","locationId":"2903FC24-2E66-4649-BE43-CBB1604FC934","name":"TNLP008391 - Morgensterstraat 7, Zaandam","address":"7 Morgensterstraat","city":"Zaandam","operatorName":"TotalEnergies","maxPowerKw":14,"isMegawatt":false,"status":"AVAILABLE","source":"ndw"}},{"type":"Feature","geometry":{"type":"Point","coordinates":[4.803898,52.44204]},"properties":{"type":"charge","layer":"passenger","locationId":"B7C3942A-819B-481E-BC0B-51211533AB5D","name":"TNLP006160 - Pieter Stastokstraat 32, Zaandam","address":"32 Pieter Stastokstraat","city":"Zaandam","operatorName":"TotalEnergies","maxPowerKw":17,"isMegawatt":false,"status":"UNAVAILABLE","source":"ndw"}},{"type":"Feature","geometry":{"type":"Point","coordinates":[4.829836,52.422329]},"properties":{"type":"charge","layer":"passenger","locationId":"6a707855152378056734e776","name":"Viking Factory","address":"Affuitenhal 10","city":"Zaandam","operatorName":"E-Flux by Road","maxPowerKw":11,"isMegawatt":false,"status":"AVAILABLE","source":"ndw","priceKwh":0.51}},{"type":"Feature","geometry":{"type":"Point","coordinates":[4.7545929,52.4898002]},"properties":{"type":"charge","layer":"passenger","locationId":"1220","name":"Shell Recharge NL Dolomieten 18","address":"Dolomieten 18","city":"Assendelft","operatorName":"Ubitricity","maxPowerKw":22,"isMegawatt":false,"status":"AVAILABLE","source":"ndw","priceKwh":0.267}},{"type":"Feature","geometry":{"type":"Point","coordinates":[4.749043,52.50272]},"properties":{"type":"charge","layer":"passenger","locationId":"668DAB3A-3C2F-4325-A821-64859D421E65","name":"TNLP015122 - Marslaan 35, Krommenie","address":"35 Marslaan","city":"Krommenie","operatorName":"TotalEnergies","maxPowerKw":17,"isMegawatt":false,"status":"UNAVAILABLE","source":"ndw"}},{"type":"Feature","geometry":{"type":"Point","coordinates":[4.77256,52.50245]},"properties":{"type":"charge","layer":"passenger","locationId":"123","name":"Shell Recharge NL Oranjeplein 2","address":"Oranjeplein 2","city":"Krommenie","operatorName":"Ubitricity","maxPowerKw":11,"isMegawatt":false,"status":"AVAILABLE","source":"ndw","priceKwh":0.392}},{"type":"Feature","geometry":{"type":"Point","coordinates":[4.85415,52.43521]},"properties":{"type":"charge","layer":"passenger","locationId":"303","name":"Shell Recharge NL Lobeliusstraat 96","address":"Lobeliusstraat 96","city":"Zaandam","operatorName":"Ubitricity","maxPowerKw":11,"isMegawatt":false,"status":"AVAILABLE","source":"ndw","priceKwh":0.392}},{"type":"Feature","geometry":{"type":"Point","coordinates":[4.75979,52.49379]},"properties":{"type":"charge","layer":"passenger","locationId":"478","name":"Shell Recharge NL Saenredamstraat 39","address":"Saenredamstraat 39","city":"Assendelft","operatorName":"Ubitricity","maxPowerKw":11,"isMegawatt":false,"status":"AVAILABLE","source":"ndw","priceKwh":0.392}},{"type":"Feature","geometry":{"type":"Point","coordinates":[4.8004034,52.4451708]},"properties":{"type":"charge","layer":"passenger","locationId":"1034","name":"Shell Recharge NL Esther de Boer-van Rijkstraat 2","address":"Esther de Boer-van Rijkstraat 2","city":"Zaandam","operatorName":"Ubitricity","maxPowerKw":22,"isMegawatt":false,"status":"AVAILABLE","source":"ndw","priceKwh":0.267}},{"type":"Feature","geometry":{"type":"Point","coordinates":[4.811466,52.4492]},"properties":{"type":"charge","layer":"passenger","locationId":"61B24232-CA02-4609-BA24-ED2BF6729750","name":"PP005191 - Mauvestraat 162, Zaandam","address":"162 Mauvestraat","city":"Zaandam","operatorName":"TotalEnergies","maxPowerKw":15,"isMegawatt":false,"status":"CHARGING","source":"ndw"}},{"type":"Feature","geometry":{"type":"Point","coordinates":[4.80384,52.47766]},"properties":{"type":"charge","layer":"passenger","locationId":"68caf3ab-4868-487d-beb8-edc4b7e631eb","name":"PP001326 - Louis Armstrongstraat 60, Zaandijk","address":"60 Louis Armstrongstraat","city":"Zaandijk","operatorName":"TotalEnergies","maxPowerKw":11,"isMegawatt":false,"status":"UNAVAILABLE","source":"ndw"}},{"type":"Feature","geometry":{"type":"Point","coordinates":[4.780333,52.517412]},"properties":{"type":"charge","layer":"passenger","locationId":"91108787","name":"50five-S NL 19B01465","address":"Industrieweg 69","city":"Westknollendam","operatorName":"50five","maxPowerKw":11,"isMegawatt":false,"status":"AVAILABLE","source":"ndw"}},{"type":"Feature","geometry":{"type":"Point","coordinates":[4.786178,52.505758]},"properties":{"type":"charge","layer":"passenger","locationId":"679caf99337ae5c5700879e4","name":"A.V.V. Zaanstad","address":"Bonte Kraaiweg 8","city":"Wormerveer","operatorName":"E-Flux by Road","maxPowerKw":22,"isMegawatt":false,"status":"AVAILABLE","source":"ndw","priceKwh":0.46}},{"type":"Feature","geometry":{"type":"Point","coordinates":[4.811514,52.439888]},"properties":{"type":"charge","layer":"passenger","locationId":"91105105","name":"50five-S NL 03010204","address":"Grenehout 22","city":"Zaandam","operatorName":"50five","maxPowerKw":11,"isMegawatt":false,"status":"AVAILABLE","source":"ndw"}},{"type":"Feature","geometry":{"type":"Point","coordinates":[4.81632,52.442863]},"properties":{"type":"charge","layer":"passenger","locationId":"CC2E4DF2-D33B-4335-BDAD-342574B69A41","name":"TNLP006133 - Klokbaai 81, Zaandam","address":"81 Klokbaai","city":"Zaandam","operatorName":"TotalEnergies","maxPowerKw":17,"isMegawatt":false,"status":"UNAVAILABLE","source":"ndw"}},{"type":"Feature","geometry":{"type":"Point","coordinates":[4.788852,52.50207]},"properties":{"type":"charge","layer":"passenger","locationId":"91179690","name":"50five-S NL Wormerveer, Roode Wildemanweg 1A","address":"Roode Wildemanweg 1A","city":"Wormerveer","operatorName":"50five","maxPowerKw":11,"isMegawatt":false,"status":"AVAILABLE","source":"ndw"}},{"type":"Feature","geometry":{"type":"Point","coordinates":[4.819697,52.442878]},"properties":{"type":"charge","layer":"passenger","locationId":"5db4d9d8-61e7-4561-a4c3-f53029fa269f","name":"Behouden Haven","address":"Behouden Haven 7","city":"Zaandam","operatorName":"Vattenfall InCharge","maxPowerKw":11,"isMegawatt":false,"status":"UNAVAILABLE","source":"ndw","priceKwh":0.4316}},{"type":"Feature","geometry":{"type":"Point","coordinates":[4.75614,52.50745]},"properties":{"type":"charge","layer":"passenger","locationId":"363","name":"Shell Recharge NL Ruimtevaartlaan 14","address":"Ruimtevaartlaan 14","city":"Krommenie","operatorName":"Ubitricity","maxPowerKw":11,"isMegawatt":false,"status":"UNAVAILABLE","source":"ndw","priceKwh":0.392}},{"type":"Feature","geometry":{"type":"Point","coordinates":[4.76316,52.49689]},"properties":{"type":"charge","layer":"passenger","locationId":"638","name":"Shell Recharge NL Weverstraat 77","address":"Weverstraat 77","city":"Krommenie","operatorName":"Ubitricity","maxPowerKw":11,"isMegawatt":false,"status":"AVAILABLE","source":"ndw","priceKwh":0.392}},{"type":"Feature","geometry":{"type":"Point","coordinates":[4.807674,52.456375]},"properties":{"type":"charge","layer":"passenger","locationId":"6FA8BC7F-072A-4FFB-A0E0-3310ED0AE604","name":"TNLP034025 - Anemoonstraat 10, Koog aan de Zaan","address":"10 Anemoonstraat","city":"Koog aan de Zaan","operatorName":"TotalEnergies","maxPowerKw":13,"isMegawatt":false,"status":"UNAVAILABLE","source":"ndw"}},{"type":"Feature","geometry":{"type":"Point","coordinates":[4.74307,52.4633]},"properties":{"type":"charge","layer":"passenger","locationId":"150","name":"Shell Recharge NL Scheibeekstraat 23","address":"Scheibeekstraat 23","city":"Assendelft","operatorName":"Ubitricity","maxPowerKw":11,"isMegawatt":false,"status":"AVAILABLE","source":"ndw","priceKwh":0.392}},{"type":"Feature","geometry":{"type":"Point","coordinates":[4.808921,52.459568]},"properties":{"type":"charge","layer":"passenger","locationId":"A81AF712-EA10-42C5-A63C-B8B641A88F3F","name":"TNLP006899 - Rozenstraat 11, Koog aan de Zaan","address":"11 Rozenstraat","city":"Koog aan de Zaan","operatorName":"TotalEnergies","maxPowerKw":17,"isMegawatt":false,"status":"UNAVAILABLE","source":"ndw"}},{"type":"Feature","geometry":{"type":"Point","coordinates":[4.836502,52.43032]},"properties":{"type":"charge","layer":"passenger","locationId":"E0566E0C-177C-47EE-8140-391FE2A0CC46","name":"TNLP008367 - Oosterwerf 1, Zaandam","address":"1 Oosterwerf","city":"Zaandam","operatorName":"TotalEnergies","maxPowerKw":13,"isMegawatt":false,"status":"UNAVAILABLE","source":"ndw"}},{"type":"Feature","geometry":{"type":"Point","coordinates":[4.797286,52.427182]},"properties":{"type":"charge","layer":"passenger","locationId":"619b7c1e4162b9687b488711","name":"Lijfering Dranken Amsteram","address":"Rijder 1","city":"Zaandam","operatorName":"E-Flux by Road","maxPowerKw":22,"isMegawatt":false,"status":"AVAILABLE","source":"ndw","priceKwh":0.43}},{"type":"Feature","geometry":{"type":"Point","coordinates":[4.755196,52.492188]},"properties":{"type":"charge","layer":"passenger","locationId":"5B9D58E9-39A5-45DA-A8DB-011A3D99E426","name":"TNLP008270 - Vogezen 43, Assendelft","address":"43 Vogezen","city":"Assendelft","operatorName":"TotalEnergies","maxPowerKw":13,"isMegawatt":false,"status":"UNAVAILABLE","source":"ndw"}},{"type":"Feature","geometry":{"type":"Point","coordinates":[4.822194,52.46096]},"properties":{"type":"charge","layer":"passenger","locationId":"3cb2b407-25c2-4b41-a689-f39b0377c6a5","name":"TNLP008304 - Hoefbladweg 20, Zaandam","address":"20 Hoefbladweg","city":"Zaandam","operatorName":"TotalEnergies","maxPowerKw":14,"isMegawatt":false,"status":"AVAILABLE","source":"ndw"}},{"type":"Feature","geometry":{"type":"Point","coordinates":[4.765933,52.490439]},"properties":{"type":"charge","layer":"passenger","locationId":"91108124","name":"50five-S NL 08002129","address":"Industrieweg 11","city":"Assendelft","operatorName":"50five","maxPowerKw":11,"isMegawatt":false,"status":"AVAILABLE","source":"ndw"}},{"type":"Feature","geometry":{"type":"Point","coordinates":[4.7476801,52.4763928]},"properties":{"type":"charge","layer":"passenger","locationId":"877","name":"Shell Recharge NL Dorpsstraat 596","address":"Dorpsstraat 596","city":"Assendelft","operatorName":"Ubitricity","maxPowerKw":22,"isMegawatt":false,"status":"AVAILABLE","source":"ndw","priceKwh":0.267}},{"type":"Feature","geometry":{"type":"Point","coordinates":[4.801132,52.460976]},"properties":{"type":"charge","layer":"passenger","locationId":"395AA998-50DB-4948-80BC-213979F9A319","name":"TNLP007704 - Rozeboom 19, Koog Aan De Zaan","address":"19 Rozeboom","city":"Koog Aan De Zaan","operatorName":"TotalEnergies","maxPowerKw":17,"isMegawatt":false,"status":"UNAVAILABLE","source":"ndw"}},{"type":"Feature","geometry":{"type":"Point","coordinates":[4.85206,52.43768]},"properties":{"type":"charge","layer":"passenger","locationId":"535","name":"Shell Recharge NL Clusiusstraat 92","address":"Clusiusstraat 92","city":"Zaandam","operatorName":"Ubitricity","maxPowerKw":22,"isMegawatt":false,"status":"AVAILABLE","source":"ndw","priceKwh":0.392}},{"type":"Feature","geometry":{"type":"Point","coordinates":[4.80996,52.44288]},"properties":{"type":"charge","layer":"passenger","locationId":"7aab7245fbb240afec96b044b65344e9","name":"Vurehout 158","address":"Vurehout 158","city":"Zaandam","operatorName":"Vattenfall InCharge","maxPowerKw":11,"isMegawatt":false,"status":"UNAVAILABLE","source":"ndw","priceKwh":0.2805}},{"type":"Feature","geometry":{"type":"Point","coordinates":[4.762959,52.50496]},"properties":{"type":"charge","layer":"passenger","locationId":"843F1A0F-2D40-4B17-AFA4-3FF02D6267CB","name":"TNLP034500 - Rosariumpark 112, Krommenie","address":"112 Rosariumpark","city":"Krommenie","operatorName":"TotalEnergies","maxPowerKw":13,"isMegawatt":false,"status":"UNAVAILABLE","source":"ndw"}},{"type":"Feature","geometry":{"type":"Point","coordinates":[4.7936238,52.4985134]},"properties":{"type":"charge","layer":"passenger","locationId":"945","name":"Shell Recharge NL De Halm 29","address":"De Halm 29","city":"Wormerveer","operatorName":"Ubitricity","maxPowerKw":22,"isMegawatt":false,"status":"AVAILABLE","source":"ndw","priceKwh":0.267}},{"type":"Feature","geometry":{"type":"Point","coordinates":[4.807703,52.475452]},"properties":{"type":"charge","layer":"passenger","locationId":"DBC1AB6A-5164-46EA-8223-EB56851736B3","name":"TNLP015124 - Domineestuin 15, Zaandijk","address":"15 Domineestuin","city":"Zaandijk","operatorName":"TotalEnergies","maxPowerKw":17,"isMegawatt":false,"status":"UNAVAILABLE","source":"ndw"}},{"type":"Feature","geometry":{"type":"Point","coordinates":[4.716949,52.440083]},"properties":{"type":"charge","layer":"passenger","locationId":"0E539541-EB52-44DB-99B3-CF7B4181F89F","name":"TNLP006800 - Dorpsstraat 17, Assendelft","address":"17 Dorpsstraat","city":"Assendelft","operatorName":"TotalEnergies","maxPowerKw":15,"isMegawatt":false,"status":"AVAILABLE","source":"ndw"}},{"type":"Feature","geometry":{"type":"Point","coordinates":[4.747041,52.48539]},"properties":{"type":"charge","layer":"passenger","locationId":"16B613B9-9AE6-4060-9BE3-1402E01395BF","name":"TNLP009557 - Veenland 5, Assendelft","address":"5 Veenland","city":"Assendelft","operatorName":"TotalEnergies","maxPowerKw":17,"isMegawatt":false,"status":"UNAVAILABLE","source":"ndw"}},{"type":"Feature","geometry":{"type":"Point","coordinates":[4.746093,52.490543]},"properties":{"type":"charge","layer":"passenger","locationId":"352F273D-188E-4F60-B1C2-60B4A3F1C08B","name":"TNLP009492 - P.L. Marnettestraat 22, Assendelft","address":"22 P.L. Marnettestraat","city":"Assendelft","operatorName":"TotalEnergies","maxPowerKw":17,"isMegawatt":false,"status":"UNAVAILABLE","source":"ndw"}},{"type":"Feature","geometry":{"type":"Point","coordinates":[4.83221,52.43624]},"properties":{"type":"charge","layer":"passenger","locationId":"757FE4B0-89D7-42DE-9682-067B1541C1A2","name":"TNLP006095 - Jonge Arnoldusstraat 24, Zaandam","address":"24 Jonge Arnoldusstraat","city":"Zaandam","operatorName":"TotalEnergies","maxPowerKw":17,"isMegawatt":false,"status":"UNAVAILABLE","source":"ndw"}},{"type":"Feature","geometry":{"type":"Point","coordinates":[4.791868,52.461357]},"properties":{"type":"charge","layer":"passenger","locationId":"2c8af1ef-0621-4643-b5a4-28979ee3d189","name":"TNLP008539 - Kampakker 17, Koog Aan De Zaan","address":"17 Kampakker","city":"Koog Aan De Zaan","operatorName":"TotalEnergies","maxPowerKw":14,"isMegawatt":false,"status":"UNAVAILABLE","source":"ndw"}},{"type":"Feature","geometry":{"type":"Point","coordinates":[4.823744,52.430024]},"properties":{"type":"charge","layer":"passenger","locationId":"63a3113a97586d00129f99b2","name":"Renault Nieuwendijk Zaandam openbaar","address":"Pieter Ghijsenlaan 5a","city":"Zaandam","operatorName":"Renault","maxPowerKw":11,"isMegawatt":false,"status":"AVAILABLE","source":"ndw","priceKwh":0.52}},{"type":"Feature","geometry":{"type":"Point","coordinates":[4.84306,52.43163]},"properties":{"type":"charge","layer":"passenger","locationId":"1606","name":"Shell Recharge NL Pieter Jelles Troelstralaan 54","address":"Pieter Jelles Troelstralaan 54","city":"Zaanstad","operatorName":"Ubitricity","maxPowerKw":22,"isMegawatt":false,"status":"CHARGING","source":"ndw","priceKwh":0.392}},{"type":"Feature","geometry":{"type":"Point","coordinates":[4.8001322,52.4430213]},"properties":{"type":"charge","layer":"passenger","locationId":"1050","name":"Shell Recharge NL Jan Wandelaarpad 28","address":"Jan Wandelaarpad 28","city":"Zaandam","operatorName":"Ubitricity","maxPowerKw":22,"isMegawatt":false,"status":"AVAILABLE","source":"ndw","priceKwh":0.267}},{"type":"Feature","geometry":{"type":"Point","coordinates":[4.81041,52.46135]},"properties":{"type":"charge","layer":"passenger","locationId":"365","name":"Shell Recharge NL Julianastraat 1","address":"Julianastraat 1","city":"Koog a/d Zaan","operatorName":"Ubitricity","maxPowerKw":11,"isMegawatt":false,"status":"AVAILABLE","source":"ndw","priceKwh":0.392}},{"type":"Feature","geometry":{"type":"Point","coordinates":[4.75325,52.507137]},"properties":{"type":"charge","layer":"passenger","locationId":"750","name":"Shell Recharge NL Van Allenstraat 29","address":"Van Allenstraat 29","city":"Krommenie","operatorName":"Ubitricity","maxPowerKw":11,"isMegawatt":false,"status":"AVAILABLE","source":"ndw","priceKwh":0.392}},{"type":"Feature","geometry":{"type":"Point","coordinates":[4.76826,52.495768]},"properties":{"type":"charge","layer":"passenger","locationId":"91105213","name":"50five-S NL 03000798","address":"Vlietsend 20A","city":"Krommenie","operatorName":"50five","maxPowerKw":11,"isMegawatt":false,"status":"AVAILABLE","source":"ndw"}},{"type":"Feature","geometry":{"type":"Point","coordinates":[4.755406,52.49058]},"properties":{"type":"charge","layer":"passenger","locationId":"A99CF8E4-07C3-4069-A8C6-D1F2DE91F22D","name":"TNLP034694 - Vogezen 8, Assendelft","address":"8 Vogezen","city":"Assendelft","operatorName":"TotalEnergies","maxPowerKw":13,"isMegawatt":false,"status":"UNAVAILABLE","source":"ndw"}},{"type":"Feature","geometry":{"type":"Point","coordinates":[4.851095,52.419571]},"properties":{"type":"charge","layer":"passenger","locationId":"4217154","name":"Laadnet Plooijer Zaandam","address":"Sluispolderweg 42A","city":"Zaandam","operatorName":"Laadnet","maxPowerKw":22,"isMegawatt":false,"status":"AVAILABLE","source":"ndw"}},{"type":"Feature","geometry":{"type":"Point","coordinates":[4.84164,52.43837]},"properties":{"type":"charge","layer":"passenger","locationId":"9bbc8c91-f837-47e1-858a-9624cdf761ee","name":"PP001077 - Dominee Martin Luther Kingweg 178, Zaandam","address":"178 Dominee Martin Luther Kingweg","city":"Zaandam","operatorName":"TotalEnergies","maxPowerKw":11,"isMegawatt":false,"status":"AVAILABLE","source":"ndw"}},{"type":"Feature","geometry":{"type":"Point","coordinates":[4.8051946,52.4441841]},"properties":{"type":"charge","layer":"passenger","locationId":"864","name":"Shell Recharge NL Ilpendamstraat 36","address":"Ilpendamstraat 36","city":"Zaandam","operatorName":"Ubitricity","maxPowerKw":22,"isMegawatt":false,"status":"UNAVAILABLE","source":"ndw","priceKwh":0.267}},{"type":"Feature","geometry":{"type":"Point","coordinates":[4.765553,52.489878]},"properties":{"type":"charge","layer":"passenger","locationId":"91108161","name":"50five-S NL 09101138","address":"Industrieweg 11b","city":"Assendelft","operatorName":"50five","maxPowerKw":11,"isMegawatt":false,"status":"AVAILABLE","source":"ndw"}},{"type":"Feature","geometry":{"type":"Point","coordinates":[4.75232,52.49383]},"properties":{"type":"charge","layer":"passenger","locationId":"660","name":"Shell Recharge NL Hoofdspoor 28","address":"Hoofdspoor 28","city":"Assendelft","operatorName":"Ubitricity","maxPowerKw":11,"isMegawatt":false,"status":"AVAILABLE","source":"ndw","priceKwh":0.392}},{"type":"Feature","geometry":{"type":"Point","coordinates":[4.85055,52.442024]},"properties":{"type":"charge","layer":"passenger","locationId":"D0C9E40D-FC03-476F-A6AA-D54FFE652068","name":"TNLP006803 - Thijssestraat 127, Zaandam","address":"127 Thijssestraat","city":"Zaandam","operatorName":"TotalEnergies","maxPowerKw":17,"isMegawatt":false,"status":"UNAVAILABLE","source":"ndw"}},{"type":"Feature","geometry":{"type":"Point","coordinates":[4.75951,52.50106]},"properties":{"type":"charge","layer":"passenger","locationId":"324","name":"Shell Recharge NL Burg. Albertiplein 32","address":"Burg. Albertiplein 32","city":"Krommenie","operatorName":"Ubitricity","maxPowerKw":11,"isMegawatt":false,"status":"AVAILABLE","source":"ndw","priceKwh":0.392}},{"type":"Feature","geometry":{"type":"Point","coordinates":[4.804,52.47088]},"properties":{"type":"charge","layer":"passenger","locationId":"67","name":"Shell Recharge NL Dr. Jan Mulderstraat 1A","address":"Dr. Jan Mulderstraat 1A","city":"Zaandijk","operatorName":"Ubitricity","maxPowerKw":11,"isMegawatt":false,"status":"AVAILABLE","source":"ndw","priceKwh":0.392}},{"type":"Feature","geometry":{"type":"Point","coordinates":[4.798573,52.488304]},"properties":{"type":"charge","layer":"passenger","locationId":"580F6F11-C125-46D1-AA4D-C9F40310E9DC","name":"TNLP007410 - Voltastraat 17, Wormerveer","address":"17 Voltastraat","city":"Wormerveer","operatorName":"TotalEnergies","maxPowerKw":17,"isMegawatt":false,"status":"UNAVAILABLE","source":"ndw"}},{"type":"Feature","geometry":{"type":"Point","coordinates":[4.849536,52.437614]},"properties":{"type":"charge","layer":"passenger","locationId":"0763D402-ABCD-445A-9CFA-DB7BBAF020DD","name":"TNLP009028 - Clusiusstraat 35, Zaandam","address":"35 Clusiusstraat","city":"Zaandam","operatorName":"TotalEnergies","maxPowerKw":17,"isMegawatt":false,"status":"UNAVAILABLE","source":"ndw"}},{"type":"Feature","geometry":{"type":"Point","coordinates":[4.778026,52.435108]},"properties":{"type":"charge","layer":"passenger","locationId":"91055365","name":"50five-S NL 07111110","address":"Jaap de Boerstraat 19","city":"Westzaan","operatorName":"50five","maxPowerKw":11,"isMegawatt":false,"status":"CHARGING","source":"ndw"}},{"type":"Feature","geometry":{"type":"Point","coordinates":[4.8234,52.448379]},"properties":{"type":"charge","layer":"passenger","locationId":"65dc43b0ec82b0001cc4f986","name":"Oostzijde134","address":"Oostzijde 134","city":"Zaandam","operatorName":"E-Flux by Road","maxPowerKw":11,"isMegawatt":false,"status":"AVAILABLE","source":"ndw","priceKwh":0.68}},{"type":"Feature","geometry":{"type":"Point","coordinates":[4.800481,52.474335]},"properties":{"type":"charge","layer":"passenger","locationId":"940A493B-0A8B-4D4A-B5F4-85C0B132310A","name":"TNLP034075 - Bazuinhof 20, Zaandijk","address":"20 Bazuinhof","city":"Zaandijk","operatorName":"TotalEnergies","maxPowerKw":13,"isMegawatt":false,"status":"UNAVAILABLE","source":"ndw"}},{"type":"Feature","geometry":{"type":"Point","coordinates":[4.786249,52.516155]},"properties":{"type":"charge","layer":"passenger","locationId":"B109BAF8-6482-4EDB-901D-89FBCC0D086C","name":"TNLP034210 - Geertje Pel Grootstraat 27, Westknollendam","address":"27 Geertje Pel Grootstraat","city":"Westknollendam","operatorName":"TotalEnergies","maxPowerKw":13,"isMegawatt":false,"status":"UNAVAILABLE","source":"ndw"}},{"type":"Feature","geometry":{"type":"Point","coordinates":[4.816645,52.448097]},"properties":{"type":"charge","layer":"passenger","locationId":"3A3879D5-CD95-4E01-8CFC-F6F43FD39711","name":"TNLP007713 - Olieslagerspad 1, Zaandam","address":"1 Olieslagerspad","city":"Zaandam","operatorName":"TotalEnergies","maxPowerKw":17,"isMegawatt":false,"status":"UNAVAILABLE","source":"ndw"}},{"type":"Feature","geometry":{"type":"Point","coordinates":[4.808985,52.473026]},"properties":{"type":"charge","layer":"passenger","locationId":"F31C0153-6206-46EE-B29B-3A5F811992A1","name":"TNLP034197 - Berkenweg 13, Zaandijk","address":"13 Berkenweg","city":"Zaandijk","operatorName":"TotalEnergies","maxPowerKw":13,"isMegawatt":false,"status":"UNAVAILABLE","source":"ndw"}},{"type":"Feature","geometry":{"type":"Point","coordinates":[4.8395286,52.4534892]},"properties":{"type":"charge","layer":"passenger","locationId":"1319","name":"Shell Recharge NL Noordwachter 12","address":"Noordwachter 12","city":"Zaandam","operatorName":"Ubitricity","maxPowerKw":22,"isMegawatt":false,"status":"AVAILABLE","source":"ndw","priceKwh":0.267}},{"type":"Feature","geometry":{"type":"Point","coordinates":[4.810988,52.465231]},"properties":{"type":"charge","layer":"passenger","locationId":"69cd139bf4306566767019cc","name":"BedrijvigeBij II","address":"Lagendijk  3","city":"Koog aan de Zaan","operatorName":"E-Flux by Road","maxPowerKw":9,"isMegawatt":false,"status":"AVAILABLE","source":"ndw","priceKwh":0.46}},{"type":"Feature","geometry":{"type":"Point","coordinates":[4.82091,52.45237]},"properties":{"type":"charge","layer":"passenger","locationId":"616","name":"Shell Recharge NL De Vechterstraat 1","address":"De Vechterstraat 1","city":"Zaandam","operatorName":"Ubitricity","maxPowerKw":11,"isMegawatt":false,"status":"AVAILABLE","source":"ndw","priceKwh":0.392}},{"type":"Feature","geometry":{"type":"Point","coordinates":[4.845471,52.431587]},"properties":{"type":"charge","layer":"passenger","locationId":"3164F55D-6FF3-44D9-91A8-A8C461729B44","name":"TNLP034499 - Aalbersestraat 28, Zaandam","address":"28 Aalbersestraat","city":"Zaandam","operatorName":"TotalEnergies","maxPowerKw":13,"isMegawatt":false,"status":"UNAVAILABLE","source":"ndw"}},{"type":"Feature","geometry":{"type":"Point","coordinates":[4.7896202,52.4951042]},"properties":{"type":"charge","layer":"passenger","locationId":"1859","name":"Shell Recharge NL Kerkstraat 22","address":"Kerkstraat 22","city":"Wormerveer","operatorName":"Ubitricity","maxPowerKw":22,"isMegawatt":false,"status":"AVAILABLE","source":"ndw","priceKwh":0.267}},{"type":"Feature","geometry":{"type":"Point","coordinates":[4.830584,52.435898]},"properties":{"type":"charge","layer":"passenger","locationId":"149","name":"Shell Recharge NL Kattegat 30","address":"Kattegat 30","city":"Zaandam","operatorName":"Ubitricity","maxPowerKw":11,"isMegawatt":false,"status":"AVAILABLE","source":"ndw","priceKwh":0.392}},{"type":"Feature","geometry":{"type":"Point","coordinates":[4.74158,52.48802]},"properties":{"type":"charge","layer":"passenger","locationId":"C3C4BFE7-5895-451D-BE80-FDA5DE061A01","name":"PP001366 - Witte Ring 83, Assendelft","address":"83 Witte Ring","city":"Assendelft","operatorName":"TotalEnergies","maxPowerKw":11,"isMegawatt":false,"status":"AVAILABLE","source":"ndw"}},{"type":"Feature","geometry":{"type":"Point","coordinates":[4.794194,52.460434]},"properties":{"type":"charge","layer":"passenger","locationId":"A2005119-ECCC-4678-8A24-DA3901148586","name":"TNLP034494 - Wildemanakker 1, Koog aan de Zaan","address":"1 Wildemanakker","city":"Koog aan de Zaan","operatorName":"TotalEnergies","maxPowerKw":13,"isMegawatt":false,"status":"UNAVAILABLE","source":"ndw"}},{"type":"Feature","geometry":{"type":"Point","coordinates":[4.8069,52.43595]},"properties":{"type":"charge","layer":"passenger","locationId":"43AD1DC6-9B32-4263-B43B-67F464015AF3","name":"PP004284 - Cypressehout 99, Zaandam","address":"99 Cypressehout","city":"Zaandam","operatorName":"TotalEnergies","maxPowerKw":15,"isMegawatt":false,"status":"AVAILABLE","source":"ndw"}},{"type":"Feature","geometry":{"type":"Point","coordinates":[4.730663,52.454865]},"properties":{"type":"charge","layer":"passenger","locationId":"ED586592-CB45-4CE7-8585-BC98D9909671","name":"TNLP007458 - Kaasmaker 50, Assendelft","address":"50 Kaasmaker","city":"Assendelft","operatorName":"TotalEnergies","maxPowerKw":17,"isMegawatt":false,"status":"AVAILABLE","source":"ndw"}},{"type":"Feature","geometry":{"type":"Point","coordinates":[4.807023,52.441338]},"properties":{"type":"charge","layer":"passenger","locationId":"1690575E-2F39-4DF5-84EF-63B48726B494","name":"TNLP034219 - Kapelhof 1, Zaandam","address":"1 Kapelhof","city":"Zaandam","operatorName":"TotalEnergies","maxPowerKw":13,"isMegawatt":false,"status":"UNAVAILABLE","source":"ndw"}},{"type":"Feature","geometry":{"type":"Point","coordinates":[4.809513,52.428192]},"properties":{"type":"charge","layer":"passenger","locationId":"20715810-92C2-4D38-AD64-69B63D1A3787","name":"TNLP009730 - Zijtocht 8, Zaandam","address":"8 Zijtocht","city":"Zaandam","operatorName":"TotalEnergies","maxPowerKw":17,"isMegawatt":false,"status":"UNAVAILABLE","source":"ndw"}},{"type":"Feature","geometry":{"type":"Point","coordinates":[4.77442,52.511944]},"properties":{"type":"charge","layer":"passenger","locationId":"38C87DA1-0C19-4E10-A9C7-15465ABB572D","name":"TNLP007386 - Vijverloper 15, Krommenie","address":"15 Vijverloper","city":"Krommenie","operatorName":"TotalEnergies","maxPowerKw":17,"isMegawatt":false,"status":"UNAVAILABLE","source":"ndw"}},{"type":"Feature","geometry":{"type":"Point","coordinates":[4.759716,52.51698]},"properties":{"type":"charge","layer":"passenger","locationId":"75064A9B-7572-49A9-A585-99B94971FE04","name":"TNLP008862 - Krommeniedijk 114, Krommenie","address":"114 Krommeniedijk","city":"Krommenie","operatorName":"TotalEnergies","maxPowerKw":14,"isMegawatt":false,"status":"AVAILABLE","source":"ndw"}},{"type":"Feature","geometry":{"type":"Point","coordinates":[4.800586,52.456112]},"properties":{"type":"charge","layer":"passenger","locationId":"A376C0C2-6B11-40CA-B24A-501D7CF3E4B5","name":"TNLP034021 - Mosterdland 28, Koog aan de Zaan","address":"28 Mosterdland","city":"Koog aan de Zaan","operatorName":"TotalEnergies","maxPowerKw":13,"isMegawatt":false,"status":"UNAVAILABLE","source":"ndw"}},{"type":"Feature","geometry":{"type":"Point","coordinates":[4.820199,52.453091]},"properties":{"type":"charge","layer":"passenger","locationId":"9f673358-de93-406d-989a-d80a1f1f09af","name":"Hof van Blois","address":"Hof van Blois 33","city":"Zaandam","operatorName":"Vattenfall InCharge","maxPowerKw":11,"isMegawatt":false,"status":"AVAILABLE","source":"ndw","priceKwh":0.4316}},{"type":"Feature","geometry":{"type":"Point","coordinates":[4.80624,52.46938]},"properties":{"type":"charge","layer":"passenger","locationId":"1107e6de-dca3-466f-97a2-5d5500188a91","name":"PP001269 - Stationsstraat 80, Koog aan de Zaan","address":"80 Stationsstraat","city":"Koog aan de Zaan","operatorName":"TotalEnergies","maxPowerKw":17,"isMegawatt":false,"status":"AVAILABLE","source":"ndw"}},{"type":"Feature","geometry":{"type":"Point","coordinates":[4.810719,52.434485]},"properties":{"type":"charge","layer":"passenger","locationId":"NLLOC000683","name":"NLD, Zaandam, Aris van Broekweg 13","address":"Aris van Broekweg 13","city":"Zaandam","operatorName":"Allego","maxPowerKw":11,"isMegawatt":false,"status":"AVAILABLE","source":"ndw","priceKwh":0.511}},{"type":"Feature","geometry":{"type":"Point","coordinates":[4.818443,52.455524]},"properties":{"type":"charge","layer":"passenger","locationId":"F8D081AB-0CA4-4DB7-9BE0-B5EE9DB0A591","name":"TNLP015099 - Hof van Zaenden 188, Zaandam","address":"188 Hof van Zaenden","city":"Zaandam","operatorName":"TotalEnergies","maxPowerKw":17,"isMegawatt":false,"status":"UNAVAILABLE","source":"ndw"}},{"type":"Feature","geometry":{"type":"Point","coordinates":[4.775563,52.437912]},"properties":{"type":"charge","layer":"passenger","locationId":"d609d4f2-d683-4e63-8c12-e6439a8a1d7b","name":"TNLP009031 - Gruttostraat 18, Westzaan","address":"18 Gruttostraat","city":"Westzaan","operatorName":"TotalEnergies","maxPowerKw":15,"isMegawatt":false,"status":"AVAILABLE","source":"ndw"}},{"type":"Feature","geometry":{"type":"Point","coordinates":[4.75516,52.493713]},"properties":{"type":"charge","layer":"passenger","locationId":"f121a1af-c00a-498c-ba7b-57b218d1dedb","name":"PP001646 - Rangeerder 6, Assendelft","address":"6 Rangeerder","city":"Assendelft","operatorName":"TotalEnergies","maxPowerKw":11,"isMegawatt":false,"status":"AVAILABLE","source":"ndw"}},{"type":"Feature","geometry":{"type":"Point","coordinates":[4.81876,52.44564]},"properties":{"type":"charge","layer":"passenger","locationId":"C51368C4-98DF-4C91-A631-3FC2BD45DF86","name":"Eneco eMobility Westzijde 83 Zaandam","address":"Westzijde 83","city":"Zaandam","operatorName":"Eneco","maxPowerKw":22,"isMegawatt":false,"status":"AVAILABLE","source":"ndw","priceKwh":0.32}},{"type":"Feature","geometry":{"type":"Point","coordinates":[4.808758,52.441402]},"properties":{"type":"charge","layer":"passenger","locationId":"NLENV552","name":"Zaandam, Teakhout 230","address":"Teakhout 230","city":"Zaandam","operatorName":"","maxPowerKw":11,"isMegawatt":false,"status":"AVAILABLE","source":"ndw","priceKwh":0.5}},{"type":"Feature","geometry":{"type":"Point","coordinates":[4.801597,52.457233]},"properties":{"type":"charge","layer":"passenger","locationId":"122609D8-E210-4884-9089-F7414598CC8E","name":"TNLP007252 - Legerland 2, Koog Aan De Zaan","address":"2 Legerland","city":"Koog Aan De Zaan","operatorName":"TotalEnergies","maxPowerKw":15,"isMegawatt":false,"status":"AVAILABLE","source":"ndw"}},{"type":"Feature","geometry":{"type":"Point","coordinates":[4.810698,52.452893]},"properties":{"type":"charge","layer":"passenger","locationId":"b40ae0ed31d7ac3483807900f085605e","name":"Gerard Doustraat 21","address":"Gerard Doustraat 21","city":"Zaandam","operatorName":"Vattenfall InCharge","maxPowerKw":14,"isMegawatt":false,"status":"AVAILABLE","source":"ndw","priceKwh":0.2805}},{"type":"Feature","geometry":{"type":"Point","coordinates":[4.818117,52.435555]},"properties":{"type":"charge","layer":"passenger","locationId":"1CC4E193-DA3D-4D2B-B6CE-DFFF885C22ED","name":"PP005195 - Poeskinstraat 4, Zaandam","address":"4 Poeskinstraat","city":"Zaandam","operatorName":"TotalEnergies","maxPowerKw":11,"isMegawatt":false,"status":"UNAVAILABLE","source":"ndw"}},{"type":"Feature","geometry":{"type":"Point","coordinates":[4.806831,52.44646]},"properties":{"type":"charge","layer":"passenger","locationId":"14429CF5-7AD6-448F-B711-D803810F721A","name":"TNLP008107 - Edamstraat 53, Zaandam","address":"53 Edamstraat","city":"Zaandam","operatorName":"TotalEnergies","maxPowerKw":17,"isMegawatt":false,"status":"UNAVAILABLE","source":"ndw"}},{"type":"Feature","geometry":{"type":"Point","coordinates":[4.75345,52.48613]},"properties":{"type":"charge","layer":"passenger","locationId":"598","name":"Shell Recharge NL Ossenven 2","address":"Ossenven 2","city":"Assendelft","operatorName":"Ubitricity","maxPowerKw":11,"isMegawatt":false,"status":"AVAILABLE","source":"ndw","priceKwh":0.392}},{"type":"Feature","geometry":{"type":"Point","coordinates":[4.79784,52.45321]},"properties":{"type":"charge","layer":"passenger","locationId":"127","name":"Shell Recharge NL Top Naeffstraat 20","address":"Top Naeffstraat 20","city":"Zaandam","operatorName":"Ubitricity","maxPowerKw":11,"isMegawatt":false,"status":"AVAILABLE","source":"ndw","priceKwh":0.392}},{"type":"Feature","geometry":{"type":"Point","coordinates":[4.850684,52.438618]},"properties":{"type":"charge","layer":"passenger","locationId":"552800A1-6038-4DC7-AA9B-ABADA4C045B5","name":"TNLP009815 - E. Heimansstraat 58, Zaandam","address":"58 E. Heimansstraat","city":"Zaandam","operatorName":"TotalEnergies","maxPowerKw":17,"isMegawatt":false,"status":"UNAVAILABLE","source":"ndw"}},{"type":"Feature","geometry":{"type":"Point","coordinates":[4.839943,52.45267]},"properties":{"type":"charge","layer":"passenger","locationId":"58363480-D692-4700-897B-283453456B03","name":"TNLP005846 - Noordwachter 125, Zaandam","address":"125 Noordwachter","city":"Zaandam","operatorName":"TotalEnergies","maxPowerKw":11,"isMegawatt":false,"status":"UNAVAILABLE","source":"ndw"}},{"type":"Feature","geometry":{"type":"Point","coordinates":[4.835845,52.448692]},"properties":{"type":"charge","layer":"passenger","locationId":"36D991E7-99A6-4032-B866-93BFA7F69377","name":"TNLP007793 - Treilerstraat 66, Zaandam","address":"66 Treilerstraat","city":"Zaandam","operatorName":"TotalEnergies","maxPowerKw":17,"isMegawatt":false,"status":"UNAVAILABLE","source":"ndw"}},{"type":"Feature","geometry":{"type":"Point","coordinates":[4.833544,52.4525]},"properties":{"type":"charge","layer":"passenger","locationId":"4D7C0C65-E01B-4CA6-805A-57B160A736A5","name":"TNLP008143 - Schepenlaan 196, Zaandam","address":"196 Schepenlaan","city":"Zaandam","operatorName":"TotalEnergies","maxPowerKw":15,"isMegawatt":false,"status":"AVAILABLE","source":"ndw"}},{"type":"Feature","geometry":{"type":"Point","coordinates":[4.74433,52.48637]},"properties":{"type":"charge","layer":"passenger","locationId":"9f04523747d7ec185205840ffa538725","name":"Witte Ring 16","address":"Witte Ring 16","city":"Assendelft","operatorName":"Vattenfall InCharge","maxPowerKw":11,"isMegawatt":false,"status":"UNAVAILABLE","source":"ndw","priceKwh":0.2805}},{"type":"Feature","geometry":{"type":"Point","coordinates":[4.75379,52.50437]},"properties":{"type":"charge","layer":"passenger","locationId":"353","name":"Shell Recharge NL Gagarinstraat 220","address":"Gagarinstraat 220","city":"Krommenie","operatorName":"Ubitricity","maxPowerKw":11,"isMegawatt":false,"status":"CHARGING","source":"ndw","priceKwh":0.392}},{"type":"Feature","geometry":{"type":"Point","coordinates":[4.74972,52.50327]},"properties":{"type":"charge","layer":"passenger","locationId":"606","name":"Shell Recharge NL Saturnusstraat 2","address":"Saturnusstraat 2","city":"Krommenie","operatorName":"Ubitricity","maxPowerKw":11,"isMegawatt":false,"status":"AVAILABLE","source":"ndw","priceKwh":0.392}},{"type":"Feature","geometry":{"type":"Point","coordinates":[4.76311,52.49556]},"properties":{"type":"charge","layer":"passenger","locationId":"410","name":"Shell Recharge NL Jean Henri Dunantstraat 29","address":"Jean Henri Dunantstraat 29","city":"Krommenie","operatorName":"Ubitricity","maxPowerKw":11,"isMegawatt":false,"status":"AVAILABLE","source":"ndw","priceKwh":0.392}},{"type":"Feature","geometry":{"type":"Point","coordinates":[4.814023,52.441257]},"properties":{"type":"charge","layer":"passenger","locationId":"1d5aa5d1-d7d4-453a-a3c1-0916606e5d49","name":"PP001049 - Lucy Stonestraat 34, Zaandam","address":"34 Lucy Stonestraat","city":"Zaandam","operatorName":"TotalEnergies","maxPowerKw":11,"isMegawatt":false,"status":"AVAILABLE","source":"ndw"}},{"type":"Feature","geometry":{"type":"Point","coordinates":[4.843943,52.436825]},"properties":{"type":"charge","layer":"passenger","locationId":"96E87A1E-BDCA-4D55-80C7-0FA9D747D4C1","name":"TNLP006504 - Middelven 13, Zaandam","address":"13 Middelven","city":"Zaandam","operatorName":"TotalEnergies","maxPowerKw":17,"isMegawatt":false,"status":"UNAVAILABLE","source":"ndw"}},{"type":"Feature","geometry":{"type":"Point","coordinates":[4.75221,52.49031]},"properties":{"type":"charge","layer":"passenger","locationId":"A60C9EC6-F52F-454A-A951-39135A63E3D2","name":"TNLP006361 - Marathon 20, Assendelft","address":"20 Marathon","city":"Assendelft","operatorName":"TotalEnergies","maxPowerKw":17,"isMegawatt":false,"status":"UNAVAILABLE","source":"ndw"}},{"type":"Feature","geometry":{"type":"Point","coordinates":[4.8014,52.46737]},"properties":{"type":"charge","layer":"passenger","locationId":"493","name":"Shell Recharge NL Wezelstraat 7","address":"Wezelstraat 7","city":"Koog a/d Zaan","operatorName":"Ubitricity","maxPowerKw":11,"isMegawatt":false,"status":"AVAILABLE","source":"ndw","priceKwh":0.392}},{"type":"Feature","geometry":{"type":"Point","coordinates":[4.792759,52.47529]},"properties":{"type":"charge","layer":"passenger","locationId":"3F22EC17-5EBF-41AA-84C3-3E0EF7AB4D4A","name":"TNLP034524 - Benjamin Brittenstraat 81, Zaandijk","address":"81 Benjamin Brittenstraat","city":"Zaandijk","operatorName":"TotalEnergies","maxPowerKw":13,"isMegawatt":false,"status":"UNAVAILABLE","source":"ndw"}},{"type":"Feature","geometry":{"type":"Point","coordinates":[4.75488,52.49133]},"properties":{"type":"charge","layer":"passenger","locationId":"C4577E4C-CC5E-42C6-B741-C76E963D855A","name":"PP002275 - Vogezen 23, Assendelft","address":"23 Vogezen","city":"Assendelft","operatorName":"TotalEnergies","maxPowerKw":17,"isMegawatt":false,"status":"AVAILABLE","source":"ndw"}},{"type":"Feature","geometry":{"type":"Point","coordinates":[4.746546,52.501072]},"properties":{"type":"charge","layer":"passenger","locationId":"65417C0F-8947-4596-9683-1360C74EE798","name":"TNLP008465 - Marslaan 177, Krommenie","address":"177 Marslaan","city":"Krommenie","operatorName":"TotalEnergies","maxPowerKw":14,"isMegawatt":false,"status":"AVAILABLE","source":"ndw"}},{"type":"Feature","geometry":{"type":"Point","coordinates":[4.786057,52.51796]},"properties":{"type":"charge","layer":"passenger","locationId":"C5FBDD05-8661-4720-9401-3CEF2CB06D61","name":"TNLP009995 - Westknollendam 90, Westknollendam","address":"90 Westknollendam","city":"Westknollendam","operatorName":"TotalEnergies","maxPowerKw":17,"isMegawatt":false,"status":"UNAVAILABLE","source":"ndw"}},{"type":"Feature","geometry":{"type":"Point","coordinates":[4.823993,52.460087]},"properties":{"type":"charge","layer":"passenger","locationId":"999B757D-DEC0-485B-AAA4-E8B105370658","name":"TNLP006700 - Pinksterbloemweg 93, Zaandam","address":"93 Pinksterbloemweg","city":"Zaandam","operatorName":"TotalEnergies","maxPowerKw":17,"isMegawatt":false,"status":"UNAVAILABLE","source":"ndw"}},{"type":"Feature","geometry":{"type":"Point","coordinates":[4.767173,52.497498]},"properties":{"type":"charge","layer":"passenger","locationId":"E6672EC3-1679-431B-AA10-15122681F083","name":"TNLP008263 - Zuiderhoofdstraat 39A, Krommenie","address":"39A Zuiderhoofdstraat","city":"Krommenie","operatorName":"TotalEnergies","maxPowerKw":14,"isMegawatt":false,"status":"AVAILABLE","source":"ndw"}},{"type":"Feature","geometry":{"type":"Point","coordinates":[4.749295,52.485718]},"properties":{"type":"charge","layer":"passenger","locationId":"C1F93BAF-AEBD-4FDE-9A6F-A64FD984C961","name":"TNLP015125 - J M van der Meystraat 9, Assendelft","address":"9 J M van der Meystraat","city":"Assendelft","operatorName":"TotalEnergies","maxPowerKw":17,"isMegawatt":false,"status":"UNAVAILABLE","source":"ndw"}},{"type":"Feature","geometry":{"type":"Point","coordinates":[4.760836,52.506653]},"properties":{"type":"charge","layer":"passenger","locationId":"78DAA19B-5923-4E35-B79F-73EDDBB1DD48","name":"TNLP034480 - Zilverschoonlaan 17, Krommenie","address":"17 Zilverschoonlaan","city":"Krommenie","operatorName":"TotalEnergies","maxPowerKw":13,"isMegawatt":false,"status":"UNAVAILABLE","source":"ndw"}},{"type":"Feature","geometry":{"type":"Point","coordinates":[4.793548,52.496864]},"properties":{"type":"charge","layer":"passenger","locationId":"7E47DB5E-B651-4D60-9E2E-07A03FAFC316","name":"TNLP008627 - Abel Tasmanstraat 21, Wormerveer","address":"21 Abel Tasmanstraat","city":"Wormerveer","operatorName":"TotalEnergies","maxPowerKw":14,"isMegawatt":false,"status":"AVAILABLE","source":"ndw"}},{"type":"Feature","geometry":{"type":"Point","coordinates":[4.858066,52.432724]},"properties":{"type":"charge","layer":"passenger","locationId":"B667EF10-F891-4414-9A6A-D56B872E1C8A","name":"TNLP034091 - Poelenburg 454, Zaandam","address":"454 Poelenburg","city":"Zaandam","operatorName":"TotalEnergies","maxPowerKw":13,"isMegawatt":false,"status":"UNAVAILABLE","source":"ndw"}},{"type":"Feature","geometry":{"type":"Point","coordinates":[4.8083,52.45039]},"properties":{"type":"charge","layer":"passenger","locationId":"B9E48FF4-D884-4B1C-B803-A1B9876F57C9","name":"PP004273 - Frans Halsstraat 51, Zaandam","address":"51 Frans Halsstraat","city":"Zaandam","operatorName":"TotalEnergies","maxPowerKw":11,"isMegawatt":false,"status":"UNAVAILABLE","source":"ndw"}},{"type":"Feature","geometry":{"type":"Point","coordinates":[4.798442,52.472908]},"properties":{"type":"charge","layer":"passenger","locationId":"D292378B-9B04-45FB-A4C8-E20980D709BE","name":"TNLP008046 - Jan Steijnstraat 35, Zaandijk","address":"35 Jan Steijnstraat","city":"Zaandijk","operatorName":"TotalEnergies","maxPowerKw":17,"isMegawatt":false,"status":"UNAVAILABLE","source":"ndw"}},{"type":"Feature","geometry":{"type":"Point","coordinates":[4.82737,52.46998]},"properties":{"type":"charge","layer":"passenger","locationId":"1531","name":"Shell Recharge NL Kalf 124","address":"Kalf 124","city":"Zaanstad","operatorName":"Ubitricity","maxPowerKw":11,"isMegawatt":false,"status":"AVAILABLE","source":"ndw","priceKwh":0.392}},{"type":"Feature","geometry":{"type":"Point","coordinates":[4.7832,52.50882]},"properties":{"type":"charge","layer":"passenger","locationId":"99EA8AFD-E2A0-4C79-B157-00EB235A068E","name":"Eneco eMobility Hedin Automotive Schadeherstel Zaanstreek - Vrijheidsweg - Wormerveer","address":"Vrijheidsweg 2","city":"Wormerveer","operatorName":"Eneco","maxPowerKw":11,"isMegawatt":false,"status":"AVAILABLE","source":"ndw","priceKwh":0.58}},{"type":"Feature","geometry":{"type":"Point","coordinates":[4.7725537,52.5090444]},"properties":{"type":"charge","layer":"passenger","locationId":"1228","name":"Shell Recharge NL Dwergmeerval 28","address":"Dwergmeerval 28","city":"Krommenie","operatorName":"Ubitricity","maxPowerKw":22,"isMegawatt":false,"status":"AVAILABLE","source":"ndw","priceKwh":0.267}},{"type":"Feature","geometry":{"type":"Point","coordinates":[4.806761,52.480976]},"properties":{"type":"charge","layer":"passenger","locationId":"62D5D555-A329-4A85-93E6-86BDEF30D555","name":"TNLP008528 - Ruijsdaelkade 3, Wormerveer","address":"3 Ruijsdaelkade","city":"Wormerveer","operatorName":"TotalEnergies","maxPowerKw":14,"isMegawatt":false,"status":"CHARGING","source":"ndw"}},{"type":"Feature","geometry":{"type":"Point","coordinates":[4.80831,52.46687]},"properties":{"type":"charge","layer":"passenger","locationId":"C276AEEE-BB46-46F8-AEDE-4F3D1127E21B","name":"PP005305 - Pinkstraat 14, Koog aan de Zaan","address":"14 Pinkstraat","city":"Koog aan de Zaan","operatorName":"TotalEnergies","maxPowerKw":11,"isMegawatt":false,"status":"UNAVAILABLE","source":"ndw"}},{"type":"Feature","geometry":{"type":"Point","coordinates":[4.839175,52.44671]},"properties":{"type":"charge","layer":"passenger","locationId":"CF129A2D-5AF1-4480-828B-3BC9C9746143","name":"TNLP006774 - Tjotterlaan 71, Zaandam","address":"71 Tjotterlaan","city":"Zaandam","operatorName":"TotalEnergies","maxPowerKw":17,"isMegawatt":false,"status":"UNAVAILABLE","source":"ndw"}},{"type":"Feature","geometry":{"type":"Point","coordinates":[4.822019,52.448866]},"properties":{"type":"charge","layer":"passenger","locationId":"3160946","name":"Laadnet Parkeergarage Kroonenburg","address":"De Gortpeller 87a","city":"Zaandam","operatorName":"Laadnet","maxPowerKw":22,"isMegawatt":false,"status":"AVAILABLE","source":"ndw"}},{"type":"Feature","geometry":{"type":"Point","coordinates":[4.827028,52.445347]},"properties":{"type":"charge","layer":"passenger","locationId":"9041f770-7d17-4c32-aa25-e2511e12e86b","name":"TNLP008343 - Bijlstraat 1, Zaandam","address":"1 Bijlstraat","city":"Zaandam","operatorName":"TotalEnergies","maxPowerKw":14,"isMegawatt":false,"status":"AVAILABLE","source":"ndw"}},{"type":"Feature","geometry":{"type":"Point","coordinates":[4.761509,52.485966]},"properties":{"type":"charge","layer":"passenger","locationId":"8E9F5DC3-14BE-4B67-82EC-BB01085FE388","name":"TNLP015160 - Vroedschap 17, Assendelft","address":"17 Vroedschap","city":"Assendelft","operatorName":"TotalEnergies","maxPowerKw":17,"isMegawatt":false,"status":"UNAVAILABLE","source":"ndw"}},{"type":"Feature","geometry":{"type":"Point","coordinates":[4.76714,52.495208]},"properties":{"type":"charge","layer":"passenger","locationId":"91105751","name":"50five-S NL Location","address":"Vlietsend 20A","city":"Krommenie","operatorName":"50five","maxPowerKw":22,"isMegawatt":false,"status":"AVAILABLE","source":"ndw"}},{"type":"Feature","geometry":{"type":"Point","coordinates":[4.810072,52.47496]},"properties":{"type":"charge","layer":"passenger","locationId":"4801F44A-3E7D-4026-AB13-02614B354E49","name":"TNLP034014 - Willem Dreeslaan 95, Zaandijk","address":"95 Willem Dreeslaan","city":"Zaandijk","operatorName":"TotalEnergies","maxPowerKw":13,"isMegawatt":false,"status":"UNAVAILABLE","source":"ndw"}},{"type":"Feature","geometry":{"type":"Point","coordinates":[4.79747,52.45082]},"properties":{"type":"charge","layer":"passenger","locationId":"983eaa53-baad-43e1-b77c-b22e9dc7bcc4","name":"PP001939 - G.Molstraat 38, Zaandam","address":"38 G.Molstraat","city":"Zaandam","operatorName":"TotalEnergies","maxPowerKw":11,"isMegawatt":false,"status":"AVAILABLE","source":"ndw"}},{"type":"Feature","geometry":{"type":"Point","coordinates":[4.82543,52.43386]},"properties":{"type":"charge","layer":"passenger","locationId":"acda6588-83f1-4a23-94a4-24ef2c5f6568","name":"PP001733 - Syltpier 54, Zaandam","address":"54 Syltpier","city":"Zaandam","operatorName":"TotalEnergies","maxPowerKw":11,"isMegawatt":false,"status":"AVAILABLE","source":"ndw"}},{"type":"Feature","geometry":{"type":"Point","coordinates":[4.852989,52.439125]},"properties":{"type":"charge","layer":"passenger","locationId":"53023A4A-1EE6-4F22-AB2F-C0A8F55C393E","name":"TNLP034059 - E. Heimansstraat 208, Zaandam","address":"208 E. Heimansstraat","city":"Zaandam","operatorName":"TotalEnergies","maxPowerKw":13,"isMegawatt":false,"status":"UNAVAILABLE","source":"ndw"}},{"type":"Feature","geometry":{"type":"Point","coordinates":[4.790128,52.491875]},"properties":{"type":"charge","layer":"passenger","locationId":"D8D04FB8-34BA-4187-A6CC-AEF1EECC59C2","name":"TNLP008276 - Steijnstraat 10, Wormerveer","address":"10 Steijnstraat","city":"Wormerveer","operatorName":"TotalEnergies","maxPowerKw":14,"isMegawatt":false,"status":"CHARGING","source":"ndw"}},{"type":"Feature","geometry":{"type":"Point","coordinates":[4.82895,52.44623]},"properties":{"type":"charge","layer":"passenger","locationId":"3F6467BB-4AAF-4891-B8A7-065D9E56E052","name":"PP005317 - Belgischestraat 107, Zaandam","address":"107 Belgischestraat","city":"Zaandam","operatorName":"TotalEnergies","maxPowerKw":11,"isMegawatt":false,"status":"UNAVAILABLE","source":"ndw"}},{"type":"Feature","geometry":{"type":"Point","coordinates":[4.8365,52.44722]},"properties":{"type":"charge","layer":"passenger","locationId":"f620f51b-9b37-4ad9-b996-dd535ec02baf","name":"PP001283 - Gondellaan 12, Zaandam","address":"12 Gondellaan","city":"Zaandam","operatorName":"TotalEnergies","maxPowerKw":17,"isMegawatt":false,"status":"UNAVAILABLE","source":"ndw"}},{"type":"Feature","geometry":{"type":"Point","coordinates":[4.799489,52.44597]},"properties":{"type":"charge","layer":"passenger","locationId":"52B03D66-137E-4A67-A778-659A0EE0C2BF","name":"TNLP007441 - Esther de Boer-van Rijkstraat 14, Zaandam","address":"14 Esther de Boer-van Rijkstraat","city":"Zaandam","operatorName":"TotalEnergies","maxPowerKw":17,"isMegawatt":false,"status":"UNAVAILABLE","source":"ndw"}},{"type":"Feature","geometry":{"type":"Point","coordinates":[4.80776,52.44028]},"properties":{"type":"charge","layer":"passenger","locationId":"1b5737f33c6568a77328d4099671f62c","name":"Rapsodie 3","address":"Rapsodie 3","city":"Zaandam","operatorName":"Vattenfall InCharge","maxPowerKw":11,"isMegawatt":false,"status":"AVAILABLE","source":"ndw","priceKwh":0.2805}},{"type":"Feature","geometry":{"type":"Point","coordinates":[4.7894305,52.4996053]},"properties":{"type":"charge","layer":"passenger","locationId":"946","name":"Shell Recharge NL Cor Bruijnweg 80","address":"Cor Bruijnweg 80","city":"Wormerveer","operatorName":"Ubitricity","maxPowerKw":22,"isMegawatt":false,"status":"AVAILABLE","source":"ndw","priceKwh":0.267}},{"type":"Feature","geometry":{"type":"Point","coordinates":[4.8277,52.446053]},"properties":{"type":"charge","layer":"passenger","locationId":"E12E147D-6B52-4E28-8636-B8BE50038788","name":"TNLP006046 - Belgischestraat 87, Zaandam","address":"87 Belgischestraat","city":"Zaandam","operatorName":"TotalEnergies","maxPowerKw":15,"isMegawatt":false,"status":"CHARGING","source":"ndw"}},{"type":"Feature","geometry":{"type":"Point","coordinates":[4.7303499,52.4548023]},"properties":{"type":"charge","layer":"passenger","locationId":"1049","name":"Shell Recharge NL Kaasmaker 52","address":"Kaasmaker 52","city":"Assendelft","operatorName":"Ubitricity","maxPowerKw":22,"isMegawatt":false,"status":"AVAILABLE","source":"ndw","priceKwh":0.267}},{"type":"Feature","geometry":{"type":"Point","coordinates":[4.843008,52.470985]},"properties":{"type":"charge","layer":"passenger","locationId":"FFFA8C26-E125-4794-A181-F6BAE4C1D46E","name":"TNLP006894 - Schipbeek 28, Zaandam","address":"28 Schipbeek","city":"Zaandam","operatorName":"TotalEnergies","maxPowerKw":17,"isMegawatt":false,"status":"UNAVAILABLE","source":"ndw"}},{"type":"Feature","geometry":{"type":"Point","coordinates":[4.8353,52.43867]},"properties":{"type":"charge","layer":"passenger","locationId":"f0b1c159-f8f4-4cbe-b23a-744d13a5c521","name":"PP001553 - Burgemeester Smitstraat 8, Zaandam","address":"8 Burgemeester Smitstraat","city":"Zaandam","operatorName":"TotalEnergies","maxPowerKw":11,"isMegawatt":false,"status":"UNAVAILABLE","source":"ndw"}},{"type":"Feature","geometry":{"type":"Point","coordinates":[4.839382,52.471405]},"properties":{"type":"charge","layer":"passenger","locationId":"2F0EE1B2-C2E7-4ACA-BC82-8C11560797B2","name":"TNLP006582 - Kalf 338, Zaandam","address":"338 Kalf","city":"Zaandam","operatorName":"TotalEnergies","maxPowerKw":15,"isMegawatt":false,"status":"AVAILABLE","source":"ndw"}},{"type":"Feature","geometry":{"type":"Point","coordinates":[4.74657,52.489925]},"properties":{"type":"charge","layer":"passenger","locationId":"020A452D-967A-4623-BB0E-D9E72192951B","name":"TNLP034487 - Gele Ring 157, Assendelft","address":"157 Gele Ring","city":"Assendelft","operatorName":"TotalEnergies","maxPowerKw":13,"isMegawatt":false,"status":"UNAVAILABLE","source":"ndw"}},{"type":"Feature","geometry":{"type":"Point","coordinates":[4.840024,52.441956]},"properties":{"type":"charge","layer":"passenger","locationId":"4F7D7CAD-3C60-4B57-B7D2-7FE71856F482","name":"TNLP007318 - Bristolroodstraat 102, Zaandam","address":"102 Bristolroodstraat","city":"Zaandam","operatorName":"TotalEnergies","maxPowerKw":17,"isMegawatt":false,"status":"UNAVAILABLE","source":"ndw"}},{"type":"Feature","geometry":{"type":"Point","coordinates":[4.798234,52.453945]},"properties":{"type":"charge","layer":"passenger","locationId":"6FC051B0-195C-49FB-B9B6-95036C5D149A","name":"TNLP007351 - J. Kruijverstraat 38, Zaandam","address":"38 J. Kruijverstraat","city":"Zaandam","operatorName":"TotalEnergies","maxPowerKw":17,"isMegawatt":false,"status":"UNAVAILABLE","source":"ndw"}},{"type":"Feature","geometry":{"type":"Point","coordinates":[4.744524,52.495026]},"properties":{"type":"charge","layer":"passenger","locationId":"FF3050D0-15A4-4D97-9103-1AA024BF1414","name":"TNLP006025 - Beemdgras 62, Assendelft","address":"62 Beemdgras","city":"Assendelft","operatorName":"TotalEnergies","maxPowerKw":17,"isMegawatt":false,"status":"UNAVAILABLE","source":"ndw"}},{"type":"Feature","geometry":{"type":"Point","coordinates":[4.759095,52.48209]},"properties":{"type":"charge","layer":"passenger","locationId":"266EB1BA-5E94-4C5F-A9FF-22C58748B3E4","name":"TNLP006080 - Rode Ring 166, Assendelft","address":"166 Rode Ring","city":"Assendelft","operatorName":"TotalEnergies","maxPowerKw":17,"isMegawatt":false,"status":"UNAVAILABLE","source":"ndw"}},{"type":"Feature","geometry":{"type":"Point","coordinates":[4.80651,52.43542]},"properties":{"type":"charge","layer":"passenger","locationId":"534","name":"Shell Recharge NL Lech Walesahof 1","address":"Lech Walesahof 1","city":"Zaandam","operatorName":"Ubitricity","maxPowerKw":11,"isMegawatt":false,"status":"AVAILABLE","source":"ndw","priceKwh":0.392}},{"type":"Feature","geometry":{"type":"Point","coordinates":[4.80085,52.451492]},"properties":{"type":"charge","layer":"passenger","locationId":"6b5cfb5e3626f2e385c5368641b5ef90","name":"Bennebroekstraat 48","address":"Bennebroekstraat 48","city":"Zaandam","operatorName":"Vattenfall InCharge","maxPowerKw":11,"isMegawatt":false,"status":"AVAILABLE","source":"ndw","priceKwh":0.2805}},{"type":"Feature","geometry":{"type":"Point","coordinates":[4.802743,52.449554]},"properties":{"type":"charge","layer":"passenger","locationId":"3CBF7114-6091-489F-AEE9-7FB8888269FF","name":"TNLP006334 - Elsbroekplantsoen 14, Zaandam","address":"14 Elsbroekplantsoen","city":"Zaandam","operatorName":"TotalEnergies","maxPowerKw":17,"isMegawatt":false,"status":"UNAVAILABLE","source":"ndw"}},{"type":"Feature","geometry":{"type":"Point","coordinates":[4.81561,52.4599]},"properties":{"type":"charge","layer":"passenger","locationId":"0440659D-90BA-499F-833F-CBD4746A49A3","name":"TNLP003640 - Jonkerplantsoen 7, Zaandam","address":"7 Jonkerplantsoen","city":"Zaandam","operatorName":"TotalEnergies","maxPowerKw":17,"isMegawatt":false,"status":"AVAILABLE","source":"ndw"}},{"type":"Feature","geometry":{"type":"Point","coordinates":[4.79478,52.4761]},"properties":{"type":"charge","layer":"passenger","locationId":"0D3C8E17-5862-4AFF-9E40-E2DAF8A90C25","name":"TNLP007798 - George Gershwinstraat 75, Zaandijk","address":"75 George Gershwinstraat","city":"Zaandijk","operatorName":"TotalEnergies","maxPowerKw":17,"isMegawatt":false,"status":"UNAVAILABLE","source":"ndw"}},{"type":"Feature","geometry":{"type":"Point","coordinates":[4.835197,52.42544]},"properties":{"type":"charge","layer":"passenger","locationId":"837DB80F-5547-4CE2-B30B-FA2C2F97F9A5","name":"TNLP008142 - Havenstraat 109, Zaandam","address":"109 Havenstraat","city":"Zaandam","operatorName":"TotalEnergies","maxPowerKw":15,"isMegawatt":false,"status":"UNAVAILABLE","source":"ndw"}},{"type":"Feature","geometry":{"type":"Point","coordinates":[4.829006,52.44605]},"properties":{"type":"charge","layer":"passenger","locationId":"9E856E5C-31CC-483B-ACDA-94401F545925","name":"TNLP007878 - Belgischestraat 109, Zaandam","address":"109 Belgischestraat","city":"Zaandam","operatorName":"TotalEnergies","maxPowerKw":17,"isMegawatt":false,"status":"UNAVAILABLE","source":"ndw"}},{"type":"Feature","geometry":{"type":"Point","coordinates":[4.7957,52.49042]},"properties":{"type":"charge","layer":"passenger","locationId":"347","name":"Shell Recharge NL Zaanweg 61","address":"Zaanweg 61","city":"Wormerveer","operatorName":"Ubitricity","maxPowerKw":11,"isMegawatt":false,"status":"AVAILABLE","source":"ndw","priceKwh":0.392}},{"type":"Feature","geometry":{"type":"Point","coordinates":[4.778165,52.43734]},"properties":{"type":"charge","layer":"passenger","locationId":"C44EC864-9E58-427B-B845-7254F738536C","name":"TNLP034503 - Roerdompstraat 2, Westzaan","address":"2 Roerdompstraat","city":"Westzaan","operatorName":"TotalEnergies","maxPowerKw":13,"isMegawatt":false,"status":"UNAVAILABLE","source":"ndw"}},{"type":"Feature","geometry":{"type":"Point","coordinates":[4.777204,52.503292]},"properties":{"type":"charge","layer":"passenger","locationId":"6a0eae9c496c1867bae94d73","name":"Autobedrijf John van der Molen","address":"Industrieweg 14","city":"Wormerveer","operatorName":"Pluq","maxPowerKw":22,"isMegawatt":false,"status":"AVAILABLE","source":"ndw","priceKwh":0.45}},{"type":"Feature","geometry":{"type":"Point","coordinates":[4.802617,52.47199]},"properties":{"type":"charge","layer":"passenger","locationId":"E5763633-C41B-4F83-A915-C75606E2B00E","name":"TNLP006526 - Oud Heinstraat 29, Zaandijk","address":"29 Oud Heinstraat","city":"Zaandijk","operatorName":"TotalEnergies","maxPowerKw":17,"isMegawatt":false,"status":"UNAVAILABLE","source":"ndw"}},{"type":"Feature","geometry":{"type":"Point","coordinates":[4.833943,52.466995]},"properties":{"type":"charge","layer":"passenger","locationId":"DC3C20EF-E7F3-4F60-ABE4-8A651F7CF8C8","name":"TNLP005978 - Hollandsch Diep 29, Zaandam","address":"29 Hollandsch Diep","city":"Zaandam","operatorName":"TotalEnergies","maxPowerKw":17,"isMegawatt":false,"status":"UNAVAILABLE","source":"ndw"}},{"type":"Feature","geometry":{"type":"Point","coordinates":[4.79258,52.47338]},"properties":{"type":"charge","layer":"passenger","locationId":"d5cf9606-3ea7-4482-b629-2fab914fbebc","name":"PP001971 - Hendrik Andriessenstraat 19, Zaandijk","address":"19 Hendrik Andriessenstraat","city":"Zaandijk","operatorName":"TotalEnergies","maxPowerKw":11,"isMegawatt":false,"status":"AVAILABLE","source":"ndw"}},{"type":"Feature","geometry":{"type":"Point","coordinates":[4.750051,52.486094]},"properties":{"type":"charge","layer":"passenger","locationId":"91275547","name":"50five-S NL 03005121","address":"Kruier 1","city":"Assendelft","operatorName":"50five","maxPowerKw":4,"isMegawatt":false,"status":"AVAILABLE","source":"ndw"}},{"type":"Feature","geometry":{"type":"Point","coordinates":[4.825617,52.42191]},"properties":{"type":"charge","layer":"passenger","locationId":"DA7882CF-DB4C-40C2-ADFB-A167CA2120C6","name":"TNLP015219 - Pieter Ghijsenlaan 37, Zaandam","address":"37 Pieter Ghijsenlaan","city":"Zaandam","operatorName":"TotalEnergies","maxPowerKw":17,"isMegawatt":false,"status":"UNAVAILABLE","source":"ndw"}},{"type":"Feature","geometry":{"type":"Point","coordinates":[4.800549,52.442314]},"properties":{"type":"charge","layer":"passenger","locationId":"219679B9-374F-4702-BCF9-B21D62E899F7","name":"TNLP007438 - Eline Vereplantsoen 71, Zaandam","address":"71 Eline Vereplantsoen","city":"Zaandam","operatorName":"TotalEnergies","maxPowerKw":17,"isMegawatt":false,"status":"UNAVAILABLE","source":"ndw"}},{"type":"Feature","geometry":{"type":"Point","coordinates":[4.8332,52.45908]},"properties":{"type":"charge","layer":"passenger","locationId":"346E32F1-D9F7-4A90-BDC0-902F3BD4065A","name":"TNLP009684 - Fluitekruidweg 100, Zaandam","address":"100 Fluitekruidweg","city":"Zaandam","operatorName":"TotalEnergies","maxPowerKw":17,"isMegawatt":false,"status":"UNAVAILABLE","source":"ndw"}},{"type":"Feature","geometry":{"type":"Point","coordinates":[4.756155,52.49435]},"properties":{"type":"charge","layer":"passenger","locationId":"56D5A042-B3FF-4695-BB02-4018B6B80EC9","name":"TNLP007276 - Conducteur 24, Assendelft","address":"24 Conducteur","city":"Assendelft","operatorName":"TotalEnergies","maxPowerKw":17,"isMegawatt":false,"status":"UNAVAILABLE","source":"ndw"}},{"type":"Feature","geometry":{"type":"Point","coordinates":[4.821916,52.44113]},"properties":{"type":"charge","layer":"passenger","locationId":"61DD6BE5-F71B-4905-9E34-DAF096DD4FFD","name":"TNLP009747 - Zeemansstraat 4, Zaandam","address":"4 Zeemansstraat","city":"Zaandam","operatorName":"TotalEnergies","maxPowerKw":17,"isMegawatt":false,"status":"UNAVAILABLE","source":"ndw"}},{"type":"Feature","geometry":{"type":"Point","coordinates":[4.75834,52.48386]},"properties":{"type":"charge","layer":"passenger","locationId":"65E45257-AE62-4C44-B66B-C7378728BE90","name":"TNLP008280 - Blauwe Ring 110, Assendelft","address":"110 Blauwe Ring","city":"Assendelft","operatorName":"TotalEnergies","maxPowerKw":14,"isMegawatt":false,"status":"AVAILABLE","source":"ndw"}},{"type":"Feature","geometry":{"type":"Point","coordinates":[4.76898,52.49908]},"properties":{"type":"charge","layer":"passenger","locationId":"7332787c-8773-4206-ba60-b93f035c9512","name":"PP001108 - Padlaan 5, Krommenie","address":"5 Padlaan","city":"Krommenie","operatorName":"TotalEnergies","maxPowerKw":11,"isMegawatt":false,"status":"UNAVAILABLE","source":"ndw"}},{"type":"Feature","geometry":{"type":"Point","coordinates":[4.79905,52.46349]},"properties":{"type":"charge","layer":"passenger","locationId":"A2301D84-29A8-41C8-AA87-48CE7FDCF9F2","name":"TNLP007125 - Veeringveld 33, Koog aan de Zaan","address":"33 Veeringveld","city":"Koog aan de Zaan","operatorName":"TotalEnergies","maxPowerKw":17,"isMegawatt":false,"status":"UNAVAILABLE","source":"ndw"}},{"type":"Feature","geometry":{"type":"Point","coordinates":[4.806936,52.440628]},"properties":{"type":"charge","layer":"passenger","locationId":"DD89122C-BD30-4582-A062-0FA382E72E17","name":"TNLP007836 - Ouverture 24, Zaandam","address":"24 Ouverture","city":"Zaandam","operatorName":"TotalEnergies","maxPowerKw":17,"isMegawatt":false,"status":"UNAVAILABLE","source":"ndw"}},{"type":"Feature","geometry":{"type":"Point","coordinates":[4.829884,52.43984]},"properties":{"type":"charge","layer":"passenger","locationId":"D57FBAF3-952D-474C-BC3D-7DE957756B3A","name":"TNLP007403 - Lijnbaanstraat 19A, Zaandam","address":"19A Lijnbaanstraat","city":"Zaandam","operatorName":"TotalEnergies","maxPowerKw":17,"isMegawatt":false,"status":"UNAVAILABLE","source":"ndw"}},{"type":"Feature","geometry":{"type":"Point","coordinates":[4.808806,52.453686]},"properties":{"type":"charge","layer":"passenger","locationId":"F1DCA6DE-773B-4B5E-8FF7-863121BCA665","name":"TNLP005741 - Terschellingstraat 2, Zaandam","address":"2 Terschellingstraat","city":"Zaandam","operatorName":"TotalEnergies","maxPowerKw":17,"isMegawatt":false,"status":"UNAVAILABLE","source":"ndw"}},{"type":"Feature","geometry":{"type":"Point","coordinates":[4.77447,52.51082]},"properties":{"type":"charge","layer":"passenger","locationId":"884F6FE9-14D0-4B5B-BEE4-3AE75219E2CC","name":"TNLP006888 - Tuinhommel 19, Krommenie","address":"19 Tuinhommel","city":"Krommenie","operatorName":"TotalEnergies","maxPowerKw":15,"isMegawatt":false,"status":"AVAILABLE","source":"ndw"}},{"type":"Feature","geometry":{"type":"Point","coordinates":[4.83904,52.44488]},"properties":{"type":"charge","layer":"passenger","locationId":"EE1B9168-4AEA-4065-9796-D82BD8B83E58","name":"TNLP003573 - De Weer 83, Zaandam","address":"83 De Weer","city":"Zaandam","operatorName":"TotalEnergies","maxPowerKw":17,"isMegawatt":false,"status":"AVAILABLE","source":"ndw"}},{"type":"Feature","geometry":{"type":"Point","coordinates":[4.758164,52.498737]},"properties":{"type":"charge","layer":"passenger","locationId":"CE5B65BB-C700-4B53-90B4-2438E2C840AB","name":"TNLP006444 - Laurens Janszn Costerstraat 25, Krommenie","address":"25 Laurens Janszn Costerstraat","city":"Krommenie","operatorName":"TotalEnergies","maxPowerKw":17,"isMegawatt":false,"status":"UNAVAILABLE","source":"ndw"}},{"type":"Feature","geometry":{"type":"Point","coordinates":[4.747338,52.489937]},"properties":{"type":"charge","layer":"passenger","locationId":"431BA4C1-0401-4373-9795-F8AA1491F96C","name":"TNLP007453 - Gele Ring 160, Assendelft","address":"160 Gele Ring","city":"Assendelft","operatorName":"TotalEnergies","maxPowerKw":17,"isMegawatt":false,"status":"UNAVAILABLE","source":"ndw"}},{"type":"Feature","geometry":{"type":"Point","coordinates":[4.84435,52.43518]},"properties":{"type":"charge","layer":"passenger","locationId":"ed15191cae14443b4e09dba884040028","name":"Kloosterven 5","address":"Kloosterven 5","city":"Zaandam","operatorName":"Vattenfall InCharge","maxPowerKw":11,"isMegawatt":false,"status":"AVAILABLE","source":"ndw","priceKwh":0.2805}},{"type":"Feature","geometry":{"type":"Point","coordinates":[4.80779,52.4393]},"properties":{"type":"charge","layer":"passenger","locationId":"26426545-b116-448f-8abc-799649d8fcd4","name":"PP001617 - Aubade 15, Zaandam","address":"15 Aubade","city":"Zaandam","operatorName":"TotalEnergies","maxPowerKw":11,"isMegawatt":false,"status":"AVAILABLE","source":"ndw"}},{"type":"Feature","geometry":{"type":"Point","coordinates":[4.807204,52.45747]},"properties":{"type":"charge","layer":"passenger","locationId":"55B06EC5-F01D-41BE-8D15-CDCD496CEB59","name":"TNLP006104 - Leliestraat 73, Koog Aan De Zaan","address":"73 Leliestraat","city":"Koog Aan De Zaan","operatorName":"TotalEnergies","maxPowerKw":17,"isMegawatt":false,"status":"UNAVAILABLE","source":"ndw"}},{"type":"Feature","geometry":{"type":"Point","coordinates":[4.825399,52.437103]},"properties":{"type":"charge","layer":"passenger","locationId":"3778814","name":"Laadnet Forlana","address":"Hoge Horn 57","city":"Zaandam","operatorName":"Laadnet","maxPowerKw":22,"isMegawatt":false,"status":"AVAILABLE","source":"ndw"}},{"type":"Feature","geometry":{"type":"Point","coordinates":[4.819081,52.443645]},"properties":{"type":"charge","layer":"passenger","locationId":"5171FB5F-E35D-4A3B-A23C-0B119A8CEBAF","name":"TNLP009462 - Behouden Haven 3, Zaandam","address":"3 Behouden Haven","city":"Zaandam","operatorName":"TotalEnergies","maxPowerKw":17,"isMegawatt":false,"status":"UNAVAILABLE","source":"ndw"}},{"type":"Feature","geometry":{"type":"Point","coordinates":[4.753722,52.499593]},"properties":{"type":"charge","layer":"passenger","locationId":"1c88ecd9-d60b-4989-ae32-2e6e6c212c56","name":"Leoniden","address":"Leoniden 6","city":"Krommenie","operatorName":"Vattenfall InCharge","maxPowerKw":11,"isMegawatt":false,"status":"AVAILABLE","source":"ndw","priceKwh":0.4316}},{"type":"Feature","geometry":{"type":"Point","coordinates":[4.823787,52.453242]},"properties":{"type":"charge","layer":"passenger","locationId":"2c4a81f2-1424-4d01-8769-9cfe867282c5","name":"Kon. Julianaweg","address":"Kon. Julianaweg 45","city":"Zaandam","operatorName":"Vattenfall InCharge","maxPowerKw":50,"isMegawatt":false,"status":"AVAILABLE","source":"ndw","priceKwh":0.46}},{"type":"Feature","geometry":{"type":"Point","coordinates":[4.73855,52.46209]},"properties":{"type":"charge","layer":"passenger","locationId":"C5AFD997-755A-4BF9-B0D4-97A90375F1E3","name":"PP004253 - Kralingen 1, Assendelft","address":"1 Kralingen","city":"Assendelft","operatorName":"TotalEnergies","maxPowerKw":11,"isMegawatt":false,"status":"AVAILABLE","source":"ndw"}},{"type":"Feature","geometry":{"type":"Point","coordinates":[4.765117,52.46316]},"properties":{"type":"charge","layer":"passenger","locationId":"D3A5CE8C-B6BD-4573-9F2A-34FC467E4341","name":"TNLP006971 - Jagerslust 2, Westzaan","address":"2 Jagerslust","city":"Westzaan","operatorName":"TotalEnergies","maxPowerKw":17,"isMegawatt":false,"status":"UNAVAILABLE","source":"ndw"}},{"type":"Feature","geometry":{"type":"Point","coordinates":[4.811283,52.43724]},"properties":{"type":"charge","layer":"passenger","locationId":"F7E04A45-B1F0-463D-B166-DD82007DA9D1","name":"TNLP009704 - Bossingschaaf 5, Zaandam","address":"5 Bossingschaaf","city":"Zaandam","operatorName":"TotalEnergies","maxPowerKw":15,"isMegawatt":false,"status":"AVAILABLE","source":"ndw"}},{"type":"Feature","geometry":{"type":"Point","coordinates":[4.750434,52.48564]},"properties":{"type":"charge","layer":"passenger","locationId":"FD74894A-8089-4D86-85F2-DCE81C5FDA48","name":"TNLP009232 - Gele Ring 24, Assendelft","address":"24 Gele Ring","city":"Assendelft","operatorName":"TotalEnergies","maxPowerKw":17,"isMegawatt":false,"status":"UNAVAILABLE","source":"ndw"}},{"type":"Feature","geometry":{"type":"Point","coordinates":[4.8048,52.45047]},"properties":{"type":"charge","layer":"passenger","locationId":"FEAF4ABC-C9A9-4857-A7A4-59B3C890E442","name":"TNLP006935 - Leerbroekstraat 2, Zaandam","address":"2 Leerbroekstraat","city":"Zaandam","operatorName":"TotalEnergies","maxPowerKw":17,"isMegawatt":false,"status":"UNAVAILABLE","source":"ndw"}},{"type":"Feature","geometry":{"type":"Point","coordinates":[4.792114,52.47566]},"properties":{"type":"charge","layer":"passenger","locationId":"9348269F-4A1A-4217-84A0-907B5CCD8B5C","name":"TNLP006172 - Maurice Ravèlstraat 74, Zaandijk","address":"74 Maurice Ravèlstraat","city":"Zaandijk","operatorName":"TotalEnergies","maxPowerKw":17,"isMegawatt":false,"status":"UNAVAILABLE","source":"ndw"}},{"type":"Feature","geometry":{"type":"Point","coordinates":[4.777107,52.465908]},"properties":{"type":"charge","layer":"passenger","locationId":"1EB18730-36DC-4C10-9571-56FDD7CCFEF9","name":"TNLP008351 - Jacobus van Waertstraat 53A, Westzaan","address":"53A Jacobus van Waertstraat","city":"Westzaan","operatorName":"TotalEnergies","maxPowerKw":13,"isMegawatt":false,"status":"UNAVAILABLE","source":"ndw"}},{"type":"Feature","geometry":{"type":"Point","coordinates":[4.8582,52.432735]},"properties":{"type":"charge","layer":"passenger","locationId":"7D60E431-10CA-46B5-B413-721ED0D68BD2","name":"PP005457 - Oost-Dorsch 10, Zaandam","address":"10 Oost-Dorsch","city":"Zaandam","operatorName":"TotalEnergies","maxPowerKw":11,"isMegawatt":false,"status":"UNAVAILABLE","source":"ndw"}},{"type":"Feature","geometry":{"type":"Point","coordinates":[4.81721,52.45414]},"properties":{"type":"charge","layer":"passenger","locationId":"27ce63e1-be55-44b7-83d1-b7679af89a2d","name":"PP001634 - Pro Patriastraat 15, Zaandam","address":"15 Pro Patriastraat","city":"Zaandam","operatorName":"TotalEnergies","maxPowerKw":11,"isMegawatt":false,"status":"CHARGING","source":"ndw"}},{"type":"Feature","geometry":{"type":"Point","coordinates":[4.826317,52.433163]},"properties":{"type":"charge","layer":"passenger","locationId":"C97BA9AB-7798-470E-B529-09119D7990FC","name":"TNLP008394 - Helgoland 7, Zaandam","address":"7 Helgoland","city":"Zaandam","operatorName":"TotalEnergies","maxPowerKw":14,"isMegawatt":false,"status":"AVAILABLE","source":"ndw"}},{"type":"Feature","geometry":{"type":"Point","coordinates":[4.805576,52.43509]},"properties":{"type":"charge","layer":"passenger","locationId":"B4D8BDD8-33AF-4BDD-A94B-DADC0976A63C","name":"TNLP009315 - Mandelastraat 17, Zaandam","address":"17 Mandelastraat","city":"Zaandam","operatorName":"TotalEnergies","maxPowerKw":15,"isMegawatt":false,"status":"UNAVAILABLE","source":"ndw"}},{"type":"Feature","geometry":{"type":"Point","coordinates":[4.836085,52.46775]},"properties":{"type":"charge","layer":"passenger","locationId":"28301B0F-2B7F-461C-927C-6037F669390A","name":"TNLP007862 - Drielse Wetering 84, Zaandam","address":"84 Drielse Wetering","city":"Zaandam","operatorName":"TotalEnergies","maxPowerKw":17,"isMegawatt":false,"status":"AVAILABLE","source":"ndw"}},{"type":"Feature","geometry":{"type":"Point","coordinates":[4.795703,52.46134]},"properties":{"type":"charge","layer":"passenger","locationId":"60C1DA94-2A2C-41DF-BE4D-46C42E84721D","name":"TNLP009117 - Mosakker 90, Koog Aan De Zaan","address":"90 Mosakker","city":"Koog Aan De Zaan","operatorName":"TotalEnergies","maxPowerKw":17,"isMegawatt":false,"status":"UNAVAILABLE","source":"ndw"}},{"type":"Feature","geometry":{"type":"Point","coordinates":[4.808977,52.476547]},"properties":{"type":"charge","layer":"passenger","locationId":"C685EF10-3190-4A99-B9AA-0B271BA9C97D","name":"TNLP009768 - Hazepad 39, Zaandijk","address":"39 Hazepad","city":"Zaandijk","operatorName":"TotalEnergies","maxPowerKw":17,"isMegawatt":false,"status":"UNAVAILABLE","source":"ndw"}},{"type":"Feature","geometry":{"type":"Point","coordinates":[4.798187,52.471058]},"properties":{"type":"charge","layer":"passenger","locationId":"d227fb1e5da390e5162af29dbbb06f54","name":"Butterkamp 3","address":"Butterkamp 3","city":"Zaandijk","operatorName":"Vattenfall InCharge","maxPowerKw":11,"isMegawatt":false,"status":"AVAILABLE","source":"ndw","priceKwh":0.2805}},{"type":"Feature","geometry":{"type":"Point","coordinates":[4.8021,52.46083]},"properties":{"type":"charge","layer":"passenger","locationId":"F2C4CFDE-ED98-48BA-8A3F-D06985E4A25A","name":"PP002611 - Glazenmakersveld 1, Koog aan de Zaan","address":"1 Glazenmakersveld","city":"Koog aan de Zaan","operatorName":"TotalEnergies","maxPowerKw":13,"isMegawatt":false,"status":"AVAILABLE","source":"ndw"}},{"type":"Feature","geometry":{"type":"Point","coordinates":[4.816143,52.440777]},"properties":{"type":"charge","layer":"passenger","locationId":"C7797ABF-4B68-4A5D-B368-658C74691466","name":"TNLP006798 - Vaartkade 20, Zaandam","address":"20 Vaartkade","city":"Zaandam","operatorName":"TotalEnergies","maxPowerKw":17,"isMegawatt":false,"status":"UNAVAILABLE","source":"ndw"}},{"type":"Feature","geometry":{"type":"Point","coordinates":[4.80195,52.489338]},"properties":{"type":"charge","layer":"passenger","locationId":"0B8FB9E7-73D8-4F81-8CE3-27A2920757A3","name":"TNLP006591 - Zaanweg 5, Wormerveer","address":"5 Zaanweg","city":"Wormerveer","operatorName":"TotalEnergies","maxPowerKw":17,"isMegawatt":false,"status":"UNAVAILABLE","source":"ndw"}},{"type":"Feature","geometry":{"type":"Point","coordinates":[4.802755,52.445465]},"properties":{"type":"charge","layer":"passenger","locationId":"422DD408-7007-45EF-BD53-66BB99FED08A","name":"TNLP009144 - Caro van Eyckstraat 1, Zaandam","address":"1 Caro van Eyckstraat","city":"Zaandam","operatorName":"TotalEnergies","maxPowerKw":17,"isMegawatt":false,"status":"UNAVAILABLE","source":"ndw"}},{"type":"Feature","geometry":{"type":"Point","coordinates":[4.8090886,52.4634109]},"properties":{"type":"charge","layer":"passenger","locationId":"1386","name":"Shell Recharge NL Verzetstraat 23","address":"Verzetstraat 23","city":"Koog aan de Zaan","operatorName":"Ubitricity","maxPowerKw":22,"isMegawatt":false,"status":"AVAILABLE","source":"ndw","priceKwh":0.267}},{"type":"Feature","geometry":{"type":"Point","coordinates":[4.75959,52.48717]},"properties":{"type":"charge","layer":"passenger","locationId":"168a05ca-7aa0-4638-9b47-ba126144518f","name":"PP001368 - Schepen 3, Assendelft","address":"3 Schepen","city":"Assendelft","operatorName":"TotalEnergies","maxPowerKw":11,"isMegawatt":false,"status":"UNAVAILABLE","source":"ndw"}},{"type":"Feature","geometry":{"type":"Point","coordinates":[4.821113,52.444146]},"properties":{"type":"charge","layer":"passenger","locationId":"6948f00c1c1c23cd7fa6da3f","name":"Westzijde","address":"Westzijde 126A","city":"Zaandam","operatorName":"E-Flux by Road","maxPowerKw":10,"isMegawatt":false,"status":"AVAILABLE","source":"ndw","priceKwh":0.43}},{"type":"Feature","geometry":{"type":"Point","coordinates":[4.82216,52.43779]},"properties":{"type":"charge","layer":"passenger","locationId":"A79C8BF7-DFC1-4024-A07B-1ACEA933B93B","name":"PP001318 - Golofkinstraat 82, Zaandam","address":"82 Golofkinstraat","city":"Zaandam","operatorName":"TotalEnergies","maxPowerKw":11,"isMegawatt":false,"status":"AVAILABLE","source":"ndw"}},{"type":"Feature","geometry":{"type":"Point","coordinates":[4.837309,52.43503]},"properties":{"type":"charge","layer":"passenger","locationId":"4EA444B1-988D-4662-BCBE-F43B36C25FA8","name":"TNLP009670 - Straat Davis 87, Zaandam","address":"87 Straat Davis","city":"Zaandam","operatorName":"TotalEnergies","maxPowerKw":15,"isMegawatt":false,"status":"AVAILABLE","source":"ndw"}},{"type":"Feature","geometry":{"type":"Point","coordinates":[4.842662,52.435154]},"properties":{"type":"charge","layer":"passenger","locationId":"767BD571-8949-42E2-B678-AD6AAAD89090","name":"TNLP009360 - Taxusstraat 20, Zaandam","address":"20 Taxusstraat","city":"Zaandam","operatorName":"TotalEnergies","maxPowerKw":17,"isMegawatt":false,"status":"UNAVAILABLE","source":"ndw"}},{"type":"Feature","geometry":{"type":"Point","coordinates":[4.82544,52.427624]},"properties":{"type":"charge","layer":"passenger","locationId":"9E026E1A-7B47-49B3-B4F2-60FC397416BD","name":"TNLP009392 - Pieter Ghijsenlaan 9, Zaandam","address":"9 Pieter Ghijsenlaan","city":"Zaandam","operatorName":"TotalEnergies","maxPowerKw":15,"isMegawatt":false,"status":"UNAVAILABLE","source":"ndw"}},{"type":"Feature","geometry":{"type":"Point","coordinates":[4.83632,52.43652]},"properties":{"type":"charge","layer":"passenger","locationId":"DFB62D31-D848-4359-AE92-4BBF89EF5561","name":"PP004262 - Burgemeester Ter Laanplantsoen 20, Zaandam","address":"20 Burgemeester Ter Laanplantsoen","city":"Zaandam","operatorName":"TotalEnergies","maxPowerKw":11,"isMegawatt":false,"status":"UNAVAILABLE","source":"ndw"}},{"type":"Feature","geometry":{"type":"Point","coordinates":[4.826261,52.458262]},"properties":{"type":"charge","layer":"passenger","locationId":"688779133ee15e3acd0ee356","name":"Echte Marjolein-laden I","address":"Augustusbloemweg 4","city":"Zaandam","operatorName":"E-Flux by Road","maxPowerKw":11,"isMegawatt":false,"status":"AVAILABLE","source":"ndw","priceKwh":0.33}},{"type":"Feature","geometry":{"type":"Point","coordinates":[4.828451,52.440266]},"properties":{"type":"charge","layer":"passenger","locationId":"cf10b858-a8dc-4818-8c4b-d0929c9e0ec3","name":"Klaas Katerstraat","address":"Klaas Katerstraat 2","city":"Zaandam","operatorName":"Vattenfall InCharge","maxPowerKw":11,"isMegawatt":false,"status":"UNAVAILABLE","source":"ndw","priceKwh":0.4316}},{"type":"Feature","geometry":{"type":"Point","coordinates":[4.79035,52.49387]},"properties":{"type":"charge","layer":"passenger","locationId":"3ed6f8e1-60e7-45ea-8bf2-33187d46c9b6","name":"PP001142 - Krommenieërpad 9, Wormerveer","address":"9 Krommenieërpad","city":"Wormerveer","operatorName":"TotalEnergies","maxPowerKw":11,"isMegawatt":false,"status":"UNAVAILABLE","source":"ndw"}},{"type":"Feature","geometry":{"type":"Point","coordinates":[4.773221,52.462473]},"properties":{"type":"charge","layer":"passenger","locationId":"62031694","name":"50five Ruikers","address":"Zeilenmakersstraat","city":"Westzaan","operatorName":"50five","maxPowerKw":17,"isMegawatt":false,"status":"UNAVAILABLE","source":"ndw"}},{"type":"Feature","geometry":{"type":"Point","coordinates":[4.794442,52.460791]},"properties":{"type":"charge","layer":"passenger","locationId":"NLLOC000681","name":"NLD, Koog aan de Zaan, Baanakker 1","address":"Baanakker 1","city":"Koog aan de Zaan","operatorName":"Allego","maxPowerKw":11,"isMegawatt":false,"status":"CHARGING","source":"ndw","priceKwh":0.511}},{"type":"Feature","geometry":{"type":"Point","coordinates":[4.748393,52.469201]},"properties":{"type":"charge","layer":"passenger","locationId":"8f336d1b67ec76f1dd8a1440e4d147d3","name":"Broersmarken 8","address":"Broersmarken 8","city":"Assendelft","operatorName":"Vattenfall InCharge","maxPowerKw":11,"isMegawatt":false,"status":"AVAILABLE","source":"ndw","priceKwh":0.4316}},{"type":"Feature","geometry":{"type":"Point","coordinates":[4.80361,52.48531]},"properties":{"type":"charge","layer":"passenger","locationId":"27C64B9B-E37C-4302-9A83-34B37F01E4B0","name":"TNLP009516 - Bilitonkade 31, Wormerveer","address":"31 Bilitonkade","city":"Wormerveer","operatorName":"TotalEnergies","maxPowerKw":17,"isMegawatt":false,"status":"UNAVAILABLE","source":"ndw"}},{"type":"Feature","geometry":{"type":"Point","coordinates":[4.814551,52.451492]},"properties":{"type":"charge","layer":"passenger","locationId":"46B5F82B-7D5D-420A-B9CE-4213C65750AE","name":"PP004036 - Rembrandtstraat 21C, Zaandam","address":"21C Rembrandtstraat","city":"Zaandam","operatorName":"TotalEnergies","maxPowerKw":11,"isMegawatt":false,"status":"UNAVAILABLE","source":"ndw"}},{"type":"Feature","geometry":{"type":"Point","coordinates":[4.822171,52.452866]},"properties":{"type":"charge","layer":"passenger","locationId":"5AC83141-7382-472E-A878-A3612969DF75","name":"TNLP006904 - Koning Davidstraat 65, Zaandam","address":"65 Koning Davidstraat","city":"Zaandam","operatorName":"TotalEnergies","maxPowerKw":17,"isMegawatt":false,"status":"UNAVAILABLE","source":"ndw"}},{"type":"Feature","geometry":{"type":"Point","coordinates":[4.757888,52.487764]},"properties":{"type":"charge","layer":"passenger","locationId":"d882f10f63a2779f713ab422fba1f429","name":"Dorpsstraat 865","address":"Dorpsstraat 865","city":"Assendelft","operatorName":"Vattenfall InCharge","maxPowerKw":11,"isMegawatt":false,"status":"AVAILABLE","source":"ndw","priceKwh":0.2805}},{"type":"Feature","geometry":{"type":"Point","coordinates":[4.835458,52.43738]},"properties":{"type":"charge","layer":"passenger","locationId":"639E7E8F-B81F-431B-8EE9-5A515A2EB6AD","name":"TNLP007950 - Pieter Pauwstraat 96, Zaandam","address":"96 Pieter Pauwstraat","city":"Zaandam","operatorName":"TotalEnergies","maxPowerKw":17,"isMegawatt":false,"status":"UNAVAILABLE","source":"ndw"}},{"type":"Feature","geometry":{"type":"Point","coordinates":[4.75282,52.498202]},"properties":{"type":"charge","layer":"passenger","locationId":"59fbee866e01e440f36eda414e551a76","name":"Tritonlaan 19","address":"Tritonlaan 19","city":"Krommenie","operatorName":"Vattenfall InCharge","maxPowerKw":11,"isMegawatt":false,"status":"AVAILABLE","source":"ndw","priceKwh":0.2805}},{"type":"Feature","geometry":{"type":"Point","coordinates":[4.798799,52.457564]},"properties":{"type":"charge","layer":"passenger","locationId":"478223a3-01be-4e21-8d41-66288199daf6","name":"Molenwerf","address":"Molenwerf 11","city":"Koog aan de Zaan","operatorName":"Vattenfall InCharge","maxPowerKw":11,"isMegawatt":false,"status":"AVAILABLE","source":"ndw","priceKwh":0.4316}},{"type":"Feature","geometry":{"type":"Point","coordinates":[4.82931,52.466292]},"properties":{"type":"charge","layer":"passenger","locationId":"3db730ff-b175-47b4-9c2b-1ad75a43b694","name":"Buinerdiep","address":"Buinerdiep 8","city":"Zaandam","operatorName":"Vattenfall InCharge","maxPowerKw":11,"isMegawatt":false,"status":"UNAVAILABLE","source":"ndw","priceKwh":0.4316}},{"type":"Feature","geometry":{"type":"Point","coordinates":[4.805335,52.439269]},"properties":{"type":"charge","layer":"passenger","locationId":"0dcb15308e706eba101f08af2c29e89c","name":"Symfonie 1","address":"Symfonie 1","city":"Zaandam","operatorName":"Vattenfall InCharge","maxPowerKw":11,"isMegawatt":false,"status":"AVAILABLE","source":"ndw","priceKwh":0.2805}},{"type":"Feature","geometry":{"type":"Point","coordinates":[4.791003,52.474556]},"properties":{"type":"charge","layer":"passenger","locationId":"595DBB61-C644-49A6-AFAC-19A1E4A0810A","name":"TNLP034508 - Igor Strawinskystraat 39, Zaandijk","address":"39 Igor Strawinskystraat","city":"Zaandijk","operatorName":"TotalEnergies","maxPowerKw":13,"isMegawatt":false,"status":"UNAVAILABLE","source":"ndw"}},{"type":"Feature","geometry":{"type":"Point","coordinates":[4.76021,52.49853]},"properties":{"type":"charge","layer":"passenger","locationId":"0075DFD1-29A2-4948-911B-A94F1BE4E9A8","name":"PP005652 - Fortuinlaan 59, Krommenie","address":"59 Fortuinlaan","city":"Krommenie","operatorName":"TotalEnergies","maxPowerKw":11,"isMegawatt":false,"status":"UNAVAILABLE","source":"ndw"}},{"type":"Feature","geometry":{"type":"Point","coordinates":[4.767736,52.500902]},"properties":{"type":"charge","layer":"passenger","locationId":"487b944bed60f12682fd84411b892894","name":"Durghorstplantsoen 25","address":"Durghorstplantsoen 25","city":"Krommenie","operatorName":"Vattenfall InCharge","maxPowerKw":11,"isMegawatt":false,"status":"AVAILABLE","source":"ndw","priceKwh":0.2805}},{"type":"Feature","geometry":{"type":"Point","coordinates":[4.73789,52.46345]},"properties":{"type":"charge","layer":"passenger","locationId":"8b8e67daf1b53b5705b1f418bc169bcc","name":"Dorpsstraat 318","address":"Dorpsstraat 318","city":"Assendelft","operatorName":"Vattenfall InCharge","maxPowerKw":11,"isMegawatt":false,"status":"AVAILABLE","source":"ndw","priceKwh":0.2805}},{"type":"Feature","geometry":{"type":"Point","coordinates":[4.762733,52.484917]},"properties":{"type":"charge","layer":"passenger","locationId":"C9065848-35B3-4DBA-9863-A59552767EB0","name":"TNLP006065 - Schotvanger 1, Assendelft","address":"1 Schotvanger","city":"Assendelft","operatorName":"TotalEnergies","maxPowerKw":17,"isMegawatt":false,"status":"UNAVAILABLE","source":"ndw"}},{"type":"Feature","geometry":{"type":"Point","coordinates":[4.84949,52.44324]},"properties":{"type":"charge","layer":"passenger","locationId":"51de6c33-35a4-412a-b505-7a393673539f","name":"PP001537 - Galjoenstraat 3, Zaandam","address":"3 Galjoenstraat","city":"Zaandam","operatorName":"TotalEnergies","maxPowerKw":11,"isMegawatt":false,"status":"CHARGING","source":"ndw"}},{"type":"Feature","geometry":{"type":"Point","coordinates":[4.8404,52.43108]},"properties":{"type":"charge","layer":"passenger","locationId":"e37c76a3-02f0-4b8c-9cf7-0526037fc1ac","name":"PP001637 - Pieter Jelles Troelstralaan 14, Zaandam","address":"14 Pieter Jelles Troelstralaan","city":"Zaandam","operatorName":"TotalEnergies","maxPowerKw":11,"isMegawatt":false,"status":"CHARGING","source":"ndw"}},{"type":"Feature","geometry":{"type":"Point","coordinates":[4.844422,52.470472]},"properties":{"type":"charge","layer":"passenger","locationId":"7ff46a1d7c2e4495380024ecd6446281","name":"Selzerbeek  1","address":"Selzerbeek  1","city":"Zaandam","operatorName":"Vattenfall InCharge","maxPowerKw":11,"isMegawatt":false,"status":"AVAILABLE","source":"ndw","priceKwh":0.2805}},{"type":"Feature","geometry":{"type":"Point","coordinates":[4.752057,52.503276]},"properties":{"type":"charge","layer":"passenger","locationId":"7d0e4e7a8f68e6483c18c90974dc8ddf","name":"Uranuslaan 156","address":"Uranuslaan 156","city":"Krommenie","operatorName":"Vattenfall InCharge","maxPowerKw":11,"isMegawatt":false,"status":"AVAILABLE","source":"ndw","priceKwh":0.2805}},{"type":"Feature","geometry":{"type":"Point","coordinates":[4.76766,52.4967]},"properties":{"type":"charge","layer":"passenger","locationId":"45E4F5C5-5920-40B7-9AC8-CC05E6732EA2","name":"PP005303 - Weiver 1, Krommenie","address":"1 Weiver","city":"Krommenie","operatorName":"TotalEnergies","maxPowerKw":11,"isMegawatt":false,"status":"UNAVAILABLE","source":"ndw"}},{"type":"Feature","geometry":{"type":"Point","coordinates":[4.828664,52.47084]},"properties":{"type":"charge","layer":"passenger","locationId":"4889B6A2-4B43-422D-A0D5-770BD8836616","name":"TNLP007116 - Haaldersbroek 2, Zaandam","address":"2 Haaldersbroek","city":"Zaandam","operatorName":"TotalEnergies","maxPowerKw":17,"isMegawatt":false,"status":"UNAVAILABLE","source":"ndw"}},{"type":"Feature","geometry":{"type":"Point","coordinates":[4.800982,52.45248]},"properties":{"type":"charge","layer":"passenger","locationId":"f4a30adb-c574-4283-8c53-4a16ca9eec9d","name":"Torenveen","address":"Torenveen 2","city":"Zaandam","operatorName":"Vattenfall InCharge","maxPowerKw":11,"isMegawatt":false,"status":"CHARGING","source":"ndw","priceKwh":0.4316}},{"type":"Feature","geometry":{"type":"Point","coordinates":[4.823602,52.46597]},"properties":{"type":"charge","layer":"passenger","locationId":"74592F1C-59DD-4A08-A7F3-B907746B2E37","name":"TNLP007618 - De Kuil 6, Zaandam","address":"6 De Kuil","city":"Zaandam","operatorName":"TotalEnergies","maxPowerKw":17,"isMegawatt":false,"status":"UNAVAILABLE","source":"ndw"}},{"type":"Feature","geometry":{"type":"Point","coordinates":[4.806431,52.459988]},"properties":{"type":"charge","layer":"passenger","locationId":"875EF2DE-5058-4E7A-88D1-2258AB854812","name":"TNLP009765 - Hyacintstraat 60, Koog Aan De Zaan","address":"60 Hyacintstraat","city":"Koog Aan De Zaan","operatorName":"TotalEnergies","maxPowerKw":17,"isMegawatt":false,"status":"UNAVAILABLE","source":"ndw"}},{"type":"Feature","geometry":{"type":"Point","coordinates":[4.746586,52.49302]},"properties":{"type":"charge","layer":"passenger","locationId":"9D4A645D-20D9-4A1A-B547-738A24571CC4","name":"TNLP009498 - jubelpark 13, Assendelft","address":"13 jubelpark","city":"Assendelft","operatorName":"TotalEnergies","maxPowerKw":17,"isMegawatt":false,"status":"UNAVAILABLE","source":"ndw"}},{"type":"Feature","geometry":{"type":"Point","coordinates":[4.754341,52.502792]},"properties":{"type":"charge","layer":"passenger","locationId":"FBC9CF1F-86FC-47E0-B404-3D57D4A33952","name":"TNLP009714 - Kleine Beer 143, Krommenie","address":"143 Kleine Beer","city":"Krommenie","operatorName":"TotalEnergies","maxPowerKw":15,"isMegawatt":false,"status":"AVAILABLE","source":"ndw"}},{"type":"Feature","geometry":{"type":"Point","coordinates":[4.813332,52.4417]},"properties":{"type":"charge","layer":"passenger","locationId":"344B95F0-6952-4E79-9A62-FC2ADDA3C920","name":"TNLP007877 - Provincialeweg 180, Zaandam","address":"180 Provincialeweg","city":"Zaandam","operatorName":"TotalEnergies","maxPowerKw":15,"isMegawatt":false,"status":"AVAILABLE","source":"ndw"}},{"type":"Feature","geometry":{"type":"Point","coordinates":[4.801345,52.463436]},"properties":{"type":"charge","layer":"passenger","locationId":"4FABE9AA-2B77-4D29-8AA2-301C984298FB","name":"TNLP007273 - Brouwersveld 23, Koog Aan De Zaan","address":"23 Brouwersveld","city":"Koog Aan De Zaan","operatorName":"TotalEnergies","maxPowerKw":17,"isMegawatt":false,"status":"UNAVAILABLE","source":"ndw"}},{"type":"Feature","geometry":{"type":"Point","coordinates":[4.74744,52.48956]},"properties":{"type":"charge","layer":"passenger","locationId":"83D24957-3A01-461E-BDF1-ABA0B183C219","name":"PP001684 - H.P. Berlagestraat 117, Assendelft","address":"117 H.P. Berlagestraat","city":"Assendelft","operatorName":"TotalEnergies","maxPowerKw":11,"isMegawatt":false,"status":"AVAILABLE","source":"ndw"}},{"type":"Feature","geometry":{"type":"Point","coordinates":[4.810772,52.472073]},"properties":{"type":"charge","layer":"passenger","locationId":"8FA933CA-BBB1-44A5-BD1C-1DFC8752A0DD","name":"TNLP006239 - Bredenhofstraat 2, Zaandijk","address":"2 Bredenhofstraat","city":"Zaandijk","operatorName":"TotalEnergies","maxPowerKw":17,"isMegawatt":false,"status":"UNAVAILABLE","source":"ndw"}},{"type":"Feature","geometry":{"type":"Point","coordinates":[4.805633,52.474434]},"properties":{"type":"charge","layer":"passenger","locationId":"90080F80-3CC4-42EF-A17D-E5A7B8A5216B","name":"PP005284 - Prunuslaan 80-84, Zaandijk","address":"80-84 Prunuslaan","city":"Zaandijk","operatorName":"TotalEnergies","maxPowerKw":11,"isMegawatt":false,"status":"UNAVAILABLE","source":"ndw"}},{"type":"Feature","geometry":{"type":"Point","coordinates":[4.81033,52.46722]},"properties":{"type":"charge","layer":"passenger","locationId":"900A8A92-11D5-4BE7-AD98-E428BB2AE670","name":"TNLP008400 - Jan Bestevaerstraat 59, Koog aan de Zaan","address":"59 Jan Bestevaerstraat","city":"Koog aan de Zaan","operatorName":"TotalEnergies","maxPowerKw":14,"isMegawatt":false,"status":"AVAILABLE","source":"ndw"}},{"type":"Feature","geometry":{"type":"Point","coordinates":[4.820036,52.449345]},"properties":{"type":"charge","layer":"passenger","locationId":"AFBA2D6D-F003-4799-83F4-37DD78542E42","name":"PP005240 - Westzijde 258, Zaandam","address":"258 Westzijde","city":"Zaandam","operatorName":"TotalEnergies","maxPowerKw":11,"isMegawatt":false,"status":"UNAVAILABLE","source":"ndw"}},{"type":"Feature","geometry":{"type":"Point","coordinates":[4.807675,52.471511]},"properties":{"type":"charge","layer":"passenger","locationId":"0ee966fb258f27d5702b57337725fa81","name":"Parklaan 11","address":"Parklaan 11","city":"Zaandijk","operatorName":"Vattenfall InCharge","maxPowerKw":11,"isMegawatt":false,"status":"AVAILABLE","source":"ndw","priceKwh":0.4316}},{"type":"Feature","geometry":{"type":"Point","coordinates":[4.745501,52.488705]},"properties":{"type":"charge","layer":"passenger","locationId":"4B1D25BD-02C0-44D2-AC2D-44EF1FDB4E44","name":"TNLP009090 - Kwelderland 4, Assendelft","address":"4 Kwelderland","city":"Assendelft","operatorName":"TotalEnergies","maxPowerKw":17,"isMegawatt":false,"status":"UNAVAILABLE","source":"ndw"}},{"type":"Feature","geometry":{"type":"Point","coordinates":[4.834228,52.436295]},"properties":{"type":"charge","layer":"passenger","locationId":"63B0966C-8D2E-4201-8CEA-1350FA58577A","name":"TNLP009362 - D. Doniastraat 36, Zaandam","address":"36 D. Doniastraat","city":"Zaandam","operatorName":"TotalEnergies","maxPowerKw":17,"isMegawatt":false,"status":"UNAVAILABLE","source":"ndw"}},{"type":"Feature","geometry":{"type":"Point","coordinates":[4.74246,52.491447]},"properties":{"type":"charge","layer":"passenger","locationId":"00D2CB56-5C6E-496B-8445-9F5CE6571B73","name":"TNLP009356 - Rietland 45, Assendelft","address":"45 Rietland","city":"Assendelft","operatorName":"TotalEnergies","maxPowerKw":17,"isMegawatt":false,"status":"UNAVAILABLE","source":"ndw"}},{"type":"Feature","geometry":{"type":"Point","coordinates":[4.84974,52.43604]},"properties":{"type":"charge","layer":"passenger","locationId":"35A91ED3-5D98-47B2-8FEB-7CD816C74ABF","name":"PP005316 - Jaspersstraat 20, Zaandam","address":"20 Jaspersstraat","city":"Zaandam","operatorName":"TotalEnergies","maxPowerKw":11,"isMegawatt":false,"status":"UNAVAILABLE","source":"ndw"}},{"type":"Feature","geometry":{"type":"Point","coordinates":[4.845916,52.436253]},"properties":{"type":"charge","layer":"passenger","locationId":"5E5C62AB-4C40-449C-BE9A-A9EBFC56F1D0","name":"TNLP006229 - De Weer 23, Zaandam","address":"23 De Weer","city":"Zaandam","operatorName":"TotalEnergies","maxPowerKw":15,"isMegawatt":false,"status":"AVAILABLE","source":"ndw"}},{"type":"Feature","geometry":{"type":"Point","coordinates":[4.805235,52.487175]},"properties":{"type":"charge","layer":"passenger","locationId":"6F0866A2-675D-49E3-9A87-A03470C34D35","name":"TNLP006159 - Celebesstraat 13, Wormerveer","address":"13 Celebesstraat","city":"Wormerveer","operatorName":"TotalEnergies","maxPowerKw":17,"isMegawatt":false,"status":"UNAVAILABLE","source":"ndw"}},{"type":"Feature","geometry":{"type":"Point","coordinates":[4.838963,52.426224]},"properties":{"type":"charge","layer":"passenger","locationId":"75E18441-E535-4EB2-8E0A-FCC059A1643A","name":"TNLP015238 - Zuiddijk 410, Zaandam","address":"410 Zuiddijk","city":"Zaandam","operatorName":"TotalEnergies","maxPowerKw":17,"isMegawatt":false,"status":"UNAVAILABLE","source":"ndw"}},{"type":"Feature","geometry":{"type":"Point","coordinates":[4.801828,52.478374]},"properties":{"type":"charge","layer":"passenger","locationId":"895B0E32-BBAD-4881-9B77-CE06EE7FAAD4","name":"TNLP009743 - Duke Ellingtonstraat 27, Zaandijk","address":"27 Duke Ellingtonstraat","city":"Zaandijk","operatorName":"TotalEnergies","maxPowerKw":17,"isMegawatt":false,"status":"UNAVAILABLE","source":"ndw"}},{"type":"Feature","geometry":{"type":"Point","coordinates":[4.797621,52.449356]},"properties":{"type":"charge","layer":"passenger","locationId":"8F96D5FE-9D05-4859-8615-3580A627231B","name":"TNLP008368 - J. Breebaardstraat 23, Zaandam","address":"23 J. Breebaardstraat","city":"Zaandam","operatorName":"TotalEnergies","maxPowerKw":13,"isMegawatt":false,"status":"UNAVAILABLE","source":"ndw"}},{"type":"Feature","geometry":{"type":"Point","coordinates":[4.782345,52.430187]},"properties":{"type":"charge","layer":"passenger","locationId":"9CCE6D78-C263-42A0-BDAC-0BD9A27953E7","name":"PP004154 - Veldweg 7, Westzaan","address":"7 Veldweg","city":"Westzaan","operatorName":"TotalEnergies","maxPowerKw":11,"isMegawatt":false,"status":"UNAVAILABLE","source":"ndw"}},{"type":"Feature","geometry":{"type":"Point","coordinates":[4.840978,52.467464]},"properties":{"type":"charge","layer":"passenger","locationId":"CDE8375B-10B8-4CD8-9E40-F91F6BC1B538","name":"TNLP007544 - Woud Wetering 1, Zaandam","address":"1 Woud Wetering","city":"Zaandam","operatorName":"TotalEnergies","maxPowerKw":17,"isMegawatt":false,"status":"UNAVAILABLE","source":"ndw"}},{"type":"Feature","geometry":{"type":"Point","coordinates":[4.76326,52.48289]},"properties":{"type":"charge","layer":"passenger","locationId":"EE20B38A-DB98-437F-9AB9-4CCEE07C0F3E","name":"PP004243 - Mediterraan 1, Assendelft","address":"1 Mediterraan","city":"Assendelft","operatorName":"TotalEnergies","maxPowerKw":11,"isMegawatt":false,"status":"UNAVAILABLE","source":"ndw"}},{"type":"Feature","geometry":{"type":"Point","coordinates":[4.750785,52.494724]},"properties":{"type":"charge","layer":"passenger","locationId":"0B43E502-D837-4B1D-9EE1-9E0B9A0429DF","name":"TNLP009503 - Keerspoor 13, Assendelft","address":"13 Keerspoor","city":"Assendelft","operatorName":"TotalEnergies","maxPowerKw":17,"isMegawatt":false,"status":"UNAVAILABLE","source":"ndw"}},{"type":"Feature","geometry":{"type":"Point","coordinates":[4.775173,52.508026]},"properties":{"type":"charge","layer":"passenger","locationId":"B0A9F0BB-2659-46D7-A775-03DAB2FC659A","name":"TNLP009575 - Graskarper 12, Krommenie","address":"12 Graskarper","city":"Krommenie","operatorName":"TotalEnergies","maxPowerKw":15,"isMegawatt":false,"status":"AVAILABLE","source":"ndw"}},{"type":"Feature","geometry":{"type":"Point","coordinates":[4.74779,52.487]},"properties":{"type":"charge","layer":"passenger","locationId":"B37F4355-D64E-460A-99CE-E526B4D7A273","name":"PP005427 - J.M. van der Meystraat 37, Assendelft","address":"37 J.M. van der Meystraat","city":"Assendelft","operatorName":"TotalEnergies","maxPowerKw":11,"isMegawatt":false,"status":"UNAVAILABLE","source":"ndw"}},{"type":"Feature","geometry":{"type":"Point","coordinates":[4.83865,52.46772]},"properties":{"type":"charge","layer":"passenger","locationId":"7c5e9021-b3d4-42a2-a046-483318f7f226","name":"PP001052 - Zwartemeer 1, Zaandam","address":"1 Zwartemeer","city":"Zaandam","operatorName":"TotalEnergies","maxPowerKw":11,"isMegawatt":false,"status":"AVAILABLE","source":"ndw"}},{"type":"Feature","geometry":{"type":"Point","coordinates":[4.821419,52.442105]},"properties":{"type":"charge","layer":"passenger","locationId":"f67bec750d8d8625bfc8414293a8895d","name":"Westzijde 39","address":"Westzijde 39","city":"Zaandam","operatorName":"Vattenfall InCharge","maxPowerKw":11,"isMegawatt":false,"status":"AVAILABLE","source":"ndw","priceKwh":0.4316}},{"type":"Feature","geometry":{"type":"Point","coordinates":[4.80993,52.45629]},"properties":{"type":"charge","layer":"passenger","locationId":"2123EE00-FB9A-4840-AAC3-EE92F6729D72","name":"PP004279 - Eendrachtstraat 1, Koog aan de Zaan","address":"1 Eendrachtstraat","city":"Koog aan de Zaan","operatorName":"TotalEnergies","maxPowerKw":11,"isMegawatt":false,"status":"UNAVAILABLE","source":"ndw"}},{"type":"Feature","geometry":{"type":"Point","coordinates":[4.771739,52.506397]},"properties":{"type":"charge","layer":"passenger","locationId":"2F2BB95B-AD78-424E-8289-D04B2A008CEB","name":"TNLP007409 - Atalanta 30, Krommenie","address":"30 Atalanta","city":"Krommenie","operatorName":"TotalEnergies","maxPowerKw":17,"isMegawatt":false,"status":"UNAVAILABLE","source":"ndw"}},{"type":"Feature","geometry":{"type":"Point","coordinates":[4.83476,52.43076]},"properties":{"type":"charge","layer":"passenger","locationId":"3C4E4925-3568-4474-97A9-6274C5D0913C","name":"PP005454 - Lindenlaan 2, Zaandam","address":"2 Lindenlaan","city":"Zaandam","operatorName":"TotalEnergies","maxPowerKw":11,"isMegawatt":false,"status":"UNAVAILABLE","source":"ndw"}},{"type":"Feature","geometry":{"type":"Point","coordinates":[4.832949,52.439384]},"properties":{"type":"charge","layer":"passenger","locationId":"40F2C7C0-4857-4A5E-923C-2293879ADB08","name":"TNLP008412 - Burgemeester van Ordenstraat 1, Zaandam","address":"1 Burgemeester van Ordenstraat","city":"Zaandam","operatorName":"TotalEnergies","maxPowerKw":13,"isMegawatt":false,"status":"UNAVAILABLE","source":"ndw"}},{"type":"Feature","geometry":{"type":"Point","coordinates":[4.78357,52.499554]},"properties":{"type":"charge","layer":"passenger","locationId":"59C8D11E-2A94-4EAF-866E-2FFA4AF2D872","name":"TNLP015137 - Lijsterstraat 144, Wormerveer","address":"144 Lijsterstraat","city":"Wormerveer","operatorName":"TotalEnergies","maxPowerKw":17,"isMegawatt":false,"status":"UNAVAILABLE","source":"ndw"}},{"type":"Feature","geometry":{"type":"Point","coordinates":[4.770514,52.497726]},"properties":{"type":"charge","layer":"passenger","locationId":"95A91202-9C61-4B12-AF4C-BF77A61148F4","name":"TNLP009565 - Julianastraat 6, Krommenie","address":"6 Julianastraat","city":"Krommenie","operatorName":"TotalEnergies","maxPowerKw":17,"isMegawatt":false,"status":"UNAVAILABLE","source":"ndw"}},{"type":"Feature","geometry":{"type":"Point","coordinates":[4.833804,52.458557]},"properties":{"type":"charge","layer":"passenger","locationId":"C990438C-6DDA-4C74-9F36-F9B31ADC2B2A","name":"TNLP007349 - Fluitekruidweg 273, Zaandam","address":"273 Fluitekruidweg","city":"Zaandam","operatorName":"TotalEnergies","maxPowerKw":17,"isMegawatt":false,"status":"UNAVAILABLE","source":"ndw"}},{"type":"Feature","geometry":{"type":"Point","coordinates":[4.773595,52.458645]},"properties":{"type":"charge","layer":"passenger","locationId":"CB0FDDF4-A815-4A05-A1D7-7FAB80143B74","name":"TNLP006678 - J.J. Allanstraat 316, Westzaan","address":"316 J.J. Allanstraat","city":"Westzaan","operatorName":"TotalEnergies","maxPowerKw":17,"isMegawatt":false,"status":"UNAVAILABLE","source":"ndw"}},{"type":"Feature","geometry":{"type":"Point","coordinates":[4.783427,52.498096]},"properties":{"type":"charge","layer":"passenger","locationId":"04682C4E-B72B-4774-9BEA-2C94CC1B3115","name":"TNLP015136 - Koekoekstraat 10, Wormerveer","address":"10 Koekoekstraat","city":"Wormerveer","operatorName":"TotalEnergies","maxPowerKw":17,"isMegawatt":false,"status":"UNAVAILABLE","source":"ndw"}},{"type":"Feature","geometry":{"type":"Point","coordinates":[4.837452,52.452774]},"properties":{"type":"charge","layer":"passenger","locationId":"14B1E0E4-FF15-4EAD-B4FE-A0597D1ADEE4","name":"TNLP009712 - Hoogaarslaan 50, Zaandam","address":"50 Hoogaarslaan","city":"Zaandam","operatorName":"TotalEnergies","maxPowerKw":17,"isMegawatt":false,"status":"UNAVAILABLE","source":"ndw"}},{"type":"Feature","geometry":{"type":"Point","coordinates":[4.768355,52.462296]},"properties":{"type":"charge","layer":"passenger","locationId":"6CAD4E0A-A339-4C23-9C28-E3A8E4A7F3F3","name":"TNLP009759 - Oranjeboomstraat 33, Westzaan","address":"33 Oranjeboomstraat","city":"Westzaan","operatorName":"TotalEnergies","maxPowerKw":17,"isMegawatt":false,"status":"UNAVAILABLE","source":"ndw"}},{"type":"Feature","geometry":{"type":"Point","coordinates":[4.810895,52.456276]},"properties":{"type":"charge","layer":"passenger","locationId":"A856C30A-99A4-4392-A3B7-2F5F98AF497A","name":"TNLP009521 - Zuideinde 22, Koog Aan De Zaan","address":"22 Zuideinde","city":"Koog Aan De Zaan","operatorName":"TotalEnergies","maxPowerKw":17,"isMegawatt":false,"status":"UNAVAILABLE","source":"ndw"}},{"type":"Feature","geometry":{"type":"Point","coordinates":[4.80417,52.46114]},"properties":{"type":"charge","layer":"passenger","locationId":"7764d3acbfb20c5a93cacca39dcb16be","name":"Matjesveld 26","address":"Matjesveld 26","city":"Koog aan de Zaan","operatorName":"Vattenfall InCharge","maxPowerKw":11,"isMegawatt":false,"status":"AVAILABLE","source":"ndw","priceKwh":0.2805}},{"type":"Feature","geometry":{"type":"Point","coordinates":[4.747211,52.486437]},"properties":{"type":"charge","layer":"passenger","locationId":"d98d4591-cf82-4b72-a160-603c402b0a24","name":"Parkrijklaan","address":"Parkrijklaan 70","city":"Assendelft","operatorName":"Vattenfall InCharge","maxPowerKw":11,"isMegawatt":false,"status":"AVAILABLE","source":"ndw","priceKwh":0.4316}},{"type":"Feature","geometry":{"type":"Point","coordinates":[4.742304,52.490444]},"properties":{"type":"charge","layer":"passenger","locationId":"4D082EBE-7B6F-4CC6-BFF8-BBC3D2A35D24","name":"PP005425 - Witte Ring 141, Assendelft","address":"141 Witte Ring","city":"Assendelft","operatorName":"TotalEnergies","maxPowerKw":11,"isMegawatt":false,"status":"UNAVAILABLE","source":"ndw"}},{"type":"Feature","geometry":{"type":"Point","coordinates":[4.846231,52.434788]},"properties":{"type":"charge","layer":"passenger","locationId":"A3C290EF-7543-4E33-AB86-F58644014F0E","name":"TNLP034018 - Hooiven 23, Zaandam","address":"23 Hooiven","city":"Zaandam","operatorName":"TotalEnergies","maxPowerKw":13,"isMegawatt":false,"status":"UNAVAILABLE","source":"ndw"}},{"type":"Feature","geometry":{"type":"Point","coordinates":[4.78141,52.43122]},"properties":{"type":"charge","layer":"passenger","locationId":"08415144-B20E-4DC2-A2C0-DEBB46023644","name":"TNLP007668 - Zuideinde 9, Westzaan","address":"9 Zuideinde","city":"Westzaan","operatorName":"TotalEnergies","maxPowerKw":17,"isMegawatt":false,"status":"UNAVAILABLE","source":"ndw"}},{"type":"Feature","geometry":{"type":"Point","coordinates":[4.76719,52.50071]},"properties":{"type":"charge","layer":"passenger","locationId":"7B6BABB1-E400-4B62-AFAD-DC308EA4D5B7","name":"TNLP006985 - Heiligeweg 28, Krommenie","address":"28 Heiligeweg","city":"Krommenie","operatorName":"TotalEnergies","maxPowerKw":17,"isMegawatt":false,"status":"UNAVAILABLE","source":"ndw"}},{"type":"Feature","geometry":{"type":"Point","coordinates":[4.745706,52.491604]},"properties":{"type":"charge","layer":"passenger","locationId":"C4E4D9B5-9E5F-42DA-8359-8B6998BFB620","name":"TNLP007095 - G.F. La Croixstraat 18, Assendelft","address":"18 G.F. La Croixstraat","city":"Assendelft","operatorName":"TotalEnergies","maxPowerKw":17,"isMegawatt":false,"status":"UNAVAILABLE","source":"ndw"}},{"type":"Feature","geometry":{"type":"Point","coordinates":[4.749956,52.493053]},"properties":{"type":"charge","layer":"passenger","locationId":"C747871C-562B-48E9-98D6-5F0B95C42E97","name":"TNLP008261 - Kaukasus 18, Assendelft","address":"18 Kaukasus","city":"Assendelft","operatorName":"TotalEnergies","maxPowerKw":13,"isMegawatt":false,"status":"UNAVAILABLE","source":"ndw"}},{"type":"Feature","geometry":{"type":"Point","coordinates":[4.750992,52.470865]},"properties":{"type":"charge","layer":"passenger","locationId":"91121266","name":"50five-S NL 07006026","address":"Pastoor Moniersstraat 1","city":"Assendelft","operatorName":"50five","maxPowerKw":11,"isMegawatt":false,"status":"UNAVAILABLE","source":"ndw"}},{"type":"Feature","geometry":{"type":"Point","coordinates":[4.8084,52.47951]},"properties":{"type":"charge","layer":"passenger","locationId":"15043255-F7B2-4023-983D-EBC6B1361D74","name":"TNLP009891 - Lagedijk 300, Zaandijk","address":"300 Lagedijk","city":"Zaandijk","operatorName":"TotalEnergies","maxPowerKw":17,"isMegawatt":false,"status":"UNAVAILABLE","source":"ndw"}},{"type":"Feature","geometry":{"type":"Point","coordinates":[4.818521,52.457634]},"properties":{"type":"charge","layer":"passenger","locationId":"1EFA7E2C-A9CB-459C-92F1-361487AB0C8E","name":"TNLP006138 - Veldbloemenweg 4, Zaandam","address":"4 Veldbloemenweg","city":"Zaandam","operatorName":"TotalEnergies","maxPowerKw":17,"isMegawatt":false,"status":"UNAVAILABLE","source":"ndw"}},{"type":"Feature","geometry":{"type":"Point","coordinates":[4.749592,52.472668]},"properties":{"type":"charge","layer":"passenger","locationId":"83B27516-E60A-4604-BD6C-8A75E07062BA","name":"TNLP007724 - Franciscanenstraat 85, Assendelft","address":"85 Franciscanenstraat","city":"Assendelft","operatorName":"TotalEnergies","maxPowerKw":17,"isMegawatt":false,"status":"UNAVAILABLE","source":"ndw"}},{"type":"Feature","geometry":{"type":"Point","coordinates":[4.743423,52.488327]},"properties":{"type":"charge","layer":"passenger","locationId":"9C1873BD-0636-4AB9-9470-A59D9825311C","name":"TNLP015101 - Akkerland 63, Assendelft","address":"63 Akkerland","city":"Assendelft","operatorName":"TotalEnergies","maxPowerKw":17,"isMegawatt":false,"status":"UNAVAILABLE","source":"ndw"}},{"type":"Feature","geometry":{"type":"Point","coordinates":[4.848596,52.440945]},"properties":{"type":"charge","layer":"passenger","locationId":"A8A7703D-3782-40C3-A7E2-A23A793A432A","name":"TNLP008090 - Thijssestraat 55, Zaandam","address":"55 Thijssestraat","city":"Zaandam","operatorName":"TotalEnergies","maxPowerKw":17,"isMegawatt":false,"status":"UNAVAILABLE","source":"ndw"}},{"type":"Feature","geometry":{"type":"Point","coordinates":[4.846553,52.442757]},"properties":{"type":"charge","layer":"passenger","locationId":"D5F6E3DA-FDD5-4407-8C2F-8889D4E5756A","name":"TNLP007115 - Galjoenstraat 83, Zaandam","address":"83 Galjoenstraat","city":"Zaandam","operatorName":"TotalEnergies","maxPowerKw":17,"isMegawatt":false,"status":"UNAVAILABLE","source":"ndw"}},{"type":"Feature","geometry":{"type":"Point","coordinates":[4.807954,52.442848]},"properties":{"type":"charge","layer":"passenger","locationId":"NLENV30","name":"Zaandam, Mahoniehout 10 - Zaanse Helden","address":"Mahoniehout 10","city":"Zaanstad","operatorName":"","maxPowerKw":11,"isMegawatt":false,"status":"AVAILABLE","source":"ndw","priceKwh":0.4}},{"type":"Feature","geometry":{"type":"Point","coordinates":[4.756656,52.483595]},"properties":{"type":"charge","layer":"passenger","locationId":"e1538597-2e77-402a-8006-639e9da91497","name":"Waterrijklaan","address":"Waterrijklaan 17","city":"Assendelft","operatorName":"Vattenfall InCharge","maxPowerKw":11,"isMegawatt":false,"status":"AVAILABLE","source":"ndw","priceKwh":0.4316}},{"type":"Feature","geometry":{"type":"Point","coordinates":[4.827839,52.43374]},"properties":{"type":"charge","layer":"passenger","locationId":"03CB6A0F-35CC-4DC2-AD34-14A5EA2B7193","name":"TNLP006121 - Halligen 16, Zaandam","address":"16 Halligen","city":"Zaandam","operatorName":"TotalEnergies","maxPowerKw":17,"isMegawatt":false,"status":"UNAVAILABLE","source":"ndw"}},{"type":"Feature","geometry":{"type":"Point","coordinates":[4.799001,52.462135]},"properties":{"type":"charge","layer":"passenger","locationId":"NLLOC000679","name":"NLD, Koog aan de zaan, Veeringveld 1","address":"Veeringveld 1","city":"Koog aan de zaan","operatorName":"Allego","maxPowerKw":11,"isMegawatt":false,"status":"AVAILABLE","source":"ndw","priceKwh":0.511}},{"type":"Feature","geometry":{"type":"Point","coordinates":[4.7938,52.49995]},"properties":{"type":"charge","layer":"passenger","locationId":"7ef132a0ba3c916f8caa95502a6ab426","name":"Noorddijk 41","address":"Noorddijk 41","city":"Wormerveer","operatorName":"Vattenfall InCharge","maxPowerKw":11,"isMegawatt":false,"status":"AVAILABLE","source":"ndw","priceKwh":0.2805}},{"type":"Feature","geometry":{"type":"Point","coordinates":[4.83113,52.44476]},"properties":{"type":"charge","layer":"passenger","locationId":"NLLOC000678","name":"NLD, Zaandam, Govert 't Hoenstraat 32","address":"Govert 't Hoenstraat 32","city":"Zaandam","operatorName":"Allego","maxPowerKw":11,"isMegawatt":false,"status":"AVAILABLE","source":"ndw","priceKwh":0.511}},{"type":"Feature","geometry":{"type":"Point","coordinates":[4.774211,52.507321]},"properties":{"type":"charge","layer":"passenger","locationId":"NLLOC000682","name":"NLD, Krommenie (zaanstad), Snoekbaars 2","address":"Snoekbaars 2","city":"Krommenie","operatorName":"Allego","maxPowerKw":11,"isMegawatt":false,"status":"AVAILABLE","source":"ndw","priceKwh":0.511}},{"type":"Feature","geometry":{"type":"Point","coordinates":[4.7551,52.48919]},"properties":{"type":"charge","layer":"passenger","locationId":"af847bb9-1774-4508-85eb-cc15cc2b4141","name":"PP001217 - Pluimgraaf 28, Assendelft","address":"28 Pluimgraaf","city":"Assendelft","operatorName":"TotalEnergies","maxPowerKw":11,"isMegawatt":false,"status":"UNAVAILABLE","source":"ndw"}},{"type":"Feature","geometry":{"type":"Point","coordinates":[4.805807,52.471329]},"properties":{"type":"charge","layer":"passenger","locationId":"272f7b3e-468d-46d6-b451-0124780747ef","name":"TNLP008564","address":"Parklaan 36","city":"Zaandijk","operatorName":"TotalEnergies","maxPowerKw":17,"isMegawatt":false,"status":"AVAILABLE","source":"ndw"}},{"type":"Feature","geometry":{"type":"Point","coordinates":[4.772812,52.512552]},"properties":{"type":"charge","layer":"passenger","locationId":"9b599977-4f0c-46bc-b296-ffcfbb6cd0b9","name":"Schaatsenrijder","address":"Schaatsenrijder 65","city":"Krommenie","operatorName":"Vattenfall InCharge","maxPowerKw":11,"isMegawatt":false,"status":"AVAILABLE","source":"ndw","priceKwh":0.4316}},{"type":"Feature","geometry":{"type":"Point","coordinates":[4.774149,52.429735]},"properties":{"type":"charge","layer":"freight","locationId":"657ac1ea849bc5001cdface4","name":"NXT Charge - Westzaan - Kleine Steng - DC","address":"Kleine Steng 8","city":"Westzaan","operatorName":"NXT Charging Solutions","maxPowerKw":460,"isMegawatt":false,"status":"AVAILABLE","source":"ndw","priceKwh":0.63,"freightKind":"hpc","freightReason":"power"}},{"type":"Feature","geometry":{"type":"Point","coordinates":[4.8119602,52.442455]},"properties":{"type":"charge","layer":"freight","locationId":"fuel:1506MB-provincialeweg47","name":"Lukoil Zaandam","address":"Provincialeweg 47","city":"Zaandam","operatorName":"Lukoil","maxPowerKw":0,"isMegawatt":false,"status":"UNKNOWN","source":"fuel","priceKwh":2.249,"freightKind":"dedicated","freightReason":"curated","fuel":{"euro95":2.249,"plus98":2.449,"diesel":2.279},"fuelPostal":"1506 MB","fuelUpdated":"2026-08-08T12:06:05.807Z"}},{"type":"Feature","geometry":{"type":"MultiPolygon","coordinates":[[[[4.752427381999972,52.521233093083886],[4.761226979383759,52.51855421174329],[4.763618760370652,52.519707598572886],[4.767026236550218,52.51886683757377],[4.7672025136459295,52.51975234980513],[4.775277901226462,52.51941603223778],[4.782475757600058,52.519581421291505],[4.784710115591761,52.51943695930951],[4.784970583234117,52.51942011543135],[4.78497085153382,52.51942010421094],[4.7898602156408545,52.51923636254765],[4.7887555021459915,52.511106169588714],[4.789750788300524,52.5094266263576],[4.793344981502522,52.50700468357168],[4.793997073934251,52.50328786216531],[4.794623695074228,52.50041403403873],[4.795077060144781,52.49621869171215],[4.793352750702992,52.49395018501667],[4.791588489857698,52.49214495665625],[4.792358244274017,52.4911320196167],[4.793642881086051,52.490882403655995],[4.798842298563064,52.49110565439374],[4.811565113521032,52.48574701233367],[4.812364248961421,52.48396792269236],[4.813868027575131,52.48346626905598],[4.814003926815402,52.483528176494914],[4.814614369208011,52.48321728851239],[4.815154122868377,52.48303798871607],[4.816844912023858,52.482561331168725],[4.827552961447696,52.480898476161876],[4.836924117568647,52.47987642627342],[4.837545939594363,52.477094247623974],[4.841535572927478,52.47302237987169],[4.842129665698544,52.47232621851238],[4.842374752856487,52.47212707442148],[4.842681378236412,52.471971239609964],[4.84647935872881,52.4707247632628],[4.852504338424099,52.470367443147246],[4.848567845360426,52.45956902923645],[4.8449238367181655,52.45648199797389],[4.84442638368199,52.452921708640076],[4.844089953082345,52.45276403661189],[4.842950356010052,52.45226113127866],[4.852932635648887,52.442957337433405],[4.853977346774454,52.44157840468145],[4.8557991483320535,52.43824787807421],[4.857090130941992,52.436466943206455],[4.857571494812492,52.435864601013336],[4.858121054765646,52.435056801820146],[4.860004848144988,52.43229284455185],[4.861762731437984,52.42968401041622],[4.862022791520943,52.4297694132843],[4.862055254792661,52.42984768676079],[4.862338884969649,52.42989967841908],[4.862361070844651,52.42984894252534],[4.862416133247487,52.42982180097784],[4.862590147086719,52.42978612912969],[4.862623527920764,52.42979024852161],[4.862641663441166,52.429837143652904],[4.862676803188224,52.42994154690644],[4.862804365584229,52.42962279819954],[4.8627014386216185,52.42959951412249],[4.862210540358119,52.42856239478249],[4.857946923483983,52.42471732257576],[4.857828691768407,52.42398418320322],[4.859857047540775,52.42047390168223],[4.8560773410033695,52.41666236341405],[4.842637291585746,52.41879872664509],[4.827723025330919,52.42078428199142],[4.826606003019188,52.420921197186544],[4.809938924768416,52.42302437888131],[4.783479751810193,52.42641354962286],[4.767537272166605,52.42849826827925],[4.764755486855397,52.427777764144366],[4.753204562109355,52.42924105200529],[4.750084795164417,52.429636693682454],[4.739207509864497,52.431063954001914],[4.7219825305461445,52.43333626450937],[4.710965173147709,52.43619437037089],[4.6908132425165014,52.44687697855675],[4.674847564537356,52.45552044141981],[4.6829992467800015,52.461132174955445],[4.684586951957288,52.46222518481346],[4.6850689019631035,52.462556856206234],[4.684265851680919,52.463521096547105],[4.685145815537968,52.463661909739265],[4.690080545860593,52.46562476340117],[4.694608933061765,52.468082162579464],[4.697818150056524,52.47103392986658],[4.697279707057803,52.47201000478253],[4.69927828266801,52.474532803921655],[4.698734445474187,52.477137069420166],[4.700728504753783,52.48023690354333],[4.705471563730988,52.48185638400344],[4.706158161291381,52.482839616248185],[4.7059058241868605,52.48444327127311],[4.707968416577645,52.4863326080833],[4.708444560427533,52.48862585455195],[4.714644929958434,52.49319524436125],[4.720366589426021,52.49495413793688],[4.7207511959571065,52.49505269075834],[4.731576679758567,52.496331702216004],[4.739891998997095,52.50170803382296],[4.746372378495781,52.506097959887434],[4.748409830885378,52.50766195206156],[4.750673469270755,52.50829127310315],[4.752767195031336,52.510592237928726],[4.752253128396965,52.51107991073001],[4.748458205990691,52.51498239246731],[4.748252657575545,52.51531683609251],[4.748141865419619,52.517055359626895],[4.748275511598907,52.51746912094173],[4.749728002291831,52.520075040969346],[4.752427381999972,52.521233093083886]]]]},"properties":{"type":"boundary","gemeente":"Zaanstad","code":"GM0479"}}]}