{"type":"FeatureCollection","metadata":{"gemeente":"Zeist","slug":"zeist","code":"GM0355","generated_at":"2026-08-08T12:05:52.020Z","total_passenger":354,"total_freight":0,"bounds":[5.192751476116649,52.05864666990405,5.332608228965326,52.17125147794284],"operators":["50five","DAEN Mobility","E-Flux by Road","E.ON Drive","Eneco","Greenchoice B.V.","Laadnet","Opcharge","Pluq","PowerGo","Shell Recharge","Streetplug","TotalEnergies","Ubitricity","Van Leeuwen","Vattenfall InCharge","e-VOLTT"]},"features":[{"type":"Feature","geometry":{"type":"Point","coordinates":[5.21141,52.08918]},"properties":{"type":"charge","layer":"passenger","locationId":"5A74B0A8-4349-4E78-BD94-7A4D2821D566","name":"Eneco eMobility Nefkens Zeist - Pijlstaartlaan 1 - Zeist","address":"Pijlstaartlaan 1","city":"Zeist","operatorName":"Eneco","maxPowerKw":22,"isMegawatt":false,"status":"AVAILABLE","source":"ndw","priceKwh":0.6}},{"type":"Feature","geometry":{"type":"Point","coordinates":[5.2288,52.08122]},"properties":{"type":"charge","layer":"passenger","locationId":"101","name":"Shell Recharge NL Van Renesselaan 86","address":"Van Renesselaan 86","city":"Zeist","operatorName":"Ubitricity","maxPowerKw":11,"isMegawatt":false,"status":"AVAILABLE","source":"ndw","priceKwh":0.392}},{"type":"Feature","geometry":{"type":"Point","coordinates":[5.3190741,52.0790362]},"properties":{"type":"charge","layer":"passenger","locationId":"1933","name":"Shell Recharge NL Rutger Loenenweg 2","address":"Rutger Loenenweg 2","city":"Austerlitz","operatorName":"Ubitricity","maxPowerKw":22,"isMegawatt":false,"status":"AVAILABLE","source":"ndw","priceKwh":0.267}},{"type":"Feature","geometry":{"type":"Point","coordinates":[5.236851,52.09372]},"properties":{"type":"charge","layer":"passenger","locationId":"E2D4355B-6C5A-4843-B3BC-246F78744A98","name":"TNLP007770 - Jacob van Lennepplein 9, Zeist","address":"9 Jacob van Lennepplein","city":"Zeist","operatorName":"TotalEnergies","maxPowerKw":17,"isMegawatt":false,"status":"AVAILABLE","source":"ndw"}},{"type":"Feature","geometry":{"type":"Point","coordinates":[5.21454,52.08562]},"properties":{"type":"charge","layer":"passenger","locationId":"88923CF5-7CA4-45D8-A2DB-C6ACDA25D629","name":"PP005367 - Waterhoenlaan 1, Zeist","address":"1 Waterhoenlaan","city":"Zeist","operatorName":"TotalEnergies","maxPowerKw":11,"isMegawatt":false,"status":"AVAILABLE","source":"ndw"}},{"type":"Feature","geometry":{"type":"Point","coordinates":[5.216766,52.092815]},"properties":{"type":"charge","layer":"passenger","locationId":"F4AD6A77-D5E7-4DD5-8F67-CABD19F853CF","name":"TNLP009754 - Crosestein 4203, Zeist","address":"4203 Crosestein","city":"Zeist","operatorName":"TotalEnergies","maxPowerKw":17,"isMegawatt":false,"status":"AVAILABLE","source":"ndw"}},{"type":"Feature","geometry":{"type":"Point","coordinates":[5.256505,52.112578]},"properties":{"type":"charge","layer":"passenger","locationId":"922970","name":"DAE_NL_2000777 (P2)","address":"Amersfoortseweg 18","city":"Huis ter Heide","operatorName":"DAEN Mobility","maxPowerKw":11,"isMegawatt":false,"status":"AVAILABLE","source":"ndw","priceKwh":0.45}},{"type":"Feature","geometry":{"type":"Point","coordinates":[5.25318,52.10416]},"properties":{"type":"charge","layer":"passenger","locationId":"5190","name":"Shell Recharge NL9201 - Gamma Zeist","address":"Dijnselburgerlaan 10","city":"Zeist","operatorName":"Shell Recharge","maxPowerKw":150,"isMegawatt":false,"status":"AVAILABLE","source":"ndw","priceKwh":0.7025}},{"type":"Feature","geometry":{"type":"Point","coordinates":[5.23786,52.09565]},"properties":{"type":"charge","layer":"passenger","locationId":"0866F0C5-87C8-4CF0-947E-61A270CAC86D","name":"PP001583 - Van der Merschlaan 37, Zeist","address":"37 Van der Merschlaan","city":"Zeist","operatorName":"TotalEnergies","maxPowerKw":17,"isMegawatt":false,"status":"AVAILABLE","source":"ndw"}},{"type":"Feature","geometry":{"type":"Point","coordinates":[5.24913,52.09927]},"properties":{"type":"charge","layer":"passenger","locationId":"5EF5C52F-5B36-4B72-A381-CB13A4713B39","name":"PP005355 - Borneolaan 1, Zeist","address":"1 Borneolaan","city":"Zeist","operatorName":"TotalEnergies","maxPowerKw":11,"isMegawatt":false,"status":"AVAILABLE","source":"ndw"}},{"type":"Feature","geometry":{"type":"Point","coordinates":[5.2299775,52.0957231]},"properties":{"type":"charge","layer":"passenger","locationId":"872","name":"Shell Recharge NL Schermerslaan 118","address":"Schermerslaan 118","city":"Zeist","operatorName":"Ubitricity","maxPowerKw":22,"isMegawatt":false,"status":"AVAILABLE","source":"ndw","priceKwh":0.267}},{"type":"Feature","geometry":{"type":"Point","coordinates":[5.245094,52.078329]},"properties":{"type":"charge","layer":"passenger","locationId":"OST22P0060_0004_0","name":"OST22P0060_0004_0","address":"Sparrenheuvel 36","city":"Zeist","operatorName":"e-VOLTT","maxPowerKw":19,"isMegawatt":false,"status":"AVAILABLE","source":"ndw","priceKwh":0.537}},{"type":"Feature","geometry":{"type":"Point","coordinates":[5.25358,52.08811]},"properties":{"type":"charge","layer":"passenger","locationId":"F1CB9BD3-AFE3-4846-9D15-FF7B84602DE4","name":"PP001708 - Boslaan 15, Zeist","address":"15 Boslaan","city":"Zeist","operatorName":"TotalEnergies","maxPowerKw":11,"isMegawatt":false,"status":"AVAILABLE","source":"ndw"}},{"type":"Feature","geometry":{"type":"Point","coordinates":[5.227021,52.084194]},"properties":{"type":"charge","layer":"passenger","locationId":"D4A4ECC4-3977-484A-B4FC-89BB69405C80","name":"TNLP007493 - De Brink 40, Zeist","address":"40 De Brink","city":"Zeist","operatorName":"TotalEnergies","maxPowerKw":17,"isMegawatt":false,"status":"AVAILABLE","source":"ndw"}},{"type":"Feature","geometry":{"type":"Point","coordinates":[5.240099,52.13953]},"properties":{"type":"charge","layer":"passenger","locationId":"F99B7BFC-75FD-4557-A1FC-724733FEDC1D","name":"TNLP007203 - Paduaweg 3, Den Dolder","address":"3 Paduaweg","city":"Den Dolder","operatorName":"TotalEnergies","maxPowerKw":17,"isMegawatt":false,"status":"AVAILABLE","source":"ndw"}},{"type":"Feature","geometry":{"type":"Point","coordinates":[5.236805,52.14349]},"properties":{"type":"charge","layer":"passenger","locationId":"F1DE1A9B-84CA-44E9-8C22-7C3B0B382B6B","name":"TNLP006383 - Dr. Van der Hoevenlaan 27, Den Dolder","address":"27 Dr. Van der Hoevenlaan","city":"Den Dolder","operatorName":"TotalEnergies","maxPowerKw":17,"isMegawatt":false,"status":"CHARGING","source":"ndw"}},{"type":"Feature","geometry":{"type":"Point","coordinates":[5.237006,52.07809]},"properties":{"type":"charge","layer":"passenger","locationId":"fd97efdf-4975-4c8b-9c8c-bfb0272a866c","name":"Laadplein - TNLP006660 - Zinzendorflaan 2, Zeist","address":"2 Zinzendorflaan","city":"Zeist","operatorName":"TotalEnergies","maxPowerKw":17,"isMegawatt":false,"status":"AVAILABLE","source":"ndw"}},{"type":"Feature","geometry":{"type":"Point","coordinates":[5.245512,52.085743]},"properties":{"type":"charge","layer":"passenger","locationId":"8c7d0e59-2d8f-497f-bd00-adcb86289d4b","name":"TNLP006529 - Huydecoperweg 9, Zeist","address":"9 Huydecoperweg","city":"Zeist","operatorName":"TotalEnergies","maxPowerKw":17,"isMegawatt":false,"status":"AVAILABLE","source":"ndw"}},{"type":"Feature","geometry":{"type":"Point","coordinates":[5.23271,52.13852]},"properties":{"type":"charge","layer":"passenger","locationId":"8AF43024-66EF-41F9-A8E2-35E4554CBC9A","name":"PP004105 - Willem Arntszlaan 115, Den Dolder","address":"115 Willem Arntszlaan","city":"Den Dolder","operatorName":"TotalEnergies","maxPowerKw":11,"isMegawatt":false,"status":"UNAVAILABLE","source":"ndw"}},{"type":"Feature","geometry":{"type":"Point","coordinates":[5.26604,52.07684]},"properties":{"type":"charge","layer":"passenger","locationId":"e576fa64-8b23-44f7-b5a0-929687914078","name":"PP001576 - Hoog Kanje 270A, Zeist","address":"270A Hoog Kanje","city":"Zeist","operatorName":"TotalEnergies","maxPowerKw":11,"isMegawatt":false,"status":"AVAILABLE","source":"ndw"}},{"type":"Feature","geometry":{"type":"Point","coordinates":[5.2606,52.10915]},"properties":{"type":"charge","layer":"passenger","locationId":"AD218A3C-C687-4504-ADFF-46502B2C5592","name":"Eneco eMobility Broekhuis Volvo Ford Autoschade Zeist","address":"Blanckenhagenweg 4-6","city":"Zeist","operatorName":"Eneco","maxPowerKw":22,"isMegawatt":false,"status":"UNAVAILABLE","source":"ndw","priceKwh":0.45}},{"type":"Feature","geometry":{"type":"Point","coordinates":[5.22779,52.08709]},"properties":{"type":"charge","layer":"passenger","locationId":"65ea0a21-9af9-4947-8027-abfb45f1ef2e","name":"PP001177 - Kroostweg 7, Zeist","address":"7 Kroostweg","city":"Zeist","operatorName":"TotalEnergies","maxPowerKw":11,"isMegawatt":false,"status":"UNAVAILABLE","source":"ndw"}},{"type":"Feature","geometry":{"type":"Point","coordinates":[5.262316,52.072285]},"properties":{"type":"charge","layer":"passenger","locationId":"E09F72D0-349D-472E-8718-14CC667C3042","name":"PP005161 - Anna Paulownalaan 116, Zeist","address":"116 Anna Paulownalaan","city":"Zeist","operatorName":"TotalEnergies","maxPowerKw":11,"isMegawatt":false,"status":"AVAILABLE","source":"ndw"}},{"type":"Feature","geometry":{"type":"Point","coordinates":[5.2372,52.084072]},"properties":{"type":"charge","layer":"passenger","locationId":"F80420FB-C1A3-4E54-BEAC-BFE10F8134DA","name":"TNLP006198 - Utrechtseweg 141, Zeist","address":"141 Utrechtseweg","city":"Zeist","operatorName":"TotalEnergies","maxPowerKw":17,"isMegawatt":false,"status":"CHARGING","source":"ndw"}},{"type":"Feature","geometry":{"type":"Point","coordinates":[5.235439,52.08918]},"properties":{"type":"charge","layer":"passenger","locationId":"DA181A03-619A-4171-94EC-CC866F391CCE","name":"TNLP007278 - Van Reenenweg 65, Zeist","address":"65 Van Reenenweg","city":"Zeist","operatorName":"TotalEnergies","maxPowerKw":17,"isMegawatt":false,"status":"AVAILABLE","source":"ndw"}},{"type":"Feature","geometry":{"type":"Point","coordinates":[5.2493597,52.1032084]},"properties":{"type":"charge","layer":"passenger","locationId":"1806","name":"Shell Recharge NL Jan Thijssenlaan 1","address":"Jan Thijssenlaan 1","city":"Zeist","operatorName":"Ubitricity","maxPowerKw":22,"isMegawatt":false,"status":"AVAILABLE","source":"ndw","priceKwh":0.267}},{"type":"Feature","geometry":{"type":"Point","coordinates":[5.24592,52.08789]},"properties":{"type":"charge","layer":"passenger","locationId":"266","name":"Shell Recharge NL Jagerlaan 1","address":"Jagerlaan 1","city":"Zeist","operatorName":"Ubitricity","maxPowerKw":11,"isMegawatt":false,"status":"CHARGING","source":"ndw","priceKwh":0.392}},{"type":"Feature","geometry":{"type":"Point","coordinates":[5.261742,52.07321]},"properties":{"type":"charge","layer":"passenger","locationId":"84155802-0D69-40DF-BB70-0DC0790F08E2","name":"TNLP006949 - Anna Paulownalaan 79, Zeist","address":"79 Anna Paulownalaan","city":"Zeist","operatorName":"TotalEnergies","maxPowerKw":17,"isMegawatt":false,"status":"AVAILABLE","source":"ndw"}},{"type":"Feature","geometry":{"type":"Point","coordinates":[5.26039,52.10566]},"properties":{"type":"charge","layer":"passenger","locationId":"d2d6997d-03a3-479b-9f43-a2b7cfedd040","name":"Handelsweg 2","address":"Handelsweg 2","city":"Zeist","operatorName":"Vattenfall InCharge","maxPowerKw":22,"isMegawatt":false,"status":"AVAILABLE","source":"ndw","priceKwh":0.23}},{"type":"Feature","geometry":{"type":"Point","coordinates":[5.218162,52.091026]},"properties":{"type":"charge","layer":"passenger","locationId":"DB42ED11-6E9F-42BB-8F9C-6F224B0A24B6","name":"TNLP007807 - Crosestein 1501, Zeist","address":"1501 Crosestein","city":"Zeist","operatorName":"TotalEnergies","maxPowerKw":17,"isMegawatt":false,"status":"AVAILABLE","source":"ndw"}},{"type":"Feature","geometry":{"type":"Point","coordinates":[5.2125509,52.0929926]},"properties":{"type":"charge","layer":"passenger","locationId":"870","name":"Shell Recharge NL Fazantenlaan 52","address":"Fazantenlaan 52","city":"Zeist","operatorName":"Ubitricity","maxPowerKw":22,"isMegawatt":false,"status":"AVAILABLE","source":"ndw","priceKwh":0.267}},{"type":"Feature","geometry":{"type":"Point","coordinates":[5.24711,52.09106]},"properties":{"type":"charge","layer":"passenger","locationId":"321","name":"Shell Recharge NL 2a Bothalaan","address":"2a Bothalaan","city":"Zeist","operatorName":"Ubitricity","maxPowerKw":11,"isMegawatt":false,"status":"AVAILABLE","source":"ndw","priceKwh":0.392}},{"type":"Feature","geometry":{"type":"Point","coordinates":[5.254447,52.076031]},"properties":{"type":"charge","layer":"passenger","locationId":"93059f8250583b5d85add3768b443d8e","name":"Arnhemse Bovenweg 16","address":"Arnhemse Bovenweg 16","city":"Zeist","operatorName":"Vattenfall InCharge","maxPowerKw":11,"isMegawatt":false,"status":"CHARGING","source":"ndw","priceKwh":0.2805}},{"type":"Feature","geometry":{"type":"Point","coordinates":[5.252263,52.111489]},"properties":{"type":"charge","layer":"passenger","locationId":"62703344","name":"50five e-Village","address":"Amersfoortseweg 10-E","city":"Huis ter Heide","operatorName":"50five","maxPowerKw":22,"isMegawatt":false,"status":"AVAILABLE","source":"ndw"}},{"type":"Feature","geometry":{"type":"Point","coordinates":[5.226674,52.07982]},"properties":{"type":"charge","layer":"passenger","locationId":"B21E8980-5033-49A7-8761-CE176A57B243","name":"TNLP006766 - Laan van Cattenbroeck 41, Zeist","address":"41 Laan van Cattenbroeck","city":"Zeist","operatorName":"TotalEnergies","maxPowerKw":17,"isMegawatt":false,"status":"AVAILABLE","source":"ndw"}},{"type":"Feature","geometry":{"type":"Point","coordinates":[5.223267,52.102439]},"properties":{"type":"charge","layer":"passenger","locationId":"c1eaa7192bf29773da7ffb68cebc7aca","name":"Comeniuslaan 15","address":"Comeniuslaan 15","city":"Zeist","operatorName":"Vattenfall InCharge","maxPowerKw":11,"isMegawatt":false,"status":"AVAILABLE","source":"ndw","priceKwh":0.2805}},{"type":"Feature","geometry":{"type":"Point","coordinates":[5.25271,52.08794]},"properties":{"type":"charge","layer":"passenger","locationId":"0bfbba7a804e01816a65c224e173907d","name":"Prins Hendriklaan 33","address":"Prins Hendriklaan 33","city":"Zeist","operatorName":"Vattenfall InCharge","maxPowerKw":11,"isMegawatt":false,"status":"AVAILABLE","source":"ndw","priceKwh":0.2805}},{"type":"Feature","geometry":{"type":"Point","coordinates":[5.24052,52.14237]},"properties":{"type":"charge","layer":"passenger","locationId":"450","name":"Shell Recharge NL Willem Coxlaan 25","address":"Willem Coxlaan 25","city":"Den Dolder","operatorName":"Ubitricity","maxPowerKw":11,"isMegawatt":false,"status":"AVAILABLE","source":"ndw","priceKwh":0.392}},{"type":"Feature","geometry":{"type":"Point","coordinates":[5.235251,52.124885]},"properties":{"type":"charge","layer":"passenger","locationId":"3750504","name":"Laadnet Sandstep","address":"Biltseweg 14","city":"Bosch en Duin","operatorName":"Laadnet","maxPowerKw":22,"isMegawatt":false,"status":"AVAILABLE","source":"ndw"}},{"type":"Feature","geometry":{"type":"Point","coordinates":[5.2433393,52.0972757]},"properties":{"type":"charge","layer":"passenger","locationId":"1379","name":"Shell Recharge NL Van der Heijdenlaan 110","address":"Van der Heijdenlaan 110","city":"Zeist","operatorName":"Ubitricity","maxPowerKw":22,"isMegawatt":false,"status":"AVAILABLE","source":"ndw","priceKwh":0.267}},{"type":"Feature","geometry":{"type":"Point","coordinates":[5.245306,52.099251]},"properties":{"type":"charge","layer":"passenger","locationId":"91094984","name":"50five-S NL 07105261","address":"Dijnselweg 98","city":"Zeist","operatorName":"50five","maxPowerKw":11,"isMegawatt":false,"status":"AVAILABLE","source":"ndw"}},{"type":"Feature","geometry":{"type":"Point","coordinates":[5.257435,52.104076]},"properties":{"type":"charge","layer":"passenger","locationId":"DCE3A7BB-F204-4F93-8E49-75BF8039CFF7","name":"TNLP005664 - Huis ter Heideweg 24 A, Zeist","address":"24 A Huis ter Heideweg","city":"Zeist","operatorName":"TotalEnergies","maxPowerKw":11,"isMegawatt":false,"status":"AVAILABLE","source":"ndw"}},{"type":"Feature","geometry":{"type":"Point","coordinates":[5.21512,52.09919]},"properties":{"type":"charge","layer":"passenger","locationId":"263","name":"Shell Recharge NL Schubertlaan 2","address":"Schubertlaan 2","city":"Zeist","operatorName":"Ubitricity","maxPowerKw":11,"isMegawatt":false,"status":"AVAILABLE","source":"ndw","priceKwh":0.392}},{"type":"Feature","geometry":{"type":"Point","coordinates":[5.2677489,52.0966603]},"properties":{"type":"charge","layer":"passenger","locationId":"853","name":"Shell Recharge NL Prof. Lorentzlaan 171","address":"Prof. Lorentzlaan 171","city":"Zeist","operatorName":"Ubitricity","maxPowerKw":22,"isMegawatt":false,"status":"AVAILABLE","source":"ndw","priceKwh":0.267}},{"type":"Feature","geometry":{"type":"Point","coordinates":[5.23981,52.07849]},"properties":{"type":"charge","layer":"passenger","locationId":"de79bb63477214067ea181f90b1d1b4b","name":"Blikkenburgerlaan 9000","address":"Blikkenburgerlaan 9000","city":"Zeist","operatorName":"Vattenfall InCharge","maxPowerKw":11,"isMegawatt":false,"status":"AVAILABLE","source":"ndw","priceKwh":0.2805}},{"type":"Feature","geometry":{"type":"Point","coordinates":[5.213695,52.087646]},"properties":{"type":"charge","layer":"passenger","locationId":"C313AE93-301B-4712-BA8A-5D87A35E8DAD","name":"TNLP015177 - Kwikstaartlaan 1, Zeist","address":"1 Kwikstaartlaan","city":"Zeist","operatorName":"TotalEnergies","maxPowerKw":17,"isMegawatt":false,"status":"AVAILABLE","source":"ndw"}},{"type":"Feature","geometry":{"type":"Point","coordinates":[5.234225,52.088223]},"properties":{"type":"charge","layer":"passenger","locationId":"7E39126F-DDC4-489A-B440-B8FA07FB7FFC","name":"TNLP009739 - Veldheimlaan 51, Zeist","address":"51 Veldheimlaan","city":"Zeist","operatorName":"TotalEnergies","maxPowerKw":17,"isMegawatt":false,"status":"AVAILABLE","source":"ndw"}},{"type":"Feature","geometry":{"type":"Point","coordinates":[5.214846,52.08924]},"properties":{"type":"charge","layer":"passenger","locationId":"14DD4E2C-1488-46AE-A5AB-91ECB696A656","name":"TNLP006819 - Noordweg 72, Zeist","address":"72 Noordweg","city":"Zeist","operatorName":"TotalEnergies","maxPowerKw":17,"isMegawatt":false,"status":"AVAILABLE","source":"ndw"}},{"type":"Feature","geometry":{"type":"Point","coordinates":[5.2461639,52.0875494]},"properties":{"type":"charge","layer":"passenger","locationId":"1155","name":"Shell Recharge NL Slotlaan 249","address":"Slotlaan 249","city":"Zeist","operatorName":"Ubitricity","maxPowerKw":22,"isMegawatt":false,"status":"AVAILABLE","source":"ndw","priceKwh":0.267}},{"type":"Feature","geometry":{"type":"Point","coordinates":[5.219824,52.080944]},"properties":{"type":"charge","layer":"passenger","locationId":"DD73C37A-EF60-4D8A-97E3-1650F7286FC8","name":"TNLP008387 - Couwenhoven 2901, Zeist","address":"2901 Couwenhoven","city":"Zeist","operatorName":"TotalEnergies","maxPowerKw":13,"isMegawatt":false,"status":"AVAILABLE","source":"ndw"}},{"type":"Feature","geometry":{"type":"Point","coordinates":[5.250407,52.08707]},"properties":{"type":"charge","layer":"passenger","locationId":"0711DC09-3E85-4DB5-B91B-6932A9A331CA","name":"PP005094 - Prins Hendriklaan 12, Zeist","address":"12 Prins Hendriklaan","city":"Zeist","operatorName":"TotalEnergies","maxPowerKw":17,"isMegawatt":false,"status":"AVAILABLE","source":"ndw"}},{"type":"Feature","geometry":{"type":"Point","coordinates":[5.228374,52.094399]},"properties":{"type":"charge","layer":"passenger","locationId":"c4731c565b804f7f9f5b86f9001aeaea","name":"Oude Arnhemseweg 254","address":"Oude Arnhemseweg 254","city":"Zeist","operatorName":"Vattenfall InCharge","maxPowerKw":11,"isMegawatt":false,"status":"AVAILABLE","source":"ndw","priceKwh":0.2805}},{"type":"Feature","geometry":{"type":"Point","coordinates":[5.231975,52.083445]},"properties":{"type":"charge","layer":"passenger","locationId":"91151349","name":"50five-S NL 07117280","address":"Van Renesselaan 40","city":"Zeist","operatorName":"50five","maxPowerKw":11,"isMegawatt":false,"status":"CHARGING","source":"ndw"}},{"type":"Feature","geometry":{"type":"Point","coordinates":[5.235828,52.09737]},"properties":{"type":"charge","layer":"passenger","locationId":"58EC972C-9714-476A-86E3-9F995C8F6BB6","name":"TNLP006945 - Johan van Oldenbarneveltlaan 42, Zeist","address":"42 Johan van Oldenbarneveltlaan","city":"Zeist","operatorName":"TotalEnergies","maxPowerKw":17,"isMegawatt":false,"status":"UNAVAILABLE","source":"ndw"}},{"type":"Feature","geometry":{"type":"Point","coordinates":[5.248858,52.085537]},"properties":{"type":"charge","layer":"passenger","locationId":"D5B0F73D-C95C-4464-8EC2-AC73B8F697D8","name":"TNLP034542 - Huydecoperweg 27, Zeist","address":"27 Huydecoperweg","city":"Zeist","operatorName":"TotalEnergies","maxPowerKw":13,"isMegawatt":false,"status":"UNAVAILABLE","source":"ndw"}},{"type":"Feature","geometry":{"type":"Point","coordinates":[5.216446,52.098553]},"properties":{"type":"charge","layer":"passenger","locationId":"97187597-F326-4312-93F5-D7D89F9AAEAB","name":"TNLP007492 - Bachlaan 36, Zeist","address":"36 Bachlaan","city":"Zeist","operatorName":"TotalEnergies","maxPowerKw":17,"isMegawatt":false,"status":"AVAILABLE","source":"ndw"}},{"type":"Feature","geometry":{"type":"Point","coordinates":[5.2213502,52.1009216]},"properties":{"type":"charge","layer":"passenger","locationId":"20373","name":"Jumbo 4675 Zeist Laan van Vollenhove (PowerGo)","address":"Laan van Vollenhove 2785","city":"Zeist","operatorName":"PowerGo","maxPowerKw":90,"isMegawatt":false,"status":"CHARGING","source":"ndw","priceKwh":0.55}},{"type":"Feature","geometry":{"type":"Point","coordinates":[5.244656,52.078005]},"properties":{"type":"charge","layer":"passenger","locationId":"OST22P0060_0004_1","name":"OST22P0060_0004_1","address":"Sparrenheuvel 36","city":"Zeist","operatorName":"e-VOLTT","maxPowerKw":19,"isMegawatt":false,"status":"AVAILABLE","source":"ndw","priceKwh":0.53}},{"type":"Feature","geometry":{"type":"Point","coordinates":[5.240166,52.088206]},"properties":{"type":"charge","layer":"passenger","locationId":"f288ade267d1cc00fa863db58f07b62e","name":"Rozenstraat 1","address":"Rozenstraat 1","city":"Zeist","operatorName":"Vattenfall InCharge","maxPowerKw":11,"isMegawatt":false,"status":"AVAILABLE","source":"ndw","priceKwh":0.2805}},{"type":"Feature","geometry":{"type":"Point","coordinates":[5.216869,52.085148]},"properties":{"type":"charge","layer":"passenger","locationId":"EBEBEAD3-EED8-4CD2-8A51-84C8F5E6B882","name":"TNLP007557 - Nijenheim 6423, Zeist","address":"6423 Nijenheim","city":"Zeist","operatorName":"TotalEnergies","maxPowerKw":17,"isMegawatt":false,"status":"AVAILABLE","source":"ndw"}},{"type":"Feature","geometry":{"type":"Point","coordinates":[5.2379998,52.094015]},"properties":{"type":"charge","layer":"passenger","locationId":"2626","name":"Shell Recharge NL Jacob van Lennepplein 5","address":"Jacob van Lennepplein 5","city":"Zeist","operatorName":"Ubitricity","maxPowerKw":22,"isMegawatt":false,"status":"AVAILABLE","source":"ndw","priceKwh":0.267}},{"type":"Feature","geometry":{"type":"Point","coordinates":[5.2204705,52.0808462]},"properties":{"type":"charge","layer":"passenger","locationId":"1991","name":"Shell Recharge NL Couwenhoven 3002","address":"Couwenhoven 3002","city":"Zeist","operatorName":"Ubitricity","maxPowerKw":22,"isMegawatt":false,"status":"AVAILABLE","source":"ndw","priceKwh":0.267}},{"type":"Feature","geometry":{"type":"Point","coordinates":[5.24658,52.08886]},"properties":{"type":"charge","layer":"passenger","locationId":"06e341e4-c89c-4075-819d-f3053a1bcdd7","name":"PP001706 - Antonlaan 143, Zeist","address":"143 Antonlaan","city":"Zeist","operatorName":"TotalEnergies","maxPowerKw":11,"isMegawatt":false,"status":"AVAILABLE","source":"ndw"}},{"type":"Feature","geometry":{"type":"Point","coordinates":[5.22159,52.08731]},"properties":{"type":"charge","layer":"passenger","locationId":"454","name":"Shell Recharge NL Nijenheim 2312","address":"Nijenheim 2312","city":"Zeist","operatorName":"Ubitricity","maxPowerKw":11,"isMegawatt":false,"status":"AVAILABLE","source":"ndw","priceKwh":0.392}},{"type":"Feature","geometry":{"type":"Point","coordinates":[5.21803,52.082661]},"properties":{"type":"charge","layer":"passenger","locationId":"7d6e95f6cdafdbf9c15e0855a49187ad","name":"De Clomp 2013","address":"De Clomp 2013","city":"Zeist","operatorName":"Vattenfall InCharge","maxPowerKw":11,"isMegawatt":false,"status":"AVAILABLE","source":"ndw","priceKwh":0.2805}},{"type":"Feature","geometry":{"type":"Point","coordinates":[5.218788,52.08679]},"properties":{"type":"charge","layer":"passenger","locationId":"5992972F-FA74-4A1C-88C4-6522F5B00B49","name":"TNLP007166 - Nijenheim 6112, Zeist","address":"6112 Nijenheim","city":"Zeist","operatorName":"TotalEnergies","maxPowerKw":17,"isMegawatt":false,"status":"AVAILABLE","source":"ndw"}},{"type":"Feature","geometry":{"type":"Point","coordinates":[5.2473046,52.0862883]},"properties":{"type":"charge","layer":"passenger","locationId":"1125","name":"Shell Recharge NL Huydecoperweg 23","address":"Huydecoperweg 23","city":"Zeist","operatorName":"Ubitricity","maxPowerKw":22,"isMegawatt":false,"status":"AVAILABLE","source":"ndw","priceKwh":0.267}},{"type":"Feature","geometry":{"type":"Point","coordinates":[5.220979,52.08785]},"properties":{"type":"charge","layer":"passenger","locationId":"bb9be31f9c855c2583ffd0c1b3bb8528","name":"Nijenheim 2505","address":"Nijenheim 2505","city":"Zeist","operatorName":"Vattenfall InCharge","maxPowerKw":11,"isMegawatt":false,"status":"AVAILABLE","source":"ndw","priceKwh":0.2805}},{"type":"Feature","geometry":{"type":"Point","coordinates":[5.21682,52.09997]},"properties":{"type":"charge","layer":"passenger","locationId":"ba9102bc328041dc30f499578fb063aa","name":"Chopinlaan 89","address":"Chopinlaan 89","city":"Zeist","operatorName":"Vattenfall InCharge","maxPowerKw":11,"isMegawatt":false,"status":"AVAILABLE","source":"ndw","priceKwh":0.2805}},{"type":"Feature","geometry":{"type":"Point","coordinates":[5.27385,52.11338]},"properties":{"type":"charge","layer":"passenger","locationId":"C3F85609-485C-46A0-A5F3-E48E0AB61CE4","name":"PP001167 - Evenaar 24, Huis Ter Heide","address":"24 Evenaar","city":"Huis Ter Heide","operatorName":"TotalEnergies","maxPowerKw":11,"isMegawatt":false,"status":"AVAILABLE","source":"ndw"}},{"type":"Feature","geometry":{"type":"Point","coordinates":[5.218833,52.085442]},"properties":{"type":"charge","layer":"passenger","locationId":"5f72059d217921253a6521e8826009cb","name":"Nijenheim 9044","address":"Nijenheim 9044","city":"Zeist","operatorName":"Vattenfall InCharge","maxPowerKw":11,"isMegawatt":false,"status":"AVAILABLE","source":"ndw","priceKwh":0.2805}},{"type":"Feature","geometry":{"type":"Point","coordinates":[5.27466,52.11425]},"properties":{"type":"charge","layer":"passenger","locationId":"674","name":"Shell Recharge NL Mercuriushof 12","address":"Mercuriushof 12","city":"Huis ter Heide","operatorName":"Ubitricity","maxPowerKw":11,"isMegawatt":false,"status":"AVAILABLE","source":"ndw","priceKwh":0.392}},{"type":"Feature","geometry":{"type":"Point","coordinates":[5.260631,52.103899]},"properties":{"type":"charge","layer":"passenger","locationId":"806","name":"Shell Recharge NL0798 - Boulevard","address":"Boulevard 70","city":"Zeist","operatorName":"Shell Recharge","maxPowerKw":300,"isMegawatt":false,"status":"AVAILABLE","source":"ndw","priceKwh":0.7025}},{"type":"Feature","geometry":{"type":"Point","coordinates":[5.250332,52.08466]},"properties":{"type":"charge","layer":"passenger","locationId":"8ed9e19e-111a-4c39-97c4-4af63422c95a","name":"PP001352 - Woudenbergseweg 44, Zeist","address":"44 Woudenbergseweg","city":"Zeist","operatorName":"TotalEnergies","maxPowerKw":11,"isMegawatt":false,"status":"UNAVAILABLE","source":"ndw"}},{"type":"Feature","geometry":{"type":"Point","coordinates":[5.313467,52.079845]},"properties":{"type":"charge","layer":"passenger","locationId":"B99B86F8-767C-4134-9BBC-2224449593D6","name":"TNLP006293 - Gramserweg 44, Austerlitz","address":"44 Gramserweg","city":"Austerlitz","operatorName":"TotalEnergies","maxPowerKw":17,"isMegawatt":false,"status":"AVAILABLE","source":"ndw"}},{"type":"Feature","geometry":{"type":"Point","coordinates":[5.2329672,52.0869942]},"properties":{"type":"charge","layer":"passenger","locationId":"1157","name":"Shell Recharge NL Bloemenheuvellaan 15","address":"Bloemenheuvellaan 15","city":"Zeist","operatorName":"Ubitricity","maxPowerKw":22,"isMegawatt":false,"status":"AVAILABLE","source":"ndw","priceKwh":0.392}},{"type":"Feature","geometry":{"type":"Point","coordinates":[5.220513,52.08982]},"properties":{"type":"charge","layer":"passenger","locationId":"91069514","name":"50five-S NL 17B08215","address":"Koppelweg 2a","city":"Zeist","operatorName":"50five","maxPowerKw":11,"isMegawatt":false,"status":"AVAILABLE","source":"ndw"}},{"type":"Feature","geometry":{"type":"Point","coordinates":[5.2163943,52.0994872]},"properties":{"type":"charge","layer":"passenger","locationId":"2201","name":"Shell Recharge NL Strausslaan 23","address":"Strausslaan 23","city":"Zeist","operatorName":"Ubitricity","maxPowerKw":22,"isMegawatt":false,"status":"AVAILABLE","source":"ndw","priceKwh":0.267}},{"type":"Feature","geometry":{"type":"Point","coordinates":[5.24793,52.09291]},"properties":{"type":"charge","layer":"passenger","locationId":"574340ED-1565-4114-9D0E-003D4A3713B6","name":"TNLP034166 - Kritzingerlaan 88, Zeist","address":"88 Kritzingerlaan","city":"Zeist","operatorName":"TotalEnergies","maxPowerKw":13,"isMegawatt":false,"status":"AVAILABLE","source":"ndw"}},{"type":"Feature","geometry":{"type":"Point","coordinates":[5.2183227,52.0862692]},"properties":{"type":"charge","layer":"passenger","locationId":"1172","name":"Shell Recharge NL Nijenheim 6225","address":"Nijenheim 6225","city":"Zeist","operatorName":"Ubitricity","maxPowerKw":22,"isMegawatt":false,"status":"AVAILABLE","source":"ndw","priceKwh":0.267}},{"type":"Feature","geometry":{"type":"Point","coordinates":[5.256505,52.112578]},"properties":{"type":"charge","layer":"passenger","locationId":"922969","name":"DAE_NL_2000684 (P1) (Rechts)","address":"Amersfoortseweg 18","city":"Huis ter Heide","operatorName":"DAEN Mobility","maxPowerKw":11,"isMegawatt":false,"status":"AVAILABLE","source":"ndw","priceKwh":0.45}},{"type":"Feature","geometry":{"type":"Point","coordinates":[5.220507,52.097267]},"properties":{"type":"charge","layer":"passenger","locationId":"B45756BC-0F10-4C1C-981B-6A373180B948","name":"TNLP006348 - Warande 96, Zeist","address":"96 Warande","city":"Zeist","operatorName":"TotalEnergies","maxPowerKw":17,"isMegawatt":false,"status":"AVAILABLE","source":"ndw"}},{"type":"Feature","geometry":{"type":"Point","coordinates":[5.231798,52.141884]},"properties":{"type":"charge","layer":"passenger","locationId":"732572F0-004B-4FEB-8A3B-ADB49A8651B9","name":"TNLP007119 - Schroeder van der Kolklaan 36, Den Dolder","address":"36 Schroeder van der Kolklaan","city":"Den Dolder","operatorName":"TotalEnergies","maxPowerKw":17,"isMegawatt":false,"status":"AVAILABLE","source":"ndw"}},{"type":"Feature","geometry":{"type":"Point","coordinates":[5.26113,52.07614]},"properties":{"type":"charge","layer":"passenger","locationId":"b84caf81-5c26-4708-ae7f-e59888d7a781","name":"PP001008 - Hoog Kanje 2, Zeist","address":"2 Hoog Kanje","city":"Zeist","operatorName":"TotalEnergies","maxPowerKw":11,"isMegawatt":false,"status":"AVAILABLE","source":"ndw"}},{"type":"Feature","geometry":{"type":"Point","coordinates":[5.2168928,52.0787598]},"properties":{"type":"charge","layer":"passenger","locationId":"1746","name":"Shell Recharge NL Couwenhoven 4354","address":"Couwenhoven 4354","city":"Zeist","operatorName":"Ubitricity","maxPowerKw":22,"isMegawatt":false,"status":"AVAILABLE","source":"ndw","priceKwh":0.267}},{"type":"Feature","geometry":{"type":"Point","coordinates":[5.245233,52.083992]},"properties":{"type":"charge","layer":"passenger","locationId":"2FEB2C34-E162-47FD-B95E-040653581444","name":"PP005437 - Timmermanlaan 2, Zeist","address":"2 Timmermanlaan","city":"Zeist","operatorName":"TotalEnergies","maxPowerKw":11,"isMegawatt":false,"status":"AVAILABLE","source":"ndw"}},{"type":"Feature","geometry":{"type":"Point","coordinates":[5.231738,52.10274]},"properties":{"type":"charge","layer":"passenger","locationId":"9B222D21-3897-4E70-934B-F72E4D738BA8","name":"TNLP009551 - Laan van Vollenhove 1379, Zeist","address":"1379 Laan van Vollenhove","city":"Zeist","operatorName":"TotalEnergies","maxPowerKw":17,"isMegawatt":false,"status":"AVAILABLE","source":"ndw"}},{"type":"Feature","geometry":{"type":"Point","coordinates":[5.219826,52.099981]},"properties":{"type":"charge","layer":"passenger","locationId":"68ee14fff5aa25bff898d018","name":"Zeist LvV 826-828","address":"Laan van Vollenhove 826","city":"Zeist","operatorName":"E-Flux by Road","maxPowerKw":11,"isMegawatt":false,"status":"AVAILABLE","source":"ndw","priceKwh":0.49}},{"type":"Feature","geometry":{"type":"Point","coordinates":[5.2340772,52.102129]},"properties":{"type":"charge","layer":"passenger","locationId":"1136","name":"Shell Recharge NL Laan van Vollenhove 551","address":"Laan van Vollenhove 551","city":"Zeist","operatorName":"Ubitricity","maxPowerKw":22,"isMegawatt":false,"status":"AVAILABLE","source":"ndw","priceKwh":0.267}},{"type":"Feature","geometry":{"type":"Point","coordinates":[5.26281,52.0747]},"properties":{"type":"charge","layer":"passenger","locationId":"194","name":"Shell Recharge NL Prinses Marijkelaan 46","address":"Prinses Marijkelaan 46","city":"Zeist","operatorName":"Ubitricity","maxPowerKw":11,"isMegawatt":false,"status":"AVAILABLE","source":"ndw","priceKwh":0.392}},{"type":"Feature","geometry":{"type":"Point","coordinates":[5.239597,52.090786]},"properties":{"type":"charge","layer":"passenger","locationId":"3DEA4337-1F1A-4598-8C7C-DF5ECC91ABF8","name":"TNLP006567 - Jan Pieter Heijelaan 2, Zeist","address":"2 Jan Pieter Heijelaan","city":"Zeist","operatorName":"TotalEnergies","maxPowerKw":17,"isMegawatt":false,"status":"CHARGING","source":"ndw"}},{"type":"Feature","geometry":{"type":"Point","coordinates":[5.2408,52.08479]},"properties":{"type":"charge","layer":"passenger","locationId":"426","name":"Shell Recharge NL Kerkweg 33-A","address":"Kerkweg 33-A","city":"Zeist","operatorName":"Ubitricity","maxPowerKw":11,"isMegawatt":false,"status":"AVAILABLE","source":"ndw","priceKwh":0.392}},{"type":"Feature","geometry":{"type":"Point","coordinates":[5.2745,52.11244]},"properties":{"type":"charge","layer":"passenger","locationId":"c19339f6-3cfd-4a3d-a78f-7df7390cfb36","name":"PP001816 - Neptunushof 2, Huis ter Heide","address":"2 Neptunushof","city":"Huis ter Heide","operatorName":"TotalEnergies","maxPowerKw":11,"isMegawatt":false,"status":"AVAILABLE","source":"ndw"}},{"type":"Feature","geometry":{"type":"Point","coordinates":[5.242025,52.14123]},"properties":{"type":"charge","layer":"passenger","locationId":"366EEB3F-C8F1-4627-B202-0C36FEAA7529","name":"TNLP008256 - Duivenhorst 60, Den Dolder","address":"60 Duivenhorst","city":"Den Dolder","operatorName":"TotalEnergies","maxPowerKw":17,"isMegawatt":false,"status":"CHARGING","source":"ndw"}},{"type":"Feature","geometry":{"type":"Point","coordinates":[5.2194,52.09903]},"properties":{"type":"charge","layer":"passenger","locationId":"3612E031-6FE1-4BC0-BFDD-259EF9BADDFF","name":"PP005285 - Chopinlaan 26, Zeist","address":"26 Chopinlaan","city":"Zeist","operatorName":"TotalEnergies","maxPowerKw":11,"isMegawatt":false,"status":"AVAILABLE","source":"ndw"}},{"type":"Feature","geometry":{"type":"Point","coordinates":[5.21925,52.08885]},"properties":{"type":"charge","layer":"passenger","locationId":"1547","name":"Shell Recharge NL Koppelweg 14","address":"Koppelweg 14","city":"Zeist","operatorName":"Ubitricity","maxPowerKw":11,"isMegawatt":false,"status":"AVAILABLE","source":"ndw","priceKwh":0.392}},{"type":"Feature","geometry":{"type":"Point","coordinates":[5.25229,52.111179]},"properties":{"type":"charge","layer":"passenger","locationId":"4edf68bf0c7a4b1c86ff","name":"Amersfoortseweg 10e Huis Ter Heide","address":"Amersfoortseweg 10e","city":"Huis ter Heide","operatorName":"Opcharge","maxPowerKw":11,"isMegawatt":false,"status":"AVAILABLE","source":"ndw","priceKwh":0.49}},{"type":"Feature","geometry":{"type":"Point","coordinates":[5.26393,52.076266]},"properties":{"type":"charge","layer":"passenger","locationId":"3109","name":"E.ON Drive Public Netherlands AH, Prinses Marijkelaan 9200, Zeist","address":"Prinses Marijkelaan 9200","city":"Zeist","operatorName":"E.ON Drive","maxPowerKw":50,"isMegawatt":false,"status":"AVAILABLE","source":"ndw","priceKwh":0.5372}},{"type":"Feature","geometry":{"type":"Point","coordinates":[5.274925,52.11301]},"properties":{"type":"charge","layer":"passenger","locationId":"EA027B2F-6CE9-4A85-99AF-D4EA03C90269","name":"TNLP034135 - Planentenlaan 47, Huis ter Heide","address":"47 Planentenlaan","city":"Huis ter Heide","operatorName":"TotalEnergies","maxPowerKw":13,"isMegawatt":false,"status":"UNAVAILABLE","source":"ndw"}},{"type":"Feature","geometry":{"type":"Point","coordinates":[5.276642,52.095644]},"properties":{"type":"charge","layer":"passenger","locationId":"91044963","name":"50five-S NL 17B22432","address":"Krakelingweg 57","city":"Zeist","operatorName":"50five","maxPowerKw":11,"isMegawatt":false,"status":"AVAILABLE","source":"ndw"}},{"type":"Feature","geometry":{"type":"Point","coordinates":[5.245547,52.088158]},"properties":{"type":"charge","layer":"passenger","locationId":"3A1AE40C-BC18-48F8-970D-6DFDF68AD50B","name":"TNLP034136 - Jagerlaan 5, Zeist","address":"5 Jagerlaan","city":"Zeist","operatorName":"TotalEnergies","maxPowerKw":13,"isMegawatt":false,"status":"AVAILABLE","source":"ndw"}},{"type":"Feature","geometry":{"type":"Point","coordinates":[5.247701,52.10094]},"properties":{"type":"charge","layer":"passenger","locationId":"DAE931E0-23EE-4C5F-BD3E-C0DA0493C33B","name":"PP005575 - Nepveulaan 108, Zeist","address":"108 Nepveulaan","city":"Zeist","operatorName":"TotalEnergies","maxPowerKw":11,"isMegawatt":false,"status":"AVAILABLE","source":"ndw"}},{"type":"Feature","geometry":{"type":"Point","coordinates":[5.316039,52.07732]},"properties":{"type":"charge","layer":"passenger","locationId":"5F303CBF-A5CC-499E-8456-F7A9D468020D","name":"TNLP015274 - Marmontweg 60, Austerlitz","address":"60 Marmontweg","city":"Austerlitz","operatorName":"TotalEnergies","maxPowerKw":17,"isMegawatt":false,"status":"AVAILABLE","source":"ndw"}},{"type":"Feature","geometry":{"type":"Point","coordinates":[5.219004,52.078476]},"properties":{"type":"charge","layer":"passenger","locationId":"FD20599B-0E3B-402D-82D7-0B2DCFA26075","name":"TNLP006889 - Couwenhoven 4504, Zeist","address":"4504 Couwenhoven","city":"Zeist","operatorName":"TotalEnergies","maxPowerKw":17,"isMegawatt":false,"status":"AVAILABLE","source":"ndw"}},{"type":"Feature","geometry":{"type":"Point","coordinates":[5.2567805,52.108241]},"properties":{"type":"charge","layer":"passenger","locationId":"1115","name":"Shell Recharge NL Prins Alexanderweg 80","address":"Prins Alexanderweg 80","city":"Huis ter Heide","operatorName":"Ubitricity","maxPowerKw":22,"isMegawatt":false,"status":"AVAILABLE","source":"ndw","priceKwh":0.267}},{"type":"Feature","geometry":{"type":"Point","coordinates":[5.219119,52.079395]},"properties":{"type":"charge","layer":"passenger","locationId":"1973a7a3-bd72-4f00-b2b3-026278cce590","name":"TNLP015266 - Couwenhoven 4211, Zeist","address":"4211 Couwenhoven","city":"Zeist","operatorName":"TotalEnergies","maxPowerKw":17,"isMegawatt":false,"status":"UNAVAILABLE","source":"ndw"}},{"type":"Feature","geometry":{"type":"Point","coordinates":[5.2672084,52.0752999]},"properties":{"type":"charge","layer":"passenger","locationId":"1340","name":"Shell Recharge NL Prinses Alexialaan 81","address":"Prinses Alexialaan 81","city":"Zeist","operatorName":"Ubitricity","maxPowerKw":22,"isMegawatt":false,"status":"AVAILABLE","source":"ndw","priceKwh":0.267}},{"type":"Feature","geometry":{"type":"Point","coordinates":[5.221214,52.09459]},"properties":{"type":"charge","layer":"passenger","locationId":"0618D0CC-AF0A-436E-BF1B-43F6F9395ECB","name":"TNLP008397 - Roggeakker 39, Zeist","address":"39 Roggeakker","city":"Zeist","operatorName":"TotalEnergies","maxPowerKw":13,"isMegawatt":false,"status":"AVAILABLE","source":"ndw"}},{"type":"Feature","geometry":{"type":"Point","coordinates":[5.24267,52.10152]},"properties":{"type":"charge","layer":"passenger","locationId":"502","name":"Shell Recharge NL Karel J.C. Beckmanlaan 16","address":"Karel J.C. Beckmanlaan 16","city":"Zeist","operatorName":"Ubitricity","maxPowerKw":11,"isMegawatt":false,"status":"AVAILABLE","source":"ndw","priceKwh":0.392}},{"type":"Feature","geometry":{"type":"Point","coordinates":[5.213227,52.098103]},"properties":{"type":"charge","layer":"passenger","locationId":"343a0153-81ab-4c0a-be2d-f6b6439a81c3","name":"TNLP007269 - Utrechtseweg 9, Zeist","address":"9 Utrechtseweg","city":"Zeist","operatorName":"TotalEnergies","maxPowerKw":17,"isMegawatt":false,"status":"AVAILABLE","source":"ndw"}},{"type":"Feature","geometry":{"type":"Point","coordinates":[5.23532,52.09141]},"properties":{"type":"charge","layer":"passenger","locationId":"1580","name":"Shell Recharge NL Mr. H. Marsmanstraat 74","address":"Mr. H. Marsmanstraat 74","city":"Zeist","operatorName":"Ubitricity","maxPowerKw":11,"isMegawatt":false,"status":"AVAILABLE","source":"ndw","priceKwh":0.392}},{"type":"Feature","geometry":{"type":"Point","coordinates":[5.256505,52.112578]},"properties":{"type":"charge","layer":"passenger","locationId":"922971","name":"DAE_NL_2000778 (P3)","address":"Amersfoortseweg 18","city":"Huis ter Heide","operatorName":"DAEN Mobility","maxPowerKw":11,"isMegawatt":false,"status":"UNAVAILABLE","source":"ndw","priceKwh":0.45}},{"type":"Feature","geometry":{"type":"Point","coordinates":[5.22698,52.082157]},"properties":{"type":"charge","layer":"passenger","locationId":"E71D82D2-34FF-4DC4-B7A8-B8C8792E775F","name":"TNLP009539 - Cornelis Schellingerlaan 45, Zeist","address":"45 Cornelis Schellingerlaan","city":"Zeist","operatorName":"TotalEnergies","maxPowerKw":17,"isMegawatt":false,"status":"AVAILABLE","source":"ndw"}},{"type":"Feature","geometry":{"type":"Point","coordinates":[5.256505,52.112578]},"properties":{"type":"charge","layer":"passenger","locationId":"922972","name":"DAE_NL_2000779 (P4)","address":"Amersfoortseweg 18","city":"Huis ter Heide","operatorName":"DAEN Mobility","maxPowerKw":11,"isMegawatt":false,"status":"CHARGING","source":"ndw","priceKwh":0.45}},{"type":"Feature","geometry":{"type":"Point","coordinates":[5.23775,52.089214]},"properties":{"type":"charge","layer":"passenger","locationId":"B96AF079-C317-483F-97E7-AFDA284257B1","name":"TNLP008258 - Rozenstraat 21, Zeist","address":"21 Rozenstraat","city":"Zeist","operatorName":"TotalEnergies","maxPowerKw":17,"isMegawatt":false,"status":"UNAVAILABLE","source":"ndw"}},{"type":"Feature","geometry":{"type":"Point","coordinates":[5.27863,52.112811]},"properties":{"type":"charge","layer":"passenger","locationId":"2390875","name":"Laadnet Eleveld","address":"Dierenriem 4","city":"Huis Ter Heide","operatorName":"Laadnet","maxPowerKw":11,"isMegawatt":false,"status":"AVAILABLE","source":"ndw"}},{"type":"Feature","geometry":{"type":"Point","coordinates":[5.23366,52.08939]},"properties":{"type":"charge","layer":"passenger","locationId":"391","name":"Shell Recharge NL Oude Arnhemseweg 133","address":"Oude Arnhemseweg 133","city":"Zeist","operatorName":"Ubitricity","maxPowerKw":11,"isMegawatt":false,"status":"AVAILABLE","source":"ndw","priceKwh":0.392}},{"type":"Feature","geometry":{"type":"Point","coordinates":[5.21351,52.08338]},"properties":{"type":"charge","layer":"passenger","locationId":"2FA0B3B9-C76F-4B56-97D6-9957AA6EB1FC","name":"PP004325 - Brugakker 3324, Zeist","address":"3324 Brugakker","city":"Zeist","operatorName":"TotalEnergies","maxPowerKw":11,"isMegawatt":false,"status":"AVAILABLE","source":"ndw"}},{"type":"Feature","geometry":{"type":"Point","coordinates":[5.22078,52.10063]},"properties":{"type":"charge","layer":"passenger","locationId":"8D079A14-2875-48AD-ABCC-BAE1765DC2C7","name":"Laadplein - PP001165 - Laan van Vollenhove 3185, Zeist","address":"3185 Laan van Vollenhove","city":"Zeist","operatorName":"TotalEnergies","maxPowerKw":11,"isMegawatt":false,"status":"AVAILABLE","source":"ndw"}},{"type":"Feature","geometry":{"type":"Point","coordinates":[5.26516,52.07494]},"properties":{"type":"charge","layer":"passenger","locationId":"CE1E10D0-B6C0-477B-AAAA-80DC31590219","name":"PP001577 - Prinses Alexialaan 88, Zeist","address":"88 Prinses Alexialaan","city":"Zeist","operatorName":"TotalEnergies","maxPowerKw":17,"isMegawatt":false,"status":"AVAILABLE","source":"ndw"}},{"type":"Feature","geometry":{"type":"Point","coordinates":[5.24267,52.08887]},"properties":{"type":"charge","layer":"passenger","locationId":"E612203E-A213-44EE-9BBD-9BB268C6AC22","name":"PP005439 - Jagerlaan 53, Zeist","address":"53 Jagerlaan","city":"Zeist","operatorName":"TotalEnergies","maxPowerKw":11,"isMegawatt":false,"status":"AVAILABLE","source":"ndw"}},{"type":"Feature","geometry":{"type":"Point","coordinates":[5.244833,52.09969]},"properties":{"type":"charge","layer":"passenger","locationId":"EE02352C-21BE-476D-A518-6FFDD2CB3107","name":"TNLP007505 - Dijnselweg 110, Zeist","address":"110 Dijnselweg","city":"Zeist","operatorName":"TotalEnergies","maxPowerKw":17,"isMegawatt":false,"status":"UNAVAILABLE","source":"ndw"}},{"type":"Feature","geometry":{"type":"Point","coordinates":[5.215607,52.08824]},"properties":{"type":"charge","layer":"passenger","locationId":"C889F9AC-0E9D-42C4-9277-1F50F2823C22","name":"TNLP008464 - Kievitlaan 25, Zeist","address":"25 Kievitlaan","city":"Zeist","operatorName":"TotalEnergies","maxPowerKw":13,"isMegawatt":false,"status":"AVAILABLE","source":"ndw"}},{"type":"Feature","geometry":{"type":"Point","coordinates":[5.218153,52.082684]},"properties":{"type":"charge","layer":"passenger","locationId":"EEED1522-87FC-459C-9721-0D54C6566B16","name":"TNLP006532 - De Clomp 2001, Zeist","address":"2001 De Clomp","city":"Zeist","operatorName":"TotalEnergies","maxPowerKw":17,"isMegawatt":false,"status":"AVAILABLE","source":"ndw"}},{"type":"Feature","geometry":{"type":"Point","coordinates":[5.226753,52.091365]},"properties":{"type":"charge","layer":"passenger","locationId":"91066181","name":"50five-S NL 03990138","address":"Tesselschadelaan 4","city":"Zeist","operatorName":"50five","maxPowerKw":4,"isMegawatt":false,"status":"AVAILABLE","source":"ndw"}},{"type":"Feature","geometry":{"type":"Point","coordinates":[5.24626,52.12399]},"properties":{"type":"charge","layer":"passenger","locationId":"E5C2DB65-6449-4CE1-BAF5-ADFFF94171AC","name":"Eneco eMobility Brother Horeca Groep - De Hoefslag","address":"Vossenlaan 28","city":"Bosch en Duin","operatorName":"Eneco","maxPowerKw":22,"isMegawatt":false,"status":"AVAILABLE","source":"ndw","priceKwh":0.3}},{"type":"Feature","geometry":{"type":"Point","coordinates":[5.23268,52.13755]},"properties":{"type":"charge","layer":"passenger","locationId":"b5289555-2c09-437c-9f6e-a8d72cb37238","name":"PP001813 - Tolhuislaan 91, Den Dolder","address":"91 Tolhuislaan","city":"Den Dolder","operatorName":"TotalEnergies","maxPowerKw":11,"isMegawatt":false,"status":"CHARGING","source":"ndw"}},{"type":"Feature","geometry":{"type":"Point","coordinates":[5.246227,52.103086]},"properties":{"type":"charge","layer":"passenger","locationId":"7f397d40fdcdc69131890eac62d89766","name":"Walraven van Halllaan 26","address":"Walraven van Halllaan 26","city":"Zeist","operatorName":"Vattenfall InCharge","maxPowerKw":11,"isMegawatt":false,"status":"AVAILABLE","source":"ndw","priceKwh":0.2805}},{"type":"Feature","geometry":{"type":"Point","coordinates":[5.2334423,52.0920966]},"properties":{"type":"charge","layer":"passenger","locationId":"1917","name":"Shell Recharge NL Nicolaas Beetslaan 14","address":"Nicolaas Beetslaan 14","city":"Zeist","operatorName":"Ubitricity","maxPowerKw":22,"isMegawatt":false,"status":"AVAILABLE","source":"ndw","priceKwh":0.267}},{"type":"Feature","geometry":{"type":"Point","coordinates":[5.215016,52.080315]},"properties":{"type":"charge","layer":"passenger","locationId":"71362313-A57E-40B5-A43C-0020561DA9B1","name":"TNLP015288 - Brugakker 1055, Zeist","address":"1055 Brugakker","city":"Zeist","operatorName":"TotalEnergies","maxPowerKw":17,"isMegawatt":false,"status":"AVAILABLE","source":"ndw"}},{"type":"Feature","geometry":{"type":"Point","coordinates":[5.23951,52.084152]},"properties":{"type":"charge","layer":"passenger","locationId":"fdf27c9e-af8e-41ac-81d5-5783525a31de","name":"TNLP006066 - Kerkweg 9, Zeist","address":"9 Kerkweg","city":"Zeist","operatorName":"TotalEnergies","maxPowerKw":17,"isMegawatt":false,"status":"AVAILABLE","source":"ndw"}},{"type":"Feature","geometry":{"type":"Point","coordinates":[5.247849,52.094988]},"properties":{"type":"charge","layer":"passenger","locationId":"91088480","name":"50five-S NL 07140979","address":"Berkenlaan 30","city":"Zeist","operatorName":"50five","maxPowerKw":11,"isMegawatt":false,"status":"AVAILABLE","source":"ndw"}},{"type":"Feature","geometry":{"type":"Point","coordinates":[5.231057,52.07946]},"properties":{"type":"charge","layer":"passenger","locationId":"8EDA801D-B7B0-418A-843D-08546E6F1893","name":"TNLP008268 - Waterigeweg 38, Zeist","address":"38 Waterigeweg","city":"Zeist","operatorName":"TotalEnergies","maxPowerKw":13,"isMegawatt":false,"status":"AVAILABLE","source":"ndw"}},{"type":"Feature","geometry":{"type":"Point","coordinates":[5.241418,52.09282]},"properties":{"type":"charge","layer":"passenger","locationId":"158dd9b6-5b30-4cb6-889c-5ad9dff8d834","name":"TNLP008288 - Jacob van Lenneplaan 8, Zeist","address":"8 Jacob van Lenneplaan","city":"Zeist","operatorName":"TotalEnergies","maxPowerKw":13,"isMegawatt":false,"status":"UNAVAILABLE","source":"ndw"}},{"type":"Feature","geometry":{"type":"Point","coordinates":[5.238613,52.143744]},"properties":{"type":"charge","layer":"passenger","locationId":"eac9f5195a9ae7fd9e06407efc35d8a0","name":"Dolderseweg 129","address":"Dolderseweg 129","city":"Den Dolder","operatorName":"Vattenfall InCharge","maxPowerKw":11,"isMegawatt":false,"status":"AVAILABLE","source":"ndw","priceKwh":0.2805}},{"type":"Feature","geometry":{"type":"Point","coordinates":[5.266057,52.11707]},"properties":{"type":"charge","layer":"passenger","locationId":"66bcadf23624e4001c7b214d","name":"Stichting tot Steun van de Protestantse Geestelijke Verzorging bij de Krijgsmacht","address":"Amersfoortseweg 59","city":"Huis ter Heide","operatorName":"Pluq","maxPowerKw":22,"isMegawatt":false,"status":"AVAILABLE","source":"ndw","priceKwh":0.38}},{"type":"Feature","geometry":{"type":"Point","coordinates":[5.211867,52.084152]},"properties":{"type":"charge","layer":"passenger","locationId":"AD14E80A-59F1-4652-9BF0-2B1E63670931","name":"TNLP034171 - Brugakker 4134, Zeist","address":"4134 Brugakker","city":"Zeist","operatorName":"TotalEnergies","maxPowerKw":13,"isMegawatt":false,"status":"AVAILABLE","source":"ndw"}},{"type":"Feature","geometry":{"type":"Point","coordinates":[5.225368,52.079459]},"properties":{"type":"charge","layer":"passenger","locationId":"9e47dbe7989058a5fd41929ed6a590f5","name":"Godfried van Seijstlaan 50","address":"Godfried van Seijstlaan 50","city":"Zeist","operatorName":"Vattenfall InCharge","maxPowerKw":11,"isMegawatt":false,"status":"AVAILABLE","source":"ndw","priceKwh":0.2805}},{"type":"Feature","geometry":{"type":"Point","coordinates":[5.254456,52.11126]},"properties":{"type":"charge","layer":"passenger","locationId":"B9DDBA1C-B219-4975-8576-7D8615AB24C8","name":"TNLP009427 - Korte Bergweg 64b, Huis ter Heide","address":"64b Korte Bergweg","city":"Huis ter Heide","operatorName":"TotalEnergies","maxPowerKw":17,"isMegawatt":false,"status":"AVAILABLE","source":"ndw"}},{"type":"Feature","geometry":{"type":"Point","coordinates":[5.250617,52.098712]},"properties":{"type":"charge","layer":"passenger","locationId":"91089476","name":"50five-S NL 07103828","address":"Dr s'Jacoblaan 25","city":"Zeist","operatorName":"50five","maxPowerKw":11,"isMegawatt":false,"status":"UNAVAILABLE","source":"ndw"}},{"type":"Feature","geometry":{"type":"Point","coordinates":[5.23674,52.09305]},"properties":{"type":"charge","layer":"passenger","locationId":"59756fbf-0188-41bd-bc76-b52b7c6be598","name":"PP001812 - Jacob van Lennepplein 11, Zeist","address":"11 Jacob van Lennepplein","city":"Zeist","operatorName":"TotalEnergies","maxPowerKw":11,"isMegawatt":false,"status":"AVAILABLE","source":"ndw"}},{"type":"Feature","geometry":{"type":"Point","coordinates":[5.222524,52.095375]},"properties":{"type":"charge","layer":"passenger","locationId":"0935544a-2046-419d-b3f6-22e28cdc4a03","name":"TNLP009428 - Roggeakker 89, Zeist","address":"89 Roggeakker","city":"Zeist","operatorName":"TotalEnergies","maxPowerKw":17,"isMegawatt":false,"status":"AVAILABLE","source":"ndw"}},{"type":"Feature","geometry":{"type":"Point","coordinates":[5.263918,52.10097]},"properties":{"type":"charge","layer":"passenger","locationId":"69aa76b154d2194f8b06ddf5","name":"Youke Zeist","address":"Verlengde slotlaan 109","city":"Zeist","operatorName":"Greenchoice B.V.","maxPowerKw":32,"isMegawatt":false,"status":"AVAILABLE","source":"ndw","priceKwh":0.38}},{"type":"Feature","geometry":{"type":"Point","coordinates":[5.231551,52.10225]},"properties":{"type":"charge","layer":"passenger","locationId":"02c60c13-9b84-499c-af0d-ec1be5441a3f","name":"TNLP007123 - Laan van Vollenhove 1275, Zeist","address":"1275 Laan van Vollenhove","city":"Zeist","operatorName":"TotalEnergies","maxPowerKw":17,"isMegawatt":false,"status":"AVAILABLE","source":"ndw"}},{"type":"Feature","geometry":{"type":"Point","coordinates":[5.217334,52.091745]},"properties":{"type":"charge","layer":"passenger","locationId":"f0c965d186a67ea5133a0562b904ef28","name":"Crosestein 2064","address":"Crosestein 2064","city":"Zeist","operatorName":"Vattenfall InCharge","maxPowerKw":11,"isMegawatt":false,"status":"AVAILABLE","source":"ndw","priceKwh":0.2805}},{"type":"Feature","geometry":{"type":"Point","coordinates":[5.235587,52.102493]},"properties":{"type":"charge","layer":"passenger","locationId":"E448245C-60A0-4D74-8B6C-481E2CAF4187","name":"TNLP009035 - Laan van Vollenhove 341, Zeist","address":"341 Laan van Vollenhove","city":"Zeist","operatorName":"TotalEnergies","maxPowerKw":17,"isMegawatt":false,"status":"AVAILABLE","source":"ndw"}},{"type":"Feature","geometry":{"type":"Point","coordinates":[5.223745,52.08103]},"properties":{"type":"charge","layer":"passenger","locationId":"04B0F4E9-8111-410F-8C30-6324EA1ED202","name":"PP005543 - Laan van Cattenbroeck 74, Zeist","address":"74 Laan van Cattenbroeck","city":"Zeist","operatorName":"TotalEnergies","maxPowerKw":11,"isMegawatt":false,"status":"AVAILABLE","source":"ndw"}},{"type":"Feature","geometry":{"type":"Point","coordinates":[5.24581,52.07737]},"properties":{"type":"charge","layer":"passenger","locationId":"1A3E6B9F-5F1B-4F6E-8971-5C99B784B1D9","name":"TNLP003578 - Molenweg 9, Zeist","address":"9 Molenweg","city":"Zeist","operatorName":"TotalEnergies","maxPowerKw":17,"isMegawatt":false,"status":"UNAVAILABLE","source":"ndw"}},{"type":"Feature","geometry":{"type":"Point","coordinates":[5.225201,52.1012]},"properties":{"type":"charge","layer":"passenger","locationId":"6FBD2CDE-1CB1-4CB0-B43B-2E8B91909B17","name":"TNLP015299 - Laan van Vollenhove 2251, Zeist","address":"2251 Laan van Vollenhove","city":"Zeist","operatorName":"TotalEnergies","maxPowerKw":17,"isMegawatt":false,"status":"AVAILABLE","source":"ndw"}},{"type":"Feature","geometry":{"type":"Point","coordinates":[5.245368,52.10092]},"properties":{"type":"charge","layer":"passenger","locationId":"7A7457C8-F9CD-4C7A-81E1-E6070625262B","name":"TNLP034168 - Dijnselweg 146, Zeist","address":"146 Dijnselweg","city":"Zeist","operatorName":"TotalEnergies","maxPowerKw":13,"isMegawatt":false,"status":"CHARGING","source":"ndw"}},{"type":"Feature","geometry":{"type":"Point","coordinates":[5.22286,52.10081]},"properties":{"type":"charge","layer":"passenger","locationId":"A30C26D7-BE6D-4D1E-87B5-36C73189C154","name":"TNLP003670 - Laan van Vollenhove 2701, Zeist","address":"2701 Laan van Vollenhove","city":"Zeist","operatorName":"TotalEnergies","maxPowerKw":17,"isMegawatt":false,"status":"AVAILABLE","source":"ndw"}},{"type":"Feature","geometry":{"type":"Point","coordinates":[5.241122,52.096622]},"properties":{"type":"charge","layer":"passenger","locationId":"C98FAB4B-C68F-4565-AC27-8098D6197F9D","name":"TNLP006077 - Van der Heijdenlaan 59, Zeist","address":"59 Van der Heijdenlaan","city":"Zeist","operatorName":"TotalEnergies","maxPowerKw":17,"isMegawatt":false,"status":"UNAVAILABLE","source":"ndw"}},{"type":"Feature","geometry":{"type":"Point","coordinates":[5.3133,52.08166]},"properties":{"type":"charge","layer":"passenger","locationId":"C388F61A-EDC6-4B36-B974-DB7A573EA129","name":"TNLP034128 - Meester Ansinkweg 14, Austerlitz","address":"14 Meester Ansinkweg","city":"Austerlitz","operatorName":"TotalEnergies","maxPowerKw":13,"isMegawatt":false,"status":"AVAILABLE","source":"ndw"}},{"type":"Feature","geometry":{"type":"Point","coordinates":[5.25341,52.099098]},"properties":{"type":"charge","layer":"passenger","locationId":"6186591d9846f80233690aee","name":"PowerCharger5000","address":"Burgemeester van Tuylllaan 50","city":"Zeist","operatorName":"E-Flux by Road","maxPowerKw":11,"isMegawatt":false,"status":"CHARGING","source":"ndw","priceKwh":0.33}},{"type":"Feature","geometry":{"type":"Point","coordinates":[5.253595,52.090761]},"properties":{"type":"charge","layer":"passenger","locationId":"91095908","name":"50five-S NL 07105044","address":"Lyceumlaan 9","city":"Zeist","operatorName":"50five","maxPowerKw":11,"isMegawatt":false,"status":"AVAILABLE","source":"ndw"}},{"type":"Feature","geometry":{"type":"Point","coordinates":[5.241852,52.140962]},"properties":{"type":"charge","layer":"passenger","locationId":"63bed71a58e91e00126771da","name":"Laadpaal Pelle","address":"Duivenhorst 9","city":"Den Dolder","operatorName":"E-Flux by Road","maxPowerKw":11,"isMegawatt":false,"status":"AVAILABLE","source":"ndw","priceKwh":0.43}},{"type":"Feature","geometry":{"type":"Point","coordinates":[5.235551,52.0988294]},"properties":{"type":"charge","layer":"passenger","locationId":"2908","name":"Shell Recharge NL Doctor H. Colijnlaan 32","address":"Doctor H. Colijnlaan 32","city":"Zeist","operatorName":"Ubitricity","maxPowerKw":22,"isMegawatt":false,"status":"AVAILABLE","source":"ndw","priceKwh":0.267}},{"type":"Feature","geometry":{"type":"Point","coordinates":[5.27804,52.11495]},"properties":{"type":"charge","layer":"passenger","locationId":"431","name":"Shell Recharge NL Kometenlaan 50","address":"Kometenlaan 50","city":"Huis ter Heide","operatorName":"Ubitricity","maxPowerKw":11,"isMegawatt":false,"status":"AVAILABLE","source":"ndw","priceKwh":0.392}},{"type":"Feature","geometry":{"type":"Point","coordinates":[5.23812,52.07821]},"properties":{"type":"charge","layer":"passenger","locationId":"392","name":"Shell Recharge NL Zinzendorflaan 2B","address":"Zinzendorflaan 2B","city":"Zeist","operatorName":"Ubitricity","maxPowerKw":22,"isMegawatt":false,"status":"AVAILABLE","source":"ndw","priceKwh":0.392}},{"type":"Feature","geometry":{"type":"Point","coordinates":[5.24454,52.09342]},"properties":{"type":"charge","layer":"passenger","locationId":"b0c75da9-3242-4278-8983-369f79a6f8f3","name":"TNLP007169 - Minckelerslaan 55, Zeist","address":"55 Minckelerslaan","city":"Zeist","operatorName":"TotalEnergies","maxPowerKw":17,"isMegawatt":false,"status":"AVAILABLE","source":"ndw"}},{"type":"Feature","geometry":{"type":"Point","coordinates":[5.241178,52.09481]},"properties":{"type":"charge","layer":"passenger","locationId":"D68141BF-5549-4E19-9C8C-CD1264098932","name":"TNLP009742 - Schaerweijdelaan 111, Zeist","address":"111 Schaerweijdelaan","city":"Zeist","operatorName":"TotalEnergies","maxPowerKw":17,"isMegawatt":false,"status":"AVAILABLE","source":"ndw"}},{"type":"Feature","geometry":{"type":"Point","coordinates":[5.2429,52.09284]},"properties":{"type":"charge","layer":"passenger","locationId":"9AF31D09-86CF-44DD-BDDB-16047F312CF0","name":"TNLP009917 - Berkenlaan 2, Zeist","address":"2 Berkenlaan","city":"Zeist","operatorName":"TotalEnergies","maxPowerKw":17,"isMegawatt":false,"status":"AVAILABLE","source":"ndw"}},{"type":"Feature","geometry":{"type":"Point","coordinates":[5.243511,52.07908]},"properties":{"type":"charge","layer":"passenger","locationId":"91276580","name":"50five-S NL 03004348","address":"Sparrenheuvel 8","city":"Zeist","operatorName":"50five","maxPowerKw":4,"isMegawatt":false,"status":"UNAVAILABLE","source":"ndw"}},{"type":"Feature","geometry":{"type":"Point","coordinates":[5.268598,52.104682]},"properties":{"type":"charge","layer":"passenger","locationId":"89291636","name":"50five Exploitatie Hein Bottingalaan 1, Zeist","address":"Hein Bottingalaan 1","city":"Zeist","operatorName":"50five","maxPowerKw":11,"isMegawatt":false,"status":"AVAILABLE","source":"ndw"}},{"type":"Feature","geometry":{"type":"Point","coordinates":[5.22278,52.08468]},"properties":{"type":"charge","layer":"passenger","locationId":"81","name":"Shell Recharge NL Nijenheim 3302","address":"Nijenheim 3302","city":"Zeist","operatorName":"Ubitricity","maxPowerKw":11,"isMegawatt":false,"status":"AVAILABLE","source":"ndw","priceKwh":0.392}},{"type":"Feature","geometry":{"type":"Point","coordinates":[5.24791,52.08661]},"properties":{"type":"charge","layer":"passenger","locationId":"1612","name":"Shell Recharge NL Prins Hendriklaan 1","address":"Prins Hendriklaan 1","city":"Zeist","operatorName":"Ubitricity","maxPowerKw":11,"isMegawatt":false,"status":"AVAILABLE","source":"ndw","priceKwh":0.392}},{"type":"Feature","geometry":{"type":"Point","coordinates":[5.22814,52.07894]},"properties":{"type":"charge","layer":"passenger","locationId":"275","name":"Shell Recharge NL Laan van Cattenbroeck 19","address":"Laan van Cattenbroeck 19","city":"Zeist","operatorName":"Ubitricity","maxPowerKw":11,"isMegawatt":false,"status":"AVAILABLE","source":"ndw","priceKwh":0.392}},{"type":"Feature","geometry":{"type":"Point","coordinates":[5.269275,52.118281]},"properties":{"type":"charge","layer":"passenger","locationId":"f38cd02529f6713bd92fec29487b1398","name":"Beukbergenlaan 16","address":"Beukbergenlaan 16","city":"Huis Ter Heide","operatorName":"Vattenfall InCharge","maxPowerKw":11,"isMegawatt":false,"status":"AVAILABLE","source":"ndw","priceKwh":0.2805}},{"type":"Feature","geometry":{"type":"Point","coordinates":[5.26185,52.07489]},"properties":{"type":"charge","layer":"passenger","locationId":"8688CD4E-95A4-4139-AC27-C43A60989A70","name":"TNLP005839 - Sophialaan 39, Zeist","address":"39 Sophialaan","city":"Zeist","operatorName":"TotalEnergies","maxPowerKw":11,"isMegawatt":false,"status":"AVAILABLE","source":"ndw"}},{"type":"Feature","geometry":{"type":"Point","coordinates":[5.24369,52.079099]},"properties":{"type":"charge","layer":"passenger","locationId":"91275909","name":"50five-S NL 03004363","address":"Sparrenheuvel 8","city":"Zeist","operatorName":"50five","maxPowerKw":4,"isMegawatt":false,"status":"UNAVAILABLE","source":"ndw"}},{"type":"Feature","geometry":{"type":"Point","coordinates":[5.23942,52.09141]},"properties":{"type":"charge","layer":"passenger","locationId":"264","name":"Shell Recharge NL van Reenenweg 151","address":"van Reenenweg 151","city":"Zeist","operatorName":"Ubitricity","maxPowerKw":11,"isMegawatt":false,"status":"AVAILABLE","source":"ndw","priceKwh":0.392}},{"type":"Feature","geometry":{"type":"Point","coordinates":[5.24992,52.10117]},"properties":{"type":"charge","layer":"passenger","locationId":"1581","name":"Shell Recharge NL Nepveulaan 166","address":"Nepveulaan 166","city":"Zeist","operatorName":"Ubitricity","maxPowerKw":11,"isMegawatt":false,"status":"AVAILABLE","source":"ndw","priceKwh":0.392}},{"type":"Feature","geometry":{"type":"Point","coordinates":[5.221915,52.094639]},"properties":{"type":"charge","layer":"passenger","locationId":"91092413","name":"50five-S NL 07117423","address":"Roggeakker 63","city":"Zeist","operatorName":"50five","maxPowerKw":8,"isMegawatt":false,"status":"AVAILABLE","source":"ndw"}},{"type":"Feature","geometry":{"type":"Point","coordinates":[5.215016,52.094015]},"properties":{"type":"charge","layer":"passenger","locationId":"91066422","name":"50five-S NL 17B06926","address":"Kroostweg-Noord 164a","city":"Zeist","operatorName":"50five","maxPowerKw":14,"isMegawatt":false,"status":"AVAILABLE","source":"ndw"}},{"type":"Feature","geometry":{"type":"Point","coordinates":[5.267204,52.102203]},"properties":{"type":"charge","layer":"passenger","locationId":"66bca457c2d924001cffc4b2","name":"ZTC Shot via Sportstroom","address":"Verlengde Slotlaan 117","city":"Zeist","operatorName":"Pluq","maxPowerKw":21,"isMegawatt":false,"status":"AVAILABLE","source":"ndw","priceKwh":0.39}},{"type":"Feature","geometry":{"type":"Point","coordinates":[5.2622452,52.0749518]},"properties":{"type":"charge","layer":"passenger","locationId":"1843","name":"Shell Recharge NL Sophialaan 39","address":"Sophialaan 39","city":"Zeist","operatorName":"Ubitricity","maxPowerKw":22,"isMegawatt":false,"status":"AVAILABLE","source":"ndw","priceKwh":0.267}},{"type":"Feature","geometry":{"type":"Point","coordinates":[5.22412,52.08564]},"properties":{"type":"charge","layer":"passenger","locationId":"455","name":"Shell Recharge NL Nijenheim 2112","address":"Nijenheim 2112","city":"Zeist","operatorName":"Ubitricity","maxPowerKw":11,"isMegawatt":false,"status":"AVAILABLE","source":"ndw","priceKwh":0.392}},{"type":"Feature","geometry":{"type":"Point","coordinates":[5.22559,52.0939]},"properties":{"type":"charge","layer":"passenger","locationId":"4F4D8942-7AAF-40AA-9CEF-ADEFC01AC9A8","name":"TNLP006970 - Sanatoriumlaan 47, Zeist","address":"47 Sanatoriumlaan","city":"Zeist","operatorName":"TotalEnergies","maxPowerKw":17,"isMegawatt":false,"status":"AVAILABLE","source":"ndw"}},{"type":"Feature","geometry":{"type":"Point","coordinates":[5.23688,52.08627]},"properties":{"type":"charge","layer":"passenger","locationId":"ceb480e4-ff85-4a0d-aba8-27f92a1b0dc9","name":"PP001497 - Lommerlust 29, Zeist","address":"29 Lommerlust","city":"Zeist","operatorName":"TotalEnergies","maxPowerKw":11,"isMegawatt":false,"status":"AVAILABLE","source":"ndw"}},{"type":"Feature","geometry":{"type":"Point","coordinates":[5.2244004,52.0865962]},"properties":{"type":"charge","layer":"passenger","locationId":"1170","name":"Shell Recharge NL Nijenheim 1144","address":"Nijenheim 1144","city":"Zeist","operatorName":"Ubitricity","maxPowerKw":22,"isMegawatt":false,"status":"AVAILABLE","source":"ndw","priceKwh":0.267}},{"type":"Feature","geometry":{"type":"Point","coordinates":[5.2146832,52.0815633]},"properties":{"type":"charge","layer":"passenger","locationId":"1884","name":"Shell Recharge NL Brugakker 3642","address":"Brugakker 3642","city":"Zeist","operatorName":"Ubitricity","maxPowerKw":22,"isMegawatt":false,"status":"CHARGING","source":"ndw","priceKwh":0.267}},{"type":"Feature","geometry":{"type":"Point","coordinates":[5.259426,52.10865]},"properties":{"type":"charge","layer":"passenger","locationId":"8D059B57-EB21-45BA-A114-0C84C72EC73C","name":"Eneco eMobility Blanckenhageweg 8 HUIS TER HEIDE UT","address":"Blanckenhageweg 8","city":"HUIS TER HEIDE UT","operatorName":"Eneco","maxPowerKw":22,"isMegawatt":false,"status":"AVAILABLE","source":"ndw","priceKwh":0.32}},{"type":"Feature","geometry":{"type":"Point","coordinates":[5.241676,52.141022]},"properties":{"type":"charge","layer":"passenger","locationId":"91151347","name":"50five-S NL 07117232","address":"Duivenhorst 11","city":"Den Dolder","operatorName":"50five","maxPowerKw":11,"isMegawatt":false,"status":"AVAILABLE","source":"ndw"}},{"type":"Feature","geometry":{"type":"Point","coordinates":[5.2454,52.15041]},"properties":{"type":"charge","layer":"passenger","locationId":"841071D9-7A7A-48EC-9831-0F987C116555","name":"Eneco eMobility Reinaerde Het Plein 4 - Den Dolder","address":"Het Plein 4","city":"Den Dolder","operatorName":"Eneco","maxPowerKw":22,"isMegawatt":false,"status":"AVAILABLE","source":"ndw","priceKwh":0.32}},{"type":"Feature","geometry":{"type":"Point","coordinates":[5.21613,52.09405]},"properties":{"type":"charge","layer":"passenger","locationId":"67d2b208ec93f271e96ef7bb","name":"S Li 's station","address":"Zeister Eng \t14","city":"Zeist","operatorName":"E-Flux by Road","maxPowerKw":17,"isMegawatt":false,"status":"AVAILABLE","source":"ndw","priceKwh":0.3}},{"type":"Feature","geometry":{"type":"Point","coordinates":[5.214887,52.096309]},"properties":{"type":"charge","layer":"passenger","locationId":"3966842","name":"Laadnet Deldensweg 12","address":"Van Deldensweg 12","city":"Hattem","operatorName":"Laadnet","maxPowerKw":11,"isMegawatt":false,"status":"UNAVAILABLE","source":"ndw"}},{"type":"Feature","geometry":{"type":"Point","coordinates":[5.24196,52.09888]},"properties":{"type":"charge","layer":"passenger","locationId":"7","name":"Shell Recharge NL Johan van Oldenbarneveltlaan 132","address":"Johan van Oldenbarneveltlaan 132","city":"Zeist","operatorName":"Ubitricity","maxPowerKw":11,"isMegawatt":false,"status":"AVAILABLE","source":"ndw","priceKwh":0.392}},{"type":"Feature","geometry":{"type":"Point","coordinates":[5.2572,52.10448]},"properties":{"type":"charge","layer":"passenger","locationId":"16ee015b-e8ac-4ced-be8d-73b3f4351e1c","name":"PP001007 - Huis ter Heideweg 58, Zeist","address":"58 Huis ter Heideweg","city":"Zeist","operatorName":"TotalEnergies","maxPowerKw":11,"isMegawatt":false,"status":"AVAILABLE","source":"ndw"}},{"type":"Feature","geometry":{"type":"Point","coordinates":[5.25055,52.07741]},"properties":{"type":"charge","layer":"passenger","locationId":"100","name":"Shell Recharge NL Arnhemse Bovenweg 12","address":"Arnhemse Bovenweg 12","city":"Zeist","operatorName":"Ubitricity","maxPowerKw":11,"isMegawatt":false,"status":"AVAILABLE","source":"ndw","priceKwh":0.392}},{"type":"Feature","geometry":{"type":"Point","coordinates":[5.2141983,52.0857083]},"properties":{"type":"charge","layer":"passenger","locationId":"1137","name":"Shell Recharge NL Waterhoenlaan 3","address":"Waterhoenlaan 3","city":"Zeist","operatorName":"Ubitricity","maxPowerKw":22,"isMegawatt":false,"status":"AVAILABLE","source":"ndw","priceKwh":0.267}},{"type":"Feature","geometry":{"type":"Point","coordinates":[5.21403,52.09035]},"properties":{"type":"charge","layer":"passenger","locationId":"146","name":"Shell Recharge NL Zeisteroever 62","address":"Zeisteroever 62","city":"Zeist","operatorName":"Ubitricity","maxPowerKw":11,"isMegawatt":false,"status":"AVAILABLE","source":"ndw","priceKwh":0.392}},{"type":"Feature","geometry":{"type":"Point","coordinates":[5.2153,52.09156]},"properties":{"type":"charge","layer":"passenger","locationId":"06893237-650d-4f98-bc6f-0894afdfdc99","name":"PP005351 - Crosestein 3404, Zeist","address":"3404 Crosestein","city":"Zeist","operatorName":"TotalEnergies","maxPowerKw":17,"isMegawatt":false,"status":"CHARGING","source":"ndw"}},{"type":"Feature","geometry":{"type":"Point","coordinates":[5.24326,52.09321]},"properties":{"type":"charge","layer":"passenger","locationId":"433","name":"Shell Recharge NL Bergweg 66","address":"Bergweg 66","city":"Zeist","operatorName":"Ubitricity","maxPowerKw":11,"isMegawatt":false,"status":"AVAILABLE","source":"ndw","priceKwh":0.392}},{"type":"Feature","geometry":{"type":"Point","coordinates":[5.233831,52.136826]},"properties":{"type":"charge","layer":"passenger","locationId":"4E47A8AB-6AD8-427D-983E-DDAD487EE4CB","name":"TNLP034345 - Hezer Enghweg 122, Den Dolder","address":"122 Hezer Enghweg","city":"Den Dolder","operatorName":"TotalEnergies","maxPowerKw":13,"isMegawatt":false,"status":"UNAVAILABLE","source":"ndw"}},{"type":"Feature","geometry":{"type":"Point","coordinates":[5.231064,52.091331]},"properties":{"type":"charge","layer":"passenger","locationId":"91231486","name":"50five-S NL 17B19332","address":"Prof. Sproncklaan 52","city":"Zeist","operatorName":"50five","maxPowerKw":11,"isMegawatt":false,"status":"AVAILABLE","source":"ndw"}},{"type":"Feature","geometry":{"type":"Point","coordinates":[5.212303,52.089704]},"properties":{"type":"charge","layer":"passenger","locationId":"ff4776da0321f79676682f0dd4cb5799","name":"Zeisteroever 2","address":"Zeisteroever 2","city":"Zeist","operatorName":"Vattenfall InCharge","maxPowerKw":11,"isMegawatt":false,"status":"AVAILABLE","source":"ndw","priceKwh":0.2805}},{"type":"Feature","geometry":{"type":"Point","coordinates":[5.23551,52.13956]},"properties":{"type":"charge","layer":"passenger","locationId":"46BA8600-5D35-4AB9-A0E0-6BD32F12C087","name":"TNLP003609 - Willem Arntszlaan 94, Den Dolder","address":"94 Willem Arntszlaan","city":"Den Dolder","operatorName":"TotalEnergies","maxPowerKw":17,"isMegawatt":false,"status":"AVAILABLE","source":"ndw"}},{"type":"Feature","geometry":{"type":"Point","coordinates":[5.26936,52.078735]},"properties":{"type":"charge","layer":"passenger","locationId":"41135746-A85F-491D-A598-15BA4A03A6E0","name":"TNLP009553 - Prinses Catharina Amalialaan 40, Zeist","address":"40 Prinses Catharina Amalialaan","city":"Zeist","operatorName":"TotalEnergies","maxPowerKw":17,"isMegawatt":false,"status":"AVAILABLE","source":"ndw"}},{"type":"Feature","geometry":{"type":"Point","coordinates":[5.214005,52.09399]},"properties":{"type":"charge","layer":"passenger","locationId":"0af7bda2-7814-4744-9bc4-f3ffc20e4d9b","name":"Fazantenlaan","address":"Fazantenlaan 2","city":"Zeist","operatorName":"Vattenfall InCharge","maxPowerKw":11,"isMegawatt":false,"status":"UNAVAILABLE","source":"ndw","priceKwh":0.4316}},{"type":"Feature","geometry":{"type":"Point","coordinates":[5.2648379,52.0733742]},"properties":{"type":"charge","layer":"passenger","locationId":"2722","name":"Shell Recharge NL Prinses Marijkelaan 229","address":"Prinses Marijkelaan 229","city":"Zeist","operatorName":"Ubitricity","maxPowerKw":22,"isMegawatt":false,"status":"UNAVAILABLE","source":"ndw","priceKwh":0.267}},{"type":"Feature","geometry":{"type":"Point","coordinates":[5.252716,52.111804]},"properties":{"type":"charge","layer":"passenger","locationId":"91106383","name":"50five-S NL 09102392","address":"Amersfoortseweg 10F","city":"Huis Ter Heide","operatorName":"50five","maxPowerKw":11,"isMegawatt":false,"status":"AVAILABLE","source":"ndw"}},{"type":"Feature","geometry":{"type":"Point","coordinates":[5.235241,52.09617]},"properties":{"type":"charge","layer":"passenger","locationId":"E4876000-DEDF-45DF-9B08-5711446E6C79","name":"TNLP007479 - Egelinglaan 57, Zeist","address":"57 Egelinglaan","city":"Zeist","operatorName":"TotalEnergies","maxPowerKw":17,"isMegawatt":false,"status":"AVAILABLE","source":"ndw"}},{"type":"Feature","geometry":{"type":"Point","coordinates":[5.242154,52.091614]},"properties":{"type":"charge","layer":"passenger","locationId":"F4643BD2-BCE9-4258-BDC9-A07CC81552B5","name":"TNLP009005 - Bergweg 36, Zeist","address":"36 Bergweg","city":"Zeist","operatorName":"TotalEnergies","maxPowerKw":14,"isMegawatt":false,"status":"AVAILABLE","source":"ndw"}},{"type":"Feature","geometry":{"type":"Point","coordinates":[5.249376,52.09743]},"properties":{"type":"charge","layer":"passenger","locationId":"B081A48F-4016-4FE2-9729-B3F260A97BAA","name":"TNLP034482 - Burgemeester Korthals Alteslaan 45, Zeist","address":"45 Burgemeester Korthals Alteslaan","city":"Zeist","operatorName":"TotalEnergies","maxPowerKw":13,"isMegawatt":false,"status":"UNAVAILABLE","source":"ndw"}},{"type":"Feature","geometry":{"type":"Point","coordinates":[5.223256,52.076218]},"properties":{"type":"charge","layer":"passenger","locationId":"01A2871D-739C-4995-BC84-3138794A8597","name":"TNLP008030 - Couwenhoven 5708, Zeist","address":"5708 Couwenhoven","city":"Zeist","operatorName":"TotalEnergies","maxPowerKw":17,"isMegawatt":false,"status":"AVAILABLE","source":"ndw"}},{"type":"Feature","geometry":{"type":"Point","coordinates":[5.2398884,52.1006783]},"properties":{"type":"charge","layer":"passenger","locationId":"927","name":"Shell Recharge NL W.H. Vliegenlaan 13","address":"W.H. Vliegenlaan 13","city":"Zeist","operatorName":"Ubitricity","maxPowerKw":22,"isMegawatt":false,"status":"AVAILABLE","source":"ndw","priceKwh":0.267}},{"type":"Feature","geometry":{"type":"Point","coordinates":[5.247776,52.100063]},"properties":{"type":"charge","layer":"passenger","locationId":"6DBB671D-7B8E-4839-AFA0-F96D5C0D9D72","name":"TNLP015291 - Javalaan 61, Zeist","address":"61 Javalaan","city":"Zeist","operatorName":"TotalEnergies","maxPowerKw":17,"isMegawatt":false,"status":"AVAILABLE","source":"ndw"}},{"type":"Feature","geometry":{"type":"Point","coordinates":[5.260123,52.081519]},"properties":{"type":"charge","layer":"passenger","locationId":"4232187","name":"Laadnet Tussen de dennen","address":"Tussen de Dennen 3","city":"Zeist","operatorName":"Laadnet","maxPowerKw":11,"isMegawatt":false,"status":"CHARGING","source":"ndw"}},{"type":"Feature","geometry":{"type":"Point","coordinates":[5.214861,52.094933]},"properties":{"type":"charge","layer":"passenger","locationId":"5904F994-3E9B-402B-A555-3132DAFD249B","name":"TNLP008509 - Vinkenlaag 2, Zeist","address":"2 Vinkenlaag","city":"Zeist","operatorName":"TotalEnergies","maxPowerKw":13,"isMegawatt":false,"status":"AVAILABLE","source":"ndw"}},{"type":"Feature","geometry":{"type":"Point","coordinates":[5.230183,52.091095]},"properties":{"type":"charge","layer":"passenger","locationId":"8A068863-236A-486A-8CD1-C8A6C1685B4D","name":"TNLP007869 - P.C. Hooftlaan 1, Zeist","address":"1 P.C. Hooftlaan","city":"Zeist","operatorName":"TotalEnergies","maxPowerKw":17,"isMegawatt":false,"status":"AVAILABLE","source":"ndw"}},{"type":"Feature","geometry":{"type":"Point","coordinates":[5.246126,52.070797]},"properties":{"type":"charge","layer":"passenger","locationId":"2673","name":"50five 2673","address":"Bunsingweg 2A","city":"Zeist","operatorName":"50five","maxPowerKw":4,"isMegawatt":false,"status":"AVAILABLE","source":"ndw"}},{"type":"Feature","geometry":{"type":"Point","coordinates":[5.2218648,52.0791422]},"properties":{"type":"charge","layer":"passenger","locationId":"963","name":"Shell Recharge NL Couwenhoven 8723","address":"Couwenhoven 8723","city":"Zeist","operatorName":"Ubitricity","maxPowerKw":22,"isMegawatt":false,"status":"AVAILABLE","source":"ndw","priceKwh":0.267}},{"type":"Feature","geometry":{"type":"Point","coordinates":[5.26114,52.07338]},"properties":{"type":"charge","layer":"passenger","locationId":"c4a2e097-d26d-4edd-b16d-8703c3f4b7ec","name":"PP001474 - Anna Paulownalaan 12, Zeist","address":"12 Anna Paulownalaan","city":"Zeist","operatorName":"TotalEnergies","maxPowerKw":11,"isMegawatt":false,"status":"CHARGING","source":"ndw"}},{"type":"Feature","geometry":{"type":"Point","coordinates":[5.2252753,52.0893437]},"properties":{"type":"charge","layer":"passenger","locationId":"769","name":"Shell Recharge NL Pastoor Cohustraat 28","address":"Pastoor Cohustraat 28","city":"Zeist","operatorName":"Ubitricity","maxPowerKw":22,"isMegawatt":false,"status":"AVAILABLE","source":"ndw","priceKwh":0.267}},{"type":"Feature","geometry":{"type":"Point","coordinates":[5.255505,52.0891]},"properties":{"type":"charge","layer":"passenger","locationId":"91168965","name":"50five-S NL 03008163","address":"Fransen van de Puttelaan 32","city":"Zeist","operatorName":"50five","maxPowerKw":4,"isMegawatt":false,"status":"AVAILABLE","source":"ndw"}},{"type":"Feature","geometry":{"type":"Point","coordinates":[5.23629,52.14161]},"properties":{"type":"charge","layer":"passenger","locationId":"d97b1818-ace4-4bc0-8b0e-f3f86d6a6d00","name":"PP005364 - Johannes Wierlaan 15, Den Dolder","address":"15 Johannes Wierlaan","city":"Den Dolder","operatorName":"TotalEnergies","maxPowerKw":11,"isMegawatt":false,"status":"CHARGING","source":"ndw"}},{"type":"Feature","geometry":{"type":"Point","coordinates":[5.22283,52.09409]},"properties":{"type":"charge","layer":"passenger","locationId":"80B100F6-FACD-449D-A3B3-8664C19A23B7","name":"TNLP008457 - Roggeakker 71, Zeist","address":"71 Roggeakker","city":"Zeist","operatorName":"TotalEnergies","maxPowerKw":13,"isMegawatt":false,"status":"AVAILABLE","source":"ndw"}},{"type":"Feature","geometry":{"type":"Point","coordinates":[5.236732,52.090232]},"properties":{"type":"charge","layer":"passenger","locationId":"1202a87f6baf7e951ed9386bdf708e8f","name":"Meester H. Marsmanstraat 12","address":"Meester H. Marsmanstraat 12","city":"Zeist","operatorName":"Vattenfall InCharge","maxPowerKw":11,"isMegawatt":false,"status":"AVAILABLE","source":"ndw","priceKwh":0.2805}},{"type":"Feature","geometry":{"type":"Point","coordinates":[5.246345,52.083341]},"properties":{"type":"charge","layer":"passenger","locationId":"91051245","name":"50five-S NL 17B13098","address":"Krullelaan 5b","city":"Zeist","operatorName":"50five","maxPowerKw":11,"isMegawatt":false,"status":"AVAILABLE","source":"ndw"}},{"type":"Feature","geometry":{"type":"Point","coordinates":[5.24925,52.09403]},"properties":{"type":"charge","layer":"passenger","locationId":"427","name":"Shell Recharge NL Dalweg 23","address":"Dalweg 23","city":"Zeist","operatorName":"Ubitricity","maxPowerKw":11,"isMegawatt":false,"status":"AVAILABLE","source":"ndw","priceKwh":0.392}},{"type":"Feature","geometry":{"type":"Point","coordinates":[5.2212183,52.0985113]},"properties":{"type":"charge","layer":"passenger","locationId":"771","name":"Shell Recharge NL Warande 205","address":"Warande 205","city":"Zeist","operatorName":"Ubitricity","maxPowerKw":22,"isMegawatt":false,"status":"AVAILABLE","source":"ndw","priceKwh":0.267}},{"type":"Feature","geometry":{"type":"Point","coordinates":[5.278594,52.11247]},"properties":{"type":"charge","layer":"passenger","locationId":"90D2183A-75B3-4B7A-9F2D-DAF18C748FBD","name":"TNLP006917 - Dierenriem 12, Huis ter Heide","address":"12 Dierenriem","city":"Huis ter Heide","operatorName":"TotalEnergies","maxPowerKw":17,"isMegawatt":false,"status":"AVAILABLE","source":"ndw"}},{"type":"Feature","geometry":{"type":"Point","coordinates":[5.246132,52.095652]},"properties":{"type":"charge","layer":"passenger","locationId":"91066116","name":"50five-S NL 07102609","address":"Gerolaan 69","city":"Zeist","operatorName":"50five","maxPowerKw":11,"isMegawatt":false,"status":"AVAILABLE","source":"ndw"}},{"type":"Feature","geometry":{"type":"Point","coordinates":[5.25038,52.088277]},"properties":{"type":"charge","layer":"passenger","locationId":"85617db4baf0313f0910ce25b388029f","name":"Stationslaan 1","address":"Stationslaan 1","city":"Zeist","operatorName":"Vattenfall InCharge","maxPowerKw":11,"isMegawatt":false,"status":"AVAILABLE","source":"ndw","priceKwh":0.2805}},{"type":"Feature","geometry":{"type":"Point","coordinates":[5.24415,52.08759]},"properties":{"type":"charge","layer":"passenger","locationId":"B7689C4A-D279-466C-9620-B2CE2E321CD3","name":"PP005472 - Middellaan 12, Zeist","address":"12 Middellaan","city":"Zeist","operatorName":"TotalEnergies","maxPowerKw":11,"isMegawatt":false,"status":"UNAVAILABLE","source":"ndw"}},{"type":"Feature","geometry":{"type":"Point","coordinates":[5.2405871,52.0962887]},"properties":{"type":"charge","layer":"passenger","locationId":"2493","name":"Shell Recharge NL Van der Heijdenlaan 44","address":"Van der Heijdenlaan 44","city":"Zeist","operatorName":"Ubitricity","maxPowerKw":22,"isMegawatt":false,"status":"AVAILABLE","source":"ndw","priceKwh":0.267}},{"type":"Feature","geometry":{"type":"Point","coordinates":[5.246153,52.085221]},"properties":{"type":"charge","layer":"passenger","locationId":"a8343d60f9c53febcfe7f615c8522d50","name":"Woudenbergseweg 26","address":"Woudenbergseweg 26","city":"Zeist","operatorName":"Vattenfall InCharge","maxPowerKw":11,"isMegawatt":false,"status":"AVAILABLE","source":"ndw","priceKwh":0.2805}},{"type":"Feature","geometry":{"type":"Point","coordinates":[5.250643,52.12008]},"properties":{"type":"charge","layer":"passenger","locationId":"CF8B3E9A-1B16-4A33-AEF3-6F8421883EEA","name":"TNLP006901 - Ruysdaellaan 30, Huis ter Heide","address":"30 Ruysdaellaan","city":"Huis ter Heide","operatorName":"TotalEnergies","maxPowerKw":17,"isMegawatt":false,"status":"AVAILABLE","source":"ndw"}},{"type":"Feature","geometry":{"type":"Point","coordinates":[5.245546,52.139378]},"properties":{"type":"charge","layer":"passenger","locationId":"2265f0c73782c8619d83b09271a78ddf","name":"Andreas Foxlaan 14","address":"Andreas Foxlaan 14","city":"Den Dolder","operatorName":"Vattenfall InCharge","maxPowerKw":11,"isMegawatt":false,"status":"AVAILABLE","source":"ndw","priceKwh":0.2805}},{"type":"Feature","geometry":{"type":"Point","coordinates":[5.23707,52.093]},"properties":{"type":"charge","layer":"passenger","locationId":"f16c0ebc2a20dec954f7d2a0c8303e44","name":"Schaerweijdelaan 45","address":"Schaerweijdelaan 45","city":"Zeist","operatorName":"Vattenfall InCharge","maxPowerKw":11,"isMegawatt":false,"status":"AVAILABLE","source":"ndw","priceKwh":0.2805}},{"type":"Feature","geometry":{"type":"Point","coordinates":[5.228971,52.10269]},"properties":{"type":"charge","layer":"passenger","locationId":"0C4EEEE3-5F0D-4C2B-934A-72CFA2793B45","name":"PP005173 - Laan van Vollenhove 1935, Zeist","address":"1935 Laan van Vollenhove","city":"Zeist","operatorName":"TotalEnergies","maxPowerKw":13,"isMegawatt":false,"status":"CHARGING","source":"ndw"}},{"type":"Feature","geometry":{"type":"Point","coordinates":[5.271241,52.07895]},"properties":{"type":"charge","layer":"passenger","locationId":"FF1013E0-1081-4A9B-B70B-2134276EE802","name":"TNLP007473 - Prinses Catharina Amalialaan 59, Zeist","address":"59 Prinses Catharina Amalialaan","city":"Zeist","operatorName":"TotalEnergies","maxPowerKw":17,"isMegawatt":false,"status":"AVAILABLE","source":"ndw"}},{"type":"Feature","geometry":{"type":"Point","coordinates":[5.241836,52.08716]},"properties":{"type":"charge","layer":"passenger","locationId":"ed2e099d-7b83-4446-8064-66d045f32b0b","name":"Laadplein - PP005164 - Weeshuislaan 30, Zeist","address":"30 Weeshuislaan","city":"Zeist","operatorName":"TotalEnergies","maxPowerKw":15,"isMegawatt":false,"status":"AVAILABLE","source":"ndw"}},{"type":"Feature","geometry":{"type":"Point","coordinates":[5.242832,52.13886]},"properties":{"type":"charge","layer":"passenger","locationId":"D79FC588-408C-4FFB-AFB8-3F63264E4FED","name":"TNLP015179 - Dolderseweg 81, Den Dolder","address":"81 Dolderseweg","city":"Den Dolder","operatorName":"TotalEnergies","maxPowerKw":17,"isMegawatt":false,"status":"UNAVAILABLE","source":"ndw"}},{"type":"Feature","geometry":{"type":"Point","coordinates":[5.25128,52.09752]},"properties":{"type":"charge","layer":"passenger","locationId":"70501b33-8c7a-47e9-a209-187c6a1741f2","name":"PP001491 - Van Tetslaan 4, Zeist","address":"4 Van Tetslaan","city":"Zeist","operatorName":"TotalEnergies","maxPowerKw":11,"isMegawatt":false,"status":"AVAILABLE","source":"ndw"}},{"type":"Feature","geometry":{"type":"Point","coordinates":[5.23157,52.09129]},"properties":{"type":"charge","layer":"passenger","locationId":"1c04eab7-5869-4ae4-aad8-d32b0510b2f9","name":"PP001151 - Roemer Visscherlaan 1, Zeist","address":"1 Roemer Visscherlaan","city":"Zeist","operatorName":"TotalEnergies","maxPowerKw":11,"isMegawatt":false,"status":"UNAVAILABLE","source":"ndw"}},{"type":"Feature","geometry":{"type":"Point","coordinates":[5.230753,52.084354]},"properties":{"type":"charge","layer":"passenger","locationId":"91231411","name":"50five-S NL 04003476","address":"Van Renesselaan 30a","city":"Zeist","operatorName":"50five","maxPowerKw":7,"isMegawatt":false,"status":"UNAVAILABLE","source":"ndw"}},{"type":"Feature","geometry":{"type":"Point","coordinates":[5.235358,52.083218]},"properties":{"type":"charge","layer":"passenger","locationId":"4FAE2BED-000B-4EC0-ABAC-C0C7E83E4FE4","name":"TNLP007170 - Henriëtte van Lijndenlaan 5, Zeist","address":"5 Henriëtte van Lijndenlaan","city":"Zeist","operatorName":"TotalEnergies","maxPowerKw":17,"isMegawatt":false,"status":"CHARGING","source":"ndw"}},{"type":"Feature","geometry":{"type":"Point","coordinates":[5.211423,52.08182]},"properties":{"type":"charge","layer":"passenger","locationId":"079B6B6A-5454-4496-9CEE-660B816D78D0","name":"TNLP034137 - Brugakker 1602, Zeist","address":"1602 Brugakker","city":"Zeist","operatorName":"TotalEnergies","maxPowerKw":13,"isMegawatt":false,"status":"AVAILABLE","source":"ndw"}},{"type":"Feature","geometry":{"type":"Point","coordinates":[5.220802,52.084764]},"properties":{"type":"charge","layer":"passenger","locationId":"0c92275eb712b1dd38c9fb3174f3c475","name":"Nijenheim 3321","address":"Nijenheim 3321","city":"Zeist","operatorName":"Vattenfall InCharge","maxPowerKw":11,"isMegawatt":false,"status":"UNAVAILABLE","source":"ndw","priceKwh":0.2805}},{"type":"Feature","geometry":{"type":"Point","coordinates":[5.27111,52.07864]},"properties":{"type":"charge","layer":"passenger","locationId":"93f403cb-47c2-4fe9-9145-954a1e5992b0","name":"PP001578 - Pr. Catharina Amalialaan 120, Zeist","address":"120 Pr. Catharina Amalialaan","city":"Zeist","operatorName":"TotalEnergies","maxPowerKw":11,"isMegawatt":false,"status":"AVAILABLE","source":"ndw"}},{"type":"Feature","geometry":{"type":"Point","coordinates":[5.314386,52.079082]},"properties":{"type":"charge","layer":"passenger","locationId":"B0A415E6-506C-4B06-B368-7E303EDB79F3","name":"TNLP015367 - Dorpsplein 1, Austerlitz","address":"1 Dorpsplein","city":"Austerlitz","operatorName":"TotalEnergies","maxPowerKw":17,"isMegawatt":false,"status":"CHARGING","source":"ndw"}},{"type":"Feature","geometry":{"type":"Point","coordinates":[5.221781,52.076904]},"properties":{"type":"charge","layer":"passenger","locationId":"C879FA3B-30A7-41CD-BB29-7C5A47EECC33","name":"TNLP034351 - Couwenhoven 5410, Zeist","address":"5410 Couwenhoven","city":"Zeist","operatorName":"TotalEnergies","maxPowerKw":13,"isMegawatt":false,"status":"UNAVAILABLE","source":"ndw"}},{"type":"Feature","geometry":{"type":"Point","coordinates":[5.231254,52.09187]},"properties":{"type":"charge","layer":"passenger","locationId":"dbe65bc5-a3cb-46a6-bcc4-c59be85ce7d4","name":"TNLP008422 - Roemer Visscherlaan 9, Zeist","address":"9 Roemer Visscherlaan","city":"Zeist","operatorName":"TotalEnergies","maxPowerKw":13,"isMegawatt":false,"status":"AVAILABLE","source":"ndw"}},{"type":"Feature","geometry":{"type":"Point","coordinates":[5.22791,52.092778]},"properties":{"type":"charge","layer":"passenger","locationId":"39ab4982-5d80-4f37-805c-ff1cf9b360d0","name":"P.C. Hooftlaan","address":"P.C. Hooftlaan 33","city":"Zeist","operatorName":"Vattenfall InCharge","maxPowerKw":11,"isMegawatt":false,"status":"UNAVAILABLE","source":"ndw","priceKwh":0.4316}},{"type":"Feature","geometry":{"type":"Point","coordinates":[5.227658,52.081764]},"properties":{"type":"charge","layer":"passenger","locationId":"800137DF-6001-47A0-8939-6C6113C8F2F5","name":"TNLP034533 - Cornelis Schellingerlaan 68, Zeist","address":"68 Cornelis Schellingerlaan","city":"Zeist","operatorName":"TotalEnergies","maxPowerKw":13,"isMegawatt":false,"status":"UNAVAILABLE","source":"ndw"}},{"type":"Feature","geometry":{"type":"Point","coordinates":[5.240913,52.082054]},"properties":{"type":"charge","layer":"passenger","locationId":"bd497e53-1f34-4e5c-8302-c7b31aa9073f","name":"Herenlaan","address":"Herenlaan 2","city":"Zeist","operatorName":"Vattenfall InCharge","maxPowerKw":11,"isMegawatt":false,"status":"UNAVAILABLE","source":"ndw","priceKwh":0.4316}},{"type":"Feature","geometry":{"type":"Point","coordinates":[5.24073,52.10588]},"properties":{"type":"charge","layer":"passenger","locationId":"A3631900-989C-4884-89C3-1790C0E69DE4","name":"TNLP003634 - Badmeester Schenkpad 8, Zeist","address":"8 Badmeester Schenkpad","city":"Zeist","operatorName":"TotalEnergies","maxPowerKw":17,"isMegawatt":false,"status":"AVAILABLE","source":"ndw"}},{"type":"Feature","geometry":{"type":"Point","coordinates":[5.262533,52.081074]},"properties":{"type":"charge","layer":"passenger","locationId":"91066118","name":"50five-S NL 07103595","address":"Willem de Zwijgerlaan 16","city":"Zeist","operatorName":"50five","maxPowerKw":6,"isMegawatt":false,"status":"AVAILABLE","source":"ndw"}},{"type":"Feature","geometry":{"type":"Point","coordinates":[5.317851,52.08029]},"properties":{"type":"charge","layer":"passenger","locationId":"7D2FFF5E-A9E7-40E0-8861-C0142C6A762E","name":"TNLP009033 - Rutger Loenenweg 61, Austerlitz","address":"61 Rutger Loenenweg","city":"Austerlitz","operatorName":"TotalEnergies","maxPowerKw":17,"isMegawatt":false,"status":"AVAILABLE","source":"ndw"}},{"type":"Feature","geometry":{"type":"Point","coordinates":[5.210176,52.083942]},"properties":{"type":"charge","layer":"passenger","locationId":"FFB28CD9-7A09-4262-A8E9-9B776FB7EFB1","name":"TNLP007499 - Brugakker 5501, Zeist","address":"5501 Brugakker","city":"Zeist","operatorName":"TotalEnergies","maxPowerKw":17,"isMegawatt":false,"status":"UNAVAILABLE","source":"ndw"}},{"type":"Feature","geometry":{"type":"Point","coordinates":[5.25316,52.086636]},"properties":{"type":"charge","layer":"passenger","locationId":"9ABED901-074C-4C4B-9E9C-D423923FF6A1","name":"TNLP006885 - Professor Lorentzlaan 37, Zeist","address":"37 Professor Lorentzlaan","city":"Zeist","operatorName":"TotalEnergies","maxPowerKw":17,"isMegawatt":false,"status":"AVAILABLE","source":"ndw"}},{"type":"Feature","geometry":{"type":"Point","coordinates":[5.233581,52.13621]},"properties":{"type":"charge","layer":"passenger","locationId":"a986bd27-e93c-49b4-a050-a21cc10ce3ba","name":"TNLP008390 - Paltzerweg 213, Den Dolder","address":"213 Paltzerweg","city":"Den Dolder","operatorName":"TotalEnergies","maxPowerKw":13,"isMegawatt":false,"status":"AVAILABLE","source":"ndw"}},{"type":"Feature","geometry":{"type":"Point","coordinates":[5.21315,52.09019]},"properties":{"type":"charge","layer":"passenger","locationId":"10643b89092d948689c11cab76730251","name":"Zeisteroever 24","address":"Zeisteroever 24","city":"Zeist","operatorName":"Vattenfall InCharge","maxPowerKw":11,"isMegawatt":false,"status":"AVAILABLE","source":"ndw","priceKwh":0.2805}},{"type":"Feature","geometry":{"type":"Point","coordinates":[5.233892,52.09535]},"properties":{"type":"charge","layer":"passenger","locationId":"91169347","name":"50five-S NL 07005831","address":"Constantijn Huygenslaan 50","city":"Zeist","operatorName":"50five","maxPowerKw":11,"isMegawatt":false,"status":"AVAILABLE","source":"ndw"}},{"type":"Feature","geometry":{"type":"Point","coordinates":[5.23766,52.09135]},"properties":{"type":"charge","layer":"passenger","locationId":"24C133EB-8AE5-44A6-9A04-C005E837675E","name":"PP005288 - Jan Pieter Heijelaan 19, Zeist","address":"19 Jan Pieter Heijelaan","city":"Zeist","operatorName":"TotalEnergies","maxPowerKw":11,"isMegawatt":false,"status":"AVAILABLE","source":"ndw"}},{"type":"Feature","geometry":{"type":"Point","coordinates":[5.24407,52.09596]},"properties":{"type":"charge","layer":"passenger","locationId":"458","name":"Shell Recharge NL Bergweg 100","address":"Bergweg 100","city":"Zeist","operatorName":"Ubitricity","maxPowerKw":11,"isMegawatt":false,"status":"AVAILABLE","source":"ndw","priceKwh":0.392}},{"type":"Feature","geometry":{"type":"Point","coordinates":[5.238954,52.098045]},"properties":{"type":"charge","layer":"passenger","locationId":"BFCAF5E5-8228-47E2-B4CF-B8497C7A9253","name":"TNLP015001 - Johan van Oldenbarneveltlaan 88, Zeist","address":"88 Johan van Oldenbarneveltlaan","city":"Zeist","operatorName":"TotalEnergies","maxPowerKw":17,"isMegawatt":false,"status":"AVAILABLE","source":"ndw"}},{"type":"Feature","geometry":{"type":"Point","coordinates":[5.2490466,52.1019744]},"properties":{"type":"charge","layer":"passenger","locationId":"2426","name":"Shell Recharge NL Johan C. Meijerlaan 8","address":"Johan C. Meijerlaan 8","city":"Zeist","operatorName":"Ubitricity","maxPowerKw":22,"isMegawatt":false,"status":"AVAILABLE","source":"ndw","priceKwh":0.267}},{"type":"Feature","geometry":{"type":"Point","coordinates":[5.226694,52.101534]},"properties":{"type":"charge","layer":"passenger","locationId":"89233439","name":"Van Leeuwen Laan vam Vollenhove 3209","address":"Laan vam Vollenhove 3209","city":"Zeist","operatorName":"Van Leeuwen","maxPowerKw":11,"isMegawatt":false,"status":"CHARGING","source":"ndw"}},{"type":"Feature","geometry":{"type":"Point","coordinates":[5.263929,52.096659]},"properties":{"type":"charge","layer":"passenger","locationId":"91108861","name":"50five-S NL 17B20412","address":"Homeruslaan 44","city":"Zeist","operatorName":"50five","maxPowerKw":11,"isMegawatt":false,"status":"AVAILABLE","source":"ndw"}},{"type":"Feature","geometry":{"type":"Point","coordinates":[5.243106,52.079001]},"properties":{"type":"charge","layer":"passenger","locationId":"91276265","name":"50five-S NL 03004350","address":"Sparrenheuvel 8","city":"Zeist","operatorName":"50five","maxPowerKw":4,"isMegawatt":false,"status":"UNAVAILABLE","source":"ndw"}},{"type":"Feature","geometry":{"type":"Point","coordinates":[5.213282,52.080695]},"properties":{"type":"charge","layer":"passenger","locationId":"91089083","name":"50five-S NL 03010690","address":"Brugakker 1127","city":"Brugakker","operatorName":"50five","maxPowerKw":4,"isMegawatt":false,"status":"AVAILABLE","source":"ndw"}},{"type":"Feature","geometry":{"type":"Point","coordinates":[5.255536,52.103535]},"properties":{"type":"charge","layer":"passenger","locationId":"5FC230C2-CAD9-4EC8-B417-F6E10D029B38","name":"Eneco eMobility Transdev - Zeist","address":"Huis ter Heideweg 8","city":"Zeist","operatorName":"Eneco","maxPowerKw":22,"isMegawatt":false,"status":"CHARGING","source":"ndw","priceKwh":0.32}},{"type":"Feature","geometry":{"type":"Point","coordinates":[5.26937,52.07899]},"properties":{"type":"charge","layer":"passenger","locationId":"e8673635-b1d8-46e6-a258-cfbc4ab46123","name":"PP001573 - Prinses Catharina Amalialaan 1, Zeist","address":"1 Prinses Catharina Amalialaan","city":"Zeist","operatorName":"TotalEnergies","maxPowerKw":11,"isMegawatt":false,"status":"AVAILABLE","source":"ndw"}},{"type":"Feature","geometry":{"type":"Point","coordinates":[5.252133,52.07897]},"properties":{"type":"charge","layer":"passenger","locationId":"7A0B80B6-68B6-4B1B-A649-167AF0206CA1","name":"TNLP007429 - Lousie de colignyplein 11, Zeist","address":"11 Lousie de colignyplein","city":"Zeist","operatorName":"TotalEnergies","maxPowerKw":17,"isMegawatt":false,"status":"AVAILABLE","source":"ndw"}},{"type":"Feature","geometry":{"type":"Point","coordinates":[5.26379,52.07591]},"properties":{"type":"charge","layer":"passenger","locationId":"1503","name":"Shell Recharge NL Graaf Adolflaan 1","address":"Graaf Adolflaan 1","city":"Zeist","operatorName":"Ubitricity","maxPowerKw":11,"isMegawatt":false,"status":"AVAILABLE","source":"ndw","priceKwh":0.392}},{"type":"Feature","geometry":{"type":"Point","coordinates":[5.215559,52.0875]},"properties":{"type":"charge","layer":"passenger","locationId":"8D96E9F6-252D-4CB9-A1B8-975FF42252A7","name":"PP005167 - Roerdomplaan 31, Zeist","address":"31 Roerdomplaan","city":"Zeist","operatorName":"TotalEnergies","maxPowerKw":11,"isMegawatt":false,"status":"AVAILABLE","source":"ndw"}},{"type":"Feature","geometry":{"type":"Point","coordinates":[5.224076,52.089825]},"properties":{"type":"charge","layer":"passenger","locationId":"91121028","name":"50five-S NL 07005320","address":"Ketelsteeg 14","city":"Zaltbommel","operatorName":"50five","maxPowerKw":4,"isMegawatt":false,"status":"AVAILABLE","source":"ndw"}},{"type":"Feature","geometry":{"type":"Point","coordinates":[5.218931,52.090566]},"properties":{"type":"charge","layer":"passenger","locationId":"4227466","name":"Laadnet Resim Woningen BV","address":"Crosestein 1702","city":"Zeist","operatorName":"Laadnet","maxPowerKw":22,"isMegawatt":false,"status":"AVAILABLE","source":"ndw"}},{"type":"Feature","geometry":{"type":"Point","coordinates":[5.235978,52.138064]},"properties":{"type":"charge","layer":"passenger","locationId":"685d6fdf04c35bc66d68ff7f499fc16b","name":"Paduaweg 25","address":"Paduaweg 25","city":"Den Dolder","operatorName":"Vattenfall InCharge","maxPowerKw":11,"isMegawatt":false,"status":"AVAILABLE","source":"ndw","priceKwh":0.2805}},{"type":"Feature","geometry":{"type":"Point","coordinates":[5.211469,52.09055]},"properties":{"type":"charge","layer":"passenger","locationId":"FA8ADF61-FEA6-4860-A36C-D32F3D7A456A","name":"TNLP034190 - Patrijzenlaan 1, Zeist","address":"1 Patrijzenlaan","city":"Zeist","operatorName":"TotalEnergies","maxPowerKw":13,"isMegawatt":false,"status":"UNAVAILABLE","source":"ndw"}},{"type":"Feature","geometry":{"type":"Point","coordinates":[5.25697,52.10298]},"properties":{"type":"charge","layer":"passenger","locationId":"32A664D4-420A-40BC-A01A-3C2BAB9404EE","name":"Eneco eMobility Huis ter Heideweg 16, Zeist","address":"Huis ter Heideweg 16","city":"Zeist","operatorName":"Eneco","maxPowerKw":22,"isMegawatt":false,"status":"AVAILABLE","source":"ndw","priceKwh":0.32}},{"type":"Feature","geometry":{"type":"Point","coordinates":[5.27711,52.11216]},"properties":{"type":"charge","layer":"passenger","locationId":"66741037-af6d-4b88-ad9f-8d4fba552df8","name":"PP001889 - Dierenriem 44, Huis ter Heide","address":"44 Dierenriem","city":"Huis ter Heide","operatorName":"TotalEnergies","maxPowerKw":11,"isMegawatt":false,"status":"AVAILABLE","source":"ndw"}},{"type":"Feature","geometry":{"type":"Point","coordinates":[5.24061,52.10591]},"properties":{"type":"charge","layer":"passenger","locationId":"9b98304089edba678f709d51128395af","name":"Badmeester Schenkpad 8","address":"Badmeester Schenkpad 8","city":"Zeist","operatorName":"Vattenfall InCharge","maxPowerKw":11,"isMegawatt":false,"status":"AVAILABLE","source":"ndw","priceKwh":0.2805}},{"type":"Feature","geometry":{"type":"Point","coordinates":[5.258332,52.098804]},"properties":{"type":"charge","layer":"passenger","locationId":"32720579-0576-4AB3-B902-36DC2079E9C6","name":"TNLP007128 - Socrateslaan 26, Zeist","address":"26 Socrateslaan","city":"Zeist","operatorName":"TotalEnergies","maxPowerKw":17,"isMegawatt":false,"status":"AVAILABLE","source":"ndw"}},{"type":"Feature","geometry":{"type":"Point","coordinates":[5.262296,52.076454]},"properties":{"type":"charge","layer":"passenger","locationId":"E9D71AFB-3486-4A26-8683-CAA5D0D7F75F","name":"TNLP007237 - Hoog Kanje 108, Zeist","address":"108 Hoog Kanje","city":"Zeist","operatorName":"TotalEnergies","maxPowerKw":17,"isMegawatt":false,"status":"AVAILABLE","source":"ndw"}},{"type":"Feature","geometry":{"type":"Point","coordinates":[5.236941,52.137615]},"properties":{"type":"charge","layer":"passenger","locationId":"25D26121-070A-48AE-99C8-4A580EAAB2B6","name":"TNLP006185 - Dassenlaan 10, Den Dolder","address":"10 Dassenlaan","city":"Den Dolder","operatorName":"TotalEnergies","maxPowerKw":13,"isMegawatt":false,"status":"AVAILABLE","source":"ndw"}},{"type":"Feature","geometry":{"type":"Point","coordinates":[5.21348,52.08318]},"properties":{"type":"charge","layer":"passenger","locationId":"aac22539a84a00f14ce2b120c76a7c94","name":"Brugakker 3302","address":"Brugakker 3302","city":"Zeist","operatorName":"Vattenfall InCharge","maxPowerKw":11,"isMegawatt":false,"status":"AVAILABLE","source":"ndw","priceKwh":0.2805}},{"type":"Feature","geometry":{"type":"Point","coordinates":[5.24994,52.08722]},"properties":{"type":"charge","layer":"passenger","locationId":"DCCB4E5A-EB59-486F-A479-DBE09F834ACC","name":"PP001780 - Prins Hendriklaan 19b, Zeist","address":"19b Prins Hendriklaan","city":"Zeist","operatorName":"TotalEnergies","maxPowerKw":11,"isMegawatt":false,"status":"UNAVAILABLE","source":"ndw"}},{"type":"Feature","geometry":{"type":"Point","coordinates":[5.232561,52.087494]},"properties":{"type":"charge","layer":"passenger","locationId":"03F0CD5E-E91E-4C74-B1C7-DF73232FE0E5","name":"TNLP007226 - Bloemenheuvellaan 1, Zeist","address":"1 Bloemenheuvellaan","city":"Zeist","operatorName":"TotalEnergies","maxPowerKw":17,"isMegawatt":false,"status":"AVAILABLE","source":"ndw"}},{"type":"Feature","geometry":{"type":"Point","coordinates":[5.256505,52.112578]},"properties":{"type":"charge","layer":"passenger","locationId":"922736","name":"Kerkgenootschap der Zevende Dags Adventisten","address":"Amersfoortseweg 18","city":"Huis ter Heide","operatorName":"DAEN Mobility","maxPowerKw":11,"isMegawatt":false,"status":"AVAILABLE","source":"ndw","priceKwh":0.45}},{"type":"Feature","geometry":{"type":"Point","coordinates":[5.246277,52.092049]},"properties":{"type":"charge","layer":"passenger","locationId":"d3344524-6e6f-4bbf-aaff-58f861045740","name":"Kritzingerlaan","address":"Kritzingerlaan 54","city":"Zeist","operatorName":"Vattenfall InCharge","maxPowerKw":11,"isMegawatt":false,"status":"UNAVAILABLE","source":"ndw","priceKwh":0.4316}},{"type":"Feature","geometry":{"type":"Point","coordinates":[5.241482,52.091705]},"properties":{"type":"charge","layer":"passenger","locationId":"BBB2BF81-680A-435A-9F74-98165CC03C10","name":"TNLP009077 - Van Reenenweg 100, Zeist","address":"100 Van Reenenweg","city":"Zeist","operatorName":"TotalEnergies","maxPowerKw":17,"isMegawatt":false,"status":"AVAILABLE","source":"ndw"}},{"type":"Feature","geometry":{"type":"Point","coordinates":[5.23203,52.14113]},"properties":{"type":"charge","layer":"passenger","locationId":"0C8D7C84-7013-4802-93DF-7257AC7ABD6F","name":"TNLP007921 - Schroeder van der Kolklaan 7, Den Dolder","address":"7 Schroeder van der Kolklaan","city":"Den Dolder","operatorName":"TotalEnergies","maxPowerKw":17,"isMegawatt":false,"status":"CHARGING","source":"ndw"}},{"type":"Feature","geometry":{"type":"Point","coordinates":[5.220176,52.077477]},"properties":{"type":"charge","layer":"passenger","locationId":"0a4f6bb0-5301-48e4-a6a1-6392e0fb23dd","name":"TNLP015205 - Couwenhoven 5110, Zeist","address":"5110 Couwenhoven","city":"Zeist","operatorName":"TotalEnergies","maxPowerKw":17,"isMegawatt":false,"status":"UNAVAILABLE","source":"ndw"}},{"type":"Feature","geometry":{"type":"Point","coordinates":[5.271512,52.078484]},"properties":{"type":"charge","layer":"passenger","locationId":"73FA17B7-1023-48CE-8A1E-53680EC843A1","name":"PP005346 - Prinses Catharina Amalialaan 136, Zeist","address":"136 Prinses Catharina Amalialaan","city":"Zeist","operatorName":"TotalEnergies","maxPowerKw":11,"isMegawatt":false,"status":"AVAILABLE","source":"ndw"}},{"type":"Feature","geometry":{"type":"Point","coordinates":[5.219763,52.10132]},"properties":{"type":"charge","layer":"passenger","locationId":"0B308644-C027-4024-A8A2-AC5A1BB56E35","name":"TNLP007627 - Jan Ligthartplein 37, Zeist","address":"37 Jan Ligthartplein","city":"Zeist","operatorName":"TotalEnergies","maxPowerKw":17,"isMegawatt":false,"status":"AVAILABLE","source":"ndw"}},{"type":"Feature","geometry":{"type":"Point","coordinates":[5.212966,52.08116]},"properties":{"type":"charge","layer":"passenger","locationId":"DA7EB8E9-56AE-4B19-8A28-B93357FAB2C0","name":"TNLP006068 - Brugakker 1226, Zeist","address":"1226 Brugakker","city":"Zeist","operatorName":"TotalEnergies","maxPowerKw":17,"isMegawatt":false,"status":"UNAVAILABLE","source":"ndw"}},{"type":"Feature","geometry":{"type":"Point","coordinates":[5.266,52.07729]},"properties":{"type":"charge","layer":"passenger","locationId":"650d0408-cc82-491a-afa3-9b9ccce97a8a","name":"PP001575 - Hoog Kanje 272, Zeist","address":"272 Hoog Kanje","city":"Zeist","operatorName":"TotalEnergies","maxPowerKw":11,"isMegawatt":false,"status":"CHARGING","source":"ndw"}},{"type":"Feature","geometry":{"type":"Point","coordinates":[5.237337,52.09395]},"properties":{"type":"charge","layer":"passenger","locationId":"D5407CA5-00BC-4E3F-AC14-8CA3D0A7221F","name":"TNLP015193 - Jacob van Lennepplein 8, Zeist","address":"8 Jacob van Lennepplein","city":"Zeist","operatorName":"TotalEnergies","maxPowerKw":17,"isMegawatt":false,"status":"AVAILABLE","source":"ndw"}},{"type":"Feature","geometry":{"type":"Point","coordinates":[5.253925,52.08756]},"properties":{"type":"charge","layer":"passenger","locationId":"C8283AE7-B208-4EC7-8290-43EF81F0E33C","name":"TNLP006957 - Boschlust 10, Zeist","address":"10 Boschlust","city":"Zeist","operatorName":"TotalEnergies","maxPowerKw":17,"isMegawatt":false,"status":"AVAILABLE","source":"ndw"}},{"type":"Feature","geometry":{"type":"Point","coordinates":[5.2102,52.082832]},"properties":{"type":"charge","layer":"passenger","locationId":"1A254FA7-6D6A-4FC2-876E-1A03D0B49607","name":"TNLP008497 - Brugakker 5622, Zeist","address":"5622 Brugakker","city":"Zeist","operatorName":"TotalEnergies","maxPowerKw":13,"isMegawatt":false,"status":"AVAILABLE","source":"ndw"}},{"type":"Feature","geometry":{"type":"Point","coordinates":[5.242286,52.085056]},"properties":{"type":"charge","layer":"passenger","locationId":"2061950E-F4B9-4DDA-9B12-A7A70D156BE8","name":"TNLP005667 - 1e Hogeweg 73, Zeist","address":"73 1e Hogeweg","city":"Zeist","operatorName":"TotalEnergies","maxPowerKw":11,"isMegawatt":false,"status":"AVAILABLE","source":"ndw"}},{"type":"Feature","geometry":{"type":"Point","coordinates":[5.248725,52.091717]},"properties":{"type":"charge","layer":"passenger","locationId":"7F9E1435-8414-4C62-9206-4D630CE47ADE","name":"TNLP007334 - Geiserlaan 101, Zeist","address":"101 Geiserlaan","city":"Zeist","operatorName":"TotalEnergies","maxPowerKw":17,"isMegawatt":false,"status":"AVAILABLE","source":"ndw"}},{"type":"Feature","geometry":{"type":"Point","coordinates":[5.2440487,52.1025734]},"properties":{"type":"charge","layer":"passenger","locationId":"1041","name":"Shell Recharge NL Vrijheidsplein 25","address":"Vrijheidsplein 25","city":"Zeist","operatorName":"Ubitricity","maxPowerKw":22,"isMegawatt":false,"status":"AVAILABLE","source":"ndw","priceKwh":0.267}},{"type":"Feature","geometry":{"type":"Point","coordinates":[5.316201,52.079523]},"properties":{"type":"charge","layer":"passenger","locationId":"c9691d20dae37d1ecb07576220605c2c","name":"Wellingtonweg 36","address":"Wellingtonweg 36","city":"Austerlitz","operatorName":"Vattenfall InCharge","maxPowerKw":11,"isMegawatt":false,"status":"CHARGING","source":"ndw","priceKwh":0.2805}},{"type":"Feature","geometry":{"type":"Point","coordinates":[5.232908,52.09313]},"properties":{"type":"charge","layer":"passenger","locationId":"22CDDB86-4A49-4D32-ADD6-74E047330AB7","name":"TNLP008525 - Bilderdijklaan 15, Zeist","address":"15 Bilderdijklaan","city":"Zeist","operatorName":"TotalEnergies","maxPowerKw":13,"isMegawatt":false,"status":"AVAILABLE","source":"ndw"}},{"type":"Feature","geometry":{"type":"Point","coordinates":[5.23446,52.08319]},"properties":{"type":"charge","layer":"passenger","locationId":"6a22416aca39bb9cf2954d06ff515bce","name":"Kersbergenlaan 14","address":"Kersbergenlaan 14","city":"Zeist","operatorName":"Vattenfall InCharge","maxPowerKw":11,"isMegawatt":false,"status":"AVAILABLE","source":"ndw","priceKwh":0.2805}},{"type":"Feature","geometry":{"type":"Point","coordinates":[5.2479,52.08857]},"properties":{"type":"charge","layer":"passenger","locationId":"8BEA45A8-408A-486B-A524-4DA482CA3901","name":"TNLP003576 - Slotlaan 305, Zeist","address":"305 Slotlaan","city":"Zeist","operatorName":"TotalEnergies","maxPowerKw":17,"isMegawatt":false,"status":"UNAVAILABLE","source":"ndw"}},{"type":"Feature","geometry":{"type":"Point","coordinates":[5.248248,52.089815]},"properties":{"type":"charge","layer":"passenger","locationId":"4507d6145f036c219d207f8c63a8538c","name":"Antonlaan 203","address":"Antonlaan 203","city":"Zeist","operatorName":"Vattenfall InCharge","maxPowerKw":11,"isMegawatt":false,"status":"AVAILABLE","source":"ndw","priceKwh":0.2805}},{"type":"Feature","geometry":{"type":"Point","coordinates":[5.244844,52.090466]},"properties":{"type":"charge","layer":"passenger","locationId":"39746072-1F10-4D6C-818E-3C4C4D9DA3F5","name":"TNLP008331 - Steynlaan 51, Zeist","address":"51 Steynlaan","city":"Zeist","operatorName":"TotalEnergies","maxPowerKw":13,"isMegawatt":false,"status":"UNAVAILABLE","source":"ndw"}},{"type":"Feature","geometry":{"type":"Point","coordinates":[5.249798,52.091408]},"properties":{"type":"charge","layer":"passenger","locationId":"B48E981C-3169-4C08-BFC8-A29781464D91","name":"TNLP008289 - Gandhilaan 20, Zeist","address":"20 Gandhilaan","city":"Zeist","operatorName":"TotalEnergies","maxPowerKw":13,"isMegawatt":false,"status":"UNAVAILABLE","source":"ndw"}},{"type":"Feature","geometry":{"type":"Point","coordinates":[5.224137,52.089035]},"properties":{"type":"charge","layer":"passenger","locationId":"AC622CE7-9A63-4527-91DF-6E5337C2BEB3","name":"TNLP015394 - Kroostweg 56, Zeist","address":"56 Kroostweg","city":"Zeist","operatorName":"TotalEnergies","maxPowerKw":17,"isMegawatt":false,"status":"AVAILABLE","source":"ndw"}},{"type":"Feature","geometry":{"type":"Point","coordinates":[5.250669,52.088093]},"properties":{"type":"charge","layer":"passenger","locationId":"FA4BF255-0C31-43F2-A1DA-91585AE7F692","name":"TNLP007495 - Stationslaan 3, Zeist","address":"3 Stationslaan","city":"Zeist","operatorName":"TotalEnergies","maxPowerKw":17,"isMegawatt":false,"status":"CHARGING","source":"ndw"}},{"type":"Feature","geometry":{"type":"Point","coordinates":[5.222702,52.101376]},"properties":{"type":"charge","layer":"passenger","locationId":"A509AAFE-C19F-4529-8FEE-2BC7E41F7FB5","name":"TNLP006326 - Jan Ligthartplein 3, Zeist","address":"3 Jan Ligthartplein","city":"Zeist","operatorName":"TotalEnergies","maxPowerKw":17,"isMegawatt":false,"status":"AVAILABLE","source":"ndw"}},{"type":"Feature","geometry":{"type":"Point","coordinates":[5.245219,52.102192]},"properties":{"type":"charge","layer":"passenger","locationId":"9CFE6C5C-4D5A-4A3F-9154-D3F37C00509D","name":"TNLP009542 - Vrijheidsplein 2, Zeist","address":"2 Vrijheidsplein","city":"Zeist","operatorName":"TotalEnergies","maxPowerKw":17,"isMegawatt":false,"status":"AVAILABLE","source":"ndw"}},{"type":"Feature","geometry":{"type":"Point","coordinates":[5.264372,52.094307]},"properties":{"type":"charge","layer":"passenger","locationId":"63E12046-EEA2-47EE-B82C-78E8222B2C59","name":"TNLP034336 - Prof. Lorentzlaan 143, Zeist","address":"143 Prof. Lorentzlaan","city":"Zeist","operatorName":"TotalEnergies","maxPowerKw":13,"isMegawatt":false,"status":"AVAILABLE","source":"ndw"}},{"type":"Feature","geometry":{"type":"Point","coordinates":[5.225691,52.087646]},"properties":{"type":"charge","layer":"passenger","locationId":"2166B7F8-40F9-4597-AFC1-731941FE081C","name":"TNLP009692 - Nijenheim 1011, Zeist","address":"1011 Nijenheim","city":"Zeist","operatorName":"TotalEnergies","maxPowerKw":17,"isMegawatt":false,"status":"AVAILABLE","source":"ndw"}},{"type":"Feature","geometry":{"type":"Point","coordinates":[5.241043,52.081913]},"properties":{"type":"charge","layer":"passenger","locationId":"61731689-A3BE-4147-9F45-AE6BD30CCCE4","name":"TNLP009974 - Nooitgedacht 2, Zeist","address":"2 Nooitgedacht","city":"Zeist","operatorName":"TotalEnergies","maxPowerKw":17,"isMegawatt":false,"status":"AVAILABLE","source":"ndw"}},{"type":"Feature","geometry":{"type":"Point","coordinates":[5.318778,52.079193]},"properties":{"type":"charge","layer":"passenger","locationId":"b88966cd-39b9-47d9-b3a6-cefa98a37f8f","name":"PP005484 - Rutger Loenenweg 9, Austerlitz","address":"9 Rutger Loenenweg","city":"Austerlitz","operatorName":"TotalEnergies","maxPowerKw":11,"isMegawatt":false,"status":"AVAILABLE","source":"ndw"}},{"type":"Feature","geometry":{"type":"Point","coordinates":[5.22345,52.08098]},"properties":{"type":"charge","layer":"passenger","locationId":"b94c83a8-0a5b-4d9c-bdaa-b15513b23458","name":"PP001136 - Laan van Cattenbroeck 111, Zeist","address":"111 Laan van Cattenbroeck","city":"Zeist","operatorName":"TotalEnergies","maxPowerKw":11,"isMegawatt":false,"status":"AVAILABLE","source":"ndw"}},{"type":"Feature","geometry":{"type":"Point","coordinates":[5.250665,52.093273]},"properties":{"type":"charge","layer":"passenger","locationId":"5d28cd1a-7cff-498c-a1e0-ef7cf7a358e7","name":"TNLP009998 - Gandhilaan 101, Zeist","address":"101 Gandhilaan","city":"Zeist","operatorName":"TotalEnergies","maxPowerKw":17,"isMegawatt":false,"status":"AVAILABLE","source":"ndw"}},{"type":"Feature","geometry":{"type":"Point","coordinates":[5.218318,52.09808]},"properties":{"type":"charge","layer":"passenger","locationId":"2516c3a1-0725-4aa0-8b33-c2895e050fcf","name":"PP001011 - Beethovenlaan 2, Zeist","address":"2 Beethovenlaan","city":"Zeist","operatorName":"TotalEnergies","maxPowerKw":11,"isMegawatt":false,"status":"UNAVAILABLE","source":"ndw"}},{"type":"Feature","geometry":{"type":"Point","coordinates":[5.239424,52.08506]},"properties":{"type":"charge","layer":"passenger","locationId":"87BA006C-0BD3-47AB-9737-940419D5EB25","name":"TNLP007613 - Van Gheselhof 1, Zeist","address":"1 Van Gheselhof","city":"Zeist","operatorName":"TotalEnergies","maxPowerKw":17,"isMegawatt":false,"status":"AVAILABLE","source":"ndw"}},{"type":"Feature","geometry":{"type":"Point","coordinates":[5.218839,52.087512]},"properties":{"type":"charge","layer":"passenger","locationId":"7f8961f2a6f0e55ffd76efe7d7f5ffdb","name":"Nijenheim 6002","address":"Nijenheim 6002","city":"Zeist","operatorName":"Vattenfall InCharge","maxPowerKw":11,"isMegawatt":false,"status":"AVAILABLE","source":"ndw","priceKwh":0.2805}},{"type":"Feature","geometry":{"type":"Point","coordinates":[5.239145,52.13736]},"properties":{"type":"charge","layer":"passenger","locationId":"fa98e112-7db7-452c-9b9b-331a5118c26a","name":"PP001000 - Hermelijnlaan 16, Den Dolder","address":"16 Hermelijnlaan","city":"Den Dolder","operatorName":"TotalEnergies","maxPowerKw":17,"isMegawatt":false,"status":"AVAILABLE","source":"ndw"}},{"type":"Feature","geometry":{"type":"Point","coordinates":[5.222281,52.07992]},"properties":{"type":"charge","layer":"passenger","locationId":"539DF6CE-7ACE-40D2-836B-3E9164350EDB","name":"TNLP007536 - Couwenhoven 3320, Zeist","address":"3320 Couwenhoven","city":"Zeist","operatorName":"TotalEnergies","maxPowerKw":17,"isMegawatt":false,"status":"UNAVAILABLE","source":"ndw"}},{"type":"Feature","geometry":{"type":"Point","coordinates":[5.232629,52.138884]},"properties":{"type":"charge","layer":"passenger","locationId":"68df7eb53f4c62a74550f699","name":"Willem Arntszlaan 115","address":"willem artntszlaan 115","city":"Den Dolder","operatorName":"E-Flux by Road","maxPowerKw":22,"isMegawatt":false,"status":"AVAILABLE","source":"ndw","priceKwh":0.45}},{"type":"Feature","geometry":{"type":"Point","coordinates":[5.212218,52.082615]},"properties":{"type":"charge","layer":"passenger","locationId":"c5484048-0a26-4afd-81d9-44806b1cb6e4","name":"TNLP009448 - Brugakker 3572, Zeist","address":"3572 Brugakker","city":"Zeist","operatorName":"TotalEnergies","maxPowerKw":17,"isMegawatt":false,"status":"AVAILABLE","source":"ndw"}},{"type":"Feature","geometry":{"type":"Point","coordinates":[5.216971,52.094933]},"properties":{"type":"charge","layer":"passenger","locationId":"23134BFE-0FE3-42B7-9B24-C87AD872C1A8","name":"TNLP007408 - Zeister Eng 54, Zeist","address":"54 Zeister Eng","city":"Zeist","operatorName":"TotalEnergies","maxPowerKw":17,"isMegawatt":false,"status":"AVAILABLE","source":"ndw"}},{"type":"Feature","geometry":{"type":"Point","coordinates":[5.24084,52.08965]},"properties":{"type":"charge","layer":"passenger","locationId":"1e3066e3-b5b1-4518-940b-254fdb06d54c","name":"PP001494 - Bergweg 1, Zeist","address":"1 Bergweg","city":"Zeist","operatorName":"TotalEnergies","maxPowerKw":11,"isMegawatt":false,"status":"AVAILABLE","source":"ndw"}},{"type":"Feature","geometry":{"type":"Point","coordinates":[5.317002,52.078537]},"properties":{"type":"charge","layer":"passenger","locationId":"BB05B051-A26F-4F8C-BEB0-2436905F3600","name":"TNLP007083 - Johannes Stoopweg 1, Austerlitz","address":"1 Johannes Stoopweg","city":"Austerlitz","operatorName":"TotalEnergies","maxPowerKw":17,"isMegawatt":false,"status":"UNAVAILABLE","source":"ndw"}},{"type":"Feature","geometry":{"type":"Point","coordinates":[5.26805,52.07629]},"properties":{"type":"charge","layer":"passenger","locationId":"b87f833c-adf3-446f-96d6-6b0ff57de1d2","name":"PP001574 - Prinses Arianelaan 54, Zeist","address":"54 Prinses Arianelaan","city":"Zeist","operatorName":"TotalEnergies","maxPowerKw":11,"isMegawatt":false,"status":"AVAILABLE","source":"ndw"}},{"type":"Feature","geometry":{"type":"Point","coordinates":[5.31319,52.07821]},"properties":{"type":"charge","layer":"passenger","locationId":"9667a40595e75503372ffb849de6774c","name":"Marmontweg 8","address":"Marmontweg 8","city":"Austerlitz","operatorName":"Vattenfall InCharge","maxPowerKw":11,"isMegawatt":false,"status":"AVAILABLE","source":"ndw","priceKwh":0.2805}},{"type":"Feature","geometry":{"type":"Point","coordinates":[5.25969,52.097972]},"properties":{"type":"charge","layer":"passenger","locationId":"88bd1831af8136bea480bacdf287ad3c","name":"Socrateslaan 26","address":"Socrateslaan 26","city":"Zeist","operatorName":"Vattenfall InCharge","maxPowerKw":11,"isMegawatt":false,"status":"CHARGING","source":"ndw","priceKwh":0.2805}},{"type":"Feature","geometry":{"type":"Point","coordinates":[5.233974,52.09369]},"properties":{"type":"charge","layer":"passenger","locationId":"57E6ADD0-7629-49E9-B92F-2FEC02F8D9D1","name":"TNLP005853 - Constantijn Huygenslaan 20, Zeist","address":"20 Constantijn Huygenslaan","city":"Zeist","operatorName":"TotalEnergies","maxPowerKw":11,"isMegawatt":false,"status":"AVAILABLE","source":"ndw"}},{"type":"Feature","geometry":{"type":"Point","coordinates":[5.208198,52.082954]},"properties":{"type":"charge","layer":"passenger","locationId":"004B2973-5A52-4E7D-8516-6C992313AA02","name":"PP001887 - Brugakker 5739, Zeist","address":"5739 Brugakker","city":"Zeist","operatorName":"TotalEnergies","maxPowerKw":11,"isMegawatt":false,"status":"AVAILABLE","source":"ndw"}},{"type":"Feature","geometry":{"type":"Point","coordinates":[5.251745,52.100777]},"properties":{"type":"charge","layer":"passenger","locationId":"94AA5EA1-A9C0-4FC7-8572-D6DFE9F452FC","name":"TNLP008031 - Johannes Postlaan 9, Zeist","address":"9 Johannes Postlaan","city":"Zeist","operatorName":"TotalEnergies","maxPowerKw":15,"isMegawatt":false,"status":"AVAILABLE","source":"ndw"}},{"type":"Feature","geometry":{"type":"Point","coordinates":[5.21661,52.08889]},"properties":{"type":"charge","layer":"passenger","locationId":"88e7805e4c5eb8f9fd831b2e65c26c3d","name":"Noordweg 83","address":"Noordweg 83","city":"Zeist","operatorName":"Vattenfall InCharge","maxPowerKw":11,"isMegawatt":false,"status":"AVAILABLE","source":"ndw","priceKwh":0.2805}},{"type":"Feature","geometry":{"type":"Point","coordinates":[5.244029,52.097466]},"properties":{"type":"charge","layer":"passenger","locationId":"C6ED1E1E-3FF4-4393-A3F8-0D8FB481674A","name":"TNLP007504 - Dijnselweg 16, Zeist","address":"16 Dijnselweg","city":"Zeist","operatorName":"TotalEnergies","maxPowerKw":17,"isMegawatt":false,"status":"UNAVAILABLE","source":"ndw"}},{"type":"Feature","geometry":{"type":"Point","coordinates":[5.259576,52.0685]},"properties":{"type":"charge","layer":"passenger","locationId":"91229997","name":"50five-S NL 09000050","address":"Driebergseweg 17","city":"Zeist","operatorName":"50five","maxPowerKw":11,"isMegawatt":false,"status":"AVAILABLE","source":"ndw"}},{"type":"Feature","geometry":{"type":"Point","coordinates":[5.227132,52.084565]},"properties":{"type":"charge","layer":"passenger","locationId":"5ee24874a68b3befc251cf322e3e3110","name":"De Brink 39","address":"De Brink 39","city":"Zeist","operatorName":"Vattenfall InCharge","maxPowerKw":11,"isMegawatt":false,"status":"AVAILABLE","source":"ndw","priceKwh":0.2805}},{"type":"Feature","geometry":{"type":"Point","coordinates":[5.21949,52.08686]},"properties":{"type":"charge","layer":"passenger","locationId":"0189D9E4-4115-4BDA-A19B-F7F34C836DE0","name":"PP005378 - Nijenheim 5129, Zeist","address":"5129 Nijenheim","city":"Zeist","operatorName":"TotalEnergies","maxPowerKw":11,"isMegawatt":false,"status":"AVAILABLE","source":"ndw"}},{"type":"Feature","geometry":{"type":"Point","coordinates":[5.216382,52.093647]},"properties":{"type":"charge","layer":"passenger","locationId":"676DBC9C-ECB1-4EEA-B1D3-0B4213087B41","name":"TNLP008297 - Crosestein 4414, Zeist","address":"4414 Crosestein","city":"Zeist","operatorName":"TotalEnergies","maxPowerKw":13,"isMegawatt":false,"status":"AVAILABLE","source":"ndw"}},{"type":"Feature","geometry":{"type":"Point","coordinates":[5.223298,52.094079]},"properties":{"type":"charge","layer":"passenger","locationId":"578a3d709467e0c1921e08e59f2079e4","name":"Roggeakker 8","address":"Roggeakker 8","city":"Zeist","operatorName":"Vattenfall InCharge","maxPowerKw":11,"isMegawatt":false,"status":"AVAILABLE","source":"ndw","priceKwh":0.2805}},{"type":"Feature","geometry":{"type":"Point","coordinates":[5.275817,52.111736]},"properties":{"type":"charge","layer":"passenger","locationId":"0CAE911F-B73A-4C5C-A677-3C4C32BE3B76","name":"TNLP009526 - Planetenlaan 91, Huis ter Heide","address":"91 Planetenlaan","city":"Huis ter Heide","operatorName":"TotalEnergies","maxPowerKw":17,"isMegawatt":false,"status":"AVAILABLE","source":"ndw"}},{"type":"Feature","geometry":{"type":"Point","coordinates":[5.210644,52.085224]},"properties":{"type":"charge","layer":"passenger","locationId":"52AF4882-F809-4B31-8583-4BF749AE167D","name":"TNLP008441 - Brugakker 5004, Zeist","address":"5004 Brugakker","city":"Zeist","operatorName":"TotalEnergies","maxPowerKw":13,"isMegawatt":false,"status":"CHARGING","source":"ndw"}},{"type":"Feature","geometry":{"type":"Point","coordinates":[5.238583,52.099472]},"properties":{"type":"charge","layer":"passenger","locationId":"6A59AB2C-E409-46B1-A6D6-32F908ACC2C7","name":"TNLP009950 - Doctor D. Bosplein 15, Zeist","address":"15 Doctor D. Bosplein","city":"Zeist","operatorName":"TotalEnergies","maxPowerKw":17,"isMegawatt":false,"status":"AVAILABLE","source":"ndw"}},{"type":"Feature","geometry":{"type":"Point","coordinates":[5.225002,52.09559]},"properties":{"type":"charge","layer":"passenger","locationId":"0BD00587-1764-4F33-BF47-ACF27BCAB029","name":"TNLP008021 - Galgeveld 7, Zeist","address":"7 Galgeveld","city":"Zeist","operatorName":"TotalEnergies","maxPowerKw":17,"isMegawatt":false,"status":"CHARGING","source":"ndw"}},{"type":"Feature","geometry":{"type":"Point","coordinates":[5.245965,52.084452]},"properties":{"type":"charge","layer":"passenger","locationId":"f82c23164182b0ffe335ca8358b60a5a","name":"Choisyweg 6","address":"Choisyweg 6","city":"Zeist","operatorName":"Vattenfall InCharge","maxPowerKw":11,"isMegawatt":false,"status":"AVAILABLE","source":"ndw","priceKwh":0.2805}},{"type":"Feature","geometry":{"type":"Point","coordinates":[5.221644,52.08554]},"properties":{"type":"charge","layer":"passenger","locationId":"ED023F8D-35C3-4DB3-BCBF-E6EB4DD9696E","name":"TNLP008316 - Nijenheim 3353, Zeist","address":"3353 Nijenheim","city":"Zeist","operatorName":"TotalEnergies","maxPowerKw":13,"isMegawatt":false,"status":"AVAILABLE","source":"ndw"}},{"type":"Feature","geometry":{"type":"Point","coordinates":[5.231881,52.079933]},"properties":{"type":"charge","layer":"passenger","locationId":"b287db40-252e-4901-9061-3dbbb3384425","name":"PP005373 - Waterigeweg 32a, Zeist","address":"32a Waterigeweg","city":"Zeist","operatorName":"TotalEnergies","maxPowerKw":11,"isMegawatt":false,"status":"AVAILABLE","source":"ndw"}},{"type":"Feature","geometry":{"type":"Point","coordinates":[5.27082,52.08088]},"properties":{"type":"charge","layer":"passenger","locationId":"01d37d2a-d073-43b0-a2da-669e2d1acaa6","name":"PP001579 - Prinses Maximalaan 1, Zeist","address":"1 Prinses Maximalaan","city":"Zeist","operatorName":"TotalEnergies","maxPowerKw":11,"isMegawatt":false,"status":"AVAILABLE","source":"ndw"}},{"type":"Feature","geometry":{"type":"Point","coordinates":[5.222896,52.088337]},"properties":{"type":"charge","layer":"passenger","locationId":"E91DB68C-99FD-4FD6-8EB3-20A4F0B4BDBF","name":"TNLP007559 - Nijenheim 1231, Zeist","address":"1231 Nijenheim","city":"Zeist","operatorName":"TotalEnergies","maxPowerKw":17,"isMegawatt":false,"status":"AVAILABLE","source":"ndw"}},{"type":"Feature","geometry":{"type":"Point","coordinates":[5.229492,52.094128]},"properties":{"type":"charge","layer":"passenger","locationId":"78DA2CC8-BFBC-4C6F-AF8D-4A79426A4829","name":"Laadplein - TNLP015027 - Oude Arnhemseweg 303, Zeist","address":"303 Oude Arnhemseweg","city":"Zeist","operatorName":"TotalEnergies","maxPowerKw":15,"isMegawatt":false,"status":"AVAILABLE","source":"ndw"}},{"type":"Feature","geometry":{"type":"Point","coordinates":[5.2773,52.11404]},"properties":{"type":"charge","layer":"passenger","locationId":"C70002F6-53C6-4C74-91AC-C5BD5BD58D0D","name":"Laadplein - PP004343 - Zonnelaan 204, Huis ter Heide","address":"204 Zonnelaan","city":"Huis ter Heide","operatorName":"TotalEnergies","maxPowerKw":17,"isMegawatt":false,"status":"UNAVAILABLE","source":"ndw"}},{"type":"Feature","geometry":{"type":"Point","coordinates":[5.244681,52.100203]},"properties":{"type":"charge","layer":"passenger","locationId":"97cf964409f1a2983342053c5cc69c41","name":"Nepveulaan 53","address":"Nepveulaan 53","city":"Zeist","operatorName":"Vattenfall InCharge","maxPowerKw":11,"isMegawatt":false,"status":"AVAILABLE","source":"ndw","priceKwh":0.2805}},{"type":"Feature","geometry":{"type":"Point","coordinates":[5.278948,52.11495]},"properties":{"type":"charge","layer":"passenger","locationId":"2796B7C8-50D0-4CC3-ABCA-2F16B9535113","name":"TNLP007628 - Kometenlaan 102, Huis ter Heide","address":"102 Kometenlaan","city":"Huis ter Heide","operatorName":"TotalEnergies","maxPowerKw":17,"isMegawatt":false,"status":"AVAILABLE","source":"ndw"}},{"type":"Feature","geometry":{"type":"Point","coordinates":[5.217952,52.085026]},"properties":{"type":"charge","layer":"passenger","locationId":"8A130C4D-F14D-4711-A0FC-01469541F3B0","name":"TNLP008299 - Nijenheim 8019, Zeist","address":"8019 Nijenheim","city":"Zeist","operatorName":"TotalEnergies","maxPowerKw":13,"isMegawatt":false,"status":"AVAILABLE","source":"ndw"}},{"type":"Feature","geometry":{"type":"Point","coordinates":[5.243447,52.094637]},"properties":{"type":"charge","layer":"passenger","locationId":"413c429996514f33301d102249df9933","name":"Bergweg 86","address":"Bergweg 86","city":"Zeist","operatorName":"Vattenfall InCharge","maxPowerKw":11,"isMegawatt":false,"status":"AVAILABLE","source":"ndw","priceKwh":0.2805}},{"type":"Feature","geometry":{"type":"Point","coordinates":[5.272344,52.07895]},"properties":{"type":"charge","layer":"passenger","locationId":"55394257","name":"Streetplug Prinses Catharina Amalialaan 113, Zeist","address":"Prinses Catharina Amalialaan 113","city":"Zeist","operatorName":"Streetplug","maxPowerKw":9,"isMegawatt":false,"status":"AVAILABLE","source":"ndw"}},{"type":"Feature","geometry":{"type":"Point","coordinates":[5.242049,52.111688]},"properties":{"type":"charge","layer":"passenger","locationId":"60ad1eaa18b617454bf0e591","name":"Douglaslaan 21, Bosch en Duin","address":"Douglaslaan 21","city":"Bosch en Duin","operatorName":"E-Flux by Road","maxPowerKw":22,"isMegawatt":false,"status":"AVAILABLE","source":"ndw","priceKwh":0.28}},{"type":"Feature","geometry":{"type":"Point","coordinates":[5.272846,52.113482]},"properties":{"type":"charge","layer":"passenger","locationId":"81ad271af5e43cc7da202a866cc3c80a","name":"Evenaar 2","address":"Evenaar 2","city":"Huis Ter Heide","operatorName":"Vattenfall InCharge","maxPowerKw":11,"isMegawatt":false,"status":"AVAILABLE","source":"ndw","priceKwh":0.2805}},{"type":"Feature","geometry":{"type":"MultiPolygon","coordinates":[[[[5.2383596242746036,52.16777525108792],[5.239041138473208,52.16762280954821],[5.2431724698073,52.170076981348714],[5.249666186289253,52.158755954915414],[5.250994707375583,52.15634007363828],[5.254793723292914,52.14951633652394],[5.2563860458112,52.1441722163204],[5.256421621303732,52.144056315596],[5.255267040981744,52.13888556063464],[5.256183054239682,52.13637825551376],[5.264101489512795,52.1250803121389],[5.271935813239148,52.12704581980634],[5.274212776739274,52.12374042151384],[5.277146693538042,52.11945385991881],[5.277559807754134,52.11881919783418],[5.282212723719232,52.11208325630957],[5.290533388072204,52.11421291655793],[5.291802945078316,52.114538870063626],[5.294599207924281,52.11347425895429],[5.298965499790052,52.111800000550666],[5.306458375005827,52.110271768974265],[5.310919545927075,52.1083846963651],[5.32246213276577,52.10190123079748],[5.298300386352378,52.09644563887196],[5.326924640938323,52.086730072185524],[5.332250605805842,52.084163657744945],[5.332608228965326,52.078810102430985],[5.320422439433114,52.07032716277785],[5.2911525953600815,52.08635329315862],[5.266158206849705,52.07071479072847],[5.265362284453348,52.0702069870753],[5.259352848604999,52.06676622931354],[5.257522866457362,52.065490220124744],[5.256000584422897,52.06289325893617],[5.252121164745023,52.062026098036746],[5.247422639381348,52.05864666990405],[5.219130916025838,52.05975277212043],[5.218459748733193,52.06023876806279],[5.225021473228308,52.06492173848494],[5.200547583976129,52.0768120233603],[5.198936327024924,52.07631372249905],[5.195154400778704,52.07734612010275],[5.192751476116649,52.08607624312723],[5.205524042215516,52.08489542530675],[5.206714452832371,52.0862703656859],[5.2055166261005485,52.08682937522187],[5.20722920754261,52.086439130375695],[5.2105870680174355,52.09031427475521],[5.2095903342840195,52.09148265957741],[5.208608183966195,52.09361875156125],[5.212318426870619,52.09700326045949],[5.212726635884143,52.09767418503237],[5.211406591017052,52.098310406219994],[5.211981118875063,52.09887955849559],[5.210809886933761,52.100721099116534],[5.215644156157341,52.102024021042524],[5.22232835452407,52.10389316591334],[5.220895892917766,52.106009715656356],[5.218218673431054,52.11367261764913],[5.230929922234691,52.11678892248145],[5.230231642909624,52.12262465453413],[5.228998288564387,52.1316553497961],[5.229573642177403,52.13458646384906],[5.229460545196414,52.13557035337123],[5.229298833120329,52.13663238446778],[5.229284828706641,52.13673042550372],[5.2268832958147815,52.15299168953207],[5.226702336201707,52.15416358693369],[5.224998607395888,52.16570011635646],[5.236315603264589,52.1674587853018],[5.235985233844587,52.171099892733615],[5.237900557131158,52.17125147794284],[5.2383596242746036,52.16777525108792]]]]},"properties":{"type":"boundary","gemeente":"Zeist","code":"GM0355"}}]}